signal_id,ehtimollik
SG_000001,0.13537955360141699
SG_000007,0.18392382336512925
SG_000009,0.10222527188979828
SG_000010,0.1484671728406427
SG_000011,0.14213814213834594
SG_000018,0.23621420814697155
SG_000024,0.23078290657582376
SG_000026,0.1563907186105362
SG_000032,0.18439956331877097
SG_000033,0.24301393568900206
SG_000034,0.08828834185962149
SG_000036,0.15123994065198249
SG_000039,0.10848718755907803
SG_000048,0.10279115567283499
SG_000049,0.14522231039509878
SG_000050,0.27499690326483284
SG_000053,0.0997175038905102
SG_000054,0.1825378018007906
SG_000055,0.14913071393317429
SG_000058,0.16103833330234227
SG_000059,0.12699636014914603
SG_000061,0.13877072993040043
SG_000062,0.26349878432787166
SG_000072,0.13404059372051316
SG_000073,0.13351765481690595
SG_000075,0.1308430066020051
SG_000080,0.2308991021502811
SG_000081,0.13815661695332088
SG_000083,0.10125410810866932
SG_000086,0.10276682439637136
SG_000087,0.2028961122438282
SG_000092,0.1879549246801965
SG_000099,0.1743431813341174
SG_000100,0.14411074854543993
SG_000105,0.13611200290387457
SG_000106,0.2026234188598793
SG_000107,0.04712455126600363
SG_000118,0.1842395220508816
SG_000120,0.12028459537262676
SG_000125,0.17346723794867477
SG_000129,0.12245986375251294
SG_000137,0.1149799259805432
SG_000146,0.1164833107212805
SG_000147,0.26785974198966905
SG_000149,0.1944246022133262
SG_000153,0.212555303060679
SG_000161,0.12732329229565412
SG_000163,0.15301712535561451
SG_000165,0.23317969837760738
SG_000173,0.08794144918237412
SG_000178,0.13395123781780427
SG_000179,0.1113624958339796
SG_000187,0.4486265735661198
SG_000192,0.07832216119938472
SG_000193,0.14493162449071964
SG_000195,0.20183646539102357
SG_000196,0.31878340555311613
SG_000201,0.09700957416914367
SG_000203,0.12708125699647846
SG_000205,0.3009044754410554
SG_000207,0.2003748228987002
SG_000211,0.18784774467227844
SG_000214,0.1074567694560165
SG_000217,0.0947408204067655
SG_000218,0.36544855974821255
SG_000219,0.21220969029195175
SG_000227,0.09914086435392545
SG_000229,0.08903043641200616
SG_000232,0.21114230978523899
SG_000240,0.06730770809760117
SG_000242,0.29586386700195755
SG_000244,0.12997764332121636
SG_000246,0.12287562890614256
SG_000250,0.1113138491581993
SG_000253,0.20235795388543706
SG_000262,0.14657006194839656
SG_000269,0.28127048276536404
SG_000270,0.1519152537294482
SG_000271,0.28673150678458953
SG_000284,0.254136112088644
SG_000286,0.19047670502186415
SG_000287,0.1404864293130595
SG_000290,0.3085199962682739
SG_000291,0.22404550017075517
SG_000301,0.145124464741094
SG_000302,0.19217617863705008
SG_000304,0.08448929354600425
SG_000306,0.2265493443147371
SG_000309,0.10750030320654218
SG_000314,0.17714853202685868
SG_000319,0.3121087615460538
SG_000320,0.11628773674864461
SG_000321,0.13627825420653317
SG_000325,0.2413040726310204
SG_000328,0.08335655598064731
SG_000329,0.09656640899598504
SG_000333,0.10919144165786662
SG_000334,0.19411087024181842
SG_000335,0.19200024381352596
SG_000339,0.07866548236965153
SG_000341,0.09866475454898226
SG_000345,0.26159257845392225
SG_000347,0.12306303363970121
SG_000349,0.16400408765636487
SG_000350,0.1703025125030402
SG_000351,0.05594048541977512
SG_000357,0.1256254589141686
SG_000360,0.24806124550281933
SG_000366,0.31019229058880776
SG_000368,0.18424331062536892
SG_000370,0.16737027720912007
SG_000378,0.1345528797825988
SG_000386,0.17893586813392137
SG_000394,0.1256729121220306
SG_000395,0.06458450294862886
SG_000397,0.2637542962497763
SG_000398,0.0981870352387805
SG_000401,0.16728936102798556
SG_000402,0.10583634710086029
SG_000414,0.28936481944127457
SG_000415,0.19305880564475147
SG_000419,0.31270746909163244
SG_000420,0.16999479523271852
SG_000422,0.3241666563519403
SG_000425,0.2331779816580441
SG_000430,0.062372242053672075
SG_000431,0.08136065531062414
SG_000435,0.06333541456071684
SG_000436,0.09214688933192276
SG_000440,0.2641233371580348
SG_000444,0.08313807394845785
SG_000450,0.14829318416099938
SG_000452,0.13403504644278041
SG_000454,0.23603866830222872
SG_000460,0.12878830835338181
SG_000462,0.10833748696711586
SG_000471,0.19367918622315786
SG_000474,0.24320023394352616
SG_000475,0.17750945102213572
SG_000476,0.1778123864115415
SG_000480,0.20183131221953238
SG_000482,0.2839208621616506
SG_000484,0.28528971056112623
SG_000487,0.15938180850729478
SG_000488,0.19228367322044115
SG_000494,0.27160977496196026
SG_000496,0.15413815810807632
SG_000497,0.0904071131808838
SG_000498,0.14133362691193976
SG_000501,0.2767140741077626
SG_000506,0.3098946525615163
SG_000511,0.152729371019554
SG_000513,0.1119602954921343
SG_000524,0.09107318766172853
SG_000526,0.22196933601717486
SG_000527,0.10445900401501357
SG_000530,0.1431567068916388
SG_000535,0.13999254826635693
SG_000536,0.13190991693068116
SG_000551,0.21786266886668623
SG_000561,0.27610169055666733
SG_000563,0.41310281413809585
SG_000567,0.28274674987110565
SG_000572,0.21448373143191465
SG_000580,0.1863284856571996
SG_000583,0.14110079130868167
SG_000585,0.3073002256612281
SG_000588,0.12527735400999873
SG_000591,0.24985792868672743
SG_000593,0.1286691239392065
SG_000594,0.2836692740852318
SG_000598,0.13684101227733236
SG_000603,0.2286943639202885
SG_000610,0.09903569574828407
SG_000614,0.21023895105218493
SG_000615,0.14830345610045312
SG_000616,0.05228623184963443
SG_000617,0.07130245857365902
SG_000619,0.13399253148011256
SG_000621,0.263463798115176
SG_000629,0.25939236073832284
SG_000633,0.13318557889261293
SG_000634,0.260435917284282
SG_000638,0.12553585519854227
SG_000640,0.14350676266590154
SG_000643,0.2253856272080684
SG_000646,0.27278351939949724
SG_000648,0.07378328934001661
SG_000657,0.13608391114493606
SG_000662,0.15937272245634662
SG_000665,0.10765269784980709
SG_000666,0.2157919798956746
SG_000672,0.10054058839801144
SG_000674,0.14144589110170244
SG_000677,0.10014105551323552
SG_000678,0.2864612737957315
SG_000679,0.09079266742874102
SG_000691,0.172862591086043
SG_000692,0.08901935441521205
SG_000693,0.3572554946448788
SG_000695,0.30019848303309526
SG_000696,0.08990944085434305
SG_000698,0.10030530198459701
SG_000706,0.13213561684771447
SG_000709,0.12700447747969104
SG_000713,0.13184300481857553
SG_000716,0.17629044292782647
SG_000717,0.0915548087433391
SG_000719,0.19647562794260442
SG_000722,0.23282901017214622
SG_000727,0.14483397392786662
SG_000734,0.12238227230746435
SG_000737,0.12723671502897146
SG_000739,0.10730396230189292
SG_000742,0.23575588862041644
SG_000743,0.20969682937480094
SG_000750,0.11094279087442935
SG_000751,0.21722871216595943
SG_000759,0.29147845052625215
SG_000762,0.15706171104020022
SG_000764,0.15105338780817779
SG_000768,0.08306630475685658
SG_000769,0.14926653341066098
SG_000770,0.17048993668758014
SG_000788,0.29043975271553285
SG_000790,0.10804504895496636
SG_000797,0.14285808705815323
SG_000798,0.09259693419746352
SG_000799,0.17124089712421897
SG_000802,0.23665943360598007
SG_000803,0.38460204732436354
SG_000809,0.22885950016207637
SG_000811,0.2920480202768305
SG_000812,0.2430042730715873
SG_000816,0.2867098036771991
SG_000817,0.1654086412883713
SG_000820,0.09816314547062499
SG_000821,0.10854662112448357
SG_000826,0.13768584389643107
SG_000840,0.1720518503345444
SG_000849,0.2071148927471694
SG_000851,0.12036065148061212
SG_000856,0.09124559357748231
SG_000857,0.3630658373546358
SG_000864,0.07124833084442132
SG_000865,0.08194557684663749
SG_000875,0.1753772567467087
SG_000883,0.1567285331123405
SG_000888,0.21202059738470644
SG_000889,0.1790438195047035
SG_000890,0.22697980035910445
SG_000891,0.11639421150877267
SG_000903,0.1379459155862662
SG_000907,0.2152358376592471
SG_000909,0.06941286479321317
SG_000910,0.16976648841583838
SG_000911,0.29272865489873584
SG_000912,0.13932120352946997
SG_000913,0.21377085964206358
SG_000917,0.2544053157857276
SG_000920,0.1672074493155978
SG_000928,0.06027441099657879
SG_000934,0.07907555933055757
SG_000935,0.28823749089788087
SG_000938,0.24890989193232055
SG_000940,0.07357121297277457
SG_000943,0.17348482155904182
SG_000945,0.14017934661056788
SG_000946,0.19613282910689064
SG_000948,0.10721693116649347
SG_000950,0.2098904441802183
SG_000954,0.2018091771253312
SG_000959,0.19562971212472552
SG_000963,0.25660763328888314
SG_000965,0.11460514759347383
SG_000968,0.25269914391523973
SG_000970,0.24140847857304001
SG_000973,0.09286898578189802
SG_000975,0.11680429676118387
SG_000977,0.07894736549625334
SG_000980,0.27149551099727387
SG_000981,0.17317922279435263
SG_000985,0.17257046873067833
SG_000987,0.28671168713697587
SG_000988,0.12678415825896241
SG_000990,0.2522459440446402
SG_000991,0.2625499339225535
SG_001002,0.24084840419732315
SG_001004,0.3014427999273033
SG_001009,0.10890829829267067
SG_001010,0.08076785771221577
SG_001014,0.13900125625275658
SG_001023,0.26223760192331996
SG_001027,0.07105963389952161
SG_001028,0.2905598193271583
SG_001030,0.15411035295969733
SG_001031,0.1367694033225169
SG_001032,0.14815786942504047
SG_001042,0.18096877179124166
SG_001048,0.05290213944399889
SG_001049,0.0885136131273855
SG_001052,0.11625413080259853
SG_001058,0.12660667943009746
SG_001060,0.1359946002164885
SG_001066,0.30043595679599466
SG_001067,0.15083736049064855
SG_001070,0.15221280169114865
SG_001071,0.1396992859991476
SG_001075,0.05919657482089665
SG_001076,0.2676659979439874
SG_001078,0.08189871523691614
SG_001081,0.16468443433559765
SG_001085,0.17870403883717648
SG_001086,0.12058769612110722
SG_001100,0.10975001686325016
SG_001101,0.07614065306831624
SG_001102,0.19053936166454785
SG_001106,0.14802322119384762
SG_001107,0.05798218638704563
SG_001108,0.17929704642041008
SG_001109,0.14269871913610666
SG_001111,0.23433645717064017
SG_001117,0.330901094966656
SG_001121,0.1973120876235043
SG_001123,0.25332062285073786
SG_001125,0.2600322914448352
SG_001126,0.31711247714932667
SG_001128,0.0992264416621376
SG_001133,0.09288531548700239
SG_001135,0.24160887584817525
SG_001143,0.41822602257430436
SG_001153,0.05918339051719788
SG_001155,0.23548968071508228
SG_001157,0.21668605503943647
SG_001159,0.23718754261784203
SG_001161,0.2527189641933676
SG_001163,0.16559799107380338
SG_001167,0.3254308982075281
SG_001180,0.08327788319829312
SG_001181,0.30565637359324954
SG_001182,0.18461102728006185
SG_001184,0.17321372851645472
SG_001188,0.09057566515164403
SG_001190,0.2576533382945609
SG_001192,0.17563195864003142
SG_001196,0.2917450152103596
SG_001201,0.19961298798458682
SG_001202,0.10423133697886332
SG_001203,0.17204009639621906
SG_001205,0.12383174110818893
SG_001208,0.23239959827651324
SG_001210,0.2673898738958259
SG_001211,0.1493980045084324
SG_001213,0.2041909582209423
SG_001215,0.2507475255644613
SG_001217,0.23079352449188428
SG_001225,0.187504588725759
SG_001226,0.2792741177737075
SG_001229,0.2481127879507881
SG_001230,0.12594864359558536
SG_001236,0.14765169561629196
SG_001237,0.060787903929321534
SG_001243,0.19021782243652804
SG_001245,0.15635943172066713
SG_001248,0.06539744128817682
SG_001252,0.1008930553341301
SG_001255,0.3742048909949732
SG_001257,0.24242010634186234
SG_001262,0.1514033307351867
SG_001264,0.11472618802645045
SG_001267,0.1372571661482555
SG_001279,0.04849352644241859
SG_001285,0.13287172731309319
SG_001287,0.10137466567476394
SG_001293,0.2321538084954867
SG_001296,0.23404752895017467
SG_001298,0.10488294127615716
SG_001303,0.13075861147199253
SG_001305,0.09999312352258256
SG_001306,0.23016320540169946
SG_001309,0.131730705786634
SG_001312,0.10379541895015416
SG_001313,0.24517636298591516
SG_001314,0.1143515332072969
SG_001316,0.13126739909623195
SG_001318,0.09000458542759149
SG_001319,0.24348011944261572
SG_001321,0.2915325234664818
SG_001322,0.14595825193040068
SG_001327,0.123809025583711
SG_001331,0.11526111940683816
SG_001335,0.1352781504560882
SG_001336,0.17112973526669598
SG_001349,0.20307197962685192
SG_001350,0.16008930173939
SG_001352,0.15669254177834058
SG_001354,0.10442832627114862
SG_001361,0.12230030078917807
SG_001362,0.1764869174386208
SG_001364,0.11620615897367732
SG_001374,0.31666852960453723
SG_001389,0.11546987244906395
SG_001390,0.11628420561158039
SG_001395,0.3273527062907814
SG_001397,0.11880694426121353
SG_001401,0.14959390219915245
SG_001402,0.1335963163392619
SG_001405,0.09068989915938411
SG_001412,0.31149422290101186
SG_001415,0.1371122867091429
SG_001419,0.0956157777837442
SG_001421,0.17093920356728648
SG_001423,0.15624898374828922
SG_001432,0.13684410823262017
SG_001433,0.09657452335396444
SG_001441,0.1987432916047683
SG_001446,0.1436106253275289
SG_001447,0.11825769443529771
SG_001448,0.07078082389830262
SG_001453,0.06247409828674693
SG_001458,0.12174658159752372
SG_001465,0.19828994636292654
SG_001469,0.19749474202215786
SG_001470,0.1578300576211483
SG_001472,0.2411461876931035
SG_001476,0.18155422626469034
SG_001478,0.2790428292400421
SG_001480,0.28394122306956804
SG_001484,0.06839117582960422
SG_001487,0.3080356044177007
SG_001493,0.3114569862998139
SG_001494,0.2698303216119201
SG_001500,0.17008224419621265
SG_001505,0.16023594310053785
SG_001506,0.26720023439278057
SG_001510,0.09229082223389144
SG_001514,0.1944491291174022
SG_001520,0.241812694128585
SG_001525,0.2934730739232032
SG_001527,0.16801029642395224
SG_001528,0.12832374053267753
SG_001529,0.07872302151828409
SG_001531,0.21268939136728937
SG_001541,0.27822859596393307
SG_001542,0.23752248988797828
SG_001543,0.2832318526033338
SG_001545,0.15147270304278987
SG_001549,0.15735716183205106
SG_001557,0.11771081450081723
SG_001558,0.2213330927515878
SG_001561,0.1250375573951595
SG_001562,0.08583040498539318
SG_001563,0.17254662460768516
SG_001567,0.09456807533325644
SG_001568,0.13213252328155387
SG_001569,0.13454152468755698
SG_001570,0.15480016262897162
SG_001571,0.2241713111616071
SG_001572,0.17478710930685742
SG_001573,0.08612402309024504
SG_001576,0.14469625932689087
SG_001584,0.0992536194163975
SG_001590,0.17346971658436905
SG_001591,0.16266331477448223
SG_001592,0.0898140383832518
SG_001595,0.11213455934238865
SG_001601,0.27783074254639784
SG_001604,0.21970337459393768
SG_001609,0.1880822442745202
SG_001610,0.21903053135307252
SG_001612,0.10555097496167566
SG_001613,0.3424615762301763
SG_001615,0.12369368767248994
SG_001623,0.172539132917978
SG_001624,0.10120568187933551
SG_001631,0.12957952055811092
SG_001634,0.2368029652157352
SG_001636,0.3400824180389874
SG_001638,0.2546949029215929
SG_001647,0.19205858131017323
SG_001650,0.2385429695697181
SG_001653,0.24247292543925741
SG_001654,0.28763785160763106
SG_001658,0.20829765316852053
SG_001663,0.22804766264195295
SG_001667,0.09921731493802367
SG_001668,0.12577567764262695
SG_001670,0.020470422538233116
SG_001683,0.104738698185498
SG_001686,0.17510406343231208
SG_001688,0.21143557041528704
SG_001689,0.09997730669885357
SG_001698,0.34011984949489416
SG_001704,0.1650724435629437
SG_001711,0.183929964335078
SG_001719,0.07799227550394541
SG_001720,0.09196194498539635
SG_001723,0.17258926778318945
SG_001726,0.20986184702149097
SG_001728,0.1452196019903308
SG_001731,0.10630811497747561
SG_001733,0.24628909570149
SG_001734,0.09343081742919529
SG_001735,0.1849502493912525
SG_001737,0.3049626506404834
SG_001738,0.26510283698759524
SG_001739,0.15099945465414058
SG_001740,0.14288385450457253
SG_001744,0.17266510063806817
SG_001745,0.20953334846449986
SG_001750,0.1287232899120662
SG_001751,0.14747776861525824
SG_001761,0.22924870727568025
SG_001767,0.08319099602729584
SG_001768,0.27305290175866404
SG_001769,0.11016026949277198
SG_001776,0.2652598929591228
SG_001786,0.031989005782501946
SG_001788,0.12155568483242057
SG_001789,0.2560509622117517
SG_001790,0.09753973829116068
SG_001791,0.15267457857278188
SG_001792,0.1493061313035417
SG_001793,0.14038727184454322
SG_001796,0.14475021303133517
SG_001797,0.09810684368347704
SG_001803,0.17421134240642286
SG_001804,0.10437900650604817
SG_001806,0.14216298724087661
SG_001811,0.14738285914022936
SG_001815,0.2656516274298292
SG_001819,0.16032384861134566
SG_001824,0.11644236122824254
SG_001825,0.16446050249728147
SG_001827,0.15071946448589643
SG_001830,0.22949286571535912
SG_001831,0.10822370238015643
SG_001833,0.260182070649493
SG_001836,0.12768487418607558
SG_001844,0.23272889029087224
SG_001846,0.0994222598375703
SG_001847,0.22423612627301992
SG_001848,0.2595172251841028
SG_001849,0.29726187056336006
SG_001851,0.07720393089730987
SG_001858,0.11735803500369467
SG_001860,0.10039850603823088
SG_001862,0.2292428397877532
SG_001864,0.12446971286461532
SG_001865,0.2878904881089701
SG_001867,0.2445273037251924
SG_001872,0.05838077885046375
SG_001876,0.14036965799540677
SG_001877,0.27694585834604
SG_001883,0.15102253700885088
SG_001884,0.14415726124463818
SG_001885,0.1092946514185136
SG_001886,0.28343279856950393
SG_001888,0.09123171780501671
SG_001890,0.1398557952780403
SG_001892,0.1826149824198229
SG_001893,0.2642996428177898
SG_001894,0.2195794211444023
SG_001895,0.2597562495535757
SG_001897,0.1401879159682067
SG_001901,0.12336296617214366
SG_001903,0.17304913555069135
SG_001904,0.1084732710060716
SG_001906,0.14765238481356296
SG_001909,0.15366671422844633
SG_001912,0.1410912968892989
SG_001914,0.09367094678265946
SG_001915,0.11518224406638317
SG_001919,0.20454599501329507
SG_001924,0.15239055430743187
SG_001925,0.07863742617145482
SG_001928,0.22532071174656373
SG_001930,0.1100697336370927
SG_001932,0.1602204088835785
SG_001933,0.14038336850958041
SG_001934,0.049345945786010995
SG_001936,0.08837675623039475
SG_001947,0.12608424379739566
SG_001953,0.27911294910824197
SG_001954,0.11628125513528362
SG_001955,0.27437429091971777
SG_001963,0.18058207372568083
SG_001971,0.40806865526618874
SG_001975,0.13841245266326574
SG_001976,0.15404677652271387
SG_001977,0.23422108274233772
SG_001980,0.10036660977902812
SG_001981,0.08535371923582119
SG_001982,0.22605608625534465
SG_001990,0.1424832229983193
SG_001999,0.12354446946048718
SG_002000,0.21241778758359686
SG_002002,0.31439957939115953
SG_002004,0.19813830228320004
SG_002008,0.2715334565641817
SG_002009,0.15344996150119794
SG_002016,0.2624305469394062
SG_002021,0.15871446793726462
SG_002024,0.16163004253508292
SG_002027,0.2925166220898136
SG_002037,0.2451349904414601
SG_002038,0.15197995277528037
SG_002039,0.21275843688265458
SG_002044,0.2413072149249726
SG_002045,0.10690789413539435
SG_002048,0.057801819442173975
SG_002050,0.2498676446499297
SG_002052,0.14096609740935864
SG_002063,0.17132151453520378
SG_002067,0.2738741819277724
SG_002068,0.15322530827853612
SG_002069,0.09299785106261413
SG_002074,0.10346048633725738
SG_002075,0.14164901950823366
SG_002078,0.13791559578895468
SG_002081,0.10961208937040513
SG_002090,0.25161789568551013
SG_002097,0.23049195679477588
SG_002103,0.12625127165574085
SG_002105,0.24931270493159222
SG_002110,0.10934364930538126
SG_002122,0.18304229170882513
SG_002123,0.17336237905897306
SG_002125,0.2870946403453495
SG_002129,0.2561398953596828
SG_002131,0.22096831410757498
SG_002137,0.1984736495778405
SG_002142,0.23834077734501727
SG_002150,0.19729666479845037
SG_002151,0.20545008959471264
SG_002152,0.1534326904753533
SG_002166,0.10785447822422987
SG_002171,0.1937734655820773
SG_002172,0.14946839265239764
SG_002176,0.13748160831064915
SG_002177,0.21196442717826916
SG_002181,0.26797656411543114
SG_002184,0.14129451558533418
SG_002185,0.3248846787129559
SG_002186,0.08319389637113121
SG_002191,0.11617094977555939
SG_002192,0.18748217882152451
SG_002194,0.1743466953416849
SG_002200,0.13493259180055295
SG_002209,0.23399592937808072
SG_002213,0.10903529633776508
SG_002220,0.18011898645368205
SG_002223,0.12992101060471556
SG_002227,0.08183935791001012
SG_002228,0.12387350755746136
SG_002233,0.19329411359625237
SG_002241,0.2186033942018968
SG_002248,0.2470865008424042
SG_002251,0.33813854865616644
SG_002252,0.1391353550918925
SG_002254,0.23679736064280962
SG_002255,0.17224507333992922
SG_002260,0.32308883644916686
SG_002262,0.13262889445786322
SG_002263,0.08776415426975755
SG_002266,0.12795293906490324
SG_002270,0.12847466533997615
SG_002277,0.10329715243869947
SG_002278,0.08801070095005019
SG_002280,0.127396183939424
SG_002281,0.2289380076874861
SG_002283,0.17182615662760983
SG_002284,0.3499355780854681
SG_002286,0.19244887781343264
SG_002288,0.14762807568166827
SG_002291,0.2023903442144407
SG_002292,0.1425045540064904
SG_002294,0.12830013529231818
SG_002296,0.18513652873994457
SG_002298,0.12911427740635345
SG_002301,0.0987413890841186
SG_002304,0.2485256578501118
SG_002311,0.14079517682268816
SG_002319,0.22277707783922146
SG_002320,0.14051083963523991
SG_002322,0.19812184488742624
SG_002324,0.18291481026625261
SG_002328,0.16321680532392668
SG_002332,0.12479558612737639
SG_002341,0.30250889033552936
SG_002346,0.13853389424727616
SG_002347,0.21378154701448282
SG_002352,0.11633425652012241
SG_002357,0.22279933589513012
SG_002361,0.1365008907527973
SG_002370,0.0893142369145798
SG_002371,0.2281814519770612
SG_002372,0.07113476172591351
SG_002373,0.10362083587101097
SG_002374,0.09805728196434502
SG_002375,0.1418100560884523
SG_002381,0.11319417680833013
SG_002385,0.06695158824970295
SG_002387,0.1466118247533616
SG_002390,0.28369161958296796
SG_002391,0.07966163420433368
SG_002392,0.06757586811619663
SG_002394,0.18860852126353603
SG_002396,0.1466921636051644
SG_002401,0.15153611529707553
SG_002402,0.1020481847440341
SG_002404,0.19385905311274543
SG_002407,0.12798326528327553
SG_002410,0.15951348375827487
SG_002419,0.22609132215775385
SG_002421,0.1976764227970993
SG_002422,0.11967077354024463
SG_002423,0.31102772850208543
SG_002429,0.12895986638017068
SG_002430,0.23499642360410575
SG_002434,0.24917902192242483
SG_002437,0.14566646182829404
SG_002442,0.17906307412122552
SG_002444,0.08971345990874101
SG_002447,0.1228851868108816
SG_002448,0.102539805620521
SG_002450,0.35552349112502024
SG_002453,0.12978187437641997
SG_002454,0.16524644190933033
SG_002455,0.19476104742849573
SG_002456,0.2456344590067061
SG_002458,0.1077460381806457
SG_002459,0.18962808305468987
SG_002460,0.21891576202266955
SG_002462,0.09653483802688538
SG_002464,0.16647562116624046
SG_002466,0.1766564024167631
SG_002475,0.17510685885045837
SG_002477,0.1519565087402429
SG_002479,0.24542375353440218
SG_002482,0.16263370306730418
SG_002483,0.25184373504583046
SG_002486,0.130660711891306
SG_002490,0.21976348433578724
SG_002493,0.09699757746678106
SG_002495,0.24705349103699417
SG_002498,0.09905321706761264
SG_002500,0.22652266297761942
SG_002502,0.13393198317666116
SG_002507,0.2190827819841384
SG_002509,0.14921613344228524
SG_002517,0.2019528121308404
SG_002520,0.15936994728087325
SG_002522,0.11239688512595368
SG_002526,0.10277823322642186
SG_002529,0.11202297926604689
SG_002532,0.07790988065026408
SG_002539,0.13022365011417125
SG_002541,0.0786967423791463
SG_002544,0.09223175823343649
SG_002545,0.18211331569871242
SG_002546,0.2528816745884347
SG_002548,0.27833899916103955
SG_002555,0.17602911672789529
SG_002559,0.12473656054637279
SG_002568,0.06519698605210217
SG_002572,0.2704744087034194
SG_002573,0.09879824454714073
SG_002577,0.11370125845645478
SG_002580,0.1718395805457204
SG_002583,0.16573447962342186
SG_002586,0.10341298661799864
SG_002587,0.19143932774813727
SG_002588,0.07955511446962087
SG_002594,0.08666951016901217
SG_002596,0.10202311771596734
SG_002597,0.0868926171329013
SG_002599,0.17188575211862453
SG_002600,0.25599261743822893
SG_002601,0.04634121670797134
SG_002605,0.15759118707103795
SG_002613,0.142472594893263
SG_002615,0.20358948757931009
SG_002618,0.059542884663092946
SG_002622,0.1424478740224274
SG_002627,0.14076789658166314
SG_002628,0.10040844378168472
SG_002630,0.055756067871931395
SG_002633,0.27521369131067275
SG_002638,0.10122336296334485
SG_002649,0.19451184336882907
SG_002650,0.16916277873918623
SG_002652,0.14244646837728778
SG_002653,0.11291673525821393
SG_002654,0.11297165986571789
SG_002657,0.14607317287161475
SG_002664,0.20271391748441178
SG_002665,0.07503050734249711
SG_002666,0.16146602437693205
SG_002667,0.19198722303545748
SG_002672,0.1669700509750802
SG_002673,0.1692500684697927
SG_002674,0.19240310038568478
SG_002675,0.13360768613755858
SG_002680,0.28509253685464697
SG_002684,0.1973456677569787
SG_002688,0.27210253969646475
SG_002689,0.11476456840908593
SG_002691,0.14505079438369578
SG_002693,0.2883349044373713
SG_002699,0.10502728306839425
SG_002701,0.1987373512283543
SG_002705,0.2567974355803732
SG_002720,0.08069539767164198
SG_002731,0.15740683056362006
SG_002733,0.11747738874174522
SG_002735,0.12385129784486454
SG_002736,0.34000453526259267
SG_002738,0.09659495550318274
SG_002742,0.2819702565859405
SG_002746,0.14088687285724377
SG_002748,0.06203361490446243
SG_002752,0.0860738671165529
SG_002755,0.1047943917656838
SG_002757,0.10417643666240123
SG_002759,0.1518001540195545
SG_002767,0.15341746158555217
SG_002770,0.24613382863078928
SG_002773,0.299105883166987
SG_002777,0.26697464741842974
SG_002782,0.0809731850891841
SG_002783,0.12676631984153638
SG_002785,0.09612600426916672
SG_002788,0.15908255117926504
SG_002789,0.17634057821514218
SG_002793,0.16118382240475596
SG_002796,0.12807677618659125
SG_002798,0.15310842051188345
SG_002809,0.2480507564951447
SG_002814,0.19402129468200763
SG_002820,0.12277291069917795
SG_002825,0.273386748900893
SG_002827,0.202932595508174
SG_002829,0.14258089652872485
SG_002832,0.31478089361102973
SG_002834,0.09346244917270252
SG_002840,0.21169131575548866
SG_002842,0.11352413675485204
SG_002843,0.15162900488189301
SG_002849,0.2512116095468452
SG_002850,0.10001263330957288
SG_002853,0.17731137205164152
SG_002875,0.3598292173116761
SG_002882,0.2788643352612041
SG_002887,0.3083788456404037
SG_002891,0.16871426501708148
SG_002896,0.15986340787047393
SG_002904,0.16571933084120224
SG_002906,0.3095455670542917
SG_002907,0.1692717795003303
SG_002910,0.2890403580660023
SG_002918,0.15918958149439272
SG_002926,0.091202698115362
SG_002930,0.15848734496827344
SG_002932,0.0792123998214775
SG_002937,0.1965974197220908
SG_002939,0.13249832183711743
SG_002943,0.07398526927478793
SG_002944,0.13170256120905455
SG_002947,0.11981867566103012
SG_002949,0.1461693288550072
SG_002950,0.07738890413789715
SG_002952,0.12347437258116173
SG_002954,0.16490905540584758
SG_002955,0.28985717721985205
SG_002958,0.24353666750989694
SG_002960,0.26011262066188584
SG_002964,0.2450869952729124
SG_002967,0.16266484033462514
SG_002972,0.30874995891314316
SG_002982,0.3047334262585108
SG_002985,0.30192027153964074
SG_002989,0.16759131771627367
SG_002999,0.11205610129150945
SG_003002,0.16880693809944208
SG_003008,0.14787986578669113
SG_003023,0.0915668133593099
SG_003024,0.11851469579522922
SG_003026,0.2523365100194666
SG_003028,0.2394508726574483
SG_003030,0.2220058960610823
SG_003031,0.15044912353447115
SG_003037,0.12355557181111415
SG_003042,0.18521060575444614
SG_003043,0.0929804402829385
SG_003044,0.311375040778032
SG_003045,0.12149623027721038
SG_003048,0.1508740163989684
SG_003049,0.12555015607545225
SG_003051,0.08878948630967212
SG_003052,0.1587618071920137
SG_003059,0.2945899603852357
SG_003062,0.12706158550865887
SG_003065,0.11531958599279125
SG_003067,0.0814508982692027
SG_003071,0.12359179381141291
SG_003072,0.1804738558312942
SG_003073,0.13998283897022287
SG_003075,0.14620032358631044
SG_003080,0.1226016332469828
SG_003082,0.25211413079871137
SG_003084,0.31755013932774406
SG_003085,0.1094085244825332
SG_003088,0.13545793242076834
SG_003089,0.18830863494145353
SG_003096,0.09712935108084908
SG_003097,0.24558990640064568
SG_003102,0.12126364668402159
SG_003105,0.20371666857128956
SG_003107,0.06455950045712706
SG_003111,0.1500383392014452
SG_003116,0.23204597942013375
SG_003118,0.04884048083145688
SG_003125,0.04581151451737767
SG_003127,0.10064711447244075
SG_003133,0.2402966207261576
SG_003135,0.18117379254259158
SG_003137,0.18403612434214137
SG_003138,0.14346777310870854
SG_003139,0.3059461902597726
SG_003141,0.30922142460146973
SG_003144,0.2349963397178354
SG_003151,0.21460018034499123
SG_003154,0.23810747902982426
SG_003158,0.3296668008717953
SG_003160,0.0890905344170672
SG_003164,0.2820052980813597
SG_003168,0.0825249798449416
SG_003169,0.09102924582400834
SG_003174,0.02350133605306421
SG_003179,0.3316668993576731
SG_003184,0.14971236608579336
SG_003186,0.06896249256429822
SG_003193,0.21955839550530554
SG_003196,0.10323320969746427
SG_003198,0.2605818106660756
SG_003201,0.34320179063481826
SG_003204,0.26115535587594035
SG_003205,0.20553300674320926
SG_003206,0.1482784019058102
SG_003211,0.18358064340506208
SG_003214,0.35058151183746733
SG_003215,0.10593774952402761
SG_003216,0.18663398399290276
SG_003217,0.1585490517063701
SG_003219,0.21855078011640625
SG_003226,0.16568966237097435
SG_003227,0.28350974520551986
SG_003230,0.2205680705469979
SG_003231,0.18640366946082587
SG_003232,0.08742803232939228
SG_003234,0.07604341931262622
SG_003239,0.1468298098077716
SG_003241,0.164172174292296
SG_003243,0.08920664060697148
SG_003250,0.10077238002809444
SG_003253,0.2239510443335405
SG_003256,0.1394222325802871
SG_003259,0.10936722375009503
SG_003266,0.29774213485664863
SG_003272,0.2831937838306942
SG_003273,0.13962332913725872
SG_003281,0.09027018155683554
SG_003284,0.2063957787312257
SG_003288,0.06724359246818486
SG_003293,0.08830051873877609
SG_003294,0.1561425038972644
SG_003295,0.22750404180637696
SG_003296,0.09247548728074458
SG_003301,0.230152012525269
SG_003304,0.11371512961994616
SG_003305,0.23575041994016083
SG_003307,0.17859222914141545
SG_003310,0.15413578426573343
SG_003314,0.13904025081188162
SG_003321,0.13093919396801598
SG_003325,0.13789511158307902
SG_003328,0.24601541128360335
SG_003331,0.21316616728600857
SG_003332,0.258829255214126
SG_003333,0.2064433273676792
SG_003340,0.15763732549289716
SG_003341,0.2765956078698205
SG_003342,0.16463802322750293
SG_003349,0.14928677045164132
SG_003355,0.1435617587811799
SG_003357,0.2774127656076351
SG_003361,0.0747726545432738
SG_003370,0.2892809666969524
SG_003371,0.22206079301774728
SG_003373,0.2560381552018823
SG_003374,0.22981560761503414
SG_003379,0.12006828514641336
SG_003388,0.10767549972602931
SG_003389,0.2213417606489382
SG_003390,0.048463760367770455
SG_003391,0.21319349644897104
SG_003392,0.129848775360218
SG_003393,0.36255547410540734
SG_003397,0.07400064601035351
SG_003398,0.08937896167723675
SG_003399,0.18137532515418936
SG_003402,0.18501305779838678
SG_003404,0.11819083413336962
SG_003407,0.11008866305467375
SG_003408,0.22695356818877582
SG_003422,0.09787740059755139
SG_003426,0.11937127005493985
SG_003430,0.12069371886138629
SG_003434,0.11746946191530547
SG_003437,0.1807525170638056
SG_003439,0.12356562085899277
SG_003440,0.17308208977294326
SG_003441,0.042054532216352185
SG_003444,0.15277193748491436
SG_003447,0.20521347769928883
SG_003452,0.1005662982704315
SG_003453,0.3356555059914521
SG_003464,0.19020794415967648
SG_003469,0.09711899331146577
SG_003475,0.2727103713000384
SG_003477,0.33296597244876674
SG_003479,0.16263556304996352
SG_003480,0.16946999157755527
SG_003482,0.2349014622635995
SG_003483,0.29194282606137967
SG_003485,0.15017990202570133
SG_003486,0.22858791374269485
SG_003489,0.06620519083062079
SG_003491,0.08360473655016865
SG_003492,0.12102109562009171
SG_003493,0.1247081104476762
SG_003501,0.21168474809428273
SG_003505,0.2874351605799118
SG_003509,0.06185590753815677
SG_003517,0.20818208958069734
SG_003521,0.18529441413828848
SG_003526,0.07985707973432254
SG_003528,0.11709948463524901
SG_003532,0.09500895895966528
SG_003535,0.10024986498062764
SG_003538,0.13484870813171843
SG_003541,0.111864777622966
SG_003545,0.16040402378780222
SG_003548,0.12909549225095573
SG_003549,0.14465202969539442
SG_003554,0.08817310419192487
SG_003557,0.31087467661304313
SG_003566,0.1202704295303906
SG_003568,0.1194747193561005
SG_003572,0.19644369394926325
SG_003575,0.15525456751104372
SG_003578,0.1593575390259604
SG_003584,0.11360420383166624
SG_003585,0.1685876695407676
SG_003588,0.20674559626933553
SG_003589,0.149499315151368
SG_003594,0.22922002700821476
SG_003597,0.1968773865281047
SG_003598,0.20736068513687592
SG_003601,0.2000983327501738
SG_003603,0.25697131478418006
SG_003610,0.10703449198384053
SG_003611,0.07000339651682892
SG_003613,0.1528026089043019
SG_003618,0.06253998933523282
SG_003619,0.12516249627460924
SG_003620,0.2820851906922766
SG_003625,0.29910456065416063
SG_003627,0.12112818462684945
SG_003628,0.23548854636164296
SG_003629,0.12232978516322063
SG_003637,0.27114132836874727
SG_003648,0.03590162263660882
SG_003650,0.13804929139155367
SG_003666,0.1310876061303598
SG_003668,0.2290344001167656
SG_003670,0.30817619931156576
SG_003671,0.062380116507114544
SG_003689,0.13806009755647983
SG_003691,0.11862643879434248
SG_003699,0.3211856195759978
SG_003702,0.1373971082325531
SG_003704,0.09772278355191241
SG_003705,0.1568819330281495
SG_003706,0.1604709453933254
SG_003708,0.08943480008670075
SG_003710,0.07890882005660563
SG_003711,0.09376292373083293
SG_003714,0.13079125373587827
SG_003715,0.15372680201245198
SG_003722,0.2763342246362748
SG_003745,0.16711011762182162
SG_003746,0.11957865458476348
SG_003751,0.10604717480375297
SG_003754,0.24035696618439617
SG_003757,0.22986367288284285
SG_003758,0.17730941196691968
SG_003765,0.15803864771033285
SG_003767,0.07733857596236826
SG_003768,0.13128879583489791
SG_003769,0.12375178955330879
SG_003777,0.18767653492039754
SG_003783,0.09135153910949674
SG_003786,0.10567400914737698
SG_003787,0.08163779155263778
SG_003788,0.0996687447538107
SG_003792,0.14216019553883322
SG_003795,0.11716999220123007
SG_003806,0.1791901045656287
SG_003807,0.1940984193885234
SG_003809,0.21694047545279616
SG_003810,0.11412186820860365
SG_003812,0.2589796603987953
SG_003820,0.24244613823715452
SG_003822,0.19958507805007347
SG_003829,0.22258574057355965
SG_003835,0.0936452205543096
SG_003843,0.337366528927215
SG_003844,0.1841207936102852
SG_003851,0.14058351912832334
SG_003852,0.16419819167598879
SG_003856,0.1149884862806999
SG_003860,0.2486028289195669
SG_003863,0.0859468835806242
SG_003865,0.17718191771617842
SG_003868,0.20134243816196742
SG_003869,0.11388397110167996
SG_003874,0.16301577963500397
SG_003878,0.2976458849189406
SG_003880,0.17630712270498983
SG_003881,0.14037016152803003
SG_003886,0.14935697855220145
SG_003896,0.1897195594203942
SG_003904,0.25459637025115406
SG_003905,0.20406090377211805
SG_003906,0.10232261904466236
SG_003907,0.11044180430865272
SG_003908,0.16543468887260918
SG_003910,0.2826792728489883
SG_003917,0.12323282975168473
SG_003919,0.16099707305013408
SG_003920,0.21169268925405563
SG_003921,0.10696558721264172
SG_003922,0.25945938412528324
SG_003925,0.09966778011311071
SG_003926,0.10719961113515163
SG_003935,0.16014906318377767
SG_003937,0.16079093131736588
SG_003940,0.1626744710954966
SG_003941,0.18717203243741687
SG_003945,0.3086853670838854
SG_003951,0.2957794578417788
SG_003958,0.07951289999432114
SG_003959,0.11935550182994742
SG_003961,0.18616742650729512
SG_003966,0.1414963314443128
SG_003967,0.10508825295115413
SG_003969,0.11171627851488372
SG_003972,0.2080639117489371
SG_003977,0.24848033019333476
SG_003978,0.07823727125640499
SG_003979,0.2150012700319648
SG_003988,0.09762126878900101
SG_003992,0.21808856409066255
SG_003994,0.11452980831939731
SG_003995,0.30382674072876953
SG_004001,0.16748017514443056
SG_004002,0.14303705252912036
SG_004011,0.06801992490447974
SG_004012,0.0920774259605674
SG_004016,0.3000319640627314
SG_004019,0.33563095623822736
SG_004034,0.2522090924512443
SG_004036,0.11683886787435291
SG_004041,0.2445571585235835
SG_004042,0.1614264417972438
SG_004045,0.09443967171039289
SG_004048,0.29130659802673364
SG_004049,0.07834420040977931
SG_004050,0.2628145860319467
SG_004054,0.29286226638876195
SG_004060,0.1680179876996139
SG_004063,0.08386954919200305
SG_004064,0.14375172142380907
SG_004065,0.3053788267720419
SG_004066,0.13682569170045208
SG_004071,0.11426171151992583
SG_004074,0.12056530420420829
SG_004078,0.2443403011246197
SG_004079,0.09736461551322914
SG_004080,0.15081418733533955
SG_004081,0.18129045901719293
SG_004083,0.34039397248943903
SG_004087,0.13217993044042764
SG_004089,0.09238372531142064
SG_004091,0.12820350055952248
SG_004093,0.33282261773754196
SG_004094,0.18534575096456093
SG_004100,0.12330265774575805
SG_004107,0.09997754173526462
SG_004109,0.21822393254267763
SG_004110,0.21373282766117666
SG_004111,0.14500257966962446
SG_004123,0.08234284362651455
SG_004126,0.11246227106818527
SG_004127,0.0573460540755918
SG_004129,0.2063937790167599
SG_004130,0.11963830817945001
SG_004131,0.2916520531850043
SG_004136,0.11765552072732878
SG_004140,0.13912939670114252
SG_004149,0.11643044467032751
SG_004152,0.27464845261238646
SG_004155,0.2416322840962073
SG_004157,0.12336303904033191
SG_004163,0.07368337017844968
SG_004164,0.1786588337394323
SG_004168,0.1246215582460644
SG_004170,0.190298495209654
SG_004171,0.12426525857117028
SG_004174,0.11197389763481856
SG_004175,0.12104609360553138
SG_004178,0.11822348667040809
SG_004181,0.20931944821560575
SG_004184,0.22304089963100526
SG_004186,0.15728872996187235
SG_004187,0.2850070369528962
SG_004191,0.20231357166114505
SG_004192,0.30700598721353983
SG_004197,0.14790555487393472
SG_004201,0.2837913828826112
SG_004204,0.2532265610549126
SG_004207,0.16408149116444354
SG_004209,0.24616761992968123
SG_004214,0.1746914280665164
SG_004218,0.13623834257911724
SG_004220,0.13522073601608312
SG_004223,0.14194440900075678
SG_004224,0.14311679766713517
SG_004225,0.3283282856434925
SG_004228,0.1837834691604894
SG_004229,0.2129365377663632
SG_004230,0.14606051741120527
SG_004235,0.1373547756326416
SG_004238,0.14340567115153816
SG_004239,0.2993750692334724
SG_004244,0.1697366451343944
SG_004253,0.19955171194529508
SG_004256,0.21752687480364133
SG_004257,0.24222365289958045
SG_004258,0.10195888203784675
SG_004262,0.21459863204367527
SG_004263,0.11131763703031979
SG_004265,0.10600276322834604
SG_004268,0.09018100849248925
SG_004269,0.23837231256872407
SG_004271,0.09481293814393461
SG_004286,0.18452815416444787
SG_004289,0.11725038052382554
SG_004290,0.2716720457984716
SG_004291,0.3347821472384272
SG_004297,0.1444142950164679
SG_004300,0.1683368805795348
SG_004302,0.25434072801782925
SG_004305,0.14078192644269874
SG_004306,0.17115827536892117
SG_004312,0.13909997259781917
SG_004313,0.10819720706881161
SG_004315,0.21637103510915012
SG_004320,0.09511736647050002
SG_004321,0.2661464142257515
SG_004322,0.19966550230744254
SG_004325,0.21733775680365455
SG_004326,0.1376234236093804
SG_004339,0.10323253921270295
SG_004342,0.18115803715666687
SG_004347,0.16495285371602736
SG_004348,0.3572966069209626
SG_004349,0.25267751478756684
SG_004350,0.2824326464762868
SG_004357,0.09977244059943408
SG_004358,0.19136424564225796
SG_004359,0.1714012981318248
SG_004362,0.18794896056702992
SG_004365,0.10597849203552817
SG_004368,0.24015261212948832
SG_004369,0.16308656552697762
SG_004370,0.11090372412812093
SG_004378,0.18361658153300456
SG_004379,0.1411109776674149
SG_004388,0.20542272313221865
SG_004390,0.10899264639164427
SG_004391,0.10327341407729007
SG_004401,0.1375843446066642
SG_004404,0.29170531783606973
SG_004405,0.24349877674353054
SG_004406,0.1622821565706814
SG_004408,0.16362604122076818
SG_004415,0.1841941886810271
SG_004417,0.11898300924054206
SG_004419,0.12468636827513237
SG_004420,0.2979406034013868
SG_004422,0.11986470804287509
SG_004423,0.13937382124171965
SG_004426,0.1251770910342717
SG_004427,0.14914368833943567
SG_004429,0.23146963208090354
SG_004432,0.13618811249393398
SG_004439,0.33619435919661483
SG_004445,0.1209813020099092
SG_004447,0.21385692050743668
SG_004448,0.09434771827770232
SG_004451,0.16398065614664076
SG_004457,0.2243041158836529
SG_004458,0.01805833345316337
SG_004460,0.1055861658913662
SG_004461,0.2951340284020952
SG_004462,0.05122637624527676
SG_004464,0.11026194205223033
SG_004465,0.1538226942497364
SG_004469,0.10702285140084675
SG_004474,0.140530136045023
SG_004475,0.12376244236391334
SG_004476,0.10261859638867823
SG_004477,0.23098106268034632
SG_004480,0.359418532367434
SG_004482,0.17558295892211692
SG_004484,0.11736863615200178
SG_004486,0.18093791705428208
SG_004494,0.30621503941262035
SG_004504,0.10229660398942145
SG_004508,0.09302312081531912
SG_004509,0.1875299688766028
SG_004511,0.23816292430305658
SG_004514,0.16263393345806879
SG_004515,0.16246104317210028
SG_004518,0.16054013802537387
SG_004521,0.05800379071230086
SG_004526,0.19915823242426484
SG_004530,0.26211530587550286
SG_004534,0.25533995364404377
SG_004536,0.12373413949062048
SG_004538,0.19535575260804164
SG_004539,0.24145278601776995
SG_004541,0.18576076590312873
SG_004549,0.12634819171950049
SG_004552,0.17596513593831642
SG_004553,0.07663076989335947
SG_004556,0.09854678961909513
SG_004559,0.12147371343873666
SG_004562,0.12300805758301565
SG_004565,0.1961702509036101
SG_004568,0.09008579575429232
SG_004576,0.10877226883128964
SG_004577,0.11812779891191545
SG_004593,0.24485837216193831
SG_004594,0.20894155645591939
SG_004600,0.27977589552118387
SG_004602,0.38041182499839654
SG_004608,0.14430413563123942
SG_004609,0.24591231608105515
SG_004612,0.09534589192954462
SG_004614,0.10436049083699192
SG_004617,0.2238691869517374
SG_004620,0.10260481562939693
SG_004623,0.16590367325131591
SG_004626,0.184718779011604
SG_004631,0.18987448358504758
SG_004632,0.1427792187002553
SG_004633,0.18373409939409105
SG_004635,0.13288444487809736
SG_004637,0.13733301870067216
SG_004638,0.14815586667129468
SG_004641,0.29031901404320337
SG_004645,0.1979177505966125
SG_004652,0.10039900114949764
SG_004653,0.11300269419716201
SG_004655,0.3220522888080485
SG_004656,0.2511226498325159
SG_004658,0.10298203416294724
SG_004659,0.12455067275934728
SG_004662,0.17372606227314707
SG_004664,0.11837598026839623
SG_004668,0.12747652485645922
SG_004669,0.10681452759709319
SG_004672,0.297792366121573
SG_004676,0.2081301276367444
SG_004682,0.09863090273565331
SG_004685,0.3137577643388415
SG_004689,0.1160976114536815
SG_004695,0.13897726034329033
SG_004697,0.18719397066211893
SG_004700,0.20393025836586623
SG_004701,0.27626971175655424
SG_004709,0.21345936862179174
SG_004710,0.1583756844994388
SG_004712,0.10397903035321045
SG_004716,0.13777087740953986
SG_004720,0.15864074113161952
SG_004721,0.10339105229712175
SG_004723,0.14808137395407703
SG_004731,0.20350773950773277
SG_004736,0.3012616205659653
SG_004737,0.2763296080883548
SG_004738,0.21980315659634989
SG_004739,0.24443943230472492
SG_004742,0.14799487440583273
SG_004751,0.2522286950710945
SG_004753,0.06907497505631084
SG_004755,0.28043847342716455
SG_004757,0.10380031820159126
SG_004760,0.0786308236846927
SG_004761,0.10545740273519115
SG_004762,0.14125997626406234
SG_004763,0.15957599719860432
SG_004764,0.157827020912972
SG_004766,0.2371211464948453
SG_004769,0.1372914062763791
SG_004772,0.10903027292629748
SG_004773,0.1698914174844447
SG_004782,0.12091182222025088
SG_004784,0.18044451673504505
SG_004786,0.2895250655024458
SG_004787,0.1653023289592771
SG_004789,0.05982863494575109
SG_004797,0.1459296083433683
SG_004798,0.14722862972936718
SG_004799,0.27131532926649177
SG_004801,0.25408107956062814
SG_004804,0.24921804094487
SG_004813,0.21056212613593855
SG_004816,0.3026492990116751
SG_004817,0.0983727883240895
SG_004818,0.21725467831153975
SG_004821,0.1369502459442109
SG_004827,0.15258691218564965
SG_004828,0.11638562195980588
SG_004829,0.2121946970585078
SG_004830,0.2560229727263264
SG_004831,0.32186592413996634
SG_004836,0.09796723343018172
SG_004840,0.15289226141023565
SG_004842,0.17845683985654417
SG_004844,0.0913297762471556
SG_004846,0.26478775532588367
SG_004853,0.14291670338142978
SG_004855,0.23006863682435674
SG_004856,0.09017762203942913
SG_004866,0.15195959099800224
SG_004867,0.07943252400002362
SG_004868,0.31566628468830576
SG_004873,0.2352657019233122
SG_004877,0.14322606444982053
SG_004881,0.10296997398594884
SG_004882,0.24390622718254817
SG_004887,0.22047591620315163
SG_004898,0.2595041751524726
SG_004900,0.1538057817329969
SG_004906,0.29780138439886755
SG_004907,0.15646915306484885
SG_004912,0.15205127664677917
SG_004913,0.09900368413070267
SG_004919,0.1047195037940111
SG_004922,0.20266341165753407
SG_004923,0.1490561876821614
SG_004925,0.24810781301869173
SG_004927,0.1072829243468421
SG_004929,0.247311883308289
SG_004930,0.2155417357537992
SG_004939,0.2297923970333074
SG_004942,0.07067768542607895
SG_004944,0.15024075258625802
SG_004945,0.1115696453831875
SG_004959,0.25751369514833855
SG_004960,0.23523159227990617
SG_004964,0.10176427134738415
SG_004968,0.3473344190321599
SG_004969,0.23333082109559225
SG_004973,0.2654519373881726
SG_004975,0.14574551265973434
SG_004981,0.19572427210063179
SG_004985,0.2326018857172139
SG_004988,0.16520278662365698
SG_004990,0.16901815459321834
SG_004993,0.11006238560805978
SG_004997,0.07732937437635662
SG_005000,0.10792403669466956
SG_005002,0.2638986772720922
SG_005004,0.3168854428637519
SG_005011,0.12283988631736659
SG_005013,0.07005919330839128
SG_005018,0.09000798592814745
SG_005019,0.14887732136981302
SG_005020,0.09444488802340165
SG_005022,0.11344848675815604
SG_005027,0.1306258034820233
SG_005029,0.09635327524686757
SG_005030,0.0707711049758162
SG_005031,0.10868269465167034
SG_005033,0.007124363345702644
SG_005037,0.07018017887111963
SG_005041,0.106024154495728
SG_005048,0.15632121495402715
SG_005049,0.14969828490059453
SG_005052,0.14409972394893783
SG_005057,0.20837563418825145
SG_005058,0.14088137525645003
SG_005062,0.2341585121424157
SG_005080,0.13566490056378783
SG_005085,0.12625479670711562
SG_005086,0.16570440044574966
SG_005089,0.19970752085855017
SG_005090,0.044951299712179295
SG_005091,0.3475330595251725
SG_005094,0.15855722658509933
SG_005097,0.18403082989621833
SG_005098,0.21717586469271202
SG_005100,0.32113883098474116
SG_005101,0.2009453288155541
SG_005102,0.26425697746590915
SG_005108,0.2815056326900545
SG_005110,0.2842224850697074
SG_005114,0.163905949303191
SG_005120,0.1268753107496829
SG_005122,0.12624333401306576
SG_005123,0.1341275118590546
SG_005126,0.15364230860726685
SG_005131,0.09617558912304777
SG_005132,0.11359029986611903
SG_005134,0.12046818332689707
SG_005137,0.10541449873176517
SG_005140,0.1594219958979223
SG_005141,0.16540804597913422
SG_005142,0.21400794711716167
SG_005143,0.041371854195501184
SG_005148,0.20926436850696825
SG_005161,0.3035080354210281
SG_005168,0.24243602339505513
SG_005170,0.1081947095681523
SG_005171,0.2592869213195731
SG_005174,0.08441770559109779
SG_005175,0.10694291974891498
SG_005178,0.17136076339425174
SG_005179,0.11633791096452058
SG_005188,0.27308163946549824
SG_005190,0.1731063355036009
SG_005191,0.15940702707015125
SG_005194,0.2761974958206076
SG_005196,0.1159271477984469
SG_005199,0.10038534015629645
SG_005200,0.10798828452647966
SG_005203,0.11465569765065896
SG_005205,0.19153319695919382
SG_005213,0.09575763290633131
SG_005214,0.18864876808102987
SG_005216,0.3018081608177091
SG_005220,0.15389157008878251
SG_005224,0.062428977233479524
SG_005228,0.26510204979688223
SG_005233,0.12448237408114943
SG_005235,0.14880964457051502
SG_005240,0.09060620940793834
SG_005241,0.15272526683071738
SG_005246,0.22011544592276522
SG_005247,0.1281122233619733
SG_005248,0.18350203049554115
SG_005250,0.17888732471519064
SG_005251,0.2632793184099339
SG_005253,0.06410028794631278
SG_005255,0.11641514580955951
SG_005264,0.3024854912294024
SG_005268,0.10466147550440119
SG_005270,0.13941728478506538
SG_005277,0.2633977998400232
SG_005282,0.06641377862759089
SG_005283,0.2030698389997331
SG_005284,0.17438698857199303
SG_005287,0.3019418701390164
SG_005289,0.23525045725019628
SG_005291,0.17457616645050933
SG_005292,0.1050239830971797
SG_005296,0.08871813790197508
SG_005302,0.12764547412593436
SG_005305,0.1850124842585866
SG_005311,0.17470584964575914
SG_005312,0.15176833765151732
SG_005313,0.13208841960420237
SG_005316,0.10847285503261676
SG_005320,0.20828149717901784
SG_005321,0.18176893897830232
SG_005322,0.23072216917312452
SG_005323,0.1793988413583019
SG_005325,0.10909051435580429
SG_005328,0.1384235423674084
SG_005329,0.20299086027252755
SG_005332,0.18567960762668698
SG_005333,0.2537273842590093
SG_005335,0.09272930797217477
SG_005340,0.23066620649486877
SG_005341,0.10835702510512346
SG_005346,0.21041062993898715
SG_005350,0.3152782803977168
SG_005351,0.10878635927275357
SG_005353,0.08873312867907734
SG_005356,0.04527848337897289
SG_005360,0.25796295454676893
SG_005362,0.1677667364114216
SG_005363,0.12395392596254362
SG_005365,0.14912975151803018
SG_005371,0.1374785786551782
SG_005372,0.09321324302371892
SG_005376,0.2363328811463017
SG_005378,0.19730910745966224
SG_005379,0.11099634487244592
SG_005380,0.2810902542515311
SG_005384,0.2877509200498057
SG_005386,0.1771478380099522
SG_005387,0.25818125819823884
SG_005397,0.3636425382332242
SG_005401,0.26762279804264066
SG_005408,0.27483926473156073
SG_005412,0.1339922999415453
SG_005414,0.22815403023098083
SG_005421,0.14803106791496645
SG_005424,0.10371996293441385
SG_005428,0.21548146733314766
SG_005432,0.12009948896647037
SG_005439,0.2923647643552949
SG_005444,0.16026680466112386
SG_005445,0.19073939414675828
SG_005446,0.11726523779177907
SG_005447,0.31184173328338366
SG_005449,0.11511138878409896
SG_005450,0.2011965700642611
SG_005451,0.1365094991427771
SG_005452,0.12251977047470909
SG_005456,0.1271804155677836
SG_005457,0.07593440340188219
SG_005459,0.04300734140207209
SG_005460,0.07897417341435775
SG_005465,0.19718876050111173
SG_005466,0.27504956893225146
SG_005470,0.22937548316376277
SG_005473,0.21136739239574032
SG_005477,0.24243225828746945
SG_005486,0.1004527671242811
SG_005489,0.16530286225798874
SG_005491,0.16836810189820262
SG_005496,0.15525519170948063
SG_005497,0.2183219204909093
SG_005499,0.3906140823866883
SG_005503,0.10121754550186139
SG_005504,0.09032723021398328
SG_005506,0.11969863176356611
SG_005510,0.13019117432269617
SG_005511,0.28884302826529523
SG_005515,0.10637462139698611
SG_005518,0.25317152232572787
SG_005519,0.2994637265757933
SG_005524,0.2906412695688636
SG_005529,0.21920323735333336
SG_005530,0.16804904687291894
SG_005531,0.12921538093911436
SG_005532,0.07567268303874776
SG_005534,0.29707284554104973
SG_005535,0.15522726234279088
SG_005541,0.2581607060589872
SG_005542,0.15489222020687052
SG_005550,0.08907618573159963
SG_005555,0.11962805534736896
SG_005557,0.09847543988806308
SG_005565,0.18927761162653764
SG_005569,0.14298819850314232
SG_005572,0.09380281287046259
SG_005575,0.13857538677928943
SG_005579,0.3116169366836382
SG_005580,0.14814369920763704
SG_005583,0.1303580298914735
SG_005591,0.3169138302104759
SG_005592,0.11796729482504935
SG_005593,0.03742468164758051
SG_005594,0.110402563775839
SG_005599,0.18563120473637879
SG_005603,0.21431751377957223
SG_005606,0.13922915791840468
SG_005611,0.1703041413869563
SG_005615,0.2907548574899588
SG_005622,0.15605058799518678
SG_005625,0.1422730098254797
SG_005630,0.2544715491552202
SG_005634,0.1544848337934362
SG_005635,0.2641753107823432
SG_005636,0.2793885861146506
SG_005638,0.15766759721588527
SG_005640,0.1071355086966851
SG_005643,0.11106770484616983
SG_005644,0.1577890117576443
SG_005645,0.2765640146319981
SG_005650,0.17067653531137486
SG_005654,0.2655117293510117
SG_005655,0.08697290553749323
SG_005656,0.1826455950152199
SG_005661,0.37955214528410847
SG_005664,0.0927413889941283
SG_005666,0.2722657247981695
SG_005671,0.13586921501002203
SG_005681,0.13030290938709715
SG_005683,0.29467462526828986
SG_005687,0.12526007657835794
SG_005688,0.13570691041726946
SG_005691,0.17068157735113088
SG_005692,0.24145990683010463
SG_005693,0.151112448927313
SG_005694,0.24564590808089665
SG_005696,0.13522384673682405
SG_005703,0.16759211582611958
SG_005704,0.15042358323222066
SG_005706,0.278912407515513
SG_005707,0.17523191010763073
SG_005713,0.17781902916358616
SG_005715,0.10087401154435903
SG_005719,0.15143398653823142
SG_005722,0.07455735003349966
SG_005724,0.18119982830653372
SG_005725,0.11154200153506408
SG_005726,0.1079631211295453
SG_005730,0.2793500671036879
SG_005735,0.14057473139912602
SG_005736,0.2660644042880736
SG_005740,0.1489715636612786
SG_005748,0.22456184394493997
SG_005750,0.10985683271938686
SG_005753,0.22924778562728507
SG_005758,0.09716807939051861
SG_005759,0.11869144122957326
SG_005764,0.07330766496445153
SG_005765,0.06816148276121335
SG_005772,0.20659013046176686
SG_005773,0.05363504113544369
SG_005776,0.1660314148242358
SG_005778,0.2249689505918532
SG_005784,0.09007030174939774
SG_005786,0.07580615876687076
SG_005789,0.14659472789263728
SG_005794,0.1660025376508643
SG_005796,0.15549135934087036
SG_005801,0.174782986308708
SG_005807,0.09569318641737272
SG_005809,0.14420213372136156
SG_005811,0.1384086959937905
SG_005813,0.11055377724715826
SG_005814,0.21055332782706956
SG_005817,0.11541105767741058
SG_005818,0.3187055197632876
SG_005820,0.10041052740562205
SG_005821,0.12889009978199967
SG_005824,0.11991105352446936
SG_005825,0.18474044619432275
SG_005827,0.13015916086161622
SG_005828,0.20272827186905823
SG_005830,0.1597068131335648
SG_005838,0.27561687738944474
SG_005840,0.29533977897232694
SG_005842,0.1361130573987076
SG_005846,0.14822425338073691
SG_005847,0.0983658303892315
SG_005848,0.1894310811296017
SG_005857,0.2800867942871577
SG_005861,0.09827297560827197
SG_005862,0.18185011425321485
SG_005871,0.12066423405533475
SG_005872,0.3336523547677814
SG_005873,0.10648318117947225
SG_005874,0.12924034509681945
SG_005875,0.19672637069268933
SG_005877,0.0863211417679843
SG_005880,0.10839240253209441
SG_005884,0.11604184784720672
SG_005892,0.2999348895877227
SG_005894,0.12137755768994574
SG_005898,0.19768854173823816
SG_005899,0.12562713305960074
SG_005905,0.22083604880694918
SG_005909,0.0770697208866972
SG_005910,0.17667174655317577
SG_005920,0.13844090200317646
SG_005921,0.15725726774264318
SG_005922,0.09595144223347933
SG_005925,0.20158112384707333
SG_005928,0.19239599240085656
SG_005932,0.07923640615913714
SG_005934,0.22441517553661125
SG_005935,0.10207375417381809
SG_005937,0.0827682735952151
SG_005939,0.1306741404754642
SG_005943,0.16131560870530964
SG_005951,0.11157009046202265
SG_005955,0.2648839121059386
SG_005959,0.27807410877740174
SG_005966,0.21661783946036867
SG_005967,0.2858327439546209
SG_005969,0.22801394601731673
SG_005976,0.358022707721984
SG_005977,0.20218232906041997
SG_005979,0.21056280573768926
SG_005980,0.13683489785552497
SG_005985,0.22956053014517055
SG_005986,0.22911348095899986
SG_005991,0.3131446009723483
SG_005999,0.0930023585190258
SG_006000,0.22798472975474132
SG_006004,0.3351600902091259
SG_006009,0.23423651481611824
SG_006012,0.12725833871127137
SG_006013,0.20840685322903849
SG_006022,0.106815093116485
SG_006023,0.25061116611309464
SG_006026,0.12681773161089077
SG_006028,0.19450790044257965
SG_006029,0.15054750726785557
SG_006033,0.16078790379374824
SG_006035,0.12910094525986704
SG_006036,0.09950889882993999
SG_006038,0.1498984154196551
SG_006039,0.2901082993850172
SG_006041,0.12794292234882004
SG_006047,0.18146437487643427
SG_006049,0.12361109416221663
SG_006050,0.2194784163853864
SG_006054,0.06148040210135266
SG_006063,0.1539676357153921
SG_006067,0.24060065405406808
SG_006069,0.2935106200336253
SG_006073,0.0931237058281181
SG_006074,0.15230038314019967
SG_006075,0.08417320955155999
SG_006076,0.13439863151518627
SG_006077,0.22014951910286867
SG_006079,0.17677724499837166
SG_006081,0.08620111830452451
SG_006086,0.1385889482558724
SG_006092,0.08836503121428776
SG_006095,0.16631324304322234
SG_006097,0.23756101194402107
SG_006099,0.285130747168744
SG_006101,0.12944900046230126
SG_006112,0.22764156348763315
SG_006122,0.140537067414138
SG_006127,0.21780979972919046
SG_006131,0.09541672231958315
SG_006133,0.14263288793911755
SG_006136,0.1184353285119661
SG_006137,0.22043470561244347
SG_006140,0.22640600124381097
SG_006143,0.12540136755906817
SG_006148,0.10966929049966573
SG_006150,0.24585931388891963
SG_006151,0.2177765055137193
SG_006154,0.0795500652892457
SG_006161,0.11166758193233364
SG_006163,0.22022177605294183
SG_006169,0.2718504310081986
SG_006170,0.12960862150487457
SG_006179,0.20223138048538275
SG_006181,0.1190648206567825
SG_006184,0.061322007783608926
SG_006187,0.1298351586147188
SG_006189,0.17919965056154838
SG_006197,0.09107349892004288
SG_006202,0.059231761063402215
SG_006206,0.1550632409661318
SG_006212,0.19202698661840595
SG_006213,0.47616704724665443
SG_006218,0.1180649875765284
SG_006222,0.14336311767472526
SG_006224,0.10112538360559473
SG_006225,0.3514262000174039
SG_006226,0.20533766529122816
SG_006229,0.13971866125316104
SG_006237,0.2739566530615439
SG_006238,0.11097853705448511
SG_006240,0.04333878817773268
SG_006241,0.07222136291272181
SG_006242,0.19975900481981912
SG_006244,0.2556445152790572
SG_006245,0.10448595401360927
SG_006247,0.21995959045993596
SG_006250,0.17737343075986153
SG_006251,0.1190233813860844
SG_006252,0.15939925962500964
SG_006254,0.3247351860346233
SG_006256,0.24972336721260377
SG_006260,0.09935300347287394
SG_006262,0.14607898555729376
SG_006263,0.1477414858835714
SG_006264,0.0737548155972691
SG_006266,0.2716805188296784
SG_006269,0.26491615819351233
SG_006275,0.27683423302732885
SG_006277,0.10817887447861735
SG_006283,0.13297030575224755
SG_006284,0.11545852035200228
SG_006287,0.18134890643046486
SG_006288,0.1021732793193495
SG_006300,0.1173785432357741
SG_006301,0.10199968863950759
SG_006304,0.19964785419785155
SG_006306,0.180952511690444
SG_006313,0.2289585883256233
SG_006315,0.14299268396722198
SG_006317,0.15157660730818218
SG_006320,0.1381440001274609
SG_006322,0.30823776903818073
SG_006326,0.11935642147629559
SG_006328,0.2579447016293211
SG_006331,0.10163844938481992
SG_006337,0.2028493456906314
SG_006340,0.19286685937771864
SG_006345,0.23945215208681914
SG_006348,0.07651702081644794
SG_006349,0.12105151800917568
SG_006356,0.1439890074387239
SG_006357,0.12477115317393365
SG_006358,0.150390381619372
SG_006360,0.2984804308374338
SG_006371,0.12423499023934385
SG_006373,0.14861387833790715
SG_006380,0.21829735821288973
SG_006382,0.13730916173544488
SG_006388,0.0727761907886713
SG_006393,0.19831184567294063
SG_006394,0.07635226661669427
SG_006396,0.07239469906258335
SG_006398,0.18545701100577086
SG_006400,0.2364375112762094
SG_006403,0.08872484957724659
SG_006404,0.08094554197592835
SG_006411,0.16422221713521082
SG_006417,0.16646555912347757
SG_006418,0.26661664930527407
SG_006420,0.15321160590395333
SG_006421,0.10485912453095048
SG_006423,0.1605570087997458
SG_006424,0.18093087805345195
SG_006429,0.2385726157312278
SG_006435,0.11625893329667965
SG_006438,0.16902947201834964
SG_006439,0.270476018258986
SG_006441,0.16014619852073544
SG_006445,0.17300488657002558
SG_006446,0.19821312209180444
SG_006448,0.16724680368600486
SG_006451,0.12687745032871398
SG_006452,0.18176042227923633
SG_006455,0.1700282656317162
SG_006463,0.33173934369183383
SG_006467,0.143360426601747
SG_006469,0.11466398860620569
SG_006470,0.19691103247999622
SG_006477,0.24627606323102694
SG_006480,0.2669185200674795
SG_006486,0.1306757863416109
SG_006487,0.11638721155845083
SG_006488,0.2720533320159207
SG_006490,0.18791609843418466
SG_006491,0.2450378152862045
SG_006493,0.2975259312304932
SG_006494,0.15548221391053071
SG_006496,0.09397920148536619
SG_006497,0.16272004405659246
SG_006498,0.2757267946756836
SG_006500,0.20727128568580175
SG_006502,0.042895118586279674
SG_006503,0.1354354650445774
SG_006505,0.22483472064513663
SG_006506,0.1768100943652595
SG_006507,0.14904266869635494
SG_006512,0.15656906998900327
SG_006516,0.11463768471821226
SG_006520,0.1038557115198538
SG_006522,0.19521514575987733
SG_006528,0.32291657188066963
SG_006534,0.20000124171603406
SG_006535,0.2696439826858876
SG_006536,0.09637831448547084
SG_006537,0.1526366666727459
SG_006539,0.22990214253721572
SG_006541,0.11652309650767746
SG_006543,0.1723645540601866
SG_006545,0.20524993619229942
SG_006548,0.20427276833927252
SG_006550,0.06482687454214828
SG_006551,0.05926735696042767
SG_006557,0.14872731113352203
SG_006560,0.10435084928215863
SG_006564,0.3265219213067406
SG_006566,0.2005134660722084
SG_006567,0.3008938621226673
SG_006577,0.16951701319488244
SG_006579,0.08386915662069225
SG_006581,0.0857174044657422
SG_006588,0.11425514600717947
SG_006592,0.17934043140177125
SG_006597,0.08953988678921601
SG_006601,0.13122609009783986
SG_006607,0.05455054715678242
SG_006608,0.1202230832139789
SG_006610,0.08187749288997513
SG_006615,0.2483200146509218
SG_006616,0.13539160372955233
SG_006620,0.16688471884808143
SG_006622,0.12482585621406489
SG_006623,0.18707447763232918
SG_006624,0.15840709963504435
SG_006626,0.2940758701892952
SG_006627,0.3303704462167757
SG_006633,0.133152690296979
SG_006637,0.13567368796659107
SG_006638,0.2895809228439446
SG_006639,0.25395386789551616
SG_006644,0.17640358368728232
SG_006645,0.23519948622241674
SG_006651,0.16823025428429492
SG_006659,0.1127765089616132
SG_006664,0.13488254566930338
SG_006668,0.11293458793681499
SG_006673,0.11166259964131012
SG_006687,0.12068617122318426
SG_006688,0.1756562930732901
SG_006690,0.1827899523222278
SG_006693,0.20451877241967287
SG_006698,0.05443649594477638
SG_006700,0.19653499367358473
SG_006706,0.11204569602452093
SG_006710,0.08944044914334384
SG_006713,0.16568228199927068
SG_006716,0.13148522399774187
SG_006728,0.1116802053827743
SG_006734,0.3397014859053429
SG_006736,0.29701280025350746
SG_006744,0.17943943128239798
SG_006745,0.11999550974448324
SG_006749,0.08885840436435087
SG_006758,0.13225982727576782
SG_006760,0.15232739222534028
SG_006765,0.19318516130366842
SG_006766,0.21980173980007084
SG_006769,0.17642549501074323
SG_006778,0.12544663183245786
SG_006780,0.19047106146645293
SG_006781,0.0965110229644911
SG_006786,0.21674784449282342
SG_006789,0.1380925324789193
SG_006792,0.13208197773311106
SG_006793,0.08410076282190375
SG_006800,0.2607263337434895
SG_006802,0.15393946287404053
SG_006808,0.17417727716212178
SG_006820,0.11193232049659971
SG_006833,0.12477444621713356
SG_006835,0.11318987057115837
SG_006837,0.12514595261360764
SG_006841,0.1965807900938475
SG_006847,0.12526639008120183
SG_006848,0.09396154643537724
SG_006851,0.13958692002356465
SG_006852,0.19252667407167356
SG_006860,0.09656563310141739
SG_006861,0.16938351534157714
SG_006863,0.08881200527317012
SG_006866,0.16567423845868318
SG_006868,0.15739204580902835
SG_006874,0.09924412535607517
SG_006877,0.0972327421451091
SG_006879,0.1255316814694688
SG_006880,0.13317969377965852
SG_006881,0.2569163676628088
SG_006889,0.08036788938928344
SG_006890,0.22181861973003347
SG_006897,0.31374826466302047
SG_006901,0.14939800967053055
SG_006908,0.13283571678113848
SG_006910,0.14144398272519695
SG_006914,0.292310537497876
SG_006918,0.1785729223963902
SG_006924,0.10958436094664178
SG_006925,0.27589683471566007
SG_006927,0.11265433671045492
SG_006929,0.12865200060615367
SG_006937,0.19799853910899043
SG_006938,0.15674287697231315
SG_006940,0.18626675061930803
SG_006942,0.08289503520206734
SG_006945,0.07250491455722761
SG_006949,0.16638887723019521
SG_006950,0.26359614294811823
SG_006951,0.1269125124411069
SG_006953,0.09964926321776539
SG_006954,0.22282410735710412
SG_006956,0.26613414237845767
SG_006957,0.1855476954794684
SG_006962,0.13354209400935044
SG_006963,0.08536297487187183
SG_006964,0.07459437947074811
SG_006966,0.08097625339192852
SG_006970,0.13745455395234657
SG_006971,0.32288396785747386
SG_006972,0.17242107369562823
SG_006974,0.3463717883229337
SG_006977,0.11271469426728141
SG_006978,0.12698749442342547
SG_006981,0.20205947257093
SG_006982,0.2886953864102523
SG_006983,0.05442513356864816
SG_006984,0.10184460518120728
SG_006987,0.1690814764196139
SG_006994,0.167155515270906
SG_006997,0.08083872530079005
SG_007002,0.21630815617619037
SG_007005,0.20808287271001835
SG_007009,0.16329653810431208
SG_007011,0.15403918664403948
SG_007017,0.0708612425204987
SG_007018,0.045800296202772664
SG_007019,0.12033616835744172
SG_007029,0.19061605380929547
SG_007030,0.10924584332074884
SG_007033,0.19004233072054524
SG_007040,0.12257331375169078
SG_007047,0.27296772411590264
SG_007054,0.09120688730722759
SG_007055,0.33174611343794375
SG_007056,0.18164332939128086
SG_007061,0.16977967874636882
SG_007062,0.09859213158506641
SG_007067,0.22160231789922327
SG_007068,0.13091763281888938
SG_007069,0.273766621878539
SG_007073,0.08811154251884218
SG_007075,0.16025508242944303
SG_007076,0.15309357244622832
SG_007078,0.263044091153306
SG_007080,0.2011406814014317
SG_007091,0.17383014649722253
SG_007095,0.1519726139739628
SG_007100,0.16662397261656503
SG_007104,0.16429419810383716
SG_007112,0.17165079105696027
SG_007114,0.30945444822089735
SG_007127,0.11589545288826181
SG_007130,0.09770730836382575
SG_007133,0.20431601800737123
SG_007136,0.11544093218703629
SG_007138,0.2855952266297947
SG_007139,0.11385358750434876
SG_007143,0.18250289764810718
SG_007146,0.1650609598887823
SG_007150,0.12570438540153195
SG_007155,0.13655164684156107
SG_007157,0.1907854227305486
SG_007160,0.18350694542841037
SG_007162,0.16094332841054626
SG_007163,0.2756722350850446
SG_007166,0.22885143300453556
SG_007168,0.11146111664940159
SG_007170,0.1207681618428536
SG_007179,0.15861418221472207
SG_007181,0.13548293573618622
SG_007183,0.13612268562183852
SG_007186,0.12126388725955943
SG_007202,0.0959932134771905
SG_007203,0.2139351190284562
SG_007204,0.09034537548258532
SG_007205,0.24984920022678048
SG_007210,0.26023489134096867
SG_007212,0.14682986904155337
SG_007215,0.04866100413352854
SG_007218,0.20810474458429962
SG_007226,0.0980439901970808
SG_007229,0.2609413092453783
SG_007231,0.25762222262580986
SG_007234,0.1461652706593472
SG_007237,0.2708026576188282
SG_007239,0.0714316165338771
SG_007240,0.24809097352331277
SG_007249,0.2361083194304224
SG_007252,0.08088079073644767
SG_007255,0.14776650647608508
SG_007256,0.16262494255643506
SG_007257,0.23080691159409947
SG_007263,0.21856207195461516
SG_007264,0.1555083524099093
SG_007265,0.13228685750523433
SG_007268,0.1281758175311323
SG_007271,0.19020432552053493
SG_007275,0.18829468197611102
SG_007280,0.18046720163183583
SG_007281,0.2369226310922774
SG_007282,0.1438091149389528
SG_007283,0.11462179311504328
SG_007287,0.20617851924509184
SG_007288,0.2723867507876411
SG_007301,0.28682036984502945
SG_007307,0.11441162453012661
SG_007310,0.14500514010410026
SG_007312,0.23198373379546178
SG_007314,0.26315953236968176
SG_007319,0.14492197975840915
SG_007326,0.07501315026250653
SG_007331,0.1950193381740533
SG_007333,0.19619040356877038
SG_007334,0.2345151926006705
SG_007338,0.10783432499612525
SG_007340,0.3327327801833922
SG_007345,0.056777699756598535
SG_007349,0.1658660694238521
SG_007356,0.12889744317771284
SG_007358,0.0831290122898388
SG_007368,0.10973769493909659
SG_007370,0.14871524018509355
SG_007371,0.2044360423893082
SG_007372,0.14938464367149765
SG_007375,0.1340324535384994
SG_007378,0.15672305205286138
SG_007379,0.10962095945419567
SG_007380,0.19267903519665797
SG_007383,0.09737711223424726
SG_007384,0.2442208573070314
SG_007389,0.12455168094241122
SG_007390,0.11520868400182736
SG_007401,0.29293107169685256
SG_007403,0.21505265730679685
SG_007406,0.12812426565381413
SG_007409,0.28691512023532273
SG_007410,0.3139490945797308
SG_007413,0.21815221596127934
SG_007416,0.20683173366393207
SG_007419,0.2440380210434408
SG_007420,0.23428126117939388
SG_007423,0.21621058919880345
SG_007424,0.36632415668633916
SG_007428,0.27880614566245815
SG_007433,0.2470585627415798
SG_007434,0.07447394234250598
SG_007437,0.1512032065866308
SG_007441,0.22564520537269206
SG_007443,0.17788771626231703
SG_007450,0.06503955401217527
SG_007452,0.26023382566874625
SG_007455,0.17843233200383923
SG_007462,0.20679493095294704
SG_007464,0.26936226773556127
SG_007466,0.12625977652346926
SG_007469,0.13774767144465822
SG_007470,0.33190048645498543
SG_007472,0.12924187959445055
SG_007476,0.17737274819000803
SG_007486,0.2808840242535927
SG_007489,0.18854586431130582
SG_007490,0.1206933893107843
SG_007495,0.29937673112295515
SG_007499,0.2875757219313959
SG_007506,0.09868160404962045
SG_007508,0.11796998501023769
SG_007509,0.09506391814113363
SG_007517,0.17264301115199734
SG_007518,0.27585826048014617
SG_007522,0.31117366531182505
SG_007524,0.1564541886529215
SG_007527,0.10916044123512414
SG_007535,0.09948938333524178
SG_007540,0.20474528686659058
SG_007546,0.35327450723346104
SG_007552,0.14809135958829917
SG_007553,0.236094916992581
SG_007557,0.17537246463557454
SG_007558,0.23165759325709745
SG_007560,0.20250069737045648
SG_007568,0.08779653524730421
SG_007571,0.23614827330140947
SG_007573,0.14384414329206027
SG_007577,0.128648670638563
SG_007578,0.13336944703371456
SG_007579,0.0402565852217974
SG_007582,0.2076079831488086
SG_007586,0.08635527070852328
SG_007587,0.23789075113991565
SG_007589,0.21407247719221176
SG_007591,0.10440509349157955
SG_007595,0.13615158145431605
SG_007597,0.18389445300563056
SG_007599,0.07459955995657566
SG_007602,0.19393419236693937
SG_007605,0.15945075696968136
SG_007609,0.099476826204128
SG_007614,0.23536490431663984
SG_007620,0.1839397156889552
SG_007628,0.30250449693177633
SG_007630,0.09411354880894926
SG_007646,0.1565185044595904
SG_007648,0.11181836805985461
SG_007654,0.15050547209835996
SG_007655,0.22972457887894734
SG_007656,0.3460775290241018
SG_007657,0.2356117223729991
SG_007658,0.19069114272094959
SG_007659,0.1951400939973111
SG_007660,0.16915621822415333
SG_007663,0.09530939855742969
SG_007665,0.28186771879090255
SG_007667,0.18571877648503965
SG_007670,0.13470318100424106
SG_007678,0.12030189634674553
SG_007679,0.29312764926837515
SG_007681,0.09194403679907513
SG_007685,0.19006895150499997
SG_007686,0.24354561901785818
SG_007687,0.1353868246254485
SG_007688,0.09839733101612773
SG_007691,0.10584947014048242
SG_007696,0.12304642767652593
SG_007698,0.14107477072441538
SG_007700,0.2486646999431293
SG_007703,0.09459288142956242
SG_007704,0.11655029040500059
SG_007706,0.24154247112138832
SG_007711,0.13311643310709062
SG_007712,0.2271037524167105
SG_007714,0.09866175125012741
SG_007717,0.12171131342951963
SG_007719,0.17375183318219062
SG_007720,0.1074045661526437
SG_007721,0.11698599154140034
SG_007728,0.17725306025595244
SG_007737,0.23128800766265817
SG_007741,0.1541832417288645
SG_007742,0.10162704127629517
SG_007744,0.1933788952441034
SG_007746,0.2557848557347809
SG_007748,0.11124786071719132
SG_007750,0.09883808445450835
SG_007751,0.11214149414712687
SG_007752,0.07801361630481782
SG_007758,0.23613881816101703
SG_007760,0.13611396712124765
SG_007762,0.22272457265407028
SG_007770,0.1115758848735811
SG_007772,0.17618855049335125
SG_007776,0.08648528845994348
SG_007780,0.22878215064408172
SG_007781,0.1243709849175986
SG_007782,0.13684855500327742
SG_007787,0.16781758543613043
SG_007800,0.20294196798588754
SG_007801,0.2846366599148954
SG_007804,0.10111788344195716
SG_007805,0.24064961575388058
SG_007807,0.13008817400875083
SG_007808,0.3242376249229284
SG_007813,0.14582413361150517
SG_007815,0.11557056833532377
SG_007817,0.15029087144005102
SG_007818,0.2086907237619727
SG_007820,0.163416625086781
SG_007822,0.11236787408411669
SG_007823,0.15712106464444076
SG_007824,0.11840535961291386
SG_007834,0.14361361370895148
SG_007836,0.11931234689526105
SG_007839,0.18222616160443558
SG_007842,0.058491857978782764
SG_007844,0.13798871474757152
SG_007846,0.1046457203294371
SG_007849,0.10785868024712171
SG_007858,0.20213703204771452
SG_007864,0.2900494941528052
SG_007866,0.15856431711905633
SG_007875,0.20682103159453916
SG_007876,0.15880469591973428
SG_007880,0.15024946673105388
SG_007884,0.17121812331069075
SG_007889,0.1769338949728333
SG_007892,0.12346600727599401
SG_007897,0.1266977434787096
SG_007898,0.1440146102250305
SG_007899,0.1293639212318435
SG_007901,0.17092347444608297
SG_007908,0.2533240885394048
SG_007910,0.1415084758909603
SG_007922,0.1424796493871933
SG_007923,0.1041763664957501
SG_007926,0.28185661590992617
SG_007931,0.17871789040842334
SG_007933,0.1922152000380817
SG_007939,0.20445550484862665
SG_007940,0.1289708971254502
SG_007946,0.18466619070406745
SG_007947,0.1076332814550815
SG_007948,0.16543076170949955
SG_007954,0.07546986166775974
SG_007957,0.0950838802022794
SG_007960,0.2880802702688184
SG_007964,0.11820286770713592
SG_007965,0.13395497648295301
SG_007980,0.24155689725424345
SG_007985,0.1946333401897295
SG_007992,0.10349809556704574
SG_007996,0.16870245767105393
SG_007998,0.13416020256610595
SG_007999,0.10507634552216033
SG_008014,0.1738125068009425
SG_008015,0.12493405916344644
SG_008020,0.17682986564445277
SG_008026,0.15508700314023746
SG_008033,0.13659817748545403
SG_008043,0.140384462897035
SG_008050,0.14323127954080664
SG_008055,0.16498024766239505
SG_008056,0.30663146752160014
SG_008058,0.1552068347622616
SG_008067,0.13315947465473096
SG_008074,0.23314657254543183
SG_008076,0.20545738393099042
SG_008081,0.2454232925001963
SG_008091,0.11759925558808713
SG_008099,0.1480273021468891
SG_008100,0.1553658272064422
SG_008101,0.10244780630610438
SG_008104,0.2821280963473444
SG_008115,0.17497145680086146
SG_008117,0.10658322038484418
SG_008118,0.19948381373957036
SG_008127,0.14559830344322772
SG_008131,0.15926633708171042
SG_008133,0.1538974397846783
SG_008137,0.21152137623984527
SG_008140,0.2280182992912195
SG_008141,0.20286987301122741
SG_008145,0.10240958031648764
SG_008152,0.11903816294210694
SG_008156,0.2890614130103889
SG_008160,0.1852770594124905
SG_008164,0.22911509367394234
SG_008167,0.22609959141940897
SG_008175,0.10415823504844351
SG_008176,0.2535736285818469
SG_008183,0.2801907207284364
SG_008188,0.19332302818210068
SG_008191,0.11388548634019986
SG_008192,0.15911526177585328
SG_008193,0.10693988162304083
SG_008195,0.2451612143934877
SG_008202,0.25767710485914697
SG_008213,0.20578743895606694
SG_008217,0.2594615199120944
SG_008224,0.1560148186660675
SG_008228,0.15314080976012903
SG_008229,0.12131898537708966
SG_008237,0.08734350567561248
SG_008242,0.0623063840575488
SG_008246,0.16007781333503665
SG_008248,0.0900137720675477
SG_008249,0.21767383632954448
SG_008253,0.13512853605339045
SG_008257,0.23787245899184334
SG_008261,0.26896690464280837
SG_008264,0.1492476692271617
SG_008265,0.20673303380552419
SG_008281,0.19970594602048664
SG_008283,0.10536192964464294
SG_008287,0.12077756972391221
SG_008291,0.27068674352249494
SG_008293,0.2218211604186079
SG_008294,0.1353587396352837
SG_008296,0.1496464166523652
SG_008298,0.19741161536223795
SG_008309,0.2246678118743444
SG_008310,0.164284524309662
SG_008312,0.18160719378914517
SG_008316,0.2318054717615386
SG_008317,0.06580609455813936
SG_008318,0.11942020955393576
SG_008327,0.12450230352654214
SG_008330,0.23349749944902265
SG_008333,0.060117154094539646
SG_008336,0.13574615732616313
SG_008345,0.10516006592535022
SG_008347,0.11090923177702988
SG_008355,0.3325354907083125
SG_008358,0.16748512753709077
SG_008359,0.3152933478189821
SG_008360,0.12615934085744254
SG_008361,0.09492152159734289
SG_008362,0.26305921139410754
SG_008365,0.13695242448517536
SG_008366,0.23970152478968118
SG_008375,0.13738851727091325
SG_008376,0.1386945606950936
SG_008382,0.08934073767710156
SG_008383,0.15735067601289712
SG_008388,0.21412633214429636
SG_008389,0.249425858617399
SG_008392,0.17888886637261275
SG_008396,0.12928426446765573
SG_008402,0.12498887640773232
SG_008410,0.11706115157333365
SG_008413,0.2508629044218509
SG_008417,0.24962419790480825
SG_008420,0.2978689376545572
SG_008422,0.2033802532652993
SG_008435,0.19742825731767702
SG_008440,0.061660487418274776
SG_008441,0.22177677642531704
SG_008442,0.11860331678559104
SG_008443,0.0963762027065325
SG_008444,0.14910754434368137
SG_008449,0.16746243901167343
SG_008452,0.30765171387796864
SG_008457,0.21941487758951125
SG_008459,0.32732085891696905
SG_008462,0.10490683024751492
SG_008467,0.16613128102384356
SG_008468,0.13492977935803677
SG_008478,0.09492528856401874
SG_008482,0.3149430611482404
SG_008484,0.2878603422089419
SG_008485,0.13377598928060813
SG_008494,0.1192327804748068
SG_008497,0.1196125917754041
SG_008498,0.17458510456801238
SG_008500,0.23627452428994508
SG_008501,0.19533819640535388
SG_008504,0.11038639849429467
SG_008506,0.3668175490414485
SG_008512,0.2627480305628382
SG_008514,0.3224688087309776
SG_008517,0.2127043232908705
SG_008522,0.21372237722802911
SG_008527,0.1249993813415211
SG_008529,0.21728809276306746
SG_008531,0.06269562123615877
SG_008534,0.3626851475869449
SG_008535,0.09885141938211695
SG_008536,0.10794566910221384
SG_008538,0.1412795152225633
SG_008541,0.07961986398422657
SG_008542,0.13676623209710664
SG_008545,0.32141715105643426
SG_008547,0.1846943688846314
SG_008549,0.1987952923944178
SG_008550,0.10039080817645508
SG_008551,0.20029415492004884
SG_008553,0.11057023318137166
SG_008555,0.11517405382647508
SG_008557,0.21960944475781397
SG_008561,0.08316621453547858
SG_008564,0.13616711935168546
SG_008565,0.30272248822919773
SG_008568,0.18546764766894605
SG_008569,0.12541183009410145
SG_008570,0.2619480354052355
SG_008572,0.14491010579668814
SG_008574,0.24995754059096564
SG_008575,0.1936869167587872
SG_008576,0.046507576029028115
SG_008577,0.2431115824660366
SG_008580,0.1732660573670462
SG_008586,0.14408103358529584
SG_008594,0.1781435818272275
SG_008598,0.12965977793339897
SG_008600,0.24063308169222392
SG_008614,0.18085521626808682
SG_008615,0.26608385360761855
SG_008617,0.1382453837148082
SG_008624,0.17437906488286292
SG_008630,0.24284503304451283
SG_008635,0.11178665218578918
SG_008636,0.07991026876791267
SG_008639,0.30555193794418434
SG_008645,0.11769697204591208
SG_008646,0.15815335404329534
SG_008650,0.28597888955389217
SG_008653,0.24868574025740967
SG_008669,0.24531957261723517
SG_008671,0.213650894332883
SG_008689,0.23594714196528846
SG_008691,0.2067291421952467
SG_008693,0.27552633164453433
SG_008708,0.14723503003411212
SG_008714,0.19554992162148743
SG_008726,0.10854935508169494
SG_008727,0.30309801320855856
SG_008729,0.09967374730549673
SG_008734,0.24147193891917929
SG_008735,0.1581630999171612
SG_008737,0.2269670510568559
SG_008739,0.0780450026229966
SG_008745,0.27346596779065085
SG_008749,0.06661067299651113
SG_008755,0.13238652551641553
SG_008759,0.1245820307683307
SG_008766,0.10986338256868444
SG_008769,0.1455617474312354
SG_008770,0.10918315382183545
SG_008771,0.09346631383879495
SG_008773,0.2576905059241485
SG_008774,0.17891199638642669
SG_008776,0.1689040604861215
SG_008777,0.19853497935900682
SG_008780,0.25604410752586243
SG_008782,0.19914404372955496
SG_008784,0.1557514514236872
SG_008785,0.17268666714786746
SG_008787,0.12431413383331472
SG_008789,0.2767497555214712
SG_008793,0.14395340314245894
SG_008798,0.15688905767786449
SG_008810,0.19289886216187477
SG_008816,0.28195178326732656
SG_008823,0.25265258099821036
SG_008824,0.16322337494008501
SG_008825,0.26527132948971444
SG_008828,0.2430176822519307
SG_008836,0.1146937661687642
SG_008839,0.1244686300330123
SG_008840,0.08041651278439539
SG_008841,0.09580324753682198
SG_008843,0.18831744904352848
SG_008844,0.20098809363730266
SG_008845,0.26336776395618144
SG_008849,0.1907202556166316
SG_008850,0.16168121848171496
SG_008853,0.16148845338077394
SG_008855,0.11372745262624186
SG_008859,0.17107511186887067
SG_008862,0.20241998423538465
SG_008864,0.1073486664961451
SG_008865,0.09358707593501367
SG_008866,0.07329300345825748
SG_008867,0.3805036514961403
SG_008869,0.24235913295505726
SG_008876,0.22782016391129553
SG_008881,0.1834855743876192
SG_008883,0.12295655586939455
SG_008888,0.048844082960453374
SG_008889,0.3142711498126084
SG_008895,0.22785334928413828
SG_008897,0.15640936841694322
SG_008901,0.1156226829696171
SG_008905,0.08369324433500933
SG_008907,0.08955531456196715
SG_008908,0.07758660677373859
SG_008910,0.1169831390373726
SG_008913,0.18958698043480138
SG_008914,0.10679375006038869
SG_008917,0.12799200561958154
SG_008919,0.09395329240980972
SG_008920,0.2957982688805096
SG_008925,0.17738988858359744
SG_008926,0.15419009914442453
SG_008927,0.1228366401353317
SG_008930,0.16512326796544446
SG_008932,0.1072954540494263
SG_008934,0.40370175085315146
SG_008937,0.08326886138212308
SG_008940,0.18297840445258204
SG_008943,0.11400699891726863
SG_008947,0.08550671568634809
SG_008955,0.2156874598332298
SG_008960,0.2352510655876834
SG_008962,0.07592997402406237
SG_008964,0.07340731951111204
SG_008965,0.10426765944388604
SG_008966,0.11971398903921164
SG_008971,0.1374093819861626
SG_008972,0.09320497745402172
SG_008976,0.23336814497155622
SG_008978,0.07262240304171352
SG_008983,0.1446181493924683
SG_008989,0.30427996725094497
SG_008990,0.13916026342309012
SG_008994,0.2207024485794449
SG_008996,0.21708100039217554
SG_008998,0.15724598877383675
SG_008999,0.08068205196673325
SG_009001,0.2968787803281698
SG_009005,0.11146743208531881
SG_009006,0.1271668795205113
SG_009011,0.1812195551844071
SG_009017,0.16091457976786247
SG_009018,0.16964801963539314
SG_009032,0.12020096121525847
SG_009034,0.11152228590513155
SG_009043,0.3214879546573843
SG_009047,0.10687340848740198
SG_009048,0.09035875399791257
SG_009053,0.06881730507922777
SG_009055,0.11163026105080864
SG_009058,0.09268554052204135
SG_009063,0.2817604518373467
SG_009064,0.3044065120043231
SG_009065,0.24806245864950152
SG_009069,0.2062680895408678
SG_009070,0.20275693665466604
SG_009072,0.20763299559078416
SG_009075,0.1336569278274848
SG_009079,0.14127680949446683
SG_009080,0.2576687963310839
SG_009081,0.12158926301237577
SG_009083,0.12117343874382061
SG_009085,0.09210889164778395
SG_009091,0.18401572882421247
SG_009093,0.17538064654479468
SG_009100,0.054326635569966704
SG_009109,0.19170201013527494
SG_009115,0.11037429878845485
SG_009119,0.15597894102940207
SG_009120,0.2556598483196269
SG_009123,0.15967940450027676
SG_009124,0.1482938009205083
SG_009127,0.06666336601231453
SG_009128,0.10834953563874672
SG_009135,0.22381376124527924
SG_009136,0.26213670648368975
SG_009139,0.08721491588302314
SG_009146,0.3383969628355061
SG_009147,0.24627865013939462
SG_009149,0.09611477337051096
SG_009150,0.2537426509012451
SG_009152,0.3267440142518518
SG_009153,0.1304355831109279
SG_009159,0.18747371530897328
SG_009168,0.1662932092148996
SG_009169,0.2675931246547913
SG_009170,0.07207555402977686
SG_009172,0.08719837868649677
SG_009176,0.11800573441811824
SG_009179,0.15753062229371737
SG_009183,0.17099610808903182
SG_009193,0.19901724038361157
SG_009196,0.23171834026959462
SG_009199,0.1349976092919776
SG_009202,0.19481711565175086
SG_009203,0.08779999264445913
SG_009204,0.09591923147617752
SG_009206,0.10628419619822325
SG_009207,0.2773819461084436
SG_009209,0.10787734435331998
SG_009210,0.2711994105873719
SG_009214,0.24582654167860324
SG_009220,0.16572244830184094
SG_009223,0.10115497547630421
SG_009224,0.12622439847191097
SG_009225,0.12686890271576995
SG_009226,0.4133752409906161
SG_009229,0.14256318866778467
SG_009230,0.2476544445187888
SG_009236,0.27886555469882796
SG_009242,0.12211749447228318
SG_009246,0.23795870843243405
SG_009250,0.16491740312967618
SG_009253,0.28670800770584093
SG_009266,0.3022789240210636
SG_009268,0.15183448855368853
SG_009272,0.23613161699506335
SG_009273,0.08749198853681289
SG_009274,0.17473617743967076
SG_009277,0.2120193786850411
SG_009278,0.13330526820521335
SG_009279,0.13659585485165482
SG_009280,0.14441624650616042
SG_009281,0.12656896653343952
SG_009289,0.27548997184712787
SG_009290,0.2759491389274902
SG_009299,0.11051058891469062
SG_009300,0.12988585853975843
SG_009305,0.0627752283884237
SG_009307,0.21436998765099355
SG_009319,0.06635913261377453
SG_009328,0.09787167332683597
SG_009333,0.1106264637506557
SG_009335,0.12155326496040485
SG_009341,0.18242124217941438
SG_009347,0.15449137786494171
SG_009354,0.22740438850073375
SG_009355,0.3189234408361694
SG_009357,0.15178620043951987
SG_009362,0.20185212441716713
SG_009363,0.3002917805358164
SG_009365,0.10258891151263337
SG_009366,0.28981286003641393
SG_009367,0.16494109248171587
SG_009370,0.20496333060079552
SG_009386,0.14300116838891663
SG_009392,0.10946636466506718
SG_009398,0.13339978467120953
SG_009400,0.12611696177854845
SG_009402,0.1736116768964789
SG_009403,0.13360317136752406
SG_009404,0.11279623350796775
SG_009406,0.19577232381678053
SG_009407,0.21619086264311863
SG_009408,0.05067029556354419
SG_009409,0.07958976011867744
SG_009410,0.2713080375288369
SG_009411,0.1697312514582611
SG_009412,0.1503623000999798
SG_009413,0.12654031712302635
SG_009415,0.14433332421870793
SG_009417,0.16570348750992825
SG_009419,0.13423312910020035
SG_009425,0.2929870240178968
SG_009426,0.22603213710824946
SG_009427,0.20727806759920583
SG_009429,0.06846304276819985
SG_009434,0.22686056700878193
SG_009438,0.11897867196690647
SG_009441,0.13565036304044367
SG_009442,0.13252951920325842
SG_009444,0.2254076823610085
SG_009445,0.2597833030020876
SG_009446,0.11307629806985177
SG_009447,0.13367965978029017
SG_009449,0.14290205399450978
SG_009455,0.11789736309437249
SG_009458,0.19397636621456252
SG_009461,0.31383314576676447
SG_009462,0.37535414024090974
SG_009466,0.11849675876425586
SG_009473,0.12256405754486753
SG_009478,0.24835949850154873
SG_009479,0.1530207037902017
SG_009481,0.1584456440774868
SG_009485,0.1136104774714181
SG_009490,0.24258428664986573
SG_009496,0.12115401903687201
SG_009500,0.1482572363553968
SG_009502,0.3352347567512164
SG_009504,0.19424905996497588
SG_009505,0.16755134716963097
SG_009516,0.11463070479203119
SG_009518,0.22817135330707622
SG_009519,0.21164240065813575
SG_009528,0.12133670958951197
SG_009529,0.20151191778867236
SG_009530,0.09379583595188415
SG_009533,0.1609410548288694
SG_009537,0.09013548018392821
SG_009539,0.08792089395357609
SG_009540,0.10773108738123273
SG_009541,0.20078200386797151
SG_009544,0.11417934032596098
SG_009556,0.1128409566859207
SG_009558,0.14735529611291856
SG_009566,0.09880782905449434
SG_009567,0.1726040078612274
SG_009569,0.08790190260318753
SG_009573,0.186076970555577
SG_009577,0.0813673906748933
SG_009581,0.13936384137706995
SG_009582,0.12432024216648115
SG_009584,0.11467708698445936
SG_009585,0.18279138291392544
SG_009589,0.19852036437347237
SG_009592,0.10774474935455365
SG_009593,0.15287398479487282
SG_009602,0.08517829873599017
SG_009614,0.12215585290453138
SG_009616,0.3035291292165527
SG_009618,0.37730756322475223
SG_009619,0.0973849561753783
SG_009620,0.1541786841357007
SG_009622,0.10930392259131066
SG_009630,0.3026077037201465
SG_009632,0.13612226490048424
SG_009639,0.12369413248233602
SG_009649,0.22446463911315825
SG_009651,0.1817857927401055
SG_009661,0.09703732588107021
SG_009670,0.09729266589561683
SG_009671,0.27133579375507344
SG_009679,0.23475190803558976
SG_009681,0.13545300649755046
SG_009683,0.1289718408365799
SG_009687,0.2959801141778936
SG_009690,0.1716305264260958
SG_009691,0.25089837181795815
SG_009694,0.15785666241580765
SG_009696,0.36394535089322794
SG_009701,0.2435155615815352
SG_009702,0.131412908496799
SG_009707,0.11804479826557761
SG_009716,0.10083751760110148
SG_009718,0.16106393862397395
SG_009727,0.07358724913109677
SG_009736,0.16248035256290552
SG_009741,0.12398334085579452
SG_009744,0.21122715755296484
SG_009746,0.18065420804253748
SG_009747,0.18038712555516534
SG_009751,0.13349362495880843
SG_009754,0.2553900750751074
SG_009757,0.1126672775008124
SG_009759,0.22412372739573366
SG_009760,0.161658587818006
SG_009762,0.08914125093413618
SG_009763,0.1491325792165806
SG_009766,0.16858371326140184
SG_009776,0.2433073912000858
SG_009778,0.27775929961864526
SG_009780,0.29860255253057727
SG_009782,0.2921857763413473
SG_009783,0.04742592482193678
SG_009785,0.1387045956679433
SG_009786,0.26623992400598206
SG_009791,0.1598335013204105
SG_009794,0.12464695313640861
SG_009795,0.21521064586019084
SG_009799,0.1525501898592644
SG_009800,0.2915518872812245
SG_009814,0.23046492852663375
SG_009819,0.09671945239912831
SG_009824,0.11321617339173486
SG_009825,0.28173015450291916
SG_009829,0.28769290261484565
SG_009834,0.29803769147893605
SG_009837,0.24879103887959284
SG_009838,0.1411212316339381
SG_009843,0.13054881730153559
SG_009845,0.11544994238779561
SG_009851,0.20891702419516633
SG_009855,0.26523282787684144
SG_009856,0.2674624451788667
SG_009862,0.12907384891490126
SG_009865,0.10273769440432397
SG_009867,0.07206313539532759
SG_009868,0.2098332498976816
SG_009869,0.0954304298430643
SG_009870,0.2263869445902503
SG_009875,0.10099769627067617
SG_009876,0.21639788637817242
SG_009877,0.2211412541862297
SG_009878,0.23391766379722626
SG_009880,0.2077892707582006
SG_009881,0.14993933607360926
SG_009895,0.3224535933645877
SG_009905,0.14069183110944844
SG_009909,0.1369474444795697
SG_009914,0.1527695455323572
SG_009916,0.1596311464713128
SG_009921,0.10177594324422068
SG_009923,0.22226896351393913
SG_009926,0.2326557942915198
SG_009929,0.29099555198963284
SG_009932,0.1777264004909292
SG_009933,0.1183179076349041
SG_009935,0.0919469838018819
SG_009936,0.17732046766335133
SG_009937,0.13226117868344978
SG_009941,0.042988779808849874
SG_009942,0.16490335246077795
SG_009953,0.243412669769076
SG_009956,0.11854576555456506
SG_009959,0.12999467753329866
SG_009964,0.1359949323039575
SG_009972,0.2467535903552969
SG_009977,0.18445862323254378
SG_009979,0.24696004966833546
SG_009982,0.09957628816914296
SG_009985,0.22825953868543572
SG_009987,0.08212088531488813
SG_009989,0.2622471097894274
SG_009993,0.08446567851783113
SG_009997,0.21825655789722495
SG_009999,0.1779548627773312
SG_010002,0.23935692722588303
SG_010007,0.26263516580050106
SG_010008,0.12600223725928447
SG_010009,0.09779810517295909
SG_010010,0.21912572484649132
SG_010011,0.16082885412219242
SG_010012,0.12299184240386903
SG_010014,0.07303251914248282
SG_010015,0.22394049612117373
SG_010019,0.12628687358365884
SG_010020,0.1096058416968505
SG_010021,0.09791489312422208
SG_010024,0.1505818685928949
SG_010025,0.18337459135720302
SG_010034,0.13443071183335095
SG_010037,0.10066982146099776
SG_010038,0.12067728844279843
SG_010042,0.21913792831362683
SG_010045,0.17706863936694572
SG_010047,0.1349372269866992
SG_010048,0.22493800834452957
SG_010050,0.18383765309649966
SG_010052,0.15195260864088497
SG_010058,0.17974928884601743
SG_010061,0.23036184896499246
SG_010068,0.12291571106737523
SG_010069,0.09198779941832422
SG_010074,0.12454200055806854
SG_010078,0.141541536060966
SG_010081,0.09707479781176216
SG_010084,0.13472640403943834
SG_010085,0.1484535164330058
SG_010086,0.4205380195276629
SG_010088,0.19531901342950578
SG_010091,0.08064136585786147
SG_010092,0.27726209630735577
SG_010099,0.21115281974890954
SG_010101,0.12971535259921824
SG_010103,0.1307974395687358
SG_010104,0.19997964969773438
SG_010106,0.28055487678430613
SG_010109,0.10701438237798906
SG_010115,0.08534636512260488
SG_010116,0.20732495971255235
SG_010117,0.21665418202399245
SG_010123,0.36300217810498364
SG_010130,0.08646069945479183
SG_010132,0.06659106191158685
SG_010134,0.22911843431655834
SG_010142,0.4054838344730119
SG_010144,0.10671822097916128
SG_010146,0.1885102738330376
SG_010151,0.1175329093086892
SG_010153,0.323504105786971
SG_010155,0.20096465635522473
SG_010157,0.23030136830119632
SG_010165,0.07609588655728616
SG_010166,0.049556694189012984
SG_010169,0.08942567159528356
SG_010170,0.15515714769271435
SG_010172,0.046397523954487985
SG_010173,0.17867328846294367
SG_010174,0.17582516952606295
SG_010175,0.16653967800825142
SG_010176,0.20292272298608324
SG_010182,0.09682672610490542
SG_010183,0.1591663699469437
SG_010184,0.14783095867367924
SG_010187,0.15217777591003015
SG_010195,0.09555503748677087
SG_010198,0.14843718140663495
SG_010199,0.12378145268832669
SG_010200,0.08645513709423087
SG_010204,0.22572756898162588
SG_010206,0.19758900403598137
SG_010208,0.19066080007368869
SG_010209,0.08983968379117852
SG_010210,0.20428340584051755
SG_010213,0.13924174348985754
SG_010217,0.18227022788760724
SG_010226,0.3229068654517431
SG_010227,0.1225465955045626
SG_010234,0.13432796740789893
SG_010235,0.11700189678835558
SG_010238,0.2534361689965031
SG_010241,0.13967215584562748
SG_010242,0.05797879647653044
SG_010243,0.10494215234823666
SG_010246,0.21896799574834944
SG_010252,0.33512511885730206
SG_010253,0.30230043106929244
SG_010256,0.1636096320588703
SG_010257,0.16748121712362343
SG_010258,0.08736488636322576
SG_010259,0.3178950214340757
SG_010261,0.1706680027990251
SG_010263,0.12441596542383188
SG_010265,0.05709950127126088
SG_010267,0.09212670679643377
SG_010271,0.25223532107965085
SG_010273,0.14418016263399688
SG_010274,0.059483263277207654
SG_010277,0.21724497335685253
SG_010284,0.09940623959664796
SG_010286,0.17617829782653163
SG_010287,0.35711786770377557
SG_010288,0.12499369220695308
SG_010293,0.1135234376036224
SG_010294,0.17652940595562616
SG_010298,0.13070299748444766
SG_010306,0.21545325135228835
SG_010313,0.13068036392596974
SG_010315,0.2861499783720097
SG_010316,0.2523606923247504
SG_010319,0.10202047458588531
SG_010320,0.3055341241649058
SG_010322,0.15469728663853102
SG_010323,0.2265434171966558
SG_010326,0.0977432578430885
SG_010328,0.17952972849090532
SG_010329,0.3601498431745865
SG_010330,0.23356964607384464
SG_010332,0.08768354255065772
SG_010336,0.26845311842492997
SG_010344,0.20982174699313955
SG_010347,0.2511259208679458
SG_010350,0.1657633344409756
SG_010352,0.38689435203937345
SG_010354,0.19179668682420487
SG_010358,0.1987803100384986
SG_010371,0.1283026124822521
SG_010373,0.1637022106462707
SG_010379,0.0690954419196397
SG_010386,0.16866945966727115
SG_010393,0.10452479100846522
SG_010394,0.18009769997421157
SG_010399,0.34453991493951386
SG_010401,0.17527675105559928
SG_010404,0.09910285218984644
SG_010406,0.1700558455607308
SG_010407,0.12168377569620123
SG_010409,0.3314461783859174
SG_010412,0.1632981692727101
SG_010418,0.06593435917731888
SG_010420,0.07211604449384938
SG_010424,0.32439627247617225
SG_010425,0.15241336445438036
SG_010428,0.28456142594233785
SG_010430,0.26409778242377324
SG_010431,0.21987539381254306
SG_010435,0.12221950804735973
SG_010442,0.31557105267422947
SG_010455,0.14704868454079983
SG_010459,0.19524731978089288
SG_010460,0.26316155748145253
SG_010461,0.24559534993409793
SG_010462,0.0995258805570018
SG_010465,0.07323006668054713
SG_010467,0.15379276480612467
SG_010469,0.19626399123080887
SG_010470,0.2079349718108795
SG_010472,0.028681165504544307
SG_010475,0.24719425723654517
SG_010477,0.3379761913153059
SG_010481,0.2691281427458054
SG_010482,0.1491383900746124
SG_010483,0.1534868950997102
SG_010485,0.24968984887956622
SG_010486,0.09666328923978722
SG_010487,0.23434134638960014
SG_010490,0.1776930392202949
SG_010492,0.1548239128940986
SG_010493,0.13718150661509546
SG_010495,0.10945917166660776
SG_010498,0.156498916680293
SG_010499,0.09798591163476313
SG_010501,0.23612050428369974
SG_010503,0.0728375197722279
SG_010505,0.1047430949932191
SG_010506,0.09668188860707709
SG_010507,0.08244721610395228
SG_010509,0.22223694779593114
SG_010510,0.16827161566015583
SG_010515,0.29438589574113483
SG_010517,0.20801349378748013
SG_010518,0.2166089183818884
SG_010531,0.18916486082096032
SG_010546,0.23226614482289082
SG_010547,0.11556226419501225
SG_010550,0.2739084991897645
SG_010552,0.14566675507158067
SG_010553,0.14430173444649902
SG_010555,0.17002956831460145
SG_010561,0.12405933388221903
SG_010562,0.13765696631559973
SG_010563,0.2122207064791704
SG_010569,0.13759134400220283
SG_010571,0.11979863620862728
SG_010577,0.10528738515979916
SG_010578,0.15073180332932537
SG_010579,0.19311618429362004
SG_010582,0.1808045540304148
SG_010585,0.28257082691120106
SG_010586,0.25466907683319695
SG_010588,0.1292086103561032
SG_010589,0.07256954252515323
SG_010590,0.21130449488319378
SG_010592,0.3046511371218663
SG_010594,0.05311165648644355
SG_010598,0.3179335275499038
SG_010600,0.11303992373887935
SG_010607,0.12762310499919496
SG_010611,0.2501007505211613
SG_010615,0.2724997938904417
SG_010616,0.18748880389155662
SG_010619,0.14994320652899792
SG_010627,0.14212644336618985
SG_010634,0.09406688428093875
SG_010635,0.09216944119983815
SG_010636,0.13483824011931905
SG_010649,0.22312002788143173
SG_010651,0.13953688808035436
SG_010653,0.20632213764004131
SG_010655,0.13900544924180802
SG_010659,0.10341474675907873
SG_010662,0.29901039774748805
SG_010664,0.28972844201202536
SG_010666,0.09384237821461813
SG_010668,0.12820670077679835
SG_010670,0.14665684338807933
SG_010673,0.3302416372353802
SG_010674,0.1342135786324751
SG_010679,0.24273214065049456
SG_010684,0.2113474703926213
SG_010685,0.11987350334493617
SG_010690,0.08036863961193338
SG_010696,0.11661108224704231
SG_010700,0.1839104229885189
SG_010707,0.16951378284380256
SG_010708,0.11226131683364356
SG_010713,0.08212355712738442
SG_010717,0.11878042712614093
SG_010718,0.15328702636904226
SG_010721,0.26650889661990335
SG_010722,0.10605958695297994
SG_010726,0.2924473957761732
SG_010729,0.11438881933453003
SG_010733,0.14401253448197823
SG_010734,0.2248658069335193
SG_010737,0.13729419438774035
SG_010739,0.11450425942596877
SG_010745,0.23528468555697848
SG_010752,0.15187104724232753
SG_010753,0.2736067796582288
SG_010757,0.1355104699397642
SG_010760,0.1887623827009869
SG_010763,0.16049181329420487
SG_010769,0.21732040142073247
SG_010772,0.2599116738795681
SG_010773,0.09365304059393018
SG_010774,0.17386244008088314
SG_010781,0.12257741573179033
SG_010784,0.08036544170695771
SG_010789,0.11331467689574422
SG_010791,0.19002875431509778
SG_010795,0.3159627595368869
SG_010796,0.15302291044503216
SG_010798,0.13319321262082545
SG_010801,0.16844118594303834
SG_010803,0.28541013855704717
SG_010808,0.21925502255983506
SG_010809,0.11657479394409893
SG_010810,0.21652625725420527
SG_010814,0.22543550176265453
SG_010816,0.06161107202189515
SG_010818,0.07082975641289949
SG_010824,0.3034225651667045
SG_010828,0.31676115011886674
SG_010830,0.2988312555216508
SG_010831,0.14276989991463548
SG_010837,0.23144918247785093
SG_010843,0.14788619130328398
SG_010844,0.3220747766574906
SG_010845,0.10045304831433556
SG_010846,0.12638184926827667
SG_010847,0.21140452110692093
SG_010853,0.11356819164937734
SG_010857,0.071041085781617
SG_010860,0.13726381083967945
SG_010863,0.11442554175635675
SG_010865,0.1357255933332927
SG_010870,0.26839667241702575
SG_010871,0.16905367541922905
SG_010872,0.12498526336265464
SG_010876,0.32430602152440163
SG_010881,0.12417492461162402
SG_010882,0.1815295641285022
SG_010884,0.2673171287800207
SG_010887,0.11082407410527877
SG_010888,0.19541934423790724
SG_010889,0.2504676477997055
SG_010894,0.17841561427104896
SG_010896,0.24258487205453375
SG_010898,0.1185019824264674
SG_010902,0.13388764039757556
SG_010904,0.21432554631115758
SG_010907,0.2594834310037964
SG_010911,0.0798090850489624
SG_010922,0.20280514309863926
SG_010930,0.060533101491008004
SG_010946,0.18715236559491955
SG_010951,0.0953589588856882
SG_010956,0.22257847852100426
SG_010960,0.28830272772347
SG_010961,0.15258138149629888
SG_010962,0.1367904303806942
SG_010969,0.1154580911970323
SG_010971,0.11285588904536702
SG_010973,0.29711443282413247
SG_010974,0.10522391379173815
SG_010977,0.06760252133326525
SG_010982,0.08557603508050894
SG_010985,0.11168595446992657
SG_010986,0.1321401493240022
SG_010987,0.2501780022291349
SG_010993,0.10415495769060285
SG_010995,0.06352745516400182
SG_010998,0.3466129698889821
SG_011003,0.1297542511308919
SG_011010,0.09510318587640741
SG_011012,0.15060774101889413
SG_011016,0.1433529027170469
SG_011017,0.13881712095652227
SG_011025,0.1397664308543908
SG_011031,0.2524255778229355
SG_011050,0.07700754073593773
SG_011052,0.18910868361370806
SG_011053,0.2317075977088686
SG_011055,0.16953647566572433
SG_011057,0.20884466258132278
SG_011060,0.07705393347523526
SG_011073,0.18672153231566235
SG_011075,0.22792458010821634
SG_011077,0.10418935180712953
SG_011088,0.10779604812476064
SG_011089,0.16508007126405327
SG_011097,0.09415916531006571
SG_011107,0.14220150954461158
SG_011110,0.15374240932867436
SG_011117,0.15639898858418932
SG_011120,0.2609941503933893
SG_011132,0.16854183220815172
SG_011133,0.08116371266614715
SG_011139,0.39515578507947424
SG_011143,0.28423985031480886
SG_011144,0.1168027220419933
SG_011147,0.2457075112126013
SG_011148,0.15606610577873092
SG_011151,0.07182553115389705
SG_011152,0.29077535423672074
SG_011154,0.13644336479147293
SG_011158,0.16388900694983186
SG_011159,0.2682093886981712
SG_011160,0.2430506370591708
SG_011161,0.18130726172462533
SG_011162,0.13889088935631885
SG_011164,0.14574995132284324
SG_011169,0.11786432694201615
SG_011170,0.09130592862132295
SG_011175,0.17246516091831263
SG_011176,0.20894901203278518
SG_011177,0.18516909087898237
SG_011182,0.18359977199197006
SG_011184,0.2156254378092741
SG_011186,0.15103145748875768
SG_011190,0.09458731031453285
SG_011192,0.24816712522075732
SG_011199,0.09348359583888272
SG_011200,0.11953961121207914
SG_011201,0.11189613114989547
SG_011203,0.10732890029271601
SG_011208,0.3917611441957594
SG_011212,0.1114404412179897
SG_011214,0.1787545040494902
SG_011221,0.28185956418599906
SG_011222,0.1727052071280058
SG_011224,0.0991567634975078
SG_011226,0.2776549124001797
SG_011235,0.23127006919023238
SG_011239,0.0772645636086162
SG_011250,0.11797002165276937
SG_011257,0.20790050863779297
SG_011259,0.1918792282250299
SG_011261,0.16814027253322278
SG_011262,0.2873819442726977
SG_011266,0.18460580623450773
SG_011274,0.0942541140705859
SG_011275,0.08534568643335658
SG_011279,0.08031089409451489
SG_011280,0.12503138085602822
SG_011285,0.09891355131399468
SG_011291,0.13582342719076412
SG_011294,0.10384078322931097
SG_011298,0.19974339273291378
SG_011303,0.11949825635222647
SG_011304,0.08230456119137723
SG_011306,0.10918608316397972
SG_011307,0.20754698099395213
SG_011308,0.26755489414006384
SG_011309,0.1591769858310277
SG_011310,0.20685771018462512
SG_011312,0.2727742960257847
SG_011313,0.36798863588872655
SG_011327,0.11289740535657054
SG_011333,0.14099318890600707
SG_011335,0.22650264920689556
SG_011337,0.11425914088417936
SG_011340,0.07025316498386
SG_011343,0.09314402053109738
SG_011345,0.1080189921417976
SG_011347,0.15118606292999717
SG_011350,0.09407241947963597
SG_011357,0.25453623912841866
SG_011360,0.12335429037893855
SG_011361,0.23864541354336893
SG_011367,0.08566758085351807
SG_011371,0.10511241837873571
SG_011376,0.12150936422530828
SG_011377,0.33977671726852593
SG_011380,0.1252036009879557
SG_011381,0.12608556025154433
SG_011383,0.1292467271788789
SG_011398,0.2576587805947994
SG_011401,0.19104427386370973
SG_011413,0.1875965095681362
SG_011416,0.1387846665261796
SG_011420,0.22063045196239486
SG_011429,0.13348457396011584
SG_011432,0.09871468270309931
SG_011437,0.1269037078999829
SG_011443,0.13466148776712938
SG_011447,0.26929994016815006
SG_011450,0.16388987739620664
SG_011457,0.1439081327863192
SG_011458,0.1518478393311161
SG_011460,0.12810251102720221
SG_011464,0.11941152652351004
SG_011468,0.15696045834348615
SG_011469,0.21306307898927965
SG_011473,0.3270485403433053
SG_011475,0.2297820542342155
SG_011479,0.26049189602895373
SG_011482,0.30842843987427593
SG_011483,0.2998320080821593
SG_011492,0.1535610415981252
SG_011493,0.18180276571902917
SG_011497,0.0980287823998502
SG_011503,0.13558122848549253
SG_011504,0.204905525948551
SG_011505,0.17582210523564712
SG_011512,0.2367513971781048
SG_011519,0.16827709737645105
SG_011526,0.18642110914742116
SG_011527,0.1711840034128092
SG_011528,0.12930426902532338
SG_011532,0.11500397688487722
SG_011541,0.1225530676062175
SG_011544,0.13614887968641726
SG_011547,0.2932695682054607
SG_011548,0.28645751057593183
SG_011552,0.15746969608849137
SG_011566,0.16432360461016393
SG_011567,0.22768986384949025
SG_011569,0.29503644341804625
SG_011575,0.12787387727369312
SG_011576,0.3054156852294019
SG_011577,0.11946068444085463
SG_011581,0.19746652270342088
SG_011584,0.2315632604371952
SG_011586,0.24524081244927948
SG_011593,0.17776332604549822
SG_011597,0.14847309039847173
SG_011598,0.33023531089839153
SG_011602,0.20406494531265434
SG_011605,0.2231734488775249
SG_011607,0.09010769507134088
SG_011612,0.35353187364437705
SG_011616,0.14236656754872676
SG_011617,0.15478219595752774
SG_011620,0.24963553479690895
SG_011622,0.18200358776811895
SG_011625,0.1705211391966901
SG_011626,0.18437048559571098
SG_011627,0.2543268589533303
SG_011632,0.30244543215720426
SG_011633,0.16330638382330542
SG_011635,0.27278044066445944
SG_011638,0.18241279797632487
SG_011640,0.2551527783200416
SG_011645,0.1468611875654819
SG_011649,0.2290263695769355
SG_011656,0.1466814549100949
SG_011662,0.09858191426932653
SG_011663,0.172643106586899
SG_011666,0.11036191190099899
SG_011672,0.09556536750324639
SG_011673,0.16342620826580465
SG_011676,0.2879249182973286
SG_011678,0.1944753531621341
SG_011682,0.14196166289677936
SG_011683,0.11082400162731205
SG_011684,0.09516644805027938
SG_011691,0.14015344969817534
SG_011694,0.08050065107690112
SG_011695,0.1437104619394248
SG_011697,0.1500988473578933
SG_011699,0.10514476263872603
SG_011701,0.1876352036023914
SG_011704,0.2888775091967895
SG_011705,0.13418650883411556
SG_011708,0.17692886973353342
SG_011714,0.30495864601491984
SG_011715,0.17944191950048352
SG_011720,0.13447976693841565
SG_011721,0.05011305424621539
SG_011727,0.10377955815881225
SG_011728,0.1671934821991375
SG_011729,0.1353365303418542
SG_011731,0.10724371713464752
SG_011736,0.19207392781376792
SG_011737,0.1306261187707446
SG_011747,0.15119806315500905
SG_011749,0.2548450051065937
SG_011750,0.1757486778595202
SG_011752,0.17406255379926175
SG_011757,0.2763466764537758
SG_011764,0.14075477856732363
SG_011767,0.11008162458633741
SG_011769,0.28352915906297516
SG_011770,0.2372800252409376
SG_011772,0.24498932891855524
SG_011773,0.11486540520159197
SG_011777,0.13184026455478498
SG_011779,0.12421514303790107
SG_011780,0.22300486533746716
SG_011786,0.3109145537174833
SG_011787,0.21088870843496088
SG_011789,0.07857473683969365
SG_011796,0.090576954669259
SG_011799,0.14729210704395015
SG_011801,0.1648248562666352
SG_011802,0.3056334259267253
SG_011806,0.05117913872988186
SG_011812,0.18823139352004875
SG_011814,0.2595645546793795
SG_011815,0.23203509380560103
SG_011816,0.2473754078281786
SG_011830,0.2126858805340264
SG_011833,0.08373852041632882
SG_011843,0.2048116249269615
SG_011853,0.2857995767693402
SG_011855,0.31339985091936895
SG_011858,0.129821841243567
SG_011861,0.1060792106550779
SG_011863,0.2033249877070503
SG_011864,0.2602695812851511
SG_011868,0.25398072783132375
SG_011869,0.14508331533696284
SG_011871,0.3182896538658538
SG_011886,0.1255116961305646
SG_011889,0.1333026083240563
SG_011890,0.21658604176385018
SG_011894,0.12170346341268679
SG_011896,0.07825251813444918
SG_011898,0.08452527320873882
SG_011900,0.17307503218541703
SG_011918,0.3176748287296885
SG_011922,0.1349665590776622
SG_011925,0.17608771535272635
SG_011926,0.1880474566221597
SG_011927,0.1543302696482678
SG_011931,0.1369804318541454
SG_011933,0.1370121462760854
SG_011936,0.07433447847233483
SG_011939,0.12229229305339351
SG_011940,0.1414057233853835
SG_011953,0.21250356351583535
SG_011955,0.2620305948982595
SG_011956,0.14607070434373273
SG_011959,0.11069147974046314
SG_011961,0.21322684933128963
SG_011962,0.27703277822067884
SG_011966,0.3201728974133616
SG_011969,0.1003991421629247
SG_011971,0.08617438999965164
SG_011977,0.16184721019286474
SG_011978,0.11045244273319477
SG_011983,0.12700780646326318
SG_011986,0.14979318504015476
SG_011988,0.13259139345370202
SG_011993,0.20166760587929736
SG_011995,0.23727007891173843
SG_011996,0.09210693539861377
SG_011997,0.16522592653473175
SG_012000,0.1439961813509426
SG_012013,0.15117772616979147
SG_012018,0.1398064264833078
SG_012019,0.1851738115847544
SG_012020,0.16344029943234908
SG_012022,0.1415240958642366
SG_012031,0.14961468115624038
SG_012040,0.1593523719365353
SG_012041,0.08064170449837092
SG_012048,0.08484843445256914
SG_012050,0.09671210806523393
SG_012051,0.07022894281239699
SG_012052,0.36041850778540513
SG_012064,0.22346710816860105
SG_012066,0.12795918794736882
SG_012068,0.13383925038380282
SG_012076,0.22271131217142257
SG_012077,0.15915230484922124
SG_012078,0.09121697084706232
SG_012079,0.0474759295041496
SG_012080,0.2521661073243077
SG_012081,0.10625677503884463
SG_012082,0.15549274847358552
SG_012086,0.17354075422006915
SG_012089,0.21219322127637635
SG_012097,0.10420962439853214
SG_012104,0.1210701155510668
SG_012108,0.13930312531826372
SG_012113,0.1551514361730187
SG_012119,0.2933470111317516
SG_012124,0.21114478863383568
SG_012125,0.15864291593156976
SG_012141,0.19558472696970364
SG_012143,0.1480026471939721
SG_012145,0.11289786518077392
SG_012148,0.11552607072914402
SG_012150,0.1856281678153023
SG_012162,0.1348680334214016
SG_012165,0.15932562456840535
SG_012166,0.11942468462700138
SG_012167,0.2138537005245356
SG_012168,0.11358179228648385
SG_012169,0.11435104473558755
SG_012170,0.10062720487624018
SG_012175,0.08403176949113147
SG_012176,0.09588259748979923
SG_012177,0.09240570952568437
SG_012181,0.1827122067461206
SG_012186,0.3215990119567104
SG_012190,0.1242565193375399
SG_012192,0.3084596451091784
SG_012194,0.18406375226035987
SG_012195,0.11932118496210785
SG_012198,0.15898243966691303
SG_012199,0.09857587922565257
SG_012205,0.33203432394389254
SG_012206,0.20550480639215943
SG_012211,0.09811298126359314
SG_012212,0.22152188535048165
SG_012213,0.14134285081289027
SG_012216,0.16266053523186633
SG_012217,0.1880820093770414
SG_012218,0.19742245693567442
SG_012220,0.12409052967346373
SG_012225,0.24773064258056796
SG_012230,0.10628705705693113
SG_012232,0.10227436307775323
SG_012234,0.15778482013215187
SG_012238,0.1426919710788611
SG_012241,0.16687056679311715
SG_012243,0.0828579234647777
SG_012247,0.14770682080573086
SG_012253,0.16911838468325313
SG_012258,0.2668741215587853
SG_012260,0.19481270752830476
SG_012263,0.11278720518735676
SG_012264,0.20344951859217897
SG_012266,0.24376131947064453
SG_012270,0.058091419095673946
SG_012272,0.0875922414482499
SG_012276,0.22815988305584473
SG_012277,0.13845014545636236
SG_012278,0.18194452624523183
SG_012279,0.33472383987670834
SG_012280,0.2698803608712577
SG_012281,0.3114996633701162
SG_012283,0.2445643004925152
SG_012284,0.2465631660613782
SG_012285,0.12031057998551752
SG_012290,0.19875783750233567
SG_012293,0.13776252041221984
SG_012301,0.21551925640295963
SG_012305,0.30441497556153474
SG_012307,0.16202922068104827
SG_012308,0.18006112631430432
SG_012310,0.22377136051341584
SG_012312,0.29001774576003997
SG_012313,0.1902100027075062
SG_012316,0.1911422852430985
SG_012321,0.15221130099067212
SG_012322,0.27476361294654367
SG_012326,0.15997819632097596
SG_012334,0.11251608716465362
SG_012336,0.12601839427116812
SG_012337,0.11318227677636047
SG_012339,0.285698232541186
SG_012340,0.1580307906462684
SG_012345,0.10083329213524794
SG_012355,0.25978320311122133
SG_012362,0.23322789952183998
SG_012363,0.18066104581784787
SG_012368,0.2173208448089413
SG_012375,0.09229555674748657
SG_012378,0.06778455269077298
SG_012381,0.1431567825786549
SG_012384,0.10480950259564338
SG_012390,0.15495746438257957
SG_012393,0.15680036578905143
SG_012397,0.10668521286637138
SG_012400,0.19513277505706395
SG_012402,0.1941872522625271
SG_012410,0.12953106743387643
SG_012414,0.09479377888078702
SG_012419,0.10828785933853692
SG_012420,0.34775778524714496
SG_012422,0.1867909562206892
SG_012423,0.29929069377039585
SG_012424,0.08246982585072693
SG_012427,0.10032108385380112
SG_012432,0.13832077937784976
SG_012436,0.3073748461619118
SG_012437,0.27692424820967276
SG_012438,0.28255541959146
SG_012444,0.11535745104141779
SG_012446,0.08486617017912647
SG_012452,0.23903642134498046
SG_012453,0.15101281435301023
SG_012456,0.15793347884386885
SG_012459,0.0804654104929523
SG_012468,0.15415148610627835
SG_012470,0.12546608100710327
SG_012480,0.11950811093434491
SG_012484,0.089711244616542
SG_012489,0.12679255752574264
SG_012493,0.15227844803059934
SG_012495,0.22078451289900214
SG_012499,0.24508328301078877
SG_012501,0.055909912094846914
SG_012502,0.1512472271070427
SG_012504,0.3288301495301803
SG_012506,0.15333668842870068
SG_012509,0.3496790769049567
SG_012510,0.32193302426734
SG_012513,0.16423663551137602
SG_012519,0.19495505101031957
SG_012520,0.16079519284840646
SG_012521,0.11093350326672725
SG_012525,0.16432825523565445
SG_012527,0.18018846864987006
SG_012531,0.16125025238058935
SG_012533,0.33318316019762734
SG_012538,0.12448992488774532
SG_012539,0.31295135863515666
SG_012548,0.2327096696991341
SG_012550,0.2420270648576929
SG_012552,0.15958773097347975
SG_012556,0.14874047396715742
SG_012561,0.2131232575000397
SG_012562,0.08482135766416066
SG_012563,0.18445774766817874
SG_012564,0.21764316535210315
SG_012567,0.09438178171721656
SG_012568,0.2977237373085186
SG_012571,0.22949909051147904
SG_012575,0.06778030406853938
SG_012579,0.24847970364151872
SG_012588,0.16371836748600216
SG_012591,0.1122442339519007
SG_012594,0.1387714229815988
SG_012596,0.0848737545449391
SG_012600,0.27042714655351746
SG_012601,0.13458510853999298
SG_012603,0.1162197219602879
SG_012606,0.07205823334498196
SG_012609,0.30824699898022867
SG_012610,0.10348522523244906
SG_012615,0.08236049840924897
SG_012616,0.14614155834133602
SG_012619,0.08565481864520434
SG_012623,0.16026426577049918
SG_012628,0.1962571173241172
SG_012630,0.24659634799505006
SG_012632,0.2536438095611545
SG_012636,0.2053188798927405
SG_012640,0.041859787535311714
SG_012643,0.2743115279003097
SG_012648,0.29957903430569016
SG_012651,0.11179270001775941
SG_012654,0.1523304275118982
SG_012660,0.2488770009853246
SG_012661,0.23541449855599422
SG_012663,0.1346462371177314
SG_012669,0.1357540649840003
SG_012674,0.13853209967392485
SG_012680,0.1456669540232217
SG_012684,0.20386920377241752
SG_012688,0.13507578262118064
SG_012690,0.18665610651970554
SG_012697,0.15866579833413125
SG_012699,0.14298746857592765
SG_012701,0.11454170940775696
SG_012705,0.17247675747263
SG_012709,0.15901133928875305
SG_012710,0.29588737676489435
SG_012715,0.17392085587525868
SG_012716,0.15798572614869483
SG_012718,0.23818051591727302
SG_012723,0.10348065345127352
SG_012724,0.15695524589590953
SG_012730,0.19000071118677878
SG_012734,0.2373384109440638
SG_012736,0.25868529809984186
SG_012738,0.08479237704252497
SG_012747,0.16341564505583223
SG_012749,0.21336651146900754
SG_012750,0.061795268272567
SG_012753,0.22230389070916018
SG_012754,0.305845453609019
SG_012757,0.09891773914822162
SG_012763,0.17514580817291284
SG_012764,0.13475473429314827
SG_012767,0.26566478488151857
SG_012768,0.14602667108342443
SG_012773,0.08881786127848916
SG_012775,0.11814223681985583
SG_012777,0.2469546675974159
SG_012786,0.14731574111842594
SG_012787,0.33449476170614284
SG_012792,0.24520422764035482
SG_012797,0.17749415287367368
SG_012805,0.1690146818940628
SG_012808,0.1362867851024708
SG_012810,0.32339525889496323
SG_012819,0.25684929885458785
SG_012821,0.30001699706014107
SG_012822,0.1963041530241989
SG_012831,0.11315696983902171
SG_012844,0.20433870025969517
SG_012845,0.09040745477399308
SG_012848,0.05470097784845734
SG_012849,0.28395300140991736
SG_012851,0.2591654767487993
SG_012859,0.07699582088223114
SG_012861,0.1471891984060281
SG_012869,0.23480083146896333
SG_012870,0.1696249263455423
SG_012873,0.19462226087578144
SG_012874,0.18494821181181248
SG_012883,0.08475731842065214
SG_012886,0.1763180201031275
SG_012887,0.11722480563467783
SG_012888,0.11511962790302088
SG_012891,0.09702288305094067
SG_012898,0.15781270521813529
SG_012905,0.2954620717238662
SG_012910,0.30059016405851563
SG_012913,0.13820685874520983
SG_012918,0.24489918120479298
SG_012919,0.13973747093894529
SG_012920,0.11117856827959696
SG_012923,0.09661918318637139
SG_012924,0.21906606383126065
SG_012926,0.35092856400532624
SG_012936,0.24724620569210343
SG_012938,0.2261136468026495
SG_012940,0.0568994099287329
SG_012945,0.168328959262102
SG_012949,0.17542892242511174
SG_012958,0.20138103399314763
SG_012962,0.18514282250125935
SG_012967,0.11191880996250976
SG_012968,0.13630186601641567
SG_012970,0.10071542193135055
SG_012972,0.1292356425328142
SG_012978,0.16787011240407432
SG_012979,0.17537274699607464
SG_012980,0.31332349133975435
SG_012981,0.27925319305556
SG_012983,0.15616142361374782
SG_012984,0.2635317115204605
SG_012989,0.1585809243813946
SG_012994,0.12936778740606433
SG_012997,0.14206827231492647
SG_013002,0.2379169301482336
SG_013009,0.2577491626828504
SG_013017,0.13469770384767651
SG_013023,0.22996991749827728
SG_013028,0.1434854764097699
SG_013030,0.14311357665979624
SG_013033,0.2593944750014732
SG_013042,0.22567830102723227
SG_013043,0.14238000811041443
SG_013045,0.19425827594145315
SG_013063,0.17563677741685518
SG_013064,0.128962709871356
SG_013065,0.14544171289329605
SG_013068,0.2492269090684731
SG_013070,0.16635125006346782
SG_013071,0.13836788040873366
SG_013072,0.24905892480870934
SG_013077,0.11994968955774583
SG_013080,0.3439784981815894
SG_013082,0.22792068329932877
SG_013083,0.17304349742851968
SG_013085,0.3187215176484103
SG_013086,0.13624231644195126
SG_013093,0.12104943328353393
SG_013094,0.1036131572040828
SG_013096,0.33812158953998867
SG_013104,0.22877637698996633
SG_013108,0.11163588397572198
SG_013111,0.10752513201887648
SG_013112,0.1592694534031177
SG_013115,0.2199528561055894
SG_013117,0.16833634169586684
SG_013125,0.07325788669719388
SG_013127,0.1382087301904816
SG_013135,0.1259240672357665
SG_013138,0.20904765442461884
SG_013139,0.11855589019347465
SG_013141,0.25509651764047414
SG_013149,0.25701463773424416
SG_013150,0.2440317298885542
SG_013157,0.18589725437192625
SG_013159,0.26619951529281244
SG_013166,0.114420630466158
SG_013172,0.1916769150653639
SG_013177,0.20689147767420854
SG_013178,0.11017571534118482
SG_013187,0.12780027110903888
SG_013196,0.20495866760295497
SG_013201,0.26975967726656097
SG_013202,0.09893210023375246
SG_013212,0.09049974192929597
SG_013219,0.170895602838755
SG_013222,0.0955451305980109
SG_013223,0.204916327825094
SG_013224,0.368840753407732
SG_013233,0.09634917593379289
SG_013237,0.1031839880098602
SG_013245,0.1747558805835117
SG_013249,0.12753967747517822
SG_013250,0.14812086989839332
SG_013260,0.24513814339774898
SG_013264,0.12472421580419077
SG_013266,0.18639257385683305
SG_013267,0.29393880870979766
SG_013269,0.1345500007143847
SG_013273,0.2704039540200951
SG_013276,0.06378710845483691
SG_013280,0.1959102233383418
SG_013281,0.16832245702664553
SG_013282,0.11247746841709835
SG_013288,0.2563352230439619
SG_013292,0.19823552918955553
SG_013294,0.24954331230152554
SG_013297,0.10668803462995549
SG_013304,0.10477354303484922
SG_013311,0.11617610465059786
SG_013313,0.2373740130735956
SG_013314,0.14746100695885966
SG_013315,0.12208253398360615
SG_013317,0.22179289122764348
SG_013321,0.19197428570058786
SG_013323,0.16520855239454607
SG_013327,0.02194356418621602
SG_013328,0.09554607486063249
SG_013332,0.12178148226319145
SG_013337,0.1418482613752901
SG_013338,0.1189076714700623
SG_013339,0.0628143389816531
SG_013340,0.16093345459888483
SG_013342,0.07377987013829321
SG_013344,0.08065628391690467
SG_013345,0.17190562362871503
SG_013347,0.19228051960225095
SG_013348,0.10965131564222978
SG_013356,0.29806285375382957
SG_013358,0.23329789999678602
SG_013359,0.20867896315496487
SG_013360,0.09773637379616353
SG_013361,0.11892525836421164
SG_013362,0.2863587365062015
SG_013366,0.12922874061429498
SG_013371,0.2349973059892721
SG_013372,0.13953655905972093
SG_013374,0.2204709153113147
SG_013380,0.06506987834699067
SG_013383,0.1804535626218986
SG_013384,0.10060112799581915
SG_013391,0.26027430466821955
SG_013392,0.16717538562959702
SG_013393,0.4944919040598841
SG_013396,0.2771499035538385
SG_013400,0.2317452708478694
SG_013404,0.13385835193513954
SG_013412,0.17855342679593564
SG_013413,0.3290759866984515
SG_013414,0.08813647368790571
SG_013418,0.2833384901366944
SG_013420,0.10177324459308701
SG_013421,0.22302556285111247
SG_013424,0.24173897271537015
SG_013427,0.22510534804213617
SG_013430,0.2373859411101666
SG_013435,0.26892677688408867
SG_013438,0.23195197290336003
SG_013440,0.23047388043954317
SG_013443,0.23362793356158099
SG_013444,0.14723713536489397
SG_013446,0.0682471729064206
SG_013447,0.08637945544813974
SG_013452,0.14049228996420796
SG_013454,0.25738865972350145
SG_013456,0.1473506758409576
SG_013462,0.16436246816145872
SG_013463,0.2710665364875763
SG_013464,0.19322517079643503
SG_013468,0.08249253620363507
SG_013472,0.17138515419630995
SG_013474,0.18525912697635027
SG_013477,0.18442441063381565
SG_013480,0.1468038012427311
SG_013485,0.07676726093313586
SG_013486,0.16829904984626703
SG_013487,0.17798010553470758
SG_013491,0.21923672984818288
SG_013495,0.175068201444082
SG_013499,0.1123945894002753
SG_013504,0.29901022213767503
SG_013508,0.2001277029537643
SG_013509,0.07493494697222526
SG_013515,0.17433234337188014
SG_013523,0.0830936074788856
SG_013528,0.1907446278750093
SG_013538,0.2063432958604655
SG_013542,0.12476230924727733
SG_013543,0.14071514082932515
SG_013544,0.1541566783152495
SG_013545,0.2459210584357421
SG_013546,0.11504945289443355
SG_013548,0.33244183594372445
SG_013549,0.1841370079984875
SG_013552,0.37569892756612727
SG_013553,0.21390084986944288
SG_013554,0.20535256391740977
SG_013557,0.12618657988348378
SG_013558,0.2297142738171668
SG_013561,0.27184753179353865
SG_013563,0.18367510892609087
SG_013565,0.15599031791097565
SG_013567,0.1124470990831196
SG_013568,0.08941126698786941
SG_013571,0.25657507876034913
SG_013574,0.1980228475467779
SG_013575,0.11146649235157793
SG_013578,0.24754966143483226
SG_013579,0.22379593146838472
SG_013580,0.17720707408250816
SG_013586,0.10968103733829446
SG_013588,0.08703434090421
SG_013591,0.1632883295697991
SG_013598,0.3275548651724183
SG_013601,0.2530068015817577
SG_013602,0.29102623398181965
SG_013604,0.188347806632096
SG_013608,0.23180806481539595
SG_013610,0.17206524372825763
SG_013612,0.21418941649532236
SG_013613,0.10636612246158943
SG_013616,0.12487286814065868
SG_013619,0.12586865112295983
SG_013624,0.2538138456516459
SG_013626,0.2322658154142804
SG_013628,0.21778205031056833
SG_013629,0.08435017108441178
SG_013633,0.14665744471320125
SG_013635,0.08335302465327733
SG_013637,0.15652646027825717
SG_013638,0.15094284284621148
SG_013639,0.18876339876991702
SG_013641,0.14902079847085242
SG_013646,0.16488701580717646
SG_013653,0.12066316071187565
SG_013667,0.1544100893853484
SG_013668,0.19224509185687663
SG_013670,0.12589281247840156
SG_013675,0.34985033262962667
SG_013677,0.16843406059634294
SG_013678,0.20980946130233516
SG_013681,0.16285292839758433
SG_013682,0.31032234380932416
SG_013683,0.23500435494551364
SG_013684,0.14893587711488854
SG_013685,0.12695480160348474
SG_013686,0.1704492420213616
SG_013690,0.16952448499463174
SG_013695,0.11037894199622368
SG_013705,0.17540034478322175
SG_013706,0.11617985707253849
SG_013708,0.08016180205359824
SG_013711,0.0861460916213175
SG_013713,0.28957909084042566
SG_013715,0.09366563121307127
SG_013716,0.1971726505971802
SG_013726,0.15501423392858665
SG_013727,0.09109543977836662
SG_013728,0.1560126140086713
SG_013731,0.14875033818893418
SG_013733,0.06765150477446999
SG_013737,0.15464792832461755
SG_013740,0.23836914485264202
SG_013741,0.17965353249766014
SG_013744,0.09100142828848977
SG_013745,0.24111865678124764
SG_013746,0.1181181554595719
SG_013747,0.1814291912620933
SG_013749,0.19871840077061104
SG_013755,0.14450225184041204
SG_013759,0.17979528466931866
SG_013765,0.13949454905120562
SG_013766,0.20000974181339753
SG_013769,0.10415276341492753
SG_013773,0.2737220028101692
SG_013785,0.1433265046146844
SG_013793,0.11453908342787422
SG_013800,0.09772282526166082
SG_013808,0.22655253283644913
SG_013815,0.15490718713128374
SG_013827,0.09589634092604371
SG_013840,0.08839952804098843
SG_013841,0.0920902474183037
SG_013842,0.14005137719885732
SG_013844,0.22831341636975433
SG_013845,0.1720923162670492
SG_013849,0.13092826842567978
SG_013850,0.1430599860218506
SG_013851,0.10235172079101741
SG_013853,0.1970684272828782
SG_013854,0.13001040646310394
SG_013855,0.1715173296182105
SG_013857,0.2198166849183196
SG_013860,0.26309748422623586
SG_013862,0.2367159516745288
SG_013867,0.2572307119348073
SG_013868,0.14682449862272723
SG_013870,0.1412163065844356
SG_013883,0.08312978560984971
SG_013884,0.11544001268054918
SG_013885,0.2573085284313057
SG_013892,0.2300772716033995
SG_013896,0.08218878309834275
SG_013898,0.23215723880400022
SG_013901,0.2359651806170547
SG_013905,0.19636540456163948
SG_013906,0.18087892200855174
SG_013907,0.1174705996141467
SG_013910,0.18263463684109754
SG_013912,0.16229576204284094
SG_013914,0.16977132736757822
SG_013919,0.27811335422900935
SG_013922,0.21144458999303659
SG_013943,0.10749290144518979
SG_013944,0.17250383812995912
SG_013946,0.13056080702494965
SG_013948,0.12011233912714885
SG_013949,0.15040200209803534
SG_013953,0.13454412891991874
SG_013962,0.2829903607347646
SG_013965,0.167630407123554
SG_013969,0.24637777606317016
SG_013974,0.09539576704345061
SG_013978,0.16798975930916377
SG_013979,0.10053509018694382
SG_013980,0.290195662397645
SG_013986,0.15646896546640363
SG_013997,0.13685893505139324
SG_014000,0.1588994856792888
SG_014004,0.07061668270553235
SG_014009,0.18391836611436393
SG_014010,0.14520043041966774
SG_014012,0.14373652111737523
SG_014014,0.23572175597633468
SG_014015,0.20441852829794185
SG_014016,0.14237741576740306
SG_014017,0.3015771572089843
SG_014018,0.06691119742566477
SG_014020,0.14207538708711664
SG_014021,0.14840202866923016
SG_014022,0.21354650860922267
SG_014023,0.17886921681955972
SG_014026,0.27630835364540196
SG_014030,0.13947173849734562
SG_014031,0.1290485832028381
SG_014036,0.11489467339599288
SG_014037,0.0659877125446821
SG_014039,0.16510314203222695
SG_014045,0.2136228163032557
SG_014046,0.17825212281018943
SG_014047,0.19646410942025663
SG_014050,0.05686435905583135
SG_014053,0.19226702920354571
SG_014058,0.26318717002555264
SG_014059,0.2656707626610875
SG_014062,0.18580453137844
SG_014067,0.22438405781989665
SG_014072,0.07989795014187182
SG_014073,0.1855334449983346
SG_014075,0.1940943417417215
SG_014081,0.16988821385161107
SG_014085,0.1650250097639316
SG_014088,0.1499151780778323
SG_014096,0.23937760276004116
SG_014099,0.2419026261414757
SG_014102,0.14638737351063785
SG_014105,0.15058802547089373
SG_014111,0.28391341446279966
SG_014113,0.16367304705363273
SG_014116,0.0968785089725725
SG_014122,0.17641160530246464
SG_014123,0.13897814293181976
SG_014124,0.20247647936048907
SG_014130,0.24032162893682613
SG_014132,0.14460351166082697
SG_014135,0.3023452413182061
SG_014136,0.14774333371124576
SG_014139,0.19293085631763024
SG_014140,0.22263462692120906
SG_014141,0.19294196723020787
SG_014146,0.19280081049805017
SG_014155,0.16659843386625975
SG_014157,0.1366147252428093
SG_014161,0.19745065000157874
SG_014162,0.14481149185176276
SG_014165,0.16485249504101063
SG_014167,0.29548397388273717
SG_014168,0.24803425566534998
SG_014172,0.09441194976466745
SG_014176,0.1270821497062773
SG_014177,0.30611130129449676
SG_014184,0.35911840599850203
SG_014186,0.18713385207241556
SG_014188,0.17970504268758158
SG_014190,0.10867690797461063
SG_014191,0.11284334668080347
SG_014192,0.08575517335290743
SG_014194,0.20505521917137157
SG_014196,0.14749001577778853
SG_014197,0.2718822880960272
SG_014205,0.18227392664071573
SG_014210,0.14278265886733463
SG_014217,0.21334862898114543
SG_014219,0.25183038793339996
SG_014223,0.28623911907926175
SG_014235,0.0655389922963243
SG_014237,0.26056543482477573
SG_014243,0.19648949453131595
SG_014248,0.2488189295661085
SG_014249,0.20191894136150149
SG_014259,0.17031522159887658
SG_014269,0.22768139253722613
SG_014270,0.2021500928643169
SG_014272,0.08226003688339534
SG_014277,0.1378734447223304
SG_014288,0.14008342096502557
SG_014290,0.07987403749037343
SG_014292,0.24705330078597082
SG_014293,0.10507973766492651
SG_014295,0.1585740815970195
SG_014299,0.12506572382825487
SG_014308,0.19869966796020744
SG_014309,0.12191392853683929
SG_014311,0.3645617320867581
SG_014314,0.27492690982273554
SG_014319,0.08894860044252662
SG_014320,0.12698297315513063
SG_014321,0.3133233471917086
SG_014328,0.2067477290088954
SG_014334,0.07905018581214811
SG_014335,0.12042481593461374
SG_014339,0.25619578619630334
SG_014342,0.073847203319687
SG_014343,0.3530521160846567
SG_014345,0.08907859896858013
SG_014363,0.1084811701845289
SG_014368,0.2217098752177691
SG_014370,0.04599719335813294
SG_014373,0.13928690448428432
SG_014375,0.1323093686628342
SG_014380,0.2573362957238579
SG_014383,0.26310336453150335
SG_014385,0.2668323134714846
SG_014386,0.15484158369499493
SG_014387,0.12595845146645926
SG_014389,0.13345079295470455
SG_014391,0.10934319189927745
SG_014394,0.3922156314968019
SG_014398,0.25241549883130326
SG_014402,0.08800946929062044
SG_014409,0.16074629818118752
SG_014411,0.21385014321638196
SG_014415,0.18973668374459499
SG_014416,0.2403413815778043
SG_014418,0.09688016233232453
SG_014425,0.1318165870561203
SG_014426,0.31144790131148753
SG_014431,0.153258662689679
SG_014432,0.2641353831861092
SG_014446,0.32294379336985907
SG_014447,0.1356358144352338
SG_014457,0.15675663550206853
SG_014465,0.1776354838700207
SG_014466,0.10624639584728139
SG_014469,0.12272777505689195
SG_014474,0.08984882348640678
SG_014484,0.15056001914108966
SG_014486,0.0846436220499835
SG_014488,0.11375648785431236
SG_014491,0.13634562850862764
SG_014495,0.19388878223097852
SG_014512,0.2752109220886203
SG_014514,0.1219593400050715
SG_014516,0.16367100199216097
SG_014519,0.12276604646249273
SG_014522,0.094919562198405
SG_014529,0.17524584617988015
SG_014538,0.20126377823714303
SG_014544,0.20960309187098122
SG_014551,0.15578719059785925
SG_014552,0.1906696670021629
SG_014556,0.14239303614250282
SG_014562,0.18030106638972201
SG_014565,0.08494444047229611
SG_014566,0.25412960618613945
SG_014568,0.06388093658927997
SG_014569,0.09082285396802466
SG_014570,0.21750003553063996
SG_014578,0.11731378884413883
SG_014579,0.26459034489868727
SG_014581,0.14413285457837766
SG_014582,0.16890115008935316
SG_014583,0.1021508575899797
SG_014587,0.1883456496305653
SG_014594,0.1419242288059673
SG_014596,0.2251722983923361
SG_014597,0.20853481138790664
SG_014607,0.21503938638271725
SG_014611,0.1400055218034271
SG_014616,0.11070988592336534
SG_014617,0.11448245568476746
SG_014618,0.1179061729049967
SG_014619,0.08855078016499171
SG_014621,0.2557846795723091
SG_014626,0.16420709381336873
SG_014634,0.09148349586496035
SG_014635,0.1528707209374962
SG_014636,0.10763900708087965
SG_014637,0.14549395671727638
SG_014640,0.14096739275502448
SG_014641,0.18985746794582126
SG_014645,0.12410381298076353
SG_014647,0.10341129210156806
SG_014653,0.15982149789076272
SG_014655,0.10243231390528783
SG_014656,0.26298104458679056
SG_014657,0.3377148248222103
SG_014660,0.18097866304968732
SG_014667,0.11004854637551384
SG_014672,0.19017368061233159
SG_014677,0.09259668802272374
SG_014680,0.1821705190763542
SG_014681,0.2073540384905713
SG_014687,0.19358004737387885
SG_014690,0.15923068794353862
SG_014691,0.15356268037394413
SG_014700,0.2726078883732569
SG_014701,0.24786717469651912
SG_014702,0.2853782768869282
SG_014703,0.08502953016567197
SG_014712,0.14976726126095355
SG_014713,0.08508706058526747
SG_014718,0.09153947119273816
SG_014720,0.28893448430818175
SG_014723,0.12736902547519846
SG_014729,0.29769545776537326
SG_014731,0.17185099705170437
SG_014733,0.25765071424587566
SG_014735,0.260845249782666
SG_014742,0.027236304467276984
SG_014746,0.08057171696386826
SG_014748,0.13042817578194768
SG_014749,0.1532635002558518
SG_014753,0.13233449449462312
SG_014754,0.12379335978459288
SG_014757,0.15381325424743478
SG_014771,0.15440750306349232
SG_014774,0.18508446522222952
SG_014777,0.23909352772508502
SG_014778,0.25476136783901315
SG_014780,0.13541144255389506
SG_014787,0.3010373706680962
SG_014800,0.13819806365690768
SG_014801,0.2927659234172554
SG_014802,0.06751858148283545
SG_014803,0.1651056310827684
SG_014808,0.061598905932440676
SG_014812,0.11770195141888393
SG_014813,0.10355420326920946
SG_014815,0.21699310881917835
SG_014824,0.06523139339250772
SG_014825,0.1565830276198914
SG_014827,0.1332217433963459
SG_014830,0.09894303219201732
SG_014834,0.09557132375321405
SG_014839,0.20758181308110168
SG_014844,0.3368607742297793
SG_014865,0.2586966383162827
SG_014866,0.08734012463549362
SG_014867,0.1993453238244665
SG_014871,0.2533071534054137
SG_014874,0.11786945568808163
SG_014875,0.19613711704868228
SG_014879,0.09493481469839357
SG_014880,0.0827222506448228
SG_014882,0.12791675457690366
SG_014885,0.3252893585032197
SG_014887,0.258534907601691
SG_014894,0.13722468605633484
SG_014895,0.11975843704291889
SG_014898,0.10504889156925083
SG_014900,0.14994906580484124
SG_014906,0.253852031500346
SG_014909,0.09739878263958464
SG_014914,0.15623127384218263
SG_014919,0.1037597390119886
SG_014921,0.13129777383266672
SG_014939,0.3476272218039336
SG_014940,0.17386331772263683
SG_014945,0.23759945952142467
SG_014946,0.06362710809691681
SG_014951,0.25553013787845985
SG_014953,0.40126798954862014
SG_014955,0.20559320339965365
SG_014959,0.14405699782628695
SG_014961,0.1747903720027707
SG_014964,0.22009594758605924
SG_014965,0.09816622544840593
SG_014966,0.18749923918041972
SG_014969,0.3132321650830948
SG_014972,0.22515356589290997
SG_014976,0.2661538450879499
SG_014979,0.06346898468169307
SG_014980,0.2382058354773481
SG_014984,0.19821830412864846
SG_014990,0.04580338182505021
SG_014998,0.12639466008588598
SG_014999,0.09592116252542736
SG_015001,0.2164333976937368
SG_015002,0.17021883121122702
SG_015014,0.1274971903945876
SG_015015,0.13506508178550605
SG_015021,0.16657763911435522
SG_015026,0.14645108836586662
SG_015031,0.29153595777125735
SG_015036,0.09497206801396318
SG_015039,0.08469511935144615
SG_015042,0.16020741251112772
SG_015044,0.1270697651824371
SG_015046,0.20185378136054405
SG_015047,0.24102003095389307
SG_015050,0.12756925914612435
SG_015054,0.23191506962659172
SG_015066,0.13712952093881045
SG_015068,0.318549110214246
SG_015071,0.11940521382641354
SG_015075,0.10006726547874854
SG_015076,0.09540614062265095
SG_015081,0.3080677172907617
SG_015082,0.14328869245801776
SG_015085,0.10255527083600594
SG_015093,0.2773010557902434
SG_015095,0.14921265402900616
SG_015099,0.12601693259886668
SG_015102,0.15188289298112254
SG_015103,0.2640954527211288
SG_015111,0.17714184279237247
SG_015112,0.12649102690066596
SG_015118,0.11826177422387682
SG_015125,0.17086660057304034
SG_015126,0.1391234738705994
SG_015127,0.21381112782978892
SG_015129,0.12258038423026815
SG_015134,0.21661882541941535
SG_015135,0.20100989270219727
SG_015137,0.11250013931527589
SG_015138,0.36658409695048566
SG_015144,0.18530542756962265
SG_015146,0.13036759975610518
SG_015152,0.13569478476178695
SG_015155,0.11982194422520717
SG_015158,0.23433678608310862
SG_015159,0.08277424718696123
SG_015161,0.21531799305072108
SG_015165,0.2633837548533713
SG_015167,0.24285727902651627
SG_015169,0.19188148070695885
SG_015176,0.3070384426888138
SG_015180,0.12055411563284538
SG_015183,0.16113264746080588
SG_015189,0.16782663312882976
SG_015190,0.10724078423453184
SG_015192,0.19891734681670073
SG_015195,0.16048362745291236
SG_015197,0.1949379860529487
SG_015201,0.24322009617264873
SG_015202,0.10774300352863676
SG_015214,0.14265112687935577
SG_015215,0.22123878815460285
SG_015217,0.11810762278731929
SG_015222,0.15281554593554436
SG_015224,0.07664707988149609
SG_015235,0.15576738581387606
SG_015239,0.10758368065653831
SG_015246,0.10509954564978993
SG_015251,0.13782427912901182
SG_015252,0.19394985773296833
SG_015256,0.2178958875224672
SG_015257,0.2076661058686839
SG_015261,0.16674039765005852
SG_015262,0.17612960008566692
SG_015263,0.24447432933960345
SG_015269,0.1384065183994191
SG_015270,0.11525397681377673
SG_015272,0.12266136403331435
SG_015276,0.2710063898921866
SG_015277,0.10256570889305315
SG_015278,0.10023878448417899
SG_015279,0.18293876462106268
SG_015280,0.30042536146617443
SG_015283,0.17493423382683573
SG_015284,0.328540382681516
SG_015289,0.36185150153527684
SG_015290,0.1042082409354681
SG_015294,0.16522768768139445
SG_015296,0.1037454805771906
SG_015297,0.35686635204677547
SG_015302,0.13932089095776415
SG_015304,0.26246096755828624
SG_015308,0.15686088182922095
SG_015309,0.1580728770567468
SG_015312,0.18122318416244082
SG_015317,0.27377706853445827
SG_015322,0.12488021011273887
SG_015323,0.19535644100273078
SG_015326,0.20008734627472022
SG_015329,0.09693904818032636
SG_015337,0.11060366486505309
SG_015339,0.20372882673267376
SG_015340,0.10702853097064935
SG_015341,0.24249051792636056
SG_015346,0.17099578622133257
SG_015348,0.1771386610935635
SG_015349,0.18287265947304787
SG_015351,0.2670039465977878
SG_015355,0.12935764858789187
SG_015356,0.2116083939502732
SG_015360,0.12107069969735998
SG_015361,0.1520501903593536
SG_015362,0.366944599484401
SG_015363,0.12330453012229875
SG_015369,0.13007319079555704
SG_015372,0.17312902936756727
SG_015375,0.09237255232062978
SG_015381,0.17753106097681132
SG_015382,0.08506914106996015
SG_015383,0.11245168792386763
SG_015384,0.2985354441550698
SG_015388,0.19019755212387288
SG_015395,0.11420857207401394
SG_015397,0.10062107012185707
SG_015399,0.20209286183354278
SG_015400,0.3121998547231399
SG_015401,0.13359537500177837
SG_015402,0.1744751394653219
SG_015403,0.17822145159374614
SG_015406,0.19347694491900297
SG_015412,0.19951111102729813
SG_015421,0.256183713921367
SG_015424,0.08029264737725997
SG_015425,0.14616779391480506
SG_015428,0.16763612342978856
SG_015430,0.20693575744125356
SG_015431,0.1467327743682759
SG_015439,0.1100586644541888
SG_015440,0.07318415389724124
SG_015446,0.21952011045421396
SG_015447,0.15641079338902655
SG_015448,0.15536190718961423
SG_015452,0.14633118377138063
SG_015454,0.3273247337273368
SG_015458,0.21543885808656454
SG_015462,0.1363502960805638
SG_015463,0.2091416667139805
SG_015464,0.16352217676751502
SG_015466,0.14224476768131797
SG_015467,0.24310468391348444
SG_015470,0.13496978573996996
SG_015473,0.12439621421343815
SG_015479,0.10011439829637671
SG_015481,0.20829372270872448
SG_015483,0.1622309601060416
SG_015492,0.22147922934847813
SG_015495,0.08753740977708965
SG_015498,0.19910702636909214
SG_015503,0.17258578236568065
SG_015507,0.23039689723996415
SG_015512,0.10133219211689992
SG_015514,0.14760018730332752
SG_015517,0.2536219416055783
SG_015520,0.2398534973648298
SG_015524,0.14288314624054724
SG_015526,0.12230654340548429
SG_015527,0.11481806532433081
SG_015535,0.1598284063096403
SG_015537,0.15867018226185747
SG_015538,0.19413902369780606
SG_015540,0.2538854520336434
SG_015542,0.08172571864182133
SG_015543,0.3003534609752027
SG_015544,0.15654786626760692
SG_015546,0.27920230200292223
SG_015547,0.18087041257593472
SG_015550,0.13264218176090536
SG_015556,0.11630860802798883
SG_015558,0.21606045104264518
SG_015559,0.2600017696430921
SG_015560,0.17970293910535937
SG_015562,0.08667761662616834
SG_015565,0.10139700655428059
SG_015568,0.28744617982327264
SG_015572,0.1275514413836054
SG_015576,0.05446166885763047
SG_015578,0.062155467269018994
SG_015580,0.1816309291979695
SG_015582,0.08488871480574825
SG_015584,0.1377519159129421
SG_015585,0.15838511478492975
SG_015586,0.11473003034285865
SG_015587,0.12069147645947438
SG_015589,0.20560668652700642
SG_015590,0.1671353234350397
SG_015591,0.2120958319753062
SG_015593,0.21544038188483647
SG_015597,0.23291293639539049
SG_015598,0.21089100981577683
SG_015600,0.27022487178013777
SG_015606,0.2498269506564416
SG_015613,0.21552158255699083
SG_015615,0.2302385026599351
SG_015617,0.10766322633273578
SG_015619,0.14547838855527911
SG_015623,0.14369408155812802
SG_015627,0.27505053652540995
SG_015637,0.09709093734750027
SG_015641,0.1660265673542734
SG_015644,0.19904232064275587
SG_015649,0.12398103425556792
SG_015654,0.28669188290172887
SG_015655,0.27384018251204423
SG_015656,0.10758166536719753
SG_015659,0.1353472803631454
SG_015662,0.2645074302928474
SG_015664,0.06686842633586529
SG_015671,0.26158191095790473
SG_015675,0.05642474220296858
SG_015678,0.15765499629494806
SG_015680,0.17078511801338514
SG_015681,0.07668647429248902
SG_015682,0.2790621470319154
SG_015684,0.1156383347610665
SG_015693,0.2176891615077247
SG_015708,0.3101289222708729
SG_015715,0.13316999577615757
SG_015716,0.17166372345656405
SG_015718,0.07714691848087257
SG_015721,0.1908927772471382
SG_015724,0.19500179112861582
SG_015726,0.2328725505264777
SG_015729,0.14093753085852095
SG_015730,0.3001230779895355
SG_015735,0.09669790627038383
SG_015738,0.23047573361512563
SG_015743,0.11278988409028577
SG_015744,0.09304194875486461
SG_015746,0.06806427315904383
SG_015756,0.13669010808206705
SG_015762,0.25465324429920005
SG_015763,0.15477480599492166
SG_015766,0.18212916124674988
SG_015769,0.23392483013646845
SG_015770,0.13069798210537675
SG_015772,0.1462659113080792
SG_015773,0.2360935138671013
SG_015780,0.1033263990879685
SG_015790,0.184732189235964
SG_015797,0.11279240922305116
SG_015806,0.11962626777694331
SG_015810,0.2952217410196101
SG_015815,0.1287086210040852
SG_015817,0.24033705516209863
SG_015818,0.19684753535357788
SG_015819,0.17184398558110237
SG_015820,0.1638572947133311
SG_015827,0.39335670051221927
SG_015828,0.09956270418829362
SG_015829,0.14460910344318856
SG_015832,0.11310950357878194
SG_015833,0.22234352182090295
SG_015834,0.10765159347092369
SG_015838,0.23603263253191684
SG_015840,0.08885261672879409
SG_015842,0.14954015527220266
SG_015845,0.09313421951861277
SG_015849,0.13589380109042004
SG_015857,0.1606659302938314
SG_015859,0.04447931082644804
SG_015860,0.41762131849031814
SG_015867,0.12870080618179597
SG_015873,0.18934224831743082
SG_015878,0.1540272031164127
SG_015879,0.0643939706721902
SG_015880,0.26376963292248434
SG_015881,0.0687087500055498
SG_015884,0.14636826503864525
SG_015885,0.12589058865203478
SG_015891,0.23169375297190625
SG_015893,0.15450394058616396
SG_015898,0.14682535599040997
SG_015900,0.22884171761288918
SG_015901,0.12846561854065683
SG_015907,0.1328765528620253
SG_015908,0.18929929447201893
SG_015910,0.29226986902397734
SG_015914,0.24842098114100014
SG_015917,0.26711904340075576
SG_015921,0.3466471557053297
SG_015922,0.2063518088944011
SG_015928,0.26186510000016666
SG_015939,0.10894997129342665
SG_015940,0.10162220598282591
SG_015942,0.2753135365138908
SG_015943,0.3213401981370523
SG_015947,0.14257161712975297
SG_015950,0.20480126261705087
SG_015951,0.2153927605656909
SG_015955,0.10856784118893563
SG_015964,0.25295172099668184
SG_015965,0.16150169652741614
SG_015972,0.18546264880652888
SG_015973,0.11174770962104094
SG_015975,0.09130667506904314
SG_015977,0.2121135587131506
SG_015978,0.2326526246865814
SG_015979,0.3241833197388285
SG_015980,0.1173230084052314
SG_015981,0.18213225969369995
SG_015985,0.26506329546775564
SG_015988,0.12499398895369979
SG_015989,0.22037691837460385
SG_015990,0.24199014853295278
SG_015998,0.2636697117298031
SG_015999,0.08830698580168665
SG_016002,0.20071467979641222
SG_016003,0.12515279672059368
SG_016004,0.15056139148145584
SG_016008,0.39783404317757304
SG_016010,0.25777290693114024
SG_016013,0.20803292236791923
SG_016015,0.13398703856562616
SG_016020,0.11204593176898552
SG_016021,0.18013899443091738
SG_016022,0.10682749714311159
SG_016027,0.2708828197992794
SG_016028,0.15212133104808195
SG_016029,0.09088350660874511
SG_016030,0.31636964274142465
SG_016045,0.14504987701899305
SG_016048,0.20847191645379312
SG_016049,0.09638499134722331
SG_016054,0.3885654536247848
SG_016056,0.16326264804175952
SG_016060,0.14335816751703104
SG_016065,0.06907881950528608
SG_016081,0.10019067954407461
SG_016085,0.09560771186711538
SG_016089,0.13143436537826267
SG_016091,0.2602913344295387
SG_016092,0.21055224196318983
SG_016101,0.2558724460844364
SG_016102,0.315916325930233
SG_016103,0.16343309866717987
SG_016108,0.08438587217790967
SG_016109,0.19270288557202372
SG_016111,0.2444146550710396
SG_016113,0.12166184580717489
SG_016114,0.10859439716278518
SG_016115,0.12104159048047165
SG_016116,0.20821479698398765
SG_016119,0.11070959964803286
SG_016124,0.1525097764672318
SG_016127,0.13619173516040148
SG_016132,0.2830563651732338
SG_016133,0.15892961556260354
SG_016134,0.1712028554104913
SG_016138,0.09487986354752743
SG_016140,0.25973642048190076
SG_016146,0.2790101380426919
SG_016147,0.12289960028848539
SG_016156,0.28077719583822264
SG_016158,0.13151208219584049
SG_016159,0.12931673213564557
SG_016160,0.08604973305792822
SG_016161,0.06548767333351412
SG_016163,0.21838501536019422
SG_016164,0.18850033133481847
SG_016165,0.2605657017992525
SG_016166,0.09950397996931781
SG_016171,0.22404835401569598
SG_016172,0.2506202655975748
SG_016174,0.1350935606480378
SG_016176,0.180118210755018
SG_016179,0.3225315084572231
SG_016181,0.22122777974755725
SG_016183,0.051373978104343535
SG_016185,0.19753137496270315
SG_016186,0.09590927215142793
SG_016187,0.07301723648786855
SG_016188,0.2574398728489532
SG_016190,0.08392225693734744
SG_016194,0.23015193986205804
SG_016195,0.10957126929874766
SG_016196,0.27309743534459896
SG_016197,0.1581727899125125
SG_016211,0.09903698950463605
SG_016214,0.2514510339211139
SG_016215,0.1551735981930966
SG_016219,0.17040771318754905
SG_016221,0.17587205359502978
SG_016222,0.19672057221943579
SG_016224,0.1399467650624765
SG_016225,0.23301977499123624
SG_016233,0.14693914727024904
SG_016234,0.12327510525412123
SG_016235,0.12041503317965135
SG_016238,0.08634470374417094
SG_016242,0.27988131107494324
SG_016244,0.06295030110826115
SG_016245,0.07302758842500476
SG_016246,0.1699052747891308
SG_016249,0.12022307656108994
SG_016251,0.3617238704555532
SG_016252,0.28606188368922075
SG_016259,0.14305928255525321
SG_016262,0.14711348366193128
SG_016263,0.0985353694755571
SG_016268,0.14473143653715445
SG_016270,0.11213224017559277
SG_016272,0.26347252125925896
SG_016273,0.24757531447917214
SG_016275,0.33419230880267836
SG_016278,0.2166735391106445
SG_016282,0.20498687519564415
SG_016285,0.10510447564089392
SG_016289,0.18267090076593137
SG_016292,0.1159902339361881
SG_016297,0.12021259673074501
SG_016299,0.17132691052080046
SG_016310,0.16888116969437908
SG_016315,0.16030228735261784
SG_016316,0.14431709674318555
SG_016318,0.09430460634562374
SG_016324,0.1433224070398087
SG_016326,0.1338054065790169
SG_016327,0.27877875823280657
SG_016330,0.009320567087889958
SG_016331,0.22070028058431948
SG_016332,0.06478635423413215
SG_016333,0.28049290066459487
SG_016334,0.15383667893428496
SG_016337,0.08653885309601068
SG_016341,0.18549278364542293
SG_016343,0.11934888865393736
SG_016345,0.26317449716486285
SG_016346,0.10462729886236595
SG_016349,0.16133153849381285
SG_016351,0.13735887470662334
SG_016352,0.07705674759041223
SG_016354,0.2174813022363253
SG_016363,0.1944495490237225
SG_016372,0.18258883959402245
SG_016375,0.2031387954768285
SG_016382,0.14820915010091498
SG_016384,0.2272381708606571
SG_016386,0.10467786531652137
SG_016389,0.162813289642395
SG_016392,0.18421154964361025
SG_016393,0.1270722784522783
SG_016394,0.17454826708372498
SG_016401,0.12277368252965794
SG_016402,0.12040035285432892
SG_016405,0.29692576681394717
SG_016414,0.15888877062675777
SG_016421,0.08175033626420122
SG_016424,0.1837154640327663
SG_016425,0.11177532660317416
SG_016429,0.08726736026289754
SG_016431,0.16906914799522138
SG_016432,0.18233010541773914
SG_016435,0.26886781830575346
SG_016436,0.22439388603540877
SG_016443,0.10207825716274559
SG_016445,0.13511173560407738
SG_016450,0.28060220016085835
SG_016452,0.10089674895649295
SG_016456,0.2551298846601356
SG_016462,0.09921490317998653
SG_016463,0.12881459659230943
SG_016474,0.2395317644222942
SG_016482,0.17106188122285382
SG_016488,0.11356422772438604
SG_016502,0.0904028198265766
SG_016503,0.2513241867680017
SG_016507,0.2510164018251094
SG_016508,0.14972212428735732
SG_016511,0.09247098052575009
SG_016512,0.23306023584463426
SG_016517,0.13432572909139096
SG_016518,0.3343333120660813
SG_016520,0.12503842336255205
SG_016522,0.2699105205108415
SG_016524,0.1860436036685548
SG_016526,0.20740013898016638
SG_016528,0.24187324797962625
SG_016529,0.15879803089626826
SG_016532,0.2939683354084296
SG_016535,0.10758944078337598
SG_016537,0.08432142837348235
SG_016539,0.08873418745220002
SG_016542,0.095524100532768
SG_016545,0.13363569015306623
SG_016547,0.11834136686646625
SG_016548,0.10562811351957715
SG_016554,0.17506075023056997
SG_016562,0.19995667531098454
SG_016563,0.1329243739190893
SG_016566,0.14300762743235274
SG_016567,0.19305076336672927
SG_016580,0.14529728775459344
SG_016581,0.12954395220694087
SG_016585,0.35795399989350596
SG_016600,0.19060825805686538
SG_016603,0.25103621641054097
SG_016604,0.11671257344175802
SG_016606,0.2592313942220673
SG_016609,0.15501070401305156
SG_016612,0.18293466291307062
SG_016613,0.17899281470113743
SG_016614,0.17979404378972846
SG_016623,0.08740703416631738
SG_016625,0.23569135282907286
SG_016632,0.31234498499625285
SG_016634,0.107124763510351
SG_016637,0.25002725474956367
SG_016641,0.15962937475196304
SG_016646,0.11532058696609562
SG_016647,0.10738611722349904
SG_016660,0.10016508299992366
SG_016662,0.2116653253069036
SG_016670,0.3275653393823178
SG_016671,0.11127053549987162
SG_016673,0.08603428148536661
SG_016675,0.15891452123864197
SG_016685,0.12072743196216937
SG_016689,0.23494317050680763
SG_016690,0.1589984067430127
SG_016691,0.08425004538183398
SG_016692,0.1416070278067275
SG_016696,0.27333507116753086
SG_016698,0.15824235185706936
SG_016699,0.18212111706726708
SG_016703,0.11903273008299269
SG_016704,0.24224280762852443
SG_016705,0.33138876657461097
SG_016708,0.19199176859120098
SG_016710,0.10355636413479898
SG_016711,0.21371906622079517
SG_016714,0.172347669198698
SG_016716,0.07545367888687582
SG_016719,0.24157179264060757
SG_016720,0.11156542980746458
SG_016721,0.0704354087790975
SG_016723,0.09652158770985728
SG_016732,0.22677386433115246
SG_016733,0.20578631837204045
SG_016736,0.0659492907827562
SG_016737,0.09527560976213371
SG_016738,0.17196765146256413
SG_016741,0.2854906660590889
SG_016745,0.21063298761113008
SG_016746,0.10795994488864193
SG_016752,0.18891999605142992
SG_016754,0.08550357080193595
SG_016758,0.14572677522439126
SG_016763,0.0733352825493432
SG_016765,0.17688869450438569
SG_016769,0.08784559601197212
SG_016776,0.25506462723019324
SG_016778,0.32846173941033047
SG_016779,0.20777200981902363
SG_016780,0.25740504819590854
SG_016783,0.2117602547230865
SG_016785,0.12330531802657389
SG_016786,0.19682051689676058
SG_016792,0.22287186022019861
SG_016793,0.10713548949450345
SG_016794,0.41520884344414954
SG_016805,0.1796742292923615
SG_016807,0.17307533987560572
SG_016810,0.13619765437808956
SG_016813,0.2052908946777498
SG_016818,0.25421712987200207
SG_016819,0.1262293230249837
SG_016823,0.25565540529796893
SG_016827,0.1479148128762268
SG_016828,0.1723083837846919
SG_016832,0.2088146082571402
SG_016834,0.34073145104384644
SG_016837,0.20822760768641072
SG_016840,0.11276640033013187
SG_016843,0.29550651753218543
SG_016847,0.13068181200445503
SG_016849,0.1156240227115592
SG_016851,0.1359104729453175
SG_016857,0.11838148801290461
SG_016858,0.3570455510238118
SG_016859,0.2504531386737469
SG_016861,0.2050641955843543
SG_016863,0.19723774653297452
SG_016874,0.28772435686576664
SG_016877,0.11613108979350877
SG_016881,0.2901128573784599
SG_016885,0.12733290827086405
SG_016887,0.28850216999628314
SG_016888,0.17177431307942037
SG_016891,0.24579985514723046
SG_016893,0.08711838881350269
SG_016895,0.19513332484089013
SG_016900,0.1650552358075085
SG_016902,0.18522612887381917
SG_016904,0.08741001740963922
SG_016909,0.12449604427801092
SG_016911,0.1966634998280036
SG_016924,0.059518804078052975
SG_016925,0.13686488738138977
SG_016928,0.20479629286557344
SG_016937,0.0962779325368577
SG_016939,0.23207292399357388
SG_016941,0.22749592909858787
SG_016944,0.27022981344877056
SG_016946,0.13470910504707023
SG_016951,0.20679896062834652
SG_016961,0.3399410772391467
SG_016963,0.20672438453182893
SG_016967,0.13519459935796851
SG_016968,0.29400044806297704
SG_016971,0.18227492672197396
SG_016973,0.1355776496598927
SG_016974,0.1120122457121338
SG_016975,0.2173988437700733
SG_016976,0.14540710319287606
SG_016986,0.11443446547640251
SG_016989,0.2997118994417431
SG_016990,0.2626570323272539
SG_017003,0.14980238730763132
SG_017005,0.13127165280210856
SG_017006,0.09586214759316736
SG_017016,0.17243109724398803
SG_017018,0.19256906727702938
SG_017021,0.15176507504321132
SG_017026,0.14760085599669154
SG_017028,0.17483723857488073
SG_017040,0.1889922284948259
SG_017043,0.10116543645854124
SG_017044,0.18849416790050375
SG_017046,0.17831191514957156
SG_017048,0.13707429535427787
SG_017049,0.1400127753400095
SG_017050,0.08845408711381993
SG_017055,0.20477739977522086
SG_017056,0.11451767762313976
SG_017062,0.10644506128031211
SG_017067,0.16198373200746619
SG_017070,0.1075962774368913
SG_017071,0.2989165915732205
SG_017076,0.1838355757453878
SG_017077,0.16102949609269632
SG_017079,0.0641313181468074
SG_017080,0.12402284457472208
SG_017085,0.18408749706514957
SG_017098,0.17725001607598456
SG_017103,0.14514921078714557
SG_017110,0.17144484211156216
SG_017111,0.3000114696819324
SG_017114,0.08267660479644787
SG_017116,0.20540120999518982
SG_017123,0.0864911500232536
SG_017124,0.24411580752137435
SG_017126,0.05826884306478368
SG_017127,0.11295473472133692
SG_017130,0.20882639455201726
SG_017139,0.20807438293803268
SG_017144,0.16127014350785032
SG_017145,0.12222843167738678
SG_017146,0.24139285684809692
SG_017154,0.12344033486694542
SG_017158,0.21610874906301922
SG_017170,0.13849987216127094
SG_017171,0.16566931325928458
SG_017172,0.07887724832508272
SG_017182,0.054424146637284475
SG_017187,0.04308824151889375
SG_017190,0.3166619855289306
SG_017192,0.15476011098020934
SG_017193,0.14090396300842267
SG_017195,0.23592199431645325
SG_017202,0.19942150056048402
SG_017206,0.09547449313158318
SG_017208,0.18105755371563884
SG_017213,0.1775339717759732
SG_017218,0.08922731696845293
SG_017220,0.14046227256850186
SG_017223,0.07682196747845349
SG_017224,0.21629381163510986
SG_017225,0.16544265502920205
SG_017227,0.15395510724338377
SG_017228,0.29926378918803304
SG_017230,0.14254247048182248
SG_017232,0.1648053557246104
SG_017235,0.1716436228202617
SG_017239,0.2152629888261239
SG_017241,0.1835084638718655
SG_017245,0.14649937304473737
SG_017250,0.2562014982099623
SG_017254,0.12309710091860983
SG_017255,0.13991201596803982
SG_017266,0.12322291755431423
SG_017269,0.12968534197144843
SG_017272,0.1588326696086758
SG_017276,0.15901916928457765
SG_017279,0.11734425344858315
SG_017281,0.07724506512239321
SG_017287,0.21041182841887604
SG_017288,0.20138648896299932
SG_017292,0.20937515415070462
SG_017294,0.20662431733577633
SG_017296,0.09621345042369375
SG_017303,0.1718634048997104
SG_017304,0.21423914854450074
SG_017309,0.2729676507613174
SG_017311,0.14046262005416718
SG_017316,0.050186590897766295
SG_017317,0.18692566232922825
SG_017318,0.2599356698004126
SG_017323,0.1554872795627875
SG_017328,0.23031079616293437
SG_017338,0.17202254500330225
SG_017339,0.21144731755245352
SG_017347,0.19456070035552697
SG_017348,0.1212369109676332
SG_017349,0.11992714256609906
SG_017350,0.10535023832697044
SG_017354,0.11188191706354461
SG_017358,0.22276834252628885
SG_017360,0.07388435303691723
SG_017361,0.218722138620913
SG_017364,0.2695786677215064
SG_017368,0.20233898580666032
SG_017373,0.2047644384943859
SG_017376,0.25406555829909977
SG_017383,0.2488224797896062
SG_017385,0.16414037050175875
SG_017391,0.24541762546297666
SG_017399,0.4341461963323951
SG_017402,0.05538883907614371
SG_017405,0.09086438083801235
SG_017406,0.13744664380267774
SG_017416,0.14633519930760805
SG_017419,0.2796775344469077
SG_017421,0.10681842293496964
SG_017423,0.2102506608891029
SG_017425,0.23933977319292812
SG_017428,0.16236450783499562
SG_017431,0.18006882305152186
SG_017432,0.32492685771622054
SG_017438,0.2841882004696535
SG_017439,0.05368349925585767
SG_017445,0.1136274895895611
SG_017448,0.06485716237645224
SG_017452,0.20582194152764943
SG_017454,0.17571721603530874
SG_017457,0.11513857488092455
SG_017458,0.24897078250143426
SG_017464,0.2050097159357819
SG_017465,0.09083023748973727
SG_017466,0.2722085582103219
SG_017467,0.2304692748376464
SG_017475,0.1156746571245655
SG_017479,0.16896992273491418
SG_017480,0.04359838723020488
SG_017481,0.16181432299593684
SG_017482,0.09933355704500821
SG_017484,0.1409230257249056
SG_017486,0.13226473767102498
SG_017501,0.1352329415096018
SG_017504,0.12773260067995754
SG_017507,0.12355553420281873
SG_017509,0.06868341938039772
SG_017513,0.12310186303050434
SG_017514,0.1676050277537905
SG_017516,0.07953303464858193
SG_017518,0.12563304759429772
SG_017521,0.21860057460993937
SG_017526,0.11881692091041154
SG_017529,0.13953890717857156
SG_017532,0.16512839481915761
SG_017535,0.13214778297037852
SG_017537,0.16105281131644703
SG_017538,0.1365756033047216
SG_017542,0.11869473746202781
SG_017545,0.3787169568966548
SG_017549,0.2360007842895512
SG_017557,0.1350450564234643
SG_017559,0.26150338501479414
SG_017560,0.10770648787141972
SG_017562,0.17794806403589306
SG_017563,0.28377106667043317
SG_017565,0.07922274807961661
SG_017572,0.13530432273269183
SG_017575,0.31057099768272817
SG_017577,0.15026320610286606
SG_017578,0.1576872916546485
SG_017579,0.24870633062381833
SG_017580,0.08751036445460177
SG_017581,0.23031861360515138
SG_017589,0.26617322419460365
SG_017590,0.11883298220917772
SG_017594,0.3687483157653155
SG_017597,0.13624154852541895
SG_017604,0.1854232847492917
SG_017605,0.21593764166814944
SG_017606,0.28357481915856614
SG_017607,0.16810906410596624
SG_017611,0.24095005536734557
SG_017615,0.10920357791118296
SG_017616,0.10078940091665932
SG_017617,0.14324397120636592
SG_017621,0.14665262652866928
SG_017622,0.166324030272169
SG_017629,0.16842041009718586
SG_017630,0.07143633233554887
SG_017634,0.16535585685687382
SG_017639,0.11058335870635268
SG_017642,0.1295461654294708
SG_017646,0.2713497931605467
SG_017657,0.2756204154008003
SG_017658,0.17264387446255486
SG_017667,0.09117765425163955
SG_017673,0.20874930651424367
SG_017674,0.10890908231835085
SG_017677,0.12637124153684495
SG_017679,0.1100697567566609
SG_017683,0.17492430376173637
SG_017687,0.11178493889821653
SG_017689,0.25377321066495423
SG_017691,0.1382346233949879
SG_017693,0.2934837351044772
SG_017696,0.1909353336393772
SG_017697,0.1361352939963158
SG_017702,0.08861097180128337
SG_017703,0.361839791188191
SG_017709,0.06503144282700499
SG_017714,0.08808137085927313
SG_017715,0.20983462990630225
SG_017718,0.2870353375047489
SG_017719,0.1480196631934129
SG_017728,0.2496397430961498
SG_017729,0.12955465404380193
SG_017739,0.15442025547268778
SG_017743,0.09843584838867753
SG_017745,0.0708283254243046
SG_017746,0.11067136293796313
SG_017749,0.26158638522120564
SG_017750,0.18360050437364808
SG_017754,0.10816153586646954
SG_017757,0.2473006174248854
SG_017760,0.27655414005718315
SG_017774,0.2927284896693165
SG_017775,0.05686420120707603
SG_017776,0.09334273510911724
SG_017777,0.3188013221155068
SG_017778,0.1612872507384763
SG_017781,0.23695114566235714
SG_017782,0.21452582841627635
SG_017789,0.20416955953822924
SG_017795,0.16025529258309196
SG_017798,0.19860502224659465
SG_017811,0.14232914880592798
SG_017817,0.1722143745306279
SG_017819,0.2368709898022486
SG_017822,0.3094756061532847
SG_017827,0.1215877553127709
SG_017830,0.309709793896545
SG_017832,0.14351020316682964
SG_017834,0.25650786918799723
SG_017838,0.22593294581789292
SG_017840,0.27991533672023433
SG_017847,0.1437064092161584
SG_017851,0.22024403757293512
SG_017855,0.3175085286718131
SG_017862,0.04775045176519546
SG_017865,0.15515130136959843
SG_017866,0.10573121280544254
SG_017867,0.18145644342163622
SG_017878,0.25950283747109754
SG_017879,0.1306845712040524
SG_017880,0.15910388465777311
SG_017881,0.07469051634823021
SG_017882,0.19082679904299985
SG_017886,0.14727394102290373
SG_017888,0.11635391811112689
SG_017889,0.15168893438265982
SG_017895,0.2754463775381922
SG_017900,0.1947159888597257
SG_017902,0.15345567506543814
SG_017907,0.2519985418053246
SG_017909,0.2018236987004744
SG_017910,0.13301942148188733
SG_017913,0.17748158104623754
SG_017914,0.19686482427449586
SG_017917,0.16502558828916972
SG_017918,0.24861564842781755
SG_017919,0.11515725911963634
SG_017920,0.17965657225331275
SG_017936,0.09944802989877191
SG_017938,0.17799193871572305
SG_017945,0.2992250469181888
SG_017947,0.13326783279937268
SG_017949,0.1459135721734357
SG_017956,0.25024910073755874
SG_017958,0.26507233510666023
SG_017960,0.1344477060869234
SG_017965,0.08173728019570867
SG_017971,0.26528708516240557
SG_017973,0.19023522540153384
SG_017978,0.24293745818368592
SG_017981,0.10109124128161892
SG_017985,0.2534899658543366
SG_017987,0.39299475619391466
SG_017991,0.21237135520757583
SG_017992,0.22772220414719954
SG_018002,0.14636273767113506
SG_018003,0.3469450739066646
SG_018005,0.19308554653415258
SG_018014,0.12938614243537483
SG_018015,0.1086881069743
SG_018016,0.21820832956932745
SG_018017,0.2501625038870447
SG_018024,0.07283816994347227
SG_018028,0.20888111321822442
SG_018032,0.1634325829825287
SG_018033,0.16741425263928664
SG_018037,0.19308365700106686
SG_018040,0.13056876383841765
SG_018042,0.17587907282475435
SG_018046,0.0958298568765924
SG_018050,0.3187291460334665
SG_018055,0.21613987894830275
SG_018056,0.18618163471346105
SG_018061,0.10609516286536781
SG_018063,0.27499499467293187
SG_018064,0.2124285090790368
SG_018067,0.16772999630371205
SG_018072,0.18812251075127026
SG_018073,0.19600999008699527
SG_018074,0.26620366847168636
SG_018076,0.2506051896625286
SG_018080,0.14144890530367218
SG_018084,0.1794339208062404
SG_018088,0.2313727811899018
SG_018090,0.21659736059779258
SG_018092,0.2288219074244532
SG_018094,0.2671556472429159
SG_018096,0.13519400428766307
SG_018100,0.1703274600001743
SG_018109,0.16304759238672464
SG_018111,0.06407870945841734
SG_018120,0.27439087216284713
SG_018124,0.3256821178334125
SG_018125,0.16537898009651056
SG_018130,0.25306192627572166
SG_018132,0.17901725371240534
SG_018134,0.100147911296252
SG_018140,0.15564019365749973
SG_018144,0.07689690540257198
SG_018146,0.19858463288789174
SG_018150,0.15215115017887085
SG_018154,0.23018372434334686
SG_018155,0.11031740662234604
SG_018160,0.05513086185745938
SG_018165,0.12626095293540227
SG_018166,0.1379740147492265
SG_018170,0.17200406165726326
SG_018174,0.15167007048857048
SG_018175,0.12084596394257459
SG_018178,0.23889706640914743
SG_018181,0.2311806007892591
SG_018186,0.18899582714665716
SG_018188,0.12821750730175505
SG_018195,0.0834986356006307
SG_018198,0.25528539360247204
SG_018201,0.06802431248841977
SG_018206,0.3067950666333417
SG_018208,0.12361824166882626
SG_018214,0.32245026335595045
SG_018215,0.30347024783922444
SG_018216,0.30334379644580484
SG_018221,0.2701470356161312
SG_018224,0.09696821509443018
SG_018228,0.1633064285885752
SG_018229,0.05381806974338584
SG_018238,0.10657362943046732
SG_018241,0.11983010574789148
SG_018246,0.1401376827249707
SG_018247,0.08358190360617448
SG_018252,0.3159087315437394
SG_018253,0.12541698777771515
SG_018259,0.22469145200006152
SG_018261,0.08251460224594888
SG_018263,0.3149401093948847
SG_018266,0.1242284008374286
SG_018269,0.20420022738890609
SG_018270,0.10847152770997645
SG_018276,0.13863609662398615
SG_018278,0.12449767342917706
SG_018281,0.10273746370580737
SG_018282,0.1636920002467029
SG_018284,0.18735622989301598
SG_018286,0.1183013825253902
SG_018287,0.1366971792919529
SG_018294,0.085500898769846
SG_018297,0.24103372417088567
SG_018303,0.2037703569294992
SG_018305,0.22983333847469586
SG_018307,0.08527002908087468
SG_018312,0.20468899546336322
SG_018316,0.2071510749826294
SG_018321,0.09509868940065348
SG_018322,0.14495695676375178
SG_018325,0.09411417940396932
SG_018327,0.06968927064151023
SG_018330,0.13770938727438753
SG_018334,0.27364862459743716
SG_018336,0.14054083499544595
SG_018338,0.21895917252463418
SG_018341,0.1392632340225409
SG_018342,0.17154504952314759
SG_018347,0.12720500342496224
SG_018348,0.22451953136645234
SG_018351,0.21325181229729032
SG_018360,0.30597322307394376
SG_018361,0.12726821196518442
SG_018364,0.28169707921925846
SG_018366,0.29616464268163617
SG_018368,0.2656407294295419
SG_018372,0.16784717978174898
SG_018379,0.13341789667782936
SG_018381,0.12048906238641853
SG_018386,0.09749739402186093
SG_018387,0.20512961480843572
SG_018388,0.15540609867330932
SG_018394,0.28271845002394
SG_018407,0.18497864826108157
SG_018410,0.15542921116620265
SG_018411,0.12083143696963508
SG_018417,0.12405124780257992
SG_018418,0.11168256585981459
SG_018420,0.15146360643976717
SG_018422,0.219262936214528
SG_018424,0.18448749897129882
SG_018426,0.08745831738968107
SG_018427,0.168587274668555
SG_018430,0.11820334769718578
SG_018433,0.21361240754432517
SG_018434,0.1582082632243263
SG_018436,0.22472979226418235
SG_018441,0.17339726891183946
SG_018442,0.16109543201052487
SG_018445,0.23899898060438832
SG_018448,0.13577264156843558
SG_018452,0.049823361797251275
SG_018455,0.16403682377969922
SG_018458,0.12318111775715575
SG_018462,0.25591512292670954
SG_018468,0.11758971234190363
SG_018469,0.20861815710407128
SG_018470,0.25098182197466656
SG_018471,0.17112783414506264
SG_018472,0.13503369989736527
SG_018474,0.06470132373827718
SG_018476,0.21430620478870102
SG_018481,0.246978277929416
SG_018485,0.1292476027177166
SG_018487,0.17513041402791193
SG_018490,0.08217187118409347
SG_018491,0.11910907505426643
SG_018493,0.14737346480810748
SG_018494,0.14854422409934193
SG_018497,0.14416328868931952
SG_018501,0.10220204069908548
SG_018503,0.04958652433885325
SG_018505,0.08410122198611183
SG_018506,0.14865983562677862
SG_018510,0.19937508160530598
SG_018511,0.11638382461809518
SG_018514,0.1423774483135835
SG_018519,0.16692828614963331
SG_018520,0.062367541795552775
SG_018524,0.1349790155393774
SG_018525,0.07228181627455382
SG_018526,0.1011676606111024
SG_018529,0.14829256371815314
SG_018531,0.1613731181709724
SG_018534,0.22465376120866518
SG_018536,0.12568999174461162
SG_018537,0.15849116795920956
SG_018543,0.21286410212280069
SG_018544,0.1629225142202822
SG_018547,0.1607438236518847
SG_018548,0.13573453383653045
SG_018549,0.19883818725460686
SG_018553,0.11843893374675515
SG_018555,0.21509179972942624
SG_018558,0.1787331368888441
SG_018566,0.08775878151152784
SG_018568,0.2109613077581402
SG_018569,0.07388489672710412
SG_018573,0.14275162216245255
SG_018576,0.15419165796535161
SG_018579,0.053688137082431656
SG_018587,0.157277734728657
SG_018591,0.134867301287701
SG_018594,0.1481443915045606
SG_018601,0.2823628922647205
SG_018603,0.15772592149925296
SG_018608,0.13109383619174608
SG_018611,0.19463489335027326
SG_018612,0.20186271148235446
SG_018615,0.09962862058273006
SG_018617,0.11080273855344687
SG_018621,0.2551904586394366
SG_018623,0.19276805247244574
SG_018624,0.21328396951814282
SG_018631,0.13614944064334905
SG_018636,0.15135352544713393
SG_018637,0.11103706048297145
SG_018639,0.28513338825920637
SG_018644,0.14253183669001632
SG_018645,0.2841809068804245
SG_018647,0.23974526127982793
SG_018650,0.20542830549746663
SG_018651,0.05213270413591838
SG_018662,0.20667328886303227
SG_018663,0.11762004611514457
SG_018664,0.1648662998666942
SG_018665,0.17156681474280133
SG_018670,0.2902607046977195
SG_018676,0.14777319811171813
SG_018677,0.08572358733463203
SG_018678,0.20294335909055036
SG_018680,0.1167590887957176
SG_018685,0.16573491262003323
SG_018686,0.25135311182092746
SG_018687,0.1672130090464463
SG_018688,0.17017913041006621
SG_018689,0.06628875004126308
SG_018693,0.10965337334856284
SG_018694,0.12769774868144793
SG_018697,0.19862493719349653
SG_018703,0.13097573406879798
SG_018705,0.235539051591878
SG_018709,0.05986792624467897
SG_018710,0.47164209673130364
SG_018711,0.23219884839472604
SG_018717,0.10693112514200095
SG_018721,0.1980148424481686
SG_018722,0.16279816330023603
SG_018731,0.1576718907409045
SG_018733,0.245913020228685
SG_018738,0.18778751009715547
SG_018744,0.21372194401486982
SG_018745,0.12892017725201088
SG_018748,0.13351051918770007
SG_018756,0.2411541468397314
SG_018758,0.1681416638664219
SG_018761,0.1038363779329078
SG_018765,0.21083742188500934
SG_018766,0.26983306085149
SG_018767,0.12424361101277819
SG_018768,0.17700659613479225
SG_018770,0.10091776326318848
SG_018779,0.09445054736289925
SG_018787,0.15353232331872957
SG_018788,0.14430310752968703
SG_018789,0.23070365439296006
SG_018791,0.21543632848389552
SG_018792,0.16670312401170936
SG_018793,0.09894363989155631
SG_018798,0.2545205567446381
SG_018799,0.16116722192185182
SG_018800,0.1624261745177626
SG_018803,0.08859729285671278
SG_018806,0.33320885714925924
SG_018809,0.13154006709989105
SG_018811,0.1420874907545183
SG_018817,0.11553189536650924
SG_018818,0.12724285031364324
SG_018821,0.0708506381775064
SG_018822,0.11776341896903317
SG_018823,0.11848735024389202
SG_018826,0.20756617219705722
SG_018831,0.21615534170830109
SG_018834,0.13853254292488068
SG_018837,0.23099563111934457
SG_018838,0.2655388914853034
SG_018842,0.23584597659362647
SG_018843,0.2789223669619892
SG_018847,0.23190976603380734
SG_018850,0.11731006078288175
SG_018852,0.25734228678503174
SG_018853,0.09994285893179912
SG_018859,0.33881467434492174
SG_018861,0.20015147901040833
SG_018875,0.23050410277113953
SG_018883,0.13800482793422694
SG_018885,0.08257195804470703
SG_018889,0.12501697494127328
SG_018890,0.3517769960734206
SG_018894,0.17240111253894033
SG_018895,0.35281156145925485
SG_018899,0.11904855176954024
SG_018901,0.2852767267108379
SG_018902,0.25607978007040927
SG_018904,0.2559100976556805
SG_018905,0.20350647126562565
SG_018906,0.257016120115419
SG_018907,0.16727666942753944
SG_018908,0.134483148698503
SG_018915,0.13279523428245502
SG_018918,0.13059248887208588
SG_018920,0.22720303058539384
SG_018924,0.19598258200301008
SG_018928,0.19898322183324468
SG_018940,0.11953771642081935
SG_018941,0.09137270540029888
SG_018942,0.18724085488719966
SG_018965,0.218344157762797
SG_018966,0.14414397024049222
SG_018968,0.10199539765590139
SG_018970,0.2118804855060152
SG_018972,0.10019804981017992
SG_018978,0.16095049531032407
SG_018981,0.11133088623266318
SG_018984,0.12811562250878242
SG_018990,0.13102127635219152
SG_019006,0.2266783527052738
SG_019012,0.17288135656219292
SG_019014,0.17409005574888384
SG_019015,0.31529079512092295
SG_019016,0.23957547681477886
SG_019018,0.21275239820985822
SG_019019,0.11829755510969829
SG_019023,0.2767073599502279
SG_019028,0.25137099133855234
SG_019030,0.15604463828621448
SG_019036,0.27553150957636
SG_019038,0.12694010566020755
SG_019039,0.36805022286530803
SG_019041,0.17892745155280543
SG_019042,0.10310456876816249
SG_019044,0.26451697641628913
SG_019051,0.1442412633217257
SG_019053,0.15867072855474268
SG_019054,0.16433650046741893
SG_019058,0.2784126328935718
SG_019069,0.09884587480396746
SG_019071,0.08968984560981175
SG_019082,0.19665535685725846
SG_019083,0.15033246318124502
SG_019084,0.14873724836408042
SG_019087,0.12181574700190796
SG_019092,0.07069592651672268
SG_019098,0.17996388646419426
SG_019102,0.34174988553098146
SG_019105,0.20783684157858645
SG_019106,0.15578652259163606
SG_019109,0.1282417573812227
SG_019115,0.15996918307886657
SG_019117,0.18792382771855384
SG_019119,0.12069548132105365
SG_019120,0.20288096654112137
SG_019131,0.11472884245487809
SG_019142,0.3064551663439808
SG_019146,0.20406636739405276
SG_019147,0.18815426608696953
SG_019149,0.06774659565415941
SG_019150,0.10080174823411858
SG_019162,0.16555763895560266
SG_019167,0.1541515775280377
SG_019169,0.07855250493300317
SG_019171,0.054284287614796804
SG_019176,0.2761008009384609
SG_019184,0.14433101484842517
SG_019187,0.19397622954923321
SG_019190,0.10175378564986413
SG_019197,0.19897532909712498
SG_019198,0.10797234883282682
SG_019201,0.09964082786050821
SG_019203,0.27124981581051294
SG_019204,0.1556304139506346
SG_019208,0.16935423797181456
SG_019209,0.12164159151546927
SG_019211,0.06715599326331877
SG_019212,0.26536709294259486
SG_019217,0.13151332517535563
SG_019221,0.11380252750292924
SG_019222,0.22279933019395262
SG_019223,0.09635538936340544
SG_019225,0.18592634798764662
SG_019237,0.20801827802029518
SG_019244,0.2592998470156699
SG_019245,0.1832497835059198
SG_019246,0.12113525607118149
SG_019247,0.1416988416134443
SG_019248,0.1401622884211017
SG_019249,0.1979899826774489
SG_019251,0.16317250798746774
SG_019253,0.13550256924504278
SG_019254,0.1008567553494001
SG_019255,0.16500039460374272
SG_019259,0.0631075527593097
SG_019265,0.15490918109385843
SG_019266,0.1629835109883107
SG_019267,0.2509032838700587
SG_019270,0.10335837947765472
SG_019271,0.09875159829801185
SG_019272,0.17708718183267005
SG_019273,0.1267088314222932
SG_019274,0.054549702082725034
SG_019275,0.11547649544048125
SG_019276,0.07351186036729059
SG_019282,0.1740887445669855
SG_019286,0.2251328698209295
SG_019289,0.24794175401697055
SG_019295,0.2997528144071982
SG_019296,0.2701626925805551
SG_019298,0.05794676149707089
SG_019300,0.14875783129602424
SG_019302,0.2567075378023584
SG_019311,0.2272462433263012
SG_019314,0.14001379885853957
SG_019315,0.10679504720053028
SG_019316,0.19243325297193206
SG_019321,0.08454968291880248
SG_019325,0.2607343971001808
SG_019326,0.31726497887112565
SG_019328,0.06553234632775586
SG_019330,0.11651597563505847
SG_019333,0.15988570046535874
SG_019336,0.14718533792482172
SG_019339,0.14696559319622124
SG_019346,0.1744180774228645
SG_019352,0.1995475945623124
SG_019358,0.2430157549665582
SG_019362,0.3357113026692639
SG_019368,0.10493008303465234
SG_019371,0.1534199936709164
SG_019373,0.2971062293756583
SG_019374,0.22176296736916998
SG_019375,0.12033915132479997
SG_019376,0.30009328334378327
SG_019386,0.14188114434753574
SG_019388,0.18199524124803695
SG_019394,0.221887882642649
SG_019398,0.1455069309953584
SG_019408,0.17413265544248874
SG_019411,0.10585280936518333
SG_019419,0.26586198463899946
SG_019421,0.2648178388898569
SG_019425,0.1361257804416312
SG_019427,0.12981268764140186
SG_019428,0.17717466260001846
SG_019431,0.05802054483414812
SG_019432,0.15568294778771555
SG_019433,0.16004587421491195
SG_019436,0.2280427315590181
SG_019437,0.27020928172209785
SG_019440,0.0884016533070907
SG_019442,0.20394154167878126
SG_019446,0.1631906580355182
SG_019447,0.1787376627531916
SG_019449,0.1342809327814429
SG_019452,0.044476616616024305
SG_019455,0.20176588467640816
SG_019456,0.1362125338930904
SG_019458,0.21892806332387532
SG_019466,0.14161352819925443
SG_019468,0.2963175886486659
SG_019470,0.2385241942715797
SG_019471,0.20823808342310282
SG_019473,0.13181390393044773
SG_019478,0.11232732524062661
SG_019485,0.32631089346201514
SG_019488,0.1606499171248032
SG_019489,0.14284096397452278
SG_019491,0.17140043936599036
SG_019496,0.2302386464945026
SG_019498,0.15575387481264152
SG_019510,0.2848251144521225
SG_019516,0.11116857957524263
SG_019519,0.07628773204663765
SG_019523,0.1331923932653524
SG_019527,0.14134934742839933
SG_019530,0.2045597087547536
SG_019532,0.20746844802321382
SG_019534,0.08574189492730029
SG_019540,0.20269619995865953
SG_019541,0.14059695567306757
SG_019543,0.14504629955915604
SG_019553,0.11392777225659645
SG_019558,0.16642001835402673
SG_019562,0.14922681881941474
SG_019563,0.14024028573793176
SG_019564,0.19532071813588517
SG_019567,0.17029533426127105
SG_019570,0.3099274894351588
SG_019577,0.14949199347178097
SG_019583,0.3203464309410288
SG_019585,0.2703704365515466
SG_019587,0.24019688227864486
SG_019588,0.07717075279589021
SG_019591,0.08174601629894471
SG_019593,0.09768509825907526
SG_019598,0.11299292125517708
SG_019599,0.17285983747511618
SG_019602,0.2755596256044773
SG_019609,0.16829107961814618
SG_019620,0.17732472500878696
SG_019621,0.09592828500657012
SG_019624,0.2991534256994362
SG_019625,0.18528920164328042
SG_019627,0.05516888447468863
SG_019635,0.061923342561392945
SG_019638,0.09268282831676312
SG_019639,0.07147639689327243
SG_019642,0.28596336472421935
SG_019645,0.1011924747563285
SG_019647,0.2604756567015663
SG_019648,0.10771928109291594
SG_019650,0.10101644250934326
SG_019652,0.12587924051076652
SG_019654,0.19193932304761224
SG_019657,0.2087942259657253
SG_019660,0.09679918475578343
SG_019661,0.10038887392850215
SG_019662,0.1549048271055165
SG_019665,0.15149750335665807
SG_019666,0.25042032270499176
SG_019667,0.15630206950647993
SG_019676,0.35274453406218464
SG_019679,0.3098100794569788
SG_019680,0.2751016653069309
SG_019683,0.18103255944959337
SG_019689,0.12142985623592309
SG_019690,0.16131085964984268
SG_019691,0.17391398924791884
SG_019695,0.12634012638519496
SG_019698,0.11542543861523566
SG_019710,0.1415872210644002
SG_019711,0.23577471035393016
SG_019716,0.11596198644686423
SG_019724,0.1216706217292758
SG_019727,0.24281785070653675
SG_019728,0.15895133868574332
SG_019729,0.11519162673895918
SG_019733,0.3293585227973271
SG_019738,0.2197215858333062
SG_019740,0.10837016749288207
SG_019746,0.24310458101084953
SG_019747,0.25237965988631045
SG_019750,0.09641798614355088
SG_019755,0.2468661290745999
SG_019756,0.21344853405883532
SG_019761,0.11309487577215593
SG_019764,0.11777473447436528
SG_019766,0.14365967530941784
SG_019767,0.15285086967388098
SG_019769,0.20671185481538903
SG_019779,0.05845928244635255
SG_019782,0.09599723663517572
SG_019783,0.23405674113643501
SG_019784,0.11578024309796828
SG_019791,0.09071922767593607
SG_019792,0.17188890695436176
SG_019793,0.26745210956667376
SG_019797,0.07965417002083658
SG_019800,0.25055454137049515
SG_019801,0.16161200466255565
SG_019802,0.13282180744993183
SG_019804,0.11147604565717402
SG_019807,0.2580718192425397
SG_019809,0.34237885299896126
SG_019811,0.16498416934734428
SG_019812,0.18148235758503745
SG_019819,0.14833220558158605
SG_019828,0.15963032886497364
SG_019830,0.13367430559885404
SG_019832,0.13302690666006717
SG_019835,0.14589786454435616
SG_019838,0.11572520117927393
SG_019839,0.12129211179133421
SG_019842,0.2548580739677474
SG_019846,0.21847899322999167
SG_019849,0.05230456624186679
SG_019851,0.29199740656580936
SG_019852,0.11188089092776302
SG_019853,0.16683968399272048
SG_019854,0.22526643100492888
SG_019857,0.21041958957610693
SG_019858,0.2895294599991824
SG_019859,0.1623206339109366
SG_019864,0.20944762923785934
SG_019865,0.1191085870646531
SG_019868,0.15479241613992856
SG_019869,0.2581323937645313
SG_019873,0.09109929472275444
SG_019878,0.18050887398531426
SG_019883,0.28362652454053966
SG_019887,0.11167638193309881
SG_019888,0.1045022582508862
SG_019895,0.150438005833327
SG_019900,0.08032690065544615
SG_019903,0.12534200558708283
SG_019906,0.24833032786174916
SG_019909,0.15456910243462638
SG_019910,0.12886978933040463
SG_019913,0.3140997650578855
SG_019914,0.1445015284469035
SG_019921,0.13154848118910592
SG_019923,0.16523709691066668
SG_019928,0.32496084906778755
SG_019930,0.24027133064309217
SG_019933,0.13168205311085357
SG_019939,0.1101463400654143
SG_019941,0.23302151597966578
SG_019944,0.12913064832172344
SG_019945,0.1812776301647457
SG_019947,0.10342963480851204
SG_019949,0.19460799204266716
SG_019950,0.1806164020573492
SG_019954,0.1414805522893896
SG_019955,0.2618334001637614
SG_019960,0.12388432991188038
SG_019961,0.23242268717628733
SG_019966,0.2623010221151954
SG_019968,0.240285459746325
SG_019970,0.13042436305624253
SG_019973,0.07585724676935447
SG_019974,0.15029877460975366
SG_019976,0.16015583647755482
SG_019978,0.17694194163774254
SG_019980,0.12164594943396989
SG_019981,0.10248819230197827
SG_019983,0.22797272119669978
SG_019984,0.2753965356490095
SG_019985,0.16417223985092516
SG_019989,0.18853195777217632
SG_019994,0.1720364439411939
SG_019998,0.12245920173945728
SG_019999,0.24040398792529014
SG_020000,0.1534883623165227
