tree
version=v4
num_class=1
num_tree_per_iteration=1
label_index=0
max_feature_idx=323
objective=binary sigmoid:1
feature_names=amt_n amt_mean amt_std amt_max amt_sum amt_min amt_median amt_q10 amt_q25 amt_q75 amt_q90 amt_skew z_mean z_std z_median z_q10 z_q90 z_max z_mean_kirim z_mean_chiqim z_mean_karta z_mean_bank_otkazmasi z_mean_naqd z_mean_xalqaro z_mean_last30d z_mean_last50 n_tx share_is_in share_is_night share_is_weekend share_is_big2 share_is_big3 share_is_floor share_in_then_out_1h share_in_then_out_24h share_passthrough_1h share_passthrough_24h share_is_karta share_is_bank_otkazmasi share_is_naqd share_is_xalqaro cnt_is_in cnt_is_night cnt_is_weekend cnt_is_big2 cnt_is_big3 cnt_is_floor cnt_in_then_out_1h cnt_in_then_out_24h cnt_passthrough_1h cnt_passthrough_24h cnt_is_karta cnt_is_bank_otkazmasi cnt_is_naqd cnt_is_xalqaro amt_top5_mean kirim_n kirim_mean kirim_std kirim_max kirim_sum kirim_expsum chiqim_n chiqim_mean chiqim_std chiqim_max chiqim_sum chiqim_expsum karta_n karta_mean karta_std karta_max karta_sum karta_expsum bank_otkazmasi_n bank_otkazmasi_mean bank_otkazmasi_std bank_otkazmasi_max bank_otkazmasi_sum bank_otkazmasi_expsum naqd_n naqd_mean naqd_std naqd_max naqd_sum naqd_expsum xalqaro_n xalqaro_mean xalqaro_std xalqaro_max xalqaro_sum xalqaro_expsum kirim_karta_n kirim_karta_mean kirim_karta_std kirim_karta_q10 kirim_karta_q50 kirim_karta_q90 kirim_bank_otkazmasi_n kirim_bank_otkazmasi_mean kirim_bank_otkazmasi_std kirim_bank_otkazmasi_q10 kirim_bank_otkazmasi_q50 kirim_bank_otkazmasi_q90 kirim_naqd_n kirim_naqd_mean kirim_naqd_std kirim_naqd_q10 kirim_naqd_q50 kirim_naqd_q90 kirim_xalqaro_n kirim_xalqaro_mean chiqim_karta_n chiqim_karta_mean chiqim_karta_std chiqim_karta_q10 chiqim_karta_q50 chiqim_karta_q90 chiqim_bank_otkazmasi_n chiqim_bank_otkazmasi_mean chiqim_bank_otkazmasi_std chiqim_bank_otkazmasi_q10 chiqim_bank_otkazmasi_q50 chiqim_bank_otkazmasi_q90 chiqim_naqd_n chiqim_naqd_mean chiqim_naqd_std chiqim_naqd_q10 chiqim_naqd_q50 chiqim_naqd_q90 chiqim_xalqaro_n chiqim_xalqaro_mean hist_all_b0 hist_all_b1 hist_all_b2 hist_all_b3 hist_all_b4 hist_all_b5 hist_all_b6 hist_all_b7 hist_all_b8 hist_all_b9 hist_all_b10 hist_bank_b0 hist_bank_b1 hist_bank_b2 hist_bank_b3 hist_bank_b4 hist_bank_b5 hist_bank_b6 hist_bank_b7 hist_bank_b8 hist_bank_b9 hist_bank_b10 hist_karta_b0 hist_karta_b1 hist_karta_b2 hist_karta_b3 hist_karta_b4 hist_karta_b5 hist_karta_b6 hist_karta_b7 hist_karta_b8 hist_karta_b9 hist_karta_b10 span_days days_since_first days_since_last active_days max_tx_per_day std_tx_per_day gap_mean_h gap_median_h gap_min_h gap_max_h gap_std_h hour_mean hour_std active_day_share tx_per_day tx_per_active_day share_gap_lt_10m w1_n w1_mean w1_max w1_share_in w1_share_naqd w1_share_xalqaro w1_share_bank w1_mean_minus_all w3_n w3_mean w3_max w3_share_in w3_share_naqd w3_share_xalqaro w3_share_bank w3_mean_minus_all w7_n w7_mean w7_max w7_share_in w7_share_naqd w7_share_xalqaro w7_share_bank w7_mean_minus_all w14_n w14_mean w14_max w14_share_in w14_share_naqd w14_share_xalqaro w14_share_bank w14_mean_minus_all w30_n w30_mean w30_max w30_share_in w30_share_naqd w30_share_xalqaro w30_share_bank w30_mean_minus_all w60_n w60_mean w60_max w60_share_in w60_share_naqd w60_share_xalqaro w60_share_bank w60_mean_minus_all w90_n w90_mean w90_max w90_share_in w90_share_naqd w90_share_xalqaro w90_share_bank w90_mean_minus_all last10_mean last10_std last10_max last10_share_in last10_share_naqd last10_share_xalqaro last10_span_h last50_mean last50_std last50_max last50_share_in last50_share_naqd last50_share_xalqaro last50_span_h bucket0_n bucket1_n bucket2_n bucket3_n bucket4_n bucket5_n bucket0_mean bucket1_mean bucket2_mean bucket3_mean bucket4_mean bucket5_mean no_tx few_tx in_out_count_ratio in_out_volume_logratio net_flow_share card_vs_bank_ratio cash_intl_share cash_share_of_volume intl_share_of_volume amt_spike_z amt_range w1_share_of_tx w1_rate_ratio w1_naqd_minus_all w1_xalqaro_minus_all w1_in_minus_all w3_share_of_tx w3_rate_ratio w3_naqd_minus_all w3_xalqaro_minus_all w3_in_minus_all w7_share_of_tx w7_rate_ratio w7_naqd_minus_all w7_xalqaro_minus_all w7_in_minus_all w14_share_of_tx w14_rate_ratio w14_naqd_minus_all w14_xalqaro_minus_all w14_in_minus_all w30_share_of_tx w30_rate_ratio w30_naqd_minus_all w30_xalqaro_minus_all w30_in_minus_all w60_share_of_tx w60_rate_ratio w60_naqd_minus_all w60_xalqaro_minus_all w60_in_minus_all w90_share_of_tx w90_rate_ratio w90_naqd_minus_all w90_xalqaro_minus_all w90_in_minus_all z_last30d_minus_all z_last50_minus_all last10_mean_minus_all last10_naqd_minus_all last10_xalqaro_minus_all last50_mean_minus_all last50_naqd_minus_all last50_xalqaro_minus_all recent_month_vs_prior activity_trend amount_trend sig_month sig_dow sig_days_since_2025
feature_infos=[1:2279] [-2.1882801181098666:5.0967180964281287] [0.28664728846305904:1.9166176865667646] [-2.1882801181098666:6.691657029911009] [-2005.7977191805578:1271.9979927006964] [-2.9123135044823321:5.0967180964281287] [-2.1882801181098666:5.0967180964281287] [-2.379335604242736:5.0967180964281287] [-2.1882801181098666:5.0967180964281287] [-2.1882801181098666:5.0967180964281287] [-2.1882801181098666:5.0967180964281287] [-1.1394695199989988:2.6730817678190291] [-2.5103516003591837:4.583620595531924] [0.23234585958617826:2.4492739703351982] [-2.5103516003591837:4.583620595531924] [-2.5103516003591837:4.583620595531924] [-2.5103516003591837:4.583620595531924] [-2.5103516003591837:7.1763864973459031] [-2.5103516003591837:3.5339739560466255] [-2.2846459157165686:4.583620595531924] [-2.5103516003591837:4.583620595531924] [-2.09935449813957:4.1383540291805705] [-2.3969441812450736:3.5339739560466255] [-2.1998763561354009:4.3117299946536107] [-2.6705543242670782:4.583620595531924] [-2.5103516003591837:4.583620595531924] [1:2279] [0:1] [0:1] [0:1] [0:1] [0:1] [0:0.05329153605015674] [0:0.29629629629629628] [0:0.29629629629629628] [0:0.16666666666666666] [0:0.16666666666666666] [0:1] [0:1] [0:1] [0:1] [0:1805] [0:548] [0:1032] [0:268] [0:121] [0:49] [0:249] [0:391] [0:34] [0:85] [0:1276] [0:1100] [0:259] [0:21] [-2.1882801181098666:6.3303802870028418] [0:1805] [-2.1882801181098666:4.046036509968709] [0.21336055538131746:2.3065720465257509] [-2.1882801181098666:6.691657029911009] [-1867.9446738790448:827.36848567881145] [0:6249.0094945463425] [0:570] [-2.3203885170359371:5.0967180964281287] [0.056907279467466564:2.3907794659034569] [-2.3203885170359371:6.691657029911009] [-425.09245715249102:548.95177190121649] [0:6120.8044178940982] [0:1276] [-2.1882801181098666:3.779012609978059] [0.094540234208270388:2.4604821660041716] [-2.1882801181098666:4.1834982653003081] [-1265.8131335689495:217.61047387998144] [0:1950.0465930705591] [0:1100] [-2.2473833503188096:5.0967180964281287] [0.16142859898398521:2.1093337235892085] [-1.7183343282845327:6.691657029911009] [-788.86034120398404:1079.8301010440189] [0:10263.395286751353] [0:259] [-1.2961172691222571:3.5496618244420466] [9.0667868281851859e-05:3.2696551027384348] [-1.2961172691222571:4.8627912640490401] [-75.473463215995395:375.64690729964434] [0:1595.6685000000073] [0:21] [-0.36252613018463659:6.4303904919307273] [0.00035675748888616124:3.6383315718778309] [-0.36252613018463659:6.4303904919307273] [-0.36252613018463659:47.322430828454763] [0:1224.6656762636944] [0:1188] [-2.1882801181098666:2.4293271872816766] [0.014819354715281272:2.080307195356768] [-2.1882801181098666:2.4293271872816766] [-2.1882801181098666:2.4293271872816766] [-2.1882801181098666:3.1036200173280606] [0:881] [-2.2528571761143605:3.3412833267715349] [0.10865433225002899:2.3094385490579521] [-2.9068917166668511:3.3412833267715349] [-2.2595518300019237:3.3412833267715349] [-1.9126459174966266:4.3694306419238647] [0:200] [-1.2048968407495082:3.1432143394322423] [9.0667868281851859e-05:3.2696551027384348] [-1.2064939406695492:3.1432143394322423] [-1.2048968407495082:3.220109995887841] [-1.2048968407495082:4.1550905763123627] [0:20] [-0.34518187917643561:6.4303904919307273] [0:351] [-2.2071256280973488:3.779012609978059] [0.0091999209304930701:2.7308834161772935] [-2.2137968212525272:3.779012609978059] [-2.2071256280973488:3.779012609978059] [-2.2071256280973488:4.0828386799682157] [0:391] [-2.4779697040594617:5.0967180964281287] [0.0032079948627512797:2.9460953503924605] [-2.8356377839285352:5.0967180964281287] [-2.6510456439744452:5.0967180964281287] [-2.3203885170359371:5.0967180964281287] [0:111] [-1.3180279385524722:4.7370741850501021] [6.9597039723531354e-05:2.7377258616628044] [-1.3180279385524722:4.7370741850501021] [-1.3180279385524722:4.7370741850501021] [-1.3180279385524722:4.7370741850501021] [0:7] [-0.51840220907071599:6.4303904919307273] [0:1] [0:1] [0:1] [0:1] [0:1] [0:1] [0:1] [0:1] [0:1] [0:1] [0:1] [0:0.8014184397163121] [0:1] [0:1] [0:1] [0:1] [0:1] [0:1] [0:1] [0:1] [0:1] [0:1] [0:1] [0:1] [0:1] [0:1] [0:1] [0:1] [0:1] [0:1] [0:0.5] [0:0.59999999999999998] [0:1] [0:179.99996527777779] [1:180] [0:7] [1:181] [1:808] [0:103.16041345377985] [7.8531681924250585e-05:3786.0733333333333] [0:3786.0733333333333] [0:3786.0733333333333] [0.00055555555555555556:3786.0733333333333] [0.00012814671675266776:2497.2566100557256] [0:23] [0:12.727922061357855] [0.012578616352201259:1] [0.012578616352201259:310] [1:620] [0:0.99838709677419357] [0:811] [-2.9103030872057047:5.0967180964281287] [-2.9103030872057047:6.4303904919307273] [0:1] [0:1] [0:1] [0:1] [-3.061399910173308:2.467357078406784] [0:877] [-2.9103030872057047:5.1173024594390748] [-2.9103030872057047:6.4303904919307273] [0:1] [0:1] [0:1] [0:1] [-3.061399910173308:4.0424734647355089] [1:1016] [-2.9030083296771982:5.0967180964281287] [-2.9030083296771982:6.4303904919307273] [0:1] [0:1] [0:1] [0:1] [-3.061399910173308:2.601378230075774] [1:1224] [-2.9030083296771982:5.0967180964281287] [-2.9030083296771982:6.4303904919307273] [0:1] [0:1] [0:1] [0:1] [-3.061399910173308:2.467357078406784] [1:1530] [-2.9030083296771982:5.0967180964281287] [-2.9030083296771982:6.4303904919307273] [0:1] [0:1] [0:1] [0:1] [-3.061399910173308:1.6571850405619806] [1:1652] [-2.1882801181098666:5.0967180964281287] [-2.1882801181098666:6.5792703269559603] [0:1] [0:1] [0:1] [0:1] [-1.6133709390592901:1.6571850405619806] [1:2004] [-2.1882801181098666:5.0967180964281287] [-2.1882801181098666:6.691657029911009] [0:1] [0:1] [0:1] [0:1] [-1.6848314868169649:1.6571850405619806] [-2.3429751156254532:5.0967180964281287] [0.15424703228627068:2.373535653122143] [-2.1882801181098666:5.9305440779916134] [0:1] [0:1] [0:1] [0:4307.2577777777778] [-2.1882801181098666:5.0967180964281287] [0.22337614487936411:1.8940143002200636] [-2.1882801181098666:6.691657029911009] [0:1] [0:1] [0:1] [0:4319.5627777777781] [1:1520] [0:818] [0:647] [0:679] [0:444] [0:436] [-2.9030083296771982:5.0967180964281287] [-1.8801167760495869:2.4086700148120643] [-2.0588920239713597:4.0489088500611947] [-1.7183001470135923:3.0108021551644555] [-2.1042629849263945:4.1153807865488252] [-2.3203885170359371:3.8459678277847225] none [0:1] [0.375:239] [-5.1028162531861216:4.989097018019085] [-0.99999999999388323:0.99999999999314149] [0.0011547344110854503:13.476190476190476] [0:1] [0:0.99999999995603006] [0:0.99999999998250855] [0.70710678049988451:9.4520380468367957] [0:9.598831916427379] [0:0.99999999999838707] [0:49.666664199889013] [-0.45454545454545453:0.97297297297297303] [-0.058823529411764705:0.99285714285714288] [-0.90000000000000002:0.75] [0:0.99999999999838707] [0:24.833332099944506] [-0.45454545454545453:0.97297297297297303] [-0.058823529411764705:0.99371069182389937] [-0.90000000000000002:0.75] [0.0010204081632642649:0.99999999999838707] [0.0093052109174214474:12.416666049972253] [-0.45454545454545453:0.97297297297297303] [-0.058823529411764705:0.99371069182389937] [-0.90000000000000002:0.75] [0.0016420361247920492:0.99999999999838707] [0.0198139025666344:6.6222218933185353] [-0.45454545454545453:0.97297297297297303] [-0.058823529411764705:0.97727272727272729] [-0.90000000000000002:0.75] [0.0020533880903448598:0.99999999999858957] [0.011922898584716844:3.2278100573868516] [-0.45454545454545453:0.94117647058823528] [-0.058823529411764705:0.375] [-0.79661016949152541:0.69999999999999996] [0.018480492813103738:0.99999999999928157] [0.032786885180327872:2.3256694832421547] [-0.33333333333333331:0.76923076923076916] [-0.058823529411764705:0.20833333333333331] [-0.76923076923076927:0.3928571428571429] [0.084188911704139238:0.99999999999939648] [0.021978021934065936:1.8350829290848181] [-0.33333333333333331:0.5] [-0.041666666666666664:0.125] [-0.59999999999999998:0.3571428571428571] [-2.8470148614041473:1.4380987080436538] [-1.7877183177549898:0.72160909021891484] [-2.2674334294441767:1.0334048073759519] [-0.31950207468879666:0.6333333333333333] [-0.07407407407407407:0.19676375404530747] [-1.4675609402744634:0.76095556580701817] [-0.15604938271604937:0.25746905089408534] [-0.032171581769436998:0.087381703470031546] [0.020366598778004074:710] [-0.50246305418719206:0.84995004995004997] [-0.73531915404577475:0.72810258520401838] [1:12] [0:6] [0:729]
tree_sizes=2763 2879 2877 2892 2894 2884 2852 2893 2889 2887 2876 2880 2877 2893 2890 2873 2894 2871 2879 2894 2887 2874 2872 2893 2892 2880 2889 2914 2883 2890 2904 2875 2886 2884 2907 2887 2869 2884 2895 2892 2893 2885 2885 2879 2893 2880 2890 2900 2898 2901 2893 2895 2883 2888 2876 2891 2905 2903 2892 2907 2902 2898 2889 2904 2905 2890 2889 2882 2896 2898 2893 2903 2895 2889 2890 2879 2884 2897 2902 2878 2896 2886 2890 2889 2895 2902 2895 2895 2902 2863 2912 2871 2904 2873 2910 2902 2909 2876 2891 2878 2888 2902 2904 2892 2896 2873 2891 2892 2885 2889 2886 2917 2903 2909 2891 2912 2890 2899 2881 2888 2906 2918 2907 2894 2906 2903 2894 2901 2898 2901 2882 2894 2886 2897 2905 2891 2898 2912 2912 2890 2903 2896 2901 2889 2887 2887 2914 2899 2879 2894 2894 2922 2885 2900 2897 2911 2902 2906 2902 2912 2856 2860 2901 2897 2904 2899 2899 2899 2906 2894 2897 2887 2891 2891 2906 2904 2892 2883 2881 2907 2907 2880 2906 2879 2928 2890 2898 2905 2899 2915 2898 2886 2881 2916 2899 2885 2902 2887 2901 2896 2880 2893 2915 2889 2888 2901 2908 2902 2884 2904 2911 2877 2896 2884 2897 2897 2894 2874 2894 2880 2906 2901 2874 2905 2902 2903 2889 2892 2898 2880 2908 2896 2894 2862 2895 2863 2872 2913 2900 2916 2919 2904 2892 2900 2899 2882 2899 2893 2907 2893 2919 2919 2901 2897 2894 2880 2897 2885 2888 2914 2884 2895 2910 2891 2897 2887 2899 2887 2889 2906 2905 2897 2899 2902 2918 2888 2881 2903 2850 2921 2902 2901 2896 2896 2890 2902 2894 2892 2903 2896 2906 2882 2913 2886 2899 2906 2896 2884 2894 2904 2902 2889 2894 2895 2896 2892 2908 2886 2874 2901 2904 2928 2903 2881 2889 2891 2903 2904 2906 2899 2902 2893 2872 2883 2878 2880 2879 2900 2912 2873

Tree=0
num_leaves=25
num_cat=0
split_feature=5 5 78 147 105 232 212 162 77 70 291 170 256 77 312 109 147 149 11 100 157 213 151 160
split_gain=84.2398 107.499 49.4131 33.3324 51.1213 21.8423 19.3207 18.4009 21.4803 23.5591 20.3963 24.91 16.1547 17.7295 17.2788 15.8815 20.6235 17.1241 15.5553 15.0486 19.4103 22.8529 14.0424 21.4496
threshold=-2.8983711643309662 -2.8712440139818409 -44.237153428135208 0.14778616382149634 0.58635027937717688 2.7241120743786311 0.24712491738268344 0.0015071598611641139 2.7483768167233111 0.80597685771428285 1.5789594470325807 1.8084676671119875 101.50000000000001 3.3666416738256042 -0.30704643105937496 2.2163455206291207 0.10162870762711866 0.26988996007400917 0.67739926196260336 0.67631806094587998 0.42631807163826874 -0.15272816709245091 0.021528550241008533 0.030226169179657553
decision_type=2 2 2 8 10 2 2 10 10 10 2 10 2 10 2 10 10 10 10 10 10 2 10 10
left_child=-1 5 19 15 18 6 -2 -6 10 12 11 -9 -10 14 -14 17 -17 -4 22 20 21 -3 23 -5
right_child=1 2 3 4 7 -7 -8 8 9 -11 -12 -13 13 -15 -16 16 -18 -19 -20 -21 -22 -23 -24 -25
leaf_value=-1.57799865739279 -1.5680584456269333 -1.5599989521879378 -1.5772718968175996 -1.5761358606308373 -1.5734878896084943 -1.570563825164079 -1.5598262672182985 -1.5711453817935725 -1.5781935179051265 -1.5652458229663757 -1.5719899476250323 -1.5582484835112418 -1.5722897199436598 -1.5781063352486264 -1.5575688792014895 -1.5755059313700082 -1.5642704275954327 -1.570424224244269 -1.5802816540536759 -1.5714690973683911 -1.5710870940548274 -1.5742864204853042 -1.5760642784314667 -1.5678807098144147
leaf_weight=283.83937932550907 51.930513009428978 51.07686074078083 382.43621635437012 55.771948218345642 89.775763586163521 54.491469815373421 80.385588631033897 22.479509741067886 42.824888810515404 44.674468725919724 29.451003268361092 49.796382337808609 18.495799154043198 15.081190079450606 11.808856382966043 42.540338054299355 22.764060497283936 38.272076711058617 48.089077800512314 129.47059407830238 54.491469815373421 13.37388554215431 174.85643969476223 65.30439855158329
leaf_count=1995 365 359 2688 392 631 383 565 158 301 314 207 350 130 106 83 299 160 269 338 910 383 94 1229 459
internal_value=-1.57301 -1.57211 -1.57306 -1.57394 -1.57249 -1.56504 -1.56288 -1.56966 -1.5682 -1.57093 -1.56479 -1.56202 -1.57395 -1.56989 -1.56569 -1.57592 -1.5714 -1.57663 -1.57517 -1.56905 -1.56651 -1.56291 -1.57427 -1.57168
internal_weight=1873.48 1589.64 1402.84 1154.42 668.41 186.808 132.316 324.388 234.612 132.885 101.727 72.2759 88.2107 45.3858 30.3047 486.013 65.3044 420.708 344.022 248.413 118.942 64.4507 295.933 121.076
internal_count=13168 11173 9860 8114 4698 1313 930 2280 1649 934 715 508 620 319 213 3416 459 2957 2418 1746 836 453 2080 851
is_linear=0
shrinkage=1


Tree=1
num_leaves=25
num_cat=0
split_feature=5 5 150 147 108 117 224 72 108 78 79 97 311 282 212 151 87 254 156 39 108 149 106 17
split_gain=84.7678 112.814 56.6355 29.3964 43.114 23.2782 18.8444 18.7184 17.0664 19.6683 19.8249 21.8139 18.6519 17.116 15.0701 14.4366 12.5834 12.3856 12.3338 11.5099 13.1234 10.9924 11.7364 10.9797
threshold=-2.8983711643309662 -2.8712440139818409 0.050662077816018204 0.14778616382149634 0.6967650970564595 1.1137570768601119 2.159714842466522 16.154366347966345 0.50140856581222448 -44.237153428135208 92.260075469046214 -0.2289910336602721 -0.026091777539505558 0.003986655792733375 0.33415435139573074 0.088094314213325434 1.7341356086690782 64.500000000000014 1.0000000180025095e-35 0.054954796976073576 0.25742282728592319 0.26988996007400917 0.54944048738624007 2.7597547267073357
decision_type=2 2 8 10 10 10 2 2 10 2 2 10 2 10 2 10 10 2 10 2 10 10 8 2
left_child=-1 6 8 7 23 17 14 21 9 10 11 13 -10 -3 -2 16 -7 -6 -9 -12 -21 -4 -23 -5
right_child=1 2 3 4 5 15 -8 18 12 -11 19 -13 -14 -15 -16 -17 -18 -19 -20 20 -22 22 -24 -25
leaf_value=-0.0050079380018723044 0.0078897658214606686 -0.0024293154348856596 -0.004767485069024786 -0.0036776521080767385 -0.0024213248184630719 0.0031239556838032635 0.0035198167477311065 0.0079079569890032671 0.010397112710182994 -0.0013636543393107776 -0.0020679124362173672 0.018711282801718666 -0.0028334953743025838 0.0094907856100869305 0.016449312047858423 0.0005138135676994994 0.011321673712236606 0.0037808477650148877 -0.00099846604480727328 0.0013313947543287621 0.0093949968197731444 -0.0047188101723005596 0.0072610106602362268 3.6289352952348539e-05
leaf_weight=287.02555108070374 90.412944406270981 18.423108771443367 328.04474514722824 188.39197462797165 69.17941153049469 32.232031956315041 64.660930708050728 15.343570023775099 51.585598647594452 99.462219178676605 46.626534506678581 13.829568922519682 11.803745850920675 26.976839676499367 31.254991382360458 30.774647533893585 55.829949662089348 55.360537499189377 104.23378184437752 66.741558402776718 27.111075758934021 12.82664403319359 14.393021941184996 135.35204194486141
leaf_count=2024 632 129 2311 1325 486 226 453 108 362 700 327 97 83 189 218 216 391 388 734 468 190 90 101 952
internal_value=-3.31989e-05 0.000871048 -0.00010446 -0.00129009 0.000246506 0.00340663 0.0081208 -0.00311797 0.0032837 0.00223663 0.00402867 0.00875223 0.00790232 0.00477449 0.0104218 0.00651811 0.00852367 0.000350566 0.000293078 0.00189606 0.00387872 -0.00426213 0.00166972 -0.00213501
internal_weight=1877.88 1590.85 1404.52 1041.96 567.121 243.377 186.329 474.842 362.56 299.171 199.709 59.2295 63.3893 45.3999 121.668 118.837 88.062 124.54 119.577 140.479 93.8526 355.264 27.2197 323.744
internal_count=13200 11176 9873 7328 3984 1707 1303 3344 2545 2100 1400 415 445 318 850 833 617 874 842 985 658 2502 191 2277
is_linear=0
shrinkage=0.01


Tree=2
num_leaves=25
num_cat=0
split_feature=271 5 5 123 109 121 255 116 185 270 109 148 24 271 18 164 270 271 160 103 76 297 41 239
split_gain=91.7738 61.7366 50.2484 40.5172 32.5835 23.3774 22.1733 18.1816 17.5997 18.6879 16.8911 19.8401 15.977 15.4181 14.6832 14.1212 14.9426 18.7069 13.8728 18.6549 13.1126 13.0423 16.6734 12.9248
threshold=0.11102039330474796 -2.8983711643309662 -2.8712440139818409 1.4747309707504359 1.1685457581177501 -0.91202665489400658 123.50000000000001 0.29847526990555368 0.75079617834394918 0.06838085930014183 1.6322669066613535 0.19729416430249233 -0.51884898262635037 0.1763336606329263 0.270090087501826 0.0012699374539687964 0.08825466945671552 0.049335900250603519 0.042867022327603248 0.6910525836896545 0.66328598979782483 -0.026984664323865402 333.50000000000006 0.96699616176213277
decision_type=2 2 2 10 10 8 2 10 8 2 10 10 2 2 10 10 2 2 10 10 10 2 2 10
left_child=3 -2 12 4 18 8 10 -7 -4 -10 21 -12 -3 23 -14 -5 17 -17 19 -1 -20 -6 -23 -9
right_child=1 2 5 15 6 7 -8 13 9 -11 11 -13 14 -15 -16 16 -18 -19 20 -21 -22 22 -24 -25
leaf_value=-0.00025246404136850697 -0.0040210242197000444 0.012573094111549471 0.0075230490594413316 -0.0038446211488244527 -0.0074274225527658413 -0.0016786175604611502 0.010280343372926848 0.0045328682679849656 0.010639866914953481 0.00030275481721798618 -0.00068540741203381318 0.01593161610703861 -0.0025920467450709253 0.011035203939250645 0.010783677526162817 -0.0049131543006265769 -0.0083883132669049527 0.0060489846477203681 0.0085229039095060244 -0.0059258236824915661 7.3222915119730819e-05 0.005617824478604534 -0.0043663206858671842 -0.003545323640230713
leaf_weight=142.22919264435768 104.8773444890976 79.525234773755074 127.37153145670891 558.61092305183411 17.658182188868523 142.90383790433407 42.013525769114494 52.139938026666641 18.426205039024353 100.76108011603355 12.545241564512255 12.983670726418493 16.651980012655262 20.23200324177742 11.731300756335257 20.274582609534264 12.19718813896179 45.905678689479828 18.675437942147255 95.752898156642914 127.52286714315414 39.164681643247604 25.077163770794868 28.278702974319458
leaf_count=999 742 552 892 3938 124 1004 294 366 129 706 88 91 116 142 82 143 86 323 131 675 897 275 176 199
internal_value=0.000121667 0.00297159 0.00421281 -0.00159177 0.000439064 0.00281589 0.00435696 0.000600017 0.00496895 0.0021196 0.00182612 0.00847914 0.0103134 0.00380226 0.00338208 -0.00328904 0.000654238 0.00261206 -0.00110314 -0.00258232 0.00130123 -0.000450454 0.00168554 0.00165605
internal_weight=1873.51 702.899 598.022 1170.61 533.623 490.113 149.442 243.554 246.559 119.187 107.429 25.5289 107.909 100.651 28.3833 636.988 78.3774 66.1803 384.18 237.982 146.198 81.9 64.2418 80.4186
internal_count=13170 4930 4188 8240 3750 3438 1048 1711 1727 835 754 179 750 707 198 4490 552 466 2702 1674 1028 575 451 565
is_linear=0
shrinkage=0.01


Tree=3
num_leaves=25
num_cat=0
split_feature=123 5 5 162 123 105 153 84 311 120 157 127 21 162 161 160 113 296 105 119 5 119 162 153
split_gain=95.1232 74.4826 47.4228 33.4755 34.8822 28.3236 41.6281 22.8589 17.0912 15.711 18.7776 16.9941 14.7771 25.9393 14.4241 14.3067 13.3809 15.7718 13.701 13.1888 13.0306 11.6328 11.2875 13.8003
threshold=1.3037559528709568 -2.8983711643309662 -2.8712440139818409 0.0040941701029199784 0.64124283147438754 0.95325439068398365 0.01564247762863535 4.450690766697492 -0.28073268524483486 0.76375366690251634 0.39934996412139639 0.21777413113613595 0.23707008905035606 0.038518603058662414 0.078236580034005368 0.04172431549838828 0.012395758367355838 1.0825235887541538 0.66438057780665571 0.4649171857249334 -2.7841589122720416 0.22774266238377608 0.020020040080160322 0.049443833272216117
decision_type=8 2 2 8 10 10 8 2 2 8 10 10 10 8 10 10 10 2 8 10 2 10 10 10
left_child=1 -1 -3 4 9 12 8 -5 14 10 11 -4 13 16 -7 -6 -2 18 -18 -10 -9 -17 -8 -24
right_child=5 2 3 7 15 6 22 20 19 -11 -12 -13 -14 -15 -16 21 17 -19 -20 -21 -22 -23 23 -25
leaf_value=-0.0047850628194853004 -0.0042434003643664325 0.0092921042319909219 0.010940705909397701 -0.00091083434462212783 -0.0036697743335414998 0.0046746473546310369 -0.0064741998823606766 -0.0008326164810718977 0.0070613835582311723 -0.00050177492016998597 0.0020808699054211443 -0.00014953215067426467 -0.0050541528981910234 0.0091497411262464121 0.01612722493861778 0.0032991225596107334 -0.00110988737851437 -0.005316912200322447 0.0059547209808475908 -0.00071815939664440363 0.009987659608790226 -0.0032765477414775103 0.0013880506042764451 -0.004609809241845569
leaf_weight=119.05422349274158 203.76279897987843 121.96700114011765 67.625232771039009 29.881635263562202 128.73429130017757 43.315959826111794 57.194066151976585 11.852004081010817 27.10599847137928 57.200840666890144 85.611054092645645 16.870198264718056 276.31511250138283 17.099175781011581 14.289359748363493 77.996247485280037 67.932472750544548 42.358328342437744 42.245546787977219 77.804160699248314 97.837287068367004 37.549469500780106 83.613038912415504 66.30955982208252
leaf_count=844 1438 843 472 210 906 304 404 83 190 401 599 118 1952 120 100 547 479 298 296 548 683 264 589 468
internal_value=6.35572e-06 0.00246818 0.00366135 0.0024982 0.00120441 -0.0020519 0.000156056 0.0067514 0.00391022 0.00400141 0.00550488 0.00878203 -0.00330479 -0.0019792 0.00815659 -0.00141024 -0.00258424 -0.00032433 0.00167153 0.00141565 0.00881804 0.00112632 -0.00279791 -0.00129453
internal_weight=1871.53 852.179 733.125 611.158 471.587 1019.35 369.632 139.571 162.515 227.307 170.106 84.4954 649.713 373.398 57.6053 244.28 356.299 152.536 110.178 104.91 109.689 115.546 207.117 149.923
internal_count=13156 5970 5126 4283 3307 7186 2603 976 1142 1590 1189 590 4583 2631 404 1717 2511 1073 775 738 766 811 1461 1057
is_linear=0
shrinkage=0.01


Tree=4
num_leaves=25
num_cat=0
split_feature=122 32 113 119 114 123 103 126 107 135 254 76 48 49 153 164 107 221 82 151 119 141 136 162
split_gain=95.7612 80.3197 36.6098 33.732 24.3982 41.7006 29.6063 21.6172 20.1338 17.6011 20.5009 16.817 21.2681 15.5432 15.4903 14.4479 13.7452 18.4335 13.7358 13.3656 13.347 14.623 13.2189 13.0034
threshold=0.26025589624797435 0.00062896092095701759 0.2594736628512177 0.6176279551433842 0.72620955713536361 0.45950110428691843 1.6019459072125179 0.22765754517587569 0.25521975655414714 0.28578908002991776 41.500000000000007 0.75249675211029465 85.500000000000014 2.5000000000000004 0.014721362229102168 0.0012699374539687964 0.25521975655414714 -0.25427596793766233 0.81384344644133166 0.088094314213325434 -0.024501964845755859 0.023220937599698045 0.32074493841358237 0.0052424729631309185
decision_type=8 2 10 8 8 10 8 10 10 2 2 10 2 2 10 10 10 2 10 10 10 2 2 8
left_child=1 4 14 7 5 9 13 -4 11 10 -1 12 -7 20 23 -5 17 -9 -17 -18 -6 -22 -14 -2
right_child=2 -3 3 15 6 8 -8 16 -10 -11 -12 -13 22 -15 -16 18 19 -19 -20 -21 21 -23 -24 -25
leaf_value=0.00054211232033804329 -0.0044460860840439568 -0.0043103926069334138 -0.0047829267977161968 -0.0028394810588226412 0.0075695205042143566 -0.0029989232297576731 -0.0018867801530416651 0.0076164632148447318 0.0071390089734662621 0.0039996257508964975 0.014920050821446021 -0.0030985693108245989 0.0086748209892859047 0.0106139319286412 -0.0066799247354957861 -0.0010409822623785778 0.014744909197018777 -0.0043990772556227074 0.0073763503584433777 0.0021524495934512338 -0.0015597106447947165 0.0095493471196642175 -0.00081945720013331281 -0.00083355641916037302
leaf_weight=14.039799839258192 218.59034249186516 147.9451839774847 17.08302229642868 229.90274666249752 86.263815373182297 47.303859874606133 38.89080348610878 29.298950746655464 31.647215306758881 143.88840551674366 34.244911193847656 153.66688457131386 42.571622088551521 91.904051214456558 141.60193555057049 51.137081518769264 27.072133287787437 18.679205894470215 27.672925159335136 13.54952150583267 44.22775299847126 13.023475393652914 20.709273278713226 185.5028401017189
leaf_count=98 1545 1052 120 1625 600 332 273 205 221 1001 236 1079 297 638 1004 360 188 131 195 95 310 91 145 1308
internal_value=5.07864e-05 0.00237124 -0.00214885 9.14911e-05 0.00368037 0.00231377 0.00605963 0.00489449 -4.84589e-05 0.00590394 0.0110215 -0.000979792 0.00195939 0.00738344 -0.00384365 -0.00157913 0.00686206 0.00293419 0.00205605 0.0109831 0.00514196 0.00128249 0.00565072 -0.0028076
internal_weight=1870.42 910.327 960.091 414.396 762.382 488.072 274.31 105.683 295.899 192.173 48.2847 264.252 110.585 235.419 545.695 308.713 88.5998 47.9782 78.81 40.6217 143.515 57.2512 63.2809 404.093
internal_count=13149 6373 6776 2919 5321 3409 1912 739 2074 1335 334 1853 774 1639 3857 2180 619 336 555 283 1001 401 442 2853
is_linear=0
shrinkage=0.01


Tree=5
num_leaves=25
num_cat=0
split_feature=271 5 66 100 109 262 34 70 150 157 150 3 95 114 64 154 126 114 5 245 262 255 303 235
split_gain=90.1363 53.7619 43.5838 32.752 21.1771 29.3922 21.1519 19.1728 18.3543 17.1898 16.1239 15.7618 15.6157 14.7207 14.0332 18.3484 13.2827 13.1785 13.9747 23.6431 13.0143 13.1869 12.2547 11.9555
threshold=0.10952046704805242 -2.8983711643309662 -16.454962223220889 1.0507101935605185 1.5195776906739467 0.4530672455529543 0.17227306764289876 0.66230442059755423 0.12124435847840105 0.41420252295010312 0.0445978263443279 2.6305249912610749 -1.5246638181071193 0.73460786348361962 0.85086245499300528 0.018214996682149969 0.36141486788050836 0.80148200733647679 -2.9001796903264938 -0.47511716056396841 -0.017472558204778495 120.50000000000001 -0.00035278072498582785 0.0090171398835658789
decision_type=2 2 2 10 10 10 2 10 10 10 8 2 10 10 8 10 8 8 2 2 10 2 2 2
left_child=3 -2 9 4 10 6 11 -4 12 -3 -1 -6 -9 -12 -14 23 -11 -5 -19 -20 21 22 -15 -16
right_child=1 2 7 17 5 -7 -8 8 -10 16 13 -13 14 20 15 -17 -18 18 19 -21 -22 -23 -24 -25
leaf_value=0.0010567610452628666 -0.0038262854052830233 0.0092397418201479974 -0.00060461192671691936 -0.0073552766872050888 0.010992728900952074 -0.002125619392576905 0.011766897419427271 -0.0017945566135935261 0.0010987330544818552 0.0079758831290225787 -0.0038027566285063464 -0.00085311533773378191 0.016139092431018586 -0.0066733964398852331 0.0010005947449183981 0.015691861416214141 -0.0015250181481722481 -0.006719182486641855 0.0047720165842854391 -0.0033618123739188933 -0.0024053449720762713 0.010842186207612833 0.0040312390854706105 0.011356106883047111
leaf_weight=176.21151278913021 105.05999259650707 153.04821580648422 173.57276725769043 96.434361353516579 12.030382245779036 74.22975380718708 37.108314231038094 17.082758203148842 126.40587095916271 22.720837324857712 287.38371855020523 44.000282749533653 16.742592260241508 12.950782984495161 50.831578597426414 13.105826362967489 32.632984027266502 73.418747290968895 42.455702871084213 168.0387022793293 81.593938916921616 15.179466962814329 30.276258274912834 11.793207928538321
leaf_count=1234 749 1053 1216 685 84 525 259 119 887 158 2032 310 116 91 354 91 227 523 298 1189 576 106 213 82
internal_value=-5.33312e-05 0.00270731 0.00383219 -0.00179022 -0.000598683 0.00251896 0.00618448 0.00191034 0.00374975 0.00752759 -0.00147258 0.00208082 0.00669444 -0.00251787 0.00827998 0.00600899 0.00255636 -0.00418049 -0.00303644 -0.00167483 0.000135754 0.00364909 0.000588482 0.00337424
internal_weight=1874.31 722.997 617.937 1151.31 770.964 167.369 93.139 409.535 235.962 208.402 603.596 56.0307 109.556 427.384 92.4732 75.7306 55.3538 380.348 283.913 210.494 140 58.4065 43.227 62.6248
internal_count=13177 5052 4303 8125 5430 1178 653 2865 1649 1438 4252 394 762 3018 643 527 385 2695 2010 1487 986 410 304 436
is_linear=0
shrinkage=0.01


Tree=6
num_leaves=25
num_cat=0
split_feature=77 84 99 147 105 71 105 144 131 76 124 205 79 113 105 114 114 88 214 277 73 177 115 120
split_gain=64.6623 36.9146 31.7328 28.2115 39.1675 27.1723 22.7964 22.3935 17.604 20.1799 17.4682 17.1372 15.3591 16.7324 14.7123 14.3619 14.3419 16.5655 15.8022 14.0087 13.4869 13.1751 12.4312 11.8634
threshold=2.5657074394955575 20.544132471151432 -0.50302093296390216 0.14778616382149634 0.95325439068398365 2.9913326147244166 0.58164540142383669 0.0051948402417962012 1.2573718371155094 0.79473510866991104 2.5000000000000004 -0.17079276438423691 301.71439693501873 0.33168737580695656 0.0089318772349944505 0.73864913258054876 0.74449334076138307 1.4450208625448209 119.50000000000001 0.06007815927043654 342.57457546223935 7.476177590311246 -0.99974575266884236 1.1821945761825317
decision_type=8 2 10 8 10 10 10 10 10 10 2 2 2 10 10 8 8 8 2 8 2 10 10 10
left_child=1 2 8 5 16 -2 -4 -8 9 11 -6 14 -3 -14 -1 19 -5 18 -18 -11 -7 -12 -16 -22
right_child=3 12 6 4 10 20 7 -9 -10 15 21 -13 13 -15 22 -17 17 -19 -20 -21 23 -23 -24 -25
leaf_value=0.0059333105719137939 -0.0044528388515782972 0.012510778015387762 -0.0017432710225959774 -0.003854864078520666 -0.0012391655180944586 -0.0024153013306593609 -0.0025167297547280701 0.0061386765145877301 -0.00045381373036985917 -0.0036621798623456287 0.011260204355428047 0.00091863488225491039 0.0025522673370057944 0.013854527194733898 0.018680949554798626 0.0067378933708389177 0.0058074892712766659 -0.0023386436601751997 -0.002531813155950849 0.0061885347958827918 0.0091529217085314814 0.00091179758170118169 0.00549627495219692 0
leaf_weight=53.83987645804882 417.00178451836109 33.82882921397686 356.00115810334682 138.06632106006145 23.486737638711929 50.577185332775116 43.731930777430534 82.876672059297562 75.744149670004845 50.042758166790009 46.505668446421623 28.893359392881393 79.948996603488922 13.455804914236067 24.205864474177361 33.903253152966499 68.306309461593628 112.82680268585682 31.223882153630257 17.031781688332558 25.583411365747452 17.389788553118706 14.390270590782164 28.19398145377636
leaf_count=373 2964 234 2507 977 165 357 307 578 528 351 323 201 557 93 167 234 478 795 219 119 180 121 100 199
internal_value=5.62828e-05 0.00196648 0.00113858 -0.00175123 0.000119613 -0.00331633 -0.00044614 0.00315158 0.00368792 0.00509149 0.00600148 0.00779932 0.00690268 0.00455179 0.00984795 0.00170382 -0.0013807 0.000252857 0.00318381 -0.000996603 0.0012134 0.0086176 0.0145033 0.00459397
internal_weight=1867.06 907.895 780.661 959.162 437.806 521.356 482.61 126.609 298.051 222.307 87.3822 121.329 127.234 93.4048 92.436 100.978 350.423 212.357 99.5302 67.0745 104.355 63.8955 38.5961 53.7774
internal_count=13127 6349 5465 6778 3078 3700 3392 885 2073 1545 609 841 884 650 640 704 2469 1492 697 470 736 444 267 379
is_linear=0
shrinkage=0.01


Tree=7
num_leaves=25
num_cat=0
split_feature=123 105 75 128 123 319 108 311 153 105 153 285 75 160 296 160 123 106 77 67 319 70 60 66
split_gain=87.8825 31.0905 51.8031 19.3647 24.134 27.3518 26.472 20.6616 17.2571 29.8033 18.1143 16.1914 16.0911 28.9707 15.1877 14.7449 18.7407 14.7264 14.3987 15.6786 14.3093 13.8343 13.4815 13.2754
threshold=1.0218350804739009 0.70855941575970816 0.40564253358465646 -0.38912651606816734 -0.10896092029255984 -0.16685205217944638 0.29397223681368678 -0.20323144076513991 0.049443833272216117 1.0463492869379472 0.015611460138648182 0.047706552230767446 0.12677753711837894 0.053967053629823424 0.44913151345532337 1.0000000180025095e-35 0.49098143399321797 0.72205637146408386 3.249523537200441 124.99658363043444 -0.17886585464225213 0.91267449460540051 -120.25989324308433 15.791829758649794
decision_type=8 10 8 10 10 2 8 2 8 10 10 2 10 8 2 10 10 10 10 2 2 10 2 2
left_child=3 12 11 14 7 -6 15 -5 9 -4 20 23 13 -2 -1 -7 -17 -15 19 -13 -11 -12 -19 -3
right_child=1 2 8 4 5 6 -8 -9 -10 10 21 18 -14 17 -16 16 -18 22 -20 -21 -22 -23 -24 -25
leaf_value=0.0080374308307062294 -0.0042301716020016287 0.0014140311284922824 -0.0037020866351661929 0.012344226775361873 -0.00057966717607871928 -0.0057658107755255506 0.0078644970576161322 -0.000877558904209298 -0.0055276787343777689 -0.0027530333706932372 -0.0038370919911439811 -0.0017950913190214754 -0.004587630782270655 0.00038670464669856176 -0.0031483991053847279 0.0066369868311275618 9.7503355768175422e-05 0.014531027126131388 -0.0016122089294982145 0.0068583987365305743 0.0069614342291013619 0.0037774571487147043 0.00051646446979426676 0.014616231729645632
leaf_weight=11.73113603889942 148.73796251416206 12.203543975949286 174.00014297664165 50.391205787658691 146.03344359993935 18.519810885190964 139.91923590004444 14.549923896789549 93.24967086315155 17.04656358063221 61.192656993865967 25.854642361402512 321.36582972109318 100.16993382573128 70.48935467004776 77.290512904524803 97.610930919647217 13.436740145087244 47.334304869174957 85.857444480061531 74.531677424907684 35.227665141224861 12.511897891759871 21.9678805321455
leaf_count=82 1054 85 1235 347 1018 129 969 101 664 120 435 181 2286 705 494 535 685 94 332 595 523 248 88 152
internal_value=0.000103876 -0.00143268 8.27807e-05 0.00315072 0.00383208 0.00301712 0.00458743 0.00945437 -0.00175703 -0.000747475 0.00199624 0.00438543 -0.00307519 -0.00127435 -0.00132544 0.00213217 0.00305293 0.00222015 0.00292737 0.00485196 0.00511404 -0.00101641 0.00852627 0.010399
internal_weight=1871.22 1244.69 648.466 626.536 544.315 479.374 333.34 64.9411 455.248 361.999 187.999 193.218 596.222 274.857 82.2205 193.421 174.901 126.119 159.046 111.712 91.5782 96.4203 25.9486 34.1714
internal_count=13157 8797 4570 4360 3784 3336 2318 448 3225 2561 1326 1345 4227 1941 576 1349 1220 887 1108 776 643 683 182 237
is_linear=0
shrinkage=0.01


Tree=8
num_leaves=25
num_cat=0
split_feature=119 5 109 148 5 116 149 71 30 105 119 107 96 105 148 283 292 126 282 76 73 117 119 224
split_gain=81.207 78.1223 33.9473 44.6015 26.3087 24.9277 19.0941 17.2042 17.6604 19.9702 16.8343 17.3681 14.5666 15.2034 19.0494 15.1404 14.5157 18.9632 14.479 14.4524 14.431 19.1606 26.3864 15.9627
threshold=0.1139320758811037 -2.8983711643309662 1.5195776906739467 0.20136558538404178 -2.8712440139818409 -0.16900300018275616 0.11774608833432364 1.8712682238841702 0.013753586178631106 0.61450920700043143 0.72685281099012211 -0.078915433994387274 -1.0951095386950602 0.28992395043123026 0.15599583577330994 -1.0000000180025095e-35 0.010508818828460475 0.39115955323097834 -0.02153652529592379 1.0236945876958805 249.07095060384208 1.7912128727948455 1.1426971217549491 2.1282544752056571
decision_type=8 2 10 10 2 10 10 8 2 10 8 10 8 10 10 10 2 8 10 10 2 10 10 2
left_child=1 -1 7 20 6 12 -3 -2 9 -9 11 -5 -6 16 15 -15 -14 -18 -7 -20 23 -22 -23 -4
right_child=2 4 3 10 5 18 -8 8 -10 -11 -12 -13 13 14 -16 -17 17 -19 19 -21 21 22 -24 -25
leaf_value=-0.0041537373456904322 -0.0046501614203939053 0.010424988368137938 0.0033578703770616408 -0.00084279383853124292 0.010424735746114697 0.0020515494511752601 0.001682543868331468 -0.00048186498474671519 -0.0026743052112315003 0.011341678579132384 -0.00073812189504647086 0.009680910297857729 -0.0036578491563012067 0.017309648304996386 0.0013254054894546094 0.002254006158812777 0.0074022935644234931 -0.0013339569047466965 0.0095906524874702862 -0.0014073936526863742 -0.0014839810621668865 0.011178182037262934 -0.0021534463740771168 -0.0043833566664744856
leaf_weight=136.32174962759018 345.61227342486382 94.137775629758835 29.129321545362473 18.981423258781433 14.125404968857763 60.221162870526314 35.717165723443031 43.407586872577667 199.54551073908806 18.18865741789341 32.086771786212921 73.435439765453339 91.364339470863342 13.233948424458505 85.987543165683746 13.401527523994444 35.234574556350708 69.196932032704353 95.454650595784187 12.657408878207205 130.17928284406662 30.813496977090836 24.974401533603668 171.49124813079834
leaf_count=974 2456 638 205 133 96 418 245 307 1419 126 227 508 637 91 598 93 244 483 663 89 923 215 177 1218
internal_value=0.000111658 0.00263557 -0.00159909 0.000298293 0.00414035 0.00304611 0.00811544 -0.00319293 -0.00123123 0.00333986 0.00543588 0.00754817 0.00139106 0.000882722 0.00376401 0.0107159 -0.000799649 0.00172214 0.00613574 0.00829086 -0.00138129 0.000619003 0.00537763 -0.00322321
internal_weight=1874.9 757.054 1117.85 511.091 620.732 490.877 129.855 606.754 261.142 61.5962 124.504 92.4169 322.544 308.419 112.623 26.6355 195.796 104.432 168.333 108.112 386.588 185.967 55.7879 200.621
internal_count=13183 5269 7914 3606 4295 3412 883 4308 1852 433 868 641 2242 2146 782 184 1364 727 1170 752 2738 1315 392 1423
is_linear=0
shrinkage=0.01


Tree=9
num_leaves=25
num_cat=0
split_feature=119 5 105 119 162 5 105 123 315 77 116 151 221 162 126 119 176 256 119 117 153 105 234 157
split_gain=84.586 70.2848 30.7883 38.6944 29.5521 24.2849 22.9569 27.857 21.2753 19.2743 17.7656 16.4502 16.3374 16.0078 14.5198 14.4343 14.4244 13.8614 13.6547 13.6455 13.3389 22.0395 17.0012 13.9017
threshold=0.1139320758811037 -2.8983711643309662 0.60412778115746613 0.62455565442850103 0.0025220721064549783 -2.8712440139818409 0.28992395043123026 -0.10896092029255984 -0.15684355636338113 2.7483768167233111 0.43704074801655352 0.004667501770056098 -0.25427596793766233 0.0033361157484696723 0.25152785405400996 -0.045626134209986811 11.845387934830471 52.500000000000007 0.42225868332837363 2.368833019097448 0.049443833272216117 1.3003658682844919 0.024853299474966544 0.17034672125820502
decision_type=8 2 10 8 10 2 10 10 2 10 8 10 2 10 10 10 2 2 8 10 8 10 2 10
left_child=1 -1 -2 4 -4 17 7 8 -7 14 16 15 -12 -13 -6 -8 18 -3 -11 20 21 -5 -23 -24
right_child=2 5 3 19 9 6 11 -9 -10 10 12 13 -14 -15 -16 -17 -18 -19 -20 -21 -22 22 23 -25
leaf_value=-0.0037882672678747264 -0.0039046162546951574 -0.0018075599668635337 -0.0036397943013973251 -0.003259192406915511 -0.0011147422290461644 0.012712615770816584 0.010978838507602083 -0.00065579946177027196 -0.00092830861828873768 0.012814372619497492 0.013881908578547963 0.00020215068138918873 1.5463444299949917e-05 0.0064642215029147611 0.0097974823888140189 -0.00059362204515905849 -0.0015837508059812692 0.0089539732402464326 -0.0010622634295209723 0.0044045857141366464 -0.0065710774763582261 -0.0031691064052026007 0.01161601259261919 -0.00068030694838200248
leaf_weight=136.35859885811806 396.71866150200367 12.16914442181587 64.250169098377228 244.97128728032112 14.038525924086569 28.232578039169312 62.164850488305092 208.30627931654453 17.305144071578979 12.537775874137877 17.66521580517292 81.920043364167213 14.769065976142882 79.599775657057762 64.302239194512367 12.386170223355291 103.45279760658741 116.90286043286324 12.184197455644609 24.680001199245453 77.122591748833656 22.537895634770393 23.469153359532356 13.442266210913656
leaf_count=977 2832 83 453 1743 98 192 427 1455 120 87 122 570 103 549 442 86 727 790 86 174 553 160 165 95
internal_value=7.55331e-05 0.00265008 -0.00168391 -0.00043002 0.0022595 0.00408085 0.00302896 0.000918744 0.00775779 0.00387403 0.0018213 0.00525593 0.0081061 0.00335274 0.007859 0.00909187 8.19693e-05 0.00791462 0.00653396 -0.00244166 -0.00291641 -0.00193506 0.00340486 0.00738393
internal_weight=1861.49 755.345 1106.14 709.423 303.2 618.987 489.915 253.844 45.5377 238.95 160.609 236.071 32.4343 161.52 78.3408 74.551 128.175 129.072 24.722 406.223 381.543 304.421 59.4493 36.9114
internal_count=13089 5249 7840 5008 2118 4272 3399 1767 312 1665 1125 1632 225 1119 540 513 900 873 173 2890 2716 2163 420 260
is_linear=0
shrinkage=0.01


Tree=10
num_leaves=25
num_cat=0
split_feature=123 46 84 75 71 109 123 131 213 72 91 147 46 113 225 222 123 123 109 171 41 132 232 165
split_gain=96.3735 54.1934 34.6372 40.6656 27.2767 26.522 34.5379 19.8137 20.2188 15.3231 15.2981 15.1577 14.382 14.3225 15.6012 11.9572 11.9946 11.5901 15.0007 12.4614 11.5407 11.4849 12.5289 11.3874
threshold=1.3037559528709568 1.0000000180025095e-35 20.544132471151432 -0.52417242702899236 1.2661053434956357 1.4031403344534763 2.0485708564122036 1.2475667522056213 -0.14063735270583194 29.863559761186604 35.648828651391689 0.1461861667744021 1.0000000180025095e-35 -0.18979884853650783 0.88103563103563121 122.50000000000001 1.0218350804739009 -0.10896092029255984 0.40337131699278267 5.9745380304497457 511.50000000000006 0.0050483812048151841 2.5237594700770747 179.77855902777779
decision_type=8 2 2 10 8 10 10 10 2 2 2 10 2 8 2 2 10 10 8 10 2 2 2 2
left_child=1 2 3 7 23 -2 9 8 17 11 13 21 -13 -6 20 -4 -17 -1 -19 -20 -15 -7 -23 -5
right_child=5 -3 15 4 10 6 -8 -9 -10 -11 -12 12 -14 14 -16 16 -18 18 19 -21 -22 22 -24 -25
leaf_value=0.01349763913923256 -0.0040199260890537098 -0.0039489580283114572 0.014222332771011811 -0.0039628769285567226 3.4015914870976738e-05 -0.0048917365874926759 -0.003102995591783828 0.00046557433732816812 -0.00063779929496997725 0.0090385261858059902 -0.0034402123634926121 0.0040161691587165226 -0.0063523729650710415 0.0053143421476744782 -0.0043462086523905407 0.0092877704303400907 0.0022791874784297696 -0.0012421346996482159 0.0011915022303682222 0.01115879600391686 0.01449893273922921 0.0081002016679814909 -0.0015522479876369259 0.0013757724178830439
leaf_weight=44.343631222844124 423.90095108747482 113.1981597840786 24.946966245770454 124.77473551034927 67.432443216443062 55.216144144535065 299.11460016667843 49.728597208857536 23.737854048609734 23.321427166461945 31.262945041060448 137.45570734143257 12.175989747047423 108.67206318676472 12.082581579685209 56.01057855784893 46.627266436815262 17.850083231925964 17.590454697608948 51.294146969914436 14.934644654393194 16.165318325161934 43.401178136467934 56.091892033815384
leaf_count=298 3030 813 170 877 469 392 2134 341 164 162 218 954 87 755 85 381 321 123 119 349 103 114 308 393
internal_value=-3.00744e-05 0.00242451 0.00340247 0.00240114 0.000588145 -0.0021219 -0.000736425 0.0060184 0.00775509 0.00172654 0.00282662 0.000988633 0.0030632 0.00383021 0.00567009 0.00810091 0.00626054 0.00926385 0.00672865 0.0087756 0.00673282 -0.00171587 0.00130052 -0.00230604
internal_weight=1871.33 860.579 747.381 619.796 415.251 1010.75 586.85 204.545 154.816 287.736 234.385 264.414 149.632 203.122 135.689 127.585 102.638 131.078 86.7347 68.8846 123.607 114.783 59.5665 180.867
internal_count=13160 5979 5166 4294 2900 7181 4151 1394 1053 2017 1630 1855 1041 1412 943 872 702 889 591 468 858 814 422 1270
is_linear=0
shrinkage=0.01


Tree=11
num_leaves=25
num_cat=0
split_feature=271 5 149 147 105 106 315 157 3 119 160 100 119 149 271 235 180 307 148 114 180 227 105 85
split_gain=79.5613 54.8889 42.1787 32.7259 30.8158 22.8597 21.6911 19.0776 16.5197 15.328 20.5852 14.7438 14.9447 14.7435 14.4881 14.4798 14.444 12.662 14.1943 12.4045 12.073 11.9197 12.2877 17.0764
threshold=0.10952046704805242 -2.8983711643309662 0.092335018445142789 0.14913119318372417 0.70855941575970816 0.57833112906406392 -0.10822778297523582 0.41420252295010312 2.4250492385087665 -0.024501964845755859 0.053405260580219528 1.0477679750985656 0.12068543638501646 0.29104278074866313 0.13733715287959605 0.004656583726351169 3.765246169864644 0.0085872768729300126 0.20527087513505174 0.98323229258419098 2.8855323020928121 0.0054151800987244031 0.93544260628691212 44.120011231267128
decision_type=2 2 8 8 10 10 2 10 2 8 10 10 10 10 2 2 2 2 10 10 2 2 10 2
left_child=3 -2 6 13 9 14 7 -3 -9 10 -5 12 -6 -1 -4 -7 20 18 -17 -13 -12 22 -14 -24
right_child=1 2 5 4 11 15 -8 8 -10 -11 16 19 21 -15 -16 17 -18 -19 -20 -21 -22 -23 23 -25
leaf_value=-0.004104798822339265 -0.0041406569708393442 0.010311593904470076 -0.0033429603810146624 -0.0010978387942113617 0.01158044450874017 0.0017903593950920949 -0.00069208742184534596 0.0061093179798197015 -0.0060014681406679177 -0.0029432444687173777 0.0067206552455570312 -0.0059400490076734428 -0.0020759517232397644 0.0043344479849851941 0.0019115901729172325 0.0049524233786745007 0.014518876637765996 -0.0011121081733558001 0.014912802398489728 0.0052528517124026874 -0.0049352309449841774 0.010199053480899119 -0.0023705547184250529 0.010749118148171177
leaf_weight=456.70452459156513 104.65599907934666 136.23651325702667 100.64008989930153 160.48056896030903 25.514682948589325 122.56070293486118 30.009275481104851 39.51044562458992 12.735327199101446 301.39428025484085 20.168433144688606 24.178178086876869 44.650610268115997 19.329018771648407 103.60640360414982 41.8887560069561 12.282330855727194 14.001359820365904 23.906228512525558 12.910790920257567 11.831693798303602 16.579194366931915 15.187339112162588 21.32036055624485
leaf_count=3273 753 917 704 1123 174 852 208 271 88 2148 140 171 313 137 719 291 84 97 165 90 82 115 106 146
internal_value=-9.53943e-05 0.00247784 0.00360126 -0.0017419 -0.000306095 0.00167234 0.0071188 0.0083595 0.00298164 -0.00151857 0.000585151 0.003475 0.00511377 -0.00373634 -0.000682989 0.00403114 0.00640432 0.00728072 0.00905358 -0.00192196 0.00233102 0.00313621 0.00138528 0.00548847
internal_weight=1872.28 729.751 625.095 1142.53 666.498 406.604 218.492 188.482 52.2458 506.157 204.763 160.341 123.252 476.034 204.246 202.357 44.2825 79.7963 65.795 37.089 32.0001 97.7375 81.1583 36.5077
internal_count=13167 5065 4312 8102 4692 2828 1484 1276 359 3577 1429 1115 854 3410 1423 1405 306 553 456 261 222 680 565 252
is_linear=0
shrinkage=0.01


Tree=12
num_leaves=25
num_cat=0
split_feature=122 5 5 116 122 109 150 308 116 103 97 150 106 161 194 153 109 284 232 27 65 53 206 88
split_gain=80.6328 82.7307 35.6291 34.48 34.2066 24.1073 27.4613 20.5672 17.7511 14.6438 15.9387 15.9004 14.6744 14.1777 14.5302 13.2914 23.3783 17.9029 15.0908 13.0971 13.0642 12.264 11.232 10.9253
threshold=0.26025589624797435 -2.8983711643309662 -2.8712440139818409 0.32527398595925777 0.62680524993752162 1.2469916402469974 0.041004623791509043 3.2647307425254762e-05 0.133444274047719 1.6265039876907605 0.54440872638291904 0.054568012632528771 0.4966507372340615 0.017877117289868971 0.062696540880503152 0.011257075272450791 1.5585715578217496 0.01527431375980859 2.7004687539099805 0.60024509803921577 1.8113183167790441 29.500000000000004 79.500000000000014 0.34765782696743947
decision_type=8 2 2 10 8 10 10 2 10 10 10 10 10 10 10 10 10 8 2 2 10 2 2 10
left_child=1 -1 8 15 7 6 13 -5 -3 10 11 -7 -13 14 22 16 17 -2 -18 -6 23 -9 -4 -16
right_child=3 2 5 4 19 9 -8 21 -10 -11 -12 12 -14 -15 20 -17 18 -19 -20 -21 -22 -23 -24 -25
leaf_value=-0.0044546081033099566 -0.0016284111092302507 0.0090147729239325007 -0.0017809888172744856 0.0022772102587646347 0.0057123497490424707 0.011289453866763817 -0.001660724719768879 0.003836638489969406 -0.0030293671184391546 -0.0013975642751981843 0.014317885021237946 -0.0058331319041776599 0.0046653769203029039 0.0118995868715225 0.0027758831574188408 -0.0056098180633859761 0.0054905022011716952 -0.0064432586582758205 -0.0021123907277138662 -0.0020772657069787724 0.00029272291781489942 0.018080147879963634 0.0054549956290784298 0.0095787387845023709
leaf_weight=157.00779101252556 181.41302508115768 129.52064062654972 88.520219057798386 59.945614919066429 20.991795495152473 28.426044449210167 189.7854785323143 12.435819596052172 11.996189787983893 22.933827906847 22.968035042285919 13.851619258522986 66.352884337306023 15.178817749023436 46.270874992012978 195.16068938374519 50.232633203268051 136.19694097340107 48.892236441373825 230.77928139269352 48.12426184117794 14.795951619744299 25.189135476946831 54.810855001211166
leaf_count=1133 1297 866 612 417 149 194 1336 87 82 161 157 95 456 104 317 1406 351 975 344 1646 332 101 173 375
internal_value=-6.86575e-06 0.00209827 0.00345789 -0.00204702 0.000507107 0.00240406 0.00125383 0.00580414 0.00794729 0.0057947 0.00705867 0.00518904 0.00270258 0.00324315 0.00261775 -0.00345929 -0.0024186 -0.00373507 0.00177617 -0.00136735 0.00463999 0.012586 -7.55107e-05 0.00663539
internal_weight=1871.78 920.937 763.929 950.844 338.948 622.412 467.88 87.1774 141.517 154.532 131.599 108.631 80.2045 278.094 262.915 611.896 416.735 317.61 99.1249 251.771 149.206 27.2318 113.709 101.082
internal_count=13166 6393 5260 6773 2400 4312 3249 605 948 1063 902 745 551 1913 1809 4373 2967 2272 695 1795 1024 188 785 692
is_linear=0
shrinkage=0.01


Tree=13
num_leaves=25
num_cat=0
split_feature=123 5 5 117 103 161 122 108 123 315 108 71 134 165 161 147 151 71 145 205 103 161 154 151
split_gain=82.2247 59.9898 33.7867 30.4401 30.5961 27.7387 22.0813 19.2462 26.1513 17.8959 17.0528 17.2577 16.8236 16.3385 14.9452 13.3112 13.1536 15.819 12.445 12.5198 12.145 11.7913 14.5512 12.4759
threshold=1.3125116102006729 -2.8983711643309662 -2.8712440139818409 1.4565039338038972 2.033757660583174 0.039378693637037172 -0.029704994101377648 0.25742282728592319 -0.10896092029255984 -0.13666665479058371 0.54266905562317025 1.2661053434956357 0.19157646633707279 179.61707175925929 0.060361093038386472 0.19326442233335053 0.075737795711686068 1.8457526843982881 0.13863466178550632 -0.50993013241571927 1.584666890513849 0.078236580034005368 0.0072245661345743993 0.088094314213325434
decision_type=8 2 2 10 8 8 10 10 10 2 10 10 2 2 10 10 10 10 10 2 10 10 10 10
left_child=1 -1 -3 16 21 6 7 8 9 -4 -8 -12 13 18 -7 -10 17 -2 19 -9 -19 22 -5 -23
right_child=3 2 5 4 -6 14 10 12 15 -11 11 -13 -14 -15 -16 -17 -18 20 -20 -21 -22 23 -24 -25
leaf_value=-0.004221109440538412 -0.0035103826778334723 0.0079525926773142876 0.011458603832748141 -0.0012899135777550534 -0.0022923725147808416 0.012759699425480423 -0.0030973561681294851 -0.0091066386200775937 -0.0060711768389985193 -0.0016378862853691904 -0.0041468735907348089 0.0054404497461389978 0.015542330676755884 0.0079974644344906563 0.002158917106652716 0.00074107157121375137 -0.0044539147930254984 0.0020761433433435059 0.0086200070376148477 0.0014669279641948395 -0.0046095087890727108 0.013354399981070898 0.0068671306584179295 0.0031737341471112395
leaf_weight=120.14647722244263 205.74127051234245 127.92419342696667 31.481816127896309 56.053776994347572 152.8394617587328 34.210558384656906 131.71483686566353 12.173028022050856 34.494196131825447 13.884990051388739 24.358711630105972 59.330229356884956 13.873053520917891 66.246778085827827 23.264745831489563 121.07623673975468 343.48115588724613 126.04124939441681 13.674932286143301 41.479350283741951 31.586544319987297 20.819004058837891 32.149239078164101 30.161060452461243
leaf_count=869 1472 850 210 394 1092 234 932 84 240 96 172 408 94 452 160 840 2470 888 93 285 226 143 225 212
internal_value=1.97331e-05 0.00226515 0.0033187 -0.00193436 0.000773679 0.00233107 0.00163015 0.00317751 0.00112891 0.00756899 -0.000876636 0.00259374 0.00588847 0.00457567 0.00878923 -0.000844788 -0.00305318 -0.00170208 0.00100693 -0.00125145 0.000672252 0.00412619 0.00179365 0.00783541
internal_weight=1868.21 869.334 749.188 998.873 292.023 621.263 563.788 348.384 200.937 45.3668 215.404 83.6889 147.447 133.574 57.4753 155.57 706.85 363.369 67.3273 53.6524 157.628 139.183 88.203 50.9801
internal_count=13141 6019 5150 7122 2066 4300 3906 2394 1386 306 1512 580 1008 914 394 1080 5056 2586 462 369 1114 974 619 355
is_linear=0
shrinkage=0.01


Tree=14
num_leaves=25
num_cat=0
split_feature=5 21 114 120 11 259 73 170 161 21 100 162 161 120 1 5 108 11 170 108 21 238 116 149
split_gain=72.4373 86.1795 42.1136 41.9581 28.3538 26.3265 23.5249 23.0251 19.4227 16.5779 14.6602 20.2187 14.0534 14.3694 13.0653 12.8104 15.0526 12.7663 12.2119 11.7997 17.3258 11.625 10.9071 11.995
threshold=-2.8996003220412478 -0.05650404252328018 0.72620955713536361 0.80910960197290394 0.30058743740485938 -0.99148006522785759 310.94171343463051 2.453878880005361 0.0030349083540572907 0.24401235706784244 0.64388791173500859 1.0000000180025095e-35 0.019948628588311198 1.0925630971694631 -0.3703261865148425 -2.8773415074710829 0.56594127626327839 0.55872590938714095 1.6476047696986249 1.3645177348671844 0.66346253710917658 -0.50237652348079986 0.29163267464807036 0.15466765392720855
decision_type=2 8 8 10 8 8 2 10 10 8 8 10 10 10 2 2 10 10 8 10 8 2 8 10
left_child=-1 2 3 5 6 -2 9 18 14 12 11 -6 -3 -14 -7 -5 -17 19 21 -12 -21 -4 -11 -24
right_child=1 4 7 15 10 8 -8 -9 -10 22 17 -13 13 -15 -16 16 -18 -19 -20 20 -22 -23 23 -25
leaf_value=-0.004866947807686193 0.011056558737343066 -0.0043062827272080367 0.0098293009213822041 0.00319312422348564 -0.0026451564862719382 0.0018962053610047319 0.00584123147861745 0.0092885068182890548 0.0057662500307761322 -0.0057308929929521402 -0.002653447249549318 0.012166960678965342 0.0071766021091122182 -0.0021806563695272751 -0.0047334060633890266 -0.0052984496948022064 0.0036836525155910923 -0.0055425492518719147 -0.0012285613113546545 0.0086124430678321089 -0.0033185841172978961 -0.0011779680006503554 -0.0053568698518139711 0.0020099092129910569
leaf_weight=263.74926821887493 40.606221318244934 19.778648257255554 26.461632281541824 29.810057640075684 20.07862463593483 124.07181558012962 75.889590129256248 144.80188642442226 110.61879663169384 58.495842501521111 356.89132411777973 12.931626558303831 56.911793932318687 20.896851941943169 35.964677169919014 108.76436321437359 20.160812959074974 143.48009952902794 41.610416278243065 21.485464096069336 21.936662003397942 13.209638878703116 29.460272237658501 67.100718334317207
leaf_count=1915 269 140 183 200 143 851 528 979 759 420 2542 89 394 146 252 767 140 1033 286 151 158 92 211 476
internal_value=-3.94913e-05 0.000762158 0.00340114 0.00167341 -0.00127004 0.00379681 0.0010669 0.00692312 0.00260043 -0.000412261 -0.00260155 0.00363349 0.00276448 0.00466273 0.000343578 -0.00247764 -0.00383707 -0.0029988 0.00252586 -0.00205194 0.00272942 0.00630654 -0.00243175 -0.000316343
internal_weight=1865.17 1601.42 696.08 469.997 905.338 311.262 328.534 226.084 270.655 252.644 576.804 33.0103 97.5873 77.8086 160.036 158.735 128.925 543.794 81.2817 400.313 43.4221 39.6713 155.057 96.561
internal_count=13124 11209 4778 3238 6431 2131 2315 1540 1862 1787 4116 232 680 540 1103 1107 907 3884 561 2851 309 275 1107 687
is_linear=0
shrinkage=0.01


Tree=15
num_leaves=25
num_cat=0
split_feature=5 5 21 108 113 78 232 287 21 105 221 127 124 113 150 108 23 237 232 63 128 280 121 75
split_gain=80.9636 93.9195 51.6554 37.562 28.0372 25.1911 21.063 19.2302 18.6884 38.725 17.942 19.1596 17.2637 16.1638 15.1501 21.8167 14.6319 12.19 14.1852 12.1533 11.6643 13.551 11.065 11.0323
threshold=-2.8983711643309662 -2.8712440139818409 -0.024468828584708797 0.50140856581222448 0.26477367783031797 -45.52282747697933 2.7241120743786311 0.0069329869311173737 0.49100135760876468 0.96109023611504363 -0.25621239699411619 -0.21759325072803395 8.5000000000000018 0.044124727216906925 0.021665884316486729 0.24453203894057432 -0.40287570426734859 -0.20586597297393225 1.2001113783006911 -0.04664024637052841 0.70996622462033343 0.05871120978788244 -1.3352214367983311 0.42798048920673565
decision_type=2 2 8 10 10 2 2 2 10 10 2 8 2 8 10 10 8 2 2 10 10 2 10 8
left_child=-1 6 3 5 23 14 7 20 9 -6 11 -5 -8 -7 15 16 17 -3 -19 -13 21 -2 -9 -4
right_child=1 2 4 10 8 13 12 22 -10 -11 -12 19 -14 -15 -16 -17 -18 18 -20 -21 -22 -23 -24 -25
leaf_value=-0.0049534892489540659 0.016994321514482311 -0.0028330865522597695 -0.0017358553314941066 -0.00079263324047162856 -0.0011497789342992133 -0.0032723322441153614 -0.0032223504991219089 0.0080164411556757423 -0.0017974383750535984 0.0081215930294160112 0.0024446157449863376 0.01653915301859642 0.0074705558849435692 0.0035342243265338948 -0.0011664858142812421 0.011260348489999922 -0.0013573360555333303 0.013101514854425183 0.002810845322996967 0.007359079799719199 0.020277928417202745 0.0049990149539010462 -1.1883343209208572e-05 -0.004928417878635522
leaf_weight=274.4562560915947 14.0151220113039 12.707171663641928 223.52558010816574 15.259806543588637 108.50009703636169 162.76347576081753 29.281905561685562 55.922564625740051 190.5248795747757 73.300163105130196 72.707680568099022 27.564008310437202 25.838787421584129 41.566145941615105 61.530920475721359 35.218581765890121 54.178924173116684 22.560416907072067 33.40349680185318 46.503360748291016 18.189995601773262 30.925976723432541 23.886344969272614 218.77885322272778
leaf_count=1998 92 86 1584 105 766 1150 204 368 1367 504 498 187 176 292 426 237 372 151 227 318 122 204 162 1581
internal_value=3.48052e-05 0.000899091 -1.73252e-05 0.00224024 -0.00164457 0.000657766 0.00729321 0.00929119 0.000375256 0.00265031 0.00629165 0.00924014 0.00189316 -0.00185335 0.00299264 0.00460994 0.00248398 0.00546231 0.00740891 0.0112732 0.0133955 0.00954883 0.00568356 -0.00333865
internal_weight=1873.11 1598.65 1400.59 585.964 814.63 423.929 198.061 142.94 372.325 181.8 162.035 89.3272 55.1207 204.33 219.6 158.069 122.85 68.6711 55.9639 74.0674 63.1311 44.9411 79.8089 442.304
internal_count=13177 11179 9851 4049 5802 2941 1328 948 2637 1270 1108 610 380 1442 1499 1073 836 464 378 505 418 296 530 3165
is_linear=0
shrinkage=0.01


Tree=16
num_leaves=25
num_cat=0
split_feature=271 5 5 147 105 122 116 30 34 126 70 76 292 218 122 122 160 277 121 109 76 299 149 226
split_gain=79.2808 43.3734 37.516 31.2751 34.0227 25.0051 22.1092 17.9664 18.7228 16.4378 26.7496 16.6223 17.4964 21.9976 16.2486 14.3855 15.8352 17.2993 13.2729 12.8206 12.3766 13.0816 12.1476 11.8299
threshold=0.10952046704805242 -2.8983711643309662 -2.8712440139818409 0.14913119318372417 0.70855941575970816 0.30967284454575122 0.33230128323152541 0.0092810760667903554 0.1635944048023559 0.67274882465286645 0.62712529472794831 0.81836301994156491 0.0021175511861327889 0.077058029689608662 0.62680524993752162 -0.0077558681737471989 0.053967053629823424 -0.0023019289263250596 -1.016901428473979 1.8889734263227316 0.86775680592428117 0.0025879204070064503 0.29104278074866313 0.097321215020330074
decision_type=2 2 2 10 10 8 10 2 2 8 10 10 2 2 8 8 10 10 8 10 10 2 10 2
left_child=3 -2 -3 22 15 9 18 -6 -9 10 11 12 -4 -14 -8 16 23 -18 -7 -10 -12 -22 -1 -5
right_child=1 2 5 4 7 6 14 8 19 -11 20 -13 13 -15 -16 -17 17 -19 -20 -21 21 -23 -24 -25
leaf_value=-0.0039277760314937607 -0.0033779111713772361 0.008621687460135103 0.00067207462534778347 -0.0020360267152902496 0.0098857538541630794 0.0052810725583979212 0.0089342843287449434 -0.0023522936214201789 0.0028421753938879064 0.00035275758935652396 0.016237369799939661 -0.0044081139365392688 0.018019831185169387 0.0048625109291436704 0.00015814000066073942 -0.0030376854778917176 -0.0011877295168705828 0.010125075031689775 -0.0049006259688473717 0.01327332709806494 -0.0010896021343176651 0.01152535302027183 0.0036970073858194354 0.0062872279057378045
leaf_weight=460.57151812314987 103.7593429684639 115.38252505660057 67.380723461508751 149.70386317372322 34.012193441390991 12.335828587412832 28.571061313152313 56.317984104156494 57.528528451919556 87.888459622859955 26.07537080347538 21.289050355553627 13.815605163574217 73.578279361128807 65.305971950292587 277.34673279523849 23.218406543135643 27.387425750494003 91.674563705921173 13.020451113581656 13.873710587620737 15.445528119802473 19.593444868922234 16.411352679133415
leaf_count=3332 757 759 457 1045 231 87 194 396 399 606 174 149 93 499 460 1989 160 188 651 89 94 105 139 116
internal_value=-7.07234e-06 0.00254221 0.00352556 -0.00166396 -0.000237571 0.00234591 -0.000441337 0.00371534 0.00187305 0.00406487 0.00544874 0.00342957 0.00457406 0.00745544 0.00302351 -0.00154064 0.000385105 0.00512848 -0.00357531 0.00522032 0.0113687 0.0059556 -0.00359464 -0.00111588
internal_weight=1871.49 736.376 632.617 1135.11 654.947 517.234 197.887 160.879 126.867 319.347 231.458 176.064 154.775 87.3939 93.877 494.068 216.721 50.6058 104.01 70.549 55.3946 29.3192 480.165 166.115
internal_count=13169 5085 4328 8084 4613 3569 1392 1115 884 2177 1571 1198 1049 592 654 3498 1509 348 738 488 373 199 3471 1161
is_linear=0
shrinkage=0.01


Tree=17
num_leaves=25
num_cat=0
split_feature=271 5 4 123 162 71 122 140 154 71 122 85 198 77 65 123 273 102 278 271 208 5 303 271
split_gain=75.9055 47.9181 37.7234 28.5845 33.7199 24.5232 21.7232 19.0485 17.9498 16.185 15.8439 15.1548 19.1646 17.4488 19.1099 14.8767 20.0305 14.6788 15.4589 17.6478 13.4865 12.665 12.5836 11.5446
threshold=0.11102039330474796 -2.8983711643309662 -162.36294819828831 1.4747309707504359 0.004722556759891164 1.8712682238841702 0.62680524993752162 0.049124430766435384 0.0053262411347517738 2.9913326147244166 0.28498735876861764 25.930688628974288 67.500000000000014 3.1187112803743831 2.0704090059820879 0.53686365325266827 5.4713495324663919 1.197445646427689 -0.0028632799209677346 0.059747971287357191 1.1989045742140971 -2.908964877275698 -0.0044189103542170366 0.14021189356493871
decision_type=2 2 2 10 10 10 8 2 10 10 8 2 2 10 10 10 10 10 8 2 2 2 2 2
left_child=3 -2 8 4 21 10 7 23 15 -5 -4 -6 13 14 -13 16 20 18 -11 -20 -3 -1 -10 -7
right_child=1 2 5 9 11 6 -8 -9 22 17 -12 12 -14 -15 -16 -17 -18 -19 19 -21 -22 -23 -24 -25
leaf_value=-0.0084200137391248417 -0.0036957766521282355 0.011612481460978047 0.0013631708892810079 -0.0036384291187309941 -0.0001317440704970091 -0.00093239090347592435 -2.155207351081464e-05 0.010850895594429406 0.0017478237128964404 -0.003215885930136862 -0.0046829326161449917 0.0015301268191083707 -0.0012362935174193722 -0.00059089066030324877 0.015086922106506504 -0.00068859052972827133 -0.0019841290965881163 -0.0063431842273496773 -0.00074204059377696804 0.011893504647259814 0.00082119853033281714 -0.00091076169443596983 0.011261136158776091 0.0072316620782385058
leaf_weight=21.197843059897423 101.88893558084965 47.991599813103676 104.68992088735104 542.84244541823864 50.25055430829525 36.790097311139107 80.63482391834259 55.038464441895485 18.047314837574959 21.574152633547783 69.855050161480904 14.934148192405699 22.399070128798485 14.111101537942885 39.46387991309166 42.985413268208504 20.228021413087845 17.550254285335541 18.011816069483757 24.000956043601036 15.855260550975798 375.6982180327177 89.36171954870224 28.678227648139
leaf_count=155 745 319 719 3930 351 251 569 374 118 154 496 102 154 98 269 295 137 127 129 169 107 2646 586 192
internal_value=7.4171e-06 0.00257306 0.0036338 -0.00156627 0.000122061 0.00164417 0.00400138 0.00663995 0.00675966 -0.00301768 -0.0010871 0.00427227 0.00664766 0.00918608 0.0116434 0.00405927 0.00644154 0.00110598 0.00336051 0.0067499 0.00909692 -0.00137133 0.00975805 0.00278106
internal_weight=1874.08 712.045 610.156 1162.03 538.055 375.687 201.142 120.507 234.469 623.98 174.545 141.159 90.9082 68.5091 54.398 127.06 84.0749 81.1372 63.5869 42.0128 63.8469 396.896 107.409 65.4683
internal_count=13192 4908 4163 8284 3775 2601 1386 817 1562 4509 1215 974 623 469 371 858 563 579 452 298 426 2801 704 443
is_linear=0
shrinkage=0.01


Tree=18
num_leaves=25
num_cat=0
split_feature=123 162 123 117 123 62 279 117 153 83 126 83 83 228 157 323 173 209 257 315 302 307 79 304
split_gain=75.5126 28.8725 40.9014 27.5064 30.779 19.3828 19.543 17.9353 17.0055 23.8697 16.2227 15.8689 15.4358 14.2674 13.0278 12.8393 17.0249 12.5828 13.2601 12.4801 11.1957 11.082 10.9623 10.8182
threshold=1.322882153155492 0.003669737125619479 0.47636471290369542 1.4565039338038972 2.1824077074834012 131.50000000000003 -0.00097880766980173984 0.66225336546390612 0.0030864491545606102 2.1862168006146976 0.76311618645867674 1.3861406969911032 2.3931388519783376 0.4873805647958101 0.50531975099037929 333.50000000000006 1.0000000180025095e-35 0.7563382541720155 79.500000000000014 -0.43416482670996398 -0.0062213722891598612 -0.018846833077646289 515.96432482099669 -0.0062290315439930679
decision_type=8 8 10 10 10 2 10 8 10 10 8 8 10 2 10 2 10 2 2 2 2 2 2 2
left_child=1 2 14 8 12 -4 -7 -3 9 -2 13 -8 -5 15 17 -9 -17 18 -1 -13 -11 -14 -23 -19
right_child=3 7 5 4 -6 6 11 10 -10 20 -12 19 21 -15 -16 16 -18 23 -20 -21 -22 22 -24 -25
leaf_value=0.01342105436396211 -0.0027735522604025037 -0.0010995435114830995 -0.0026140159603453756 0.00067945860962437049 -0.0022603049376637226 -0.0014120926887817506 -0.0013088990953385911 0.0024345871443718884 -0.0043837084171277994 -0.00011325857470364122 0.0020918638249709741 0.002539858505485203 0.001636147194068834 0.015498998762892747 -0.0030686722229208243 0.01278963667988201 -4.6621572905226107e-05 -0.00078885149633920533 0.0050088722405019414 0.012698166971819976 0.0070498724894006879 0.0016929250917595479 0.013077469100879518 0.0047903795973000445
leaf_weight=26.172647789120674 252.158094227314 34.782052889466286 242.1007384955883 66.342411458492279 153.6834841221571 84.648634403944016 22.731802746653557 45.192963778972626 358.56327123939991 45.204953640699387 57.744810163974762 23.30911511182785 24.256298795342445 23.574631720781326 20.869314208626747 41.24859681725502 13.263996586203573 51.982570573687553 75.116294831037521 27.886366784572601 38.69756393134594 12.623509779572485 32.574396818876266 96.282461449503899
leaf_count=177 1812 240 1709 465 1106 591 160 305 2602 317 396 162 167 156 143 276 90 353 506 192 275 88 224 655
internal_value=0.00010544 0.00221844 0.00118257 -0.00179874 0.000782996 -0.000844336 0.00184966 0.00537788 -0.00287492 -0.00123887 0.0066257 0.00551167 0.00421019 0.00864641 0.00416701 0.00663189 0.00980108 0.00480383 0.00749905 0.00846845 0.00330154 0.00740955 0.010207 0.00284952
internal_weight=1871.01 886.907 671.1 984.104 289.48 400.677 158.576 215.807 694.624 336.061 181.025 73.9273 135.797 123.28 270.423 99.7056 54.5126 249.554 101.289 51.1955 83.9025 69.4542 45.1979 148.265
internal_count=13167 6111 4648 7056 2050 2814 1105 1463 5006 2404 1223 514 944 827 1834 671 366 1691 683 354 592 479 312 1008
is_linear=0
shrinkage=0.01


Tree=19
num_leaves=25
num_cat=0
split_feature=123 5 71 5 123 161 161 123 22 123 67 174 315 181 71 82 303 32 143 105 261 261 80 280
split_gain=72.2363 59.5147 28.8271 28.8165 28.7234 24.3001 23.3462 22.0355 23.5856 26.1377 22.7234 17.6041 17.1318 15.7025 14.919 14.1554 12.7034 11.9193 14.0457 16.6171 16.7431 16.5963 11.5013 11.2374
threshold=1.3125116102006729 -2.8983711643309662 1.8620673714001119 -2.8712440139818409 1.9862697771211273 0.038507877664504177 0.082445904610853077 0.64124283147438754 -0.30643077898711552 -0.068322747739752734 238.65216133234995 56.089861111111119 -0.15684355636338113 0.068775488546262198 2.9913326147244166 0.62699895311496678 0.0036890080407925804 0.0017993705845404686 0.030842666727064771 0.83677099456649129 0.39198172871902909 -0.070194637788671743 35.500000000000007 0.11149526957137181
decision_type=8 2 10 2 10 8 10 10 10 10 2 10 2 2 10 8 2 2 10 8 8 10 2 2
left_child=1 -1 -2 -3 6 7 17 8 9 12 15 -12 -5 -10 -6 -9 -16 18 19 -4 -21 -20 -8 -15
right_child=2 3 4 5 14 -7 22 10 13 -11 11 -13 -14 23 16 -17 -18 -19 21 20 -22 -23 -24 -25
leaf_value=-0.0043402412251474015 -0.0040660705950112778 0.0074131680879325782 -0.0024292310884442927 0.011238839112240885 -0.0038300306274804802 0.0081564636733576276 0.0034649055709199046 -0.0031210048360810218 0.00091833294073675055 -0.0012248185932194362 -0.0016615038042742908 0.0081578599439401066 -0.00078203132404478881 0.013886557538738688 -0.0007766203204846552 0.0020627794658543098 0.0088258715455430941 -0.0056537229518631325 0.012486683982505574 0.00626467136037126 -0.0025105002708421683 -3.3835460231695721e-05 0.014443880063509763 0.004151971732814284
leaf_weight=120.01986433565617 357.74151016771793 129.92880024015903 110.13314838707447 32.982643499970436 243.51561217010021 60.168719321489334 24.984583839774132 175.15028344094753 23.378259062767029 109.35122968256474 27.262435495853424 47.008367240428925 16.97043788433075 37.86175574362278 81.988604739308357 72.279967918992043 13.610528796911238 24.958239018917084 19.249620139598846 59.834131255745888 31.157417491078377 19.993231132626534 16.046496793627739 21.817864760756493
leaf_count=879 2592 844 785 216 1773 406 174 1229 159 752 188 321 116 253 584 506 97 183 134 413 219 140 108 147
internal_value=2.76318e-05 0.00212585 -0.00180055 0.00316864 -0.000531052 0.00225399 0.00167834 0.00158488 0.00384329 0.00152754 -0.000132184 0.00461195 0.00731353 0.00807574 -0.00252734 -0.00159644 0.00079545 0.000550803 0.0012577 0.000151125 0.00326406 0.00651205 0.00843878 0.0106942
internal_weight=1877.39 874.181 1003.21 754.161 645.472 624.232 306.357 564.063 242.362 159.304 321.701 74.2708 49.9531 83.0579 339.115 247.43 95.5991 265.326 240.368 201.125 90.9915 39.2429 41.0311 59.6796
internal_count=13218 6016 7202 5137 4610 4293 2156 3887 1643 1084 2244 509 332 559 2454 1735 681 1874 1691 1417 632 274 282 400
is_linear=0
shrinkage=0.01


Tree=20
num_leaves=25
num_cat=0
split_feature=122 5 113 271 122 308 22 108 155 103 120 122 226 19 52 159 174 309 316 185 90 308 164 303
split_gain=69.4864 72.1153 32.6409 32.0956 24.0392 24.0974 22.245 22.0688 16.9462 14.7732 18.9645 13.9431 14.0727 13.9195 12.8115 18.6979 17.6428 12.4677 13.4888 12.2546 11.9319 11.8466 11.5165 12.2302
threshold=0.26025589624797435 -2.8983711643309662 0.26477367783031797 0.11512896874504785 0.62680524993752162 3.2647307425254762e-05 0.06154296143298419 0.94514344071718093 0.013236273170048005 1.5688946303032212 0.79705437128283152 -0.28732941696836972 0.09532222783106177 0.0044832052604552733 165.50000000000003 0.15958773279567043 71.873888888888899 0.021000453810277268 -0.023038053909705411 0.7576698663655187 5.0053461513154636 0.0014800628946271489 0.0012699374539687964 0.0010238490092967512
decision_type=8 2 10 2 8 2 10 10 10 10 10 10 2 10 2 10 10 2 2 8 2 2 10 2
left_child=1 -1 -2 6 5 7 11 -4 19 10 -8 12 -3 -13 15 -10 -16 18 -12 21 -7 -5 -6 -24
right_child=2 3 4 8 22 20 9 -9 14 -11 17 13 -14 -15 16 -17 -18 -19 -20 -21 -22 -23 23 -25
leaf_value=-0.0042450229039311263 -0.0035051300282629488 0.00099016347542267243 -0.0040914676312033662 0.0078458186105147924 -0.0024308072762096503 0.0033669979084203655 0.00042279091177876781 0.0062307456124301953 0.005725537496189515 -0.0021131823717760877 0.0020954988625607666 -0.0032456418138171583 0.011318995105142083 0.0043605228458988886 0.0048539077390292026 -0.0038567417687917151 0.011717523518940759 0.00058102646054462241 0.0144854597844516 -0.0026997530258032944 0.015607952487379163 -0.003078317793347747 -0.0001257075077306343 0.0091167226826549021
leaf_weight=153.74636003375053 536.74685786664486 96.155466288328171 40.349844858050346 31.243512019515038 217.41765220463276 16.083122849464417 35.524148762226105 36.971429064869881 101.29640880227089 23.813378185033798 12.808083266019819 148.26527135074139 12.64799192547798 25.96462969481945 83.624200716614723 23.055239275097847 78.502990767359734 13.130852252244948 38.1317308396101 38.963979348540306 18.849132537841797 12.050149187445639 61.335059627890587 15.726255819201468
leaf_count=1130 3890 656 283 211 1573 111 242 251 674 168 87 1041 87 183 550 157 517 90 258 267 127 82 435 111
internal_value=1.56145e-05 0.00195459 -0.00189252 0.00319651 0.000242658 0.0041236 0.00124123 0.000877421 0.00532304 0.00473263 0.00639256 -0.000309449 0.00245733 -0.00205466 0.00646418 0.00389455 0.00832797 0.00952895 0.0116642 0.0012538 0.0106759 0.00478102 -0.0012586 0.00200483
internal_weight=1872.4 928.924 943.479 775.178 406.732 112.254 406.442 77.3213 368.736 123.408 99.5948 283.033 108.803 174.23 286.479 124.352 162.127 64.0707 50.9398 82.2576 34.9323 43.2937 294.479 77.0613
internal_count=13181 6400 6781 5270 2891 772 2812 534 2458 845 677 1967 743 1224 1898 831 1067 435 345 560 238 293 2119 546
is_linear=0
shrinkage=0.01


Tree=21
num_leaves=25
num_cat=0
split_feature=123 11 123 117 114 120 310 257 85 206 102 108 112 114 129 94 114 259 38 92 311 116 89 198
split_gain=67.6914 31.0978 22.1543 34.2576 19.2863 27.4862 19.0827 16.2967 14.7045 13.815 13.6079 20.5806 13.4801 15.0008 13.0163 19.3189 12.6269 11.9085 11.7501 11.6798 11.4596 11.4219 16.6813 10.6521
threshold=1.0218350804739009 0.4345530334492298 2.0959766593390667 1.1899112984831832 0.72620955713536361 0.76889629494685441 -0.33097165957358105 83.500000000000014 58.604873255398083 92.500000000000014 -0.48769850077261717 0.24453203894057432 96.500000000000014 0.73646253533861139 1.3890375923668139 0.44843245115144154 0.50429845768061465 -0.56954795414894133 0.30955032347014538 81.500000000000014 -0.18756338653909013 0.25719983842705324 2.9204553937149531 92.500000000000014
decision_type=8 10 8 10 8 10 2 2 2 2 10 10 2 10 8 8 10 10 2 2 2 10 8 2
left_child=4 2 3 12 5 9 21 19 -6 10 11 20 -2 -14 -3 -16 18 -10 -11 -8 -1 22 -5 -15
right_child=1 14 -4 6 8 -7 7 -9 17 16 -12 -13 13 23 15 -17 -18 -19 -20 -21 -22 -23 -24 -25
leaf_value=0.0041024609149645135 -0.0021300909828160641 -0.0058427980232571668 -0.0027253294955801215 0.011069769626900769 0.0032828837992509531 -0.0014770289124872533 0.0016705730874227549 0.0054475639415638146 0.004659585459748857 0.0081613563371724582 -7.4177348585268376e-05 0.013465212959013949 -0.0016824937515075539 0.010324490369703872 0.006551216495649049 -0.0029949259184039825 0.011935403689429793 0.014805254413162805 -0.0028042084139800211 -0.0063019367561368833 -0.0045115063422902658 0.010806126275262729 -0.0014544652222654518 -0.00077411278521852592
leaf_weight=83.635392233729362 269.22997134923935 159.18818198144436 247.29469513893127 14.103968590497969 104.04949817061424 181.9919231981039 40.964917987585068 52.967804089188576 28.012809336185455 16.976296842098236 123.59349809587002 19.035730391740799 39.210719496011734 24.906025826931 20.464358597993851 244.72177970409393 29.97044612467289 23.84166108071804 16.968257129192352 29.042463019490242 16.234708249568939 46.490336999297142 26.776233837008476 11.782277032732962
leaf_count=561 1920 1154 1794 97 709 1270 286 362 184 115 853 125 280 172 146 1775 200 156 116 202 112 318 187 83
internal_value=-3.63001e-05 -0.00141421 -0.000251976 0.000855603 0.00258118 0.00158307 0.00400989 0.00140106 0.00561737 0.00340072 0.00225355 0.00462662 -0.00108098 0.00257021 -0.00359411 -0.00219286 0.00745699 0.00986945 0.00285914 -0.0017397 0.00260631 0.00751093 0.00328183 0.00693516
internal_weight=1871.45 1227.14 802.769 555.475 644.31 488.406 210.346 122.975 155.904 306.414 242.499 118.906 345.129 75.899 424.374 265.186 63.915 51.8545 33.9446 70.0074 99.8701 87.3705 40.8802 36.6883
internal_count=13177 8776 5701 3907 4401 3352 1452 850 1049 2082 1651 798 2455 535 3075 1921 431 340 231 488 673 602 284 255
is_linear=0
shrinkage=0.01


Tree=22
num_leaves=25
num_cat=0
split_feature=119 5 5 116 81 150 109 160 60 119 123 123 72 71 71 292 275 83 225 267 273 256 174 29
split_gain=71.939 69.8426 43.123 23.8796 22.9677 27.491 26.1657 25.8062 25.975 21.4787 20.5349 16.7775 16.4075 15.4549 15.0975 14.1813 18.1787 13.3646 12.9726 12.5783 12.5221 12.4326 15.8218 14.6959
threshold=0.44062539308307441 -2.8983711643309662 -2.8773415074710829 0.32527398595925777 0.94026772506820999 0.048826334128002941 1.0339124374110222 0.059691595075022773 -144.59514149190406 0.8871444963249796 -0.10896092029255984 1.3037559528709568 27.426188707373985 1.9662326046784224 1.0298751579809631 0.011885080187179138 0.079047750522905288 1.6833683840526537 0.81002793296089404 0.52066714393310964 3.5118526697489743 52.500000000000007 75.777500000000018 0.30387335682987243
decision_type=8 2 2 10 10 10 10 10 2 8 10 10 2 10 10 2 2 8 2 2 10 2 10 2
left_child=1 -1 21 -2 5 6 10 -7 -9 12 -4 17 -5 -13 -12 18 -17 19 -16 -10 -6 -3 -23 -24
right_child=3 2 4 9 20 7 -8 8 11 -11 14 13 -14 -15 15 16 -18 -19 -20 -21 -22 22 23 -25
leaf_value=-0.0038853019742886093 -0.0038588260609434487 -0.00033671800238448932 0.0074707111210106734 0.00075357634048781117 0.0088012383823878586 -0.0037977604887321709 0.0089764537002537739 0.012868121442606878 0.0065636601998681271 -0.0024956094570332378 -0.0018279806226985601 -0.0064560678735553221 0.008852518131249305 0.0015463024109082662 -0.0028403494532353375 0.00061338059424123365 0.012275011897915284 0.0063144612360599671 0.0067654173173301926 -0.0044863114177927437 0.00061952251701106879 0.0044347178702166838 0.014047227607884632 0.0037224433672583658
leaf_weight=186.67129938304424 426.15644514560699 17.795003399252892 50.426177367568016 98.765313372015953 63.52083395421505 155.48776230216026 60.909360498189926 15.669606953859327 12.315333545207976 170.62168115377426 122.75279487669468 46.671902492642403 31.10407954454422 45.04510210454464 46.010381326079369 25.596131965517998 26.345891550183296 56.74580205976963 16.897389382123947 29.378961011767387 27.06309375166893 64.645266249775887 56.374274298548698 21.70524725317955
leaf_count=1376 3114 119 331 696 431 1106 406 107 85 1238 846 335 213 315 315 175 180 384 116 205 183 418 365 142
internal_value=0.000111931 0.00166953 0.00275745 -0.00234445 0.00179326 0.00117319 0.00316424 -0.000756562 0.00155643 -0.0001774 0.001856 0.000443407 0.00284887 -0.00258678 0.000586019 0.00315656 0.00687657 0.00326999 -6.4008e-05 -0.000989308 0.00646082 0.00744682 0.00841185 0.0114209
internal_weight=1874.68 1148.03 961.356 726.648 800.837 710.253 348.938 361.314 205.827 300.491 288.029 190.157 129.869 91.717 237.603 114.85 51.942 98.4401 62.9078 41.6943 90.5839 160.52 142.725 78.0795
internal_count=13201 7940 6564 5261 5520 4906 2369 2537 1431 2147 1963 1324 909 650 1632 786 355 674 431 290 614 1044 925 507
is_linear=0
shrinkage=0.01


Tree=23
num_leaves=25
num_cat=0
split_feature=32 122 114 76 117 119 247 144 114 196 126 213 108 267 126 194 106 125 65 136 161 258 84 35
split_gain=65.5407 78.1578 28.24 33.2365 27.3893 34.4168 20.6419 17.0994 16.5321 15.5652 14.3958 13.2705 12.9527 12.7442 12.6623 12.1656 12.084 16.0487 12.5311 11.5495 12.8919 14.97 17.4745 11.5257
threshold=0.0014316399604838677 0.26025589624797435 0.72620955713536361 0.7497525819723857 1.1899112984831832 0.62455565442850103 2.8856471342005814 0.079382110497990335 0.47499818936807098 0.35758377425044097 0.16043545005025217 -0.37904380120578157 0.52931568936782936 1.0641375024437068 0.36141486788050836 0.088335334133653479 0.58960696118975087 0.48854111822858814 2.7586725935647762 0.22303961342204434 0.060891635400573831 -0.12295719863405978 46.980530963212431 0.0052659308967888648
decision_type=2 8 8 10 10 8 2 10 10 8 10 2 10 2 8 10 10 10 10 2 10 2 2 2
left_child=1 2 3 8 11 10 23 12 14 -9 -6 -3 -5 16 15 -1 -13 -18 -19 20 -12 -22 -23 -4
right_child=-2 4 6 7 5 -7 -8 9 -10 -11 19 13 -14 -15 -16 -17 17 18 -20 -21 21 22 -24 -25
leaf_value=-0.00071874807118693781 -0.0052323042240212973 -0.0053179763682930353 0.0042929383728312863 -0.0047054083311669588 -0.0032639088424007735 -0.0015765736176511366 -0.0052085962179475422 5.1886919485581625e-05 0.0056984245503938656 0.010469162395280269 -0.00013719081325205419 -0.0019804638998869319 0.001497670494929781 -0.0048675264905204451 -0.0022589609105706822 0.0091229858823856022 -0.0053403024656009206 0.012627198932793838 0.0017394508062371973 0.011538713037871668 0.015046477885344257 -0.0034975306887327124 0.010441512493363897 0.0086855785637377815
leaf_weight=22.931147411465645 211.79043398797512 176.78307010233402 175.34194539487362 121.58232690393925 18.227582648396492 288.4038460701704 15.337412193417547 58.577507480978966 170.2314271479845 16.251734644174576 41.820453196763992 117.56902073323727 44.282706066966057 83.880426943302155 61.30740687251091 23.507270559668541 13.013658300042151 16.336513847112656 26.568900257349014 25.549583822488785 14.172313839197157 17.442342221736912 13.606370896100996 100.86049838364124
leaf_count=156 1569 1287 1181 860 129 2081 107 396 1144 109 290 851 304 613 420 156 95 116 194 174 96 120 90 670
internal_value=-3.06608e-05 0.000638742 0.00285877 0.00144267 -0.00147031 0.000351313 0.00533646 -0.00126794 0.0037824 0.00262749 0.00455229 -0.00322245 -0.00304599 -0.00173684 0.000677464 0.00448136 -0.000163415 0.00355077 0.00643375 0.0058756 0.00388993 0.00742324 0.00294429 0.0059727
internal_weight=1875.38 1663.59 810.211 518.672 853.374 419.222 291.54 240.694 277.977 74.8292 130.819 434.152 165.865 257.369 107.746 46.4384 173.488 55.9191 42.9054 112.591 87.0415 45.221 31.0487 276.202
internal_count=13208 11639 5503 3545 6136 2980 1958 1669 1876 505 899 3156 1164 1869 732 312 1256 405 310 770 596 306 210 1851
is_linear=0
shrinkage=0.01


Tree=24
num_leaves=25
num_cat=0
split_feature=119 116 119 81 103 58 315 81 123 127 119 107 33 255 185 106 71 127 11 48 71 38 213 147
split_gain=66.6026 26.3731 30.4053 20.5283 24.7991 20.8952 18.89 20.9536 19.3452 22.7324 18.2978 21.2185 15.4505 15.2773 16.7176 14.6793 13.5581 13.1019 12.4817 11.9907 11.718 16.5745 11.6045 14.6879
threshold=0.1139320758811037 0.32527398595925777 0.95925621946640438 0.54560390935795011 0.61304672877862498 1.0631704701769964 -0.096559334601391475 0.28452964112026757 -0.10896092029255984 -0.64040771505060723 0.4649171857249334 0.2846008771425243 0.025520191535578034 100.50000000000001 0.5252118644067798 0.52015961556802404 0.48997336407146791 0.1570715684243473 0.46692070390498069 93.500000000000014 2.1964470663411553 0.31790433961795467 -0.34942662638626931 0.15478681012153819
decision_type=8 8 8 10 8 10 2 10 10 10 10 8 2 2 8 10 10 8 10 2 10 2 2 10
left_child=3 10 13 4 6 -5 7 8 9 -1 11 18 -9 14 -3 -13 -10 -14 19 -2 -6 -22 -12 -24
right_child=1 2 -4 5 20 -7 -8 12 16 -11 22 15 17 -15 -16 -17 -18 -19 -20 -21 21 -23 23 -25
leaf_value=-0.00056259477812794557 -0.0029518349215226043 0.0093944788815929145 -0.0025637536582153826 0.0066227737718346216 -0.0018901049314372345 -0.0048372280487442533 -0.0036544635855322227 -0.00058136786649741435 -0.0056098997415783012 0.011023664909028843 -0.0058842135739440851 0.00013566032402071901 0.013683424943626676 0.0070803925098956166 -0.0001273730177174828 0.0094630171036921701 0.0018472727986448875 0.0019118938083897555 -0.0050927479423705365 0.0021234259720697151 0.011128296322391609 -0.0027641621309312521 -0.0043949895392493546 0.0015550489500595996
leaf_weight=25.877360209822655 100.32554060220718 18.698301494121552 167.91741877794266 144.52468705177307 212.65713357925415 15.682746097445486 35.469865903258324 13.997728854417799 25.626998156309128 43.93172761797905 196.10011827945709 42.493414029479027 40.382318645715714 63.803014546632767 126.27410171926022 25.486456632614136 167.13893404603004 13.685513004660605 96.523203372955322 81.974666967988014 14.905062273144724 14.714725553989409 113.27655148506165 62.400857418775558
leaf_count=174 720 130 1225 962 1499 108 244 95 178 285 1442 300 265 436 884 173 1145 92 699 580 102 100 836 453
internal_value=1.9928e-05 -0.00156154 0.000576945 0.00227234 0.0014178 0.00543003 0.00305182 0.00379927 0.00245929 0.0068608 -0.00268184 -0.00101313 0.00864866 0.00310828 0.00125083 0.00388615 0.000783658 0.0109657 -0.00223836 -0.000666628 -0.00105403 0.00455762 -0.00421626 -0.00228475
internal_weight=1863.87 1095.27 376.693 768.595 608.387 160.207 366.11 330.641 262.575 69.8091 718.581 346.803 68.0656 208.775 144.972 67.9799 192.766 54.0678 278.823 182.3 242.277 29.6198 371.778 175.677
internal_count=13127 7878 2675 5249 4179 1070 2478 2234 1782 459 5203 2472 452 1450 1014 473 1323 357 1999 1300 1701 202 2731 1289
is_linear=0
shrinkage=0.01


Tree=25
num_leaves=25
num_cat=0
split_feature=271 5 5 32 122 109 122 116 160 47 3 311 117 30 224 76 13 109 292 299 120 308 109 218
split_gain=69.9443 39.5952 33.4162 26.1989 27.3967 26.7633 20.975 20.3629 18.6625 17.55 20.1536 16.2336 15.5096 34.3485 12.9289 12.8847 21.3233 19.4865 17.4941 13.492 12.6749 12.8808 14.5649 12.4507
threshold=0.10952046704805242 -2.8983711643309662 -2.8712440139818409 0.0015372799243766988 0.22767934043160357 1.2589357677374584 0.30967284454575122 0.33230128323152541 0.042867022327603248 19.500000000000004 2.4920730105632178 -0.47727936002519533 1.1966157944951494 0.013506997836795332 1.8477000761707278 0.87970590717302255 0.80511870429268473 1.336262213858413 0.0021175511861327889 0.0046367962389634041 0.80293895587094943 0.0015273871077435654 0.84139474338521358 0.075986379450736566
decision_type=2 2 2 2 10 10 8 10 10 2 2 2 8 2 2 10 10 8 2 2 8 2 10 2
left_child=3 -2 -3 4 5 8 15 -8 14 10 -7 -11 -6 -14 -1 16 18 -17 20 -19 21 22 -4 -20
right_child=1 2 6 -5 12 9 7 -9 -10 11 -12 -13 13 -15 -16 17 -18 19 23 -21 -22 -23 -24 -25
leaf_value=-0.00081210009850286326 -0.0033698643941567287 0.0080383126362339463 -0.00073086448172385722 -0.0058283036634082077 -0.0037513523845112309 0.011020892004109346 -0.0034082289381162471 0.002941933557535515 0.002769923444304987 0.0019600752057454553 -0.0019787994795445762 0.015893515707677029 0.011909201283072407 -0.0015102103741376849 -0.007005610800562361 -0.004343878538296278 0.011999741700540269 -0.00031919068599488959 0.013397208688541417 0.01099792843068275 -0.0065811558153129023 -0.0035448381259915872 0.0094623666655190026 0.0044896073465326312
leaf_weight=143.86051987111568 99.502047032117844 120.10652668774128 24.598807469010353 123.12705816328526 331.73181819915771 14.07870578765869 102.31386317312717 94.279070690274239 115.55309148132801 14.289945781230925 37.987579762935638 21.777104735374451 17.674248337745667 268.49373227357864 41.76971372961998 41.507060617208481 33.909363254904747 21.144510939717293 17.931275278329849 17.533313736319542 17.894009098410606 24.239000231027603 28.136114239692688 96.578704878687859
leaf_count=1007 737 769 165 918 2428 94 734 654 802 95 261 144 122 1940 296 287 222 142 118 117 123 162 186 647
internal_value=3.77922e-05 0.00242383 0.00333683 -0.00152485 -0.000982868 0.00108832 0.00221134 -0.00035932 -0.000341145 0.00584256 0.0019062 0.0109451 -0.00228849 -0.000569007 -0.00229568 0.00376631 0.00490084 0.000261997 0.00360117 0.00518815 0.000384585 0.00219314 0.0048951 0.00618358
internal_weight=1870.02 739.674 640.172 1130.34 1007.22 389.317 520.065 196.593 301.183 88.1333 52.0663 36.0671 617.9 286.168 185.63 323.472 243.287 80.1849 209.378 38.6778 94.8679 76.9739 52.7349 114.51
internal_count=13170 5063 4326 8107 7189 2699 3557 1388 2105 594 355 239 4490 2062 1303 2169 1623 546 1401 259 636 513 351 765
is_linear=0
shrinkage=0.01


Tree=26
num_leaves=25
num_cat=0
split_feature=5 5 122 71 30 105 131 263 105 102 11 210 181 105 145 123 184 210 314 212 257 118 185 274
split_gain=62.1909 74.6146 51.21 28.5912 31.4937 25.4498 20.1076 19.9059 18.2358 30.2176 17.6963 12.9374 12.3166 11.653 20.6091 12.3459 12.3527 11.3634 10.8283 10.8075 13.3848 13.5519 10.5554 10.469
threshold=-2.8983711643309662 -2.8712440139818409 0.26025589624797435 1.8712682238841702 0.016274877680903511 0.78380643706932218 1.1296400249269674 0.2743101496108315 1.3003658682844919 0.69313313096813756 0.42018230887762165 0.063564213564213573 0.054460838240686822 0.28992395043123026 0.14751149899752333 -0.10896092029255984 0.16710659790069318 0.13657804459691256 -0.0036177271904318364 0.24712491738268344 54.500000000000007 120.50000000000001 0.77435167615433287 5.8463001839137902
decision_type=2 2 8 8 2 10 8 10 8 8 10 2 2 8 10 10 10 2 2 2 2 2 10 2
left_child=-1 12 5 22 7 6 11 -5 17 -10 23 -3 -2 15 -15 16 -8 -6 -19 -14 -21 -22 -4 -7
right_child=1 2 3 4 8 10 13 -9 9 -11 -12 -13 19 14 -16 -17 -18 18 -20 20 21 -23 -24 -25
leaf_value=-0.0045177517249813575 0.012940101778112596 -0.0002925076802635431 -0.0024691999594651558 0.0014325312669950798 -0.0031128590999981872 0.011756359465472663 -0.0017582801222317188 0.013480189626395028 0.011080262881191493 -0.00091693547258040354 -0.00015948715978313135 0.011355311173020775 0.0016831097481791199 0.00094414378034090001 0.0094302724355166106 -0.0019761893510380885 0.009267372225316867 -0.0028047997020769501 0.0089553640828718174 -0.00069097027347872616 0.0098168231570517923 -0.00097997334247755638 -0.0062862354345263353 0.0012865639111899962
leaf_weight=268.63757418096066 23.42439603805542 13.580981209874151 162.89827191829681 33.752586260437965 281.02785469591618 48.019976779818535 17.589585348963737 21.466113641858101 25.756116524338722 77.126074284315109 25.040957450866699 26.920696154236794 60.34825973212719 233.84744891524315 29.988521456718445 205.94007867574692 18.644471690058708 12.850343629717829 13.518425002694128 18.408378571271896 85.590389236807823 12.630759701132773 139.46350154280663 12.963383093476294
leaf_count=2001 153 92 1186 240 2024 316 115 147 179 559 170 178 398 1602 197 1435 122 91 97 123 551 82 1025 87
internal_value=-9.11654e-05 0.000657738 -0.000162984 -0.00189612 -0.000332069 0.00193841 0.00112277 0.00656379 -0.00130136 0.00229395 0.00690734 0.00766306 0.00631998 0.000557434 0.00200267 -0.00101791 0.00415045 -0.00251792 0.00347424 0.00524757 0.00699963 0.00842989 -0.00427523 0.00970291
internal_weight=1869.44 1600.8 1400.4 767.859 465.498 632.536 546.512 55.2187 410.279 102.882 86.0243 40.5017 200.402 506.01 263.836 242.174 36.2341 307.397 26.3688 176.978 116.63 98.2211 302.362 60.9834
internal_count=13170 11169 9862 5548 3337 4314 3741 387 2950 738 573 270 1307 3471 1799 1672 237 2212 188 1154 756 633 2211 403
is_linear=0
shrinkage=0.01


Tree=27
num_leaves=25
num_cat=0
split_feature=271 147 105 123 162 106 118 114 120 273 123 81 123 123 160 58 297 149 149 164 271 234 154 17
split_gain=66.2908 29.8226 31.7935 23.0542 24.6828 17.4869 17.3311 20.1644 23.3992 15.8631 14.0783 14.9473 17.6299 13.7197 21.0047 13.7083 13.5478 13.0842 13.0195 12.9743 13.283 17.5377 12.2207 11.8782
threshold=0.10952046704805242 0.14976909489454981 0.70855941575970816 0.64124283147438754 0.0039735169045513876 0.72205637146408386 16.500000000000004 0.53875967183219642 0.56902338150885712 5.4082838600369101 1.0218350804739009 0.81822695654368627 1.9369695702151235 1.2960309669010199 0.044273018182898131 0.93313267683802081 -0.036780578303776422 0.26988996007400917 0.087889098349349409 0.0012699374539687964 0.049335900250603519 0.057825527954482224 0.014501515868426127 2.7518282999352128
decision_type=2 8 10 8 10 10 2 10 10 10 10 10 10 8 10 10 2 10 10 10 2 2 10 2
left_child=1 17 13 6 -5 10 -2 8 9 -8 -6 -12 -13 14 18 16 -4 19 -3 -1 -21 -22 -9 -16
right_child=3 2 15 4 5 -7 7 22 -10 -11 11 12 -14 -15 23 -17 -18 -19 -20 20 21 -23 -24 -25
leaf_value=-0.0046273833908404899 -0.00021828206025124693 0.00082501493835007863 -0.0033450709404577324 -0.001616216454730148 0.0078733692159428294 0.0068683940785426991 0.012737880121467728 0.012203918715231875 -0.0016324517452685351 0.00014142209722484494 -0.0040916572669201148 0.0050960568040309415 -0.0021682708090788351 -0.0034530216084895371 0.00078357501061660439 -0.00037505113493744213 0.0070483567925200196 0.0026498037955458627 -0.0043003981455977235 -0.0063235756434160519 0.0077225264597162134 -0.0038851610565281353 0.0047214152529416274 0.0074980111755730341
leaf_weight=364.88338041305542 53.402270317077637 87.735139414668083 12.569359153509138 199.30911591649055 26.023587107658386 78.793506130576134 24.808921232819557 57.976579740643501 53.540444225072861 16.017058581113815 51.323283165693283 78.180840954184532 54.468989312648773 191.86665964126587 70.230756208300591 53.990530386567116 93.477155983448029 30.810213014483452 107.98704633116722 19.368165537714958 28.192628651857376 19.969962611794472 43.641469195485115 40.472409963607788
leaf_count=2696 360 608 87 1405 169 542 161 377 365 107 356 527 389 1406 487 380 636 222 775 142 201 144 285 274
internal_value=2.81689e-05 -0.00150126 -0.000128798 0.00235229 0.00107392 0.00293165 0.00481004 0.00616879 0.00270374 0.00814977 0.00137783 0.000347869 0.00212278 -0.00137721 -5.44129e-05 0.0037083 0.00575205 -0.00343694 -0.00201884 -0.00388742 0.000121827 0.00294142 0.00921588 0.00337339
internal_weight=1859.04 1121.55 658.329 737.486 488.099 288.79 249.387 195.984 94.3664 40.826 209.997 183.973 132.65 498.292 306.425 160.037 106.047 463.224 195.722 432.414 67.5308 48.1626 101.618 110.703
internal_count=13101 8058 4653 5043 3388 1983 1655 1295 633 268 1441 1272 916 3550 2144 1103 723 3405 1383 3183 487 345 662 761
is_linear=0
shrinkage=0.01


Tree=28
num_leaves=25
num_cat=0
split_feature=122 5 5 117 123 81 123 52 88 164 256 161 123 315 81 149 237 209 127 277 66 17 49 319
split_gain=63.8396 59.6579 32.1414 26.0643 34.9387 20.0919 23.8552 15.4687 15.4565 14.8467 14.0216 13.3379 15.4722 21.9339 14.4272 27.0482 12.8588 13.6641 12.4976 11.8536 11.74 11.4578 11.3479 11.2601
threshold=0.26025589624797435 -2.8983711643309662 -2.8712440139818409 1.1966157944951494 1.7422476609742701 0.77570209068504681 1.096818265623053 153.50000000000003 0.86375901853214887 0.0012699374539687964 52.500000000000007 0.017560992324561406 -0.10896092029255984 -0.15684355636338113 0.28452964112026757 0.092335018445142789 -0.15686029891495049 0.74330303755082527 0.80453084189824808 -0.021264510775260852 64.839049160330077 3.2506877391215823 4.5000000000000009 -0.035747791150432022
decision_type=8 2 2 10 8 10 10 2 8 10 2 10 10 2 10 10 2 2 10 8 2 2 2 2
left_child=1 -1 10 16 8 6 11 18 -5 -6 -3 12 13 -4 19 -16 -2 -18 -7 -14 -11 22 -12 -9
right_child=3 2 5 4 9 7 -8 23 -10 20 21 -13 14 -15 15 -17 17 -19 -20 -21 -22 -23 -24 -25
leaf_value=-0.0037574515868890068 -0.0049503188390183309 -0.0017478099767566737 0.011315038274811262 0.011568308486059154 -0.0027971449880456042 0.0051357181794234171 -0.0026029927016146311 0.012123462113266306 0.0026262556750554613 -0.0041870383462003103 0.01151280179506361 0.0070493697023693049 -0.0065589843729580441 -0.0017885860613373484 0.0080266540408233025 -0.00054245900254041701 0.0011418053567341657 -0.0036512412286358398 -0.0051786096721415011 0.00010238063825006577 0.0035192860156040679 0.0018269296699802715 0.0038645653856345958 0.0014383913504144089
leaf_weight=151.27377858757973 245.6367920935154 14.764005213975905 32.257641658186913 25.013785243034363 249.64915856719017 31.352314069867134 121.37587440013885 40.230307072401047 73.151356801390648 23.373873472213745 79.499092549085617 51.176440745592117 30.625757560133934 18.810511097311974 60.296365156769753 87.149032965302467 99.59211952984333 140.10345265269279 15.146149873733519 130.57834182679653 78.823431462049484 25.598361447453499 31.066078394651413 14.168138995766638
leaf_count=1128 1813 97 204 167 1822 211 858 262 503 168 502 340 214 127 397 598 726 1031 104 901 556 165 195 93
internal_value=9.52066e-05 0.00194007 0.00305016 -0.00174892 -1.05797e-05 0.00204098 0.00124641 0.006074 0.00517605 -0.00149036 0.00716137 0.00239601 0.00168116 0.00662976 0.000806147 0.00304055 -0.00334924 -0.00166554 0.0016508 -0.00124865 0.00168157 0.00815062 0.00952336 0.00956765
internal_weight=1870.71 935.368 784.094 935.344 450.012 633.167 532.27 100.897 98.1651 351.846 150.928 410.894 359.718 51.0682 308.649 147.445 485.332 239.696 46.4985 161.204 102.197 136.164 110.565 54.3984
internal_count=13182 6396 5268 6786 3216 4309 3639 670 670 2546 959 2781 2441 331 2110 995 3570 1757 315 1115 724 862 697 355
is_linear=0
shrinkage=0.01


Tree=29
num_leaves=25
num_cat=0
split_feature=5 5 153 117 121 115 22 76 149 232 5 160 154 128 141 124 62 144 285 209 217 33 246 128
split_gain=58.4606 64.6931 38.4838 21.9772 21.1054 23.2747 22.9202 25.6203 15.7504 15.0476 16.1604 14.9822 21.4914 19.3812 15.1245 14.0558 12.3393 13.059 12.6591 12.0223 11.1987 14.5602 10.9799 10.8125
threshold=-2.8996003220412478 -2.8712440139818409 0.0088574028745371253 1.6989804895797758 -0.78495607982310611 -0.51655126540875618 0.49471286614812321 0.7786058704176182 0.14488471836364708 2.7241120743786311 -2.8935132521978844 0.064915910048653422 0.016769150013122871 0.73093620254490987 0.014263669374604401 8.5000000000000018 218.50000000000003 0.0095770212635859202 0.089804125403406612 0.7563382541720155 0.82770038821648784 0.03228287841191068 0.60980044074701623 0.71653212936204846
decision_type=2 2 8 10 8 10 10 8 10 2 2 10 10 8 2 2 2 10 2 2 2 2 10 10
left_child=-1 9 4 -4 6 -6 7 19 -5 10 -2 -9 13 14 -13 -11 17 18 -7 -3 -21 22 -22 -12
right_child=1 2 3 8 5 16 -8 11 -10 15 23 12 -14 -15 -16 -17 -18 -19 -20 20 21 -23 -24 -25
leaf_value=-0.004464877409465765 0.00059144291946799466 0.0061937224772412904 -0.0045549664042584415 -0.0042657381490850159 -0.0023662552369108076 -0.0043562872278176462 0.0081918237288146883 -0.0024276073045642502 0.003720122306409699 -0.0030265421108324891 0.0070490639712721846 0.008876263932904806 0.01147792472398482 -0.0032433159965057036 -0.0020467905576966191 0.0060677326942192231 0.0086353470836498039 0.0059467977179921165 0.0025980800375887394 -0.0015875105075130701 -0.0020743510055886379 0.012711183740995169 0.0071392362003351905 0.014743403662706886
leaf_weight=251.24701306223869 29.251914456486702 115.29360653460026 247.36850030720234 35.357904821634293 301.10784627497196 48.527587488293648 53.53119395673275 168.49474355578423 67.097241297364235 31.818895041942596 99.458450347185135 31.022816553711891 17.595169931650162 64.146673858165741 18.614843085408211 30.652112603187561 23.286461010575294 36.731980368494987 50.551353022456169 55.856030628085136 30.279792264103889 13.311430394649504 18.502838343381882 25.680407866835594
leaf_count=1885 194 763 1828 256 2159 345 356 1183 476 221 632 211 120 445 131 205 160 259 357 374 205 88 124 165
internal_value=-5.35737e-06 0.000695043 -9.75116e-05 -0.00295596 0.000862137 -0.000737103 0.0021159 0.00146375 0.00091383 0.00573928 0.00739425 -0.000468996 0.00203362 0.000320546 0.00487164 0.00149002 0.00232742 0.00108381 -0.000824645 0.00392864 0.00161262 0.00445035 0.00160125 0.00892813
internal_weight=1864.79 1613.54 1396.68 349.824 1046.85 460.205 586.649 533.118 102.455 216.862 154.391 299.874 131.38 113.784 49.6377 62.471 159.097 135.811 99.0789 233.244 117.95 62.0941 48.7826 125.139
internal_count=13142 11257 9840 2560 7280 3280 4000 3644 732 1417 991 2090 907 787 342 426 1121 961 702 1554 791 417 329 797
is_linear=0
shrinkage=0.01


Tree=30
num_leaves=25
num_cat=0
split_feature=271 153 109 103 119 81 123 117 234 122 107 117 103 196 117 141 251 188 294 176 113 159 235 100
split_gain=60.1618 25.6958 29.2747 19.1047 16.1703 22.1179 15.9541 28.5986 19.7626 16.7319 15.686 13.4784 15.6275 11.4051 11.1191 16.0302 11.1086 10.9114 11.4071 10.7105 10.3911 16.0181 14.1047 11.4703
threshold=0.11102039330474796 0.011439476553980372 1.6322669066613535 1.6190982465179145 0.1139320758811037 0.54560390935795011 0.64124283147438754 0.70584783778875149 0.061743057388346387 0.62680524993752162 0.62505532714996914 1.6989804895797758 2.0827209286713102 0.25872210953346864 1.1966157944951494 0.013797430017738936 565.71569444444447 0.30697411846447809 -0.091055974137161863 12.776073380171743 0.39129270308529074 0.21024949892874426 0.0044893434776036691 0.92760153668001011
decision_type=2 10 10 10 10 10 8 10 2 8 10 8 10 8 8 2 2 10 2 2 10 10 2 10
left_child=1 2 4 -4 5 13 8 -8 16 10 20 -3 -13 -1 17 -16 -2 18 -6 -7 21 22 -9 -24
right_child=6 11 3 -5 14 19 7 9 -10 -11 -12 12 -14 -15 15 -17 -18 -19 -20 -21 -22 -23 23 -25
leaf_value=0.00087622808200769745 0.013546776624807031 -0.005047850803725564 0.0086155096671480021 0.0001032196044674027 0.0016002808165160574 0.0077359986133533846 -0.0026118510726121009 0.00092486416102934065 0.0027704361034054238 -0.00052487668567125357 0.013043981014304238 0.0075306644268301505 -0.0025636286229170019 -0.0031211017961577316 0.0073539736829974509 -0.0020617762745403449 0.0035111259814808583 -0.0010877792565427249 -0.0060170900113265084 -0.0014917652305448104 0.007919693372006785 -0.0026552009508902354 0.011975907117140598 0.0027195520174372852
leaf_weight=160.9819130897522 28.895443275570869 235.96799826622009 50.604901224374771 52.656336903572083 20.991360798478127 48.335167482495308 140.48729303479195 67.410448923707008 203.06756544113159 106.21820455789566 16.26690086722374 16.732756227254868 67.946297362446785 123.72277399897575 21.940354645252228 63.992985233664513 21.390796795487404 112.45501261949539 156.94139003753662 15.366524308919905 38.832479357719421 46.03832745552063 27.824769109487534 28.215784266591072
leaf_count=1133 185 1765 342 377 154 322 995 456 1346 758 108 119 497 869 151 460 140 819 1159 103 254 315 185 192
internal_value=-1.82626e-05 -0.00144105 -0.00050406 0.0044033 -0.00121912 0.000330971 0.00223243 0.0011296 0.00424472 0.00273026 0.00426153 -0.00383181 -0.000377761 -0.00087103 -0.00264863 0.000489236 0.00971279 -0.0035764 -0.00510183 0.00552618 0.00340473 0.00225093 0.00410713 0.00768861
internal_weight=1873.28 1148.64 827.989 103.261 724.727 348.406 724.648 471.294 253.354 330.807 224.589 320.647 84.6791 284.705 376.321 85.9333 50.2862 290.388 177.933 63.7017 208.322 169.489 123.451 56.0406
internal_count=13204 8270 5889 719 5170 2427 4934 3263 1671 2268 1510 2381 616 2002 2743 611 325 2132 1313 425 1402 1148 833 377
is_linear=0
shrinkage=0.01


Tree=31
num_leaves=25
num_cat=0
split_feature=32 119 105 119 105 85 11 152 143 114 76 2 71 83 178 258 87 85 176 119 113 194 120 314
split_gain=60.9323 59.602 25.875 30.3038 24.553 18.9984 20.0997 19.1906 17.4275 19.6028 35.3259 21.6782 17.3414 15.127 14.8489 13.9105 13.362 13.2888 12.453 12.3174 12.2674 11.4532 12.9056 14.7085
threshold=0.0014316399604838677 0.1139320758811037 0.61450920700043143 0.73641916350403436 1.0801467272519485 59.682818561526076 0.14311920586839302 0.0064412405352141907 0.17907926583299719 0.72620955713536361 0.81635623538640334 0.88546177473087706 2.4219076004092055 1.0522255815543915 0.76685606060606071 -0.49699735442419601 1.6229847167284277 47.15822039403578 11.845387934830471 0.44062539308307441 1.1762808601389261 0.060054644808743174 0.76375366690251634 -0.0038350946088056416
decision_type=2 8 10 10 10 2 10 10 10 8 10 8 8 10 2 2 8 2 2 8 8 8 10 2
left_child=1 8 12 4 5 6 -4 -7 9 10 21 13 -3 -11 19 -14 -5 -13 -9 -6 -18 22 23 -1
right_child=-2 2 3 16 14 7 -8 18 -10 11 -12 17 15 -15 -16 -17 20 -19 -20 -21 -22 -23 -24 -25
leaf_value=-0.0018858274193603061 -0.0051292825727201523 -0.0041086981183860258 0.006621122347670959 0.0061882886306102646 0.0074127814731591328 0.012008216798517456 -0.0048152331271676795 0.007121697227147835 0.010711426818303669 -0.0017249655617278038 -0.0031137064904002065 -0.0029527329671128338 0.0097411971761187498 0.0089525598453094723 0.0097252408843126314 -0.001222999423694244 -0.003200129230585499 0.0045319151426756561 -0.00022495872954563686 -0.0024166763561711125 0.0049194546848143452 0.0047559854482103446 -0.0044609521484648184 0.0057301001265415109
leaf_weight=41.072634384036064 205.61600506305695 290.34733420610428 16.028259754180908 15.496380671858786 19.795260041952133 16.65332005918026 83.831106662750244 26.389019936323166 24.892569929361343 13.943969950079916 125.40855121612549 39.893563866615295 13.821002557873724 108.46145230531693 54.284027889370918 35.80943201482296 263.02298665046692 50.637080788612366 107.65744614601135 26.691981092095375 17.420344084501266 178.10718311369419 31.62358783185482 58.519445821642876
leaf_count=274 1551 2140 112 113 135 110 600 182 155 95 873 270 98 702 367 262 1933 328 748 188 125 1182 217 391
internal_value=-3.23735e-05 0.000606105 -0.000956739 0.000217379 0.00219657 0.00049321 -0.00283741 0.00271845 0.00289607 0.00254868 0.00131242 0.00501745 -0.00317832 0.00771661 0.00629246 0.00217308 -0.00212742 0.00123339 0.00133172 0.00193426 -0.00264793 0.00312214 0.0008431 0.00261416
internal_weight=1865.42 1659.81 987.248 647.27 351.33 250.559 99.8594 150.7 672.56 647.667 434.731 212.936 339.978 122.405 100.771 49.6304 295.94 90.5306 134.046 46.4872 280.443 309.323 131.216 99.5921
internal_count=13151 11600 7113 4613 2442 1752 712 1040 4487 4332 2937 1395 2500 797 690 360 2171 598 930 323 2058 2064 882 665
is_linear=0
shrinkage=0.01


Tree=32
num_leaves=25
num_cat=0
split_feature=271 5 5 119 108 5 122 116 126 76 185 122 164 278 129 152 299 3 50 247 154 239 307 279
split_gain=65.0016 39.7794 32.2602 24.8153 25.5502 18.4072 17.1778 22.4613 17.8801 16.0281 14.8614 13.9047 13.2284 13.6774 22.1042 17.8227 13.2241 12.7041 14.3519 14.3002 12.1341 12.048 11.5563 10.7941
threshold=0.10952046704805242 -2.8983711643309662 -2.8712440139818409 0.4649171857249334 0.56594127626327839 -2.8931329938424857 0.30967284454575122 0.33230128323152541 0.67274882465286645 0.71107352793123135 0.758774630541872 0.62680524993752162 0.0012699374539687964 -0.0028632799209677346 1.9323775691538185 0.13516016016016019 0.0062953357861136325 2.4920730105632178 21.500000000000004 1.2297273485037639 0.0054102839301395271 0.59106025639847604 0.032893559060222712 -0.01052066407107227
decision_type=2 2 2 10 10 2 8 10 8 10 8 8 10 8 10 10 2 2 2 2 10 10 2 10
left_child=3 -2 -3 4 22 -6 8 -8 10 -5 16 -9 -11 -14 -15 -16 -4 19 -19 -7 23 -18 -1 -12
right_child=1 2 6 9 5 17 7 11 -10 12 20 -13 13 14 15 -17 21 18 -20 -21 -22 -23 -24 -25
leaf_value=-0.0019457038813760119 -0.0034304236914719007 0.0078302075169155525 0.0050482567892352103 0.0044267045617641639 -0.0060247089338291418 0.0013571180911517112 -0.0034354988705172056 0.0085487180725217268 -0.00027405933133155025 -0.0042317093039064176 -0.0055188363703080378 0.00051533761399798813 -0.0050314439214460436 -0.0048915708294577495 0.016938959132804857 0.0012271906961780564 0.0043114198761636897 0.00078379543698013383 0.010051456309723901 0.012948505044877816 0.008078634302971904 0.017455039057336381 0.0047532954563620231 0.002330326890611265
leaf_weight=396.99365989863873 101.80194893479347 120.80086170136929 91.716947123408318 24.103565707802773 18.329565271735191 18.732095912098885 101.64109690487385 29.921136185526848 89.794108241796494 408.53214937448502 20.357392281293869 64.987005740404129 25.260969802737236 16.174406453967094 11.736654207110407 15.561805725097654 14.219637691974638 111.82645428180695 17.005460321903229 25.066781371831894 24.273257419466972 18.761048763990402 24.771989941596985 68.648175224661827
leaf_count=2837 763 756 600 173 136 125 733 196 608 3049 137 459 184 117 82 113 93 771 112 167 158 122 178 457
internal_value=2.72494e-05 0.00230534 0.00322309 -0.00150112 -0.000146567 0.00286101 0.00212324 -0.000210151 0.00351531 -0.00314437 0.00493569 0.00323313 -0.00355277 0.000476292 0.00381081 0.00897558 0.00729177 0.00389249 0.00220522 0.00839728 0.00221848 0.0126076 -0.0015207 0.000408907
internal_weight=1861.02 746.923 645.121 1114.1 612.726 190.96 524.32 196.549 327.771 501.37 237.976 94.9081 477.266 68.7338 43.4729 27.2985 124.698 172.631 128.832 43.7989 113.279 32.9807 421.766 89.0056
internal_count=13126 5082 4319 8044 4326 1311 3563 1388 2175 3718 1567 655 3545 496 312 195 815 1175 883 292 752 215 3015 594
is_linear=0
shrinkage=0.01


Tree=33
num_leaves=25
num_cat=0
split_feature=5 5 123 71 162 123 123 83 5 154 7 232 292 118 257 148 198 148 58 11 160 84 316 316
split_gain=59.5628 59.2181 40.1929 25.2781 24.8584 27.575 18.2398 15.0742 16.0257 14.5041 14.8205 14.2144 25.0706 14.1517 13.5903 12.8997 11.8982 13.3268 12.8989 11.7129 11.1726 10.8724 10.7718 11.4357
threshold=-2.8996003220412478 -2.8712440139818409 1.419388148805002 1.9055346769561676 0.003669737125619479 0.64124283147438754 1.9862697771211273 1.6621213818519462 -2.7841589122720416 0.011722021566164155 -0.53533979815646882 2.7241120743786311 -0.0034691164778374085 16.500000000000004 71.500000000000014 0.088100482483742415 70.500000000000014 0.18658501749625084 0.7183419970686663 0.34435833858457093 0.04172431549838828 -1.0107790916409785 0.017731157731157732 -0.030234123072804483
decision_type=2 2 8 8 8 10 8 8 2 10 2 2 2 2 2 10 2 10 10 10 10 2 2 2
left_child=-1 11 4 15 5 13 9 -6 -9 10 -5 12 -2 21 -15 -4 17 -10 -19 -11 -7 -3 23 -16
right_child=1 2 3 6 7 20 -8 8 16 19 -12 -13 -14 14 22 -17 -18 18 -20 -21 -22 -23 -24 -25
leaf_value=-0.0045140274693980728 0.012227655640249831 -0.0076048910446966248 0.0031644850818412004 -0.00047276942646583156 0.00065618884842306405 -0.0037500782420770888 -0.0020672291485089732 -0.0028418605879972077 0.0023699106095629004 0.01282170061489412 0.0086587725169375573 0.0013674812979988058 0.0038500687038586423 0.010706801376864129 0.0070687379472887651 -0.0049625347385654538 0.00093592632536658698 0.0034921058313804416 0.013810559197689332 0.00079969705290324519 0.00027102134728078972 0.0013374331922008848 0.0061062272715561687 -0.0013018636816904631
leaf_weight=251.03432393074036 57.227297633886337 15.77799019217491 19.258981838822365 137.16462321579456 67.493071049451828 135.45390269160271 253.86094953119755 14.739712625741957 24.110476329922676 17.296565920114521 17.516943618655205 62.985266357660294 99.921942189335823 25.998695403337479 18.471539974212646 230.57703752815723 22.317562907934189 18.933002278208733 52.384543523192406 14.55090971291065 136.51503670215607 47.763933256268501 62.459734693169594 66.829903945326805
leaf_count=1900 361 107 144 967 460 968 1868 98 162 118 121 428 637 171 120 1708 146 125 343 104 957 327 409 442
internal_value=-9.39737e-06 0.000694864 -6.68709e-05 -0.00178175 0.00160104 0.000417317 -0.000330441 0.00456251 0.00648953 0.0020235 0.000692407 0.00548118 0.00707008 0.00289228 0.00435147 -0.00430352 0.00770546 0.00920555 0.0113236 0.00787331 -0.00174607 -0.00109819 0.00304569 0.000668662
internal_weight=1870.64 1619.61 1399.48 690.226 709.249 509.271 440.39 199.978 132.485 186.529 154.682 220.135 157.149 237.302 173.76 249.836 117.746 95.428 71.3175 31.8475 271.969 63.5419 147.761 85.3014
internal_count=13191 11291 9865 5030 4835 3501 3178 1334 874 1310 1088 1426 998 1576 1142 1852 776 630 468 222 1925 434 971 562
is_linear=0
shrinkage=0.01


Tree=34
num_leaves=25
num_cat=0
split_feature=271 32 78 32 152 70 157 180 162 70 150 70 126 287 152 12 89 279 152 81 2 70 81 152
split_gain=59.6036 32.9756 27.7418 25.5052 21.6863 25.3095 18.5737 14.7626 14.0783 13.481 17.584 15.6637 14.4431 13.9843 13.8114 13.4426 12.6706 12.6614 12.4341 15.3277 11.8278 19.1588 13.8576 11.4255
threshold=0.10952046704805242 0.001215809514799617 -71.432643394508858 0.0014316399604838677 0.056753073802223671 0.70055652072315089 0.41420252295010312 3.8580192813321652 0.019362649379051789 0.83086595391063045 0.11634059308477913 0.66035556419628094 0.66463328927168053 0.028187043589980459 0.079090404147270435 -0.035181288230728643 2.0940824270714984 -0.14814152995971178 0.11119697750300533 1.2043851703817188 0.66621357149836669 0.51657186066460781 0.55057584853265762 0.023289714556919115
decision_type=2 2 2 2 10 10 10 2 8 10 10 10 8 2 10 2 8 10 10 10 10 10 10 10
left_child=3 2 6 4 5 20 -2 16 -6 10 11 13 -13 -4 -11 -15 -7 -12 19 -10 21 -1 -22 -24
right_child=1 -3 9 -5 8 7 -8 -9 18 14 17 12 -14 15 -16 -17 -18 -19 -20 -21 22 -23 23 -25
leaf_value=-0.00057399615676915008 0.0077593288253243542 -0.0036150218026426073 -0.0016659441672033082 -0.0055791068623744769 -0.0048688419020900611 0.0080674413203071435 0.00095187646284741701 0.0084110106877029901 -0.00082139544936278748 0.0081048223843265231 0.0058436207358880292 0.0095234201103651852 0.0010713997438132992 0.0079245967875225462 0.00093284754198139314 -0.0030232412966625043 5.0762188453932994e-05 -0.0038267124790126116 -0.0030298715739604173 0.0086029508749808133 -0.0038216412709406824 0.0075733233505887558 0.0028071938419673317 -0.0027802543647645192
leaf_weight=122.04940518736839 153.35412847995758 82.59481680393219 109.98073454201221 125.79891867935658 170.25247214734554 22.015742585062981 55.56229829788208 43.855087697505951 52.302474707365036 53.662671983242035 12.954882904887198 42.095238015055656 38.765872955322266 33.580304682254791 53.432969480752945 14.241236269474028 96.764983370900154 99.486141368746758 105.81743632256985 22.494844406843185 179.67471787333488 34.755888238549232 79.609627351164818 62.929948925971985
leaf_count=863 964 624 754 961 1277 150 367 297 381 353 91 273 261 227 374 99 672 700 787 160 1294 236 550 458
internal_value=7.42423e-05 0.00225161 0.0029917 -0.00138654 -0.000839732 0.000253654 0.00599068 0.00362807 -0.00282812 0.00159364 0.000627978 0.00215956 0.00565735 0.000292594 0.00465227 0.00465768 0.00169865 -0.00258725 -0.000853371 0.00221096 -0.000904557 0.00132814 -0.00199632 0.000327311
internal_weight=1868.03 749.711 667.116 1118.32 992.523 641.655 208.916 162.636 350.867 458.2 351.104 238.663 80.8611 157.802 107.096 47.8215 118.781 112.441 180.615 74.7973 479.02 156.805 322.214 142.54
internal_count=13173 5087 4463 8086 7125 4520 1331 1119 2605 3132 2405 1614 534 1080 727 326 822 791 1328 541 3401 1099 2302 1008
is_linear=0
shrinkage=0.01


Tree=35
num_leaves=25
num_cat=0
split_feature=5 119 11 42 109 23 119 76 225 109 103 177 85 204 105 170 178 93 101 132 113 135 131 103
split_gain=56.0378 61.8656 26.8989 23.5928 22.3388 23.2359 16.7789 16.0344 18.1237 15.9839 25.4593 15.9619 20.1139 14.8682 14.8676 14.4853 14.1836 13.846 11.3487 11.3467 14.4043 11.8512 10.9223 10.8999
threshold=-2.8996003220412478 0.044807703382431514 0.31385025740899863 121.50000000000001 1.0146505108814157 -0.40945686289158251 0.63217769870756124 0.71552731815359749 0.86116780045351493 1.2953676906762099 1.3616038676401125 7.4977313350266845 77.016711147970668 0.30621437764294912 0.61450920700043143 1.5404302503579046 0.89518823075934739 0.33325533403476842 -0.26730702707383192 0.049682733455857699 -0.25742184866585144 0.21799777305395285 4.25764955664149 1.4073146079045842
decision_type=2 8 10 2 10 8 8 10 2 10 10 10 2 2 8 10 2 8 10 2 10 2 8 10
left_child=-1 4 3 6 5 7 14 8 13 -4 11 12 -11 -2 -3 -6 -5 -8 -19 20 -7 -22 -16 -24
right_child=1 2 9 16 15 19 17 -9 -10 10 -12 -13 -14 -15 22 -17 -18 18 -20 -21 21 -23 23 -25
leaf_value=-0.0043999869268978396 0.013353566629377828 -0.0028768127166984218 -0.0038806345101476949 0.011274009659466294 -0.0011279835508155938 -0.0031759249688962511 -0.0041275543733875703 0.0016773090864597639 -0.0011007643895394323 0.0013923052978626041 -0.0020518736436497291 -0.0037830497438915839 0.013336139190564596 0.0024553281851686245 0.0097731062428671137 0.0070539844309655125 0.0029075927814236863 0.0074889038806783235 -0.0032848558296245181 0.0076709989050048402 -0.0052663955211283879 0.0037350789337001551 0.0063082618702980497 -0.00083352976300003149
leaf_weight=246.35251523554325 43.080486804246902 40.425943821668625 275.56643041968346 25.442451611161232 23.682838767766953 117.33855591714382 120.5317784100771 93.054613530635834 17.196020394563675 31.451863303780556 270.22111855447292 15.799576103687285 24.219090282917023 19.605147242546082 23.175537779927254 169.48923069238663 85.485873103141785 19.383379235863686 15.066099330782889 13.832264199852942 15.344629332423208 74.470616817474365 34.053559079766273 48.951222375035286
leaf_count=1876 275 291 2028 174 157 796 885 611 111 219 1981 110 160 125 154 1089 584 140 111 90 105 503 230 339
internal_value=1.41483e-05 0.000693864 -0.00078263 0.00118794 0.00327667 0.00188357 -0.000270209 0.00459742 0.00781247 -0.00210061 -0.000641968 0.00454978 0.00700078 0.0102147 0.00213015 0.00604391 0.00506896 -0.00254473 0.00285872 -0.000267081 -0.000898531 0.002072 0.004071 0.00219647
internal_weight=1863.22 1616.87 1029.77 412.516 587.094 393.922 301.588 172.936 79.8817 617.258 341.692 71.4705 55.671 62.6856 146.606 193.172 110.928 154.981 34.4495 220.986 207.154 89.8152 106.18 83.0048
internal_count=13144 11268 7406 2908 3862 2616 2150 1122 511 4498 2470 489 379 400 1014 1246 758 1136 251 1494 1404 608 723 569
is_linear=0
shrinkage=0.01


Tree=36
num_leaves=25
num_cat=0
split_feature=5 5 123 162 11 131 208 123 22 28 181 220 232 27 234 150 114 29 14 73 151 202 144 76
split_gain=60.1369 61.092 42.8392 21.7597 20.4486 20.2095 19.0858 18.4804 19.864 15.4375 14.4134 14.093 13.8667 13.5394 13.0358 12.6337 19.612 12.3037 12.2902 12.0872 14.042 11.3121 11.2068 11.1957
threshold=-2.8996003220412478 -2.8712440139818409 1.051604393095541 0.003669737125619479 0.30938716618920697 1.1296400249269674 1.4873806109231391 1.7248368960695943 0.55913665335640561 0.22460142237018507 0.053944638567372798 0.22814297153672566 3.2054224354621703 0.60024509803921577 0.0585855779288703 0.0445978263443279 0.4783292139629774 0.26933161512027498 0.14651511214835949 348.16640708431447 0.11957904635468526 0.074227119681665149 0.047666382656442303 0.69607573271969081
decision_type=2 2 8 8 10 8 2 8 10 2 2 2 2 2 2 10 10 2 2 2 10 2 10 10
left_child=-1 10 3 5 7 21 -5 8 9 -4 -2 -12 17 -9 -10 16 -7 -13 22 -15 -21 -3 -11 -6
right_child=1 2 4 6 23 15 -8 13 14 18 11 12 -14 19 -16 -17 -18 -19 -20 20 -22 -23 -24 -25
leaf_value=-0.0043880846082468084 0.012371941015075225 0.0011354644692667204 -0.0034009375964352997 0.0036306515157135183 0.0027353245394500943 -0.0015390278770530735 0.014126093572182004 0.0054034406457918538 0.0036208386109914605 0.010846262092078054 -5.7575733413824833e-05 0.010935957733639694 -0.00028025703694232231 -0.0034738565016029176 0.014436172011464819 -0.0023155725088148207 0.0040674461348160209 0.0042255326225748733 -0.0013171265175521518 0.0083672909786305701 -0.0036386019267265661 0.01329316001872888 -0.0004496265664788931 -0.0027308621137295879
leaf_weight=248.89939822256565 26.751333236694336 13.062814816832544 47.092421531677246 56.917862698435783 37.917545676231384 98.782235741615295 24.449838072061539 23.729673385620117 29.548289820551872 25.525652438402176 48.103539913892746 56.260058417916298 26.992812603712082 147.28047440946102 18.600389957427979 92.782868012785912 160.21290837228298 63.213749825954437 25.381846830248833 18.2830620855093 15.658878490328787 18.693688228726387 12.161487326025961 524.42348083853722
leaf_count=1901 171 86 328 373 269 667 157 170 199 174 315 355 184 1076 122 650 1068 398 176 126 112 119 84 3847
internal_value=0.000157556 0.000866607 8.47056e-05 0.00255309 -0.00115802 0.00152624 0.00716649 0.000686211 0.00322504 0.000804401 0.00571126 0.00462554 0.0061422 -0.00128726 0.00839019 0.000799076 0.00193175 0.0075743 0.00397102 -0.00223871 0.00294773 0.00882519 0.00740016 -0.00234861
internal_weight=1860.73 1611.83 1390.51 464.902 925.603 383.535 81.3677 363.262 158.31 110.161 221.321 194.57 146.467 204.952 48.1487 351.778 258.995 119.474 63.069 181.222 33.9419 31.7565 37.6871 562.341
internal_count=13127 11226 9803 3120 6683 2590 530 2567 1083 762 1423 1252 937 1484 321 2385 1735 753 434 1314 238 205 258 4116
is_linear=0
shrinkage=0.01


Tree=37
num_leaves=25
num_cat=0
split_feature=122 5 5 162 108 123 215 152 105 184 251 122 105 101 87 260 13 38 287 79 184 99 306 255
split_gain=52.8703 48.0442 23.082 22.6339 18.9404 22.5975 18.1829 17.8069 20.2404 14.8535 14.2144 14.1829 13.9061 14.9919 13.9759 13.6343 12.9912 12.7001 12.4073 12.0305 11.9175 11.707 10.9867 10.7672
threshold=0.26025589624797435 -2.8983711643309662 -2.8712440139818409 0.019672184015544252 0.50140856581222448 0.44332208086257985 -0.63792992214001809 0.11867455188391661 1.0292360650603152 1.6171693370790845 0.044027777777777784 0.64143503934520274 0.016531525003905707 -1.2567077564432887 1.2711141979024216 -0.059418725987546391 0.8682008777523057 0.4364401366844442 -0.033759636387442532 164.21965336454022 0.48561444205667209 0.017080608603624294 0.89405665426798431 147.50000000000003
decision_type=8 2 2 8 10 10 2 10 10 8 2 8 10 10 8 8 10 2 2 2 10 10 2 2
left_child=1 -1 -3 -2 5 12 -6 8 21 16 -7 -10 14 19 -4 -12 -8 -11 -13 -14 -15 -5 -19 -23
right_child=3 2 4 7 6 10 9 -9 11 17 15 18 13 20 -16 -17 -18 22 -20 -21 -22 23 -24 -25
leaf_value=-0.0035030109473575344 -0.0029332169554410039 0.0061129653293282961 0.0055948963616831325 0.0077963325407935415 0.0097794082862413118 0.0023728168887266858 0.0031336112956614399 -0.0024758539297230061 0.0099241725967811143 -0.00033977179337220848 -0.0036187410726143568 -0.0031961139953431798 0.011187414438991225 -0.0062326718156178766 -0.0032988383936064973 0.0056639142552170705 -0.0034610113051824977 0.013643592932951651 0.005947142026101822 0.00044542725020640272 0.0054198635531035955 -0.0028896270990112333 0.0021209194291279538 0.0057355054043034251
leaf_weight=147.56736615300179 563.19027875363827 153.81552073359489 25.654321983456612 11.893892720341681 43.401114732027054 72.420508965849876 75.160263419151306 139.62323877215385 38.759737148880959 17.000083580613136 167.7376564592123 23.736401796340942 45.309283941984177 13.165778681635858 43.654142081737518 14.828212842345236 45.562547072768211 23.84420083463192 31.209775298833847 13.87022916972637 16.584143549203873 97.531844794750214 14.068904712796209 14.153379902243612
leaf_count=1123 4165 952 163 83 282 499 497 1037 258 115 1177 169 294 89 293 105 305 155 221 90 110 705 93 99
internal_value=8.5423e-06 0.00168306 0.00266701 -0.00168948 0.0018035 0.000531348 0.0041614 0.000277944 0.00206119 0.00263394 -0.00130554 0.0054938 0.00346843 0.00602204 6.98103e-05 -0.00278412 0.000614181 0.00680817 0.00201688 0.00882175 0.000138284 -0.000598609 0.00983836 -0.00167264
internal_weight=1853.74 933.644 786.077 920.099 632.261 413.224 219.037 356.908 217.285 175.636 254.986 93.7059 158.238 88.9294 69.3085 182.566 120.723 54.9132 54.9462 59.1795 29.7499 123.579 37.9131 111.685
internal_count=13079 6342 5219 6737 4267 2820 1447 2572 1535 1165 1781 648 1039 583 456 1282 802 363 390 384 199 887 248 804
is_linear=0
shrinkage=0.01


Tree=38
num_leaves=25
num_cat=0
split_feature=32 122 271 22 271 155 103 120 62 163 122 22 106 287 115 68 3 34 103 13 58 99 107 106
split_gain=58.4283 67.2435 24.4648 19.4768 16.7308 16.5268 15.4229 15.813 14.4874 13.6513 16.9098 16.8318 16.7028 15.8938 12.982 16.1179 11.3428 12.9962 10.8132 10.2532 14.3155 11.5477 9.99864 12.0848
threshold=0.0014316399604838677 0.26025589624797435 0.11462643700339314 0.06154296143298419 0.056566246935567617 0.013236273170048005 1.584666890513849 0.79705437128283152 40.500000000000007 0.0012804433186598793 0.78481097053384119 0.55913665335640561 0.93252372619715673 -0.030737014456140726 -0.68367912875255421 256.50000000000006 2.5471693845014545 0.17438712786958849 0.99634298387058362 1.0208836274894295 0.65738053747450598 0.035367736976623619 -0.078915433994387274 0.43212759701517306
decision_type=2 8 2 10 2 10 10 10 2 8 10 10 8 2 8 2 2 2 10 10 8 10 8 8
left_child=1 2 3 19 18 22 7 -5 -7 11 14 -6 -12 -13 -11 -16 -9 -18 -3 20 -1 -21 -4 -24
right_child=-2 4 5 6 9 8 -8 16 -10 10 12 13 -14 -15 15 -17 17 -19 -20 21 -22 -23 23 -25
leaf_value=0.0016356061367308844 -0.0049533865498393387 0.002358380388083111 -0.0024677893357090267 0.00049768467595911797 -0.0037193621190285174 -0.001157890138877176 -0.0026891368075638781 0.014696389522328941 0.006218640310490138 0.00078995433965603739 -0.0026432654733695737 -0.0023037749246269971 0.0079648935280281462 0.0062844426978804135 0.0025732295009170555 0.012493353670608869 -8.1664925003160896e-05 0.0099181540721273408 -0.0041477307835793929 0.010518485740032222 -0.0029484971600116402 -0.001939123052866607 0.0098889812244016082 -0.00094294508349603977
leaf_weight=117.87265068292618 201.8893665522337 26.737993791699409 46.911047175526619 37.328468292951584 181.63207955658436 28.180372640490532 24.297071218490601 19.831308826804161 286.16682454943657 109.1251775175333 132.94172589480877 44.14768098294735 13.86077933013439 37.171310946345329 48.196113109588623 23.980309411883354 23.180862754583359 26.048402220010757 223.83556170761585 14.453690692782404 153.69561775028706 11.526241168379782 16.681918442249298 20.537426248192787
leaf_count=814 1554 197 316 247 1343 186 170 128 1827 766 973 321 101 266 329 161 157 169 1679 97 1073 82 109 135
internal_value=8.84176e-05 0.000706523 0.00272808 0.00105445 -0.00128051 0.00450398 0.00422842 0.00584635 0.00554972 -0.000355138 0.00100015 -0.00204265 -0.00150274 0.00168954 0.00302418 0.00623087 0.00858947 0.00544248 -0.00343084 -0.000363021 -0.000958777 0.00531009 0.000531387 0.0042437
internal_weight=1870.23 1668.34 826.712 428.234 841.629 398.478 130.686 106.389 314.347 591.055 328.104 262.951 146.803 81.319 181.302 72.1764 69.0606 49.2293 250.574 297.548 271.568 25.9799 84.1304 37.2193
internal_count=13200 11646 5510 2937 6136 2573 871 701 2013 4260 2330 1930 1074 587 1256 490 454 326 1876 2066 1887 179 560 244
is_linear=0
shrinkage=0.01


Tree=39
num_leaves=25
num_cat=0
split_feature=5 5 119 116 119 108 23 153 109 307 75 126 232 292 313 128 99 117 31 165 321 120 120 114
split_gain=49.0138 59.379 40.2436 24.8563 24.6414 23.7837 17.0567 15.1478 27.7026 14.4666 14.3512 14.293 14.0586 20.408 15.795 13.3514 14.2869 12.352 14.5068 12.0002 11.7186 15.788 11.7172 11.9523
threshold=-2.8983711643309662 -2.8712440139818409 0.1139320758811037 0.32527398595925777 0.73641916350403436 0.24453203894057432 -1.046130925948429 0.010173804286884894 1.4800153312732556 -0.0046366743657284088 -0.47578801033322532 0.36868518551418905 2.7241120743786311 -0.0034691164778374085 -0.0021279003961516695 0.70996622462033343 -0.63274612796179963 0.51412940550891351 0.0027118656532562615 179.61707175925929 4.5000000000000009 0.80910960197290394 0.62097112523439313 0.50092887330182434
decision_type=2 2 8 10 10 10 8 10 10 2 10 10 2 2 2 10 10 8 2 2 2 10 8 8
left_child=-1 12 5 7 11 6 -3 8 20 -10 -7 -5 13 15 -15 16 -2 -12 19 -19 21 -4 23 -8
right_child=1 2 3 4 -6 10 22 -9 9 -11 17 -13 -14 14 -16 -17 -18 18 -20 -21 -22 -23 -24 -25
leaf_value=-0.0039367595430256077 0.013447311467881638 0.0095662032084529378 0.004116533495604569 -0.0009114510913483053 -0.0013148796887288152 0.010365392297934354 -0.00020246607613171042 -0.0052606687921863725 -0.00051085071690635685 0.0064576945662954419 -0.00029661667318292686 0.0064186865366961257 0.0013962890387318456 -0.001379644604696669 0.00704862112999114 0.019577227435877427 0.0014238432870313478 0.0029532606287921218 -0.002177954908370828 0.008799710599358081 -0.0044465646208494405 -0.0036344049151733212 -0.0023563698196960724 0.0084023070633774261
leaf_weight=257.73976249992847 19.135260716080662 14.21811008453369 43.332828342914581 36.081364646553993 189.53566120564938 31.477547988295555 51.387949600815773 147.73182334005833 66.592813342809677 50.169926181435585 67.370809644460678 89.883461683988571 58.120346173644066 31.892887309193611 63.737112075090408 15.664605855941771 19.707668304443363 76.580664917826653 24.474449396133423 71.039931774139404 208.50772421061993 58.123340532183647 152.97423134744167 20.467764660716057
leaf_count=1979 114 93 316 253 1394 198 340 1117 466 353 458 599 387 200 396 97 123 502 163 461 1534 432 1056 133
internal_value=8.65383e-05 0.000737764 -7.00208e-06 -0.0012901 0.000957207 0.00222485 -7.48193e-05 -0.00252475 -0.0015467 0.00255716 0.00423721 0.0043374 0.00568174 0.00727737 0.00426879 0.0120652 0.00788394 0.00331543 0.00471709 0.00588649 -0.00310503 -0.000292271 -0.000800692 0.00246134
internal_weight=1865.95 1608.21 1399.95 889.959 315.5 509.991 239.048 574.458 426.727 116.763 270.943 125.965 208.258 150.138 95.63 54.5075 38.8429 239.466 172.095 147.621 309.964 101.456 224.83 71.8557
internal_count=13164 11185 9868 6464 2246 3404 1622 4218 3101 819 1782 852 1317 930 596 334 237 1584 1126 963 2282 748 1529 473
is_linear=0
shrinkage=0.01


Tree=40
num_leaves=25
num_cat=0
split_feature=5 5 119 109 152 108 120 131 150 70 200 114 148 93 277 189 119 117 127 113 149 109 212 224
split_gain=58.0775 66.311 43.0198 23.8322 31.1644 23.2362 21.3156 19.1438 16.7835 14.7214 14.3162 14.1724 13.1893 13.123 12.7102 13.7599 12.5336 15.8281 13.5639 11.4345 14.8582 12.5508 11.3122 15.3244
threshold=-2.8983711643309662 -2.8712440139818409 0.1645283755538979 1.5195776906739467 0.079090404147270435 0.50140856581222448 0.76375366690251634 0.99815859003049379 0.060760572107192649 0.93925704758099549 1.6215011546242364 0.72765134955375765 0.21743005502596299 -0.050420772771041317 -0.014360941538799977 -0.20823834518264764 0.58348533622662468 1.0754376948866182 0.69987918575151942 0.35836499767010715 0.14536164327425471 2.3487247349341756 0.24712491738268344 2.4982647717905122
decision_type=2 2 8 10 8 10 8 8 10 10 2 8 10 8 8 10 8 10 8 10 10 10 2 2
left_child=-1 22 5 13 9 6 7 -3 -7 12 -10 -8 -5 16 -9 -16 17 -4 -19 -6 -21 -22 -2 -24
right_child=1 2 3 4 19 8 11 14 10 -11 -12 -13 -14 -15 15 -17 -18 18 -20 20 21 -23 23 -25
leaf_value=-0.0043315925915107818 0.0026060598001146156 0.012698803679340263 -0.0038187960278828958 9.8100094271446524e-05 -0.0048590576366249472 0.0087240224495138963 -0.0037100947032457027 -0.0019050655376728969 -0.00080433382293244871 0.012396860840310218 0.0071469090809059398 0.0021613701896544819 0.0058541024391473937 0.0011571289204464399 0.0059503331750215185 -0.0006260441948196337 -0.005984193386286512 0.0046805927094484973 -0.0049978127914052702 -0.0054251744405178094 5.7377266397416669e-05 0.0091685086361535748 0.0097215074771655283 0.0019540761595486923
leaf_weight=261.0507380515337 71.279142498970032 15.568500638008116 171.49143147468567 98.97325274348259 90.596465289592743 73.035623401403427 119.70125210285187 57.62416298687458 57.707096368074417 13.914542138576506 33.716036155819893 59.360967263579369 64.281672328710556 62.273292243480682 86.038834393024445 48.368833348155022 149.47869895398617 46.78213731944561 17.738374412059784 36.310519233345985 75.526563450694084 16.14642545580864 97.607009455561638 36.714778006076813
leaf_count=2010 457 97 1266 692 685 468 844 386 382 92 218 403 435 459 566 323 1133 327 126 268 550 114 595 243
internal_value=1.49842e-05 0.000731102 -5.43502e-05 -0.00147297 0.000313152 0.00211151 0.000755252 0.00291946 0.00522722 0.00340347 0.00224429 -0.00175473 0.00243196 -0.00304588 0.0019479 0.00361238 -0.00373094 -0.00224542 0.0019062 -0.00219866 -0.000243093 0.00190013 0.00599197 0.0076902
internal_weight=1861.29 1600.24 1394.63 843.513 395.749 551.121 386.663 207.6 164.459 177.169 91.4231 179.062 163.255 447.764 192.032 134.408 385.491 236.012 64.5205 218.58 127.984 91.673 205.601 134.322
internal_count=13139 11129 9834 6147 2836 3687 2619 1372 1068 1219 600 1247 1127 3311 1275 889 2852 1719 453 1617 932 664 1295 838
is_linear=0
shrinkage=0.01


Tree=41
num_leaves=25
num_cat=0
split_feature=271 32 151 109 73 122 109 65 122 76 284 299 118 114 76 142 89 282 78 157 109 197 312 157
split_gain=50.9553 27.7204 27.3433 29.7441 29.1128 21.2057 19.3542 18.5623 16.6867 14.1047 13.7488 12.6822 12.665 12.4085 16.3899 15.5901 14.9826 14.8004 15.9092 12.2317 11.8724 11.1364 13.2055 11.193
threshold=0.10952046704805242 0.001215809514799617 0.087447625420191508 1.2347382449401898 356.12589946012127 0.30967284454575122 1.9109651622609172 2.7487325202582356 0.64143503934520274 1.0509889468486509 -0.13547065607725736 -0.049905668969644927 12.500000000000002 0.7294133139056892 0.8009102858263798 0.0024922128054707571 1.5714327041100185 -0.00060111497496706165 -164.0943480356099 0.14296359378326592 1.6322669066613535 -0.19685580725717064 -0.15229070598963121 0.42166958432018681
decision_type=2 2 10 8 2 8 10 8 10 10 8 2 2 8 10 2 10 8 2 8 10 10 2 10
left_child=2 5 3 11 7 13 10 9 -8 20 -7 12 -1 14 17 16 -15 18 -2 -10 -5 23 -23 -19
right_child=1 -3 -4 4 -6 6 8 -9 19 -11 -12 -13 -14 15 -16 -17 -18 21 -20 -21 -22 22 -24 -25
leaf_value=0.0081518748850892657 0.0075046490061215134 -0.0033535515805474415 -0.0035399211980398164 0.0027197088937500869 0.0078382315592157841 0.0063516929432284579 0.01090514438303837 -0.0026853035764418717 0.005058341829787396 -0.0035258113420131233 -0.0029510098967850291 -0.002663695713765984 -0.00044393803324833123 0.0031055958080480517 -0.00080594619767562911 0.00050204159689183755 0.010963678748229795 0.010565906408921442 -0.001479245998826472 -0.00443862956793403 0.011087891607014486 -0.0046402429691981203 0.0065454307726817897 0.0021623845061944404
leaf_weight=18.629320353269577 24.823439866304398 81.644385457038879 364.64151497930288 76.725641697645187 68.716017007827759 15.248236536979674 22.701631367206573 98.834512919187546 27.672320961952209 23.556907966732979 132.65539196133614 358.12355000525713 82.883179143071175 41.718957975506783 89.286555051803589 35.510900318622589 69.104122787714005 62.355370253324509 65.91747722029686 21.583436518907547 20.385252684354782 16.098364368081093 21.182409286499023 23.654459550976753
leaf_count=134 155 629 2746 531 471 108 148 722 194 168 941 2587 591 264 599 230 425 392 433 155 134 105 138 155
internal_value=5.0944e-05 0.00205941 -0.00130606 -0.000206247 0.00229746 0.00273238 0.000177455 0.000480384 0.00433803 0.00308359 -0.00188363 -0.00178287 0.00130281 0.00397045 0.00276704 0.00635789 0.00816595 0.00425326 0.00112082 0.000862348 0.00475162 0.00647354 0.00170356 0.00840915
internal_weight=1863.65 751.157 1112.5 747.854 288.218 669.513 219.861 219.502 71.9574 120.668 147.904 459.636 101.512 449.652 303.318 146.334 110.823 214.032 90.7409 49.2558 97.1109 123.291 37.2808 86.0098
internal_count=13155 5071 8084 5338 2026 4442 1546 1555 497 833 1049 3312 725 2896 1977 919 689 1378 588 349 665 790 243 547
is_linear=0
shrinkage=0.01


Tree=42
num_leaves=25
num_cat=0
split_feature=122 109 147 81 164 84 77 251 290 55 36 70 29 109 154 302 76 109 19 290 138 116 55 209
split_gain=48.4345 34.4508 36.7585 23.2771 18.1617 17.3284 15.6809 21.705 14.8851 13.8809 13.8096 13.7731 18.684 13.3149 13.1381 12.6739 12.7953 16.1614 12.4277 11.6054 11.547 10.5013 14.0396 12.65
threshold=-0.0077558681737471989 1.1685457581177501 0.1461861667744021 1.2231246617494098 0.0012699374539687964 19.845762204872205 3.1403244536067256 1056.9609722222224 0.13052653090209512 3.1145141823895464 0.029739006741295076 0.65891895266363731 0.28044576118838116 2.3487247349341756 0.020328960221210349 0.016110467864224574 0.74444585021473031 0.60812320615139193 -0.31573440679304027 0.054250427013292087 0.14475149454929084 -0.05829358854692987 2.1932548592369758 0.8237497246089448
decision_type=8 10 10 10 10 2 10 2 2 2 2 10 2 10 10 2 10 10 10 2 2 8 2 2
left_child=5 21 4 6 9 15 7 8 11 14 18 12 -4 -6 -3 -1 17 -17 -7 -8 -5 -2 23 -23
right_child=1 2 3 20 13 10 19 -9 -10 -11 -12 -13 -14 -15 -16 16 -18 -19 -20 -21 -22 22 -24 -25
leaf_value=0.00046578367406850294 -0.0054020142280867883 -0.0016975114723520573 0.007881970940677524 0.0014898016759784388 -0.00037982713429112386 -0.0037329464624800404 0.0054164044616764216 -0.0029254282862592519 0.00050216973647983969 -0.0047952559504363902 0.01170377086937642 0.0099270094197404183 -0.0032343769773865972 0.0078195876270498229 0.0079685711038235112 0.0032072008830092038 0.0016472944387129164 0.01340075607719452 0.0062282500760510043 -0.0030181980428490118 0.012359787631212083 0.0040994919513000138 -0.0043415534996185173 -0.0030671488977902397
leaf_weight=370.58266797661781 177.74901600182056 137.10387996584177 29.747166022658348 15.77329809963703 74.032026693224907 16.22306914627552 16.729132264852524 48.86041334271431 62.914475217461586 194.40858387947083 29.095137074589729 57.541849687695503 25.813523188233376 23.979280158877373 12.792214348912237 46.831191450357437 128.98522175848484 22.910957053303719 35.367636397480965 97.486318342387676 28.552199825644493 50.674480780959129 115.58339200168848 42.804898858070374
leaf_count=2494 1327 1009 205 110 532 104 117 341 433 1472 181 380 179 170 91 305 891 148 225 699 190 363 866 316
internal_value=8.44828e-06 -0.00117109 -1.3278e-05 0.00224283 -0.00197307 0.00220591 0.00131182 0.00283406 0.00445954 -0.00305016 0.00647189 0.00658593 0.00279389 0.00177994 -0.000733137 0.00157042 0.00358972 0.00696318 0.00304598 -0.0016727 0.00883577 -0.00362199 -0.00205169 0.00081367
internal_weight=1862.54 1212.55 825.734 383.418 442.316 649.996 339.093 224.877 176.017 344.305 80.6858 113.103 55.5607 98.0113 149.896 569.31 198.727 69.7421 51.5907 114.215 44.3255 386.812 209.063 93.4794
internal_count=13148 8800 5928 2654 3274 4348 2354 1538 1197 2572 510 764 384 702 1100 3838 1344 453 329 816 300 2872 1545 679
is_linear=0
shrinkage=0.01


Tree=43
num_leaves=25
num_cat=0
split_feature=271 151 105 120 106 27 7 47 2 71 31 59 132 136 116 125 296 71 64 105 313 87 67 323
split_gain=49.6607 26.9169 27.5178 18.6939 17.4106 16.3447 15.21 14.2267 13.8757 22.2819 14.3089 13.6224 15.5527 12.7692 16.1045 12.6891 12.0731 11.7175 13.0231 11.6265 14.5555 11.4864 10.9314 12.3254
threshold=0.10952046704805242 0.087447625420191508 0.49179146466653806 0.81192409402787991 0.58247575831392961 0.89001018329938908 -1.1237351244379228 21.500000000000004 0.66621357149836669 2.1964470663411553 0.0014295932965460864 2.5066378639689435 0.012070700062443629 0.32607378129117265 -0.25323259375611923 0.36463498076884338 0.9427850191927849 2.1684913289224865 0.97026533511709179 0.41066591238048744 0.0058597681110118963 1.6632270783845249 85.214919855615335 296.50000000000006
decision_type=2 10 10 8 10 2 2 2 10 10 2 10 2 2 10 10 2 8 10 8 2 8 2 2
left_child=1 2 8 5 16 6 15 11 13 -10 -11 12 -4 14 -1 -2 17 22 -19 -8 -21 -13 -5 -24
right_child=3 -3 7 4 -6 -7 19 -9 9 10 -12 21 -14 -15 -16 -17 -18 18 -20 20 -22 -23 23 -25
leaf_value=-4.2211716409023481e-05 0.0043107488311993885 -0.0035608337531679874 0.0011692853068787318 0.0031905167545404449 0.0024941720754369854 -0.0033967119602001695 -0.0033399724503736074 0.004780777892521168 -0.0041760243453806013 0.0085739679438398518 -0.0019812329195050284 0.0065276811468978901 0.011709147168770948 -0.0042972020171292155 0.0088284052129307261 0.010347014811776004 -0.0042427641542058742 0.012428316774345378 -0.0010941811416151218 0.00020470421483238598 0.0085268916521425171 -0.0025518016322844416 0.0024242299338476975 -0.0068457620479190689
leaf_weight=62.299945428967476 107.78415744006634 364.843575745821 61.887859508395195 35.061455219984055 235.8054933398962 26.047085747122765 30.493043050169945 111.58475518226624 260.15447666496038 21.931600034236908 24.655745193362236 12.930156737565992 15.668452218174933 31.446931928396225 27.456909030675888 56.07681493461132 86.510262906551361 12.672554865479471 12.153047695755957 52.004983603954315 32.892439484596252 120.03708632290363 20.108612611889839 37.919311136007309
leaf_count=437 691 2759 426 241 1605 176 207 764 1918 152 180 92 105 225 194 357 604 84 85 349 219 862 142 265
internal_value=-8.77082e-06 -0.00134413 -0.000255161 0.00198435 0.000654644 0.00387476 0.00458396 0.00194141 -0.00191273 -0.0030375 0.00317449 0.000388096 0.00364964 0.000930048 0.002848 0.00652366 -0.00146749 0.000612176 0.00633934 0.00173038 0.00361221 -0.00154338 -0.00104712 -0.00365358
internal_weight=1860.43 1114.9 750.054 745.529 440.231 305.299 279.251 322.108 427.946 306.742 46.5873 210.524 77.5563 121.204 89.7569 163.861 204.425 117.915 24.8256 115.39 84.8974 132.967 93.0894 58.0279
internal_count=13139 8114 5355 5025 3026 1999 1823 2249 3106 2250 332 1485 531 856 631 1048 1421 817 169 775 568 954 648 407
is_linear=0
shrinkage=0.01


Tree=44
num_leaves=25
num_cat=0
split_feature=32 122 71 100 84 122 108 123 311 109 57 116 149 109 102 35 124 124 77 149 109 223 314 285
split_gain=52.113 55.6908 30.1209 29.1107 22.9955 18.9807 18.8012 18.053 17.8142 15.1136 16.4976 13.8399 12.7608 17.0475 12.7395 11.9381 12.8222 11.8381 11.8147 11.3962 15.5296 11.076 12.4449 10.8805
threshold=0.0014316399604838677 0.26025589624797435 1.8712682238841702 0.717675069485746 20.772437843246983 0.71689744197132632 1.3790018892373621 -0.10896092029255984 -0.20323144076513991 1.2469916402469974 -0.30248882352132295 0.24872564192821853 0.089140442706691067 0.40337131699278267 0.69313313096813756 0.0012795952451124866 2.5000000000000004 1.5000000000000002 2.5062981913586477 0.14488471836364708 2.3487247349341756 0.041142407579149311 -0.0027161617155223288 0.12336110696741252
decision_type=2 8 8 8 2 10 10 10 2 10 10 8 10 10 10 2 2 2 10 10 8 2 2 2
left_child=1 4 -3 -4 7 6 14 8 -1 12 -11 -7 13 -9 15 17 -17 -5 -12 -13 21 22 -21 -6
right_child=-2 2 3 5 23 11 -8 9 -10 10 18 19 -14 -15 -16 16 -18 -19 -20 20 -22 -23 -24 -25
leaf_value=0.0089667404162298344 -0.0047146372753829472 -0.0036348223163443598 0.011235287497235907 -0.001464847668925236 0.0072795304095622081 -0.0054164595723059832 0.010104267478286277 -0.0037044125289705755 -0.0013311948839275002 0.008888983015683331 0.0054097125886055078 -0.0046201232178731885 -0.0013593228275668961 0.0032133945088819926 -0.0058144007912197208 -0.0076951357061423352 0.0014035192675542953 0.0095467066236256219 -0.0020424678848894678 -0.0019591324734846379 0.0088181007907338713 -0.0019109945463796462 0.011314379586262462 0.00077903574981425525
leaf_weight=56.111184671521187 201.55174676328897 311.19753481447697 20.354609146714211 12.871184617280958 121.40944238007069 80.354440741240978 21.982553750276566 41.333051189780235 22.336683958768845 43.26393161714077 35.624256744980812 47.263981997966766 245.02217018604279 184.8409688025713 22.36350305378437 14.681434527039526 130.30003525316715 29.088093668222427 44.956543982028961 11.671085543930532 18.382595971226692 100.32204842567444 12.333494752645491 33.858220830559731
leaf_count=340 1571 2331 139 94 771 613 150 281 148 275 231 353 1714 1205 164 107 906 200 306 86 130 739 91 218
internal_value=5.02029e-05 0.00063573 -0.00118735 0.000281685 0.00246752 -0.000221549 0.0018669 0.0016514 0.00607809 0.00104001 0.00410687 -0.00201291 0.000212033 0.0019145 0.000873285 0.0017537 0.000345157 0.0062676 0.001312 -0.000509462 0.000908604 -0.000423768 0.00529868 0.00590786
internal_weight=1863.47 1661.92 833.167 521.969 828.756 501.614 231.287 673.489 78.4479 595.041 123.845 270.328 471.196 226.174 209.304 186.941 144.981 41.9593 80.5808 189.973 142.709 124.327 24.0046 155.268
internal_count=13163 11592 6103 3772 5489 3633 1621 4500 488 4012 812 2012 3200 1486 1471 1307 1013 294 537 1399 1046 916 177 989
is_linear=0
shrinkage=0.01


Tree=45
num_leaves=25
num_cat=0
split_feature=32 122 117 122 114 76 166 114 141 49 232 235 87 109 176 305 128 230 150 313 29 136 29 313
split_gain=50.3952 53.1996 28.2632 28.8167 22.6298 24.1615 17.4352 17.3188 16.0454 13.9452 15.768 14.3462 13.7721 12.5405 14.3862 13.8036 12.0741 11.9984 11.3595 11.282 11.2725 13.0943 13.6768 10.6148
threshold=0.0014316399604838677 0.2472210926949053 1.1899112984831832 0.79343403545935554 0.72620955713536361 0.7497525819723857 144.50000000000003 0.47499818936807098 0.013797430017738936 2.5000000000000004 2.7720464925027533 0.0073619742737389806 1.6056314790926705 1.9581415919048937 12.54851426890262 0.4630723860012777 1.0606217861085105 187.50000000000003 0.0042283487091468218 -0.035067224135104109 0.30325869686197465 0.23240187393014808 0.25352878971325238 -0.055237721621062032
decision_type=2 8 8 8 8 10 2 10 2 2 2 2 8 10 2 2 8 2 10 2 2 2 2 2
left_child=1 4 6 8 5 7 -3 18 -4 10 11 20 -5 14 16 -15 19 -18 -1 -10 21 22 -6 -2
right_child=23 2 3 12 9 -7 -8 -9 13 -11 -12 -13 -14 15 -16 -17 17 -19 -20 -21 -22 -23 -24 -25
leaf_value=0.002345153254850638 -0.00065912344553369041 0.0079074047277606033 0.010569123537696498 0.0074938590353384902 0.00036506989516839312 -0.0012304758044305417 -0.0034038345094307009 0.0050000473193514043 0.014139555791576736 0.0073610982752651474 -0.0028935722788115833 0.0094815439294864221 -0.0024040791543626116 0.0018690071224855866 -0.0037854073860844992 0.012337883667561207 -0.004351080821431633 0.0049760872172772306 -0.0041833070706929609 0.0020969462106985555 -0.0025371388711553206 -0.0011074298109902347 0.010932642400776332 -0.0060507278193271518
leaf_weight=69.441981494426727 49.720108412206173 11.427541472017763 23.999042525887489 12.223826192319391 19.502551019191742 235.92139063775539 402.62486271560192 175.01412750780582 12.108117118477823 111.57250809669495 36.376878827810287 36.600994765758514 220.75256024301052 32.840731754899025 47.14718970656395 19.264790594577789 27.636567831039429 22.34401573240757 39.373336210846901 19.23005747795105 31.561588957905769 28.026170372962952 32.021754875779152 148.2534127086401
leaf_count=451 388 85 159 90 128 1622 3015 1132 83 701 247 235 1646 221 332 129 196 151 273 135 209 185 206 1160
internal_value=2.32588e-06 0.000572048 -0.0011735 0.000596316 0.00239404 0.00112401 -0.00303748 0.00307741 0.0033135 0.00459131 0.00282086 0.00426289 -0.00179646 0.00219493 0.000465591 0.00619573 0.00298683 -0.000118845 -5.43585e-05 0.0075678 0.00234147 0.00431006 0.00717934 -0.00473016
internal_weight=1864.99 1667.01 851.599 437.547 815.413 519.751 414.052 283.829 204.571 295.662 184.09 147.713 232.976 180.571 128.466 52.1055 81.3188 49.9806 108.815 31.3382 111.112 79.5505 51.5243 197.974
internal_count=13179 11631 6242 3142 5389 3478 3100 1856 1406 1911 1210 963 1736 1247 897 350 565 347 724 218 728 519 334 1548
is_linear=0
shrinkage=0.01


Tree=46
num_leaves=25
num_cat=0
split_feature=271 153 109 32 123 270 71 140 34 69 82 123 97 121 271 65 310 128 164 71 72 143 303 271
split_gain=47.3623 23.7099 32.4325 23.6992 20.7528 25.1395 19.3429 16.98 14.8288 13.8215 18.1236 15.9404 16.4882 12.5838 12.4619 14.9044 14.561 12.2708 11.555 11.1093 14.3905 10.9745 10.9178 16.362
threshold=0.10952046704805242 0.0088574028745371253 1.6322669066613535 0.0011648227597005247 0.64124283147438754 0.069108557799259243 1.8389733079629436 0.065984614579517528 0.16258915656641232 -0.043654439088875167 0.50368499519753807 1.1978082833284234 0.43752725729543174 -1.6535914861196137 0.14746059681151077 3.0665820970670965 -0.27159276706178498 0.12847019313108091 0.0018148880105401846 2.1051427884464102 -84.654000227855462 0.064987857670784507 -0.002880461537610558 0.04791008288513296
decision_type=2 10 10 2 8 2 10 2 2 10 10 8 8 10 2 10 2 10 10 10 2 10 2 2
left_child=1 2 9 4 5 17 -6 8 -4 11 -11 12 -1 -7 16 -16 -8 -2 21 -13 -21 -3 -20 -24
right_child=3 18 7 -5 6 13 14 -9 -10 10 -12 19 -14 -15 15 -17 -18 -19 22 20 -22 -23 23 -25
leaf_value=-0.00050790569502994073 0.0037984389945582091 -0.0047278855628519762 0.0024891464052357753 -0.0029405594707206705 -0.00093299851038100058 0.0066012287042684246 0.0040559601377929419 -0.0019638909716614577 0.012044693463188372 0.0079571781093813014 -0.0023783011536691275 -0.004217642943910133 0.0084807011008384038 0.001249588600631424 0.010083822204323223 0.0022263004430990519 -0.0021905552459391738 0.01546443069180564 -0.0062215724876088646 0.004585953711695772 -0.0041117872734683777 0.0042035454073225051 -0.0056459929944986395 0.0062648562410449549
leaf_weight=303.129807703197 16.43671427667141 261.29590958356857 32.225664347410202 82.381112605333328 198.12272992730141 70.655304193496704 82.365751564502716 22.561697259545326 35.038468033075333 34.788979776203632 28.815758928656578 220.8840521350503 19.023177355527878 115.06210440397263 44.327830985188484 54.638355597853661 63.745231479406357 27.932994946837425 15.622812278568743 35.874811068177223 34.53834518045187 12.274868138134478 13.953078657388685 35.067523509263992
leaf_count=2115 103 2008 223 639 1372 430 548 163 230 248 208 1665 127 735 281 365 437 170 117 259 250 94 105 252
internal_value=0.000117756 -0.0011999 -0.000222079 0.00204332 0.00266442 0.00508587 0.00138067 0.00532705 0.00776747 -0.000978954 0.00335804 -0.00144367 8.92459e-05 0.00335972 0.0032444 0.00593883 0.00133415 0.0116527 -0.00339379 -0.00312689 0.000311826 -0.00428441 0.000382028 0.00273156
internal_weight=1860.76 1105.09 766.881 755.668 673.287 230.087 443.2 89.8258 67.2641 677.055 63.6047 613.45 322.153 185.717 245.077 98.9662 146.111 44.3697 338.214 291.297 70.4132 273.571 64.6434 49.0206
internal_count=13144 8064 5488 5080 4441 1438 3003 616 453 4872 456 4416 2242 1165 1631 646 985 273 2576 2174 509 2102 474 357
is_linear=0
shrinkage=0.01


Tree=47
num_leaves=25
num_cat=0
split_feature=271 32 151 109 32 253 122 71 122 279 115 152 227 273 105 313 65 240 53 151 271 122 308 239
split_gain=50.7496 24.4881 23.9975 25.1709 23.4861 16.8312 16.5042 18.1287 16.321 13.2512 13 12.6346 12.5246 11.8912 13.4918 11.1382 11.0207 10.9979 13.4433 11.63 18.6808 12.6506 12.2613 12.9857
threshold=0.10952046704805242 0.0015637226134585292 0.087447625420191508 1.1685457581177501 0.0013306725784060971 71.500000000000014 0.30967284454575122 1.8712682238841702 0.54900798524011984 -0.085787193346737831 -1.2571930059076639 0.0080160642570281139 0.010767179665536333 3.7455821702883574 0.70855941575970816 -0.06235710101046759 0.86679602364484187 -0.34888578133828879 90.500000000000014 0.0050441442129099566 0.1356211670607653 -0.18612178606094676 0.0028602431973988756 0.6549541966657787
decision_type=2 2 10 10 2 2 8 10 10 8 10 10 2 10 10 2 8 2 2 10 2 10 2 10
left_child=1 2 3 16 6 8 10 9 13 -8 -2 -7 -9 14 -5 -3 -1 -12 19 22 -21 -22 -19 -24
right_child=4 15 -4 5 -6 11 7 12 -10 -11 17 -13 -14 -15 -16 -17 -18 18 -20 20 21 -23 23 -25
leaf_value=0.0048844977481390991 0.0062905908730634423 0.001851009579512394 -0.0030383158655247064 -0.00029405731015557144 -0.0031637501346358514 0.01394392884679996 0.0042083223614732745 0.0009987705897098252 -0.003717484234074754 -0.0057848777527187336 -0.0023741659766890588 0.0040815414691729411 0.0087382293274414456 -0.0019602762589759582 0.0073800472309313919 -0.0068527280008511314 -0.0017785799733099278 0.0079579293141942148 -0.0039567265995160382 -0.0016656153454796699 -0.0018974025008566303 0.0073795040449181146 -0.0054135202961409353 0.0070127149261645016
leaf_weight=23.799315467476845 132.83420598506927 15.713553376495836 328.51094970852137 35.556032128632069 76.558496542274952 14.763871178030966 14.628187060356138 125.10824571549892 52.601343631744385 57.909392580389977 37.772622331976891 70.573540382087231 22.627273410558701 36.906267538666725 59.320289120078087 100.25592135637999 373.17429865896702 88.519311189651489 21.721875756978989 72.95987905561924 17.670495986938477 59.996073946356773 15.328045174479486 12.808763876557348
leaf_count=165 816 124 2489 246 596 95 106 864 391 425 246 487 154 255 393 793 2681 565 143 485 113 386 100 82
internal_value=3.75475e-06 -0.00135455 -0.000838484 0.000252256 0.00199797 0.00259591 0.00259143 0.000329104 0.000856773 -0.00367357 0.00366481 0.00619346 0.00233334 0.00273002 0.0045688 -0.00564883 -0.00134473 0.00254936 0.00321317 0.00383508 0.00193208 0.00526382 0.00617944 0.000335006
internal_weight=1867.62 1111.18 995.206 666.695 756.443 269.721 679.884 220.273 184.384 72.5376 459.611 85.3374 147.736 131.783 94.8763 115.969 396.974 326.777 289.004 267.283 150.626 77.6666 116.656 28.1368
internal_count=13200 8119 7202 4713 5081 1867 4485 1549 1285 531 2936 582 1018 894 639 917 2846 2120 1874 1731 984 499 747 182
is_linear=0
shrinkage=0.01


Tree=48
num_leaves=25
num_cat=0
split_feature=32 21 114 76 123 315 118 123 33 170 114 81 102 170 102 33 253 76 70 174 301 279 311 77
split_gain=49.1759 48.9363 33.7189 29.2033 17.8214 17.6947 16.8137 18.2717 19.0498 16.4486 15.9004 13.5349 15.1563 13.2411 12.0879 13.4371 11.4028 10.996 20.651 10.8661 11.2193 10.5533 10.7087 11.6449
threshold=0.0014316399604838677 -0.05650404252328018 0.72620955713536361 0.81635623538640334 -0.10896092029255984 -0.13666665479058371 51.500000000000007 1.3569142342946392 0.033094640295142454 2.4333523795352288 1.0100161441976268 0.28452964112026757 -0.53023204677869229 1.6476047696986249 0.62280926808992942 0.040047828970690827 56.500000000000007 1.0736084699161303 0.84000601126765584 56.462638888888897 0.70785587480734391 0.0048698984138299548 -0.56066468706099926 2.7612189447499991
decision_type=2 8 8 10 8 2 2 10 2 10 8 8 10 8 10 2 2 10 10 10 2 10 2 10
left_child=1 2 3 4 5 -1 17 8 -8 13 -9 -6 -13 -4 15 -12 -14 18 21 -18 -21 22 -3 -24
right_child=-2 6 9 -5 11 -7 7 10 -10 -11 14 12 16 -15 -16 -17 19 -19 -20 20 -22 -23 23 -25
leaf_value=0.010039215808337451 -0.0047617892085762229 0.0075845129418457913 0.0055857622425605968 -0.0027428523325263359 -0.00088535360083909502 -0.0021217210251018924 0.015073769753003995 -0.0014698814093760044 0.0020389410182771617 0.0072242187316794663 0.014279729055149055 0.011218890449504883 -0.00077096711492536979 -0.002121998547166065 -0.00018082979141501845 0.0014515983820887392 -0.00049043764321025874 -0.004186717280505352 0.006554529221260842 0.00051814941120077946 0.011099288704553775 -0.0039000592560489377 0.0011832769717312476 -0.0043053460632754481
leaf_weight=47.475117534399033 195.18274663388729 13.17571249604225 41.064535155892372 151.24214835464954 136.78520151972771 14.382889062166212 12.983127102255819 270.27139043062925 43.312449991703033 163.52808539569378 14.610226005315782 18.759255468845367 68.349902540445328 42.749102666974068 35.561497740447521 17.069034442305565 23.847566828131676 181.76615931093693 28.953703060746193 15.366875708103178 28.902006804943085 140.91884884983301 95.220527410507202 61.037510044872761
leaf_count=284 1539 97 275 1060 922 94 85 1967 285 1029 97 115 462 281 255 113 157 1361 203 101 190 1045 690 458
internal_value=-4.95587e-05 0.000508624 0.00239353 0.000898558 0.00246716 0.00722699 -0.00104315 0.000512643 0.00564181 0.0053976 -0.000379855 0.00139553 0.00339164 0.00170207 0.00386904 0.00808529 0.00210161 -0.00221729 -0.00113332 0.00491374 0.00770045 -0.00190671 -0.000205997 -0.000992926
internal_weight=1862.52 1667.33 752.453 505.111 353.869 61.858 914.88 393.808 56.2956 247.342 337.512 292.011 155.226 83.8136 67.2408 31.6793 136.466 521.072 339.306 68.1164 44.2689 310.353 169.434 156.258
internal_count=13165 11626 4970 3385 2325 378 6656 2802 370 1585 2432 1947 1025 556 465 210 910 3854 2493 448 291 2290 1245 1148
is_linear=0
shrinkage=0.01


Tree=49
num_leaves=25
num_cat=0
split_feature=271 100 109 99 71 46 7 119 97 82 302 116 177 55 225 270 270 18 262 83 21 34 213 303
split_gain=47.084 26.9611 21.8087 24.8137 20.5425 19.0446 21.9336 16.3554 21.3405 14.1688 13.706 13.2428 16.2292 12.6975 12.0821 11.5848 20.9657 11.2381 11.2209 16.7899 12.7274 12.7086 11.0171 10.9917
threshold=0.11512896874504785 1.0477679750985656 1.5195776906739467 0.66616782519403228 3.1488082928064669 1.0000000180025095e-35 -1.1237351244379228 0.044807703382431514 0.43752725729543174 0.27258436828972016 0.0089623358494828522 -0.31352464331414909 7.3461902203593352 3.222338697695442 0.83022349091415448 0.078044353946261802 0.04377334678292271 0.063647918237229692 -0.99788036317089934 1.0402058046671585 -0.060505023095711853 0.13581462039467293 -0.62537733388415473 -0.0030486928035803221
decision_type=2 10 10 10 10 2 2 10 10 10 2 10 10 2 2 2 2 10 8 10 10 2 2 2
left_child=1 2 7 13 17 6 18 8 10 -9 -1 -12 -13 14 -4 16 -6 22 -2 21 23 -20 -3 -21
right_child=5 4 3 -5 15 -7 -8 9 -10 -11 11 12 -14 -15 -16 -17 -18 -19 19 20 -22 -23 -24 -25
leaf_value=-0.0016284065350333607 0.012139041922537827 0.0043617005785871492 0.0084588739062441236 -0.0017323396403159774 -0.0036862288536665677 -0.0024343624808236021 0.00059679258257772029 0.0040531821344132937 0.012076746610624424 -0.0030705802989531494 -0.00014719847483972003 0.0011697655482458137 0.013622151558984583 -0.0028577593328675661 -0.0017679448680547058 -0.0046809338433211932 0.010703367343840942 -0.0055289478023080553 -0.0047145165775850772 0.0018949199749637709 -0.00037206735430351981 0.0037352938176113642 -0.0032592426373162049 0.0073283792354816961
leaf_weight=168.31687111407518 15.788192376494406 22.449953034520149 82.188878297805786 68.677191570401192 14.71719768643379 79.963744178414345 276.05200657248497 27.985129147768021 12.894354298710821 323.01765789836645 56.119482845067978 22.832899302244186 17.796522945165634 12.974561035633085 12.165394656360148 14.320102415978907 22.796455793082714 229.23632153123617 33.136892631649971 52.247987359762192 35.584429502487183 32.373151257634163 73.785757094621658 158.91426457464695
leaf_count=1159 92 166 550 520 109 622 1879 207 85 2403 394 155 120 93 85 105 163 1756 215 328 241 200 550 993
internal_value=-1.61982e-06 -0.00120955 -0.000171096 0.0029109 -0.00340457 0.00208097 0.00268892 -0.00104436 0.000761338 -0.00247178 8.49127e-05 0.0030372 0.00718111 0.00585923 0.00711677 0.00232891 0.00517096 -0.00433299 0.00442616 0.00392707 0.00511041 -0.000542385 -0.00139715 0.00603169
internal_weight=1866.34 1182.27 804.969 176.006 377.306 684.061 604.097 628.963 277.96 351.003 265.066 96.7489 40.6294 107.329 94.3543 51.8338 37.5137 325.472 328.045 312.257 246.747 65.51 96.2357 211.162
internal_count=13190 8620 5771 1248 2849 4570 3948 4523 1913 2610 1828 669 275 728 635 377 272 2472 2069 1977 1562 415 716 1321
is_linear=0
shrinkage=0.01


Tree=50
num_leaves=25
num_cat=0
split_feature=5 5 123 105 147 161 123 127 152 62 314 72 36 240 109 123 177 5 120 82 298 318 129 260
split_gain=48.1744 47.8087 33.9121 21.2732 25.3059 17.6427 21.8268 14.8521 13.516 12.8179 14.0664 11.832 11.9262 11.6149 11.5209 23.7187 11.195 10.6963 10.8154 10.4324 10.0769 9.39572 10.3592 16.5412
threshold=-2.8996003220412478 -2.8712440139818409 1.3037559528709568 0.93544260628691212 0.1461861667744021 0.009720548980700636 0.47636471290369542 0.21052481145219551 0.015728768087258659 70.500000000000014 -0.0028756305300587114 18.481566027804121 0.024157126618763451 1.4833187423024494 0.57166791703072306 -0.10896092029255984 7.6915884627693201 -2.8935132521978844 1.2459523765234779 0.80291656719444415 0.0029346141217953892 0.84217562623135389 1.0630378970718803 -0.34846456532573777
decision_type=2 2 8 10 10 8 10 8 10 2 2 2 2 2 8 10 10 2 10 10 2 2 10 8
left_child=-1 17 5 -4 11 6 14 -6 13 -10 -11 16 19 -7 15 -3 -5 -2 -19 -13 -17 -8 -23 -24
right_child=1 2 3 4 7 8 21 -9 9 10 -12 12 -14 -15 -16 20 -18 18 -20 -21 -22 22 23 -25
leaf_value=-0.0041068830884651089 0.00020836474015159767 0.0059615901798516545 -0.0028896848773331662 -0.0037628660412200882 -0.0039482149592778137 0.004238640334748604 -0.0037980555486594194 0.0067419481179925725 -0.0042878931933428678 -0.0021610690010727836 0.0098086651078884736 -0.0033180121571457599 0.0071474790283653786 0.013233110299039364 0.005511915228182303 -0.0073618850373826251 0.0051451337109784355 0.0068544418320131296 -0.00023939290052317448 0.0056111853024744399 0.0017024151044965369 -0.0023584296810393564 0.010081394359484632 -0.0014630038666735301
leaf_weight=240.8684716001153 40.390255488455296 38.920603290200233 436.44578596949577 136.61223516613245 13.566561594605444 166.6120338588953 109.94278988242149 73.750171147286892 33.622194766998291 17.430816173553467 17.153236091136932 42.729509070515633 24.932945519685745 14.095019102096556 84.822963863611221 31.259287223219872 13.130538024008272 159.70313632488251 24.235183104872704 15.517156288027762 17.494059145450592 59.353559747338295 19.742352828383446 25.91253687441349
leaf_count=1897 266 240 3257 1024 92 1088 774 499 235 115 111 311 178 91 541 211 97 981 162 113 117 418 134 183
internal_value=3.7794e-05 0.000661784 -3.11121e-05 -0.00146019 0.000493186 0.00166553 0.000321013 0.00499773 0.0037271 -5.69235e-05 0.00404263 -0.00123104 0.00174745 0.00513964 0.00294715 0.00035952 -0.00289389 0.0049156 0.00592494 -0.000772396 -0.00417512 -0.00179276 0.000342139 0.00380634
internal_weight=1858.24 1617.37 1393.05 756.685 320.239 636.361 387.448 87.3167 248.913 68.2062 34.5841 232.922 83.1796 180.707 172.497 87.6739 149.743 224.329 183.938 58.2467 48.7533 214.951 105.008 45.6549
internal_count=13135 11238 9829 5571 2314 4258 2618 591 1640 461 226 1723 602 1179 1109 568 1121 1409 1143 424 328 1509 735 317
is_linear=0
shrinkage=0.01


Tree=51
num_leaves=25
num_cat=0
split_feature=123 5 109 152 5 58 109 146 123 315 32 300 209 119 117 162 65 107 102 162 147 147 145 292
split_gain=46.0308 30.811 28.5597 37.375 20.1902 19.9613 18.3434 19.7112 17.9377 17.8165 16.4364 15.1312 13.9264 14.1569 13.1591 12.8483 15.4029 12.3875 14.2572 11.8512 11.949 11.1764 11.0109 10.9714
threshold=1.0218350804739009 -2.8935132521978844 1.5195776906739467 0.12185120558375635 -2.8712440139818409 0.73065142874446221 0.96647138036589408 0.14192483764505484 -0.10896092029255984 -0.10203041346183468 0.0013201325883661029 0.20720720720611832 0.76490327674694047 0.44062539308307441 2.368833019097448 0.012708019317727401 2.4318024173339388 -0.3772622633591281 -0.46562130410551322 0.0047961906514538107 0.18829810357007012 0.14696020140339602 0.039097046567066411 0.026355778334904264
decision_type=8 2 10 8 2 10 10 10 10 2 2 2 2 10 10 10 10 8 10 10 10 10 10 2
left_child=1 -1 12 5 -3 -4 8 -8 9 23 15 -9 -2 19 -5 16 22 -10 -19 -14 -21 -18 -7 -6
right_child=2 4 3 14 6 10 7 11 17 -11 -12 -13 13 -15 -16 -17 21 18 -20 20 -22 -23 -24 -25
leaf_value=-0.0028075210963229486 -0.0010611101243268495 0.0071420206518646098 0.013606944350335378 -0.0046891962414485214 0.0040980364758613115 -0.0013035287445933639 -0.00064584195407907928 0.00043449712981666078 -0.0029831162113775956 -0.0034547089804710983 -0.005271577312362572 0.0091729945027400304 -0.00386511125367308 -0.0063510993183158336 0.0038068713441953752 0.0039352365869900685 -0.0057225055332627848 0.0055249320674620314 -0.0008676013965741641 -0.0026213602573371608 0.0057791441535198843 0.0010560245308288958 0.0098605681925165653 0.015113641753918577
leaf_weight=101.56669315695763 356.1333761960268 99.91245448589325 12.324367493391035 129.35992784053087 24.944101005792618 13.430634737014769 44.112143218517303 26.321617528796196 104.35297822952271 13.696942970156668 27.21479270607233 84.558120682835579 120.87202380597591 137.29002369940281 18.831676080822945 213.07198510318995 43.333972871303558 52.112787649035454 93.297436401247978 32.823342062532902 29.539093770086765 49.421251468360424 19.393133454024792 15.293698191642759
leaf_count=758 2620 592 80 991 152 95 295 170 715 91 216 533 906 1063 135 1462 326 338 643 238 200 337 127 91
internal_value=7.91702e-05 0.00219609 -0.00108409 0.000659735 0.00311726 0.00232673 0.00219983 0.00496763 0.00075105 0.00582654 0.00184212 0.00717012 -0.00243921 -0.00394451 -0.00355157 0.00245584 -7.79284e-05 -0.000394163 0.00147853 -0.0020665 0.00142061 -0.00217618 0.00552418 0.00902881
internal_weight=1863.21 660.169 1203.04 526.382 558.602 378.19 458.69 154.992 303.698 53.9347 365.866 110.88 676.658 320.524 148.192 338.651 125.579 249.763 145.41 183.234 62.3624 92.7552 32.8238 40.2378
internal_count=13174 4378 8796 3769 3620 2643 3028 998 2030 334 2563 703 5027 2407 1126 2347 885 1696 981 1344 438 663 222 243
is_linear=0
shrinkage=0.01


Tree=52
num_leaves=25
num_cat=0
split_feature=119 164 22 149 160 103 11 315 163 208 133 102 149 62 96 269 92 282 175 200 106 3 117 152
split_gain=43.6722 20.5096 19.4324 17.8308 25.451 21.9933 22.1811 17.1405 16.577 13.7713 13.5257 12.7841 12.6806 12.0792 10.9059 11.473 10.2107 10.3224 10.2032 9.79124 9.66273 10.7646 9.3398 13.3315
threshold=0.44062539308307441 0.0012699374539687964 0.5666732284709125 0.086628386253162409 0.037565469890634758 0.93626638224786918 0.45567614568355391 -0.096559334601391475 0.0017286200920337061 0.70008743244154992 0.074679980878525523 1.228056852784827 0.26401991614255771 69.500000000000014 -0.11378053552325638 1.5850060216780413 292.50000000000006 -0.0030715086340071594 6.7019749217195539 1.6932257535195943 0.99726875114348268 2.4993481399758042 1.4677183021868496 0.10016722408026758
decision_type=10 8 10 8 8 10 8 2 10 2 2 10 10 2 8 2 2 8 10 2 8 2 8 10
left_child=2 12 3 7 -5 10 8 -1 9 13 -6 -3 22 -7 15 -14 17 19 -18 -10 21 -4 -2 -24
right_child=1 11 20 4 5 6 -8 -9 16 -11 -12 -13 14 -15 -16 -17 18 -19 -20 -21 -22 -23 23 -25
leaf_value=0.0033246594955534284 -0.0040141598342041578 0.0033689717674739582 0.013898788474435883 -0.00303683539799592 0.0053590382252557004 -0.002045976152144685 -0.0047439504386880922 -0.0028523619821912223 0.00054056469790369089 -0.0025353560910839931 -0.0042871769412851169 -0.0051608488963424525 -0.0068576267476908852 0.010248255016290817 0.0079462475472463958 0.0043270753719404703 0.002129195383285677 -0.0018093820617367789 0.014703257687152523 0.0092140170012192588 -0.0021886918083765857 0.0046376578501028318 0.0022355103828846242 -0.0037775818099954755
leaf_weight=344.7758554816246 372.48497236520052 95.726012215018272 14.755559548735617 206.76300971210003 130.84828126430511 12.691549964249136 80.951190166175365 49.200613342225552 26.250803790986538 119.06906145811081 14.068344369530676 18.665598466992378 15.880722284317018 15.232012152671812 16.797213986515999 15.223790057003496 13.239140138030054 35.991383068263531 12.856920056045054 24.286289304494858 12.721976436674593 69.024219512939453 66.558321170508862 75.913002766668797
leaf_count=2260 2860 677 93 1492 868 91 596 338 175 843 94 140 118 109 119 115 85 243 86 162 87 448 472 581
internal_value=7.71417e-05 -0.00194247 0.00123634 0.000845653 -0.000121242 0.00112885 -0.000264072 0.00253582 0.00116517 -0.00103883 0.00435134 0.0018772 -0.00272607 0.00495458 0.00208561 -0.00144961 0.00400528 0.00218656 0.00919424 0.00499615 0.00547386 0.0066827 -0.00318459 -0.000972705
internal_weight=1859.98 677.25 1182.73 1086.22 692.248 485.485 340.568 393.976 259.617 146.993 144.917 114.392 562.858 27.9236 47.9017 31.1045 112.625 86.5285 26.0961 50.5371 96.5018 83.7798 514.956 142.471
internal_count=13152 5082 8070 7442 4844 3352 2390 2598 1794 1043 962 817 4265 200 352 233 751 580 171 337 628 541 3913 1053
is_linear=0
shrinkage=0.01


Tree=53
num_leaves=25
num_cat=0
split_feature=32 271 151 109 255 4 117 61 277 105 120 157 120 62 114 144 58 94 120 126 28 229 205 109
split_gain=48.4534 44.2374 20.7012 22.5013 20.5059 18.6419 18.7947 14.7938 14.6024 13.0549 12.6154 12.2717 17.6006 16.8871 14.3928 12.2716 11.897 11.659 13.0621 11.6028 11.1758 10.5711 13.3896 9.88367
threshold=0.0014316399604838677 0.11102039330474796 0.087447625420191508 1.1685457581177501 104.50000000000001 -128.89278884073661 0.7246756372682176 751.51772858957145 -0.028071104668450784 0.70855941575970816 0.99682136630300899 0.41420252295010312 0.80027054189581903 150.50000000000003 0.74449334076138307 0.0837014693003795 0.62986555557152479 0.42074875097012504 0.74098181827612886 0.21919271126943149 0.23607722436537429 -0.32930418663341937 -0.20651200849973367 2.1525822659375815
decision_type=2 2 10 8 2 2 10 2 8 10 10 10 10 2 10 10 10 10 10 10 2 2 2 8
left_child=1 2 3 15 8 11 -7 -6 -5 -10 19 12 21 -13 -14 16 17 -1 -19 -11 -9 -3 -23 -8
right_child=-2 5 -4 4 7 6 23 20 9 10 -12 13 14 -15 -16 -17 -18 18 -20 -21 -22 22 -24 -25
leaf_value=-0.0020969664968165042 -0.0046823188131976676 0.0023570674716610878 -0.0028173793547728843 -0.0040537567173114962 0.0091225253804659914 -0.0030905459606459409 0.0014447409575967546 0.0054549071501422486 -0.00091637329569914361 0.00083953510084482281 -0.00035216732933936743 0.0040090976584674703 -0.00057269797748718597 -0.0060845356786567674 0.0065124052074804909 0.0030346631367341313 -0.003412912903564904 0.0093596044451172231 -0.0013704085674845789 0.012155234996767581 -0.0029868292200249326 0.012153821968154715 0.0029444985136720422 0.0065714980868580714
leaf_weight=59.698909759521484 192.212785333395 26.704403638839722 322.17481587082148 53.910858444869518 55.604240611195564 81.872105821967125 243.85295834392309 33.580243214964867 74.214998841285706 14.274296306073664 25.716210722923279 47.476602844893932 62.910114616155624 21.876408666372299 48.860733062028885 51.058373793959618 220.70759093761444 22.339730784296989 19.226482167840004 25.487235322594643 24.955484837293625 65.325084894895554 23.84845857322216 42.535326793789864
leaf_count=419 1531 161 2460 383 368 572 1639 230 537 97 182 309 412 141 292 344 1615 151 138 168 172 394 147 287
internal_value=3.35773e-05 0.000584587 -0.000740719 0.0002482 0.00224022 0.00257879 0.00105844 0.00554634 0.000233924 0.00194354 0.0051032 0.00443265 0.00554369 0.000697086 0.00260038 -0.001397 -0.00212327 0.000694219 0.00460348 0.00844347 0.00186782 0.00824402 0.0098688 0.00226674
internal_weight=1860.42 1668.21 1002.95 680.775 307.744 665.262 368.26 114.14 193.604 139.693 65.4777 297.002 227.649 69.353 111.771 373.031 321.973 101.265 41.5662 39.7615 58.5357 115.878 89.1735 286.388
internal_count=13149 11618 7264 4804 2137 4354 2498 770 1367 984 447 1856 1406 450 704 2667 2323 708 289 265 402 702 541 1926
is_linear=0
shrinkage=0.01


Tree=54
num_leaves=25
num_cat=0
split_feature=32 75 109 123 109 152 117 117 157 221 269 209 77 109 205 20 176 274 323 235 85 176 73 215
split_gain=41.6743 37.3147 25.7205 26.2288 23.5209 35.8139 17.3566 14.5272 13.9001 13.466 13.2226 12.6709 13.8849 18.8215 16.0001 11.4398 11.2335 10.9919 13.8745 10.955 10.6684 10.5167 10.3533 10.0414
threshold=0.0014316399604838677 0.079253639724675765 1.189430608933099 0.52057875608898263 1.4088891440721518 0.11867455188391661 0.51412940550891351 2.368833019097448 0.41117586160833558 -0.25621239699411619 2.9358270418668502 0.61416040100250646 2.7612189447499991 2.290809100281376 -0.4609079102257771 0.9050387478887475 12.257258535161951 5.3765807122648575 519.50000000000011 0.0040899966543994663 181.26176811803586 12.587000528076045 317.52657757435776 -0.88421989134877299
decision_type=2 8 10 10 10 8 10 10 8 2 2 2 10 10 2 10 2 2 2 2 2 2 2 2
left_child=1 2 3 8 15 11 10 -7 -1 17 -5 21 14 22 -13 -3 -16 -4 -19 -11 23 -6 -14 -2
right_child=20 4 9 6 5 7 -8 -9 -10 19 -12 12 13 -15 16 -17 -18 18 -20 -21 -22 -23 -24 -25
leaf_value=0.005004993793519397 -0.0020643281186955307 -0.0032165726400937142 0.010909818135310632 -0.0046407339151840572 0.0081091660011647464 -0.0049318014263410037 0.0011119961993745528 0.0042346320292964467 0.00012692540184746409 -0.0019717675469009392 0.0054014741069029369 -0.0023499412585657954 -0.0026484892880638913 0.0096253149871690143 0.00130686958446681 0.0048815095117018346 0.010530345286898554 0.0013784042873778745 0.012135416724910928 0.0063541470450395633 0.0040867355617603095 0.00012429600411402778 0.0016450131232719298 -0.0069364736683454791
leaf_weight=181.02066288888454 76.170480288565159 343.37814703583717 51.388716548681259 116.19489118456841 50.968279175460339 126.82275769114494 194.7615736797452 17.61292576789856 86.467754766345024 35.019218787550926 12.252510808408259 22.00829054415226 132.17012786120176 15.633979067206381 21.679881721735001 15.813414879143236 36.33386018872261 46.432178810238838 13.90535347163677 24.440899431705475 11.824159957468508 24.289190582931042 93.389318779110909 105.07027523964643
leaf_count=1123 604 2581 317 823 349 973 1330 125 566 224 88 149 956 106 144 119 243 293 85 154 93 168 659 846
internal_value=1.46685e-05 0.000528558 0.00215361 0.00114976 -0.000848288 0.000468238 -0.000764098 -0.00374705 0.00344976 0.00553642 -0.00357898 0.00202213 0.0011286 -7.96285e-05 0.00466038 -0.00282176 0.007322 0.00754832 0.00430759 0.00156802 -0.00434748 0.00564325 -0.000868058 -0.00495778
internal_weight=1855.05 1661.98 761.884 590.697 900.1 540.909 323.209 144.436 267.488 171.186 128.447 396.473 321.215 241.193 80.022 359.192 58.0137 111.726 60.3375 59.4601 193.065 75.2575 225.559 181.241
internal_count=13118 11575 5003 3930 6572 3872 2241 1098 1689 1073 911 2774 2257 1721 536 2700 387 695 378 378 1543 517 1615 1450
is_linear=0
shrinkage=0.01


Tree=55
num_leaves=25
num_cat=0
split_feature=119 5 5 113 117 119 308 119 22 22 76 282 229 172 126 65 305 123 4 72 229 198 228 251
split_gain=43.2338 39.1385 28.2121 21.9396 16.9273 18.1934 14.42 13.1646 12.5933 12.5874 21.8423 12.8966 12.531 14.4981 12.5093 12.4277 11.8829 13.9159 13.4996 12.9842 11.5552 11.7052 11.2938 11.0112
threshold=0.44062539308307441 -2.8939422394527852 -2.8712440139818409 0.26477367783031797 1.1899112984831832 0.1645283755538979 0.0010088777550745385 1.1905714235447971 0.5666732284709125 0.06154296143298419 0.79473510866991104 -0.011996661339163222 -0.12258380723715763 2.9852777777777781 0.74489086410430161 2.398851752215847 0.42802647368871966 -0.10896092029255984 -272.85369084741222 -139.41635148380243 -0.20788136173222097 87.500000000000014 0.30447276361819098 396.25611111111118
decision_type=8 2 2 10 10 10 2 8 8 10 8 8 2 10 8 10 2 10 2 2 2 2 2 2
left_child=1 -1 12 20 5 9 -5 -8 -7 10 11 22 13 -3 23 16 17 -13 -19 -20 -2 -22 -4 -6
right_child=3 2 4 6 14 8 7 -9 -10 -11 -12 15 -14 -15 -16 -17 -18 18 19 -21 21 -23 -24 -25
leaf_value=-0.0029602265017626699 -0.0053410065297413668 0.00038858632194344901 -0.0045939119438001179 -0.0013030454556421508 0.002454263458128486 -0.0032376834705240961 0.0058477819361550856 -0.0030744401968576282 0.0039454631880691364 0.0044906016800724691 -0.002228545229407177 0.0090322272684225432 -0.0022244763367278973 0.0082120101041272715 0.00029846736156609598 -0.0039460509568624872 0.0082070553657487277 -0.0037292004102137599 0.0095286317585444539 -0.00084733997158948228 -0.0026060570698716963 0.0058260661352470622 0.0026982097197483039 0.010677695254178166
leaf_weight=189.28061395138502 196.02799316495657 30.237996309995651 38.239411383867264 272.33808093518019 30.897851780056953 151.27269143611193 58.162424974143505 20.479141682386398 26.387638345360756 111.94481584429741 153.40672124177217 22.707314774394035 16.257608085870743 116.8411183655262 40.498234912753105 15.876233145594595 60.824683532118797 37.301709204912186 20.236109927296635 24.042690768837932 132.22882594913244 15.979454718530176 41.156787067651749 38.797861263155937
leaf_count=1463 1524 179 255 2001 195 1110 414 156 177 715 1072 137 102 701 273 106 390 244 134 163 1019 122 267 246
internal_value=-5.79451e-06 0.00116953 0.00197697 -0.00197556 0.00120373 0.000622165 -0.000207827 0.00348576 -0.00211989 0.0015571 0.000735857 0.00249139 0.00573603 0.00664817 0.00479818 0.00394823 0.00476721 0.00258712 0.000537661 0.00416175 -0.00375856 -0.00159778 -0.000838958 0.00728484
internal_weight=1861.42 1166.21 976.927 695.216 813.591 703.397 350.98 78.6416 177.66 525.736 413.792 260.385 163.337 147.079 110.194 180.989 165.113 104.288 81.5805 44.2788 344.236 148.208 79.3962 69.6957
internal_count=13165 7929 6466 5236 5484 4770 2571 570 1287 3483 2768 1696 982 880 714 1174 1068 678 541 297 2665 1141 522 441
is_linear=0
shrinkage=0.01


Tree=56
num_leaves=25
num_cat=0
split_feature=32 119 113 81 119 84 119 151 106 207 154 147 108 317 297 83 141 282 189 213 314 248 290 313
split_gain=39.3287 41.5826 20.0399 16.559 19.3992 16.6114 15.2738 14.004 17.364 15.1058 13.2293 15.2953 12.8405 20.1157 18.2731 12.5661 12.2629 11.8369 14.5055 20.3448 12.2246 11.7142 11.484 11.2979
threshold=0.0014316399604838677 0.44062539308307441 0.26477367783031797 0.94026772506820999 -0.72867107674464637 20.772437843246983 1.1620850402445735 0.023085805649316046 0.62218528243640592 -0.35896849581871776 0.021346888290946973 0.23650050465403163 1.2155127401802268 0.012165055616032481 -0.022662804776411968 2.3931388519783376 0.074529985422007755 0.018680616117095244 -0.21333206561412552 -0.37904380120578157 -0.0071069002382295248 0.6984848484848486 0.045614991144399979 -0.06235710101046759
decision_type=2 8 8 10 10 2 8 10 10 2 10 10 8 2 2 10 2 8 10 2 2 2 2 2
left_child=1 3 -3 4 -1 10 12 -7 -9 -10 11 -6 13 -4 16 -16 -14 20 19 -19 -13 -12 -22 -2
right_child=23 2 6 -5 5 7 -8 8 9 -11 21 17 14 -15 15 -17 -18 18 -20 -21 22 -23 -24 -25
leaf_value=0.0050458346046649248 0.00074385771290379687 -0.003324895062369959 -0.0012549072230665221 0.0054202673683584838 -0.0020184025021973495 0.0064816583478378344 -0.0027390945569902882 -0.002600134139112701 0.0093458373529487875 -0.0029603476658868534 -0.0024159533668289476 -0.0062059795138158071 0.0062416446222443734 0.0083422916055102825 0.0024380785050450182 0.014329975597326754 -0.0055443877877515979 -0.00048969213978893012 -0.0012999640494970829 0.011173483385553261 0.0089567787426127737 0.0061944490760186864 -0.0001490647704499358 -0.0052910086069077782
leaf_weight=123.29711435735226 37.430431716144085 288.35904347896576 145.45403309911489 113.21927918493748 299.93087486177683 80.901004701852798 114.16757387667894 57.953957550227642 28.996478863060474 12.738835193216799 19.773900538682938 26.480047889053822 12.522947534918787 22.767442338168621 16.723191455006599 21.042818367481232 17.90151047706604 23.187543958425522 31.568426907062531 37.378505513072014 12.877858072519301 55.024261631071568 114.20185718685389 155.39916253834963
leaf_count=750 298 2222 1054 724 2094 506 873 394 186 84 128 181 85 161 120 144 127 157 214 249 86 361 772 1252
internal_value=0.000121788 0.000616501 -0.00138572 0.00185091 0.00139734 0.00081864 0.000220338 0.00346246 0.000890749 0.00561768 3.51931e-05 -0.000510241 0.00166928 0.000155044 0.00523499 0.00962789 -0.000544064 0.00132881 0.00410518 0.00687043 -0.000374833 0.00390005 0.000941563 -0.00412062
internal_weight=1869.3 1676.47 638.939 1037.53 924.311 801.014 350.58 180.59 99.6893 41.7353 620.423 545.625 236.412 168.221 68.1905 37.766 30.4245 245.694 92.1345 60.566 153.56 74.7982 127.08 192.83
internal_count=13222 11672 4786 6886 6162 5412 2564 1170 664 270 4242 3753 1691 1215 476 264 212 1659 620 406 1039 489 858 1550
is_linear=0
shrinkage=0.01


Tree=57
num_leaves=25
num_cat=0
split_feature=46 119 109 119 85 174 116 116 245 27 116 150 267 83 23 151 218 219 85 114 77 161 30 225
split_gain=43.8966 43.5467 25.7983 29.5639 20.9647 14.3652 17.8636 13.1224 12.3219 12.4477 12.2195 19.3899 11.5938 10.8555 18.0783 12.1989 12.6352 11.9257 11.9201 11.6417 11.4244 11.3119 10.3706 10.1668
threshold=1.0000000180025095e-35 -0.036547619058593418 1.2469916402469974 0.63217769870756124 55.914247991496048 58.931805555555563 -0.13389200472669535 0.25719983842705324 -0.26889232366642796 0.60024509803921577 -0.05829358854692987 0.10102769858867421 0.59511824774465871 1.3861406969911032 -0.40945686289158251 0.0057224723700368407 0.058195981034093479 0.010781749491426913 14.550236928013126 0.67426515874540183 0.68802161883403923 0.0041408044991598373 0.0051925583067451587 0.86116780045351493
decision_type=2 8 10 10 2 10 8 10 2 2 8 8 2 10 10 10 2 2 2 10 10 10 2 2
left_child=1 13 10 4 -4 -6 -7 -5 -9 -10 -3 12 22 14 18 16 -15 -17 -1 20 -16 -18 -12 -20
right_child=-2 2 3 7 5 6 -8 8 9 -11 11 -13 -14 15 19 17 21 -19 23 -21 -22 -23 -24 -25
leaf_value=-0.0012758267679825761 -0.0039870345121795336 -0.0046269467740810396 -0.00066317618287220655 -0.003947025371586913 -0.00055935946659324358 -0.0014822747388898341 0.0069744354067904418 0.0075333524621848183 0.0065075545739323648 -0.0014842417043639223 0.01080115629571164 -0.0035715025198996635 -0.000835200527879563 0.0024192871852900845 0.0039719154156798069 0.0012515033894150288 0.005275943147323334 0.0079312056150025803 0.0059546569633667154 0.0048963813496030158 -0.005046634557026787 0.015348189682825364 0.0012892493165547422 -0.00015904513080659051
leaf_weight=41.548580512404442 231.8192285373807 162.47318571060896 121.49154711514711 126.37039452046156 45.268439412117004 28.357935197651386 155.99908625334501 17.26900015771389 18.888883724808693 186.08908693492413 19.485477775335312 130.33201583474874 56.69129841029644 33.462409049272537 15.108956173062323 122.41728034615517 27.700007572770119 32.114922568202019 123.14940305054188 18.760733127593994 68.48504726588726 24.053673267364502 25.957157738506794 34.097266241908073
leaf_count=282 1855 1213 850 982 300 192 1020 125 135 1378 133 989 411 207 97 772 173 203 767 121 457 144 188 215
internal_value=5.75746e-05 0.000637376 -0.00050961 0.000642859 0.00268161 0.00444212 0.00566547 -0.00141271 5.5441e-05 -0.000664051 -0.00254405 -0.00104571 0.00217722 0.00295105 0.00165734 0.00453349 0.00753781 0.0027642 0.00340068 -0.00171939 -0.00332795 0.0105307 0.00578429 0.00464335
internal_weight=1867.39 1635.57 1094.67 699.734 351.117 229.625 184.357 348.617 222.247 204.978 394.939 232.466 102.134 540.898 301.15 239.748 85.2161 154.532 198.795 102.355 83.594 51.7537 45.4426 157.247
internal_count=13209 11354 7916 4982 2362 1512 1212 2620 1638 1513 2934 1721 732 3438 1939 1499 524 975 1264 675 554 317 321 982
is_linear=0
shrinkage=0.01


Tree=58
num_leaves=25
num_cat=0
split_feature=5 5 122 71 152 83 109 153 116 75 319 290 28 303 109 83 298 316 271 209 104 150 267 194
split_gain=43.2348 48.1388 31.4337 30.1813 32.0841 24.2592 14.7854 21.0998 12.6094 14.2129 13.456 13.1354 12.494 13.7309 11.4741 11.1972 10.7852 13.0712 10.3964 10.1996 11.3552 10.1936 14.7357 11.563
threshold=-2.8983711643309662 -2.8712440139818409 0.25427208901150194 1.8712682238841702 0.020794025157232707 1.9285539770622371 1.9581415919048937 0.015177108927108929 -0.16900300018275616 -0.52417242702899236 -0.086994866661706902 0.14495046847527329 0.21555162936788383 0.0028162477125915435 0.7207244022777074 1.7580760782639837 0.0040279651265730495 0.022128372421089764 0.071555666781195987 0.81275406504065051 14.500000000000002 0.047089621188789656 0.87235542651920805 0.064400921658986185
decision_type=2 2 8 8 8 10 8 8 10 10 2 2 2 2 10 10 2 2 2 2 2 10 2 10
left_child=18 -2 8 19 5 -5 -6 -8 9 14 15 -12 13 -10 16 -11 -3 -18 -1 20 -4 23 -23 -14
right_child=1 2 3 4 6 -7 7 -9 12 10 11 -13 21 -15 -16 -17 17 -19 -20 -21 -22 22 -24 -25
leaf_value=-0.0068183537182488546 0.0051177287827734435 -0.00071933599627683944 -0.00036116074111639717 0.0010108586016069486 -0.0020422112189310694 0.014219064200917777 0.0078297214997560833 -0.00067649951791457711 -0.0030026341920427546 -0.0046264442325433712 0.0056684493045957339 -0.0020069491352862688 0.0032885096860409413 0.0077889670244597935 0.0080677418735250334 0.0017977505028532181 -0.00052805839835462921 0.011595066494179471 -0.002327987358692682 -0.0063248312531088216 -0.0053187303662101592 0.0051224441426685023 -0.0014478156941876532 0.011593861554507605
leaf_weight=74.006756491959095 212.96145612001419 78.806761905550957 114.85244712978601 30.234839610755444 272.54961006343365 23.976319998502731 39.703173540532589 90.890156686306 50.455926731228828 104.4987496510148 43.093844451010227 40.929337956011295 38.294948026537895 12.296964198350905 30.270647659897804 34.31994616240263 16.133870467543602 15.969642102718351 177.14310665428638 103.91195080429316 75.521142914891243 91.061183474957943 51.693333670496941 33.069086745381355
leaf_count=600 1302 506 871 214 2025 155 269 676 335 728 290 281 250 82 186 229 103 99 1405 807 569 594 355 210
internal_value=0.000117092 0.000722935 4.1062e-05 -0.00134325 0.000265181 0.00728733 -0.000720987 0.00201362 0.00166492 0.000431258 -0.00113545 0.00197461 0.00326243 -0.000626808 0.00288481 -0.00302687 0.00129522 0.00592589 -0.0037166 -0.00382498 -0.00238233 0.00440021 0.0027545 0.00744719
internal_weight=1856.65 1605.5 1392.53 751.64 457.354 54.2112 403.143 130.593 640.894 364.023 222.842 84.0232 276.871 62.7529 141.181 138.819 110.91 32.1035 251.15 294.286 190.374 214.119 142.755 71.364
internal_count=13141 11136 9834 5586 3339 369 2970 945 4248 2422 1528 571 1826 417 894 957 708 202 2005 2247 1440 1409 949 460
is_linear=0
shrinkage=0.01


Tree=59
num_leaves=25
num_cat=0
split_feature=119 46 116 122 123 105 315 103 50 280 97 210 268 153 105 299 185 217 60 117 70 146 60 160
split_gain=46.8362 29.4573 24.0562 20.0722 13.8829 22.8558 17.6016 13.9766 13.3754 13.7743 13.0982 13.3245 12.6397 12.3179 14.5154 12.8942 11.938 11.3777 11.2336 11.0807 10.5607 12.1149 11.4111 12.3984
threshold=0.1139320758811037 1.0000000180025095e-35 0.32527398595925777 0.86891308072635454 -0.10896092029255984 0.28575570516507481 -0.13666665479058371 1.6113601096433741 11.500000000000002 0.10545454545425786 0.43336984968308279 0.079042029534267325 0.5536189427652124 0.011257075272450791 0.94044813610939582 -0.052933153802719006 0.83027291105121315 0.61783640494824554 -294.99987710392207 0.67888088589946438 0.45702966861627448 0.28026140526140531 -123.50854652037434 0.037056654111738863
decision_type=8 2 10 10 10 8 2 10 2 2 10 2 2 8 10 2 10 2 2 8 10 10 2 10
left_child=1 4 13 8 6 20 12 10 -4 -10 11 18 -1 14 15 -2 -13 -5 -7 -17 -6 22 23 -22
right_child=2 -3 3 17 5 7 -8 -9 9 -11 -12 16 -14 -15 -16 19 -18 -19 -20 -21 21 -23 -24 -25
leaf_value=0.013696547370757064 0.0011576407381178135 -0.002802088561415931 0.0011343732714854818 0.0038657280690051021 -0.0033300813811507402 0.0083018851228439192 -0.0016067930937568209 -0.003699247523882915 0.0098426359630841825 -0.00043832382664620246 0.0095581006630199774 0.0097907867142782695 0.0041267237228366114 -0.004479961717063826 0.0020774923488404663 -0.0059199680129707437 1.2584345004950817e-05 -0.0028659203148720079 0.0011821784503662546 -0.0019550485644569565 -0.00016595039912004807 0.0071103424739417925 -0.0046794370345064349 0.0064222757376969867
leaf_weight=28.552004665136337 83.661421321332455 113.04427289962769 126.79211824387312 27.780178837478161 67.361623056232929 23.087840273976326 19.129424750804901 20.150986313819885 41.372317589819431 17.884556017816067 42.04648694396019 48.308399945497513 31.700172871351242 200.45012119412422 88.632310159504414 101.31617472320795 16.801679670810699 139.87448573857546 167.52847455441952 237.92590302973986 119.55036929249763 26.479555293917656 35.689377635717392 34.524247244000435
leaf_count=164 621 901 880 208 453 139 125 137 268 119 259 299 186 1573 614 782 108 1060 1070 1767 781 168 252 223
internal_value=3.48259e-05 0.00187029 -0.00133301 0.000792325 0.00265589 0.00211419 0.00653361 0.0039428 0.00303425 0.00684531 0.00449338 0.00356088 0.0090901 -0.00238922 -0.00154776 -0.00231871 0.00738839 -0.00169875 0.00215899 -0.00318147 4.20097e-05 0.00112661 0.000193853 0.0013934
internal_weight=1859.64 793.955 1065.69 353.704 680.911 601.529 79.3816 317.924 186.049 59.2569 297.773 255.726 60.2522 711.986 511.536 422.903 65.1101 167.655 190.616 339.242 283.605 216.244 189.764 154.075
internal_count=13157 5265 7892 2535 4364 3889 475 2012 1267 387 1875 1616 350 5357 3784 3170 407 1268 1209 2549 1877 1424 1256 1004
is_linear=0
shrinkage=0.01


Tree=60
num_leaves=25
num_cat=0
split_feature=271 76 107 33 284 307 21 231 284 221 223 21 118 123 106 81 77 161 232 52 77 193 164 303
split_gain=40.4375 19.7224 13.7175 16.7549 19.2081 16.399 15.463 15.7902 14.428 15.3956 13.1577 13.1279 13.047 16.0749 15.2772 17.8302 14.2074 13.4916 15.6514 13.788 11.5053 11.4816 11.9468 11.4853
threshold=0.10952046704805242 1.0592500965772553 -0.085530948033653478 0.041856988910904863 0.038161117819561836 0.02482839562517436 0.23215520234106465 -0.0048392948801921848 0.012057916830644113 -0.29620593525748612 -0.38509022290095207 -0.17707638204499418 8.5000000000000018 1.0218350804739009 0.72205637146408386 0.87371728636191415 2.7842415834534409 0.0038535788535788542 1.2001113783006911 155.50000000000003 3.2102608427023438 0.81096096096096104 0.0018148880105401846 -0.0026030373662908348
decision_type=2 10 8 2 8 2 10 2 10 2 2 10 2 10 10 10 10 10 2 2 10 8 10 2
left_child=1 2 5 6 8 -1 7 10 9 -5 -4 -3 -2 17 15 -15 -17 18 -14 -19 -11 22 -13 -24
right_child=12 11 3 4 -6 -7 -8 -9 -10 20 -12 21 13 14 -16 16 -18 19 -20 -21 -22 -23 23 -25
leaf_value=-0.0024646034027467831 -0.0032068826526150855 0.0017574480969605956 0.0038339642357111082 -0.0018302640611566182 0.011634165960021656 0.0047810556774096563 -0.0028332180191227574 0.0090057877336271724 -0.0068017812301009832 0.010583993139622591 -0.0025531938846668472 -0.0036689323724479685 0.0052132543455046003 -0.0034524766277323603 0.0040159247815714366 0.0065229849146294259 -0.00032750167635871145 0.0015898235439752921 -0.0001503940919362713 0.0082489853854099942 -0.00073073861286136103 -0.0065405231470644877 -0.0054626073140820542 0.0051165973416446879
leaf_weight=316.20508588850498 48.01978162676096 45.404796563088894 56.568970382213593 28.646253831684589 24.105900071561337 31.908710956573486 129.21616406738758 22.806331284344196 13.312863849103449 28.853722840547562 67.674924150109291 170.9248948469758 86.388070292770863 122.70332656800747 89.553715586662292 40.114507250487804 100.8725256472826 50.073760092258453 138.10927957296371 89.006805650889874 11.830356329679487 106.71244549751282 11.868277706205843 31.845721513032913
leaf_count=2303 334 336 387 200 164 233 977 157 95 196 474 1329 550 871 607 259 704 320 906 540 87 837 89 233
internal_value=-5.92673e-05 -0.00128829 -0.00033366 0.000967371 0.00427694 -0.00176425 -0.000338334 0.00185938 0.00180384 0.00367296 0.00036766 -0.00317143 0.00170185 0.00204345 0.000513443 -0.00070239 0.00170494 0.00351171 0.00194848 0.00593838 0.00743764 -0.00388026 -0.00248486 0.00206461
internal_weight=1862.73 1097.89 731.129 383.015 106.749 348.114 276.266 147.05 82.6432 69.3303 124.244 366.756 764.842 716.822 353.244 263.69 140.987 363.578 224.497 139.081 40.6841 321.351 214.639 43.714
internal_count=13188 8097 5273 2737 742 2536 1995 1018 578 483 861 2824 5091 4757 2441 1834 963 2316 1456 860 283 2488 1651 322
is_linear=0
shrinkage=0.01


Tree=61
num_leaves=25
num_cat=0
split_feature=32 122 71 122 105 105 262 297 103 159 228 210 299 134 81 210 131 314 287 232 161 3 67 134
split_gain=40.0594 38.068 25.5403 20.7604 19.762 18.3704 16.1966 16.1123 15.8601 14.1504 13.8473 13.7774 12.7378 11.9575 16.0313 12.5514 18.2431 15.0067 12.8477 12.747 13.5551 11.8158 11.2194 14.5304
threshold=0.0014316399604838677 0.25427208901150194 1.8712682238841702 0.71689744197132632 1.3824999942590697 0.77830770584833953 -0.99788036317089934 -0.023369641786145444 1.2891978986124217 0.16653460116217647 0.444671201814059 0.19116452817930815 0.0025879204070064503 0.10409508285154741 -0.12512189996826864 0.066847826086956538 1.6906989923713427 -0.0058794722590309375 0.0032193974863111989 1.9107305870438096 0.013001098684395867 2.597717463530453 243.85384298634159 0.068987150088694688
decision_type=2 8 8 10 10 10 8 2 10 10 2 2 2 2 8 2 10 2 2 2 10 2 2 2
left_child=1 5 12 4 8 6 -1 10 9 -4 -7 -5 21 22 -15 17 19 -16 -19 -17 -21 -3 -8 -24
right_child=-2 2 3 11 -6 7 13 -9 -10 -11 -12 -13 -14 14 15 16 -18 18 -20 20 -22 -23 23 -25
leaf_value=0.010414536678607129 -0.0042359579132469618 0.0024595375148820935 -0.00053674231880221758 -0.0019613339722544892 0.012106865935891298 -0.0047531416052802372 -0.0025763260474751305 0.0087910099599128252 0.00014817004751447327 0.0096739691851112451 0.0060693949261588359 0.0082126860848210689 -0.0052876540851453423 -0.0027963973412964936 -0.0037137739893907018 0.0074351128339567984 -0.0011903752104065063 0.0037955969671896279 -0.0024752580762169795 -0.0011708959278214617 0.0080973972434040548 -0.0031185797288570856 0.0091192401795733811 -0.0011451356557373525
leaf_weight=17.060895398259163 189.79218006134033 55.134006485342979 20.148696735501289 264.81042461842299 16.963016666471958 20.113176614046097 126.88891377300024 67.527196064591408 177.54343767464161 35.984871879220009 21.54950225353241 11.19940299540758 147.65939997881651 59.114654183387756 51.143466629087925 125.16450586169958 48.642794094979763 133.42025883495808 40.591171413660049 45.817523419857025 20.672250859439373 107.69312164932489 19.208745911717415 35.02446836233139
leaf_count=97 1542 413 143 2003 112 129 873 418 1250 239 134 83 1137 385 338 791 319 876 272 299 131 825 125 228
internal_value=8.17949e-05 0.000579737 -0.000923591 0.000417577 0.00248836 0.00209166 0.00149883 0.00586924 0.00164886 0.00614246 0.000852076 -0.00146544 -0.00318488 0.00124097 0.00200374 0.0026288 0.0042069 0.000908709 0.00231084 0.00557933 0.00190981 -0.00121392 -0.000959509 0.00274559
internal_weight=1858.87 1669.08 837.136 526.65 250.64 831.94 722.75 109.19 233.677 56.1336 41.6627 276.01 310.487 705.689 524.567 465.452 240.297 225.155 174.011 191.654 66.4898 162.827 181.122 54.2332
internal_count=13162 11620 6205 3830 1744 5415 4734 681 1632 382 263 2086 2375 4637 3411 3026 1540 1486 1148 1221 430 1238 1226 353
is_linear=0
shrinkage=0.01


Tree=62
num_leaves=25
num_cat=0
split_feature=119 5 5 117 162 150 193 82 181 117 155 312 5 31 105 131 119 201 311 102 117 146 228 312
split_gain=37.7983 32.2631 24.2418 20.3796 16.7539 17.7224 15.0691 13.0267 12.8215 12.1742 12.9762 12.3209 12.1003 11.0896 15.8337 12.0781 10.7905 14.6843 10.2833 10.2605 10.2413 12.188 12.6688 10.0354
threshold=0.44062539308307441 -2.8983711643309662 -2.8712440139818409 1.6989804895797758 0.003669737125619479 0.043537495557398422 0.8744747899159665 0.92929997711569856 0.054460838240686822 0.52109632555326413 0.0085592185592185625 -0.44686466637067573 -2.6948882757693915 0.0065407011289364244 0.80987245329722624 2.636504606350925 -0.44709725313324361 0.7693890471668251 -0.65748347644502148 1.228056852784827 1.2642081388619697 0.14682106883941751 0.2623262482079412 0.021328623648654853
decision_type=10 2 2 8 10 10 10 8 2 10 10 2 2 2 10 10 8 2 2 10 10 10 2 2
left_child=1 18 8 6 5 9 13 23 -3 16 -11 -12 -6 14 -2 -16 17 -4 -1 -5 21 22 -10 -7
right_child=3 2 4 19 12 7 -8 -9 20 10 11 -13 -14 -15 15 -17 -18 -19 -20 -21 -22 -23 -24 -25
leaf_value=0.0010812637893140014 -0.0027919169438692928 0.011590960970584699 0.0058373976903478755 0.0023259178477400989 -0.00065184737528975413 -0.0035740920687915047 -0.0065633211191857641 0.0053252720956007147 0.00174468175192456 -0.0007814906411492483 0.0012677180328236279 0.01145428171531024 0.004080887059425187 -0.003845065209916117 0.00082104251748640672 0.010165045506160051 -0.0017244102318798888 -0.0010375831179746048 -0.0043910311114438482 -0.0047227584450160879 -0.0022585732351701839 0.0029575072571516882 0.014490239569439249 0.0034095112024767537
leaf_weight=44.970388151705265 137.27644545584917 23.201214745640755 59.835130020976067 130.17798609286547 70.495758429169655 193.74260595440865 90.157397076487541 18.653707385063171 13.538643851876257 26.242453351616859 20.084930934011936 30.330860063433647 214.38176997005939 192.95622745156288 85.35902251303196 13.896191231906412 122.41980842500925 59.754792556166649 127.24779526144266 21.658715732395649 22.06766514480114 103.81769858300686 19.747277647256851 20.584412261843681
leaf_count=359 1061 137 371 932 468 1390 710 134 84 173 129 192 1407 1511 617 97 850 379 1016 165 137 606 118 145
internal_value=-6.1745e-05 0.00100673 0.0016849 -0.00195484 0.000954984 -6.3217e-05 -0.00289362 -0.00214678 0.00496149 0.00146246 0.00485905 0.00769913 0.00291134 -0.00208289 -0.000612561 0.00238555 0.000338548 0.00244959 -0.00296195 0.00124567 0.00380265 0.0048115 0.00987888 -0.0028629
internal_weight=1862.6 1191.12 1018.9 671.482 836.526 551.649 519.645 232.981 182.372 318.668 76.6582 50.4158 284.878 429.488 236.532 99.2552 242.01 119.59 172.218 151.837 159.171 137.104 33.2859 214.327
internal_count=13188 8095 6720 5093 5638 3763 3996 1669 1082 2094 494 321 1875 3286 1775 714 1600 750 1375 1097 945 808 202 1535
is_linear=0
shrinkage=0.01


Tree=63
num_leaves=25
num_cat=0
split_feature=271 153 109 100 320 5 13 90 121 5 5 108 151 302 156 165 39 71 71 313 163 64 287 82
split_gain=37.5265 21.6018 31.4288 17.7402 16.5373 15.2412 14.5965 14.4502 12.6921 12.4412 14.6766 13.2535 18.0623 13.489 13.285 13.1794 12.4021 12.3627 11.1124 11.4241 11.0801 10.9978 10.6677 10.1808
threshold=0.13733715287959605 0.01564247762863535 1.7039578386862202 0.66064017829613142 -0.06598186101399911 -2.8990703939077638 0.62181567752196176 2.9527140974801807 -0.72089224167704191 -2.8935132521978844 -2.8712440139818409 0.25742282728592319 0.0057224723700368407 0.0063901060318089379 0.075793479821915852 179.89323495370374 0.079655293964861526 3.0201438163688885 2.5195794571159631 -1.0000000180025095e-35 0.0017286200920337061 0.7061868026666781 0.021942473159992367 0.74395587576754796
decision_type=2 8 10 8 2 2 10 2 10 2 2 10 10 2 8 2 2 10 8 2 10 8 2 10
left_child=1 2 3 6 22 -2 7 -1 9 -5 -11 20 -13 14 -14 -15 -7 -3 -10 -20 -12 -8 -4 -19
right_child=5 17 4 8 -6 16 21 -9 18 10 11 12 13 15 -16 -17 -18 23 19 -21 -22 -23 -24 -25
leaf_value=-0.0042251523171079868 -0.0025804773226232734 -0.0042929863558606712 0.0083334823224614513 -0.0032174509777943752 -0.00080765581644082489 0.0061887790251299495 0.01008204944435805 0.003541433464449351 -0.0037282606434002213 0.0042171321362847502 -0.0039196435720306637 0.0083193084845473095 0.0047640672820338506 0.0011180986445708686 -0.0028987720735310046 0.011889306343650685 0.0021076562131595441 -0.0041432711763423639 -0.0032247686062493492 0.0083856251453857927 0.0044728716673755296 -0.00022983385264479489 -0.00055677673785382723 0.003629669710461767
leaf_weight=39.395207472145557 48.90805272012949 227.0738572999835 73.028186991810799 124.8577788323164 40.751010209321976 101.60463254153728 31.149182818830013 52.486592210829258 249.34223816543818 76.764614328742027 124.6344431489706 26.204535186290741 24.473290361464024 46.438975684344769 131.37367916107178 12.633514031767843 284.58203774690628 24.792817234992981 14.721523344516756 13.905678495764731 15.436949610710142 14.415400847792624 15.747336730360983 40.321797482669353
leaf_count=272 387 1801 493 983 282 627 203 355 1894 465 894 166 168 324 909 85 1820 185 105 98 108 101 110 297
internal_value=-4.83524e-06 -0.000793254 -0.000161663 -0.000767635 0.00441706 0.00255435 0.00253191 0.000173925 -0.00130226 -0.000456314 0.00030948 -0.000500178 0.000917334 -7.72726e-05 -0.00162534 0.00387777 0.00322133 -0.00320256 -0.00304978 0.00263073 -0.00291714 0.00697673 0.0067771 0.000605727
internal_weight=1855.04 1419.95 1127.76 998.234 129.527 435.095 137.446 91.8818 860.787 582.818 457.96 381.195 241.124 214.919 155.847 59.0725 386.187 292.188 277.969 28.6272 140.071 45.5646 88.7755 65.1146
internal_count=13132 10298 8015 7130 885 2834 931 627 6199 4102 3119 2654 1652 1486 1077 409 2447 2283 2097 203 1002 304 603 482
is_linear=0
shrinkage=0.01


Tree=64
num_leaves=25
num_cat=0
split_feature=32 21 271 161 149 35 162 152 108 131 205 233 127 70 189 149 70 76 83 133 39 118 177 15
split_gain=44.2418 36.1917 19.2313 16.2267 24.4631 18.1773 14.9591 16.9299 14.2586 13.4893 14.4897 12.769 10.1144 9.87235 9.7289 9.348 11.6693 17.0436 12.4501 13.7359 9.24 9.83535 9.19234 11.888
threshold=0.0014316399604838677 -0.05650404252328018 0.067822972005887092 0.020857501933488013 0.087889098349349409 0.0042477881428820618 0.0022598898910145761 0.0066890380313199115 0.56067031348859764 1.7967942003397843 -0.10881171884105191 0.74046257796257808 0.32675040857729987 0.46932496874229934 -0.038612483176898325 0.26401991614255771 0.80830258206282524 1.0709263755307594 3.5013525619451138 0.025014220705346989 0.051300849687946466 20.500000000000004 7.2456926492688618 -1.1984214176555128
decision_type=2 8 2 10 10 2 8 10 10 10 2 2 10 10 10 10 10 10 10 2 2 2 10 2
left_child=1 3 11 4 9 -5 -4 -8 -6 10 -1 14 -7 -11 -3 16 -9 -18 19 -19 -2 -22 -21 -24
right_child=20 2 6 5 8 12 7 15 -10 13 -12 -13 -14 -15 -16 -17 17 18 -20 22 21 -23 23 -25
leaf_value=0.0049206505557355239 -0.0079886924331708572 -0.001552522612656238 -0.0026757609732078534 0.0013853125688105467 -0.001852071866682087 0.010693490261206071 0.0084810018020351815 -0.0011049094420228956 0.0034796786610490106 -0.0070434789051241776 -0.0018145676023266619 -0.0044042339395998558 0.0022561444761908418 0.0020153899158101901 0.0052821320975311647 0.0074276671261586571 0.0069359759205479734 -0.0051547330140612061 0.0069950225026479407 -0.0028514808201635634 -0.0075739738040875365 -0.0013772401456305827 -0.001565220491323496 0.01047507782816311
leaf_weight=250.20936039090157 53.155002936720848 133.01987856626511 124.28332145512104 71.093261711299419 226.08736992627382 53.993808194994926 27.110201746225357 230.50748224556446 61.386881217360497 17.45852729678154 34.838406562805176 185.28575987368822 21.799016274511814 27.038464710116386 21.74880650639534 16.751884035766125 51.854544572532177 46.10679268091917 18.811405718326569 19.237546838819981 32.440687909722328 102.36257442831993 12.756485968828203 16.761271834373474
leaf_count=1553 441 1006 929 454 1581 334 179 1659 392 117 230 1436 137 171 163 117 343 336 133 134 266 831 88 117
internal_value=4.64139e-05 0.00056778 -0.000784465 0.00216673 0.00143989 0.00512794 0.000347456 0.00121557 -0.000687151 0.00328845 0.00408418 -0.00265269 0.0084488 -0.00172691 -0.000507789 0.000681274 0.000342515 0.00234878 0.000129481 -0.00138541 -0.00451502 -0.00300136 0.00224711 0.00555984
internal_weight=1856.1 1668.14 904.235 763.905 617.019 146.886 564.181 439.898 287.474 329.545 285.048 340.054 75.7928 44.497 154.769 412.787 396.036 165.528 113.674 94.8621 187.958 134.803 48.7553 29.5178
internal_count=13147 11609 6640 4969 4044 925 4035 3106 1973 2071 1783 2605 471 288 1169 2927 2810 1151 808 675 1538 1097 339 205
is_linear=0
shrinkage=0.01


Tree=65
num_leaves=25
num_cat=0
split_feature=5 5 122 116 122 108 123 75 81 315 120 116 28 22 184 215 189 135 189 270 36 125 134 115
split_gain=35.5713 41.345 29.3499 25.0087 17.0748 16.607 18.2296 15.5746 17.8842 14.0602 14.027 12.6621 12.4884 12.4076 12.0355 12.011 15.7928 13.2196 11.856 11.4387 10.9629 14.9051 10.437 10.3819
threshold=-2.8943022876294049 -2.8712440139818409 0.26025589624797435 0.32527398595925777 0.5767611239695638 0.25742282728592319 -0.068322747739752734 -0.30922654536565491 0.77570209068504681 -0.15684355636338113 1.1221181768818289 -0.05829358854692987 0.23151517209494285 -0.34704180404841717 1.6579341195178445 -0.53224175532607709 -0.38333975581613877 0.2229259253317076 -0.35053890471370458 0.054133196238459406 0.024157126618763451 1.2785688283790477 0.10409508285154741 -0.8542727215192093
decision_type=2 2 8 10 10 8 10 10 8 2 8 10 2 10 10 2 10 2 10 2 2 8 2 10
left_child=19 -2 5 -4 -5 6 9 13 15 18 12 -8 14 -7 -10 16 17 -9 -3 -1 23 -22 -13 -6
right_child=1 2 3 4 20 7 11 8 10 -11 -12 22 -14 -15 -16 -17 -18 -19 -20 -21 21 -23 -24 -25
leaf_value=-0.0069804094591285172 0.0046564714185577342 0.0010827262313313835 -0.0029069051720252165 0.0051874611175058392 0.0053792053333135224 -0.0020681553175787475 -0.0027471184648491759 0.0049157593446768387 -0.0013167087009633266 -0.0027166421340520971 -0.0022885406927937104 -0.0021285467972443524 0.010281672507423097 0.0083490017892213289 0.009277737712353221 -0.0020017174492727454 0.0093630823971667214 -0.0041384827365574077 0.012512099548889844 -0.0021428512581803086 -0.0029172938369151592 0.0069565121781184651 0.0097826864992912026 -0.0026533723622630778
leaf_weight=66.31615199893713 208.73676555603743 16.278126299381256 452.45690827071667 66.318057991564274 15.268976472318171 12.347619101405142 183.48345935344696 26.95495830476284 28.190178044140339 16.44394251704216 19.843967616558075 11.791084602475168 44.133387386798859 65.966693907976151 13.795636758208273 121.80361870676279 23.178694449365139 32.306275472044945 20.209322139620781 186.16690587997437 23.055382072925568 35.748742483556271 13.257794991135595 148.83347657322884
leaf_count=544 1262 96 3459 436 115 81 1265 178 179 107 134 84 273 403 84 826 154 217 117 1485 168 257 91 1112
internal_value=-1.37438e-05 0.000537817 -8.74442e-05 -0.00144505 0.000844415 0.00145969 -0.0004835 0.002764 0.0017207 0.0046029 0.00499553 -0.00182386 0.0067048 0.00667921 0.00250916 -1.86381e-05 0.00286856 4.10927e-08 0.00788528 -0.00348094 -0.000492243 0.00311285 0.00449382 -0.00182112
internal_weight=1852.89 1600.4 1391.67 741.682 289.225 649.985 261.464 388.521 310.207 52.9314 105.963 208.532 86.1192 78.3143 41.9858 204.244 82.4399 59.2612 36.4874 252.483 222.907 58.8041 25.0489 164.102
internal_count=13127 11098 9836 5547 2088 4289 1760 2529 2045 320 670 1440 536 484 263 1375 549 395 213 2029 1652 425 175 1227
is_linear=0
shrinkage=0.01


Tree=66
num_leaves=25
num_cat=0
split_feature=32 271 11 73 123 230 310 25 64 114 53 145 215 77 105 147 180 279 204 112 117 58 39 114
split_gain=37.6404 34.7124 19.4591 21.678 18.5138 17.4645 15.5899 14.7141 13.438 17.5871 10.6562 10.9551 11.0483 10.2373 11.0248 10.5702 10.5322 10.2591 9.65621 9.33677 9.52456 10.921 9.2221 9.1921
threshold=0.0014316399604838677 0.11102039330474796 0.44592947987614279 322.47232286924384 1.6708743258233902 300.50000000000006 -0.25766354029404759 0.34615130923495302 0.59695304298401075 0.46688573707211506 97.500000000000014 0.039615500011539621 0.13606075333267048 0.80338028495130187 1.3676644825071913 0.14976909489454981 1.9723496432212031 -0.00097880766980173984 0.17451088962716874 111.50000000000001 0.95446561180176737 0.91725845779042137 0.051300849687946466 0.74812142738541942
decision_type=2 2 10 2 10 2 2 2 8 10 2 10 2 10 8 10 2 10 2 2 10 10 2 8
left_child=1 2 3 4 -1 7 10 18 9 -4 11 12 -3 -8 15 -15 17 -17 -5 -7 -21 -22 -2 -13
right_child=22 6 8 5 -6 19 13 -9 -10 -11 -12 23 -14 14 -16 16 -18 -19 -20 20 21 -23 -24 -25
leaf_value=0.00086776398482955701 -0.0076101914208298975 -0.0025594565353703174 -0.0024240137579283044 0.0019045963922339787 -0.0033227827242037411 -0.0026449857384852758 0.0057077542079011527 -0.0009631132563449324 -0.0030838502169368903 0.0097285524353500196 -0.0027599631187642452 0.003191759619505909 0.0071103346863243726 -0.0050323676195608933 0.0054575919032167951 0.010712618117751923 -0.0011023093832115295 -0.00067644828386116771 0.01184444860752445 -0.0010393560536907165 0.01193545794231639 -0.00034569520019309108 -0.0026541845591278785 0.0067095447384273874
leaf_weight=278.54856176674366 53.178754158318043 44.519657604396343 26.677907884120941 14.507094196975229 165.751644551754 44.22227855026722 28.584202647209167 16.70285777002573 339.90724102407694 17.3833322301507 23.649431020021439 207.80105248838663 12.898798070847986 50.005149610340595 25.706814326345921 13.85330079495907 127.61232109367847 14.131615877151487 40.899098254740238 24.524113729596138 15.806135438382627 11.327407568693159 135.17391158640385 125.53363958746195
leaf_count=1923 446 308 188 102 1276 313 178 123 2584 119 154 1314 89 350 177 93 828 97 279 169 103 83 1104 773
internal_value=5.18644e-05 0.000532577 -0.000652378 0.000453543 -0.000704488 0.00348303 0.00228021 0.00710196 -0.00240891 0.00264777 0.00347815 0.00387545 -0.000137648 0.000349282 -0.000369788 -0.00116768 0.000135907 0.00539629 0.00947902 0.000625046 0.0034349 0.00722784 -0.004151 0.00456506
internal_weight=1858.91 1670.55 996.258 612.289 444.3 167.989 674.296 72.1091 383.968 44.0612 414.403 390.753 57.4185 259.893 231.309 205.602 155.597 27.9849 55.4062 95.8799 51.6577 27.1335 188.353 333.335
internal_count=13173 11623 7262 4371 3199 1172 4361 504 2891 307 2638 2484 397 1723 1545 1368 1018 190 381 668 355 186 1550 2087
is_linear=0
shrinkage=0.01


Tree=67
num_leaves=25
num_cat=0
split_feature=153 105 102 120 71 71 252 234 303 133 109 23 217 15 172 105 35 160 79 289 222 160 134 0
split_gain=32.2134 26.1989 25.41 23.217 18.4168 17.3235 15.6204 13.7703 13.3895 13.2191 12.4078 25.4359 25.4819 13.6896 11.6749 11.4367 11.1848 15.0892 11.0447 10.9828 10.7381 10.6927 12.0541 10.5151
threshold=0.01564247762863535 0.96109023611504363 0.16086700813494945 0.80910960197290394 1.7047496219001987 2.9913326147244166 105.50000000000001 0.022489974348784279 0.0010238490092967512 0.067406924729667875 0.78292607713540574 -0.40945686289158251 0.87762443106739108 -1.0618891066598497 2.3488888888888892 1.3824999942590697 0.0044267383619304426 0.060514143064300009 426.04350226756929 -0.06516861090361363 72.500000000000014 0.035912789805005375 0.20239691050683009 491.50000000000006
decision_type=10 10 10 8 8 10 2 2 2 2 8 8 2 2 8 10 2 10 2 2 2 10 2 2
left_child=1 2 3 10 -5 -2 16 20 -7 -8 11 12 19 21 -4 23 -6 -18 -15 -1 -3 22 -12 -9
right_child=5 7 14 4 6 8 9 15 -10 -11 13 -13 -14 18 -16 -17 17 -19 -20 -21 -22 -23 -24 -25
leaf_value=0.00069451601757099723 -0.004144143276464167 -0.0046678787378036544 0.0055057428500613964 -0.0019554870610759352 0.0011976700555990307 -0.0011410258504193167 -0.0047761469514921093 0.0018030837805215732 0.0077369776734285177 0.0047928011803546923 0.00089349292973558937 -0.002313864802196996 -0.0043088082768996065 0.00053055657004439012 -0.0025632506685531165 0.012137565718836243 0.00042314171320835146 0.010230431986653974 0.0082221827126240116 0.0085579879695279956 0.0036824000817750795 0.011360678669353976 0.010794489346085932 0.0076658090145311584
leaf_weight=24.603165872395039 238.16541666537523 26.089792087674141 16.256797403097153 313.55938986688852 98.379664592444897 67.664178594946861 50.265854582190514 77.871264755725861 19.558376215398312 17.176870122551918 39.210332110524178 111.78192698955536 25.214794330298901 94.856211557984352 330.97070924937725 20.628210231661797 25.778740599751472 39.218766517937183 20.65546390414238 69.74090052396059 30.068642489612103 36.888626873493195 15.66055069118738 50.995973460376263
leaf_count=155 1889 184 122 2257 669 495 347 530 140 115 249 763 168 633 2480 137 176 254 136 439 206 226 95 327
internal_value=8.36089e-05 0.000690692 0.000172928 0.000995119 -0.000383333 -0.00276 0.00174586 0.00398689 0.00101974 -0.00222947 0.00269972 0.00108076 0.00424288 0.00446283 -0.00214098 0.00554763 0.00340303 0.00653623 0.00207881 0.00659797 -0.000217767 0.00730075 0.00412902 0.00424607
internal_weight=1861.26 1535.87 1330.22 982.991 544.379 325.388 230.82 205.654 87.2226 67.4427 438.612 231.341 119.559 207.271 347.228 149.495 163.377 64.9975 115.512 94.3441 56.1584 91.7595 54.8709 128.867
internal_count=13192 10668 9284 6682 3818 2524 1561 1384 635 462 2864 1525 762 1339 2602 994 1099 430 769 594 390 570 344 857
is_linear=0
shrinkage=0.01


Tree=68
num_leaves=25
num_cat=0
split_feature=5 5 123 116 117 34 78 127 234 233 7 149 105 127 303 315 213 79 204 224 278 23 22 149
split_gain=42.6646 43.4241 24.5616 20.3674 13.7111 19.1195 17.2702 13.4977 13.4952 13.2672 16.1502 14.3713 19.9858 11.0678 13.1969 10.8916 13.7935 14.8762 10.8305 12.5412 11.9417 10.9921 10.2679 9.69834
threshold=-2.8996003220412478 -2.8712440139818409 1.3037559528709568 0.32527398595925777 0.64492810916648524 0.079436709954949017 -44.237153428135208 0.79208027836931227 0.0062305900621118021 0.79315229071016913 -1.0770870904939553 0.14536164327425471 1.3170776672811495 -0.26706397127344267 -0.0028359402939768688 -0.10203041346183468 -0.37386284311343115 87.198561622231438 0.26336189310485519 2.4527202901898608 -0.0035682454800101851 -0.7083148141470873 -0.1875934517436624 0.27378689118232852
decision_type=2 2 8 10 10 2 2 10 2 2 2 8 8 8 2 2 2 2 2 2 10 8 10 10
left_child=-1 18 4 23 6 -6 15 13 -8 10 -5 -12 -13 -7 -15 16 -3 -18 21 -20 -21 -2 -19 -4
right_child=1 2 3 9 5 7 8 -9 -10 -11 11 12 -14 14 -16 -17 17 22 19 20 -22 -23 -24 -25
leaf_value=-0.0039883957169607681 0.0063432798428247599 -0.0011336076460601685 -0.0029066400630086901 0.01032325629818583 -0.0048156318826764379 -0.00047003940763903771 0.0060676923376890594 -0.0028630720770259554 -0.0033182000841432795 -0.0034732808971323016 -0.0044525851363084318 0.00014867329653678356 0.007674108391344199 0.00097143647969384682 0.0071996829876989259 -0.0039068735623304833 0.0098894656636647187 0.00042227796244550999 0.0083582228178786088 0.008227184218502593 -0.0024358324141081967 -0.00050088144902533526 0.0080231826219918888 0.0041265565201034464
leaf_weight=229.43954299390316 33.583213813602924 59.586762323975563 442.23923187702894 17.71323150396347 25.271311692893505 33.939851097762585 14.414871670305727 24.192030772566795 144.1965961381793 55.873426839709282 36.759609416127205 129.85565964132547 45.828489519655704 46.650161616504192 138.1403469145298 25.153647914528847 35.480750374495983 71.678488612174988 93.936593115329742 13.737322568893431 26.037242859601974 64.25972755253315 21.093369364738464 17.97769895195961
leaf_count=1876 202 383 3360 121 177 225 102 160 1029 421 277 926 322 300 884 165 216 467 548 86 172 408 129 137
internal_value=1.91786e-05 0.000594229 -7.80797e-05 -0.00130907 0.00135559 0.00306608 0.00010451 0.00393631 -0.00236719 0.000779405 0.00184589 0.00100749 0.00220826 0.00471996 0.00567126 0.00195675 0.00279375 0.00461115 0.00457505 0.00640733 0.00152615 0.00195093 0.00234806 -0.00260609
internal_weight=1847.04 1617.6 1386.05 746.247 639.798 268.194 371.604 242.922 158.611 286.03 230.157 212.444 175.684 218.73 184.791 212.993 187.839 128.253 231.554 133.711 39.7746 97.8429 92.7719 460.217
internal_count=13093 11217 9801 5564 4237 1746 2491 1569 1131 2067 1646 1525 1248 1409 1184 1360 1195 812 1416 806 258 610 596 3497
is_linear=0
shrinkage=0.01


Tree=69
num_leaves=25
num_cat=0
split_feature=271 5 151 22 256 7 107 235 255 177 120 232 235 219 260 152 108 108 75 20 279 90 22 99
split_gain=37.5009 22.4592 20.4415 22.0328 19.3643 16.1814 16.5742 15.1808 13.1412 12.4584 12.3041 12.24 11.5558 12.3933 12.0482 10.5811 11.2179 10.1738 14.4507 11.7516 10.6011 9.81735 10.3313 14.3953
threshold=0.11102039330474796 -2.8983711643309662 0.087447625420191508 0.08797565370076145 156.50000000000003 -1.1237351244379228 -0.097197664706450512 0.0033927081235072373 27.500000000000004 7.4473413379996503 1.2516811181190848 1.8459654093507623 0.0040040080160320653 0.010976961634856374 -0.62976472572643305 0.084854724047097665 1.0703481779642676 1.3507260831866736 0.7949214955853845 0.87176692953302937 0.00091120089698226725 14.967404181715287 1.1764958086669146 0.28206687859493368
decision_type=2 2 10 10 2 2 8 2 2 10 8 2 2 2 10 10 8 10 10 10 10 2 10 10
left_child=2 -2 3 11 15 8 -7 -6 -3 10 21 12 -1 14 -14 16 -5 19 -19 20 -4 22 23 -8
right_child=1 5 17 4 7 6 9 -9 -10 -11 -12 -13 13 -15 -16 -17 -18 18 -20 -21 -22 -23 -24 -25
leaf_value=-0.0014179545871008468 -0.002839793855153754 -0.0029618505596567886 -0.0024368230074289675 0.00042644817128809488 0.0027109867514444014 -0.0034790557100645328 0.0055286400879655806 0.015036996238984014 0.0043417393679396369 -0.0014823957465165502 -0.0049114258773361053 -0.0031607757656918578 0.00041652139880337134 -0.0014048635158666436 0.011213126500473031 -0.0046292848385869464 0.0060842852710852463 0.0073262682038596431 -0.0024486161284457473 0.00084855511164681123 -0.0067352722453297856 0.011874002441766519 0.010411240392504479 -0.0014374137796986266
leaf_weight=163.10138142853975 92.161766901612282 24.507707163691521 110.21073000133038 174.03355946391821 25.997781842947006 71.159962490200996 58.449942126870155 15.522604905068873 327.94124066084623 70.20374359190464 13.295070968568323 237.94696641713381 18.135558374226093 30.568732164800167 22.586135715246201 28.529784597456455 41.357530795037746 17.991049759089947 52.316393837332726 41.517228968441486 131.7735023573041 13.389403760433195 15.452040679752825 55.341868080198765
leaf_count=1172 736 163 871 1223 174 488 373 102 1996 477 95 1779 128 222 159 224 275 130 411 319 1049 87 106 382
internal_value=-2.38123e-05 0.00171301 -0.00118533 -0.000253747 0.00192674 0.00236989 0.000637651 0.00800966 0.00381142 0.00196461 0.00352168 -0.00157722 4.47014e-05 0.00333077 0.00676869 0.000806929 0.0015825 -0.00315982 0.000226237 -0.003997 -0.00483267 0.00439524 0.00337412 0.00217959
internal_weight=1853.49 741.903 1111.59 757.78 285.441 649.741 297.292 41.5204 352.449 226.132 155.928 472.339 234.392 71.2904 40.7217 243.921 215.391 353.809 70.3074 283.501 241.984 142.633 129.244 113.792
internal_count=13141 4903 8238 5458 1998 4167 2008 276 2159 1520 1043 3460 1681 509 287 1722 1498 2780 541 2239 1920 948 861 755
is_linear=0
shrinkage=0.01


Tree=70
num_leaves=25
num_cat=0
split_feature=5 5 119 109 153 108 131 292 249 148 201 151 157 163 109 152 205 205 89 315 5 277 236 38
split_gain=36.3032 39.8473 25.924 21.4154 28.9475 19.042 17.4073 14.7779 14.2418 13.1841 12.6303 17.5149 12.9373 13.1596 11.9817 13.2567 11.5414 12.2707 11.1622 10.8872 11.8178 10.3513 10.0696 9.74936
threshold=-2.8996003220412478 -2.8712440139818409 0.1139320758811037 1.5195776906739467 0.014947716507283942 0.50140856581222448 1.1296400249269674 -0.0073626692278718157 0.096006144393241177 0.22061440234456775 0.72591692443658873 0.024808041732606534 0.17183434737302097 0.011641459315877923 2.4357253669081698 0.17785686041913804 -0.3232631415376559 -0.1961215829541321 1.3938082095858466 -0.78623614211451232 -2.8935132521978844 0.037371309243365493 0.2523372651813019 0.52911902911902919
decision_type=2 2 8 10 8 10 8 2 2 10 2 10 10 8 10 8 2 2 8 2 2 10 2 2
left_child=-1 18 5 10 9 6 8 23 -3 -5 11 -4 13 -13 21 -16 -8 -18 22 -20 -21 -6 -2 -7
right_child=1 2 3 4 14 7 16 -9 -10 -11 -12 12 -14 -15 15 -17 17 -19 19 20 -22 -23 -24 -25
leaf_value=-0.0036697158215545124 0.0022530940114498469 0.00013287058807818101 0.0052401010006171336 0.001280348045647399 -0.0043201026666151374 -0.00014634298248955482 -0.0022529215515244413 0.0085063536805337243 0.012274536120959663 0.0065876321805491281 -0.0039719724887644428 -0.0014152917616076319 -0.0040033000691678767 0.0090594315204880066 0.0094999464250503859 -0.003357119215498697 0.0039750194223151314 -0.0011102559674715908 0.011029668418963226 -0.0028416922530298361 0.0036988151545532602 0.003386422938802724 0.01333161743570874 0.0071051653843924893
leaf_weight=230.48423033952713 14.826694689691065 18.044020786881447 37.728447735309601 145.49233862757683 138.88145170360804 62.963325798511505 155.16519863158464 58.032806880772114 18.548052988946438 67.994670212268829 273.51910075545311 34.750270090997219 109.2238048017025 14.91527885943651 13.985294289886953 13.061305962502955 91.073256820440292 93.509467475116253 14.237422242760656 31.294742912054062 150.81239245086908 17.593940012156963 21.406078532338142 23.221729248762131
leaf_count=1893 89 114 267 1014 1071 393 1039 359 112 445 2105 260 823 111 99 101 599 626 87 207 909 132 125 142
internal_value=1.80496e-05 0.000548759 -9.56845e-05 -0.00115416 0.000552631 0.00166228 0.000463289 0.00471483 0.00675379 0.00303967 -0.00259226 -0.000638613 -0.00210828 0.00203109 -0.00233729 0.00352826 -0.000261651 0.00141565 0.00435297 0.00331197 0.002543 -0.00340232 0.00931741 0.00196051
internal_weight=1850.77 1620.28 1387.7 867.146 397.009 520.558 376.34 144.218 36.5921 213.487 470.137 196.618 158.889 49.6655 183.522 27.0466 339.748 184.583 232.577 196.345 182.107 156.475 36.2328 86.1851
internal_count=13122 11229 9812 6428 2862 3384 2490 894 226 1459 3566 1461 1194 371 1403 200 2264 1225 1417 1203 1116 1203 214 535
is_linear=0
shrinkage=0.01


Tree=71
num_leaves=25
num_cat=0
split_feature=5 5 123 116 160 123 153 154 238 257 251 127 181 81 123 310 63 81 99 154 302 52 184 20
split_gain=34.8867 45.3818 23.9229 18.6033 16.0298 21.432 14.9289 15.8963 13.4583 13.1992 12.5531 13.2316 11.9609 11.6536 14.4186 11.2458 17.0507 12.1756 11.5794 10.7979 10.7767 10.4708 10.1335 12.8423
threshold=-2.8983711643309662 -2.8712440139818409 1.3037559528709568 0.25719983842705324 0.04172431549838828 0.42827496119539338 0.0088574028745371253 0.018054616130583245 0.01682970980902208 103.50000000000001 1482.5233333333335 0.79208027836931227 0.054460838240686822 0.27787319880783828 -0.10896092029255984 -0.33097165957358105 0.79673477988468766 0.94026772506820999 0.68425175267378524 0.0063425230637202323 0.019430565147955429 280.50000000000006 0.634297952304964 0.45634873733762821
decision_type=2 2 8 10 8 10 10 10 2 2 2 10 2 10 10 2 10 8 8 10 2 2 10 8
left_child=-1 12 4 6 5 13 7 8 -4 -10 11 22 -2 14 20 16 19 -17 -19 -5 -3 -20 -6 -24
right_child=1 2 3 15 10 -7 -8 -9 9 -11 -12 -13 -14 -15 -16 17 -18 18 21 -21 -22 -23 23 -25
leaf_value=-0.0034196491094839266 0.010836124521543674 0.0012350967896777034 -0.0032842970124328632 0.0033397375628338327 0.0094290834143381484 -0.0022283780052850467 -0.0055003133504125399 0.0057786745538819118 -0.00081107090382468556 0.0099617110921443684 -0.00082784955206565217 -0.0033571344127768443 0.0038251195841995994 0.0074044612146244287 -0.0015903696725713789 -0.0045472970760106644 -0.0019493630766010623 0.0037725739594445589 -0.003261852972715318 0.012361694908501974 0.010612555240369567 0.0040772950223952366 0.0025663054205862018 0.010772301779102383
leaf_weight=243.82398924976587 26.97954373061657 31.128954097628593 204.33507777005434 51.052992552518845 39.450497269630432 199.51902197301388 127.72577927261591 25.274790965020657 37.325057603418827 13.202887989580629 61.741492010653019 18.959361918270588 191.66690781712532 36.273803472518921 76.815434068441391 60.198507234454155 40.838763125240803 66.060490623116493 77.790513262152672 17.244383901357651 18.700831890106201 22.883939817547798 143.98893489688635 19.994298130273819
leaf_count=1998 160 186 1542 361 256 1395 1020 178 282 95 421 125 1150 221 504 451 307 449 589 119 110 168 929 123
internal_value=8.22002e-05 0.000618529 -5.02978e-05 -0.00127157 0.00135274 -4.21917e-05 -0.00269993 -0.00137716 -0.00214659 0.00236529 0.00311842 0.0042151 0.00482267 0.00262134 0.00111117 0.000467033 0.00306426 -0.000800061 0.000600402 0.00603452 0.00515611 -0.00151775 0.00496222 0.00373929
internal_weight=1852.98 1609.15 1390.51 743.933 646.573 362.438 407.864 280.138 254.863 50.5279 284.135 222.393 218.646 162.919 126.645 336.07 109.136 226.933 166.735 68.2974 49.8298 100.674 203.434 163.983
internal_count=13139 11141 9831 5561 4270 2416 3117 2097 1919 377 1854 1433 1310 1021 800 2444 787 1657 1206 480 296 757 1308 1052
is_linear=0
shrinkage=0.01


Tree=72
num_leaves=25
num_cat=0
split_feature=5 5 122 116 122 81 131 277 109 150 105 67 143 127 113 177 162 77 297 183 294 251 275 28
split_gain=35.135 37.9847 25.8399 21.6754 22.6876 19.9234 17.7096 15.0555 13.5202 11.6126 20.2891 13.2887 11.7162 10.9793 10.8745 10.703 10.3886 17.5751 11.5067 15.1631 10.3756 10.2519 11.7825 11.9322
threshold=-2.8996003220412478 -2.8712440139818409 0.26025589624797435 0.33230128323152541 0.86891308072635454 0.94026772506820999 1.1296400249269674 0.037371309243365493 2.2401007594983091 0.0445978263443279 0.28992395043123026 238.65216133234995 0.019249295983400031 0.93714373007140284 -0.51787375073875896 7.3149118704782827 0.00404176536252008 2.7143127816606953 1.0000000180025095e-35 -0.16527546223075876 -0.1333807416772019 0.035694444444444452 0.027397260273722402 0.21432035471802691
decision_type=2 2 8 10 10 10 8 10 10 10 10 2 10 10 10 10 8 10 2 10 2 2 2 2
left_child=-1 -2 5 16 8 6 7 15 21 10 -8 14 -12 -7 -11 -3 20 18 19 -18 -4 -5 -23 -24
right_child=1 2 3 4 -6 13 9 -9 -10 11 12 -13 -14 -15 -16 -17 17 -19 -20 -21 -22 22 23 -25
leaf_value=-0.0036662758777154065 0.0041818469563296157 0.0076233429261212005 0.002384224300482774 0.0088764420987497688 -0.0020466457496479112 0.0093827872268727984 -0.00047106028741262319 0.013726302587483582 0.012002877909747044 0.0051503395655922461 0.0028772395082277279 0.0023188867330655272 0.010372060707692003 -0.00063503975108211003 -0.0034199144120046483 -0.0033242539375500698 -0.0053985183825997476 -0.003030618430294626 0.0075145399108739368 0.0055668338510637206 -0.005455622034256564 0.0083751710732604644 0.0052445744712764563 -0.0024800298396496314
leaf_weight=229.49095944315195 235.22318379580975 14.185679584741594 17.05642131716013 17.597483113408089 143.46400231868029 40.901975274085999 186.3251446634531 15.51438584178686 14.095639422535895 13.590497829020022 88.269281193614006 70.114932015538216 26.46900100260973 13.88473819196224 171.08864644169807 16.182004362344742 25.204583078622818 203.39967968314886 26.541761092841625 20.065536990761757 159.12069012224674 15.754523016512392 24.893498063087463 68.765899576246738
leaf_count=1895 1427 88 132 116 1095 249 1227 95 90 96 554 457 162 91 1197 100 184 1574 195 145 1248 107 172 474
internal_value=-2.75714e-05 0.000490323 -0.00013978 -0.00142446 0.000730233 0.00129873 0.000755132 0.00653711 0.00354519 0.000245254 0.00156969 -0.00131582 0.00482361 0.00692025 -0.00271538 0.00197392 -0.00278115 -0.00153611 0.00263764 -0.000475518 -0.00466518 0.00235676 0.0011011 -0.000322517
internal_weight=1857.2 1627.71 1392.49 735.96 284.571 656.526 601.74 45.8821 141.107 555.858 301.063 254.794 114.738 54.7867 184.679 30.3677 451.389 275.212 71.8119 45.2701 176.177 127.011 109.414 93.6594
internal_count=13170 11275 9848 5532 2054 4316 3976 283 959 3693 1943 1750 716 340 1293 188 3478 2098 524 329 1380 869 753 646
is_linear=0
shrinkage=0.01


Tree=73
num_leaves=25
num_cat=0
split_feature=46 122 113 119 84 262 126 310 107 320 307 221 186 29 29 159 162 151 217 217 108 232 154 108
split_gain=35.454 32.3325 24.0607 16.777 14.0832 14.5774 13.236 14.8081 19.2816 15.9415 14.6901 13.3148 11.8302 10.7937 13.7946 12.0156 11.542 14.0734 10.0133 10.769 9.58459 9.40557 14.6436 11.8685
threshold=1.0000000180025095e-35 0.26025589624797435 0.15854304387050178 0.73641916350403436 20.544132471151432 -0.99788036317089934 0.14723213509182495 -0.3333848404403163 0.25521975655414714 -0.16119779328021741 -0.014913179202029067 -0.62846355742083126 0.027650356778797149 0.25424932588597848 0.26870280015068082 0.14499807556610433 0.012708019317727401 0.024019230769230775 0.78389189189189201 0.7090230664857532 1.5806423988746217 1.8353839705547534 0.023083754611285697 0.56594127626327839
decision_type=2 8 8 8 2 8 10 2 8 2 2 2 8 2 2 8 10 10 2 2 10 2 10 10
left_child=1 4 20 6 5 -1 -4 9 -9 11 -10 -8 -6 -14 -15 -16 17 -17 19 -2 -3 -7 23 -23
right_child=18 2 3 -5 12 21 7 8 10 -11 -12 -13 13 14 15 16 -18 -19 -20 -21 -22 22 -24 -25
leaf_value=0.0096898776504551493 -0.0043023654067199796 -0.0034511266098624627 -0.0030638811830895219 -0.0011146965393384405 0.009645166998016784 0.0020009787215117571 0.0089407833910449229 -0.0026206542317123629 -0.00075581870786472442 0.012099374456333334 0.0093739260454528493 -0.0032058529019342173 -0.0021425248051764219 0.010645457053398371 0.0074564123843548482 0.0025580999083614437 0.0059271083546091905 -0.0096448157690731673 -0.0058938424761162981 0.0016275113433545511 0.0047780918010099632 -0.0028748027920144671 0.0047653024492200977 0.0020733123661020409
leaf_weight=17.105227619409561 64.403523460030556 297.12391917407513 32.41759230196476 283.29436440765858 33.528788775205612 380.3065804541111 12.813469581305982 56.812066905200481 22.6203817948699 32.148625008761883 33.64745094627142 18.735037215054035 29.213523596525192 24.721029177308083 24.562623396515846 15.919825121760367 14.49198395013809 17.177550695836544 106.0873708948493 53.791455522179604 12.347774572670458 163.32894336432219 42.616622790694237 65.840049058198929
leaf_count=94 531 2296 236 2162 201 2443 84 403 148 216 220 126 179 148 146 98 85 110 885 443 95 1114 272 429
internal_value=6.78012e-06 0.000522002 -0.000907101 0.000465523 0.00190439 0.00125479 0.00259651 0.00367218 0.00141857 0.00742642 0.00544392 0.00202914 0.00455211 0.00300727 0.0045872 0.00217343 -0.000799672 -0.00400884 -0.00369466 -0.00162042 -0.00307908 0.000990923 -0.000424835 -0.00144088
internal_weight=1855.06 1630.77 801.961 492.489 828.813 669.197 209.195 176.777 113.08 63.6971 56.2678 31.5485 159.615 126.087 96.873 72.152 47.5894 33.0974 224.282 118.195 309.472 652.092 271.786 229.169
internal_count=13164 11305 5986 3595 5319 4352 1433 1197 771 426 368 210 967 766 587 439 293 208 1859 974 2391 4258 1815 1543
is_linear=0
shrinkage=0.01


Tree=74
num_leaves=25
num_cat=0
split_feature=122 5 109 153 109 99 160 100 294 235 96 122 109 89 156 165 148 73 37 66 122 160 184 126
split_gain=34.1259 27.5447 21.951 23.3392 15.8419 22.9034 14.1084 13.9326 13.6021 16.2435 13.4261 13.327 18.9824 15.4008 12.8055 11.9718 11.87 15.0594 11.7176 11.597 16.0366 11.1175 10.7853 16.256
threshold=0.26025589624797435 -2.8983711643309662 1.9109651622609172 0.049443833272216117 1.2469916402469974 -0.39901451384848252 0.037565469890634758 0.68792775650935967 -0.091055974137161863 0.0018744158919549441 -0.59484349848585294 -1.1881589715858525 0.52180854258275178 2.0627501612373851 1.0000000180025095e-35 179.57035879629632 0.19489857200053387 240.8190512486519 0.59297883137596064 17.628273088560235 0.66995566521647709 0.10609152752009897 1.594496814718642 0.74489086410430161
decision_type=10 2 10 10 10 8 10 10 2 2 8 10 10 8 10 2 10 2 2 2 10 10 8 10
left_child=1 -1 8 16 5 11 -7 -8 9 -2 15 -3 13 -13 -10 -6 17 -4 -9 -16 -21 -19 -12 -24
right_child=2 4 3 -5 10 6 7 18 14 -11 22 12 -14 -15 19 -17 -18 21 -20 20 -22 -23 23 -25
leaf_value=-0.002721181039005211 -0.0017675775505255756 0.0089599572053858222 -0.0020676758832707991 -0.0036513287257891524 0.0031523438658794915 -0.0030516286997368906 0.0067013031746921562 -0.0026402113950256714 0.0037494108389764594 0.0068191750385398278 0.00064331933699249375 0.0024408118195849192 0.0042638061947750088 -0.0050992542685921495 -0.0054874404595759863 0.012293243367481966 0.008604671780272145 -0.0025833711272389348 0.0031235822470072638 -0.00026756655884711898 -0.0042482925659697492 0.0074253413563904677 0.0090111474727794585 -0.00292983150919839
leaf_weight=140.60667707026005 58.996290795505047 32.087929077446461 49.262690268456936 59.188282661139965 29.618191316723824 139.45331247150898 33.488057672977448 81.94984570145607 25.994454547762871 31.455461762845516 99.568038694560528 55.887172862887383 181.62260566651821 47.502904295921326 150.65629015862942 31.644190147519112 34.132367342710495 12.590675704181193 57.525310061872005 208.32482459396124 195.79808121919632 46.301855854690075 42.162767864763737 13.564020514488218
leaf_count=1149 451 186 367 465 179 991 217 554 193 237 620 345 1108 311 1192 188 227 93 399 1516 1544 322 259 87
internal_value=6.3485e-05 0.0013363 -0.00137408 0.00150224 0.00201864 0.00120347 -0.000713945 0.00118394 -0.00224163 0.00132442 0.00433742 0.00308529 0.0023385 -0.0010577 -0.0028025 0.00822521 0.00368247 0.00193954 -0.000240989 -0.00312884 -0.00221491 0.00524879 0.00267714 0.0060863
internal_weight=1859.38 986.681 872.701 201.476 846.074 629.517 312.417 172.963 671.225 90.4518 216.557 317.101 285.013 103.39 580.774 61.2624 142.288 108.155 139.475 554.779 404.123 58.8925 155.295 55.7268
internal_count=13200 6593 6607 1474 5444 4111 2161 1170 5133 688 1333 1950 1764 656 4445 367 1009 782 953 4252 3060 415 966 346
is_linear=0
shrinkage=0.01


Tree=75
num_leaves=25
num_cat=0
split_feature=271 5 26 153 109 119 159 178 30 262 114 112 117 189 118 119 114 166 310 117 77 42 83 273
split_gain=38.8103 21.2437 16.6299 16.5936 26.3429 22.5118 15.9101 15.6264 14.3053 13.8368 12.4446 12.3247 12.0575 12.0146 11.5837 11.3958 10.314 11.8949 10.3485 10.1882 14.9691 11.1608 10.31 10.1972
threshold=0.13142492154506916 -2.8943022876294049 354.50000000000006 0.01564247762863535 1.5195776906739467 0.094232411356755724 0.1901900637555636 0.9180229953710618 0.0077081212543719637 0.99770353471292206 1.0100161441976268 98.500000000000014 2.0267484641214861 -0.43063378040884076 18.500000000000004 0.58348533622662468 0.4783292139629774 179.50000000000003 -0.46777964396278787 0.7308591640319051 1.7925227542363047 162.50000000000003 1.3708314228368892 3.9906806732690154
decision_type=2 2 2 10 10 10 10 2 2 8 10 2 8 8 2 10 10 2 2 10 10 2 10 8
left_child=3 -2 13 4 5 6 19 14 -6 10 -7 -10 -5 -3 -4 -16 -9 -18 -19 20 22 23 -1 -21
right_child=1 2 7 12 8 9 -8 16 11 -11 -12 -13 -14 -15 15 -17 17 18 -20 21 -22 -23 -24 -25
leaf_value=-0.00063074771013022499 -0.0030260088016133579 -0.0033957760743647952 -0.0004036156556674702 -0.0039826727757392563 0.011489610116912496 -0.003541933671495997 0.0056918818246060252 -0.0033116342535700685 0.00063918621489878283 0.0067844929896586064 0.0052920713261407661 0.0066243990829790364 0.0018663104980177491 0.0024842339543150026 0.0085876241160323975 0.00012307243354548798 -0.0026500274542137097 0.0001286227687366034 0.0077211509825577864 0.0024407473690143252 -0.0038952448534166997 0.008114102486467125 0.005005992885181141 -0.0062589106415515006
leaf_weight=145.2184820920229 62.648023650050163 52.725195482373238 20.637375131249428 235.50836912542582 14.313605561852453 385.32588556408882 47.206726521253586 28.142565414309502 165.44078551977873 11.745066612958906 14.100753515958784 41.024522393941879 39.380413942039013 89.85052153468132 122.86661223322153 18.582446753978729 23.813910856842995 27.717014998197556 50.125114053487778 55.379155382514 119.40746776759624 23.398905530571938 38.707131654024124 14.682115688920019
leaf_count=999 494 352 128 1897 87 2964 311 176 1159 88 103 271 293 598 737 128 146 165 301 363 870 145 253 99
internal_value=-7.08176e-05 0.0023097 0.00309606 -0.000950601 -0.000385933 -0.00118251 0.000377343 0.00445273 0.00267086 -0.00286037 -0.00319239 0.00190703 -0.0031306 0.000278973 0.00650401 0.00750693 0.00179914 0.00327524 0.00512993 -0.000288365 -0.00118099 0.00254761 0.000608187 0.000430948
internal_weight=1847.95 497.109 434.461 1350.84 1075.95 855.172 444 291.885 220.779 411.172 399.427 206.465 274.889 142.576 162.086 141.449 129.799 101.656 77.8421 396.793 303.333 93.4602 183.926 70.0613
internal_count=13127 3225 2731 9902 7712 6195 3040 1781 1517 3155 3067 1430 2190 950 993 865 788 612 466 2729 2122 607 1252 462
is_linear=0
shrinkage=0.01


Tree=76
num_leaves=25
num_cat=0
split_feature=119 32 109 153 149 84 99 315 11 174 168 285 191 83 108 31 149 71 189 226 109 149 273 160
split_gain=34.0539 29.0567 17.2936 20.4568 17.0051 14.072 17.3435 21.8029 16.6953 16.217 15.2705 14.2584 13.4535 14.4367 13.3098 13.0104 12.415 11.6868 11.1537 11.0779 10.718 10.5745 10.5232 14.7289
threshold=0.44062539308307441 0.0014316399604838677 1.9109651622609172 0.01564247762863535 0.26401991614255771 20.772437843246983 -0.56509893967524949 -0.10203041346183468 0.56191740169546167 78.325416666666683 166.50000000000003 0.12336110696741252 -0.30602551378508086 1.8606611254800609 1.0111039690802206 0.0012618301552727786 0.20309506704980845 3.0201438163688885 -0.33385915499696944 0.031290796344647522 2.3487247349341756 0.14070148676031971 4.0009876589935987 0.037565469890634758
decision_type=8 2 10 8 8 2 8 2 8 10 2 2 10 8 8 2 10 10 8 2 10 10 10 10
left_child=1 5 4 -4 18 6 7 10 14 15 -1 16 -6 -14 -8 22 -11 -5 -2 -16 -19 -10 -7 -24
right_child=2 -3 3 17 12 9 8 -9 21 11 -12 -13 13 -15 19 -17 -18 20 -20 -21 -22 -23 23 -25
leaf_value=0.0062137388993784692 -0.0048430577562454911 -0.0034155780260339288 0.0056837832412327764 -0.0039179879761838442 -0.0045771326808582771 0.00049298018260928854 0.00022760350528593185 -0.0054016884322287692 -0.00071855992049688316 0.0099896398999230022 0.00065309546418757002 -0.00094575277759302817 -0.0018960376027118211 0.0098194150789333631 0.0020389558097379202 -0.00260155768508535 -0.00034446853490570161 -0.0015391853682971454 -0.0016074906381999599 0.01193810469939148 0.0069286665331301745 -0.0069361231533793446 0.00032391198400234333 0.013078968448202834
leaf_weight=135.94297036528587 242.68471848964691 128.13323400169611 56.457176320254803 74.433991558849812 17.255891941487789 46.075183756649494 410.43477618694305 23.887280002236366 64.307822696864605 70.557680077850819 78.470366559922695 19.345495626330376 15.681930780410765 24.276108376681805 34.910049349069595 49.616089954972267 13.369854621589182 34.077010706067085 197.54890697449446 15.321140959858893 22.547386422753334 46.304949827492237 16.133864976465702 18.745686046779156
leaf_count=815 1912 1071 383 595 136 283 2800 156 452 432 480 123 119 175 229 322 86 251 1540 96 159 347 102 117
internal_value=-7.24019e-06 0.00102712 -0.0017748 0.000800317 -0.00274656 0.00158144 0.0009488 0.00319768 0 0.00372974 0.00421847 0.00664038 0.00228368 0.00537727 0.000841132 0.00132767 0.00837436 -0.00137178 -0.00341303 0.0055547 0.00198555 -0.00343876 0.00375446 0.00767446
internal_weight=1856.52 1171.56 684.963 187.516 497.448 1043.42 809.579 238.301 571.279 233.844 214.413 103.273 57.2139 39.958 460.666 130.571 83.9275 131.058 440.234 50.2312 56.6244 110.613 80.9547 34.8796
internal_count=13181 7911 5270 1388 3882 6840 5375 1451 3924 1465 1295 641 430 294 3125 824 518 1005 3452 325 410 799 502 219
is_linear=0
shrinkage=0.01


Tree=77
num_leaves=25
num_cat=0
split_feature=271 152 22 32 310 158 113 140 240 245 75 307 177 71 38 121 58 200 123 97 152 162 260 283
split_gain=31.7581 15.9936 22.878 13.6689 12.3347 17.0794 12.0676 12.0062 14.8895 10.6512 11.5004 10.4476 14.5086 12.8614 14.2013 12.5536 10.4082 10.4033 10.0029 16.789 11.7068 12.379 9.60116 9.16576
threshold=0.10952046704805242 0.05410673697608874 0.08797565370076145 0.001215809514799617 -0.25766354029404759 0.32077558857906169 0.11172602422765016 0.070814896755162254 1.4833187423024494 -0.43696152861578508 0.21742776747800424 0.032893559060222712 7.4473413379996503 2.1964470663411553 0.34526075037669784 -0.96101732814587393 0.65459341397173143 -0.17496611521946884 2.0485708564122036 0.79218635947215932 0.0055402087170042984 0.010427540013917885 -0.28484394772332894 -0.0027720041032576327
decision_type=2 10 10 2 2 8 8 2 2 2 10 2 8 10 2 10 8 2 10 8 10 10 8 10
left_child=1 2 11 4 5 17 -3 8 9 10 22 12 13 -1 -15 -13 -7 -2 19 20 -19 -22 -4 -10
right_child=3 6 7 -5 -6 16 -8 -9 23 -11 -12 15 -14 14 -16 -17 -18 18 -20 -21 21 -23 -24 -25
leaf_value=-0.00399114951011243 -0.0010383393864987253 -0.0052355271499365417 0.0024048657360661719 -0.0024499910590373686 0.00023907916476659661 0.0027748565733611186 -0.0015023077111874581 -0.0058947905894067244 6.9746257122190177e-05 -0.00022038874782305889 -0.0024969997617974491 0.0097934253687723839 0.00073578267095209243 0.0077915997483083361 -0.0050314029560175359 -0.0033237737846370727 -0.0055351696990199499 0.0058392467736098153 -0.0010284952298271108 0.013433102651443174 -0.0011744284343012303 0.0053165829012603704 0.011226219361430805 0.010533565785697334
leaf_weight=251.83223662525415 38.849475234746933 128.07044891268015 27.661701247096062 75.8980867639184 262.9860101416707 23.755368277430534 270.26732325553894 14.52105639874935 11.424338653683661 125.63586337119341 15.560372255742548 14.223428890109064 132.50283050537109 18.315785437822345 11.997375488281248 10.655313134193419 32.518300697207451 168.25573233515024 30.260118924081326 19.223802506923676 65.876425385475159 48.791317015886307 23.504547126591206 31.074434854090214
leaf_count=1862 237 1048 178 626 1734 154 2109 108 82 878 114 102 976 126 85 83 225 1011 216 119 427 304 152 212
internal_value=-4.77702e-05 -0.0011461 -0.000219222 0.0015075 0.0019522 0.0029951 -0.00273367 0.00218356 0.00275175 0.00150529 0.00464532 -0.00159008 -0.00197768 -0.00325016 0.00268977 0.0043741 -0.00204531 0.00377154 0.00434073 0.00488635 0.00417433 0.00164066 0.0068532 0.0079236
internal_weight=1853.66 1087.25 688.909 766.415 690.517 427.531 398.338 249.382 234.861 192.362 66.7266 439.527 414.648 282.145 30.3132 24.8787 56.2737 371.257 332.407 302.147 282.923 114.668 51.1662 42.4988
internal_count=13168 8115 4958 5053 4427 2693 3157 1724 1616 1322 444 3234 3049 2073 211 185 379 2314 2077 1861 1742 731 330 294
is_linear=0
shrinkage=0.01


Tree=78
num_leaves=25
num_cat=0
split_feature=119 107 113 150 308 163 49 174 11 210 116 275 118 178 11 33 66 185 103 308 74 185 237 308
split_gain=27.9776 20.0248 19.4325 17.3457 14.3254 13.4173 18.2245 12.8014 11.8486 11.181 16.8916 12.146 11.0944 11.4813 10.6483 12.4592 10.534 10.5066 9.99063 9.23444 11.8047 9.11156 9.7882 9.02584
threshold=0.4649171857249334 0.25521975655414714 0.26477367783031797 0.048826334128002941 0.00096434995150460154 0.0015860438205921568 2.5000000000000004 56.462638888888897 0.56909690420323833 0.073968855218855226 -0.17675412043946079 0.099037660775269501 16.500000000000004 0.92231800766283534 0.41228268097248599 0.049433930020933915 -6.2270085816195815 0.83313725490196089 1.8293905348746662 0.0011362763982524467 158.50000000000003 0.84791304347826102 -0.18323390844946544 0.0024451945961402413
decision_type=10 10 8 10 2 10 2 10 8 2 10 2 2 2 10 2 2 10 8 2 2 10 2 2
left_child=1 3 21 9 17 -5 23 -8 -3 -1 11 12 -11 19 15 -9 -12 -4 -6 20 -14 22 -2 -7
right_child=2 8 4 5 18 6 7 14 -10 10 16 -13 13 -15 -16 -17 -18 -19 -20 -21 -22 -23 -24 -25
leaf_value=7.4000343191518576e-05 -0.0047360574828723854 0.0050367369965344713 -0.00013985044316522016 -0.0021278804467286788 0.0075587201201922386 -0.0034554959840770783 -0.0014067885557425225 0.01289918373519526 -0.0036469531817108218 -0.0047692184632825195 0.0133426134332664 0.0050783898722521073 0.0016240631866340999 -0.0016927526743905558 -0.00014310150673834922 0.0017308041950045813 0.0036266885718745736 -0.0048161038460979187 0.00040385359241144978 -0.00021142265362889749 0.012366131989860436 -0.0067272937630475328 -0.00050925247956046672 0.0035772051310443281
leaf_weight=257.2182846441865 105.11520966142416 141.57475555688143 202.9708484262228 341.49558935314417 32.346265278756618 72.759289868175983 24.999316029250622 28.796252548694611 15.450159929692743 32.499764896929264 20.008028507232666 72.526170939207077 21.67118426412344 57.160991527140141 15.892161861062048 16.375236228108406 28.560620673000813 60.38016390055418 45.308953620493412 27.559503003954887 18.905275695025921 71.112596742808819 114.02147109806538 21.402527391910553
leaf_count=1700 847 902 1502 2506 227 497 165 185 108 222 122 471 143 375 112 104 186 464 342 176 117 589 905 147
internal_value=-5.96475e-05 0.000826868 -0.00176341 0.000326394 -0.000136217 -0.000967891 0.00122349 0.00448228 0.00412639 0.00158628 0.00296264 0.00177519 0.00018774 0.00155859 0.00686443 0.00921347 0.00816491 -0.00125575 0.00355823 0.00425904 0.00713384 -0.00365185 -0.00257597 -0.00178864
internal_weight=1846.11 1214.86 631.256 1057.83 341.006 521.72 180.225 86.063 157.025 536.11 278.892 230.323 157.797 125.297 61.0637 45.1715 48.5686 263.351 77.6552 68.136 40.5765 290.249 219.137 94.1618
internal_count=13114 8238 4876 7228 2535 3716 1210 566 1010 3512 1812 1504 1033 811 401 289 308 1966 569 436 260 2341 1752 644
is_linear=0
shrinkage=0.01


Tree=79
num_leaves=25
num_cat=0
split_feature=271 153 109 32 151 149 70 122 129 290 11 2 70 4 135 254 270 168 146 240 71 29 184 71
split_gain=33.6835 19.4841 22.5659 14.3818 12.9233 12.695 13.2137 18.276 14.548 15.9728 12.3284 14.9841 16.4304 12.2558 12.2049 13.9357 12.2687 11.7857 10.9089 10.9079 10.754 13.1818 13.584 18.9346
threshold=0.10952046704805242 0.011439476553980372 1.6620855197605064 0.0013306725784060971 0.12423023159167329 0.091010101010101027 0.65395233613266168 0.64143503934520274 1.0352839720454696 0.13996758449383165 0.63725441079349976 0.66621357149836669 0.51657186066460781 -207.30114948078148 0.28442434344623918 43.500000000000007 0.068789568789568808 166.50000000000003 0.2553366749623191 -0.15710242477587402 1.9662326046784224 0.25313341561938962 1.2213255107871042 1.2853999729445178
decision_type=2 10 10 2 10 8 10 8 10 2 10 8 10 2 2 2 2 2 10 2 10 2 8 8
left_child=1 2 10 5 -4 14 -7 8 -8 -10 11 12 -1 -14 15 -2 -16 -17 -12 -18 21 22 23 -13
right_child=3 -3 4 -5 -6 6 7 -9 9 -11 18 20 13 -15 16 17 19 -19 -20 -21 -22 -23 -24 -25
leaf_value=0.00020425006112461164 0.00011681289698092044 -0.0032559376575436133 0.0058128842844224092 -0.0025195778840497274 -0.0039164355484794886 -0.0011164571320663225 -0.0039074812970354899 -0.0012587349241518617 0.0070339003690192831 1.6668502348634516e-05 -0.005888297461004003 -0.0022926336036400013 0.00015516207725623223 0.012344238054829756 0.0078635645979051871 0.011969979947765438 -0.0025083531674094375 0.003388016987985386 0.0033142900669306443 0.0031651607422674265 0.00098882583094208297 -0.0032914662644866867 -0.0028522403057213534 0.0096779346665080875
leaf_weight=74.550795182585716 25.204301469027996 289.29379250109196 80.428877256810665 71.101444356143475 14.129348799586294 167.72540209442377 17.579914674162865 88.42849338799715 119.20227153599262 44.592525377869606 71.719969555735588 21.53926894068718 12.618771232664583 22.380201563239098 27.369878619909286 43.354025587439537 55.942140638828278 29.672204852104187 13.492448829114435 77.194218404591084 165.94971235841513 247.73176778107882 43.935041584074497 27.643893890082836
leaf_count=524 161 2330 532 589 108 1149 110 633 732 283 551 162 82 146 161 246 343 166 92 476 1181 1868 330 199
internal_value=8.54482e-05 -0.0010467 -0.000233917 0.00168609 0.00427689 0.00212551 0.00107206 0.00243373 0.00423111 0.0051624 -0.000858124 -0.000354597 0.00295004 0.00831775 0.00387206 0.00661314 0.0021025 0.00875365 -0.00435979 0.000771196 -0.00108337 -0.00209504 0.00108063 0.00457718
internal_weight=1852.78 1085.41 796.12 767.367 94.5582 696.265 437.529 269.803 181.375 163.795 701.562 616.349 109.55 34.999 258.737 98.2305 160.506 73.0262 85.2124 133.136 506.8 340.85 93.1182 49.1832
internal_count=13154 8105 5775 5049 640 4460 2907 1758 1125 1015 5135 4492 752 228 1553 573 980 412 643 819 3740 2559 691 361
is_linear=0
shrinkage=0.01


Tree=80
num_leaves=25
num_cat=0
split_feature=271 5 262 151 22 73 122 83 5 149 108 75 147 116 122 121 201 145 115 270 40 71 293 40
split_gain=34.0784 17.1405 17.9362 15.4253 23.545 15.8798 13.7812 11.6974 11.3822 10.9185 9.66257 13.3348 9.50913 17.7466 10.2836 9.53299 12.6663 9.38253 14.7417 9.41871 10.9423 14.5913 13.9232 10.9138
threshold=0.10952046704805242 -2.8943022876294049 -0.99788036317089934 0.087447625420191508 0.08797565370076145 345.1687231325123 0.34383801801962993 1.9285539770622371 -2.8712440139818409 0.11512051460900567 1.3507260831866736 0.7949214955853845 0.20145202519303243 0.33230128323152541 0.62680524993752162 -0.94314901311369426 0.73360215053763456 0.037672672988372832 -0.51655126540875618 0.06838085930014183 0.0081348080922669704 1.3262485377872284 -0.0094202087088070523 0.0059009486287911585
decision_type=2 2 8 10 8 2 10 10 2 10 10 10 10 10 8 10 2 10 8 2 2 10 2 2
left_child=3 -2 -3 4 9 6 -6 -7 -4 -1 -5 -12 13 15 -15 16 -10 -14 19 -19 21 -21 -22 -23
right_child=1 2 8 10 5 7 -8 -9 12 -11 11 -13 17 14 -16 -17 -18 18 -20 20 22 23 -24 -25
leaf_value=8.4800790171399586e-06 -0.0023342487224810075 0.012141446063222417 0.0045902726157341853 -0.0037509948448783111 0.0026475552108463601 -0.00022202028011194096 -0.002081720547207636 0.0086669420013334823 0.0036176411121571551 -0.0032224307605273153 0.0071530107708639122 -0.0022565415061658301 -0.0025966176539392255 0.0070930841355343411 0.00064030875455750667 -0.0046158296302139861 -0.0032216866979665878 0.0065061864144209738 0.011363744132784959 -0.0035276284469000175 -0.002490766056967244 0.0055250610256541918 0.0089614574019286162 -0.003712486881324742
leaf_weight=177.45595926046371 96.381588883697987 14.691646851599215 120.69756832718849 277.16696427762508 133.24683803319931 20.857524544000626 109.71359068900347 45.323008388280869 48.673723317682743 249.70139133185148 18.166027843952179 50.321456059813499 28.672958739101887 38.379878312349319 64.189356461167336 74.89509954303503 54.240935780107975 42.172377862036228 17.906389065086842 63.314817287027836 13.906327188014982 45.938543096184731 30.391930535435677 14.955647565424441
leaf_count=1245 772 79 683 2225 900 142 833 301 305 1913 131 401 192 234 453 545 351 256 115 413 90 286 192 95
internal_value=-4.95417e-05 0.00155552 0.00212152 -0.00119296 -0.000369482 0.00172174 0.000508469 0.005957 0.00184518 -0.00188666 -0.0029269 0.000410597 0.00120617 -6.72019e-05 0.0031905 -0.00197261 1.3721e-05 0.00258344 0.00326147 0.00242608 0.00130813 -0.000235594 0.00541143 0.00317612
internal_weight=1851.36 769.409 673.027 1081.95 736.298 309.141 242.96 66.1805 658.336 427.157 345.654 68.4875 537.638 280.379 102.569 177.81 102.915 257.259 228.586 210.68 168.507 124.209 44.2983 60.8942
internal_count=13152 5061 4289 8091 5334 2176 1733 443 4210 3158 2757 532 3527 1888 687 1201 656 1639 1447 1332 1076 794 282 381
is_linear=0
shrinkage=0.01


Tree=81
num_leaves=25
num_cat=0
split_feature=32 119 84 3 286 115 155 116 109 149 65 156 154 37 138 109 131 114 109 21 115 120 118 118
split_gain=41.6103 34.5001 18.8327 21.9159 17.3523 15.1774 20.5317 14.674 13.4207 14.5991 13.1791 12.8491 12.7034 14.392 12.0638 11.5398 17.5573 11.4077 11.1026 19.609 11.1773 10.5339 10.4826 11.049
threshold=0.0014316399604838677 0.54161073278635652 21.274555318963596 2.5471693845014545 2.7846153821230013 -0.50901632190577906 0.014002352787399518 0.38956065798126122 1.2403456650053799 0.087889098349349409 2.9433160642480884 0.16236637881842739 0.009032744975386876 0.35902281680834669 0.11727599592719869 0.61938166623428181 1.1600207102687075 0.5530179768261162 1.5063613918332945 0.49940567425323357 -0.49478314657272676 0.64445921419707741 74.500000000000014 49.500000000000007
decision_type=2 8 2 2 2 8 10 10 10 10 10 10 10 2 2 10 8 8 8 10 10 10 2 2
left_child=1 2 3 8 5 6 -4 18 9 15 -8 17 13 -5 -6 16 21 -11 -3 20 -20 -1 23 -14
right_child=-2 7 4 12 14 -7 10 -9 -10 11 -12 -13 22 -15 -16 -17 -18 -19 19 -21 -22 -23 -24 -25
leaf_value=0.012804250129053044 -0.0044288536998729009 -0.0050563399383025944 -0.0016467910277457628 0.0047342151294374243 0.0052829222698163028 0.011871282275302771 0.0087452117294232103 0.00045281390555280705 0.0060322203831312451 -0.0025151480484584122 0.0022600638604977179 -0.0039567783554952229 0.00086215251720042239 -0.0032308143909904842 -0.0037557551008671961 0.0054559847378102969 -0.00057056151235633707 0.0039796834630757526 0.00055478287865003638 -0.0044105311238022112 0.010306393860533111 0.0014573628769914322 -0.0055623303168304454 0.0083714253885870758
leaf_weight=15.119514048099516 183.56167878955603 135.09845253825188 45.997605003416538 22.719455011188984 19.197386428713799 27.519259847700596 73.51420371979475 216.2755241394043 73.206942543387413 42.107153050601482 58.421516597270966 71.126027382910252 88.62179408967495 214.25115276128054 41.930995807051659 105.90633256733418 124.00313073396683 65.475819379091263 76.810821287333965 92.297928504645824 11.181915380060671 16.964258320629597 15.59393399953842 22.77371134608984
leaf_count=84 1557 1101 301 155 120 169 441 1598 459 309 376 500 599 1529 276 644 787 454 578 746 81 98 103 147
internal_value=5.30619e-05 0.000551168 0.00152841 0.000814179 0.00384327 0.0052195 0.00401478 -0.00154747 0.00213968 0.0014563 0.00598922 -0.000737219 -0.00105674 -0.00241593 -0.000792825 0.00294821 0.0011732 0.0014292 -0.00291411 -0.00124982 0.00208866 0.00744002 0.00146918 0.00257617
internal_weight=1859.68 1676.11 1144.45 877.869 266.581 205.453 177.933 531.665 513.909 440.702 131.936 178.709 363.96 236.971 61.1284 261.993 156.087 107.583 315.389 180.291 87.9927 32.0838 126.989 111.396
internal_count=13212 11655 7551 5868 1683 1287 1118 4104 3335 2876 817 1263 2533 1684 396 1613 969 763 2506 1405 659 182 849 746
is_linear=0
shrinkage=0.01


Tree=82
num_leaves=25
num_cat=0
split_feature=122 5 117 141 109 75 215 27 233 146 128 281 200 213 160 72 302 229 178 205 114 70 246 99
split_gain=27.7581 23.4594 19.1294 25.742 17.7027 20.8211 19.481 16.6004 12.8284 11.898 14.366 11.6147 11.7168 11.5709 11.3683 11.4373 11.2645 12.4474 11.0443 11.8019 11.1285 11.9527 10.7581 10.6331
threshold=0.26025589624797435 -2.8983711643309662 1.1899112984831832 0.013797430017738936 1.1685457581177501 -0.51264193702449345 -0.50032012476553922 0.71554265441057907 0.68157814280552553 0.16677973767526008 -0.33197593309580903 3.6888586945937991 1.3887910708633067 -0.37904380120578157 0.037565469890634758 -49.276675353497318 0.020233685596037963 -0.16532924637099905 0.9180229953710618 -0.17079276438423691 0.52080938866444493 0.52585140149499954 0.68156009939327067 1.2577492900503946
decision_type=8 2 10 2 10 10 2 2 2 10 10 2 2 2 10 2 2 2 2 2 10 10 10 10
left_child=1 -1 13 -4 5 9 8 11 -6 -3 -11 12 -8 -2 15 -7 22 -18 19 -12 -20 -22 -16 -5
right_child=2 4 3 23 6 14 7 -9 -10 10 18 -13 -14 -15 16 -17 17 -19 20 -21 21 -23 -24 -25
leaf_value=-0.0025085282922001845 -0.0044988818891542283 0.0088606481897481933 0.0089894622210590618 9.9944503250025857e-05 0.0014178024399476759 -0.0032904232478585052 0.0018386938476178851 -0.0017459387899231343 0.0090829954607642392 -0.0052994832518724879 0.0066485343136058455 0.00088596212347481957 0.014066053122608809 -0.0012317156206402499 0.0032127916717500492 0.00545823629868531 0.0011911102964654416 0.012963644910373376 -0.0039309401273063304 -0.0014263056083617547 0.0099396735143800173 -0.00094372573463819942 -0.002665021193564464 -0.005648431207573381
leaf_weight=138.72482068836689 190.87659705430269 29.47359861433506 28.684814415872097 380.3227689191699 31.275599792599678 156.29253463447094 14.722330287098883 73.29144573956728 83.340739198029041 19.979585364460945 88.760064542293549 35.91349470615387 17.403946131467819 255.76689797639847 49.479802079498768 13.849296167492865 24.122668065130711 12.346622705459593 33.839339315891266 21.204348936676979 14.55631762742996 22.635513424873352 74.016422726213932 32.27569318562746
leaf_count=1146 1527 170 189 2793 186 1080 90 470 497 124 524 220 102 2001 328 97 162 82 211 134 87 128 505 256
internal_value=7.27814e-05 0.00125468 -0.00119751 0.000277713 0.00190176 0.00089553 0.00406761 0.00152231 0.00708485 0.00318391 0.00223456 0.00498597 0.00909612 -0.00264982 -0.000712492 -0.00249452 0.00118715 0.00585112 0.00314075 0.00508581 3.61298e-05 0.00369365 -0.000282743 -0.000382837
internal_weight=1843.16 955.228 887.927 441.283 816.504 560.556 255.948 141.331 114.616 230.449 200.975 68.0398 32.1263 446.643 330.107 170.142 159.966 36.4693 180.996 109.964 71.0312 37.1918 123.496 412.598
internal_count=13109 6343 6766 3238 5197 3632 1565 882 683 1378 1208 412 192 3528 2254 1177 1077 244 1084 658 426 215 833 3049
is_linear=0
shrinkage=0.01


Tree=83
num_leaves=25
num_cat=0
split_feature=5 5 123 105 153 71 123 113 140 225 71 14 113 65 105 262 194 177 76 106 100 116 148 233
split_gain=32.2749 33.5258 23.1237 19.4166 19.8748 13.362 18.6095 13.3405 11.5659 10.823 10.8211 15.5627 13.0761 11.8379 10.7084 12.5584 10.3759 9.28684 13.4418 13.7786 9.36033 9.15195 13.4761 14.5751
threshold=-2.8996003220412478 -2.8773415074710829 1.3645665125854325 0.95325439068398365 0.049443833272216117 1.0514148896824613 0.41154969861054841 0.28349862509762486 0.053586384302464714 0.89940620498225654 1.8389733079629436 0.10191161680173029 -0.059652584041731058 1.7724577435031594 0.0089318772349944505 -0.84811106817878212 0.018265221017514599 7.1721228609123733 1.0709263755307594 0.58053746566444986 1.2317808090566209 -0.16900300018275616 0.20783723127805342 0.66317616959064341
decision_type=2 2 8 10 8 10 10 8 2 2 8 2 8 8 10 8 10 8 10 8 10 10 10 2
left_child=-1 -2 5 10 7 6 14 8 -5 21 13 12 -12 -4 15 -3 -9 18 19 -13 -19 22 23 -7
right_child=1 2 3 4 -6 9 -8 16 -10 -11 11 17 -14 -15 -16 -17 -18 20 -20 -21 -22 -23 -24 -25
leaf_value=-0.003468490997957401 0.0040815614415310739 0.0049920159121287647 0.0032759398204349698 0.004166681858328628 -0.0043828551917023386 -0.0046842110236705028 -0.0036845353106479501 0.00058783209178652613 -0.0033323921911432249 -0.0043448552017463244 -0.0024045346860556752 -0.0020888533551497979 0.0082334931485695279 -0.0054497731704854103 0.0045224008468621032 -0.004179318575232684 0.0059718773133558105 -0.004605004759029337 -0.0049320901629061166 0.0105083849619568 0.0039232853285975809 0.003759881789355757 -0.0028628100217588919 0.0044914187423740126
leaf_weight=225.0971552208066 227.79095513373613 19.672046467661858 15.22103491425514 26.838063143193722 60.138868108391762 18.649238646030426 107.71175094693899 62.224964842200279 64.335613891482353 21.043182261288166 17.660068616271019 13.93480232357979 25.289277538657188 155.51089915633202 68.232307404279709 41.622880175709724 85.176107786595821 129.8100848570466 19.566026762127876 16.80081919580698 11.970192000269888 264.2991541326046 61.983098775148392 91.796076580882072
leaf_count=1897 1364 112 118 190 477 121 772 448 491 149 133 105 177 1247 426 269 582 991 152 122 95 1706 429 594
internal_value=5.55498e-05 0.000548836 -3.25596e-05 -0.0013074 0.000622264 0.00125826 -0.000659562 0.00192484 -0.00105501 0.0022523 -0.0027249 -0.00130151 0.00395943 -0.00462516 0.00187339 -0.00112938 0.00375983 -0.00252359 0.00110695 0.00507345 -0.00381508 0.0025985 0.000780469 0.00285455
internal_weight=1852.37 1627.28 1399.49 704.477 298.714 695.01 237.239 238.575 91.1737 457.771 405.763 235.031 42.9493 170.732 129.527 61.2949 147.401 192.082 50.3016 30.7356 141.78 436.728 172.428 110.445
internal_count=13167 11270 9906 5328 2188 4578 1579 1711 681 2999 3140 1775 310 1365 807 381 1030 1465 379 227 1086 2850 1144 715
is_linear=0
shrinkage=0.01


Tree=84
num_leaves=25
num_cat=0
split_feature=119 46 114 120 7 115 71 116 232 268 319 27 323 307 297 153 217 206 22 298 89 22 223 311
split_gain=26.8482 21.6598 16.045 21.957 15.5441 15.5082 13.7493 13.5615 13.3082 11.6988 10.7764 11.1546 10.6585 10.8281 10.4634 10.1916 10.6509 10.0856 10.1427 9.54122 9.15412 12.6115 8.82582 8.77532
threshold=0.44062539308307441 1.0000000180025095e-35 0.72620955713536361 0.80910960197290394 -1.1311974007526946 -0.42324187454810774 3.0537523790089782 -0.034241208251216293 1.1650276956556975 0.59579161138273851 -0.16169878183831668 0.59641075164976665 420.50000000000006 -0.023553842211347497 -0.0091760930342087484 0.011257075272450791 0.78966437833714731 60.500000000000007 -0.58945696066114517 0.0068032412597155969 3.6088952132033376 0.60117567594106958 -0.72324162666365932 -0.65748347644502148
decision_type=8 2 8 10 2 10 8 10 2 2 2 2 2 2 2 8 2 2 10 2 8 10 2 2
left_child=1 2 3 4 8 6 15 -6 9 -1 -7 -12 -4 -14 -13 16 -2 19 -19 -10 -16 -22 -20 -3
right_child=5 23 12 -5 7 10 -8 -9 17 -11 11 14 13 -15 20 -17 -18 18 22 -21 21 -23 -24 -25
leaf_value=0.0092085870935648979 -9.2393698611875998e-05 0.0013819417448124318 0.0016283986636281289 -0.0021530464798460657 -0.0029419188817015208 -0.0036829673292338113 0.0012203741767656024 0.0024408631031271827 -0.0036580979939942588 0.00055305119831995382 0.0097559508030040029 -0.0013690341934599968 -0.0013790153514465623 0.00601243248642154 0.0090312636157330178 -0.0049831224349111743 -0.0044790690551546816 -0.00039270822396945379 0.01135824495517037 0.0043587434749572072 -0.0056859982427486921 0.0056011591379106227 0.0020182150423287202 -0.0040157371858106465
leaf_weight=55.084919914603233 142.74222735315561 38.837456651031971 255.73521482944489 218.68046563118696 94.830164462327957 37.917661882936954 80.295364536345005 86.98851104080677 45.261459037661552 22.247434481978416 14.203671544790266 73.294639699161053 21.820395551621914 134.1398264169693 21.047249503433704 186.36801628023386 88.199100606143475 28.724652200937271 20.95133250951767 18.685980379581451 14.280183047056196 20.644552774727345 20.736674308776855 112.2689833343029
leaf_count=330 1093 324 1625 1537 651 288 582 568 288 133 99 547 136 835 154 1538 699 177 124 117 112 152 129 943
internal_value=-3.61836e-05 0.000877508 0.00140077 0.00036837 0.0017775 -0.00161587 -0.002525 -0.000363201 0.00360128 0.00683893 0.000873156 0.00213232 0.00292047 0.00496576 0.00109524 -0.00325144 -0.0018061 0.00162745 0.00416939 -0.00121464 0.00424963 0.000878719 0.00716007 -0.00262196
internal_weight=1853.99 1174.99 1023.89 612.192 393.511 678.993 497.605 181.819 211.692 77.3324 181.388 143.47 411.695 155.96 129.267 417.309 230.941 134.36 70.4127 63.9474 55.972 34.9247 41.688 151.106
internal_count=13181 7917 6650 4054 2517 5264 3912 1219 1298 463 1352 1064 2596 971 965 3330 1792 835 430 405 418 264 253 1267
is_linear=0
shrinkage=0.01


Tree=85
num_leaves=25
num_cat=0
split_feature=271 147 105 180 5 5 11 79 111 160 75 105 108 75 64 108 147 117 122 126 76 292 162 218
split_gain=31.6564 16.9694 18.7665 15.6515 14.2017 16.4351 13.152 12.0968 11.3738 10.9706 14.148 10.9544 10.6326 14.7231 12.5801 10.0977 14.5657 13.5112 18.0489 12.9985 9.85609 9.63127 13.8534 12.0487
threshold=0.10952046704805242 0.14913119318372417 0.94659944463895329 2.4139097744360907 -2.8983711643309662 -2.8712440139818409 0.63725441079349976 78.994012944170336 0.83830259581131028 0.055132584529874948 0.061655259194703202 0.11870115971132202 1.0703481779642676 0.7949214955853845 0.70070998067849144 1.5228774678473063 0.1913311862587225 1.3249456158009048 0.62680524993752162 0.51344162264387638 0.69976979116964266 0.0021175511861327889 0.0030698406415802025 0.061272622256449756
decision_type=2 8 10 2 2 2 10 2 8 10 10 10 8 10 10 10 8 10 8 10 10 2 8 2
left_child=1 12 6 -4 -2 -6 7 11 -7 -9 -11 -3 14 -14 -1 16 17 19 -19 -10 -12 22 23 -18
right_child=4 2 3 -5 5 8 -8 9 15 10 20 -13 13 -15 -16 -17 21 18 -20 -21 -22 -23 -24 -25
leaf_value=0.0032108170604989873 -0.0021144321923084867 0.00074593353504996283 -0.00064116863838935875 0.008703592747166736 0.0050997964334481925 0.0092759893818245495 -0.0044638104316169361 -0.0022667404615662446 0.00013479070633547544 0.0041965380928019724 0.0067331148979433318 0.0102224149366921 0.0028722223224347671 -0.0030083119512937535 -0.0046077008135648519 0.0070238209417529665 0.0011037551386648076 0.0066624253553817627 -0.0021862476756724127 -0.0059439322516652848 -0.0016488003384255859 0.0041438262272979216 0.0042092818014384326 -0.0059800105602705713
leaf_weight=20.392925433814526 91.886608920991421 32.679236866533756 30.536791637539864 38.722990781068802 135.95863856375217 14.232224613428114 77.306762471795082 212.74210904538631 64.163835145533085 79.856612414121628 12.631965242326258 17.36857383698225 66.792602844536304 106.73727802187204 235.26869752258062 23.322149679064751 54.339610479772091 38.730083093047142 49.24299605935812 73.861248217523098 148.17443670332432 128.23576627671719 56.580773286521435 38.938482955098152
leaf_count=151 756 239 212 244 760 88 590 1556 418 524 86 119 498 860 1904 159 354 235 349 521 1111 814 345 257
internal_value=-2.40047e-05 -0.00112835 -0.000105313 0.00470651 0.00152198 0.00202335 -0.000701003 -9.94148e-05 0.0012267 -0.000625615 0.000830482 0.00442614 -0.00266455 -0.000729329 -0.00395172 0.000959065 0.000638699 -0.00123569 0.00178479 -0.0031652 -0.000878756 0.00216264 0.000415162 -0.00193215
internal_weight=1848.7 1079.21 650.019 69.2598 769.492 677.606 580.76 503.453 541.647 453.405 240.663 50.0478 429.192 173.53 255.662 527.415 504.093 225.998 87.9731 138.025 160.806 278.095 149.859 93.2781
internal_count=13150 8094 4681 456 5056 4300 4225 3635 3540 3277 1721 358 3413 1358 2055 3452 3293 1523 584 939 1197 1770 956 611
is_linear=0
shrinkage=0.01


Tree=86
num_leaves=25
num_cat=0
split_feature=271 100 109 57 107 85 110 20 262 97 193 234 131 58 323 39 219 271 244 127 145 14 94 204
split_gain=26.7939 18.3584 16.9643 21.4983 12.0091 12.5928 13.0013 11.9605 13.5432 13.5305 13.135 11.8939 14.147 12.1222 16.8792 11.8692 12.0942 11.257 11.1972 11.0805 10.8063 10.3807 10.093 9.82565
threshold=0.10952046704805242 1.0477679750985656 1.5195776906739467 0.24980177907607112 -0.053508391912753354 32.766528436763231 1.5000000000000002 0.87176692953302937 0.17029384915020102 0.39540674873024384 0.79698822463768126 0.069006568144499195 1.7698518404065082 0.6600694267488123 91.500000000000014 0.080978787705993052 0.0076482115176508443 0.190819817369449 0.011805555555555557 -0.098056033739281026 0.14751149899752333 -0.37021770406063181 0.51828986387657872 0.22255689424364125
decision_type=2 10 10 10 10 2 2 10 10 8 8 2 8 8 2 2 2 2 2 10 10 2 10 2
left_child=1 2 7 4 -4 -6 -7 8 9 11 19 13 -13 14 -1 16 20 23 -14 -11 21 -2 -20 -17
right_child=15 -3 3 -5 5 6 -8 -9 -10 10 -12 12 18 -15 -16 17 -18 -19 22 -21 -22 -23 -24 -25
leaf_value=0.0096351682782645411 -0.0056988685856528814 -0.0029034119819792608 0.00029587895710514651 -0.0016291876535476516 0.00024339142488290493 0.013400200420201075 0.0017501553988291049 0.0077839850793945866 -0.0039945183922641446 0.0018656142177695648 -0.0010348319485683761 0.01069224967539955 -0.0053521341875037874 -0.0033195428757437145 -0.00079603994375989859 -0.004273964278669635 0.0058764123257011112 0.0033158314777958064 -0.0017710915456251913 0.014124397751260929 0.0048973350560297035 0.0012498554095736357 0.0093357935122617558 0.00021180163249148466
leaf_weight=15.158559292554854 21.642702475190163 343.04270610958338 29.749975450336933 65.980205178260803 16.549461305141449 35.530642926692963 14.308983027935026 12.548400633037089 126.50774304568768 15.307983517646791 25.168963350355625 14.410448685288427 19.173042878508568 192.99197175353765 109.3975760191679 56.785973735153675 90.460299856960773 91.654451832175255 14.417088486254217 13.966370172798632 71.484619840979576 173.04721746593714 13.735179662704466 266.56009203195572
leaf_count=103 141 2723 215 506 111 229 92 95 983 109 190 103 144 1418 763 392 572 568 109 96 434 1137 103 1815
internal_value=1.32459e-05 -0.00100353 -0.000107552 0.00271858 0.00567378 0.00795808 0.0103494 -0.000918675 -0.00115368 -0.000302162 0.0042291 -0.000981836 0.00293921 -0.00176659 0.000652035 0.00143341 0.00276399 0.000276535 8.65535e-05 0.00847754 0.00165159 0.000401445 0.00397421 -0.000603248
internal_weight=1849.58 1077.95 734.903 162.119 96.1391 66.3891 49.8396 572.783 560.235 433.727 54.4433 379.284 61.7358 317.548 124.556 771.635 356.635 415.001 47.3253 29.2744 266.175 194.69 28.1523 323.346
internal_count=13151 8092 5369 1153 647 432 321 4216 4121 3138 395 2743 459 2284 866 5059 2284 2775 356 205 1712 1278 212 2207
is_linear=0
shrinkage=0.01


Tree=87
num_leaves=25
num_cat=0
split_feature=271 147 22 118 141 71 240 245 38 284 161 123 71 235 263 262 147 38 297 273 255 196 117 2
split_gain=28.1676 15.3993 24.7452 12.1366 12.0652 14.768 10.9096 12.5303 12.1289 11.2745 10.8333 10.7792 16.2399 13.3668 12.3621 11.1691 10.9153 10.3715 10.2948 11.5207 10.2613 9.65715 9.62051 9.99486
threshold=0.10952046704805242 0.15051153565090306 0.08797565370076145 8.5000000000000018 0.0036133724156390159 2.1964470663411553 1.5110344674075751 -0.43696152861578508 0.56979237123122028 0.012057916830644113 0.040560125342734045 0.53686365325266827 1.8620673714001119 0.010999092650468801 -0.45697949065772575 -0.99788036317089934 0.24004662004662006 0.32526742483954513 0.017448536155455562 3.5949115060152277 82.500000000000014 0.21676706827309242 0.64492810916648524 0.66874926352175745
decision_type=2 8 10 2 2 10 2 2 2 10 10 10 10 2 8 10 10 2 2 8 2 10 10 10
left_child=1 -1 4 -2 22 -6 7 -4 9 -8 -9 14 16 -14 15 -5 18 -7 21 -20 -18 -13 23 -3
right_child=3 2 6 11 5 17 8 10 -10 -11 -12 12 13 -15 -16 -17 20 -19 19 -21 -22 -23 -24 -25
leaf_value=-0.0024267935210290801 -0.0031820020512795667 0.0010321048125029309 0.0047040204103972055 0.0077105004825493255 -0.0046695861819353642 0.0072879399756849731 0.013653218445709134 -0.002644265755197378 -0.00089205183730819537 0.0021721228742624453 0.0032390576662179107 0.0023031463596049546 0.0017804089082478092 0.008209310530206116 0.006547339654294433 0.00026886721857259785 -0.0021823663532080958 -0.0025106531882856113 0.0054957561880453459 -0.0034885014100792277 0.0049270953893776155 -0.005360473341716715 0.0037344794360635865 -0.0041284867665366577
leaf_weight=434.44424102455378 48.733257703483105 87.170831099152565 68.139441177248955 22.085200533270836 155.38848440349102 17.358088836073875 21.277928993105888 83.212557502090931 15.500671677291392 15.560690388083456 46.325929090380669 18.05370020866394 232.26976311206818 35.511262036859989 87.60759549587965 108.57530397176743 31.391994141042233 20.765190176665783 27.268859930336475 24.382809236645699 48.044058091938496 90.783372305333614 52.470007099211216 61.675893485546112
leaf_count=3462 338 615 453 134 1208 121 149 592 112 111 315 125 1523 229 519 675 211 151 190 175 312 646 358 462
internal_value=6.45977e-05 -0.000978165 2.6044e-06 0.0015169 -0.00155107 -0.00331508 0.00245003 0.00132455 0.00639549 0.0093317 -0.000508268 0.00184488 0.00103264 0.00271391 0.00369212 0.00167157 -0.000849484 0.00212211 -0.00234024 0.00127532 0.00212691 -0.00405395 0.00016214 -0.00113684
internal_weight=1854 1079.29 644.846 774.707 394.828 193.512 250.017 197.678 52.3393 36.8386 129.538 725.974 507.706 267.781 218.268 130.661 239.925 38.1233 160.489 51.6517 79.4361 108.837 201.317 148.847
internal_count=13186 8109 4647 5077 2915 1480 1732 1360 372 260 907 4739 3411 1752 1328 809 1659 272 1136 365 523 771 1435 1077
is_linear=0
shrinkage=0.01


Tree=88
num_leaves=25
num_cat=0
split_feature=271 32 271 270 32 11 274 302 226 64 11 109 7 281 146 109 270 82 255 64 55 107 37 284
split_gain=30.3918 17.1221 14.8021 21.7363 14.7115 14.8116 13.1523 14.7433 15.3287 13.065 13.0258 15.4096 12.9927 12.0133 12.5536 13.576 11.892 11.2057 10.5897 10.0738 9.72807 10.3156 11.832 9.68583
threshold=0.067822972005887092 0.00062896092095701759 0.13142492154506916 0.081949993111998923 0.0016992365706893964 0.4345530334492298 7.0538707654489867 -0.0020887867372794771 0.03993355481727575 0.59695304298401075 0.37173870522085811 0.59948348592190137 -1.4737564864693391 4.7464768989142936 0.084627441523993263 0.83480125953586914 0.073256953154738513 0.7415495527153162 42.500000000000007 1.2283916634792051 1.6199264655851706 -0.17467260715652019 0.58242541603630882 0.042747007894066776
decision_type=2 2 2 2 2 10 2 2 2 8 10 10 2 2 10 8 2 8 2 10 2 10 2 8
left_child=4 2 3 6 5 12 7 8 13 -7 11 -9 -1 14 -2 -16 17 -4 -18 -14 -12 -22 -23 -13
right_child=1 -3 16 -5 -6 9 -8 10 -10 -11 20 23 19 -15 15 -17 18 -19 -20 -21 21 22 -24 -25
leaf_value=0.0068520537287577723 -0.0025452099118407562 -0.0022612828961988997 0.0093749816254828991 -0.0032854792263336888 -0.0074130065687563222 0.0050418620459839738 0.0079421838430478817 -0.002964289007167819 -0.0035197371046713495 -0.0043314405775359216 0.0052156705964080995 0.0081612366423484701 7.9580723328215822e-06 -0.0028744864729645676 -0.0038865783296967451 0.0059103669860232737 -0.0014763915566222538 0.00010406728663699646 0.0027150952407662154 -0.0065595786970629498 -0.0033172091955844347 -0.0017743801984596204 0.0079633020651750236 0.0016069644957897901
leaf_weight=22.36331657320261 32.652443535625935 160.27763969451189 41.854223564267159 133.99020793288946 44.605947099626064 13.731235831975935 24.287509821355343 20.047015532851219 116.49572759866714 181.14420419931412 29.780563555657864 74.95552434772253 218.63971780985594 52.492968261241913 14.677375495433806 85.186150066554546 71.841329589486122 18.810884773731232 320.20128470659256 23.266743242740631 69.926679715514183 25.807372935116291 19.723715588450432 34.658148571848869
leaf_count=149 243 1349 245 983 395 99 175 131 815 1452 196 487 1606 367 101 559 488 119 1959 189 509 186 140 230
internal_value=-4.87734e-06 0.000778089 0.00119362 0.000312622 -0.00209413 -0.00153281 0.00112857 0.000802192 -0.000720431 -0.00360293 0.00246611 0.00473449 1.20097e-05 0.00106342 0.00265837 0.00439296 0.00261027 0.00664942 0.00193936 -0.000688381 0.000382224 -0.000951246 0.00264293 0.0061908
internal_weight=1851.42 1347.67 1187.39 734.681 503.751 459.145 600.691 576.404 301.505 194.875 274.899 129.661 264.27 185.009 132.516 99.8635 452.708 60.6651 392.043 241.906 145.238 115.458 45.5311 109.614
internal_count=13172 9282 7933 5122 3890 3495 4139 3964 2085 1551 1879 848 1944 1270 903 660 2811 364 2447 1795 1031 835 326 717
is_linear=0
shrinkage=0.01


Tree=89
num_leaves=25
num_cat=0
split_feature=21 105 152 114 76 95 164 76 235 72 72 35 289 3 234 39 185 299 301 73 231 268 87 234
split_gain=20.0416 25.0625 23.4269 21.5729 27.207 15.2303 13.9378 11.7833 11.6816 16.4932 14.9358 14.062 12.4079 12.2977 11.6811 12.5305 12.7744 10.8776 10.8298 12.3022 10.4629 10.392 11.634 10.2991
threshold=-0.045888030781597887 0.95325439068398365 0.12185120558375635 0.72620955713536361 0.81635623538640334 -1.664543785923603 0.0055632930981120406 0.69976979116964266 0.0032949018586069137 -275.05784005435913 -190.0746374321956 0.0042477881428820618 -0.1286799025540763 3.2064677603039828 0.035743321718931485 0.077322965505127642 0.57000768787238143 -0.0061829385813851325 0.95069773163419014 265.97323312559541 -0.05351711002774142 0.56348728464788034 1.9192173466476303 0.047661113915530885
decision_type=10 10 10 8 10 8 10 10 2 2 2 2 2 2 2 2 10 2 2 2 2 2 10 2
left_child=3 7 14 4 -1 -5 -4 17 10 -10 -7 21 -12 -13 -3 20 -17 -2 19 -8 -16 22 -11 -9
right_child=1 2 6 5 -6 8 18 23 9 11 12 13 -14 -15 15 16 -18 -19 -20 -21 -22 -23 -24 -25
leaf_value=0.0015189208617698855 0.0071968118107755075 9.3440656369343371e-05 -0.0046025736310427254 -0.0015618648507231287 -0.0029607730113803566 0.0087032994991979671 -0.001190411596112232 -0.0043390118417784293 -0.00099829993027375085 0.010980689680159373 0.0090132035443466884 0.015086776144832139 -0.00067861517973214533 0.0032795831211110973 -0.00047762869201707018 0.0086454389984799637 -0.00092237755734265558 -0.0017617815070342536 -0.0040032168293057217 0.012090003311952415 0.008731388910238766 -0.0028506379854154034 0 -0.0014665319581218935
leaf_weight=386.6326994150877 21.220027469098568 103.01131600886583 89.355739459395409 54.455784417688847 205.12214956432581 25.001386433839798 11.623097874224188 230.28361595422029 23.615860179066658 22.032332964241505 12.227604135870932 33.591750085353851 104.0583319067955 14.466689288616179 14.438176631927488 15.371335819363592 57.311566166579723 28.780880250036716 14.14813658595085 12.63671802729368 65.914008930325508 13.757480576634405 15.98096591234207 281.69168817996979
leaf_count=2485 153 735 726 362 1519 157 88 1829 153 143 78 205 687 92 95 100 386 209 105 92 452 96 106 2165
internal_value=3.52572e-05 -0.000982364 0.000981397 0.00109268 -3.89185e-05 0.00317556 -0.00247663 -0.00232352 0.00416007 0.00638654 0.00212023 0.00812264 0.00052262 0.0119338 0.00271905 0.00444601 0.00133675 0.00220355 0.00242122 0.00623208 0.0071047 0.00412962 0.00670315 -0.00277733
internal_weight=1856.73 945.786 383.81 910.943 591.755 319.188 127.764 561.976 264.732 123.445 141.287 99.8292 116.286 48.0584 256.046 153.035 72.6829 50.0009 38.408 24.2598 80.3522 51.7708 38.0133 511.975
internal_count=13218 7135 2779 6083 4004 2079 1011 4356 1717 795 922 642 765 297 1768 1033 486 362 285 180 547 345 249 3994
is_linear=0
shrinkage=0.01


Tree=90
num_leaves=25
num_cat=0
split_feature=46 75 109 123 71 120 161 271 315 35 279 271 147 161 3 151 105 73 30 153 109 123 298 256
split_gain=31.0029 28.3599 21.3811 22.7141 19.1455 24.0905 14.9761 11.8812 13.45 12.7347 11.8409 11.4439 11.3459 11.2848 10.9839 10.5676 18.1562 17.6471 10.2573 10.7635 10.2085 20.0589 11.4194 11.1841
threshold=1.0000000180025095e-35 0.061655259194703202 1.1455919090775326 0.52057875608898263 1.8712682238841702 0.62097112523439313 0.0030349083540572907 0.098509804981917193 -0.10203041346183468 0.0044267383619304426 0.00091120089698226725 0.14746059681151077 0.21927479125621543 0.018830421798296419 2.597717463530453 0.12423023159167329 1.1704585881849976 356.12589946012127 0.096533234723121017 0.0063512232508420577 0.61938166623428181 -0.10896092029255984 0.0025810537215252625 169.50000000000003
decision_type=2 8 10 10 10 10 10 2 2 2 8 2 10 10 2 10 8 2 2 10 10 10 2 2
left_child=1 2 3 7 10 -6 -5 9 20 -1 14 15 -8 -14 -3 16 -7 18 19 -18 21 -9 -23 -22
right_child=-2 4 -4 6 5 11 12 8 -10 -11 -12 -13 13 -15 -16 -17 17 -19 -20 -21 23 22 -24 -25
leaf_value=0.0039225832594317498 -0.0035531031661708004 0.0025866037774031963 0.0048193546657639263 -0.0042741496032629332 0.012369719217015115 -0.00081919575518145632 -0.0020936701400567463 0.0070477259857094146 -0.0025493125078837886 -0.0049228641944257931 -0.0045198865238278681 0.0036490342147740516 0.00086304292985526089 0.0084763528032939014 -0.0025615628995129774 -0.0030254814125875978 -0.0011147154699582091 0.012569401476450793 -0.0035953994682756014 0.010141596638692716 0.0096162467163682357 -0.0050164467121675159 0.0039573394222352405 0.00048456731506405914
leaf_weight=27.056519560515881 218.22970041632652 60.478428922593594 183.03584913164377 93.825299523770809 13.46101590245962 269.6916279271245 87.265160739421844 52.746051460504532 25.078519396483898 32.91551385819912 164.66140876710415 72.320404395461082 83.326312132179737 23.050328008830547 117.16873436421156 123.53011535853148 14.497802570462229 18.14774926751852 20.59912970662117 15.662483036518095 61.531676232814789 32.474879920482635 20.956114336848259 17.635618016123772
leaf_count=182 1861 445 1093 667 89 1956 598 290 161 215 1285 462 562 145 906 979 94 119 156 108 352 203 129 101
internal_value=-3.80117e-05 0.000437019 0.00187919 0.000893182 -0.000764276 0.000394309 -0.00105743 0.00296009 0.00406797 -0.000919213 -0.00260965 2.70078e-05 0.000535282 0.00269953 -0.000790192 -0.000556473 0.000359005 0.00483425 0.00153035 0.00506994 0.00499367 0.00283232 -0.0014568 0.0076816
internal_weight=1849.35 1631.12 740.898 557.862 890.219 547.91 287.467 270.395 210.423 59.972 342.309 534.449 193.642 106.377 177.647 462.129 338.599 68.9072 50.7594 30.1603 185.344 106.177 53.431 79.1673
internal_count=13158 11297 4698 3605 6599 3963 1972 1633 1236 397 2636 3874 1305 707 1351 3412 2433 477 358 202 1075 622 332 453
is_linear=0
shrinkage=0.01


Tree=91
num_leaves=25
num_cat=0
split_feature=5 5 126 87 114 21 231 301 24 42 115 149 110 315 4 109 153 115 315 126 321 185 33 279
split_gain=28.6179 32.3732 17.5316 15.2359 11.2039 15.9107 12.7744 18.0795 14.0939 12.216 11.0258 17.3511 16.4999 12.2816 11.1839 10.9606 13.222 10.8774 12.9458 12.1153 10.6882 16.9913 14.5208 10.2797
threshold=-2.8996003220412478 -2.8712440139818409 0.80229571956286561 0.84000664580385409 0.72439208681671763 0.23707008905035606 0.024341473609447651 0.88192167421314327 -0.22179067946140099 143.50000000000003 -0.45884382004409979 0.092335018445142789 1.0000000180025095e-35 -0.21363087872368511 113.23764620811387 2.1525822659375815 0.011257075272450791 -1.3316701361413201 -0.54610158037023981 0.42058987623734456 4.5000000000000009 0.822996794871795 0.03259073320116606 -0.0066030853849238782
decision_type=2 2 8 8 8 10 2 2 2 2 10 10 2 2 2 10 10 10 2 10 2 10 2 10
left_child=-1 -2 3 -3 10 6 8 -8 17 23 11 -5 -12 14 -14 16 20 -6 -19 -20 21 22 -4 -7
right_child=1 2 15 4 5 9 7 -9 -10 -11 12 -13 13 -15 -16 -17 -18 18 19 -21 -22 -23 -24 -25
leaf_value=-0.0032431803894987592 0.0039523141947446104 0.0082547947732451565 0.0084073227481983193 0.0012573753184962979 -0.0014566667719127944 0.0012736947845595936 0.014398306042404413 0 -0.0018044811464640554 0.0045526081580726449 -0.0027551019375032472 -0.0027545256633755787 0.014828649629112938 0.00042757526762468849 0.0030029588479577531 0.002974263976370425 -0.0048569391503268293 0.00018932605913105815 0.00019001337045361545 0.010779031880575315 -0.0023032531249714467 -0.0035036649241454725 -0.00047523554889995908 -0.0044180093533576796
leaf_weight=222.0391181781888 237.32062079012394 23.767389036715031 37.805574029684067 186.63989914953709 23.152854517102242 54.841929107904434 20.92803467810154 13.668603986501692 49.81918615847826 35.190312303602695 33.301860593259335 247.551558829844 16.451810568571091 25.974298812448978 17.20509871840477 45.443208172917366 119.08998176455498 27.220291532576084 14.149349540472029 47.357036747038364 205.4527852460742 40.291681796312332 32.73141822963953 68.670310042798519
leaf_count=1895 1413 152 270 1165 150 411 127 88 331 253 244 1802 112 182 123 337 970 171 93 297 1500 300 231 523
internal_value=0.000100042 0.000562617 -2.36614e-05 0.000794268 0.000566264 0.00193257 0.0038158 0.00912837 0.00253504 -0.000416642 -0.000357408 -0.00103071 0.00271504 0.00577246 0.00951533 -0.0015624 -0.00205445 0.00447304 0.00602859 0.00847468 -0.000962215 0.00151033 0.00441292 -0.00191096
internal_weight=1846.06 1624.03 1386.7 905.89 882.122 354.998 196.295 34.5966 161.699 158.703 527.125 434.191 92.9331 59.6312 33.6569 480.815 435.371 111.88 88.7267 61.5064 316.281 110.829 70.537 123.512
internal_count=13140 11245 9832 6224 6072 2444 1257 215 1042 1187 3628 2967 661 417 235 3608 3271 711 561 390 2301 801 501 934
is_linear=0
shrinkage=0.01


Tree=92
num_leaves=25
num_cat=0
split_feature=46 21 109 109 21 123 308 107 315 71 150 160 307 184 28 35 146 109 184 28 59 234 57 71
split_gain=26.7456 26.5035 21.404 20.8743 20.7715 18.0948 16.8783 15.7317 14.7079 14.2884 15.436 16.4375 14.227 12.5835 11.8488 11.6051 11.4934 17.2786 11.2837 10.827 11.7563 14.6397 11.6447 10.648
threshold=1.0000000180025095e-35 -0.05650404252328018 1.4088891440721518 1.189430608933099 0.49100135760876468 -0.10896092029255984 -0.001360218461545907 0.27914872946086139 -0.13666665479058371 1.0298751579809631 0.048826334128002941 0.059691595075022773 -0.021594624393522648 -0.072240938208095684 0.2388323982620518 0.0026472546340096013 0.25830573951434882 0.59239582540214719 1.1671077662521752 0.20565417528003463 2.6924491987376187 0.045495943036926646 0.021548730464477518 2.1964470663411553
decision_type=2 10 10 10 10 8 2 10 2 8 8 8 2 10 2 2 8 8 10 2 10 2 10 8
left_child=1 3 23 5 7 8 14 12 13 16 -11 -12 -4 -1 -5 18 -7 -18 -9 -14 -21 -22 -23 -3
right_child=-2 2 4 6 -6 9 -8 15 -10 10 11 -13 19 -15 -16 -17 17 -19 -20 20 21 22 -24 -25
leaf_value=0.00086371280966780501 -0.0033515976809235688 -0.0037903215683930493 -0.0059768304453784293 -0.0034526347059269319 -0.0019526236454245572 -0.0042588610471825782 0.0066220291009429491 0.0011187747445221268 -0.0024288078705378031 0.0030693921038283372 -0.0041733713957414053 0.0030233200187820535 -0.0052793689816694397 0.010302043805637687 0.0062237738629029576 0.0021265171619697892 -0.0038132517429971011 0.0052701000404432197 0.011023817421813993 0.0081458572352556945 -0.0043059492014705077 -0.0016839071843675483 0.0068986830747784361 0.00039948713996544187
leaf_weight=21.78338997066021 217.98673082143068 256.04122492671013 29.944468356668949 34.445543527603149 217.78821606189013 104.91790332645178 125.87761075794697 17.648925013840199 18.695057272911072 197.24563957750797 77.774267643690109 49.632260099053383 18.468367896974087 42.038919657468796 16.309109143912792 91.428902111947536 39.001537464559078 39.088161177933216 36.108319118618965 25.218631841242313 33.927138112485409 24.16590690612793 37.596149630844593 78.004358775913715
leaf_count=120 1869 2011 205 207 1705 727 746 121 119 1222 562 333 132 230 96 595 258 253 235 170 245 165 260 596
internal_value=-8.46034e-05 0.000355907 -0.000840686 0.00170724 0.000404046 0.000792804 0.0046961 0.00204204 0.00505298 7.40941e-05 0.00133239 -0.00135729 -3.32732e-05 0.00726984 -0.000159382 0.00442335 -0.00213892 0.000746367 0.00800911 0.00133044 0.00244624 0.000742345 0.00359851 -0.00281382
internal_weight=1851.14 1633.15 866.341 766.809 532.295 590.177 176.632 314.507 82.5174 507.66 324.652 127.407 169.321 63.8223 50.7547 145.186 183.008 78.0897 53.7572 139.376 120.908 95.6892 61.7621 334.046
internal_count=13182 11313 6440 4873 3833 3824 1049 2128 469 3355 2117 895 1177 350 303 951 1238 511 356 972 840 670 425 2607
is_linear=0
shrinkage=0.01


Tree=93
num_leaves=25
num_cat=0
split_feature=32 122 116 122 105 25 148 158 107 83 65 13 58 114 301 27 251 272 272 148 149 244 98 124
split_gain=29.8312 29.1377 16.0197 17.3458 21.6739 14.9487 14.4241 14.1873 11.9908 11.8624 17.7238 13.053 12.76 14.5802 11.7917 10.7789 12.4206 10.7596 16.4011 10.7493 17.2425 12.2393 11.254 10.6902
threshold=0.0015637226134585292 0.0071338164418250508 -0.16900300018275616 0.62680524993752162 1.0463492869379472 -0.22451355492041228 0.16079416691299639 0.2512889680282776 -0.011319993418218056 1.3782477009697323 1.8822248275618219 0.89888455517840959 0.62722347343260132 0.72620955713536361 0.70785587480734391 0.60024509803921577 465.3990277777778 0.055189210194315295 0.069781084423102963 0.19206307543207887 0.11774608833432364 0.014583333333333335 159.50000000000003 3.5000000000000004
decision_type=2 8 8 8 10 2 10 10 8 10 10 10 10 8 2 2 2 2 2 10 10 2 2 2
left_child=1 9 6 4 5 7 -3 14 -7 10 17 -12 -11 -14 -4 16 -5 -1 -19 20 21 22 -15 -6
right_child=-2 2 3 15 23 8 -8 -9 -10 12 11 -13 13 19 -16 -17 -18 18 -20 -21 -22 -23 -24 -25
leaf_value=0.00059772737591309638 -0.0040211772522441968 0.0022924530449868153 -0.00060001531712650916 0.010907105612516781 0.00062595709539253611 -0.0043900062139754963 -0.0048437865170568384 0.00061210609222076223 0.00029771466018299077 0.0088235658754580414 -0.0055281502232976962 0.0039962683322426968 -0.00013668958260295113 0.015199124479566284 0.01049506195704644 -0.0020130198045957906 -0.0012779441845796999 0.010907306385276979 0.0014823901378388908 0.0088105916308830155 -0.0018547163847502783 0 0.0037811881926635882 0.0080348085969895039
leaf_weight=169.90946960449219 169.36800590902567 33.449486389756203 12.942113131284712 11.637547291815283 29.931499235332012 83.865697965025902 137.50750982016325 112.32405602186918 145.35817744582891 37.45641852915287 59.470000825822353 16.336300484836102 106.67874504625797 16.161567814648151 29.568085923790932 395.88396938890219 18.294657751917839 27.324197046458721 51.204060114920139 42.485097140073776 43.994762413203716 20.879316590726376 21.124627560377121 57.651548743247986
leaf_count=1074 1472 261 86 82 201 628 1039 789 1011 232 395 108 684 93 193 3106 138 165 318 247 270 123 117 352
internal_value=-5.64681e-05 0.000348397 -0.000647969 -0.000108317 0.00120807 0.000167054 -0.00342705 0.00254418 -0.00144576 0.00208154 0.000753878 -0.00339258 0.00354692 0.00266671 0.0072689 -0.00156707 0.00396346 0.00204717 0.00504052 0.00470394 0.00279436 0.00624998 0.009481 0.00561321
internal_weight=1850.81 1681.44 1068.41 897.457 471.641 384.058 170.957 154.834 229.224 613.025 324.244 75.8063 288.781 251.324 42.5102 425.816 29.9322 248.438 78.5283 144.645 102.16 58.1655 37.2862 87.583
internal_count=13184 11712 7886 6586 3260 2707 1300 1068 1639 3826 2060 503 1766 1534 279 3326 220 1557 483 850 603 333 210 553
is_linear=0
shrinkage=0.01


Tree=94
num_leaves=25
num_cat=0
split_feature=32 75 158 108 105 152 292 99 105 156 108 73 232 149 156 75 12 160 75 105 144 270 118 73
split_gain=25.2577 24.0035 16.7692 19.2932 16.6124 15.115 14.7366 13.335 13.2458 12.5616 14.2382 12.7578 12.5024 11.9889 11.9334 10.6786 15.3688 11.2652 11.8207 12.3247 11.3501 10.5546 10.7269 10.5401
threshold=0.0014316399604838677 0.40564253358465646 0.31985617181846382 0.65095966785300796 0.94659944463895329 0.12185120558375635 -0.021652835732258111 -0.14761213717310878 1.1173689442189965 0.0067570652422042649 1.4164450913713715 356.12589946012127 2.0227771551841198 0.30510061765291902 0.057912331217415972 0.061655259194703202 0.25084757014711606 0.066746221161495631 -0.51264193702449345 0.19873710666551034 0.022146060068195621 0.054802181974196319 20.500000000000004 609.5388987734658
decision_type=2 10 8 10 10 10 2 10 10 8 10 2 2 10 10 8 2 10 10 10 10 2 2 2
left_child=1 2 8 7 13 9 -5 14 15 -6 11 -11 -8 23 -4 17 -17 18 19 -1 -20 -2 -23 -3
right_child=21 4 3 6 5 -7 12 -9 -10 10 -12 -13 -14 -15 -16 16 -18 -19 20 -21 -22 22 -24 -25
leaf_value=0.002069325300694984 -0.0073423249621882812 -0.0044992887615314427 0.0074106404111605809 -0.0017121296683515331 0.010160108833133596 -0.0024755451004486941 0.0011268350029567586 -0.0047466633736444738 0.0071909900802925595 -0.0025040394458145164 0.0065401096725803617 0.0043715341951660446 0.012862467147139674 0.0059040424644140731 -0.0015167425208163679 -0.0016827152874036334 0.0040791109632781633 0.0051779594295582564 0.005276709678733886 0.0078057761437180396 -0.00073338894941231967 -0.0067461452343944173 -0.00024861013118177288 0.0031934481760463422
leaf_weight=205.35372731089592 48.810164161026478 202.97835180908442 16.659301452338696 27.734686642885208 14.732340477406977 118.05882680416107 17.329344369471073 113.36412961781025 42.121532961726189 87.08280897885561 35.254275925457478 35.704503573477268 18.275145083665848 10.785948723554609 61.606007449328899 177.70301318913698 59.400233298540115 108.67060939222574 33.719712257385254 44.39902700483799 220.48592771589756 31.490830734372139 100.04150923341513 17.34837044775486
leaf_count=1236 436 1645 113 183 101 934 112 851 256 640 245 240 120 81 413 1290 395 664 226 251 1479 276 858 137
internal_value=3.93423e-05 0.000426121 0.00123487 -0.00101563 -0.001346 0.000244225 0.00365638 -0.00259591 0.00188056 0.00211842 0.00119636 -0.000443059 0.00768208 -0.00333013 0.000564035 0.00159306 -0.000203824 0.00228787 0.00163715 0.00316941 0.000109404 -0.00348524 -0.00192146 -0.0038561
internal_weight=1849.11 1668.77 1146.82 254.969 521.945 290.833 63.3392 191.629 891.854 172.774 158.042 122.787 35.6045 231.113 78.2653 849.732 237.103 612.629 503.958 249.753 254.206 180.343 131.532 220.327
internal_count=13182 11612 7589 1792 4023 2160 415 1377 5797 1226 1125 880 232 1863 526 5541 1685 3856 3192 1487 1705 1570 1134 1782
is_linear=0
shrinkage=0.01


Tree=95
num_leaves=25
num_cat=0
split_feature=5 5 123 113 161 123 154 105 117 281 126 301 123 113 161 276 155 132 28 33 268 5 146 319
split_gain=28.1605 33.2415 20.6144 19.1512 15.3389 13.5544 26.297 18.4544 13.4431 11.8955 11.8194 12.4524 13.7706 14.7591 11.5537 11.3213 11.2918 19.549 10.9277 10.0445 9.95498 9.94211 10.0796 9.66029
threshold=-2.8943022876294049 -2.8712440139818409 1.3037559528709568 -0.048778802595430291 0.039378693637037172 1.9480397188919087 0.013740984101808846 0.96109023611504363 1.6989804895797758 3.6888586945937991 0.20088937821132144 0.72708996394906567 -0.10896092029255984 -0.23885528231974332 0.065953144078144094 10.297633950289489 0.019078769473968846 0.0077710142476981863 0.21769185202170757 0.029609009711065823 0.24032013896995225 -2.7964864431628556 0.22138812991183351 -0.020585394239162055
decision_type=2 2 8 10 8 10 10 8 10 2 10 2 10 10 10 2 10 2 2 2 2 2 10 2
left_child=19 9 4 -4 10 6 7 -5 -7 -2 -3 12 -12 -14 -6 -11 20 18 -18 -1 -13 -19 -23 -9
right_child=1 2 3 5 14 8 -8 23 -10 15 11 16 13 -15 -16 -17 17 21 -20 -21 -22 22 -24 -25
leaf_value=-0.0055805588391634412 0.006403613929700386 -0.0022180295095105807 -0.0043223234643425239 -0.0017643468407534339 0.0085348824464798103 -0.0034687393137374373 0.010541705022154058 0.0014505098753639293 0.0011026843519653187 -0.0012222182449635301 0.0063748736369524028 0.0056360091480464284 -0.0043128435321888228 0.0011336863335002839 -0.00047029964767218805 0.0052623507861460804 0.0026519717357585447 -0.0041217097459842113 0.012041719120068945 -0.0014360810959466669 -0.001345008021565132 0.006669194068564659 -0.00070166633537102174 0.0084118241144484213
leaf_weight=99.218927808105946 108.15748555958271 112.07699675112963 157.01154220104218 173.31057879328728 42.957239151000977 189.51494646817446 24.014279924333096 65.422247782349586 94.541678175330162 59.423519641160965 23.711067065596581 23.98106811195612 86.569996319711208 109.69050805270672 19.9675332903862 44.897769451141357 21.17805951833725 20.720476999878883 37.508810333907604 145.62501634657383 82.710377529263496 38.059093169867992 32.641928225755692 27.201556481420994
leaf_count=851 620 779 1239 1297 260 1539 162 434 701 348 134 157 579 720 125 266 135 134 236 1221 560 245 198 180
internal_value=-2.64105e-05 0.000459345 -0.000108838 -0.0012601 0.00118072 -0.000403559 0.00111014 0.000152292 -0.00194787 0.00411437 0.0006638 0.00135248 -0.000389365 -0.00129094 0.00576507 0.00162469 0.00283634 0.00457885 0.00894856 -0.00316438 0.000320357 0.00157792 0.00335674 0.00369493
internal_weight=1840.11 1595.27 1382.79 731.017 651.773 574.005 289.949 265.934 284.057 212.479 588.848 476.771 219.972 196.261 62.9248 104.321 256.8 150.108 58.6869 244.844 106.691 91.4215 70.701 92.6238
internal_count=13120 11048 9814 5552 4262 4313 2073 1911 2240 1234 3877 3098 1433 1299 385 614 1665 948 371 2072 717 577 443 614
is_linear=0
shrinkage=0.01


Tree=96
num_leaves=25
num_cat=0
split_feature=32 119 109 21 105 209 141 193 113 118 299 204 307 260 287 109 119 313 283 307 157 3 184 157
split_gain=26.7657 27.1175 23.0272 25.6072 17.8735 15.6454 14.8929 12.4307 12.3941 12.1583 11.3027 11.4474 11.0048 10.5471 10.451 12.4518 13.0603 12.6979 11.0325 10.7789 10.2095 10.6012 9.81539 9.81001
threshold=1.0000000180025095e-35 0.086193311609777432 1.5195776906739467 0.56236902875510142 1.3824999942590697 0.7563382541720155 0.0083478270969015774 0.48212005108556838 0.26477367783031797 29.500000000000004 0.0040914574083559816 0.56478691347395615 -0.014596140401417929 -0.45909425890896655 -0.015187689081595875 0.96647138036589408 -0.72867107674464637 0.014607336237430284 -0.0064073239965280211 0.0081390348096419003 0.34490796559762082 3.1129609455969649 0.24061180106453392 0.17930163706025778
decision_type=2 8 10 8 10 2 2 10 8 2 2 2 2 10 2 10 10 2 10 2 10 2 10 10
left_child=1 7 5 4 6 13 -4 -1 -8 -10 12 -12 -11 -3 20 16 17 22 -17 -19 21 -9 -16 -15
right_child=-2 2 3 -5 -6 -7 8 14 9 10 11 -13 -14 23 15 18 -18 19 -20 -21 -22 -23 -24 -25
leaf_value=0.0092905915924723463 -0.0032382853105586574 0.0065377599182830128 0.010602982571260078 -0.0021179842411351629 0.009465142473066783 -0.0038339121431195887 -0.0010248333419395595 0.002830441865257246 -0.0031088218995987634 -0.0043334026926185711 0.010572773539478704 0.00020863767283805593 0.0051466709492357645 0.002134584260413591 -0.0049929106094676453 0.011006774036665022 3.2167146053836599e-05 0.0015588052074574372 0.0036028090050026162 0.011256537387512739 -0.0034323585442281885 -0.0037762039613738686 0.0043489021504145263 -0.0022010258649271413
leaf_weight=20.143683709204197 215.45741008222103 17.82383120059967 15.389529086649416 161.11363837867975 32.956266723573208 247.02739934623241 122.64060173928738 106.4415910243988 20.958585821092129 18.963011354207993 38.879742927849293 14.738779388368128 25.141465522348881 71.904100187122822 17.200557142496109 22.935069754719734 213.80852475017309 19.522771820425987 127.99418999254704 30.257232069969177 61.996514976024628 28.485222980380058 22.772685959935188 170.36715465039015
leaf_count=124 1864 131 94 1273 214 1940 871 645 146 124 248 93 160 539 102 135 1401 112 768 171 400 178 129 1286
internal_value=4.97675e-05 0.000490031 -0.000589091 0.00105059 0.00281987 -0.00204632 0.00186862 0.00202678 0.00119061 0.00345871 0.00492531 0.00789558 0.00103356 -0.000321627 0.00176125 0.00259077 0.00139601 0.00453337 0.00491701 0.00776191 -0.000157783 0.00137924 0.000240944 -0.000900306
internal_weight=1844.92 1629.46 957.904 450.782 289.668 507.122 256.712 671.558 241.322 118.682 97.723 53.6185 44.1045 260.095 651.414 454.491 303.562 89.7532 150.929 49.78 196.923 134.927 39.9732 242.271
internal_count=13148 11284 7119 3223 1950 3896 1736 4165 1642 771 625 341 284 1956 4041 2818 1915 514 903 283 1223 823 231 1825
is_linear=0
shrinkage=0.01


Tree=97
num_leaves=25
num_cat=0
split_feature=271 151 109 126 5 120 72 162 90 284 120 291 33 276 117 103 257 266 276 313 52 131 186 79
split_gain=27.2267 14.7043 20.5006 20.306 13.942 13.4142 13.4002 11.5099 13.6939 12.0764 11.9065 11.6941 14.3607 11.4652 11.3412 15.0775 11.8887 11.3269 11.2441 9.84145 9.50759 9.34895 14.7917 10.0824
threshold=0.10952046704805242 0.087447625420191508 1.5128385791993686 0.21919271126943149 -2.8983711643309662 1.0581521569205798 -148.7137896687905 0.011001113424020915 5.6133309985292454 0.038161117819561836 0.90684013002591823 1.6137355295294971 0.035192395296529351 6.1177156157797681 0.30049970236228019 -0.32469863638332325 103.50000000000001 4.3135791630084883 4.7954042289592254 0.028785370146626698 207.50000000000003 1.0867398045584185 0.079042029534267325 78.994012944170336
decision_type=2 10 10 10 2 10 2 10 2 8 10 2 2 2 10 10 2 2 2 2 2 8 10 2
left_child=1 2 21 -4 -2 -5 14 8 9 10 19 13 -13 18 15 17 -17 -6 -9 -8 -7 22 -1 -23
right_child=4 -3 3 5 6 20 7 11 -10 -11 -12 12 -14 -15 -16 16 -18 -19 -20 -21 -22 23 -24 -25
leaf_value=-0.0016826147694335798 -0.0022507294430698607 -0.0027777212626941845 -0.0037330355260305286 0.0084753154771167495 0.011480454414106434 -0.0042696435483484943 0.0022664721558122323 0.0039690898993143004 -0.0049015885088353559 -0.0029816727114064085 -0.0016333259213684296 0.0061680823094539244 -0.0038402469350252272 0.0075940738174779679 0.0056114920594141646 0.0047795287259096413 -0.0029886428231537727 0.00073399686415362637 -0.0038662909421696336 0.010345668688564172 0.005108800540223315 0.0018395040403876997 0.011590812006540292 -0.0018624870339104425
leaf_weight=17.67763710021973 90.372612573206425 339.11051943153143 28.494085766375065 58.0042714625597 18.731364235281944 17.299141459167004 48.830838389694691 58.007212415337563 56.96147158741951 56.912483491003513 40.773351348936558 17.302900515496731 46.981060855090618 53.989939995110035 136.38416083157063 24.709244847297668 66.349920719861984 19.138921141624451 23.501176230609417 20.926820784807205 20.500877864658833 83.802993521094322 12.002086751163004 491.98250649869442
leaf_count=125 755 2761 200 362 100 130 313 371 380 388 276 114 309 345 807 147 399 106 153 132 147 608 83 3664
internal_value=-3.01352e-05 -0.00106613 -0.000261717 0.00338962 0.0013872 0.00556477 0.00187276 0.000757853 -0.00079 0.00066119 0.00257352 0.00248816 -0.000984303 0.00412928 0.00362461 0.00143953 -0.000789145 0.00650436 0.00164383 0.00501404 0.000793469 -0.0010253 0.00419747 -0.00131555
internal_weight=1848.75 1068.87 729.764 124.298 779.873 95.8043 689.501 424.187 224.405 167.443 110.531 199.782 64.284 135.498 265.314 128.929 91.0592 37.8703 81.5084 69.7577 37.8 605.465 29.6797 575.786
internal_count=13175 8080 5319 839 5095 639 4340 2781 1489 1109 721 1292 423 869 1559 752 546 206 524 445 277 4480 208 4272
is_linear=0
shrinkage=0.01


Tree=98
num_leaves=25
num_cat=0
split_feature=5 5 76 109 103 103 109 71 158 123 71 65 193 177 123 20 62 307 273 246 116 124 208 120
split_gain=26.4769 31.211 19.4356 16.6958 20.8286 15.5641 23.4926 14.3011 16.5175 13.9581 13.7957 12.2854 13.4871 11.7721 10.6417 13.1317 10.1068 9.89687 11.568 9.76723 9.50889 9.34493 11.0737 10.5567
threshold=-2.8996003220412478 -2.8773415074710829 0.70338746342682812 2.1525822659375815 2.1976107561739395 1.6190982465179145 1.4088891440721518 1.295347410432907 0.32997975708502031 1.1059633742876562 1.0298751579809631 2.0808152581806754 0.77293771043771053 7.4947961613193455 0.69162209642705619 -0.035661407681311229 141.50000000000003 -0.0044489534910275713 3.2103431079476308 0.86949148527323561 0.29163267464807036 4.5000000000000009 1.2294057175470108 0.93882329057408698
decision_type=2 2 8 10 8 10 10 10 8 8 8 8 10 8 10 10 2 2 10 10 8 2 2 8
left_child=-1 21 7 5 -5 6 9 8 11 10 -4 12 -3 -12 15 -10 -6 18 -8 -20 -7 22 23 -2
right_child=1 2 3 4 16 20 17 -9 14 -11 13 -13 -14 -15 -16 -17 -18 -19 19 -21 -22 -23 -24 -25
leaf_value=-0.0030376504631194311 -0.00058179124521931806 0.0073536112054933926 -0.0030137869705580984 0.0088485316063424621 -0.0033180947965673175 -0.0044231433218202892 0.0048183114982034581 0.0057023883626123326 -0.004778345576483393 -0.0027764498659600644 0.00053317438607462537 -0.0049141585943809395 0.00057746917865567125 0.0064748797288492355 -0.0072706941387340575 0.0073971541383969766 0.0060159857942708138 0.0056514436338407203 -0.0042035445131879505 0.0035744780289474203 -0.0010155488637622245 0.0052169749715834206 -0.0035965508057438688 0.010114895929398042
leaf_weight=220.96244154125452 18.859670735895634 56.087804198265076 73.928763747215271 38.271006248891354 37.696290776133537 158.07705425471067 43.849845059216022 87.113799348473549 16.485683210194114 258.16527213156223 131.92806483060122 15.442237704992293 60.316742479801178 42.270092137157917 30.471109077334404 13.519887335598467 13.408067077398298 76.823840454220772 45.024966858327389 21.672276668250561 173.23417609930038 168.71049257367849 29.585946574807167 14.407412588596342
leaf_count=1915 110 340 510 252 295 1284 274 551 109 1980 866 102 374 273 228 88 98 498 292 139 1323 975 194 86
internal_value=0.000186951 0.000630483 6.1833e-05 -0.000529922 0.00354627 -0.000895157 -3.94278e-05 0.00240682 0.000847633 -0.00116096 0.000528253 0.00282107 0.00394832 0.00206142 -0.00337231 0.00084219 -0.000662596 0.00295783 0.000982331 -0.00161889 -0.0026682 0.00400667 0.000657468 0.00445405
internal_weight=1846.31 1625.35 1393.79 1114.35 89.3754 1024.97 693.663 279.437 192.323 506.292 248.127 131.847 116.405 174.198 60.4767 30.0056 51.1044 187.371 110.547 66.6972 331.311 231.564 62.853 33.2671
internal_count=13156 11241 9876 8084 645 7439 4832 1792 1241 3629 1649 816 714 1139 425 197 393 1203 705 431 2607 1365 390 196
is_linear=0
shrinkage=0.01


Tree=99
num_leaves=25
num_cat=0
split_feature=32 119 84 3 174 270 117 149 270 162 296 239 270 239 118 20 105 302 271 270 149 140 87 196
split_gain=26.4578 21.3729 13.5865 22.0887 18.8104 14.3017 12.0495 19.6668 11.9362 11.1629 11.6065 11.1145 10.6181 13.4175 10.5218 10.269 10.2106 10.8256 10.101 10.4031 9.23773 9.65654 10.6575 9.48731
threshold=0.0014316399604838677 0.54161073278635652 21.274555318963596 2.5471693845014545 58.931805555555563 0.054802181974196319 1.6989804895797758 0.14602472257339519 0.054802181974196319 0.003669737125619479 1.1635903695570271 1.2324430541924087 0.08825466945671552 0.89973581507588152 20.500000000000004 -0.110682901118053 0.77830770584833953 0.0063901060318089379 0.11512896874504785 0.071912587500889649 0.14732842588446041 0.002406742354031511 1.4174160855549209 0.20521310918661914
decision_type=2 8 2 2 10 2 10 10 2 10 2 10 2 10 2 10 10 2 2 2 10 2 8 10
left_child=1 2 3 16 15 -6 -3 -8 -2 -7 -11 -5 13 -9 -10 -4 17 18 -1 -20 21 22 23 -19
right_child=8 6 4 11 5 9 7 12 14 10 -12 -13 -14 -15 -16 -17 -18 20 19 -21 -22 -23 -24 -25
leaf_value=-0.0019328139579101236 -0.0078220761450728381 -0.0021535577280187225 0.0050254896082842938 -0.0017815511551975891 0.011561850535472595 -0.00044427688268028787 -0.0043778114299539463 0.00055826806152166667 -0.0068560797315242493 0.0068483316894469458 -0.00089570202008601918 0.0057660938027276325 0 0.01116493910777757 -0.00031273035311631277 -0.0027599465516900466 0.0065651415718782392 0.0091891666568154808 0.0067156795720414043 4.2827240370297175e-05 -0.0012668351905342431 0.0057751255405435412 -0.0029686051952752608 0.00078760400169645213
leaf_weight=131.85053482651711 47.761577948927879 397.3521086871624 19.803379334509373 344.70325630158186 24.935189262032509 47.417654909193516 38.053166180849075 20.368252240121365 30.351045973598957 90.43183272331953 23.373286336660385 17.879885375499725 37.746159888803959 27.829443015158176 97.227775283157825 64.497634336352348 39.563479669392109 18.77139887213707 31.517481505870819 74.096694715321064 42.232553690671921 108.07443092018366 33.835851229727268 37.958947867155075
leaf_count=908 433 3180 119 2406 153 308 296 146 270 543 147 123 261 199 841 417 244 114 183 452 307 686 221 216
internal_value=-2.15506e-05 0.000367614 0.00112824 0.000520436 0.0030773 0.00483114 -0.00130666 0.00138674 -0.00368553 0.00360185 0.00526612 -0.00136467 0.00400887 0.0069829 -0.00199256 -0.000815259 0.00184238 0.00141321 -0.000101039 0.00216719 0.00289396 0.00378898 0.00130452 0.00389014
internal_weight=1847.63 1672.29 1150.94 880.485 270.459 186.158 521.349 123.997 175.34 161.223 113.805 362.583 85.9439 48.1977 127.579 84.301 517.901 478.338 237.465 105.614 240.873 198.641 90.5662 56.7303
internal_count=13173 11629 7547 5860 1687 1151 4082 902 1544 998 690 2529 606 345 1111 536 3331 3087 1543 635 1544 1237 551 330
is_linear=0
shrinkage=0.01


Tree=100
num_leaves=25
num_cat=0
split_feature=5 5 131 316 109 102 76 71 147 107 208 158 107 181 279 177 279 321 131 132 260 28 256 192
split_gain=24.2236 25.1518 19.7655 17.427 15.7771 24.6056 16.3391 19.3067 13.4538 19.204 14.575 13.2365 19.5256 12.7944 12.4409 11.7753 11.7973 11.0651 11.0236 10.5206 14.1236 10.447 10.2329 10.1834
threshold=-2.8996003220412478 -2.8712440139818409 1.6306762194233919 0.022128372421089764 2.2683624778100966 0.63205322491169502 0.70338746342682812 1.295347410432907 0.14778616382149634 0.25521975655414714 1.6949110602890565 0.32997975708502031 -0.35114103110181116 0.053944638567372798 0.0071519417598722721 7.3393583423070137 -0.0024992437372312599 7.5000000000000009 1.2475667522056213 0.016272601149266607 -0.6949753167674585 0.23973342406580078 57.500000000000007 1.0532294598084768
decision_type=2 2 8 2 10 8 10 10 10 10 2 10 10 2 10 10 8 2 10 2 10 2 2 8
left_child=-1 13 3 15 6 -6 7 11 -8 19 14 12 -4 17 23 16 -3 -2 -5 -10 -21 -22 -15 -11
right_child=1 2 4 18 5 -7 8 -9 9 10 -12 -13 -14 22 -16 -17 -18 -19 -20 20 21 -23 -24 -25
leaf_value=-0.0030095262923411853 0.014580634799574773 0.0083691080377221935 -0.0017952970161403601 0.011235037230418573 0.015450782059002891 0.00083878810070546234 -0.0027739413755592866 0.0057784812008043231 -0.0020804143425447209 0.0084883796071934647 0.0063081599408580259 -0.0040725688991175239 0.0066214966836765201 -0.002800981786546931 -0.004257027432128007 -0.0034688239250676841 -0.0015088672493595973 0.0021632405774000127 0.0020070242323615242 -0.0050213903760365809 0.00075419131051882417 0.0082421360483236634 0.0034311731707828814 -0.0014174707477817216
leaf_weight=218.118264362216 15.472721599042417 23.54254275560379 62.832675196230412 32.794427335262299 12.626497395336626 47.321231365203857 353.95763178914785 74.931004993617535 364.28814319521189 18.435550965368748 64.025075674057007 56.473962746560574 44.876152910292149 28.421044632792473 35.128235846757889 37.036928407847881 20.680272862315178 14.058006428182123 23.109543919563293 22.696619741618633 52.496679663658142 26.924946866929531 179.39519146084785 18.618846125900745
leaf_count=1899 89 148 417 202 78 352 2786 479 2615 122 421 403 284 178 238 246 138 82 152 152 354 179 1049 123
internal_value=9.74352e-05 0.000518287 2.17912e-06 0.00356722 -0.000393631 0.00449227 -0.000649503 0.00167338 -0.00123444 -0.000319744 0.00294384 -0.0002605 0.00178239 0.00350685 -0.000152659 0.000534649 0.00391605 0.00940909 0.00771906 -0.00128703 0.0015133 0.00350192 0.00254779 0.00373909
internal_weight=1848.26 1630.14 1392.8 137.164 1255.63 59.9477 1195.69 239.114 956.572 602.614 136.208 164.183 107.709 237.347 72.1826 81.2597 44.2228 29.5307 55.904 466.406 102.118 79.4216 207.816 37.0544
internal_count=13186 11287 9889 886 9003 430 8573 1583 6990 4204 904 1104 701 1398 483 532 286 171 354 3300 685 533 1227 245
is_linear=0
shrinkage=0.01


Tree=101
num_leaves=25
num_cat=0
split_feature=32 122 105 271 113 122 113 113 192 294 273 165 76 200 247 102 276 209 235 81 8 276 35 93
split_gain=25.0293 24.5057 19.3516 17.9905 13.8274 12.7824 15.7539 14.6856 16.4972 13.1622 12.2972 14.2682 11.9624 18.7284 11.1247 10.9814 12.5895 15.3883 10.281 10.9341 9.84581 12.7161 9.92837 14.9639
threshold=0.0014316399604838677 0.56353391909529549 0.96109023611504363 0.1300604931368082 0.26477367783031797 -0.036444640190500595 -0.29764184496660478 -0.0084381434609365393 0.57247572898271593 -0.12938778121325459 5.5557850876142014 179.71215277777782 1.0709263755307594 1.3887910708633067 1.1783977403975969 0.091724437475590545 3.4258688699997282 0.78135347682119216 0.0032388685202960356 0.60433291481429185 -0.38753512774220805 7.8152763486198671 0.0056353906981914037 -0.043444001004836794
decision_type=2 10 10 2 8 10 10 8 8 2 8 2 8 2 2 8 2 2 2 10 2 2 2 8
left_child=1 2 3 5 -3 6 9 -7 14 -1 11 15 13 -4 -9 16 -5 -18 -10 -20 21 -6 -22 -24
right_child=-2 4 12 10 20 7 -8 8 18 -11 -12 -13 -14 -15 -16 -17 17 -19 19 -21 22 -23 23 -25
leaf_value=0.0084761397518342933 -0.0034848349528564526 -0.0034097462365959455 0.0010772582739929273 0.0079934036271225636 0.0076268857960873652 -0.0033855497702027942 0.0035196093222844282 0.013556223863207505 -0.0029218801641153294 -0.0016094490281857513 -0.0038952586833022715 0.0054744381294878812 0.00029543318699503437 0.010249622551212487 0.0010304617655003592 -0.0044611927531320161 0.0039659630165571856 -0.0028483140230818682 -0.0023830078931801886 0.005408178288039878 -0.0021478368954154625 -0.0023536782079598517 -0.0028536964117699191 0.0063045125396858637
leaf_weight=11.216727785766123 173.56106549501419 199.73597519099712 37.471797786653042 28.105044186115265 30.910319857299328 185.19914566725492 158.82158619165421 12.002985239028932 88.149341151118279 160.30638917535543 24.332054257392883 143.5495987534523 42.399176187813282 55.845686711370945 14.916549056768416 25.903710998594761 69.337830387055874 58.454891875386238 28.846999995410442 39.650739952921867 168.18158570677042 18.5925687327981 29.406406566500664 37.71301794052124
leaf_count=73 1535 1649 230 168 228 1401 1015 82 631 1066 152 844 281 332 107 174 411 356 212 267 1286 141 217 277
internal_value=9.71946e-05 0.000475574 0.00125033 0.000782823 -0.00141257 -0.000144013 0.00127725 -0.00141995 0.000579086 -0.000816774 0.00262491 0.00314511 0.00476571 0.00671757 0.00741026 0.00124449 0.00226176 0.000847087 -0.000699571 0.00214861 4.4e-06 0.00393472 -0.000855292 0.00232471
internal_weight=1842.61 1669.05 1184.51 1048.79 484.54 699.11 330.345 368.766 183.567 171.523 349.683 325.351 135.717 93.3175 26.9195 181.801 155.898 127.793 156.647 68.4977 284.804 49.5029 235.301 67.1194
internal_count=13135 11600 7802 6959 3798 4854 2154 2700 1299 1139 2105 1953 843 562 189 1109 935 767 1110 479 2149 369 1780 494
is_linear=0
shrinkage=0.01


Tree=102
num_leaves=25
num_cat=0
split_feature=271 100 107 5 131 39 111 271 280 319 177 213 269 315 189 299 319 13 172 111 319 158 189 22
split_gain=23.7484 17.6693 13.7829 16.4006 13.0262 12.5267 11.791 11.7177 12.5507 14.3783 12.0343 10.039 13.8782 10.0037 9.91862 14.5727 10.8132 13.5297 10.1615 9.9909 9.36272 9.14476 11.2376 9.14137
threshold=0.10952046704805242 1.0477679750985656 0.25521975655414714 -2.1874223985055665 0.95806053949105319 0.080019286403085838 2.3800725252543855 0.190819817369449 0.099999999999494965 -0.06807980677300858 7.0857827547211043 -0.7332014832697159 1.378527424483307 -0.30288916372309832 -0.44309074169165902 -0.057290772317237885 -0.073534693877551002 0.75587597948103191 6.0965277777777791 2.5369751739425586 -0.0437201074540721 0.26926698536868032 -0.11530233772988296 0.16748509312992935
decision_type=2 10 10 2 8 2 8 2 2 2 10 2 2 2 10 2 2 10 10 10 2 8 10 8
left_child=1 2 4 -4 -1 6 -2 8 9 -7 -11 12 -3 -12 -6 16 17 -16 19 23 -5 22 -13 -17
right_child=5 11 3 20 14 7 -8 -9 -10 10 13 21 -14 -15 15 18 -18 -19 -20 -21 -22 -23 -24 -25
leaf_value=0.0065180888681986215 0.0043724536320985863 -0.0029893710301685172 0.0070801781249694301 -0.0014779654849628599 -0.0031001799634581646 -0.00074302203454154614 0.00061939112225616641 0.0033111718062305263 -0.0033150450957178308 -0.0031896471938231397 0.010909123651879977 -0.0035788564661125935 0.0070474684657630795 0.0010181216303697153 7.1998704884892382e-05 -0.00038545823560824557 -0.0025280250297701006 0.010721457122378956 -0.0037661608786065748 -0.0051262466271194945 0.0040397295885969296 -0.0069119514376195677 0.0021498760023118532 0.0046681160163213383
leaf_weight=20.202489636838436 195.66674406826496 30.649975672364235 49.086034990847111 86.719486132264137 173.67011427879333 168.5476558804512 147.81101746112108 92.900396682322025 113.57794465869665 12.157822005450724 26.506323024630543 183.90109570324421 20.606219127774239 17.036621809005741 20.424878224730492 119.33084974437952 16.734795801341534 26.644186943769455 95.95152673125267 27.416810765862465 43.968074671924114 61.566425144672394 39.688382372260094 47.883151225745678
leaf_count=138 1214 246 326 639 1312 1138 965 568 781 85 179 1473 165 117 145 871 124 192 730 211 323 519 317 341
internal_value=3.193e-05 -0.000935795 -5.5833e-05 0.0023239 -0.000845933 0.0013623 0.00277862 0.00021974 -0.00064794 0.000723021 0.00499726 -0.00282074 0.00118517 0.00736029 -0.00116294 -0.000193643 0.00402595 0.00638763 -0.0011536 0.000164909 0.000417267 -0.00354889 -0.0025433 0.00110953
internal_weight=1838.65 1064.44 728.032 179.774 548.259 774.205 343.478 430.727 337.826 224.248 55.7008 336.412 51.2562 43.5429 528.056 354.386 63.8039 47.0691 290.582 194.631 130.688 285.156 223.589 167.214
internal_count=13119 8072 5352 1288 4064 5047 2179 2868 2300 1519 381 2720 411 296 3926 2614 461 337 2153 1423 962 2309 1790 1212
is_linear=0
shrinkage=0.01


Tree=103
num_leaves=25
num_cat=0
split_feature=32 122 105 31 13 119 116 296 270 74 106 231 105 23 101 134 258 258 258 217 135 63 258 62
split_gain=23.6829 22.015 21.8613 15.8878 12.3328 12.2918 15.178 12.7444 12.0074 11.6516 10.1598 11.68 9.99645 12.6448 11.8873 13.0769 10.352 11.411 10.7834 9.98774 10.316 12.1146 9.39176 9.3508
threshold=0.0014316399604838677 0.62680524993752162 1.0631438680210092 0.0089704387010877927 1.1241828908359073 0.1139320758811037 0.35826011249771611 1.0565933876137332 0.054802181974196319 179.50000000000003 0.7718032099652935 -0.29648315999902713 0.28992395043123026 -0.40945686289158251 -0.67980261752833049 0.068391661594643952 -0.47791083879954227 -0.89489212636549775 -0.35092853360370851 0.68091632946090597 0.16726960485766043 0.11002481690505307 -0.51266917588911076 274.50000000000006
decision_type=2 10 10 2 10 8 10 2 2 2 10 2 8 8 8 2 2 2 2 2 2 10 2 2
left_child=1 2 3 4 5 12 10 9 -2 -8 19 -12 13 -1 15 -14 17 -17 -18 20 -7 -22 -6 -19
right_child=8 -3 -4 -5 22 6 7 -9 -10 -11 11 -13 14 -15 -16 16 18 23 -20 -21 21 -23 -24 -25
leaf_value=0.0020942371554515055 -0.0077250012553834657 -0.0016243399566422813 0.005174576779602859 -0.0054470920762188079 0.011447180218867939 -0.0026268899205888303 0.00054725440713148407 -0.0033813911242819733 -0.0018454713173757717 0.011568913619901788 0.0081466915255183885 -0.0025795572630385273 0.0094051846727564222 -0.0015561559084157754 -0.0054766517352985659 -0.0010136538021794455 -0.0042831585895001176 0.0058118878098087894 0.003148426149218573 -0.0033696105113316995 -0.0018143044062691499 0.0082985326078926884 0.00031944647351266888 -0.0018013812662186952
leaf_weight=192.8555995374918 46.738439582288265 430.24683291465044 110.85759827494621 39.408080853521824 16.027904517948631 46.086664736270905 17.027771778404713 14.519684962928293 127.82606878131628 20.690961569547653 18.98418752104044 16.820043504238129 28.226310186088085 181.27931948006153 14.007378548383711 39.652849152684212 37.79659703373909 131.89680041372776 34.742993369698524 210.71543817967176 19.309642307460308 24.225493505597115 13.28331523388624 16.78739520162344
leaf_count=1169 429 3404 693 297 99 327 117 96 1120 122 135 125 175 1214 92 231 238 796 213 1602 144 172 89 100
internal_value=-4.87659e-05 0.000318051 0.000992172 0.000570641 0.00080168 0.000614812 -0.000798063 0.00407424 -0.00352385 0.00700498 -0.00158602 0.00326236 0.00142649 0.000324436 0.00276783 0.00322014 0.00245301 0.00367526 -0.000725866 -0.0021925 0.000582656 0.00395489 0.00690945 0.00492798
internal_weight=1850.01 1675.45 1245.2 1134.34 1094.94 1065.63 388.38 52.2384 174.565 37.7187 336.141 35.8042 677.245 374.135 303.11 289.103 260.877 188.337 72.5396 300.337 89.6218 43.5351 29.3112 148.684
internal_count=13199 11650 8246 7553 7256 7068 2840 335 1549 239 2505 260 4228 2383 1845 1753 1578 1127 451 2245 643 316 188 896
is_linear=0
shrinkage=0.01


Tree=104
num_leaves=25
num_cat=0
split_feature=271 5 5 181 76 106 76 235 147 300 118 189 287 129 266 105 280 160 101 303 122 272 62 189
split_gain=22.8246 14.9114 19.8665 14.8791 14.3248 13.2673 15.4279 14.4421 17.0837 14.1048 10.6333 10.6151 10.4265 14.8871 14.7048 11.9086 11.5683 11.0963 10.8056 11.0949 10.5432 10.5394 10.2064 9.90188
threshold=0.067822972005887092 -2.8943022876294049 -2.8712440139818409 0.054460838240686822 0.707009975630013 0.69672962988274478 1.0709263755307594 0.0051612989157942416 0.1519911894273128 0.20926654740494918 20.500000000000004 -0.038612483176898325 0.0074946073677001701 0.56218454912127636 5.2084611451942751 0.93544260628691212 0.09947179005479713 0.068994543132474176 -0.55544294092513746 0.0072240254359337364 0.62680524993752162 0.074695225062608908 146.50000000000003 -0.26488328066622946
decision_type=2 2 2 2 8 10 10 2 10 2 2 10 2 10 2 8 2 10 10 2 8 2 2 8
left_child=4 10 3 -3 -1 6 12 9 -9 -7 -2 -6 15 14 22 16 18 -17 19 21 23 -4 -14 -19
right_child=1 2 5 -5 11 7 -8 8 -10 -11 -12 -13 13 -15 -16 17 -18 20 -20 -21 -22 -23 -24 -25
leaf_value=0.0035370187350970495 -0.0066599462574870229 0.011320753174792591 0.002811499962137361 0.0029788342560175939 -0.0028658048548020777 -0.0052016958732559286 -0.0039668784358869568 0.0015154530596071421 0.012670043995104904 0.0028312098286042021 -0.00063007735594202698 0.001533699726789685 0.012769764994534938 0.00074521171595614698 -0.00025565162603642503 -0.0046166150261571703 -0.0038076666971113421 0.0025111739314178177 -0.0064512000466231739 -0.0055368957038607006 0.00038789167730743758 -0.0033635014087776767 0.0018708191196094204 0.012196658837100924
leaf_weight=44.475098371505737 34.405934989452362 22.63596984744072 143.01318550109863 168.76914021372795 388.45655508339405 25.106863535940647 81.990779802203178 28.347879573702812 25.981850624084473 97.881173960864544 141.96713757514954 61.629119679331779 27.65063601732254 218.99083077162504 23.105051793158054 16.034457892179489 119.15532261878252 24.924864239990711 20.126240529119968 21.55195426940918 45.82616700232029 31.437517322599888 13.828514918684958 18.851147130131721
leaf_count=310 296 124 944 956 3085 176 621 208 169 688 1194 480 174 1478 151 108 814 149 154 145 336 214 82 109
internal_value=0.000116383 0.000789508 0.00119744 0.00412168 -0.00171517 0.000617261 6.7664e-05 0.00307088 0.007232 0.00110293 -0.0018989 -0.00225532 0.000539349 0.00202586 0.00613893 -0.00042126 -0.00134562 0.0024617 3.89174e-05 0.000793061 0.00384224 0.00165695 0.00951179 0.00719271
internal_weight=1846.14 1351.58 1175.21 191.405 494.561 983.804 806.487 177.318 54.3297 122.988 176.373 450.086 724.496 283.575 64.5842 440.921 335.284 105.637 216.129 196.003 89.6022 174.451 41.4792 43.776
internal_count=13165 9290 7800 1080 3875 6720 5479 1241 377 864 1490 3565 4858 1885 407 2973 2271 702 1457 1303 594 1158 256 258
is_linear=0
shrinkage=0.01


Tree=105
num_leaves=25
num_cat=0
split_feature=103 109 150 162 17 113 302 161 65 78 192 174 210 127 31 65 61 210 202 109 22 123 138 138
split_gain=18.7971 24.8262 23.3652 16.1666 14.8126 12.3947 12.3309 12.036 15.285 12.9143 10.8457 12.1501 10.8234 10.6317 10.599 10.3332 10.2178 10.0445 12.3706 9.55225 9.47917 16.0455 9.32061 12.2286
threshold=1.7512229283331431 1.5195776906739467 0.048826334128002941 0.019362649379051789 2.6837555907904354 0.39129270308529074 -0.0014867644288682339 0.0028268565355324886 1.869793646963301 -54.413542012991975 0.098350750129757858 73.231527777777799 0.19693044433977078 0.020460473253679601 0.0020714661174224143 3.5240794898366876 156.74187422439215 0.021575198994553835 0.065318976026005698 1.0893355267874922 0.76702220097240492 2.5480847433332214 0.14372173085022619 0.18410797093787293
decision_type=10 10 8 10 2 10 2 8 8 2 10 8 2 10 2 10 2 2 2 10 10 8 2 2
left_child=1 2 7 -2 5 -4 -3 8 9 17 -9 19 20 16 -8 -6 -13 -1 -19 -12 -5 22 -22 -24
right_child=3 6 4 12 15 -7 14 10 -10 -11 11 13 -14 -15 -16 -17 -18 18 -20 -21 21 -23 23 -25
leaf_value=0.0096650718839771301 -0.0041434880265464151 0.001866556959047431 -0.0035284849908720954 -0.0031143838422986788 0.0008548294207354482 0.0046177216070420043 0.010066597917230798 -0.0018494575918469214 -0.0037721381301471127 -0.0025635717841299413 -0.0016715879912204171 0.00050249648503992766 0.0084040525137032713 0.0019233000901434775 0.0023809250113139362 -0.0041469719050639025 0.009695117977296816 -0.0027068215249193002 0.0033413327796131755 0.0060719597708234754 -0.0027042045703139627 -0.0027696241308500882 0.0086161799778500976 0
leaf_weight=15.723357513546942 174.64878319203854 169.75460899621248 277.26807130873203 94.55474716424942 271.58679480850697 17.506706267595291 40.523798875510693 35.051668435335159 72.940911687910557 61.152196809649467 50.601193487644196 15.398685142397879 10.988818719983099 47.787882193922997 35.19346958398819 45.770444341003895 64.85115173459053 42.586658604443073 131.94821782410145 19.850968182086945 16.00229599326849 64.618957780301571 40.577967159450054 26.376226030290127
leaf_count=98 1458 1082 2106 754 1990 120 254 225 502 426 318 104 80 303 233 360 409 275 832 111 119 521 286 186
internal_value=1.63527e-07 0.000556274 -5.22403e-05 -0.00182921 -0.00139907 -0.00300183 0.0034282 0.00142333 0.0001678 0.00134423 0.00313982 0.00403956 -0.000200177 0.00584389 0.0067224 9.99075e-05 0.00802084 0.00262473 0.00184017 0.000647248 -0.000687712 0.000889842 0.00374948 0.00535369
internal_weight=1843.26 1415.5 1170.02 427.768 612.132 294.775 245.472 557.893 324.351 251.41 233.542 198.49 253.119 128.038 75.7173 317.357 80.2498 190.258 174.535 70.4522 242.13 147.575 82.9565 66.9542
internal_count=13152 9748 8179 3404 4576 2226 1569 3603 2133 1631 1470 1245 1946 816 487 2350 513 1205 1107 429 1866 1112 591 472
is_linear=0
shrinkage=0.01


Tree=106
num_leaves=25
num_cat=0
split_feature=5 5 131 282 109 102 100 105 122 70 177 71 100 146 108 126 273 53 105 101 35 82 122 304
split_gain=25.4386 31.8637 18.7457 17.504 13.7284 24.4385 13.0868 12.7189 18.3954 12.702 12.0555 11.9302 19.3579 11.3597 11.0655 9.92649 9.70665 9.56847 9.54613 10.5213 10.7552 9.32732 10.9729 9.10477
threshold=-2.8943022876294049 -2.8712440139818409 1.6306762194233919 0.020834992302383604 2.1922567901031487 0.63205322491169502 1.0596140690852813 0.33926448388465269 0.23349366294187815 0.7609662382007748 7.3393583423070137 1.7912811365698553 0.717675069485746 0.27205442176870759 1.5228774678473063 0.73154229831474316 4.1489050671302357 26.500000000000004 0.77830770584833953 -0.72910783998579609 0.0041862910469013569 0.50368499519753807 0.5831164900693222 -0.029239210931575551
decision_type=2 2 8 10 10 8 10 8 8 8 10 8 8 8 10 8 10 2 10 10 2 8 10 2
left_child=17 16 3 10 6 -6 7 13 18 -8 -3 -10 -13 -4 -7 23 -2 -1 -9 20 -20 22 -14 -11
right_child=1 2 4 -5 5 14 9 8 11 15 -12 12 21 -15 -16 -17 -18 -19 19 -21 -22 -23 -24 -25
leaf_value=-0.005778314625525644 0.0051911082686731357 0.0039757045449295017 -0.0031303185836041663 0.0075440129231690309 0.012618680635614945 -0.004542656209867134 -0.0067657186564030617 0.0014577396327942439 -0.0027735709003680769 0.0088191738953402269 -0.003603427606050643 0.0087019231023722828 0.01007679452624393 0.0014366353072530447 0.0039245840971197498 -0.0031800733316449357 0.00016926604132307889 -0.0014914084159769962 0.0031041191078609444 -0.0017529219748130531 0.012298027857966465 -0.0011288011996663592 -0.00049404924377455706 -0.00032814450179151458
leaf_weight=76.466387383639812 170.03924828767776 40.964768514037132 208.47132711112499 57.321548946201801 19.090703725814819 24.861898854374886 58.640196666121483 193.89882706105709 167.92452562600374 12.083125703036783 37.425525613129139 23.797179967164993 14.696273744106291 71.138419203460217 31.99291106313467 94.845863074064255 50.30558805167675 163.28452256321907 29.41954381018877 13.45732658356428 24.503242313861847 203.01780854910612 21.360642284154892 38.769718460738659
leaf_count=683 982 264 1520 362 118 188 479 1249 1314 86 246 155 98 449 241 745 284 1382 173 84 136 1492 166 290
internal_value=0.000103907 0.000558912 -4.38736e-06 0.0034855 -0.000390525 0.00365048 -0.00066051 -0.000172371 0.0005543 -0.00294267 0.000345321 -0.000713606 0.000614094 -0.00196205 0.000165069 -0.00129724 0.00406587 -0.00291449 0.00263384 0.00580803 0.00770609 -0.000279502 0.00420972 0.00217809
internal_weight=1847.78 1608.03 1387.68 135.712 1251.97 75.9455 1176.02 971.685 692.075 204.339 78.3903 430.796 262.872 279.61 56.8548 145.699 220.345 239.751 261.279 67.3801 53.9228 239.075 36.0569 50.8528
internal_count=13186 11121 9855 872 8983 547 8436 6836 4867 1600 510 3225 1911 1969 429 1121 1266 2065 1642 393 309 1756 264 376
is_linear=0
shrinkage=0.01


Tree=107
num_leaves=25
num_cat=0
split_feature=46 21 109 123 117 89 294 315 258 117 149 109 169 79 247 109 215 315 53 209 123 58 323 109
split_gain=21.6879 18.4534 22.5627 18.6909 17.2552 17.6155 17.1087 14.6033 14.3675 12.3132 10.8526 16.1262 12.2967 11.1436 10.7336 11.392 10.0013 9.90504 9.50369 9.43138 9.6106 9.41553 13.6601 11.36
threshold=1.0000000180025095e-35 -0.05650404252328018 1.1455919090775326 -0.10896092029255984 1.1899112984831832 3.8477486626808859 -0.14090000654003407 -0.15684355636338113 -0.48210883392823445 0.51412940550891351 0.089140442706691067 0.59239582540214719 77.500000000000014 104.93096419245303 1.2422710539283222 2.3487247349341756 -0.21896924903414636 -0.27643277852740555 32.500000000000007 0.87533783783783792 2.191175272203171 1.1195327311598244 418.50000000000006 2.102196782611303
decision_type=2 8 10 10 10 8 2 2 2 8 10 8 2 2 2 10 2 2 2 2 10 8 2 8
left_child=1 2 3 7 -3 14 -5 17 -4 10 11 -8 13 -13 -6 19 -10 -1 -2 20 -16 22 23 -7
right_child=18 4 8 6 5 21 9 -9 16 -11 -12 12 -14 -15 15 -17 -18 -19 -20 -21 -22 -23 -24 -25
leaf_value=0.0033434581669795267 -0.0054446421345485741 -0.0019883784117986562 0.0063551740302759535 0.0070717155150253827 0.010580368478591678 -0.0035284336903527707 -0.0039780562013772506 -0.0015196602786324293 -0.0016599023668952431 0.0010372494338861766 -0.0051649932553204762 0.0050509343173276069 0.0093886150975022488 -0.0026887047765365942 0.0038469682917528997 0.010501073757085857 0.0060962383556072133 0.0117708307161664 -0.0011300556867526253 -0.0050849819604945482 -0.0016308703312983214 -0.0041584687912293063 0.0039019990478844318 0.0040739003331850595
leaf_weight=34.641615718603134 87.732325382530689 436.05131498724222 128.83814949542284 27.039474748075008 14.626130141317843 86.189711421728134 78.312490209937096 25.130751416087151 50.921516209840775 209.89375967532396 81.312086082994938 27.265276618301868 15.822306677699087 45.810244604945183 107.94437891244888 12.624164603650568 21.229829706251621 25.670367047190666 123.22571014612913 16.826493412256241 42.874100625514984 65.085307277739048 61.640509285032749 22.557155594229698
leaf_count=186 798 3391 747 175 93 641 508 162 307 1367 596 166 93 283 711 84 127 138 1064 126 338 502 442 158
internal_value=1.76618e-05 0.000408452 0.0015305 0.000506108 -0.000591747 0.000824754 -0.000260139 0.00473939 0.00438767 -0.00073568 -0.00223186 -0.000737125 0.00214166 0.000266667 0.0030284 0.00225553 0.000753257 0.00731446 -0.00297761 0.00146408 0.00228181 -0.00100927 0.000236306 -0.00187888
internal_weight=1849.27 1638.31 771.888 570.898 866.419 430.368 485.456 85.4427 200.989 458.416 248.522 167.21 88.8978 73.0755 194.895 180.269 72.1513 60.312 210.958 167.645 150.818 235.473 170.387 108.747
internal_count=13203 11341 4855 3674 6486 3095 3188 486 1181 3013 1646 1050 542 449 1352 1259 434 324 1862 1175 1049 1743 1241 799
is_linear=0
shrinkage=0.01


Tree=108
num_leaves=25
num_cat=0
split_feature=153 109 151 84 65 156 109 89 209 65 111 116 47 282 287 113 282 161 129 129 224 107 306 151
split_gain=25.862 21.0609 18.0701 13.9873 13.3945 12.774 12.2891 11.9608 10.4978 16.4021 14.7826 19.0034 12.6399 12.8491 12.3242 11.4499 16.4494 9.55362 9.41794 9.40075 17.265 11.6536 10.0541 10.028
threshold=0.01564247762863535 1.7588197241736621 0.023085805649316046 21.740070861039815 2.4959915679904738 1.0000000180025095e-35 2.3487247349341756 4.421769596728427 0.78287061288632798 1.1520592192049801 1.6722994961153883 -0.33812007928679627 26.500000000000004 -0.0048911144538169192 0.029549825903760936 -0.074770366673394068 0.018680616117095244 0.0038535788535788542 1.4038158225430732 1.809873811603125 2.2251890904751037 0.17912366827232862 0.78233156325195874 0.12508322237017314
decision_type=10 10 10 2 8 8 10 8 2 10 8 10 2 10 2 10 10 10 10 8 2 10 2 8
left_child=1 2 3 4 8 -4 -2 -8 9 12 11 -10 13 -1 -13 -11 -17 -5 -6 20 22 -21 -3 -23
right_child=6 19 5 17 18 -7 7 -9 10 15 -12 14 -14 -15 -16 16 -18 -19 -20 21 -22 23 -24 -25
leaf_value=0.0021038949131389519 -0.0033954063401822592 6.0801349161704794e-05 0.0067090803402513558 -0.0014636656788304678 -0.0047544054266993015 -0.0012225344471947818 0.0088116576611110674 -0.0015258343568760636 -0.00027485020147759799 6.8380163033686153e-05 -0.0027805288544199966 0.0022075618175166614 -0.0014596180843425882 0.012521707035891162 0.013254003990044947 0.0011061311952598055 0.013886646574430575 0.0067117218507444345 0.0036855457277497868 7.0887633925207182e-05 -0.0029436353095442214 0.010182017511158785 0.011589495384804039 0.00051925800818963266
leaf_weight=19.881398238241673 262.71495517343283 13.278514929115774 18.123576603829861 16.603332616388798 61.66228549182415 655.34665224701166 14.501248143613337 29.381811708211899 108.77171540260315 170.26322689652443 113.96552395820618 23.352175354957581 13.519585408270357 33.65689842402935 17.508103437721729 29.084066964685917 13.20080081373453 66.95242889970541 14.236894153058527 24.046473033726215 40.856668025255203 51.163352824747562 15.401252016425131 14.080652184784411
leaf_count=126 2167 83 132 105 446 4889 103 225 707 1118 791 153 81 207 114 187 83 390 96 162 267 317 93 101
internal_value=5.82827e-05 0.000589501 0.000187217 0.00130712 0.000775317 -0.000980314 -0.00257895 0.0021966 0.00132945 0.00266908 -0.000101064 0.00194687 0.00688048 0.00897189 0.00751777 0.00126251 0.00574139 0.00508079 -0.0030826 0.00400424 0.00115733 0.00610632 0.00677034 0.00822015
internal_weight=1841.55 1534.96 1376.13 702.658 619.103 673.47 306.598 43.8831 543.203 279.606 263.598 149.632 67.0579 53.5383 40.8603 212.548 42.2849 83.5558 75.8992 158.827 69.5364 89.2905 28.6798 65.244
internal_count=13143 10648 9625 4604 4109 5021 2495 328 3567 1802 1765 974 414 333 267 1388 270 495 542 1023 443 580 176 418
is_linear=0
shrinkage=0.01


Tree=109
num_leaves=25
num_cat=0
split_feature=5 5 122 162 30 115 131 287 227 162 97 103 193 234 7 122 232 287 119 55 28 270 258 207
split_gain=24.229 26.4465 17.617 19.4934 18.4788 12.2126 12.036 13.1713 10.8211 10.7333 10.6253 15.6786 10.003 10.3005 9.82759 9.5813 9.3554 14.9054 13.4571 10.431 9.49572 9.29611 10.4793 10.7945
threshold=-2.8996003220412478 -2.8712440139818409 0.25427208901150194 0.0053357058125741404 0.013753586178631106 -0.56759732481966385 1.1296400249269674 0.029549825903760936 0.0048367664432513368 0.019672184015544252 0.64502380433708695 1.6113601096433741 0.68982758620689666 0.05526250034703907 -1.1275683968414849 1.1773644357578392 2.7241120743786311 0.0069329869311173737 -0.11148555981091844 2.0546079119008795 0.23483849044535063 0.09212004730928447 -0.47247202035243963 -0.54329044048463049
decision_type=2 2 10 8 2 10 8 2 2 10 10 10 8 2 2 10 2 2 8 2 2 2 2 2
left_child=-1 16 5 12 8 6 7 -3 -5 -6 14 -12 13 -4 21 -11 17 18 19 -2 -18 22 23 -8
right_child=1 2 3 4 9 -7 10 -9 -10 15 11 -13 -14 -15 -16 -17 20 -19 -20 -21 -22 -23 -24 -25
leaf_value=-0.0029883287127628611 0.0074836802037889626 0.00085175397897873566 -0.0033595186897298654 0.0024741973786017312 -0.0025514253826861835 0.0050261460483326135 0.0018825009434115473 0.011441748572738037 0.012940513120917022 0.0017423973335573997 0.012594515140013531 -0.0013830905472461969 -0.004915467739412544 0.0044357184815418975 -0.0019394158129557204 -0.0024585607645343263 -0.0030201239111427949 0.002072458253538214 0.013590715172045957 -0.0016555592755700267 0.0043423969241504811 -0.0024286222859819938 -0.0027950068900313364 0.010126665699005581
leaf_weight=213.54663706570864 35.823589012026787 28.174137383699417 39.182615123689175 34.789136126637459 170.18834400177002 71.201103433966637 231.49920433014631 18.238125763833523 12.323665790259836 201.12061406672001 13.831453606486322 14.275180324912069 152.40778385102749 25.557568937540054 177.80088055878878 71.127962186932564 35.778562605381012 98.53810715675354 26.020318649709225 16.897656485438347 29.197690658271313 64.471889041364193 41.672165222465992 14.574486047029493
leaf_count=1885 193 168 309 242 1341 464 1504 106 83 1436 81 98 1244 197 1200 577 231 561 153 93 182 401 278 94
internal_value=0.000154939 0.0005732 3.56465e-05 -0.00106538 4.34402e-05 0.00118825 0.000713174 0.00545356 0.00581233 -0.000601748 0.000291556 0.00598737 -0.00353805 -0.000210139 -3.89e-05 0.000627124 0.00360067 0.00477472 0.00795408 0.00460139 0.000316703 0.000925482 0.00169687 0.00248483
internal_weight=1838.24 1624.69 1382.44 706.698 489.55 675.739 604.538 46.4123 47.1128 442.437 558.125 28.1066 217.148 64.7402 530.019 272.249 242.256 177.28 78.7416 52.7212 64.9763 352.218 287.746 246.074
internal_count=13121 11236 9823 5429 3679 4394 3930 274 325 3354 3656 179 1750 506 3477 2013 1413 1000 439 286 413 2277 1876 1598
is_linear=0
shrinkage=0.01


Tree=110
num_leaves=25
num_cat=0
split_feature=5 5 100 136 135 287 221 109 75 75 109 126 82 57 231 227 129 286 292 124 256 291 302 20
split_gain=21.424 24.9786 16.1925 17.0411 15.5024 19.2236 16.1531 13.2792 21.6585 16.4543 15.9594 14.6314 12.3693 11.4801 14.1001 10.7982 16.7759 10.0141 10.2296 9.75126 13.3314 9.16627 9.06112 9.04004
threshold=-2.8943022876294049 -2.8773415074710829 0.67990093796261097 0.32339757506930766 0.36134686529368715 -0.030238997431888067 -0.17030205492827474 2.1525822659375815 0.7949214955853845 0.42798048920673565 1.2347382449401898 0.93607084710765764 0.33134055000409374 -0.28810029746684251 0.024341473609447651 0.005856527927835229 1.5746882644362323 2.0633401941840339 -0.0034691164778374085 5.5000000000000009 154.50000000000003 1.6913418372692699 -0.016801139646095909 0.033395368641447987
decision_type=2 2 8 2 2 2 2 10 8 10 10 10 8 10 2 2 10 2 2 2 2 2 2 10
left_child=-1 17 3 4 5 -3 19 9 -9 10 -4 13 -5 -12 15 -15 -17 -2 22 -7 -21 -16 -19 -14
right_child=1 2 7 12 -6 6 -8 8 -10 -11 11 -13 23 14 21 16 -18 18 -20 20 -22 -23 -24 -25
leaf_value=-0.0026921938601473399 0.0057031730002375111 -0.0010360511275812855 -0.0011627390388315798 0.0056166323744817901 -0.0006222163071963109 0.0041199890456015062 0.001712228315853746 0.0089539139002992423 -0.00086235447744376819 -0.0025569949193923222 0.0075456378084524768 -0.004795640947224269 -0.009296679808561201 -0.0014388146872697082 0.0083539317101844323 -0.0010460787063629163 0.01151542123279334 -0.00058784894253416885 -0.0012461022948704152 0.016492465578698191 0.0046755413394061899 -0.00064733880045540369 0.0087124527570213283 -0.00079333025407992992
leaf_weight=237.45133050531149 111.95435252785683 34.376155890524387 406.42317785322666 12.986823841929434 59.556973338127136 24.068993389606476 35.871825896203518 34.919610142707825 54.040033914148808 357.35057774931192 38.752437449991703 26.169697336852551 19.72561103105545 113.0445364266634 39.289128586649895 23.208999261260033 15.949826166033743 16.480166152119637 60.942374251782894 30.286017917096615 17.982960768043995 14.661079443991182 23.570401400327682 30.015034019947052
leaf_count=2059 627 224 2911 87 372 161 226 219 420 2848 236 181 136 743 246 154 99 98 354 179 108 96 134 208
internal_value=9.19805e-05 0.000509417 1.68037e-05 0.00222818 0.00363188 0.00539318 0.00741898 -0.000507801 0.00313767 -0.000829884 8.6477e-05 0.00195575 -0.00224132 0.00272796 0.00172727 0.000131384 0.00447907 0.00367468 0.00132178 0.0100639 0.0126143 0.00597999 0.00507648 -0.00450476
internal_weight=1839.08 1601.63 1388.68 264.87 202.143 142.586 108.21 1123.81 88.9596 1034.85 677.499 271.076 62.7275 244.906 206.154 152.203 39.1588 212.947 100.993 72.338 48.269 53.9502 40.0506 49.7406
internal_count=13126 11067 9854 1701 1270 898 674 8153 639 7514 4666 1755 431 1574 1338 996 253 1213 586 448 287 342 232 344
is_linear=0
shrinkage=0.01


Tree=111
num_leaves=25
num_cat=0
split_feature=122 71 152 46 303 103 71 285 209 260 117 138 234 292 227 289 37 177 157 252 31 160 159 151
split_gain=22.22 17.2072 17.1665 15.9474 12.9257 12.7652 16.0686 12.0917 11.489 13.1895 10.7069 11.4235 10.2177 9.85072 9.75728 10.9867 10.7428 9.12717 8.98554 15.8562 12.5657 11.9639 12.7739 12.2733
threshold=0.26025589624797435 1.8712682238841702 0.009182744198596873 1.0000000180025095e-35 0.0014028832477592083 1.6113601096433741 2.9913326147244166 0.066666666666379645 0.78593890386343224 -0.45909425890896655 1.6989804895797758 0.15387922481645613 0.072052985188578431 0.058242644237885374 0.0036297760210803691 -0.059720423418554096 0.29174773022049294 7.2866501933059764 0.22626717775149863 28.500000000000004 0.0015071598611641139 0.037565469890634758 0.1602617610547494 0.009456317624966468
decision_type=8 10 8 2 2 10 10 2 2 10 10 2 2 2 2 2 2 10 8 2 2 10 10 10
left_child=3 8 -3 18 10 17 7 -7 9 -2 13 -12 -13 -4 15 -11 -17 -6 19 -1 21 23 -23 -20
right_child=1 2 4 -5 5 6 -8 -9 -10 14 11 12 -14 -15 -16 16 -18 -19 20 -21 -22 22 -24 -25
leaf_value=-0.0017983843594767714 0.0069774494998354432 0.0079882733841927546 -0.0029394586917021116 -0.0023371018547325081 0.011534934893597439 0.0035863510713012308 0.0066340460121496478 -0.0058779909852057733 -0.0050876460854774146 -0.0040532273509722378 -0.0025021102690571855 0.0065361414611940583 -0.00063956579834638404 0.0040314053294066895 -0.0060505865435534724 -0.0056537598740414594 0.0037082554469282788 0.0020998932724196283 0.0014016725216950052 0.0055720360399459249 -0.0024841044098094724 0.0056297592237678834 0.00078748820868663192 -0.0028290626404023876
leaf_weight=37.360222734510899 14.790448695421217 22.276828452944756 260.00241284817457 120.58944060653448 17.909780390560627 17.511785551905632 22.36522338539362 38.985152289271355 142.62663014233112 50.893502354621887 51.536832377314568 42.855547390878201 33.835657462477684 19.405645482242107 43.164106734097004 12.578635819256304 58.602847412228584 24.045755423605442 312.14465142786503 111.79379168152809 86.510764814913273 115.87205448001623 103.66436066478491 84.780501283705235
leaf_count=246 113 146 2016 1056 125 142 159 320 1195 407 387 307 234 154 341 100 467 172 1910 666 575 706 655 587
internal_value=-1.17085e-05 -0.00116806 -8.8374e-05 0.00102591 -0.000471632 0.00236286 -4.43559e-05 -0.00289615 -0.00299098 -0.00127118 -0.00132473 0.00104632 0.00344779 -0.00241604 -0.00212095 -0.000617411 0.00188676 0.00662606 0.00150919 0.00372013 0.00102557 0.00152886 0.00338706 0.000481808
internal_weight=1846.1 873.387 550.731 972.716 528.454 120.818 78.8622 56.4969 322.656 180.03 407.636 128.228 76.6912 279.408 165.239 122.075 71.1815 41.9555 852.126 149.154 702.972 616.462 219.536 396.925
internal_count=13186 6785 4162 6401 4016 918 621 462 2623 1428 3098 928 541 2170 1315 974 567 297 5345 912 4433 3858 1361 2497
is_linear=0
shrinkage=0.01


Tree=112
num_leaves=25
num_cat=0
split_feature=46 119 71 90 233 149 176 119 108 69 194 268 207 106 59 108 153 218 90 273 162 114 18 81
split_gain=21.1343 18.7124 16.9665 9.9418 9.60143 11.2969 11.2395 14.7855 14.1044 12.2552 10.9501 11.1575 10.6281 11.814 10.4055 9.66196 16.4677 9.65852 12.1138 9.43587 9.0281 8.97518 10.7513 11.0839
threshold=1.0000000180025095e-35 0.060448502223672131 1.2456346911122256 16.117463677022254 0.86072800554191076 0.26401991614255771 12.767312815958467 0.63217769870756124 0.58494760318855332 0.36332860412459639 0.13057686842853086 0.25914530162799465 -0.12096869903391798 0.71586732168571776 2.3534070563385012 1.0703481779642676 0.046964111289661915 0.078999375910131078 3.4194184145372595 3.3338726389597508 0.0028208800827564258 0.72620955713536361 -1.004646586337804 -0.050943732697391324
decision_type=2 8 8 2 2 10 2 8 8 10 8 2 2 10 10 10 10 2 2 10 8 8 10 10
left_child=1 21 -3 -2 5 6 7 8 -4 12 11 17 13 -9 -13 -8 19 18 -10 -17 -7 22 -1 -24
right_child=3 2 4 -5 -6 20 15 9 10 -11 -12 14 -14 -15 -16 16 -18 -19 -20 -21 -22 -23 23 -25
leaf_value=0.0074907897050803919 -0.0035231293422995219 -0.0040334951832620607 -0.00085689111831921448 0.0053701996152301515 -0.0034639138321862863 -0.0015807941681131451 -0.0035705398720374429 -0.0024394519893694046 0.0026282688784185089 0.0039928437728543546 0.0103750207603903 0.0079992521826036684 -0.0039218537240050463 0.0053523390991842088 -0.00037727117251493039 -7.9377790964154236e-05 -0.0072109551824151028 -0.0015295308337042231 0.011545858426951768 0.0079927435160000431 0.0078458975910913869 0.0033158570383195435 -0.0029903437807610924 0.0012233061332312357
leaf_weight=20.183273553848267 197.23885972052813 116.39715987443924 103.75880601257086 10.847139634191988 70.878001533448696 13.136129818856714 131.31088270992041 44.04516014456749 32.566311225295067 36.118884816765785 19.139863528311253 14.396270848810671 122.55086498707533 30.434664912521839 103.50194169580936 31.543061792850494 15.930881626904009 14.022051356732844 30.706778436899185 23.470356777310371 30.75699632614851 219.99916359782219 73.402750469744205 341.11342636495829
leaf_count=104 1758 922 777 93 563 100 993 361 213 266 122 92 979 239 695 223 130 89 189 161 217 1285 460 2161
internal_value=-8.33546e-06 0.000373861 -0.000496383 -0.00298867 -9.44362e-06 0.000307558 1.02748e-05 0.000751834 0.00214706 -0.00115036 0.00359811 0.00278922 -0.00214159 0.000811095 0.000801321 -0.00198832 0.00095123 0.00567286 0.00728142 0.0035703 0.00507849 0.00168073 0.000834743 0.000459456
internal_weight=1847.45 1639.36 984.665 208.086 868.268 797.39 753.497 551.242 318.092 233.15 214.333 195.193 197.031 74.4798 117.898 202.255 70.9443 77.2951 63.2731 55.0134 43.8931 654.699 434.699 414.516
internal_count=13192 11341 7331 1851 6409 5846 5529 4022 2177 1845 1400 1278 1579 600 787 1507 514 491 402 384 317 4010 2725 2621
is_linear=0
shrinkage=0.01


Tree=113
num_leaves=25
num_cat=0
split_feature=122 113 308 192 20 204 22 149 315 58 279 278 122 267 22 309 215 108 233 113 183 215 22 108
split_gain=19.9478 22.5477 13.0663 12.171 16.7042 11.826 10.8219 16.199 11.1204 11.0004 10.3486 10.3473 10.2903 10.6201 13.1211 9.96839 11.1364 14.0236 11.864 9.72979 9.71865 14.0588 14.1625 12.4479
threshold=0.26025589624797435 0.2594736628512177 0.0010088777550745385 2.175542174791596 0.73604377207203076 0.39314988290398128 0.06154296143298419 0.093806407942238282 -0.096559334601391475 1.0675911914577727 0.0057694344935970152 -0.0026166598958357102 0.74476093764982354 0.2019326438367777 0.88507926108983959 0.04677442345842054 -0.62758959093439792 0.75551791241648725 0.66931233595800543 1.1762808601389261 -0.74694067545106912 -0.5262313611317232 -0.50942533898394138 0.17980335513847154
decision_type=10 8 2 8 10 2 10 10 2 8 10 10 10 2 10 2 2 10 2 8 8 2 10 8
left_child=6 10 19 5 -5 -4 7 8 -1 15 11 -2 13 -12 -15 16 18 -18 -8 -3 -9 23 -23 -22
right_child=1 2 3 4 -6 -7 9 20 -10 -11 12 -13 -14 14 -16 -17 17 -19 -20 -21 21 22 -24 -25
leaf_value=0.0022066938582625535 0.0012758069465003089 -0.00086061683295956778 0.010103522090126119 -0.006605941225455908 0.005344154576633767 -0.0002775796869195994 0.00047003490574386021 -0.0032267842928910303 -0.0026159061063794789 -0.0028477522269651843 0.0053033560943662964 -0.0029176089249260857 -0.007547847611020511 -0.0044495113454763036 0.0060829588959379734 -0.0036885140408771423 -4.8298084705445597e-05 0.0056182766008305929 0.011642443226859948 0.0059703716426542514 -0.0016705311508419286 0.0071844543918128728 -0.0035984060456517981 0.007018831474689664
leaf_weight=375.29094362258911 98.43135578930378 289.15276382118464 34.505881078541279 18.804917193949223 22.602947667241096 15.064539633691309 13.949768930673597 146.98465482890606 52.122193984687328 29.168814532458782 12.486157752573488 138.10052990913391 63.550107188522816 126.24636133015156 10.483225516974924 15.86904953420162 87.330352552235126 83.734521314501762 30.258015356957912 19.605633907020092 24.780619144439697 11.430234774947165 83.758919939398766 40.740587718784809
leaf_count=2378 789 2141 244 145 165 102 82 1069 366 196 98 1119 561 1019 74 100 559 492 176 145 185 86 603 276
internal_value=1.29101e-05 -0.00111059 0.000613675 0.00388339 -0.000135693 0.00708534 0.000972637 0.000346667 0.00160285 0.00271369 -0.00264111 -0.00117389 -0.00423058 -0.00269652 -0.00352737 0.00344588 0.00401762 0.00276608 0.00837968 -0.000373148 -0.00139372 0.000303532 -0.00212265 0.00378481
internal_weight=1844.45 849.034 399.737 90.9783 41.4079 49.5704 995.419 735.108 427.413 260.311 449.298 236.532 212.766 149.216 136.73 231.142 215.273 171.065 44.2078 308.758 307.695 160.71 95.1892 65.5212
internal_count=13170 6602 2942 656 310 346 6568 4963 2744 1605 3660 1908 1752 1191 1093 1409 1309 1051 258 2286 2219 1150 689 461
is_linear=0
shrinkage=0.01


Tree=114
num_leaves=25
num_cat=0
split_feature=76 114 76 114 24 239 114 73 144 192 109 109 147 138 236 61 237 28 38 253 302 88 62 270
split_gain=20.5676 21.3558 20.9637 13.3385 16.1893 16.6964 12.7291 12.0215 11.5786 10.5693 15.7048 10.3573 11.9784 10.1575 9.67578 10.6547 9.58346 9.39467 10.6608 9.19258 9.05544 10.1885 8.8911 10.2164
threshold=0.72157341624259674 0.71170873479357177 1.0709263755307594 0.78362945522339567 -0.60583106526026398 0.83715915255982021 0.47499818936807098 317.52657757435776 0.079382110497990335 0.8963102509075761 0.67134528837709306 1.9109651622609172 0.24971910112359555 0.18619365940829971 0.35559467918622856 804.39354384468913 -0.13441979105528742 0.27278263758166321 0.76938100961538469 82.500000000000014 0.019430565147955429 0.5625283996032745 121.50000000000001 0.035429900972523368
decision_type=8 8 8 8 2 10 10 2 10 10 10 10 10 2 2 2 2 2 2 2 2 8 2 2
left_child=6 8 11 -4 5 -5 20 17 16 10 -10 12 -3 14 -13 -16 -2 18 -6 -9 -1 -22 23 -8
right_child=1 2 3 4 7 -7 22 19 9 -11 -12 13 -14 -15 15 -17 -18 -19 -20 -21 21 -23 -24 -25
leaf_value=-0.0017084949232219438 -0.0041049771332304745 0.00068784542687413117 -0.0060136678288917932 -0.0007006881771475696 -0.0040596800368574541 0.0090136521102840012 0.0076774423908503768 0.0041300592367603996 -0.00023907115781834004 -0.0037606094103742748 0.0087329094208001071 0.00044192784139883808 0.0063472493185459944 -0.00096209466381289922 0.013599898247679647 0.0028370962363083612 -0.0009912341597418375 0.003918279791152863 0.0036692514253960735 -0.0017779100975091344 0.0075941713958401656 -0.0028230225799133046 0.0058481790112080304 2.922954610889864e-05
leaf_weight=97.138315297663212 238.63756965100765 420.67365007847548 47.257078871130943 36.9190603941679 186.98156673461199 30.186020150780678 19.369218699634075 53.284170396625996 63.231039263308048 35.513767510652542 25.151996314525604 16.349018536508083 38.423805959522724 19.583333604037762 23.978583298623562 17.221250332891941 172.95393116772175 16.930631808936596 17.366559974849224 47.039090268313885 23.367142625153065 12.575650922954081 104.92316292971373 83.126517064869404
leaf_count=650 1845 2864 395 273 1465 217 131 408 451 252 168 114 239 130 151 118 1316 132 138 366 142 86 631 530
internal_value=8.82366e-05 -0.000413506 0.000469204 -0.00115385 -0.000521102 0.00384327 0.00229786 -0.00146056 -0.00201199 0.000650193 0.00249551 0.00178978 0.00119981 0.00512137 0.00715614 0.0095972 -0.00281476 -0.00275292 -0.00335666 0.00137748 -0.000112626 0.00398354 0.00382988 0.0016522
internal_weight=1848.18 1507.68 972.194 435.964 388.707 67.1051 340.5 321.602 535.488 123.897 88.383 536.23 459.097 77.1322 57.5489 41.1998 411.592 221.279 204.348 100.323 133.081 35.9428 207.419 102.496
internal_count=13212 11042 7010 3394 2999 490 2170 2509 4032 871 619 3616 3103 513 383 269 3161 1735 1603 774 878 228 1292 661
is_linear=0
shrinkage=0.01


Tree=115
num_leaves=25
num_cat=0
split_feature=32 150 105 152 105 187 285 5 161 148 321 310 184 137 106 88 89 137 39 39 239 53 39 251
split_gain=24.3673 15.4035 19.7078 15.8676 17.9884 14.7976 12.6541 15.0962 12.5634 16.6931 13.1184 12.0959 11.6564 11.3763 10.7982 10.7572 9.94869 10.2827 12.2895 9.70294 9.57799 10.5807 13.4179 13.8764
threshold=0.0014316399604838677 0.048826334128002941 0.49179146466653806 0.11867455188391661 1.3824999942590697 0.041960093896713617 0.095063728377659265 -2.8773415074710829 0.0038535788535788542 0.1574271079590229 5.5000000000000009 -0.20602793278338757 -0.22758986098199621 0.12135540632437948 0.70487270419152548 0.69123705388159695 3.0286427280058232 0.13972193680965839 0.075489071892699558 0.051300849687946466 0.73671096337673336 19.500000000000004 0.045673689822219136 0.043472222222222232
decision_type=2 10 10 10 10 8 2 2 10 10 2 2 8 2 8 10 10 2 2 2 10 2 2 2
left_child=1 8 6 4 5 11 7 15 9 -1 -11 20 -10 14 -5 -3 17 18 -14 -2 -4 -22 -23 -24
right_child=19 2 3 13 -6 -7 -8 -9 12 10 -12 -13 16 -15 -16 -17 -18 -19 -20 -21 21 22 23 -25
leaf_value=0.0022642905394630176 -0.0072870834578360631 0.0097316286945756964 -0.00026925089888741162 -0.0027542665868010626 0.0068649614307904304 0.0092027988670359325 -0.0046800835115036474 -0.0020567889847187349 -0.0042336466334393094 0.001715265689415337 -0.0050413529568319251 -0.0012716166708690055 -0.0013952649539399364 -0.0036003201645369238 0.0095038502051520216 -0.00092502909927011259 -0.0016042303073461584 0.0071185060397475752 0.0084582165143492222 -0.0019600712108560191 -6.6100756322803953e-05 0.012051117865080913 -0.0018876837552889772 0.0053251386001120539
leaf_weight=213.0485777258873 46.843682989478111 18.50393495708704 159.76060843467712 12.047982931137087 49.178767189383507 17.18340440839529 132.86547730863094 141.84059309959412 14.358553081750868 45.198276683688164 70.231663174927235 242.09753968566656 38.936488419771194 123.60840666294098 11.740740865468977 15.931272678077219 22.021135613322258 106.73636143654585 15.409793086349962 123.54515272378922 75.575286999344826 18.040311679244041 36.225820988416672 85.533162996172905
leaf_count=1297 441 122 1108 95 325 113 1036 1110 87 305 483 1714 234 1012 88 108 135 643 85 1101 547 118 251 566
internal_value=4.34033e-05 0.000414419 -0.000238502 0.000563352 0.00120687 0.000738034 -0.00238268 -0.000598646 0.00182541 0.000612257 -0.0024095 0.000459673 0.00380114 -0.0023808 0.00362611 0.00507948 0.00449169 0.00534457 0.00166235 -0.00352589 0.00158081 0.00294342 0.00454637 0.00317695
internal_weight=1836.46 1666.07 1140.13 830.992 683.595 634.416 309.141 176.276 525.941 328.479 115.43 617.233 197.462 147.397 23.7887 34.4352 183.104 161.083 54.3463 170.389 375.135 215.375 139.799 121.759
internal_count=13124 11582 8313 5937 4742 4417 2376 1340 3269 2085 788 4304 1184 1195 183 230 1097 962 319 1542 2590 1482 935 817
is_linear=0
shrinkage=0.01


Tree=116
num_leaves=25
num_cat=0
split_feature=32 21 114 123 105 147 22 147 28 317 40 129 69 1 137 31 165 165 70 121 275 37 147 127
split_gain=20.9155 16.7212 16.549 19.7047 14.6935 16.3541 14.1148 16.1067 13.9231 13.1699 11.6954 12.2228 10.921 12.8269 12.0869 10.6452 10.6382 10.4707 10.4038 11.5538 10.2269 10.6823 12.1456 10.2127
threshold=0.0014316399604838677 0.23707008905035606 0.72620955713536361 0.45950110428691843 0.94659944463895329 0.092617822181854895 0.108834693894602 0.23650050465403163 0.2388323982620518 -0.0081499646635598919 0.0049927191675962464 1.0971814133579683 0.13947106914664839 0.48760999656663156 0.18463383139642134 0.0015071598611641139 179.50782407407411 179.89076967592595 0.88307795243159692 -0.54272649891365232 0.11299136732671415 0.513152058853098 0.22095200766483761 0.79208027836931227
decision_type=2 10 8 8 10 10 10 10 2 2 2 8 10 2 2 2 2 2 10 8 2 2 10 8
left_child=1 2 3 -1 -3 -6 7 -5 9 -4 11 17 13 18 -14 -11 -16 -9 19 -7 21 -8 -23 -21
right_child=-2 4 8 6 5 12 20 10 -10 15 -12 -13 14 -15 16 -17 -18 -19 -20 23 -22 22 -24 -25
leaf_value=0.0025678658335462007 -0.0031038655507566655 -0.0028256256277415718 0.0085670613267681515 -0.004283856846134442 -0.002735466994200607 -0.0043758430118442816 0.00055753526033373922 -0.0037731516405669768 0.0048671539119930314 0.0022213794932438137 -0.0029930309339378336 0.0062417574866129042 0.0011275861576126734 -0.004952346061155871 0.013797341964746045 -0.0017349250971025485 0.0018164441645812451 0.0061391096698037786 0.0081206187645988318 0.0082106751616283207 -0.0031117438711949757 0.012629400012814275 0.001539875749677006 -0.0011542327941014984
leaf_weight=230.5551084280014 170.10570269078016 228.05250748246908 20.332248002290726 165.03054354339838 96.078870683908463 27.777178160846233 61.409021712839603 34.711579881608486 174.5588990598917 174.21562372148037 63.708262957632542 42.147499889135361 35.041342847049236 29.950341962277889 19.372872978448868 107.58467252552509 12.901016429066656 12.053574196994303 20.388017572462559 20.406315721571445 30.746041491627693 17.849946051836014 21.085152894258499 21.786373719573021
leaf_count=1371 1543 1884 124 1253 765 203 408 243 1094 1087 439 288 248 238 126 723 85 83 140 146 214 126 138 167
internal_value=0.000206125 0.000549044 0.00121479 0.000208213 -0.000951228 0.000565044 -0.00101042 -0.00214597 0.00263735 0.00131242 0.000195274 0.00251272 0.00227607 0.000427824 0.00541387 0.000705166 0.00957126 -0.000992693 0.00231858 0.000363243 0.00172081 0.00325622 0.00716113 0.00358483
internal_weight=1837.85 1667.74 1155.99 679.297 511.755 283.702 448.742 317.651 476.691 302.133 152.621 88.9127 187.623 120.308 67.3152 281.8 32.2739 46.7652 90.3579 69.9699 131.09 100.344 38.9351 42.1927
internal_count=13136 11593 7591 4563 4002 2118 3192 2306 3028 1934 1053 614 1353 894 459 1810 211 326 656 516 886 672 264 313
is_linear=0
shrinkage=0.01


Tree=117
num_leaves=25
num_cat=0
split_feature=46 119 109 152 93 114 109 262 151 192 263 149 34 137 131 224 6 114 160 72 209 204 291 251
split_gain=19.4942 18.3996 16.1922 23.9333 12.7479 12.217 12.1313 15.5586 11.8888 16.335 11.6972 18.2257 11.1321 11.1025 11.0649 10.5563 10.3978 10.3327 9.20988 10.5353 13.9641 9.15682 14.6889 10.9392
threshold=1.0000000180025095e-35 0.060448502223672131 1.4088891440721518 0.11867455188391661 -0.08924937722685243 0.9644840056092473 0.61938166623428181 -0.99788036317089934 0.004667501770056098 2.1967246127682385 0.95616431004358271 0.14299530256977069 0.12511682242990657 0.1688785754544174 2.8697300857881269 2.2790373643131345 0.23616611740501875 0.87447230165227008 0.030226169179657553 -132.37193304942147 0.68608894924461061 0.47635027165228511 1.3178175165580017 1082.8795833333336
decision_type=2 8 10 8 10 10 10 8 10 8 8 10 2 2 8 2 2 10 10 2 2 2 2 2
left_child=1 6 5 4 16 10 7 -1 12 15 -3 -12 -8 -7 -5 18 21 -18 -10 20 -20 23 -23 -4
right_child=-2 2 3 14 -6 13 8 -9 9 -11 11 -13 -14 -15 -16 -17 17 -19 19 -21 -22 22 -24 -25
leaf_value=0.0079129964114351432 -0.0028510469220173291 -0.0029788586085243967 0.0020984272130247913 0.0051228132810867879 0.0049592033105984772 0.009657979454199446 0.0090178455335448333 -0.0012171404105658617 -0.0020877602205810527 0.0093465168985909838 -0.003737209142286352 0.0090956062661157275 0.0030465117829835135 -0.001288155935172809 -0.0039307888794383591 -0.0039987351859532318 -0.0055223536617298175 0.0015645643996062383 -0.0017281323729408246 0.00033570154744697695 0.0078809269656749704 0.011092679934769369 -0.00088949849319014591 -0.0038018896933247697
leaf_weight=17.822738319635391 209.68126597255468 363.17363552749157 160.21440574526787 12.59880982339382 97.258932568132877 13.897386036813257 41.923125222325325 189.66446671634912 53.488604225218296 20.339842826128006 20.141624927520752 18.812490031123161 125.54675970226526 19.164334923028946 121.08011216670275 39.676466003060341 41.491208888590336 36.223407343029976 19.213517591357231 94.511191375553608 53.675642289221287 21.791007183492184 16.576584830880165 36.112964287400246
leaf_count=91 1879 2843 1094 97 658 103 253 1204 347 121 160 149 732 145 987 249 315 244 113 574 318 137 106 257
internal_value=-1.13233e-06 0.000368185 -0.000499508 0.000649451 0.00184902 -0.00193123 0.00166088 -0.000331804 0.00258152 0.00129693 -0.00241808 0.00263305 0.00467273 0.00368495 -0.00298128 0.000570724 0.000841592 -0.00226785 0.00143636 0.00258439 0.00536483 0.00189028 0.00618683 0.000969292
internal_weight=1844.08 1634.4 978.537 543.347 409.669 435.189 655.862 207.487 448.375 280.905 402.128 38.9541 167.47 33.0617 133.679 260.565 312.41 77.7146 220.889 167.4 72.8892 234.695 38.3676 196.327
internal_count=13176 11297 7295 3895 2811 3400 4002 1295 2707 1722 3152 309 985 248 1084 1601 2153 559 1352 1005 431 1594 243 1351
is_linear=0
shrinkage=0.01


Tree=118
num_leaves=25
num_cat=0
split_feature=5 5 75 231 72 215 109 148 5 282 315 65 213 28 291 160 1 99 106 144 161 208 256 11
split_gain=19.9507 29.8491 13.3101 16.5044 15.0416 13.3069 16.7389 15.6384 12.534 13.9489 16.9374 16.721 11.5446 15.1197 11.1812 10.9976 11.0341 10.5152 10.2417 10.0579 10.0068 9.46646 13.4714 11.8769
threshold=-2.8935132521978844 -2.8712440139818409 0.42798048920673565 0.024341473609447651 18.481566027804121 -0.47546963091832439 0.86198586046282977 0.18496203816116116 -2.6765610487004925 -0.011996661339163222 -0.096559334601391475 1.869793646963301 -0.37638496271710581 0.21623582944337663 1.6137355295294971 0.059691595075022773 -0.062277691656429858 -1.0263336841033486 0.29434723176168104 0.047666382656442303 0.001766789967379938 2.2708770823887252 89.500000000000014 0.31157333669921355
decision_type=2 2 10 2 2 2 10 8 2 8 2 10 2 2 2 10 2 8 8 10 10 2 2 10
left_child=-1 -2 3 5 18 6 7 8 17 -10 11 -11 15 -14 -9 -8 19 -3 -4 -17 -15 22 23 -5
right_child=1 2 4 21 -6 -7 12 14 9 10 -12 -13 13 20 -16 16 -18 -19 -20 -21 -22 -23 -24 -25
leaf_value=-0.0025090280964248845 0.004082225681615018 0.0041740024166737983 0.0050673102094488257 0.0071019039103527191 0.001593653221314576 -0.0013989349204904114 -0.0011816599980735147 -0.0056351191565256762 -0.0021201345663906693 0.0091001246056727578 -0.0040993240282335419 -0.00066878972142903634 -0.001148604084567778 0.00077467888818746823 0.0024868582018896038 0.010459439937907012 -0.00071490145743847446 -0.0052920319036863315 -0.0028558102208904612 0.0003782533154317764 0.010310296764701229 -0.00010262571677690492 0.013664675486720573 -0.0030346754803356898
leaf_weight=251.81649942696095 200.63695931434631 13.570841401815413 14.543769851326941 28.14575008302927 121.06827982515097 311.94691288471222 77.238102935254574 70.281407661736012 40.331799872219563 61.230310596525669 16.234983243048191 23.350143454968929 21.418476022779942 14.751234091818331 20.061946950852871 28.033732160925865 27.638484328985214 40.628118798136711 325.6639009565115 15.201423391699789 50.831029921770096 28.31838271021843 17.352197960019112 16.216016829013824
leaf_count=2150 1142 75 117 187 885 2190 523 519 263 368 110 156 138 94 145 176 185 271 2631 95 318 185 105 111
internal_value=8.87967e-05 0.000505992 -1.89994e-05 0.000673284 -0.00140173 0.000225287 0.00120239 -0.000422256 0.00116678 0.00272785 0.00468202 0.00645756 0.00316226 0.00600095 -0.00379986 0.00140657 0.00417778 -0.0028143 -0.002475 0.00717867 0.00830144 0.0046725 0.0067874 0.00341553
internal_weight=1836.51 1584.69 1384.06 922.781 461.276 832.749 520.802 285.69 195.346 141.147 100.815 84.5805 235.112 87.0007 90.3434 148.112 70.8736 54.199 340.208 43.2352 65.5823 90.0323 61.714 44.3618
internal_count=13139 10989 9847 6214 3633 5626 3436 1907 1243 897 634 524 1529 550 664 979 456 346 2748 271 412 588 403 298
is_linear=0
shrinkage=0.01


Tree=119
num_leaves=25
num_cat=0
split_feature=32 119 73 271 85 119 81 61 85 117 281 127 47 24 291 268 161 2 107 176 305 106 119 19
split_gain=18.9526 17.616 14.2993 13.325 12.3639 11.3679 18.341 12.1723 11.061 12.6591 10.0162 14.3552 10.0394 8.91669 8.09428 11.6117 8.71802 10.1935 8.89044 9.74287 11.7325 14.4353 10.5284 13.5599
threshold=0.0014316399604838677 -0.029785829606863341 317.52657757435776 0.16202555867068999 181.26176811803586 1.1620850402445735 1.2953612958239344 852.43960632806886 54.506078027306863 0.94387794371312461 5.4944833216649434 -0.8002006811593354 37.500000000000007 -0.32831731494466715 0.33032233232891334 0.33397996936143581 0.0060821100266959327 0.68655311638041161 1.159495549017211 12.567418101992573 0.33533408680463167 0.79616592269154174 0.42225868332837363 -0.15339790477824625
decision_type=2 8 2 2 2 10 8 2 2 10 2 10 2 2 2 2 10 10 10 2 2 10 8 10
left_child=1 10 3 14 -2 6 7 8 13 -10 -1 -12 -13 -4 15 -3 -16 -18 19 20 -19 22 23 -22
right_child=4 2 5 -5 -6 -7 -8 -9 9 -11 11 12 -14 -15 16 -17 17 18 -20 -21 21 -23 -24 -25
leaf_value=0.0010391056553498222 -0.0039123695858045791 0.0072496119059007949 0.0048756890929306049 0.0026706552383110103 0.0063247536487229354 -0.0036203871526165683 0.0091844999511029174 -0.0011670215384615213 0.00029921100167646839 0.0074131301410568489 -0.0044579817301366722 0.0072556959706042892 -0.00066293834757540722 -0.0044491316163789655 -0.0047125134953392173 -0.0024239334667966713 0.0037522232397869427 -0.004787861273045646 0.0038081508168060787 -0.0038611428391103716 -0.0066018088820380388 0.0055379839522728133 -0.0029150927053140895 0.0038139740308231304
leaf_weight=473.45262424647808 158.53919098526239 21.203895583748817 12.714647322893141 75.836626298725605 10.134646907448767 39.711771421134472 28.29634040594101 128.33885802328587 41.102831564843655 63.333588093519211 13.840509280562399 78.128731273114681 19.11143696308136 27.479943387210369 96.246193416416645 23.263762548565865 32.461351655423641 59.144950069487095 24.026459984481335 190.23456480354071 12.736618630588053 37.730880916118622 113.93041800707579 61.782538406550884
leaf_count=2886 1452 158 94 493 88 323 185 941 303 406 87 471 115 214 754 184 226 451 183 1463 92 282 913 420
internal_value=-3.01734e-05 0.000293153 -0.000457579 -0.00123011 -0.00319683 0.00123169 0.00190244 0.0010571 0.00302199 0.00470479 0.00168969 0.00435873 0.00571464 -0.00134884 -0.0016807 0.00232575 -0.00197505 -0.00145557 -0.00181526 -0.0021224 -0.000932999 0.000117494 -0.00102862 0.00184364
internal_weight=1842.78 1674.11 1089.58 748.598 168.674 340.978 301.266 272.97 144.631 104.436 584.533 111.081 97.2402 40.1946 672.762 44.4677 628.294 532.048 499.586 475.56 285.325 226.18 188.45 74.5192
internal_count=13184 11644 8085 5619 1540 2466 2143 1958 1017 709 3559 673 586 308 5126 342 4784 4030 3804 3621 2158 1707 1425 512
is_linear=0
shrinkage=0.01


Tree=120
num_leaves=25
num_cat=0
split_feature=271 307 109 152 149 71 315 257 62 39 209 97 281 318 235 259 71 169 101 43 48 122 157 105
split_gain=20.4853 10.6104 13.5912 15.4896 14.5068 14.372 13.232 12.1233 17.5757 11.9322 12.1343 16.0322 11.7561 11.0888 11.0463 11.0246 9.81558 13.8752 9.99231 11.8572 10.328 9.72113 12.3408 11.6465
threshold=0.067822972005887092 -0.021933817025178125 1.4149778051504862 0.11867455188391661 0.092335018445142789 1.2456346911122256 -0.096559334601391475 100.50000000000001 43.500000000000007 0.048568274992116058 0.61416040100250646 0.5256642685759354 3.9269627081919718 1.0261725863272011 0.014825805033520168 0.050067678509505296 2.1397816760993096 58.500000000000007 -0.89811568609127079 67.500000000000014 93.500000000000014 0.19841656829631085 0.18660772343915297 0.71506789023083195
decision_type=2 2 10 10 10 10 2 2 2 2 2 10 2 2 2 10 10 2 10 2 2 10 10 10
left_child=21 14 4 9 6 -6 7 8 -3 -4 11 -11 -10 -14 -2 16 18 -18 19 -7 -20 23 -23 -1
right_child=1 2 3 -5 5 15 -8 -9 12 10 -12 -13 13 -15 -16 -17 17 -19 20 -21 -22 22 -24 -25
leaf_value=-0.0010003300503871489 -0.0020534919418664171 -0.0035024495861112892 0.0071456756256579046 -0.0022305942631782208 -0.0041911495789137658 0.0069624833145942901 -0.0039140246835758438 0.0009889310755324017 0.010623369233731599 -0.0020304441652082713 0.0012410002726941582 0.010611639246173737 -0.0034296938465438382 0.0061786557193292827 0.0061060357842802693 -0.0045607588744283507 0.0075054848486624873 -0.0022099359740628106 -0.00064659988136774472 -0.0021067835701306004 0.0085179171737894896 -0.00045536424798926127 -0.0044372563648413348 0.0057528250231391569
leaf_weight=138.97628621011972 196.39271435141563 18.103007949888706 68.247549988329411 52.976286806166172 101.25769700855017 13.026779338717459 34.522980853915215 220.39518927782774 41.335569784045219 12.942963622510431 189.85559815913439 30.982851043343544 15.188281789422033 35.390115961432457 15.305097885429857 41.230149254202843 40.395225450396538 20.452871218323708 24.220931768417358 157.965645827353 21.022698946297169 136.78262937813997 181.91017059236765 28.296019941568375
leaf_count=1026 1377 123 437 419 771 92 230 1375 257 84 1281 201 95 220 106 314 270 142 186 1149 152 1119 1532 176
internal_value=2.12227e-05 0.000655202 0.00103777 0.00265331 0.000298492 -0.000965433 0.00175063 0.00237384 0.00504455 0.00352607 0.00239204 0.00696791 0.00679312 0.00324549 -0.00138584 8.55341e-05 0.000819776 0.00427106 -0.000189576 -0.00130757 0.00384235 -0.00173303 -0.00275049 0.000213086
internal_weight=1837.18 1351.21 1139.51 355.005 784.507 419.572 364.935 330.412 110.017 302.029 233.781 43.9258 91.914 50.5784 211.698 318.314 277.084 60.8481 216.236 170.992 45.2436 485.965 318.693 167.272
internal_count=13134 9281 7798 2422 5376 3076 2300 2070 695 2003 1566 285 572 315 1483 2305 1991 412 1579 1241 338 3853 2651 1202
is_linear=0
shrinkage=0.01


Tree=121
num_leaves=25
num_cat=0
split_feature=5 5 153 109 119 93 157 109 152 71 141 109 109 5 205 181 118 14 282 119 107 258 134 184
split_gain=16.676 26.8636 12.7189 22.3899 14.8721 12.8688 12.5625 11.7895 13.2826 11.5104 15.3727 13.5694 10.9291 11.3702 11.2054 10.6009 10.5169 10.4783 10.4562 11.2569 14.3917 10.0408 11.8841 10.6392
threshold=-2.8943022876294049 -2.8712440139818409 0.014947716507283942 1.7588197241736621 0.086193311609777432 -0.055748838389969378 0.19274917853231108 2.3175888047283166 0.17785686041913804 1.3026925464564936 0.01629328653176804 1.465758383013674 0.96647138036589408 -2.7664271998171581 -0.39415979597383877 0.054460838240686822 20.500000000000004 0.0059388429705667959 0.020834992302383604 -0.27954928140862506 -0.10743399492415472 -0.48210883392823445 0.070737991973877729 1.5708388478925042
decision_type=2 2 10 10 8 8 10 10 10 10 2 10 10 2 2 2 2 2 8 10 10 2 2 10
left_child=16 15 3 4 12 9 7 -4 -9 -6 11 -11 13 -3 -14 -2 -1 -12 19 20 -15 -16 -23 -24
right_child=1 2 6 -5 5 -7 -8 8 -10 10 17 -13 14 18 21 -17 -18 -19 -20 -21 -22 22 23 -25
leaf_value=-0.0063855958339618379 0.0092136285070787676 -0.0043244269190903205 -0.0019213729412325556 0.0043066127425327692 -0.0049084188832689583 0.0028759467225637227 -0.0056278220466640444 0.009741984465703981 -0.002312816280888791 -0.00043019602327255493 0.0045088316541783127 0.0061013729561991562 8.8272393128599008e-05 -0.00037914921472671927 0.0085381352327627801 0.0027465350958890823 -0.0012422816600149932 -0.0039531034848444054 0.0031889024948985284 -0.0039249679692993636 0.0095510435400553602 0.0090732359489757372 -0.0043243207533064393 0.0054572439852300907
leaf_weight=48.892389871180058 27.669661641120911 48.192937083542347 139.44970940798521 125.96370576322079 95.985293187201023 62.298706993460655 69.688119925558567 17.822277419269085 14.588566429913042 155.94441007077694 13.651089034974573 36.949927538633347 73.698230668902397 82.028538778424263 46.038962997496128 194.32784517109394 184.55323964357376 156.60302893817425 107.96674861758947 64.863232016563416 14.821284130215643 14.723630815744398 26.791599668562412 14.955998115241526
leaf_count=445 153 314 1137 806 775 455 594 124 117 1168 100 233 447 515 275 1104 1612 1214 688 456 88 87 165 89
internal_value=9.24814e-05 0.000457407 -6.29137e-05 0.000378736 -0.000118136 -0.00129361 -0.00213428 -0.000643423 0.00453814 -0.00187575 -0.00103954 0.000886183 0.00112068 4.42006e-06 0.0030967 0.0036633 -0.00238758 -0.00320593 0.000818721 -0.000785306 0.0013592 0.00518927 0.00216389 -0.000673019
internal_weight=1838.47 1605.02 1383.03 1141.48 1015.51 521.432 241.549 171.861 32.4108 459.134 363.148 192.894 494.081 317.873 176.208 221.998 233.446 170.254 269.68 161.713 96.8498 102.51 56.4712 41.7476
internal_count=13161 11104 9847 7875 7069 3945 1972 1378 241 3490 2715 1401 3124 2061 1063 1257 2057 1314 1747 1059 603 616 341 254
is_linear=0
shrinkage=0.01


Tree=122
num_leaves=25
num_cat=0
split_feature=271 151 22 71 149 307 62 33 226 104 31 199 323 123 38 71 162 234 309 120 323 165 151 292
split_gain=20.0982 12.6972 18.1037 13.907 14.5865 14.2293 13.0828 11.9153 11.0455 13.0745 10.5189 10.0308 9.97283 10.2448 16.9456 14.2145 9.52227 11.7893 10.6762 9.18952 11.1289 10.4223 8.96521 8.64842
threshold=0.10952046704805242 0.087447625420191508 0.08797565370076145 2.1964470663411553 0.14785670545009189 -0.00052499283399113663 191.50000000000003 0.051815535047242366 0.079430817503964385 33.500000000000007 0.0014295932965460864 -0.24573594434606383 646.50000000000011 0.64124283147438754 0.26855801532252221 1.8389733079629436 0.019672184015544252 0.078444409678765134 -0.041509464189876603 0.76613404366150739 163.50000000000003 179.48899884259262 0.003669737125619479 0.062520181000032385
decision_type=2 10 8 10 10 2 2 2 2 2 2 2 2 8 2 8 10 2 2 10 2 2 10 2
left_child=1 2 3 4 8 -5 -4 -8 19 23 -7 -9 13 14 -2 -15 17 -3 -18 20 -1 -22 -23 -10
right_child=12 16 6 5 -6 10 7 11 9 -11 -12 -13 -14 15 -16 -17 18 -19 -20 -21 21 22 -24 -25
leaf_value=0.0073609227055539683 -0.0013656204901366614 -0.0049704278228777368 0.00074404980570197822 -0.0040280161990081621 -0.004688308724097796 0.012002456108379663 0.0098466230579209949 -0.0036603840781444441 0.010844496401417537 -0.0038542682758833185 0.00094326266010861387 0.0071590684968411604 0.0050512749627773671 -0.0018249691263725828 0.00418145677160807 0.0016789863601527381 0.0059241503730545911 0.0032592789222987651 -0.0016054814520435909 -0.0034448685901106147 -0.0062669399413404336 -0.0014898578367071047 0.0080154036423704927 0.00057258412869959125
leaf_weight=17.645188048481941 75.969024807214737 148.61029355227947 247.48625069111586 15.017831422388552 131.46365394443274 16.583894565701485 31.550640307366848 17.215633533895019 19.081785030663013 14.101809673011301 16.763320453464985 12.140961661934851 63.759763471782207 208.69925601780415 184.87072739005089 252.83536882698536 18.764618575572968 17.543687000870705 143.67105816304684 111.2329413369298 21.619017615914345 25.301754742860794 12.665867410600184 13.967950917780398
leaf_count=117 476 1275 1773 108 1077 111 201 116 139 113 128 81 400 1481 1095 1636 151 154 1166 841 149 167 88 101
internal_value=0.000132022 -0.000770236 -2.64744e-05 -0.00138659 -0.00205638 0.00350935 0.00179846 0.00584297 -0.000545295 0.00364178 0.00698143 0.00101965 0.00133961 0.000992113 0.00256474 9.09015e-05 -0.00239132 -0.00405532 -0.000642679 -0.00163665 0.000984838 -0.00113612 0.0019935 0.00692028
internal_weight=1838.56 1052.43 723.839 415.445 367.08 48.365 308.393 60.9072 235.616 47.1515 33.3472 29.3566 786.134 722.374 260.84 461.535 328.59 166.154 162.436 188.465 77.2318 59.5866 37.9676 33.0497
internal_count=13144 8056 5310 3139 2792 347 2171 398 1715 353 239 197 5088 4688 1571 3117 2746 1429 1317 1362 521 404 255 240
is_linear=0
shrinkage=0.01


Tree=123
num_leaves=25
num_cat=0
split_feature=122 109 31 109 216 244 103 146 102 300 251 304 209 233 234 77 255 288 162 28 109 35 192 28
split_gain=16.0374 16.8077 16.0373 13.0552 12.8013 12.3443 12.2555 10.3145 15.8348 10.2258 13.9381 10.2241 10.2041 16.9045 19.8419 11.6088 10.7278 10.1747 9.87106 11.2935 9.61833 9.33063 9.25923 11.4515
threshold=0.26025589624797435 1.9109651622609172 0.020743572119119074 1.2469916402469974 1.8453263311639165 0.0048611111111111121 1.6265039876907605 0.11343910698607802 0.59851125645049486 0.31524416362997987 713.74125000000015 0.00030184091713586497 0.76490327674694047 0.74891644933110701 0.047216261325703397 2.1045371520365577 115.50000000000001 -0.0041943381566023072 0.019362649379051789 0.22460142237018507 1.162712221484822 0.0036385701676963818 1.5268072191909339 0.23507689930372502
decision_type=8 10 2 10 2 2 10 10 10 2 2 2 2 2 2 10 2 2 10 2 10 2 8 2
left_child=3 12 7 4 5 11 22 8 21 10 -4 -1 13 15 20 -2 -14 -12 -10 -20 -15 -3 23 -5
right_child=1 2 9 6 -6 -7 -8 -9 18 -11 17 -13 16 14 -16 -17 -18 -19 19 -21 -22 -23 -24 -25
leaf_value=0.0011089929786608243 0.0044329716267563976 0.014517446661604944 0.006746562231328153 -0.00055701182653381605 -0.0028473164983800138 0.00027733239762581295 -0.0023817213051256837 -0.0029810709645178824 -0.0035001512984655508 -0.0057559369897674673 0.0036578373827210091 0.0083616367192503004 -0.0042323883580392815 -0.0078575317344629948 0.0091573721979566342 -0.0022120495909551939 -2.4344379198597391e-05 -0.0065382561297082468 0.011137607142470784 5.550061744416022e-05 0.0023690944631764997 0.0042264324166259824 0.0067467618438129548 0.0051061399694333166
leaf_weight=44.010130502283573 26.334321908652782 19.460212253034115 22.498831495642662 70.738437935709953 109.18702797591686 543.55060303211212 34.998676106333733 15.728908620774744 20.671137467026711 32.615097813308239 13.310611106455324 34.067043282091618 214.69682592898607 11.608489140868185 32.4458968937397 272.40774327516556 84.684389114379883 22.95950273424387 13.213573746383188 22.025925315916538 22.645637020468712 20.646274849772453 70.449026435613632 67.674488008022308
leaf_count=282 189 125 174 424 784 3634 239 103 167 259 100 220 1781 99 253 2118 675 187 95 157 178 133 416 398
internal_value=5.90527e-05 -0.000927381 0.00157217 0.000938652 0.000264605 0.000823287 0.00292828 0.00407165 0.00528967 -0.00150412 0.000995696 0.00446842 -0.00169605 -0.000563521 0.00388229 -0.0015867 -0.00305684 -0.0027767 0.00166617 0.00475825 -0.00140569 0.00987321 0.00384285 0.00225173
internal_weight=1842.63 867.953 203.13 974.675 730.815 621.628 243.861 111.746 96.0171 91.384 58.7689 78.0772 664.823 365.442 66.7 298.742 299.381 36.2701 55.9106 35.2395 34.2541 40.1065 208.862 138.413
internal_count=13190 6793 1500 6397 4920 4136 1477 780 677 720 461 502 5293 2837 530 2307 2456 287 419 252 277 258 1238 822
is_linear=0
shrinkage=0.01


Tree=124
num_leaves=25
num_cat=0
split_feature=5 5 153 105 291 21 162 117 150 22 51 33 5 128 292 40 144 33 89 143 5 307 58 18
split_gain=21.2382 25.0021 13.707 16.5365 14.1637 13.7204 13.6149 12.6097 12.2703 12.801 16.0135 12.1695 11.6903 10.9308 10.5503 13.2502 10.2157 10.1375 10.1352 9.86394 9.83966 9.41183 9.12241 10.2105
threshold=-2.8983711643309662 -2.8773415074710829 0.014947716507283942 1.0631438680210092 1.5130982503977679 0.23707008905035606 0.004722556759891164 1.8090174116250464 0.048826334128002941 0.11730539456299779 264.50000000000006 0.029609009711065823 -2.7896573550751058 1.4157952981376847 0.0046583616012859487 0.0037718065904362211 0.0028860088954040415 0.031951884503591252 1.5521071422011048 0.071497651284885347 -2.7298926672839228 -0.0096709497189994605 0.71147814536745801 0.66975487317764804
decision_type=2 2 10 10 2 10 8 10 10 8 2 2 2 10 2 2 10 2 10 8 2 2 8 8
left_child=11 -2 3 5 16 6 8 12 14 -10 17 -1 -4 20 15 18 -5 21 -3 -16 -8 -11 -7 -24
right_child=1 2 7 4 -6 22 13 -9 9 10 -12 -13 -14 -15 19 -17 -18 -19 -20 -21 -22 -23 23 -25
leaf_value=-0.0056128412193006362 0.0035517251841864668 -0.00057403630739943164 0.0033741668981791709 -0.0032841666834702104 0.0079649746838579959 0.0027525392695927587 -0.0011031848498720808 0.0014069093669543448 -0.0037451575482286554 -0.0042985371576931821 0.0068612412735208706 -0.00085223299971597946 -0.0045150760072869721 -0.0048127883165285761 0.0034289011412740929 -0.0035586420728744507 0.0037308623875720649 -0.00761318949149032 0.0064024548737280996 -0.0033697573633272105 0.0039674809990655723 0.0052346221497367139 -0.0045906159066454429 0.0025456278571169967
leaf_weight=88.738480061292648 224.3239699229598 58.680758498609066 19.100899063050747 30.129185862839222 47.058247409760952 25.227697379887104 45.819756619632244 68.351250022649765 154.14648635685444 15.865599922835825 28.065405130386353 134.30388779193163 154.03569286316633 16.757397048175335 157.4823894649744 88.219722881913185 53.425963312387466 18.181626975536346 28.909278899431229 22.153353281319141 193.98307102918625 20.40706979483366 125.40731168538332 21.680413357913494
leaf_count=814 1265 392 154 208 300 191 296 510 1193 115 189 1181 1308 116 989 567 332 129 181 133 1266 146 1022 170
internal_value=7.45862e-05 0.000475483 -2.53689e-05 0.000429359 0.00373977 -2.35043e-06 0.000520978 -0.00217778 -0.000313037 -0.00206529 0.00108107 -0.0027975 -0.00359856 0.00243203 0.000857967 -0.000873718 0.00116481 -0.00207282 0.00184617 0.00254553 0.00299288 0.00102965 -0.00255222 -0.00350371
internal_weight=1840.45 1617.41 1393.09 1151.6 130.613 1020.99 848.672 241.488 592.112 236.666 82.5197 223.042 173.137 256.56 355.446 175.81 83.5551 54.4543 87.59 179.636 239.803 36.2727 172.315 147.088
internal_count=13167 11172 9907 7935 840 7095 5712 1972 4034 1772 579 1995 1462 1678 2262 1140 540 390 573 1122 1562 261 1383 1192
is_linear=0
shrinkage=0.01


Tree=125
num_leaves=25
num_cat=0
split_feature=46 102 105 60 160 107 11 262 81 152 88 105 79 152 297 213 114 11 53 257 99 23 226 162
split_gain=17.5474 15.6086 13.7612 17.6948 18.1781 16.266 16.0685 12.4961 15.4727 11.5925 10.7225 10.6252 13.6859 13.5055 10.9378 10.9225 10.5573 12.498 10.2649 9.98248 9.68708 12.1146 10.1734 9.39978
threshold=1.0000000180025095e-35 1.228056852784827 1.3824999942590697 -128.24604699875763 0.064915910048653422 -0.2503553571302386 0.71515915193318114 -0.99788036317089934 -0.15220359321469745 0.0022883415022412136 0.27898690115298774 0.33926448388465269 114.16350407942282 0.014306180925092102 -0.021786663115263515 -0.21566062148470785 0.53875967183219642 0.41799660612784234 64.500000000000014 92.500000000000014 0.74078787298181259 2.2688746221667242 0.030360640626800325 0.013712060166532368
decision_type=2 10 10 2 10 8 10 10 10 10 10 8 2 8 2 2 10 10 2 2 8 8 2 10
left_child=1 2 3 4 7 -6 11 -1 -9 16 -11 12 -5 14 15 -13 17 -10 -18 -19 22 -22 -4 -15
right_child=-2 -3 20 6 5 -7 -8 8 9 10 -12 13 -14 23 -16 -17 18 19 -20 -21 21 -23 -24 -25
leaf_value=0.0084563681146799657 -0.0026390868682021392 -0.0052942510635514894 0.0027064588179549539 0.00076830015491624712 0.012130647339443025 0.00031570712750944059 -0.0054734692840149226 -0.0046857064512877931 -0.0046955397524838828 0.0026285795749802876 -0.0035654140144243023 -0.0030808360691068795 -0.0060486810812927765 -0.0018790486100997269 0.0038733035497401261 0.0048331925995764051 0.0028392474112212841 0.0084134342467212467 0.0091911990486664829 0.0004560396205490498 0.0067614456446676383 -0.0030951812631141795 0.013239240855716816 0.00065610314036380988
leaf_weight=20.042850911617279 208.46837493777275 43.548666246235371 21.130984157323837 53.251889303326607 27.801631391048431 19.342356167733669 56.388481825590134 42.514170430600643 33.759924583137035 42.330246448516846 70.779440559446812 54.892516478896141 60.892310701310635 266.66018189489841 152.54669481515884 22.14548509567976 143.13545951247215 17.416704975068569 29.975566953420639 74.228166148066521 19.034264907240868 26.243774473667145 16.962696462869644 316.75263275951147
leaf_count=104 1889 366 138 381 169 112 453 261 216 279 474 354 492 2036 997 143 856 111 166 470 135 205 103 2270
internal_value=7.21198e-05 0.000423093 0.000589668 0.000365618 0.00185016 0.0075968 -0.000423311 0.00123487 0.000863367 0.00146712 -0.00123105 -9.92963e-05 -0.00291827 0.000304029 0.0023438 -0.000702237 0.00249479 0.000262934 0.0040755 0.00218646 0.00447675 0.00118194 0.0080145 -0.000504404
internal_weight=1840.25 1631.78 1588.23 1504.86 521.327 47.144 983.53 474.183 454.14 411.626 113.11 927.142 114.144 812.998 229.585 77.038 298.516 125.405 173.111 91.6449 83.3717 45.278 38.0937 583.413
internal_count=13180 11291 10925 10344 3218 281 7126 2937 2833 2572 753 6673 873 5800 1494 497 1819 797 1022 581 581 340 241 4306
is_linear=0
shrinkage=0.01


Tree=126
num_leaves=25
num_cat=0
split_feature=271 76 313 275 131 307 297 105 31 149 302 273 180 273 102 120 71 33 279 298 217 71 207 107
split_gain=18.9682 13.4783 9.35448 11.9731 11.0122 14.7013 11.4156 10.8278 14.729 13.1976 11.7832 9.71966 9.56695 15.7801 12.6292 11.4088 12.0877 10.2946 10.2767 12.8498 9.88359 9.44528 9.96052 15.9176
threshold=0.067822972005887092 0.707009975630013 0.021083160337037502 0.093247588424212449 1.2340838141068236 0.015228929912713208 0.050972326266765178 1.0021833205719421 0.021337398373983744 0.087889098349349409 -0.020999351848291256 3.2532318663701933 2.3972116972699897 3.3738341263359435 0.27764995529420955 0.74098181827612886 1.3026925464564936 0.042044787017364721 0.033647491638242273 -0.0031031826279551249 0.79125656951743917 0.6589736696687466 -0.59402590544242939 -0.13761975815350325
decision_type=2 10 2 2 8 2 2 10 2 10 2 8 2 10 10 10 10 2 8 2 2 10 2 8
left_child=1 -1 3 12 5 -4 21 9 10 -5 -9 -12 -2 14 17 -15 -17 20 -18 -20 -14 -6 -23 -24
right_child=2 -3 4 7 6 -7 -8 8 -10 -11 11 -13 13 15 -16 16 18 -19 19 -21 -22 22 23 -25
leaf_value=0.0026047876406698066 -0.0012407264518283318 -0.0022761312799008128 0.001883475727393344 0.00069865423311297266 -0.0030891998874178141 0.011867854588368887 -0.0020795916970370496 -0.00056189992748277183 -0.0044277829200003093 -0.004244731368207951 0.014425275338764448 0.0022447062522175424 0.013233569523523274 0.0033659036011122636 0.00070919920065023773 -0.0058121894507461485 -0.0015388947792880051 0.00021257142871133398 -0.0015321499376255501 0.0080501677723239257 0.0031058590867825424 0.0043699679657795863 -0.003375879128136625 0.0027906805163244518
leaf_weight=62.571671158075333 145.59557195007801 426.02488251030445 43.531172201037407 80.046504408121109 31.814453616738319 20.850720308721066 86.330809742212296 22.227772958576679 23.098860017955303 156.81227698177099 12.830934733152391 13.791505873203276 30.002107299864292 89.164624713361263 42.445600137114525 37.137051157653332 97.332422763109207 14.273881375789641 23.589887723326683 28.545362703502178 17.132479839026928 144.12813898175955 58.001783572137356 131.43079683184624
leaf_count=447 1038 3449 267 500 211 130 614 150 174 1150 81 92 187 551 304 268 673 87 166 193 111 978 438 899
internal_value=4.45715e-05 -0.00163756 0.00065623 0 0.00171039 0.00549688 0.00113749 -0.00155401 0.00178431 -0.00258142 0.00482315 0.00897428 0.000917676 0.00175119 0.00501847 0.000478493 -0.000925634 0.00781828 0.000367607 0.00384089 0.00995832 0.00191055 0.00241248 0.000875327
internal_weight=1838.71 488.597 1350.11 834.027 516.088 64.3819 451.706 308.808 71.9491 236.859 48.8502 26.6224 525.219 379.623 103.854 275.769 186.605 61.4085 149.468 52.1353 47.1346 365.375 333.561 189.433
internal_count=13158 3896 9262 5725 3537 397 3140 2147 497 1650 323 173 3578 2540 689 1851 1300 385 1032 359 298 2526 2315 1337
is_linear=0
shrinkage=0.01


Tree=127
num_leaves=25
num_cat=0
split_feature=46 132 217 28 233 105 247 310 58 107 300 321 109 278 303 270 236 68 70 64 11 297 95 292
split_gain=15.2597 14.2893 16.0474 14.2544 13.6047 13.2878 12.0693 11.8216 11.5951 11.1026 13.609 10.9116 10.7951 11.356 12.7052 10.2617 10.0459 9.9376 9.61613 9.61435 9.6088 9.55488 11.8628 10.5692
threshold=1.0000000180025095e-35 0.016623788499878278 0.7090230664857532 0.23241888857033641 0.6670153417015342 -0.24086168078826722 0.82666413687115192 -0.18540706738159771 1.0981454028218394 1.0000000180025095e-35 0.24751487124711177 4.5000000000000009 1.1685457581177501 -0.0029651610067040327 -0.00088593163640055743 0.054133196238459406 0.22990603238526724 415.50000000000006 0.91823596920133765 1.1584376798248381 0.47430584917416835 -0.022662804776411968 -1.1702683510182583 -0.049963289280469891
decision_type=2 2 2 2 2 10 2 2 8 10 2 2 10 8 2 2 2 2 10 8 8 2 10 2
left_child=1 2 6 4 -3 -5 9 -7 12 10 -1 -4 13 -6 -15 -2 -16 18 -13 -20 21 23 -23 -8
right_child=15 3 11 5 8 7 20 -9 -10 -11 -12 17 -14 14 16 -17 -18 -19 19 -21 -22 22 -24 -25
leaf_value=0.0015822246655165246 -0.0060442129165630808 -0.0049635449616562905 0.00064559989460913673 -0.0040408006793210835 -0.003255117877283175 0.0060106741724758727 0.0024980079244721048 -0.0010837570757565372 -0.0052021059061380217 -0.0022803668115726184 0.012143955741646431 -0.0030471000070369557 0.0062789715315128801 0.010822319590583485 0.0064084616095101922 -0.0010297611310029426 -0.0024609915550990531 0.00071309115166578638 0.0088968298178468807 -0.0027461655278977234 -0.0020955981153213694 -0.00080692995717640461 0.0044223210142890932 -0.0032549465682636782
leaf_weight=23.509124040603638 54.071685865521431 37.238832257688046 265.64931475371122 16.121422320604324 42.493341252207756 144.8202198818326 55.550888784229755 26.716696187853813 19.953129857778549 13.43282490968704 25.588688135147095 355.35662444680929 47.184062130749226 13.755630835890768 16.826654307544231 152.46768490225077 33.563762806355953 113.71876942366362 11.458226390182974 11.871551655232905 91.625691741704941 60.622358322143555 140.71657175570726 67.623512327671051
leaf_count=149 513 239 1912 98 256 885 386 177 150 87 162 2627 288 81 107 1362 205 781 77 91 692 412 970 475
internal_value=0.000129999 0.00045522 -7.59657e-05 0.00209441 0.000294864 0.00407806 0.001352 0.00490027 0.00148912 0.00535136 0.00746932 -0.000980656 0.0024421 0.000616334 0.00322533 -0.00241155 0.000665685 -0.00185872 -0.00263324 0.00327857 0.000716424 0.00152477 0.00285354 -0.000654558
internal_weight=1841.94 1635.4 1236.72 398.674 211.015 187.658 478.67 171.537 173.777 62.5306 49.0978 758.054 153.823 106.639 64.146 206.539 50.3904 492.405 378.686 23.3298 416.139 324.513 201.339 123.174
internal_count=13182 11307 8821 2486 1326 1160 3333 1062 1087 398 311 5488 937 649 393 1875 312 3576 2795 168 2935 2243 1382 861
is_linear=0
shrinkage=0.01


Tree=128
num_leaves=25
num_cat=0
split_feature=271 32 286 5 5 106 100 235 147 107 79 193 273 287 108 106 279 318 177 106 107 133 84 318
split_gain=19.1182 13.6218 13.6244 10.8429 15.1497 14.1187 13.4723 12.7092 14.7138 14.3085 11.8716 13.4428 11.115 14.9188 11.2912 11.2482 10.5417 10.5155 10.2474 14.3031 10.0247 9.75568 9.6599 17.1281
threshold=0.067822972005887092 0.0016992365706893964 0.57278480941076615 -2.8943022876294049 -2.8712440139818409 0.69672962988274478 0.85230489715806368 0.0051612989157942416 0.1519911894273128 0.36451673211335073 96.439319725669733 0.7649616368286446 5.4713495324663919 -0.0069431758210530591 0.94514344071718093 0.32957628106651021 0.0048698984138299548 0.64269025367156229 7.5035615471860737 0.61844615655726309 0.9278322160567456 0.063442306235320864 20.544132471151432 1.0797503781170419
decision_type=2 2 2 2 2 10 8 2 10 10 2 8 10 2 10 8 8 2 10 8 10 2 2 2
left_child=1 2 -1 -2 -5 6 12 9 -9 16 11 -8 13 22 15 -15 17 -7 21 -20 -12 -4 -6 -24
right_child=3 -3 18 4 5 7 10 8 -10 -11 20 -13 -14 14 -16 -17 -18 -19 19 -21 -22 -23 23 -25
leaf_value=0.0040733244341472456 -0.0016777223469109804 -0.0070548776060100557 -0.0032093404865089609 0.0034956539730152192 -0.0022189484723587837 -0.0045535618434267159 0.0094021330028037954 0.0012690539170061371 0.011625856294450452 0.0068336077911476546 -0.0028670334869947585 -0.0020498886449471653 -0.0034786190309704151 0.0083497356799836515 0.010503062200136202 0.0015610258937513877 -0.0042881301446300105 0.0051199492850148532 0.0050184525957451135 -0.0023884984816611517 0.0047814653367167096 0.0025465656817997223 0.0053715269920807072 -0.0043128593103172663
leaf_weight=42.429269328713417 173.15151127427816 40.147218383848667 275.50329088419676 196.72399166226387 125.89858972281218 13.407119318842886 16.703472994267941 26.620462648570538 27.89453312009573 29.78701563179493 265.2475528717041 19.599748477339745 48.128542818129063 25.659837692975998 16.72392576187849 193.08244877308607 43.515575908124447 34.729754984378815 45.625255286693573 53.662772260606289 15.686979576945303 30.617843568325043 52.264007277786732 24.691930525004864
leaf_count=329 1502 392 2182 1084 850 92 113 196 177 205 1921 141 316 154 103 1250 311 243 348 426 113 218 331 161
internal_value=2.40323e-05 -0.00166596 -0.0011392 0.000638096 0.000983042 0.000468803 -9.50654e-05 0.00301057 0.0068994 0.00113892 -0.00169104 0.00349339 0.000947457 0.00145501 0.00315273 0.00245877 -0.000850936 0.00230226 -0.00171175 0.00105019 -0.00239281 -0.00261225 -0.000527059 0.00220864
internal_weight=1837.5 487.986 447.838 1349.52 1176.37 979.641 803.687 175.954 54.515 121.439 317.238 36.3032 486.449 438.321 235.466 218.742 91.6525 48.1369 405.409 99.288 280.935 306.121 202.855 76.9559
internal_count=13158 3895 3503 9263 7761 6677 5453 1224 373 851 2288 254 3165 2849 1507 1404 646 335 3174 774 2034 2400 1342 492
is_linear=0
shrinkage=0.01


Tree=129
num_leaves=25
num_cat=0
split_feature=5 5 76 277 197 53 136 162 119 107 227 108 270 118 30 219 118 236 129 270 323 323 310 174
split_gain=16.1826 19.4226 13.9198 12.0219 12.1792 12.9121 11.5148 11.3653 16.2782 13.0139 16.0139 11.6518 11.0461 10.7951 10.4315 10.0478 10.0194 9.92641 9.14987 9.35437 8.86646 20.9346 11.954 8.9056
threshold=-2.8943022876294049 -2.8712440139818409 0.70338746342682812 -0.031442179363043977 -0.19685580725717064 59.500000000000007 0.29739169521588071 0.0032733311903996574 0.57785867847080996 0.29080678368324925 0.0051948402417962012 1.4994854544011738 0.054133196238459406 20.500000000000004 0.089424836126155607 0.022792207792207798 51.500000000000007 0.52898388393268958 1.448024624199403 0.040032051282051291 403.50000000000006 472.50000000000006 -0.12879246020412696 271.93666666666672
decision_type=2 2 10 10 10 2 2 10 10 10 2 10 2 2 2 2 2 2 8 2 2 2 2 10
left_child=12 -2 3 16 5 6 -5 -4 9 10 18 20 -1 -14 -13 -12 -3 -16 19 -9 23 22 -22 -10
right_child=1 2 7 4 -6 -7 -8 8 11 -11 15 14 13 -15 17 -17 -18 -19 -20 -21 21 -23 -24 -25
leaf_value=-0.0060164392752307715 0.0031486514729706602 -0.0046271684620847542 -0.0018651072781365147 0.0090096976388193539 0.00014381093096379634 -0.00055260493436996687 0.0020472840718421181 0.0065926502640240884 -0.0042819720120623418 0.0049787711543769807 0.0055996393518459951 0.01048926288916263 -0.0057207457044944152 0.00025338350197875179 -0.0047423448442224471 -0.0027941814911675638 0.0033487673564758236 0.0048418971716023482 -0.0031939345179484539 -0.00079029931629039519 0.0097109881451740813 -0.0028158351253942523 -0.0020978558582580805 0.0027797271860797723
leaf_weight=58.979470439255238 223.35160398483276 42.154455550014973 402.21671324968338 65.04855814576149 94.439975842833519 33.561148174107075 40.388220742344856 21.168303422629833 154.61924061179161 89.359192982316017 71.192348137497902 11.022694669663904 35.827293887734413 136.64031057804823 17.718485996127129 15.634654976427553 21.614991888403893 19.922843590378761 95.490369878709316 57.849648557603359 24.606181256473064 77.895759075880051 11.012351796030996 18.004181034862995
leaf_count=554 1253 286 2978 394 623 201 270 146 1260 551 462 79 324 1180 142 107 131 149 656 386 191 622 87 147
internal_value=7.42751e-05 0.000431794 -1.11842e-05 0.0018955 0.00294164 0.00479451 0.0064757 -0.000536675 0.000245797 0.00174585 0.000594941 -0.00132394 -0.00238084 -0.00105446 0.0030703 0.00403629 -0.001881 0.000289256 -0.00114883 0.00133532 -0.00209761 6.97182e-05 0.00614843 -0.00350662
internal_weight=1839.72 1608.27 1384.92 297.207 233.438 138.998 105.437 1087.71 685.496 350.695 261.335 334.802 231.447 172.468 48.664 86.827 63.7694 37.6413 174.508 79.018 286.138 113.514 35.6185 172.623
internal_count=13179 11121 9868 1905 1488 865 664 7963 4985 2308 1757 2677 2058 1504 370 569 417 291 1188 532 2307 900 278 1407
is_linear=0
shrinkage=0.01


Tree=130
num_leaves=25
num_cat=0
split_feature=120 114 153 116 96 47 262 245 232 120 28 88 192 307 11 38 323 245 58 95 35 192 28 222
split_gain=17.4124 21.6731 18.0344 12.2859 12.2561 11.7639 10.7385 10.7237 10.6775 9.38813 10.501 10.2491 9.89262 9.27061 9.06677 9.33811 8.98752 10.9732 10.4698 8.50667 8.47982 10.1624 9.44799 13.5826
threshold=0.80910960197290394 0.73460786348361962 0.015401558793629281 0.27407828562849151 -0.061137914507563465 21.500000000000004 1.0202925994437153 0.24100115546450904 2.7128062515281814 1.1647636340439984 0.21903496493805263 1.0971383045863505 1.3733243730308415 0.021985248461125002 0.34018972811671239 0.25492622791690939 67.500000000000014 -0.78986174536324116 0.70533902567444151 -1.5036175727097201 0.0086322064419980683 1.7415274311847482 0.23507689930372502 165.50000000000003
decision_type=8 8 8 8 10 2 8 2 2 8 2 10 10 2 10 2 2 2 10 10 2 8 2 2
left_child=5 6 4 -4 8 14 13 -6 9 10 12 -12 -3 -2 15 -1 -17 19 -19 -18 21 22 23 -7
right_child=1 2 3 -5 7 20 -8 -9 -10 -11 11 -13 -14 -15 -16 16 17 18 -20 -21 -22 -23 -24 -25
leaf_value=-0.0042343155409540027 -0.0034712578934393691 -0.003707032885048837 -0.0043246349296342983 -3.5895950186753302e-05 0.012137295539962203 -0.000232902831378283 0.0058159377051279146 0.0012740716656137916 -0.0010948794415491373 -0.0011861018768135876 0.0048345711189789744 -0.0034226185567619361 0.0036231369502302182 0.00080212804832079522 -0.0010487418999808929 0.010163884022909672 0.00054912216410293738 -0.0038138685573005909 0.0030778582816969953 0.010917387487081463 0.00072867897322577825 -0.0011107097257366388 0.002423541460247652 0.010861581929230132
leaf_weight=17.591229028999805 357.14856025576591 38.467433385550976 115.75895647704601 154.1318768337369 15.899857982993124 13.748363085091112 12.075200319290159 19.556267097592354 181.68885293602943 72.876027002930641 163.23597948998213 14.385414429008959 30.354900307953358 57.564019858837128 228.37504450976849 13.109916023910044 13.809118419885637 36.216376967728138 47.750360757112503 17.521535463631153 95.617764502763748 24.040106296539307 49.721901781857014 47.596028685569763
leaf_count=122 2793 250 1005 1210 100 87 97 134 1279 545 1039 98 203 442 1564 82 85 239 321 106 597 159 314 291
internal_value=-9.29579e-05 -0.000774856 0.00018991 -0.00190497 0.00125018 0.00129216 -0.0025892 0.00671083 0.000826074 0.00192222 0.00284848 0.00411688 -0.000444415 -0.00287425 0.000189054 0.0021151 0.00306546 0.00202481 6.61625e-05 0.00680261 0.00305368 0.00464292 0.0058938 0.0084591
internal_weight=1838.24 1233.14 806.356 269.891 536.465 605.098 426.788 35.4561 501.009 319.32 246.444 177.621 68.8223 414.713 374.374 145.999 128.407 115.297 83.9667 31.3307 230.724 135.106 111.066 61.3444
internal_count=13162 9195 5863 2215 3648 3967 3332 234 3414 2135 1590 1137 453 3235 2519 955 833 751 560 191 1448 851 692 378
is_linear=0
shrinkage=0.01


Tree=131
num_leaves=25
num_cat=0
split_feature=271 32 122 225 5 5 106 25 323 105 313 35 308 194 21 138 177 87 208 129 33 11 294 226
split_gain=19.5929 14.7564 11.1061 16.1901 10.9986 20.8527 14.143 15.7531 12.9415 12.2528 11.8114 14.9688 12.1037 11.9859 11.082 10.1092 13.1541 12.3647 10.6233 9.47708 9.22846 12.6111 8.84627 8.74689
threshold=0.067822972005887092 0.0016992365706893964 0.19841656829631085 0.63647450110864756 -2.8935132521978844 -2.8712440139818409 0.69672962988274478 -0.26651368683550786 246.50000000000003 1.3003658682844919 0.024428900908816355 1.0000000180025095e-35 0.00020321540955779794 0.15667146196727211 0.67863104383599049 0.14776178948036525 7.4473413379996503 3.1429122495246689 2.2037711257874584 0.56218454912127636 0.029108482688341073 0.37825738106892898 0.027230882662734383 0.049516626190920988
decision_type=2 2 10 2 2 2 10 2 2 10 2 2 2 10 10 2 8 8 2 8 2 10 2 2
left_child=1 2 3 -1 20 -6 10 8 -8 23 -7 13 19 22 -11 -4 17 18 -17 -13 -2 -22 -12 -9
right_child=4 -3 15 -5 5 6 7 9 -10 14 11 12 -14 -15 -16 16 -18 -19 -20 -21 21 -23 -24 -25
leaf_value=0.0078859297554496506 -0.0043724736063732372 -0.0074128684947684436 -0.004085695024932866 -0.00050665137551426768 0.0041175105255375983 -0.00107369748938241 0.00025290580168081184 -0.0050130155374182141 0.0099824788161738277 0.010399676411190099 0.012709205107711782 0.0041582415071737431 0.0028204814036666016 -0.00018982205485985136 -0.00053629458581448317 0.006552020965593458 0.0039827300575465624 -0.0049380328444067374 -0.0047198001161195104 -0.0029460740215519836 -0.0021443620272631509 0.0046249818412232658 0.002287192871172791 0.0013549850355750075
leaf_weight=24.96234767884016 71.436104014515877 39.165909171104431 152.57658290863037 130.13369734585285 175.54863275587559 516.004867374897 20.430788196623325 34.600872434675694 40.849097184836864 17.758740596473217 22.408200152218342 19.934476010501385 100.5801824554801 20.964000716805458 16.056463718414307 20.077379472553734 44.244107395410538 62.854000121355057 10.567288115620611 107.51535903662443 79.315211616456509 38.533289670944214 14.597074262797831 48.381223432719707
leaf_count=165 612 387 1293 916 964 3523 138 253 266 110 151 122 664 149 122 156 356 521 86 735 650 331 101 345
internal_value=-1.59769e-05 -0.00173465 -0.00118929 0.00095525 0.000604872 0.000971817 0.000397073 0.00292303 0.00690929 0.000708729 -0.000170871 0.00144907 0.000265444 0.00585851 0.00554021 -0.00233656 -0.000348474 -0.00246551 0.0025643 -0.0017607 -0.0016114 0.000117417 0.00907961 -0.00136653
internal_weight=1829.5 484.581 445.415 155.096 1344.91 1155.63 980.081 178.077 61.2799 116.797 802.004 285.999 228.03 57.9693 33.8152 290.319 137.743 93.4987 30.6447 127.45 189.285 117.849 37.0053 82.9821
internal_count=13116 3880 3493 1081 9236 7643 6679 1234 404 830 5445 1922 1521 401 232 2412 1119 763 242 857 1593 981 252 598
is_linear=0
shrinkage=0.01


Tree=132
num_leaves=25
num_cat=0
split_feature=271 100 107 119 131 114 281 247 42 294 231 256 114 59 95 138 199 90 113 180 123 13 13 174
split_gain=19.032 12.3155 15.3497 16.1523 14.9514 13.6758 11.1805 10.7131 11.3425 9.94694 12.0674 10.6033 12.5799 9.32635 9.18346 9.12235 12.5667 7.77606 9.39693 14.3518 12.3549 10.8736 11.5198 11.6641
threshold=0.10952046704805242 1.0477679750985656 0.25521975655414714 0.53403725152827974 0.95806053949105319 0.80148200733647679 6.0597569070275714 1.2422710539283222 107.50000000000001 0.01238888195150978 -0.37723959666609624 69.500000000000014 0.97490369833359791 2.396147392317681 -0.81898232093706025 0.16175191815856779 0.18437378444493888 14.442628547184921 -0.31267406217402866 3.8387948882701513 0.36244733191544881 0.97240257702004218 0.77560169030499904 90.861944444444461
decision_type=2 10 10 10 8 8 2 2 2 2 2 2 8 10 10 2 2 2 10 2 10 10 10 10
left_child=1 2 4 7 -1 -3 -5 -4 13 10 -7 14 -13 -9 -12 -11 -17 18 -6 20 -20 22 -21 -24
right_child=-2 5 3 6 17 9 -8 8 -10 15 11 12 -14 -15 -16 16 -18 -19 19 21 -22 -23 23 -25
leaf_value=0.0067501639035747454 0.0012278891857627461 -0.0059856598798719738 -0.00038445824663707059 -0.0018517957160636392 -0.0032912106965814949 0.0059081068094370979 0.0070120655326620807 0.0086144677131471687 0.01293501342410976 -0.0048523995797430004 -0.0059305378547313981 -0.0024646176556532193 0.0067088847749805208 -0.00063219002527399202 0.0036874966839767123 -0.004638427021962147 0.0087124420191423378 -0.0077097870139736773 0.0069900272858147488 0.0047834152727328615 -0.0021843070459750861 0.010527175977167035 -0.0038689280900478752 0.0055811774306663365
leaf_weight=21.360105775296688 782.29508290439844 78.796150729060173 22.182278163731098 83.002132415771484 133.99634907394648 29.563517868518829 14.211131379008291 18.15406147390604 22.429813578724861 88.69877652078867 44.792336896061897 28.276850499212742 26.256587982177734 21.568984322249889 10.327674008905886 11.77018788456917 10.922543182969092 15.496826425194739 12.870113268494604 51.154737509787083 232.73329547792673 12.145460307598112 47.675908096134663 14.83614708483219
leaf_count=143 5053 698 140 660 997 222 109 116 132 728 376 245 203 145 86 95 87 124 85 368 1796 85 355 109
internal_value=4.83055e-05 -0.000827836 -9.43676e-05 0.00239857 -0.00093899 -0.0024219 -0.000383652 0.00552523 0.00757457 -0.00124287 0.000535218 -0.00101698 0.00204807 0.00386281 -0.00401861 -0.00343202 0.00200243 -0.00129111 -0.00105033 -0.000220343 -0.00162507 0.00248936 0.00138612 -0.00146555
internal_weight=1835.52 1053.22 723.817 181.548 542.269 329.405 97.2133 84.3351 62.1529 250.608 139.217 109.653 54.5334 39.723 55.12 111.392 22.6927 520.909 505.412 371.416 245.603 125.812 113.667 62.5121
internal_count=13157 8104 5364 1302 4062 2740 769 533 393 2042 1132 910 448 261 462 910 182 3919 3795 2798 1881 917 832 464
is_linear=0
shrinkage=0.01


Tree=133
num_leaves=25
num_cat=0
split_feature=271 73 270 31 116 77 161 114 120 294 153 88 113 262 131 137 133 137 107 76 107 99 103 319
split_gain=15.8746 14.7466 11.5731 11.5586 11.1002 14.4146 10.875 10.4507 19.1539 11.4219 11.3208 14.1683 11.1023 9.66459 9.26216 14.3174 10.7098 9.32226 12.1734 10.4321 13.382 10.3081 12.011 11.6353
threshold=0.14021189356493871 315.53479370826329 0.09212004730928447 0.0028429296521401792 -0.034241208251216293 3.006105352111764 0.10301697998787145 0.78537848199744842 0.75414487328874025 -0.04839875750020544 0.049443833272216117 0.89102236133386048 0.030526503736749335 -0.99788036317089934 1.8220067079164852 0.14726963166997317 0.04475448487539254 0.12135540632437948 -0.34477722187210241 1.0861574379193832 0.25521975655414714 0.42651121584415264 1.3292726976831244 -0.17129120879120877
decision_type=2 2 2 2 8 8 8 10 10 2 10 10 10 8 8 2 2 2 10 10 8 10 8 2
left_child=1 14 3 -2 13 -6 -7 8 -3 -9 11 -11 -13 -4 15 -1 -17 18 -16 20 -19 22 -22 -23
right_child=2 7 4 -5 5 6 -8 9 -10 10 -12 12 -14 -15 17 16 -18 19 -20 -21 21 23 -24 -25
leaf_value=-0.0014621686621181275 0.0051612238977418621 0.0040581699221558286 0.0059013130993700738 -0.0026645392926689499 0.006521280455646563 -0.0043495164405594486 0.0038730390403866732 0.0073538665981913763 -0.0022083402532860961 0.0047911021187725033 -0.0051277601186567072 0.0044069612050130933 -0.0058225998332649635 -0.0019765751737615923 -0.00098951641892993649 0.00221076869476004 0.012378615870747511 -0.0022762741246840175 0.0051043000699596318 -0.0037971773927139214 0.00080508387741722357 -0.007226189401755451 0.0082407883602892106 0.00066333945578762486
leaf_weight=63.10829471796751 126.58855506032705 67.582650676369667 14.635253474116324 20.103808052837849 53.97533942013979 31.467801667749882 27.425484798848629 41.642477430403233 155.74576939642429 89.027673952281475 19.322417818009853 14.037165991961954 26.329402983188629 142.04852468520403 105.28012611716986 34.225857645273209 13.386629708111284 350.44351067394018 44.226253755390644 199.00608847290277 69.615544445812702 22.292419567704201 29.47317972779274 70.727922029793262
leaf_count=428 744 448 87 130 334 212 180 299 1209 621 164 98 190 917 754 247 89 2628 319 1651 454 179 205 550
internal_value=0.00010832 -0.000396528 0.00181856 0.00405173 0.000569964 0.00292551 -0.00050204 0.00118536 -0.000280379 0.00288903 0.00151776 0.00260661 -0.0021861 -0.00114242 -0.00105228 0.00164128 0.00562552 -0.00139225 0.000868053 -0.00185089 -0.00111909 0.000989073 0.0031947 -0.00137495
internal_weight=1831.72 1415.47 416.245 146.692 269.552 112.869 58.8933 413.688 223.328 190.359 148.717 129.394 40.3666 156.684 1001.79 110.721 47.6125 891.065 149.506 741.559 542.553 192.109 99.0887 93.0203
internal_count=13137 10533 2604 874 1730 726 392 3029 1657 1372 1073 909 288 1004 7504 764 336 6740 1073 5667 4016 1388 659 729
is_linear=0
shrinkage=0.01


Tree=134
num_leaves=25
num_cat=0
split_feature=123 84 71 120 228 215 267 279 129 218 158 71 289 193 128 123 311 71 295 129 81 84 275 233
split_gain=16.6816 13.7799 12.6491 16.4644 10.7014 10.6013 13.7167 12.9516 8.38941 9.39115 8.32491 8.77635 8.39324 14.2951 8.83787 12.4522 17.4589 14.1799 12.6592 13.1374 12.5902 10.0094 9.41148 9.09313
threshold=1.0218350804739009 20.359376455999087 1.459563809681933 0.64851325525468806 0.32793072046513261 -0.83734610210710947 1.0767365257427823 -0.012162937798801452 1.3954369784261427 0.098422752111276712 0.34150635520439715 1.295347410432907 -0.14887775972194686 0.59476565172767715 -0.38912651606816734 -0.10896092029255984 -0.20323144076513991 0.45860519371322689 0.14245238890718612 0.48100391181289254 -0.039922666080483026 -0.58422633735786744 0.074074074073273904 0.85005854800936775
decision_type=8 2 10 10 2 2 2 8 10 2 10 10 2 8 10 10 2 10 2 10 10 2 2 2
left_child=1 10 -2 4 -4 7 -7 -5 -8 -10 12 -12 -1 -14 -15 16 20 -17 19 21 -16 -19 -20 -24
right_child=2 -3 3 5 -6 6 8 -9 9 -11 11 -13 13 14 15 17 -18 18 22 -21 -22 -23 23 -25
leaf_value=0.0057396479466974596 -0.0029778431603981492 0.0048690608791811399 -5.7300456382290016e-05 0.0089389191285675889 0.012215921338955223 -0.00017462915346865078 -0.0055267964714111337 -0.00058909201391753254 -0.0024158833207399691 0.0066774033919364149 -0.0047045892575043446 0.0025366695166500171 -0.0057798303155480466 -0.0022203164720961755 0.0040992248237890347 -0.0065792852970441773 -0.0037070115206554073 -0.0018838041670074727 0.01055687895113526 -0.0024001550523636899 0.014286963549056104 0.009583893566052085 0.0011573939415420102 0.0069777078267167451
leaf_weight=33.322715252637863 210.04777073860168 85.991972632706165 11.837728500366213 22.825422175228596 14.24375646561384 701.22527471184731 84.042137578129768 30.979545906186104 65.379957899451256 10.794323846697806 50.363632686436176 22.065260283648968 28.748150743544102 63.551390632987022 38.907165795564651 20.904032550752163 14.711832240223883 11.281624011695387 13.32976398617029 109.06051620095968 17.978180229663849 15.850691482424734 129.38960926234722 31.822719775140285
leaf_count=212 1720 484 90 167 91 5203 685 225 522 86 357 142 181 440 225 143 91 81 86 714 97 101 824 213
internal_value=-3.99993e-05 0.00118942 -0.000775859 -0.000275958 0.00715193 -0.000510201 -0.000784363 0.00368064 -0.00339728 -0.000920808 0.000641088 -0.00247266 0.00108036 0.000734086 0.00116994 0.00171854 0.00542066 0.000877028 0.00143691 -0.000834686 0.00786223 0.00505526 0.00320008 0.00241338
internal_weight=1838.66 687.279 1151.38 941.328 26.0815 915.247 861.442 53.805 160.216 76.1743 601.287 72.4289 528.858 495.536 466.788 403.236 71.5972 331.639 310.735 136.193 56.8853 27.1323 174.542 161.212
internal_count=13180 4391 8789 7069 181 6888 6496 392 1293 608 3907 499 3408 3196 3015 2575 413 2162 2019 896 322 182 1123 1037
is_linear=0
shrinkage=0.01


Tree=135
num_leaves=25
num_cat=0
split_feature=120 109 77 222 185 109 152 308 103 234 115 247 305 83 189 247 33 134 116 120 213 93 59 276
split_gain=15.8025 14.6444 22.0324 12.2656 12.4987 11.3665 12.9667 11.1753 11.8805 11.0185 12.9994 15.3574 16.1436 11.5259 10.7499 14.3527 10.4465 12.6725 14.1317 12.2729 10.197 9.90283 9.81741 9.74413
threshold=0.80910960197290394 1.1685457581177501 3.0938428310635673 164.50000000000003 0.758774630541872 2.3487247349341756 0.17785686041913804 -0.0021588004932686943 1.6428132559348676 0.079373261332024228 -1.2791476990735051 1.3413798943137165 0.40580104608323758 1.0402058046671585 -0.45295555902001777 1.1783977403975969 0.031504334017071402 0.028710634195167551 -0.023330678607070669 0.54515546181929897 -0.5600645669423675 0.087121119533629374 4.4135421675451978 0.87019230733171982
decision_type=8 10 8 2 8 10 8 2 8 2 10 2 2 10 8 2 2 2 10 10 2 8 8 2
left_child=3 9 7 4 16 23 22 -3 14 21 13 -12 -13 -11 15 -9 17 -1 -19 -18 -17 -2 -7 -4
right_child=1 2 5 -5 -6 6 -8 8 -10 10 11 12 -14 -15 -16 20 19 18 -20 -21 -22 -23 -24 -25
leaf_value=-0.00278517991551798 -0.0034157565990468501 -0.0012695803492246862 0.0057617141751926176 0.0033929252387101083 -0.0013912915591468645 0.011118653407880602 -0.0029522145764900479 0.0067128977931106048 -0.0013253510825531523 -0.0025060404545995912 -0.0049933403441349269 0.0084073518028481547 -0.0033025268448338696 0.0067910888637444768 0.0063839231087717829 -0.0064944078304631303 0.0070427073699545996 0.0032350698930303156 0.01282276491892366 -0.0013842721695535363 0.0021004745746977223 0.003830084094090453 -0.00012405728603816921 -0.0018643850281331066
leaf_weight=17.005623891949654 294.67196560651064 62.183256186544895 14.707948453724383 210.54413280636072 193.89307800680399 18.98353773355484 18.217272199690342 30.229585699737072 41.744211249053478 17.42901324480772 60.752664178609848 20.835112765431404 20.98515822738409 39.788575559854507 115.13510011136532 21.535051129758358 18.100063912570477 52.825348608195782 21.037811875343323 96.022348575294018 29.299267202615738 17.708822518587112 11.688853994011881 401.45567019283772
leaf_count=122 2323 421 111 1331 1325 127 150 192 315 132 444 160 164 275 740 143 111 337 139 624 188 136 83 3148
internal_value=0.000141982 -0.000506598 0.000347272 0.00145672 0.000415443 -0.00101299 0.00341509 0.0024481 0.00342738 -0.00188627 0.000242897 -0.00187052 0.00267245 0.00395769 0.00444815 0.00156368 0.00212488 0.00459926 0.00635274 8.22005e-05 -0.00167277 -0.00297097 0.00715667 -0.00155522
internal_weight=1846.78 1237.35 765.18 609.428 398.884 465.053 48.8897 300.126 237.943 472.171 159.791 102.573 41.8203 57.2176 196.199 81.0639 204.991 90.8688 73.8632 114.122 50.8343 312.381 30.6724 416.164
internal_count=13241 9252 5618 3989 2658 3619 360 1999 1578 3634 1175 768 324 407 1263 523 1333 598 476 735 331 2459 210 3259
is_linear=0
shrinkage=0.01


Tree=136
num_leaves=25
num_cat=0
split_feature=32 21 93 153 5 114 120 108 232 232 313 181 43 256 232 57 304 22 145 262 266 199 138 176
split_gain=14.8661 14.668 12.6911 19.5076 14.99 11.1563 18.3293 11.1269 11.111 10.8767 10.5011 10.3343 11.8689 13.8477 10.9427 9.90222 10.2549 10.0048 9.66101 9.23628 10.1727 9.16401 9.99009 9.10139
threshold=0.0014316399604838677 0.22120453928176353 -0.08924937722685243 0.049443833272216117 -2.7896573550751058 0.72620955713536361 0.80910960197290394 1.4994854544011738 2.7618243627849215 1.392613088903808 -0.06235710101046759 0.042429833389242992 254.50000000000003 176.50000000000003 2.2990647072176134 0.24980177907607112 -0.037027184900117742 0.76702220097240492 0.0084926072845293923 -0.5297964352369241 6.4649014778325133 -0.29910963722766903 0.16676743248690049 11.721009879432374
decision_type=2 8 8 10 2 8 8 10 2 2 2 2 2 2 2 10 2 10 10 10 2 2 2 2
left_child=1 5 4 15 -3 6 11 -6 9 -7 -2 -1 14 -14 -13 -4 -17 -18 -19 -11 -21 -8 -23 -10
right_child=10 2 3 -5 7 8 21 -9 23 19 -12 12 13 -15 -16 16 17 18 -20 20 -22 22 -24 -25
leaf_value=0.0070468327860972605 0.0020865582138314669 0.0025093105559750024 0.009307822979225595 -0.0042080639336412448 -0.0039885189577797452 -0.0010892799826099971 -0.0028539889383635973 0.0027307310879373663 0.0060543083647200289 0.010227556938727813 -0.0040686529540685237 0.00088608587413862119 0.010261506652006005 0.0010819482803630254 -0.0042011912164148018 0.0064688207410667524 -0.0028501417576673295 -0.0036165627435442772 0.0048214509330153218 0.0037436572612259186 -0.0041543750913436142 0.0055192573472638874 -0.0045050222664287749 -0.0015504936368621377
leaf_weight=27.142838396131992 32.688915759325027 50.560819357633591 16.024140581488609 56.634829662740231 238.02697293460369 51.984667085111141 210.34884950518608 25.283103570342064 15.551588229835032 18.769082769751549 132.92666010558605 279.41609954088926 24.313191063702106 44.334913045167923 46.880197696387768 30.531382754445076 55.517675943672657 15.670412227511404 51.165003068745136 251.92931488901377 15.009678661823271 27.014602534472942 12.276019133627413 105.9154027402401
leaf_count=181 294 389 117 470 1960 326 1531 193 98 106 1251 1753 151 271 318 217 436 117 354 1554 103 202 88 689
internal_value=-9.61053e-07 0.000283579 -0.00106885 0.000732488 -0.00236141 0.000930616 0.000105892 -0.00331728 0.00212689 0.00305373 -0.00283305 0.00137483 0.000934944 0.00462576 0.00012216 0.00243713 0.00155387 0.000200404 0.00276177 0.00381436 0.00325675 -0.00202694 0.00227071 -0.000452619
internal_weight=1835.92 1670.3 539.414 225.543 313.871 1130.89 671.727 263.31 459.16 337.693 165.616 422.087 394.944 68.6481 326.296 168.909 152.884 122.353 66.8354 285.708 266.939 249.639 39.2906 121.467
internal_count=13169 11624 4253 1711 2542 7371 4495 2153 2876 2089 1545 2674 2493 422 2071 1241 1124 907 471 1763 1657 1821 290 787
is_linear=0
shrinkage=0.01


Tree=137
num_leaves=25
num_cat=0
split_feature=32 122 162 149 11 38 64 267 11 108 149 102 107 133 58 106 302 67 122 212 108 149 108 308
split_gain=20.4383 15.5968 13.5304 18.4289 11.0213 11.0375 10.0591 9.67406 9.50941 9.44261 11.0015 10.2455 12.3377 11.6438 12.689 10.4608 9.07899 12.7197 12.6507 15.9383 11.1649 12.4304 14.3294 10.7665
threshold=0.0014316399604838677 0.26025589624797435 0.0053357058125741404 0.26401991614255771 0.50121577162652076 0.39366739619837893 0.8182172919010654 0.72005867661983458 0.31385025740899863 1.4994854544011738 0.14658413274565726 0.64910327237399745 0.27914872946086139 0.003381236566515755 0.87736979430537787 0.58247575831392961 0.01226721925394164 217.65329501783495 -0.036444640190500595 0.31601439496176342 0.47896466015187089 0.082009247583018086 0.26938899299508989 0.0037801999063329008
decision_type=2 8 8 10 8 2 10 2 10 10 10 10 8 2 10 10 2 2 10 2 10 10 10 2
left_child=1 16 -3 4 5 8 -5 -6 -4 11 -11 12 15 -14 -15 -7 20 18 19 -18 21 22 -1 -22
right_child=-2 2 3 6 7 9 -8 -9 -10 10 -12 -13 13 14 -16 -17 17 -19 -20 -21 23 -23 -24 -25
leaf_value=-0.00024463945086309192 -0.0031855825433835124 -0.0025328943439668168 0.0081433178297001547 0.011660464705759854 0.00016915013530934356 -0.0058661722492881242 -6.3605050568331738e-06 -0.0060604821870279017 0.001170360698901903 -0.0029867472987769399 0.006853977202926808 -0.0033921341375561277 -0.0049398424193932665 0.010784578796735693 0.0018639731857113628 0.00060813548732814506 0.0015757199877671105 0.008024128569598438 -0.002380572939060448 0.0086122000009768492 0.0014480987772379403 -0.0024831521459699451 0.0064046874842828326 0.0076640858901650503
leaf_weight=136.63723242282867 165.63167157769203 237.06246870756149 28.558424159884453 18.42459120601416 46.173977427184582 37.771719515323639 11.057000413537024 50.193565189838409 56.141820207238197 14.644605122506617 32.344923809170723 105.09754249453545 12.662072911858557 20.825124077498913 55.024647004902363 62.913899794220924 150.5692015811801 38.465448021888733 50.594075351953506 38.99608488380909 230.17663563042879 162.79881274700165 39.464993096888065 29.426736578345299
leaf_count=825 1549 1946 193 120 381 291 86 431 431 116 222 848 84 131 373 444 921 232 354 227 1383 1138 225 173
internal_value=0.000133409 0.00046884 -0.000549561 0.000309245 -0.000141511 0.000552159 0.00763756 -0.00314602 0.00372092 -0.000255552 0.00377134 -0.000931824 0.000459554 0.00313623 0.00462691 -0.00190522 0.00138476 0.00286815 0.00195404 0.00313424 0.000682227 -0.00051055 0.00131786 0.00223187
internal_weight=1831.66 1666.03 788.896 551.834 522.352 425.985 29.4816 96.3675 84.7002 341.285 46.9895 294.295 189.197 88.5118 75.8498 100.686 877.129 278.625 240.159 189.565 598.504 338.901 176.102 259.603
internal_count=13124 11575 6097 4151 3945 3133 206 812 624 2509 338 2171 1323 588 504 735 5478 1734 1502 1148 3744 2188 1050 1556
is_linear=0
shrinkage=0.01


Tree=138
num_leaves=25
num_cat=0
split_feature=271 39 271 197 46 253 143 81 259 118 292 107 154 172 151 201 73 234 73 299 307 323 229 33
split_gain=19.6854 13.335 11.3154 11.8503 10.2464 11.0219 11.4289 10.1229 11.4759 9.65486 10.0712 10.9103 14.8543 12.1416 10.6776 10.3117 11.451 10.0578 9.54497 9.29864 9.2979 9.64404 9.27864 9.02196
threshold=0.052674495872370851 0.024828566060776856 0.036106811735822961 -0.33668683767744434 1.0000000180025095e-35 202.50000000000003 0.17907926583299719 -0.15220359321469745 -0.90317088276277124 151.50000000000003 -0.031466736733136484 -0.085530948033653478 0.0067643828930510656 2.7959722222222227 0.021528550241008533 0.49800000000000005 261.07690684314315 0.052441004688195708 294.46461672214781 0.095245213608045512 -0.021594624393522648 239.50000000000003 -0.35522674893262457 0.029609009711065823
decision_type=2 2 2 10 2 2 10 10 8 2 2 10 10 10 8 2 2 2 2 2 2 2 2 2
left_child=1 2 3 -1 5 6 7 -2 -9 10 15 12 14 -14 -12 -10 -17 -18 -15 20 21 -13 -20 -6
right_child=4 -3 -4 -5 23 -7 -8 8 9 -11 11 19 13 18 -16 16 17 -19 22 -21 -22 -23 -24 -25
leaf_value=-0.0049962173171403971 -0.0043686906668947605 -0.0045081737311574478 0.0041618818372182089 0.00074228840930761224 -0.0045569761648124795 0.0062245080357526414 0.0065775303751920708 0.0044360383944237773 0.0055458988732999303 -0.0043861750195100255 0.00041736929799856409 0.005118707205475183 -0.0053524507682588219 0.0019078040760319305 -0.0033876394390913228 -0.002506157700618144 0.0059937122660027051 -0.0012111954372121467 0.013575055384791077 -0.0032689389914836208 0.0035994676190826973 -0.0041239303019616688 0.003136640134034831 7.0890784323546682e-05
leaf_weight=59.931588411331177 38.215142197906971 137.95093373954296 39.382781364023685 82.298032179474831 66.404624752700329 33.960049249231815 29.118841461837292 73.495013415813446 20.265326343476772 37.354117378592491 180.49448344111443 13.898426100611685 14.261489242315291 99.993790939450264 120.79301782697439 224.4665669053793 31.592089049518108 42.1542823985219 13.950150847434996 23.591733895242214 286.24251249432564 31.992552779614925 22.747866548597813 106.26944361627102
leaf_count=494 234 1180 276 648 622 218 151 416 138 247 1165 95 88 645 933 1602 215 281 83 169 1914 220 145 947
internal_value=4.58697e-05 -0.00219724 -0.000394012 -0.00171927 0.000524086 0.000821015 0.00066637 0.000516317 0.000677671 0.000429238 0.000600448 0.00119353 0.00015722 0.00269098 -0.00112221 -0.000898278 -0.00138775 0.00196993 0.00362929 0.00249651 0.00293329 -0.0011688 0.00782036 -0.00174802
internal_weight=1830.82 319.563 181.612 142.23 1511.26 1338.59 1304.63 1275.51 1237.29 1163.8 1126.44 807.966 452.241 150.953 301.288 318.478 298.213 73.7464 136.692 355.725 332.133 45.891 36.698 172.674
internal_count=13126 2598 1418 1142 10528 8959 8741 8590 8356 7940 7693 5457 3059 961 2098 2236 2098 496 873 2398 2229 315 228 1569
is_linear=0
shrinkage=0.01


Tree=139
num_leaves=25
num_cat=0
split_feature=32 99 105 21 114 76 73 213 317 170 262 144 76 11 168 270 158 99 193 170 23 99 111 71
split_gain=14.9697 12.2048 10.7035 13.4288 17.377 19.5492 11.9836 11.4353 11.5277 10.9222 10.7877 10.688 10.5624 11.247 12.0689 10.5581 9.79062 13.2046 9.63683 9.61743 9.4817 13.4689 9.35198 9.20753
threshold=0.0014316399604838677 1.2991274216249038 1.4420521659080172 -0.024468828584708797 0.72620955713536361 0.81635623538640334 317.52657757435776 -0.13790123490948086 -0.0028632799209677346 2.4333523795352288 1.0804572596287632 0.081696829675266341 0.69266998154519122 0.49856884427982234 157.50000000000003 0.054802181974196319 0.20156570763244172 0.27239819448961544 0.8277715980719319 1.6476047696986249 2.2688746221667242 0.81770935804741207 1.356715040448119 2.7681759000253923
decision_type=2 10 10 10 8 10 2 2 2 10 10 10 8 10 2 2 8 10 8 10 8 8 8 10
left_child=1 2 3 4 5 -1 7 10 -9 19 18 -7 -8 14 -14 -2 -10 -18 -5 -6 -4 -22 -13 -11
right_child=15 -3 20 6 9 11 12 8 16 23 -12 22 13 -15 -16 -17 17 -19 -20 -21 21 -23 -24 -25
leaf_value=0.0013224424340117478 -0.0068636478298442442 -0.0053028979880514714 0.008400439890157884 -0.0018651165319036171 0.0031482674316941038 -0.0046647099675268455 0.0081658439594541228 -0.0035571103914270007 0.0094280765343498392 0.0051072569776985967 0.0051325917558955473 0.005522539657121437 0.0066139396927816672 -0.0033307407466236067 0.00032905238703794226 -0.0011896344763381549 0.0071844622462364409 -0.0017810120949097422 -0.0057457270751493433 -0.0028281354356978899 0.00627948775726092 -0.0043943613526421996 -0.002514882442984678 -0.0027445112131204413
leaf_weight=385.66603507846594 43.117921277880669 34.311606645584106 28.527036614716053 252.99852783232927 56.618632227182388 103.7808293402195 16.646745324134827 35.570734083652496 15.983505636453627 179.53927520662546 14.993829078972338 21.341165892779827 36.570048049092293 55.475201845169067 139.23315268009901 122.49928951263428 21.659128837287426 47.202123336493969 86.0010586977005 46.340901777148247 20.930168516933918 20.705027066171169 33.232672683894634 14.34503637254238
leaf_count=2403 430 293 188 1938 379 770 108 266 121 1030 119 128 256 472 990 1124 156 373 703 287 140 165 224 81
internal_value=7.69539e-05 0.000363881 0.000492539 0.000316455 0.00117414 0.000106488 -0.000681268 -0.00160998 0.00102811 0.00310789 -0.00251123 -0.00281977 0.00108992 0.000483404 0.00172645 -0.00276367 0.00301491 0.00119773 -0.00289211 0.000445096 0.00423684 0.00100706 0.000728283 0.00448995
internal_weight=1833.29 1667.67 1633.36 1563.2 840.865 544.021 722.334 474.409 120.415 296.844 353.993 158.355 247.925 231.278 175.803 165.617 84.8448 68.8613 339 102.96 70.1622 41.6352 54.5738 193.884
internal_count=13144 11590 11297 10804 5302 3525 5502 3676 916 1777 2760 1122 1826 1718 1246 1554 650 529 2641 666 493 305 352 1111
is_linear=0
shrinkage=0.01


Tree=140
num_leaves=25
num_cat=0
split_feature=153 105 119 71 164 75 105 221 307 236 30 272 46 262 81 302 226 126 105 111 197 165 301 27
split_gain=14.6471 18.4223 16.2428 13.3636 11.1068 10.7315 9.91177 13.4645 12.8207 11.5037 11.289 12.5626 9.89066 10.81 15.6802 11.2706 10.8706 12.4854 10.5119 11.7542 10.2216 9.32021 9.31365 10.0933
threshold=0.01564247762863535 0.99430583986784449 0.060448502223672131 1.3026925464564936 0.0018148880105401846 0.42798048920673565 0.59765098524019611 -0.50592022664295588 -0.0041489980275007518 0.29095719095719103 0.011371718608560717 0.011651686934645722 1.0000000180025095e-35 -0.99788036317089934 -0.15220359321469745 0.0060086861398306332 0.03618823118561202 0.39115955323097834 0.29875696018570358 1.6890647336437767 -0.46098700480436322 178.740775462963 0.68927048661981827 0.79507419043767702
decision_type=10 10 10 8 10 10 10 2 2 2 2 2 2 8 8 2 2 10 8 8 8 2 2 2
left_child=1 2 12 -4 -2 6 7 8 -5 -10 11 -8 13 -1 -15 16 17 -16 19 -17 -19 -12 -20 -24
right_child=4 -3 3 5 -6 -7 10 -9 9 -11 21 -13 -14 14 15 18 -18 20 22 -21 -22 -23 23 -25
leaf_value=0.0083738932403844731 -0.0031392330359812891 0.0033479940083984911 -0.0044401290434108263 -0.0035334846221923978 0.0011343505685403447 -0.0028841893549552589 -0.00020492232676731727 -0.0026009429859679628 0.0016245509720657306 0.014343396043963086 -0.0046452678951667478 0.0098218089154287706 -0.0020036501413527885 -0.0041877158949772874 -0.00036308763166597419 0.0040070995371302796 -0.0010170531994958701 -0.00018375623464381434 0.0017330742115975234 -0.0011946218380586493 0.0081788936436053353 0.0018666937911364515 0.011567849506041757 0.0011066985857210486
leaf_weight=19.044505022466183 217.70491396635771 187.86558549106121 102.19455153495073 14.452149964869021 81.855440765619278 134.78805419057608 19.766612097620964 147.35681853443384 17.386966809630398 10.564374856650828 25.334221862256527 29.747937023639679 92.589814379811287 47.138625472784042 68.70738796889782 98.402658358216286 202.34871216118336 20.530966348946095 31.777545586228371 73.859357193112373 45.011758126318455 96.935815192759037 34.347653016448021 13.421081401407717
leaf_count=96 1892 1205 838 112 614 1111 130 1177 139 81 174 184 833 293 467 583 1212 123 190 480 272 655 197 82
internal_value=4.27471e-05 0.000439173 2.61451e-05 -0.0011975 -0.00196844 -0.00050635 0.000392935 -0.00117142 0.00362541 0.00734421 0.00211772 0.0060058 0.00100851 0.00144292 0.00119732 0.00164848 0.000440096 0.00261932 0.00323686 0.00178783 0.00564573 0.000434516 0.00619273 0.00887573
internal_weight=1833.13 1533.57 1345.71 598.528 299.56 496.333 361.545 189.76 42.4035 27.9513 171.785 49.5145 747.18 654.59 635.546 588.407 336.599 134.25 251.808 172.262 65.5427 122.27 79.5463 47.7687
internal_count=13140 10634 9429 4601 2506 3763 2652 1509 332 220 1143 314 4828 3995 3899 3606 2074 862 1532 1063 395 829 469 279
is_linear=0
shrinkage=0.01


Tree=141
num_leaves=25
num_cat=0
split_feature=100 11 83 46 122 105 116 37 29 315 266 35 315 118 306 155 232 19 52 278 177 104 35 297
split_gain=15.2382 19.4939 12.0902 11.3095 10.7877 21.1494 13.0037 11.4985 17.7725 11.3758 20.0857 10.7553 9.92668 9.35298 8.84514 16.09 11.853 11.0824 8.74906 9.76468 8.70569 8.68841 8.51718 9.95437
threshold=0.67990093796261097 0.49322738183345821 1.9285539770622371 1.0000000180025095e-35 0.64143503934520274 1.3997196495424571 0.25719983842705324 0.56946026322450016 0.26773124215559985 -0.53632663916951651 2.29663694598338 0.006413194199628664 -0.096559334601391475 20.500000000000004 0.84739875736507142 0.010217130330393029 0.81428068746584892 -0.6766902583775265 60.500000000000007 -0.0067539058045387153 7.476177590311246 61.500000000000007 0.0043149996276159982 0.036759252283248368
decision_type=8 10 10 2 8 10 8 2 2 2 2 2 2 2 2 10 2 8 2 10 10 2 2 2
left_child=2 3 12 4 5 18 7 -6 -9 10 -8 -11 14 -5 16 -16 -1 -17 -2 -20 -13 -3 -18 -24
right_child=1 21 -4 13 6 -7 9 8 -10 11 -12 20 -14 -15 15 17 22 -19 19 -21 -22 -23 23 -25
leaf_value=0.0066319835214953002 -0.0025869782633750399 -0.0028968183641073409 0.0086132710988760242 -0.0071384799716390293 -0.0059137551794140467 0.010096405572401476 -0.0027835951874877756 0.0092684401593483585 -0.0055576200980890526 -0.0017480705396477709 0.012488539555635449 0.0081762631097618936 -0.0026416270969456656 -0.0010332308728629616 -0.00017196471798784242 0.0011067074145124269 -0.0046684882544308854 0.011954347743427032 0.0041460464104078922 0.00073269497827942111 -0.0021876897616780727 0.0053938503369670562 -0.00074330097632391279 0.0075283815771033571
leaf_weight=24.898210406303406 63.266623757779598 303.48231880366802 23.65716203302145 28.922444827854633 73.052236534655094 23.056584104895592 13.881583429872991 12.490957587957384 14.33336418867111 141.96754684299231 16.391339488327503 19.524947717785839 45.500805832445621 129.01170843839645 34.558716148138046 14.346209295094011 33.483897402882576 30.209912180900574 95.436167731881142 594.06110113114119 10.950929775834082 10.556788645684717 61.049559682607651 16.034072890877724
leaf_count=147 443 2480 149 280 619 137 102 101 123 1101 119 142 312 1175 232 81 217 176 577 3807 82 80 378 97
internal_value=3.45122e-05 -0.000355901 0.00215369 0.000210043 0.000578288 0.0012024 -0.00101488 -0.0039152 0.0015386 0.000443518 0.00581696 -0.000573017 0.00147558 -0.00226393 0.00237637 0.00497448 0.000780711 0.00875857 0.000891721 0.00122168 0.00455283 -0.00256908 -0.000661106 0.00117104
internal_weight=1834.13 1550.39 283.739 1236.35 1078.41 775.82 302.593 99.8766 26.8243 202.716 30.2729 172.443 260.081 157.934 214.581 79.1148 135.466 44.5561 752.764 689.497 30.4759 314.039 110.568 77.0836
internal_count=13157 11368 1789 8808 7353 4964 2389 843 224 1546 221 1325 1640 1455 1328 489 839 257 4827 4384 224 2560 692 475
is_linear=0
shrinkage=0.01


Tree=142
num_leaves=25
num_cat=0
split_feature=5 5 181 109 122 100 71 158 114 103 109 237 209 287 282 287 225 197 2 211 95 92 114 126
split_gain=19.1422 23.2428 13.0471 13.0243 18.3591 15.8538 13.934 14.6241 13.1702 16.2661 12.5765 12.0975 12.0919 9.60018 8.91073 12.0149 10.7655 8.43471 8.26003 8.11022 9.85317 8.00286 7.62796 9.12549
threshold=-2.8935132521978844 -2.8712440139818409 0.054460838240686822 2.2683624778100966 0.64143503934520274 0.67990093796261097 1.3026925464564936 0.32997975708502031 0.71170873479357177 1.6190982465179145 1.6620855197605064 -0.13666347258546824 0.75765385816932218 -0.014362692871736379 0.022262776163492138 0.036633791545052259 0.75018142235123386 -0.23466716793923667 0.62167082711785271 0.0093025268258913139 -1.1201677483042085 278.50000000000006 0.72439208681671763 0.92339103364542685
decision_type=2 2 2 10 8 8 10 8 8 10 10 2 2 2 8 2 2 8 10 2 10 2 8 10
left_child=-1 2 -2 5 -5 6 7 12 11 10 22 18 -3 -14 -13 -16 -17 -8 -7 -11 -21 -9 -10 -24
right_child=1 3 -4 4 -6 8 17 21 9 19 -12 14 13 -15 15 16 -18 -19 -20 20 -22 -23 23 -25
leaf_value=-0.0025668955170753695 0.009802554200693812 0.0055664709518152781 0.0024667020593760304 0.012763021229671687 0.00088005613285303905 0.0034504969763639744 0.0077966137403645509 -0.0058934141781265834 -0.005044813512414521 -0.0022752177858426851 0.0054489198715399001 -0.0016753889886305961 -0.0059971169055672438 0.0017928966064774102 0.0090463876693805175 0.0060834791342074699 -0.0040468710932084675 0.00093009206685276387 -0.0041089515309949759 -0.0039415485527248117 0.0070524124841614575 0.0018556795382020433 0.0016949609898133098 -0.004472655652266953
leaf_weight=247.42464572936296 26.22043551504612 57.485256291925907 177.46586780995131 15.61414200812578 46.353248350322247 13.193158023059366 48.937559530138969 41.599527381360531 19.15641774982214 248.3336828649044 64.277824491262436 136.89349216222763 19.556146793067455 50.975707240402699 18.094434276223183 13.816994093358515 25.468496464192867 29.186516590416431 225.52846039831638 10.620703086256983 18.856993466615677 17.18806754052639 236.67995974421501 23.85596602410078
leaf_count=2164 141 341 996 91 349 87 303 300 139 1992 379 1029 126 309 131 100 192 184 1703 89 143 117 1588 169
internal_value=3.07474e-06 0.000408676 0.00353776 -5.81966e-05 0.00431799 -0.000273279 0.00189991 0.000386176 -0.000823713 0.000108531 0.00155796 -0.00215672 0.00227708 -0.000501794 -0.000288873 0.00292521 -0.000290014 0.00536644 -0.00365133 -0.00168007 0.00306178 -0.00363027 0.000614382 0.00108424
internal_weight=1832.78 1585.36 203.686 1381.67 61.9674 1319.71 264.929 186.805 1054.78 621.782 343.97 432.995 128.017 70.5319 194.273 57.3799 39.2855 78.1241 238.722 277.811 29.4777 58.7876 279.692 260.536
internal_count=13162 10998 1137 9861 440 9421 1680 1193 7741 4499 2275 3242 776 435 1452 423 292 487 1790 2224 232 417 1896 1757
is_linear=0
shrinkage=0.01


Tree=143
num_leaves=25
num_cat=0
split_feature=271 76 73 174 149 157 60 60 84 266 131 91 165 287 107 11 73 24 63 229 189 304 225 39
split_gain=19.9651 14.0187 10.6845 20.5777 10.6967 12.329 12.9887 21.0169 12.0279 11.7974 10.9833 10.2676 10.1521 9.82687 11.1316 9.56652 12.9901 9.34817 9.13564 9.00314 8.76585 8.79565 8.71155 8.63326
threshold=0.067822972005887092 0.707009975630013 315.53479370826329 58.931805555555563 0.089140442706691067 0.28303835958209894 38.991747311576162 7.950999303125978 15.404150418197963 1.580302028218695 1.2475667522056213 69.613997929461945 178.70603009259261 0.0088731335266946012 -0.148247501735079 0.4345530334492298 339.95420170541405 0.23971477319295631 0.38311207902905314 -0.11280429446780099 -0.031996346613608416 -0.007553285422008226 0.86963602889109204 0.056632069230631701
decision_type=2 10 2 10 10 8 2 2 2 2 10 2 2 2 10 10 2 2 10 2 8 2 2 2
left_child=1 -1 4 -4 8 6 7 -6 10 -8 19 22 17 -7 -15 16 20 -9 -11 -2 -3 -22 -5 -17
right_child=2 15 3 11 5 13 9 12 -10 18 -12 -13 -14 14 -16 23 -18 -19 -20 -21 21 -23 -24 -25
leaf_value=0.002681341674137958 0.002929916268012131 -0.0031806382277036992 -0.00069691228315644062 0.0064781362155774905 -1.6890842081222662e-06 -0.0045701346162453959 0.003763765511563967 -0.0031026144247108802 0.0074772993302856519 0.0026814943203985922 -0.0022530584393528168 0.00068684846272222045 0.0086287102172932367 -0.0020452113169022344 0.0057984423834266663 -0.0046548952284379622 0.0030652793711366455 0.0071392570951807942 -0.0041270656627141649 -0.0022093174377660922 -0.0030082295788323339 0.007527707898653372 -0.0014114307885521452 0.0030545429906223692
leaf_weight=62.779456466436386 199.4434005394578 155.41837279498577 139.7999767139554 129.87636114656925 219.51550889015198 108.92603605985641 28.378932699561119 18.61650558561087 29.313932247459888 21.32910543680191 74.681906491518021 59.320322804152966 48.904020167887211 72.735287576913834 20.940934084355831 166.31733741611242 57.746491260826588 12.447637796401976 117.72218283265829 38.591877900063992 12.364688470959665 14.305218845605848 14.395797364413736 13.801579266786574
leaf_count=447 1235 1243 951 850 1530 798 195 133 167 148 491 425 342 547 139 1448 420 93 900 252 97 113 104 126
internal_value=0.000106838 -0.00163297 0.000729556 0.00224619 0.000208855 -0.000525053 0.000369189 0.00161309 0.00164088 -0.00183964 0.00102819 0.0042538 0.00590592 -0.00256744 -0.000162284 -0.002294 -0.000961412 0.00122587 -0.00304281 0.00207629 -0.00227135 0.00278941 0.00567198 -0.00402039
internal_weight=1837.67 482.733 1354.94 343.392 1011.55 669.516 466.914 299.484 342.031 167.43 312.717 203.592 79.9682 202.602 93.6762 419.954 239.835 31.0641 139.051 238.035 182.088 26.6699 144.272 180.119
internal_count=13194 3894 9300 2330 6970 4825 3341 2098 2145 1243 1978 1379 568 1484 686 3447 1873 226 1048 1487 1453 210 954 1574
is_linear=0
shrinkage=0.01


Tree=144
num_leaves=25
num_cat=0
split_feature=5 5 122 113 237 160 123 165 230 3 308 280 218 109 111 278 11 232 124 77 74 120 15 213
split_gain=15.8713 18.3979 13.0066 15.9954 10.128 10.0713 13.2652 11.083 10.8497 10.7858 9.31446 10.7427 10.2358 9.29724 9.034 9.36351 9.79285 8.81124 14.7569 14.1864 12.6616 8.05698 11.6055 14.2274
threshold=-2.8996003220412478 -2.8712440139818409 0.25427208901150194 0.26477367783031797 -0.047113126559711595 0.037565469890634758 0.70480411834695345 179.91056134259262 94.500000000000014 3.6420384759204296 0.00091327714572481654 0.051394044022257092 0.053855161232210423 2.1525822659375815 1.504488497588196 -0.0066611203549639484 0.37173870522085811 2.7241120743786311 8.5000000000000018 2.7842415834534409 329.50000000000006 0.94322838674034315 -1.0740744150166204 -0.21853309536086502
decision_type=2 2 8 10 2 10 10 2 2 2 2 2 2 8 8 10 8 2 2 10 2 8 2 2
left_child=4 17 5 -4 -1 6 -3 9 -8 14 13 -12 -13 -5 -7 16 -16 19 -19 -2 -20 22 -17 -24
right_child=1 2 3 10 -6 7 8 -9 -10 -11 11 12 -14 -15 15 21 -18 18 20 -21 -22 -23 23 -25
leaf_value=-0.0031595586736333282 0.0025801622270565515 0.0010053042229170763 -0.002406567615642361 -0.0013172116169327661 0.004887353859835469 -0.0027874225294458525 0.0042187444307304192 0.0061498636910952264 -0.0046586396184107835 -0.00413155545628248 0.0092047942188635927 -0.0029598590456130103 0.0051246659172392338 0.0031561063617306356 0.012497272620629579 0.0073580283371911526 0.0010312492422091229 -0.0047676999311503177 0.010254750639648006 0.0096978373080974876 -0.0013302076311085588 -0.00093130535533644896 -0.0023405175637587097 0.0062236275214875708
leaf_weight=191.25182801485062 150.80333562940359 238.16570258140564 375.46169878542423 207.71569333225489 14.407700672745703 31.530255869030952 13.931528739631174 55.512923896312714 84.433675341308117 29.478917047381401 20.946037702262402 28.572241492569447 28.462210394442081 56.746938727796078 15.758629545569418 42.938105739653111 13.694015175104143 33.133402936160564 15.132216788828371 32.965413816273212 18.382175780832767 65.70582065731287 48.211718924343586 28.464926242828369
leaf_count=1773 818 1459 3096 1560 133 201 101 340 615 199 143 213 201 409 90 260 88 219 91 191 107 439 302 173
internal_value=6.60416e-05 0.000397057 -5.50531e-05 -0.000988274 -0.00253208 0.000946578 -0.000269666 0.00217686 -0.00330823 0.00131895 0.00057085 0.00354349 0.00110945 -0.000330234 0.00201502 0.00275188 0.00775705 0.00287545 -0.000222166 0.00399056 0.0042653 0.00184595 0.003366 0.000934819
internal_weight=1841.81 1636.15 1385.73 717.905 205.66 667.826 336.531 331.295 98.3652 275.782 342.443 77.9805 57.0345 264.463 246.303 214.773 29.4526 250.417 66.6478 183.769 33.5144 185.321 119.615 76.6766
internal_count=13221 11315 9889 5622 1906 4267 2175 2092 716 1752 2526 557 414 1969 1553 1352 178 1426 417 1009 198 1174 735 475
is_linear=0
shrinkage=0.01


Tree=145
num_leaves=25
num_cat=0
split_feature=32 119 67 174 102 109 141 160 117 270 226 38 85 174 289 83 313 67 147 320 209 67 102 129
split_gain=13.1793 12.0889 13.8397 14.5209 11.1054 10.8469 26.968 12.8696 10.5391 10.2356 10.2236 10.1704 11.78 10.7166 10.356 9.64231 11.0835 10.5599 9.45496 10.9724 9.45461 9.44084 13.9527 10.7524
threshold=0.0014316399604838677 0.54161073278635652 229.09937290584463 55.086527777777782 -0.56652099161150959 1.7751702418613615 0.074529985422007755 0.16692229038854808 2.7005806534681098 0.054802181974196319 0.098006094329623747 0.39366739619837893 60.147876615890034 87.275833333333352 0.00089393117395680799 1.0402058046671585 0.015755892658066577 91.155117592459433 0.082675697508233406 -0.06598186101399911 0.80444664031620572 233.53160557070029 -0.48769850077261717 2.0418585398459785
decision_type=2 10 2 10 8 10 2 8 10 2 2 2 2 10 2 10 2 2 10 2 2 2 10 10
left_child=1 2 4 -4 15 7 18 -3 -8 -2 -9 -5 -13 14 -14 16 -1 -17 -7 -20 21 22 -11 -23
right_child=9 5 3 11 -6 6 8 10 -10 20 -12 12 13 -15 -16 17 -18 -19 19 -21 -22 23 -24 -25
leaf_value=-0.002805469306307437 -0.0066079685227775908 -0.003332560232974343 -0.00076610716666131303 0.0069386795519705679 -0.00048292054342664094 -0.0025513827129181156 -0.0032297873127725514 0.0036061739165453755 0.0060674989098865586 -0.0011128990934208998 -0.0056896325486899451 -0.0030051704454943434 -0.0026688942296160616 0.0063754826284132824 0.0045415708975284231 0.0070949756256897421 0.0031273829035435769 0.0010682196401182052 0.0091305992000743214 0.00052852063486042312 -0.0041920596739770119 -0.0065623033144990026 0.010545344276945222 0.0042679102746429236
leaf_weight=62.440530851483345 42.940412864089012 220.50268661975861 91.140535138547421 73.64809550344944 606.92239348590374 11.798257671296595 105.62202882021666 52.515685826539993 11.032414220273493 19.699426248669624 12.287428036332129 30.011980310082436 37.458612181246281 70.196284912526608 36.584776982665062 56.000902846455574 57.97822817414999 60.73272131383419 47.427371434867382 21.9148775562644 50.513138927519321 20.480604283511639 17.2641332000494 12.515190236270426
leaf_count=376 434 1877 589 481 4172 97 836 421 76 176 93 207 233 417 223 313 336 343 334 160 477 188 160 113
internal_value=0.000111417 0.000379224 0.000923412 0.00262119 0.000233767 -0.000949023 0.000840195 -0.002189 -0.00221873 -0.00257299 0.00166374 0.00386514 0.00246993 0.00365204 0.000916813 0.00205614 4.90765e-05 0.00406776 0.00517629 0.00655378 -0.00100752 0.00135181 0.00467075 -0.00241356
internal_weight=1829.63 1666.22 1183.12 339.04 844.075 483.101 197.795 285.306 116.654 163.413 64.8031 247.9 174.252 144.24 74.0434 237.152 120.419 116.734 81.1405 69.3422 120.472 69.9594 36.9636 32.9958
internal_count=13132 11584 7690 2150 5540 3894 1503 2391 912 1548 514 1561 1080 873 456 1368 712 656 591 494 1114 637 336 301
is_linear=0
shrinkage=0.01


Tree=146
num_leaves=25
num_cat=0
split_feature=5 5 181 126 23 109 122 236 149 69 236 122 5 270 315 108 308 100 126 109 76 59 145 132
split_gain=13.3306 21.0676 12.6221 11.6995 10.5207 10.4493 15.4853 12.5121 12.0836 12.2919 11.2869 10.7248 14.7185 10.3564 9.76714 9.61274 11.9393 13.6796 9.78038 9.58666 12.5902 15.6665 11.7992 10.9667
threshold=-2.8943022876294049 -2.8773415074710829 0.054460838240686822 0.80229571956286561 -1.0881467236512889 1.0213859543395061 0.5831164900693222 0.26368663780489043 0.13944447614699843 -0.44591083868719578 0.26754767286848669 -0.22871441024402886 -2.7664271998171581 0.075379413856581048 -0.10203041346183468 0.94514344071718093 0.0020336052294024107 0.75209415876268726 0.40757621805745908 2.1525822659375815 0.79755629986333243 2.0456111941203354 0.047477193974966421 0.017354657166460143
decision_type=2 2 2 8 8 8 10 2 10 10 2 8 2 2 2 8 2 10 10 10 10 8 10 2
left_child=-1 2 -2 4 -3 8 10 -8 9 11 -7 12 -6 -11 -14 16 17 18 -12 20 21 -5 -21 -22
right_child=1 3 -4 19 5 6 7 -9 -10 13 15 -13 14 -15 -16 -17 -18 -19 -20 22 23 -23 -24 -25
leaf_value=-0.0021879048768424689 0.0093431405124258203 0.0068448914324914702 0.0022693502811670712 -0.0019810865501758003 -0.0056485313304086961 -0.0026596882936985996 0.0075483264347560135 -0.0016243070168622715 -0.004220333642107197 0.0084757347562948657 -0.00092854151682553914 -0.0045206743830423016 0.0028586263230167249 -0.0013477801903718915 -0.0048401247687703463 0.006139706614488703 0.0065260780446594639 -0.00096998691975140117 0.0073986069379137999 -0.00030104167073672841 -0.0037402537920444151 0.0057721240971047661 0.01042139428641318 0.00065223873963181269
leaf_weight=226.15188457816839 27.169309839606285 23.354549027979374 189.25124818831682 60.809029079973698 29.367783203721046 34.961636461317539 13.289890743792055 188.69004641473293 82.322872422635555 26.046047084033489 19.797564841806889 55.788688331842422 120.20189908146858 15.722487173974512 16.318758323788643 78.575962878763676 45.291479535400867 125.73312532901764 40.294712193310261 33.644439063966274 252.47158081829548 41.373656839132309 11.727062754333017 71.659372948110104
leaf_count=2049 145 146 1050 439 182 239 107 1470 658 172 123 397 716 103 104 465 288 843 244 259 2043 295 77 520
internal_value=6.88032e-05 0.000390943 0.00327153 -6.34248e-05 0.000594598 0.000408698 0.00126756 -0.000919523 -0.00094546 0.000108196 0.00254921 -0.000841731 0.000444792 0.00490496 0.00185123 0.00315931 0.00207947 0.000908401 0.00472106 -0.00133899 -0.00180871 0.00121977 0.00290011 -0.00276883
internal_weight=1830.02 1603.86 216.421 1387.44 915.758 892.403 546.634 201.98 345.769 263.446 344.654 221.677 165.888 41.7685 136.521 309.693 231.117 185.825 60.0923 471.685 426.314 102.183 45.3715 324.131
internal_count=13134 11085 1195 9890 6257 6111 3779 1577 2332 1674 2202 1399 1002 275 820 1963 1498 1210 367 3633 3297 734 336 2563
is_linear=0
shrinkage=0.01


Tree=147
num_leaves=25
num_cat=0
split_feature=271 46 39 262 114 76 297 176 8 117 196 30 164 147 145 116 302 177 306 82 136 11 100 255
split_gain=16.1647 10.2872 9.98967 9.91084 10.9575 16.1395 11.221 11.0398 11.7966 12.0382 11.6658 11.4075 14.2245 10.3277 10.0705 10.5008 9.13596 10.529 9.76407 8.84585 12.4579 11.0678 12.0063 12.7516
threshold=0.052674495872370851 1.0000000180025095e-35 0.024828566060776856 -0.99788036317089934 0.72439208681671763 0.76679084420215182 -0.029171193683905541 11.745492820900358 -0.36268311282266291 1.0392920552083547 0.133739837398374 0.0089479752389405639 0.0081634013061442114 0.17057449147883455 0.038141366092458329 0.27407828562849151 -0.0032478597475763325 7.4730297540455775 0.76947184499493171 0.45572737483882325 0.32339757506930766 0.65373268964608522 0.67631806094587998 104.50000000000001
decision_type=2 2 2 8 8 10 2 2 2 8 10 2 10 10 10 8 2 10 2 10 2 10 10 2
left_child=2 3 -1 -2 5 19 14 8 9 -8 -9 13 -13 -12 -6 -16 -15 18 -18 -5 21 22 23 -21
right_child=1 -3 -4 4 6 -7 7 10 -10 -11 11 12 -14 16 15 -17 17 -19 -20 20 -22 -23 -24 -25
leaf_value=-0.00038462116283554884 0.0075107154692011452 -0.0017831156599337065 -0.003951610090131708 -0.00018996394772875677 -0.0032225931094493204 -0.0018351330366099439 0.0022526778082496922 -0.0039858768135315617 -0.0019593445448091744 0.012427465022670656 -0.00075448164058783418 0.00041481118911418434 0.0081000606093483331 0.0014781779121631777 -0.00075533950921986696 0.0052507054561079548 0.010457173016161898 0.014860202546957905 0.00010561431577204555 0.0031509920067493997 -0.0043201191359812834 -0.0031462019597329216 0.0023152498809057057 0.013484253637226091
leaf_weight=179.79969477653503 18.899702049791813 170.59227492660284 138.48274370282888 193.77413754165173 73.959811180830002 316.96963259577751 21.442192710936073 29.200511991977692 12.486150674521921 28.206368297338482 22.005227535963058 238.41044650226831 24.048987701535225 24.154962606728077 80.276125960052013 42.12691118568182 14.7952778711915 18.428100734949112 19.389051049947739 25.835783526301384 18.325335510075092 17.22262005507946 76.930939599871635 24.460632294416428
leaf_count=1413 94 1569 1198 1212 555 2337 134 204 92 174 126 1629 156 137 520 269 85 105 109 161 131 116 487 141
internal_value=7.64821e-05 0.000508931 -0.00196097 0.000804336 0.000691838 -0.000200516 0.00161639 0.00247843 0.00631786 0.00841213 0.00182362 0.00232344 0.001202 0.00517651 -0.000372318 0.00137587 0.00685557 0.009104 0.00507168 0.00125285 0.00295034 0.00394507 0.00496052 0.00864755
internal_weight=1830.22 1511.94 318.282 1341.35 1322.45 673.519 648.93 452.567 62.1347 49.6486 390.433 361.232 262.459 98.7726 196.363 122.403 76.7674 52.6124 34.1843 356.549 162.775 144.45 127.227 50.2964
internal_count=13154 10543 2611 8974 8880 4585 4295 2951 400 308 2551 2347 1785 562 1344 789 436 299 194 2248 1036 905 789 302
is_linear=0
shrinkage=0.01


Tree=148
num_leaves=25
num_cat=0
split_feature=122 107 24 84 160 138 149 109 185 297 13 224 109 114 213 109 273 102 34 156 235 62 286 82
split_gain=12.2083 16.2508 13.5028 13.8676 13.1095 14.8764 14.5853 12.5053 10.8757 10.1244 10.1082 13.7265 10.0624 9.96008 9.75589 9.2273 8.97804 10.3442 8.96838 8.84322 8.57493 8.53744 8.36864 8.83442
threshold=0.62680524993752162 0.25521975655414714 -0.36597099101994091 54.683811355925521 0.064915910048653422 0.15139017490804377 0.086628386253162409 2.1525822659375815 0.82070417145044028 0.015624016665511132 0.9984157661941776 3.045328534390682 1.162712221484822 0.47499818936807098 -0.37904380120578157 1.5585715578217496 5.4713495324663919 -0.56652099161150959 0.1436403970205424 0.16132573209163983 0.0049782222139613279 43.500000000000007 0.78301483869674005 0.80291656719444415
decision_type=10 10 2 2 8 2 8 10 10 2 8 2 10 10 2 10 10 10 2 10 2 2 2 10
left_child=1 2 4 -4 6 9 13 10 -2 22 11 -3 19 14 -1 -10 17 18 -16 -8 -17 -15 -6 -24
right_child=8 7 3 -5 5 -7 12 -9 15 -11 -12 -13 -14 21 16 20 -18 -19 -20 -21 -22 -23 23 -25
leaf_value=-0.0064785999579653041 -0.00040122076700581963 0.0022465089377997054 -0.0019789521489645273 0.0053495812139446146 0.0095357181040359347 -0.0053543314624133536 9.1128969052481202e-05 0.0097659232426061376 -0.0064453091670252103 0.009432280542146879 -0.0017191449686559863 0.011829241824271249 0.0014865124177704902 -0.0031170032723984902 0.00013688285144428496 -0.0032760245564290298 -0.0041535235937623849 -0.0040403775292810716 0.0095717918674913648 -0.0043403890512611785 0.004387116578048 0.0030311939556785911 -0.00071393002120011815 0.0077300036821465138
leaf_weight=23.142500057816505 325.33452624827623 137.36568257212639 369.88641461730003 24.970814578235149 12.273424975574015 13.550474703311918 69.18864544481039 21.486565656960011 63.644269570708275 32.686075091362 50.101075656712055 14.414581201970575 75.506685309112072 22.394565500319004 18.338266894221306 47.298703461885452 24.041182607412338 13.43734787404537 20.372242763638496 123.22502647340298 17.796778850257397 246.31234134733677 53.167303204536438 13.105505861341952
leaf_count=154 2638 867 2722 155 81 91 518 125 584 216 341 90 502 151 113 390 152 88 118 953 149 1523 351 87
internal_value=2.6911e-05 0.000495967 1.52448e-05 -0.00147806 0.00079427 0.00371979 0.000204678 0.00294711 -0.00138957 0.00493987 0.002091 0.0033637 -0.00155903 0.00149343 -0.00118104 -0.00381694 0.000590333 0.0028973 0.00544142 -0.00276357 -0.00107026 0.00248783 0.00279405 0.00119031
internal_weight=1833.04 1378.97 1155.6 394.857 760.742 124.783 635.959 223.368 454.074 111.232 201.881 151.78 267.92 368.038 99.3315 128.74 76.189 52.1479 38.7105 192.414 65.0955 268.707 78.5462 66.2728
internal_count=13159 9398 7975 2877 5098 826 4272 1423 3761 735 1298 957 1973 2299 625 1123 471 319 231 1471 539 1674 519 438
is_linear=0
shrinkage=0.01


Tree=149
num_leaves=25
num_cat=0
split_feature=122 105 294 191 115 73 105 218 299 97 67 79 272 221 277 83 36 207 37 199 105 218 176 266
split_gain=14.4833 17.9138 15.7127 12.5963 10.9581 10.8708 11.1291 9.65271 10.8608 14.0229 9.55769 8.95648 12.5247 10.1 9.83105 8.15582 13.9905 9.23125 9.02316 9.76896 13.3917 8.79879 8.35816 9.94772
threshold=0.0071338164418250508 0.48639620853501925 -0.066068028606934767 -0.79918638917796669 -0.55578599222046199 317.52657757435776 0.51883808646421248 0.025105042016806727 -0.03613734855066341 0.36640121816870391 44.520140444047399 82.795235970020755 0.032176992345509671 -0.33065836073799432 0.0303997008265301 1.3782477009697323 0.025344405568883552 -1.1886768756811807 0.56567175720085061 -0.59493921764788693 0.24034817897400948 0.021015826278984177 13.152899477131696 3.4005649717514128
decision_type=10 8 2 8 10 2 10 2 2 10 2 2 2 2 10 8 2 2 2 2 10 2 2 2
left_child=4 2 3 -2 10 -3 -7 -8 -9 -10 -1 12 -12 -14 -15 17 18 -13 21 20 -20 -17 23 -19
right_child=1 5 -4 -5 -6 6 7 8 9 -11 11 15 13 14 -16 16 -18 22 19 -21 -22 -23 -24 -25
leaf_value=-0.0017241914527752931 0.009084434984194277 -0.00066110380458041988 -0.0038929206932529904 -0.0011879695979508378 0.0064977033359917644 0.010535442826398303 -0.0020495154444589996 0.0068598640263350377 0.0075388446755225219 -0.00032114950915649551 0.0093424465207414039 0.0035769041503784875 -0.0035012555373929678 -0.00071551516254411164 0.009349658489710649 0.0035767859922511804 0.0044915562080133035 -0.0049787607222911605 1.2963786500803127e-05 -0.0043387678983178666 0.0083455162569331907 -0.0043533311652386711 0.0041187296109747697 0.00019971761194023039
leaf_weight=113.19997640699148 14.855564922094343 572.20230573415756 230.45128484070301 34.640544906258583 34.192137643694878 11.028932034969328 62.459610760211945 39.9362728074193 24.831592969596386 124.03939016908407 29.370000429451466 38.634922496974468 22.523099958896637 17.345498025417328 17.715020395815372 15.801849715411661 121.52747239172459 75.2673699259758 45.189457535743713 16.6113540828228 31.141253881156445 56.636393688619137 18.991465091705322 69.558925352990627
leaf_count=773 114 4332 1934 288 222 83 470 277 167 883 180 255 143 104 100 100 729 495 306 112 186 350 123 470
internal_value=8.9055e-05 -0.000625194 -0.00280052 0.00220155 0.00118847 0.000110377 0.00178624 0.00128476 0.00240707 0.00109983 0.000898158 0.00142092 0.0043305 0.00143847 0.00466302 0.000879858 0.00195754 -0.000648421 4.50462e-05 0.00208619 0.00360267 -0.00254033 -0.00169497 -0.00252874
internal_weight=1838.15 1114.45 279.947 49.4961 723.706 834.498 262.296 251.267 188.807 148.871 689.514 576.314 86.9536 57.5836 35.0605 489.36 286.908 202.453 165.38 92.9421 76.3307 72.4382 163.818 144.826
internal_count=13196 8548 2336 402 4648 6212 1880 1797 1327 1050 4426 3653 527 347 204 3126 1783 1343 1054 604 492 450 1088 965
is_linear=0
shrinkage=0.01


Tree=150
num_leaves=25
num_cat=0
split_feature=32 119 109 123 183 116 85 215 184 119 5 289 258 323 139 116 245 161 55 65 123 108 37 233
split_gain=14.3983 12.6442 12.7622 16.7702 12.534 12.2529 11.4844 13.0904 11.0183 11.0714 10.5052 9.70202 9.54778 9.33052 8.82228 8.66059 10.0525 10.1049 9.10939 9.01715 9.23513 9.65431 8.42767 10.7465
threshold=0.0015637226134585292 0.77741386709254978 1.1685457581177501 0.41154969861054841 -0.94354247040768946 -0.25881838507331095 181.26176811803586 -0.88421989134877299 1.680716074678748 0.022452400935258018 -2.9049753419851929 -0.01001638044302444 -0.83896162703825128 330.50000000000006 0.0054719664645557315 0.24872564192821853 -0.25044211302668035 0.072481884057971027 3.1145141823895464 3.3863374496730008 2.5480847433332214 1.1069743826178897 0.68302398674005516 0.86848282678527322
decision_type=2 10 10 8 10 10 2 2 10 8 2 2 2 2 2 8 2 10 2 10 10 10 2 2
left_child=1 2 3 5 12 11 7 10 -6 -10 -2 -1 13 -4 -13 -3 -17 -18 -19 -20 21 -21 -5 -24
right_child=6 15 4 22 8 -7 -8 -9 9 -11 -12 14 -14 -15 -16 16 17 18 19 20 -22 -23 23 -25
leaf_value=0.0030969202253887905 -0.0020031057688087496 -0.0037953722240449401 -0.0031544304466437057 -0.0015992300048097432 0.00020182256970587643 0.0071720985845269451 0.0067103097059353 -0.0060053363334561915 0.0087284032316190079 0.0021828524600349341 0.0076660826814316024 0.0014527297570967072 0.011398200497817215 0.0064131698338831655 -0.0044391983051000573 0.0066019965858653456 -0.0037750126162867598 0.0062230612913771613 -0.0079003318403246484 -0.001294305981221796 -0.001948438045025005 0.0093341526701567132 0.0041032098604667803 -0.0036774212674592823
leaf_weight=111.19932177662849 50.676300778985023 98.874726310372353 14.130047515034674 436.87869759649038 321.88469665497541 37.373703636229038 9.3250240087509138 82.588520556688309 27.452973164618015 214.07313008606434 11.381386257708071 54.874252319335938 20.105046279728413 23.823127642273903 42.702744692564011 16.775279745459557 71.981937870383263 22.679507955908775 11.269755624234675 13.754734613001348 47.794423267245293 16.851597443223 58.039387732744217 22.414278499782085
leaf_count=632 470 890 83 3145 2098 224 82 812 153 1459 105 321 126 133 253 132 591 173 91 108 391 119 431 181
internal_value=0.000164996 0.000434567 0.000838356 -2.74041e-05 0.00189886 0.00210559 -0.00273296 -0.0034661 0.00142244 0.00302379 1.25671e-05 0.00110975 0.0062235 0.00285475 -0.00116833 -0.00141668 -0.000205667 -0.000921388 0.000946142 -0.00052767 0.000758846 0.00482315 -0.00105019 0.00187192
internal_weight=1838.9 1684.93 1384.95 763.482 621.469 246.15 153.971 144.646 563.411 241.526 62.0577 208.776 58.0582 37.9532 97.577 299.982 201.107 184.332 112.35 89.6705 78.4008 30.6063 517.332 80.4537
internal_count=13203 11734 9239 5187 4052 1430 1469 1387 3710 1612 575 1206 342 216 574 2495 1605 1473 882 709 618 227 3757 612
is_linear=0
shrinkage=0.01


Tree=151
num_leaves=25
num_cat=0
split_feature=32 122 105 151 116 127 122 116 57 145 71 85 146 148 282 21 304 310 213 105 151 316 140 119
split_gain=14.9674 14.974 16.9842 15.2572 10.9081 13.8905 11.231 12.8149 11.0558 10.9571 10.2995 10.1914 9.70013 9.41219 8.79597 11.3232 8.95725 8.7815 8.77404 8.45881 11.6895 9.81265 9.23149 9.14635
threshold=0.0014316399604838677 0.66995566521647709 1.0801467272519485 0.083200212992545278 0.35826011249771611 0.68299620233903013 -0.036444640190500595 -0.16481085231936971 -0.31200748645074544 0.056837184554575863 2.9913326147244166 181.26176811803586 0.10109371264642601 0.19429311621021469 -0.030160986823176889 0.75342701741492568 -0.019450619837084512 -0.60665866198118301 -0.6547117359131035 0.19873710666551034 0.004667501770056098 -0.033011891110727117 0.012511180679785334 -0.72867107674464637
decision_type=2 8 10 10 10 8 10 8 10 10 8 2 10 10 10 8 2 2 2 10 10 2 2 10
left_child=1 2 3 4 6 9 19 13 -9 -6 -3 17 -4 -8 16 -16 -12 18 -2 23 -21 -22 -23 -1
right_child=11 10 12 -5 5 -7 7 8 -10 -11 14 -13 -14 -15 15 -17 -18 -19 -20 20 21 22 -24 -25
leaf_value=0.0022227196186271471 -0.0029440750900751544 -0.0023103866809646633 0.0068638650114975974 -0.0035833094209519111 0.011948385789849454 -0.0022478781623627227 0.00040937396428003379 0.0042772862736765805 -0.00053730368112679596 0.0020717383108453868 0.0045014371101162846 0.0054647358405634991 0.0010364351350315476 -0.0050848985279193463 0.0079332726479344716 -0.0012041811640138823 -0.005331894467487725 -0.0049591418984920874 0.0064815095384832544 0.0052035400238977106 -0.004134942660200174 -0.00051270024608118163 0.0046041264338786587 -0.0013132401244885948
leaf_weight=124.29418177902699 23.646373853087425 312.1189611852169 64.253333359956741 86.954151540994644 23.023228108882904 19.417386688292027 45.666143983602524 56.368947722017765 242.00918475538492 22.916886508464813 11.263319186866282 10.805931828916071 52.58666979521513 90.761691607534885 29.072290174663067 22.141885377466679 24.869214214384556 115.17301325500011 12.901180595159529 105.02254831790924 28.423517845571041 68.664593696594238 67.883791580796242 169.32264117896557
leaf_count=690 224 2632 401 682 135 129 343 390 1716 137 83 95 311 690 202 176 184 1112 121 599 166 421 399 1104
internal_value=-6.64887e-05 0.000217242 0.000749856 0.000375039 0.000708227 0.00458018 0.000441482 -0.000761786 0.000400661 0.00744973 -0.00146368 -0.00293657 0.00433638 -0.00326772 0.00152817 0.00410841 -0.00213603 -0.0036309 0.000584947 0.00137071 0.00263876 0.000939545 0.00206582 0.000187153
internal_weight=1829.56 1667.03 1267.57 1150.73 1063.77 65.3575 998.417 434.806 298.378 45.9401 399.466 162.526 116.84 136.428 87.3467 51.2142 36.1325 151.721 36.5476 563.611 269.994 164.972 136.548 293.617
internal_count=13142 11590 8313 7601 6919 401 6518 3139 2106 272 3277 1552 712 1033 645 378 267 1457 345 3379 1585 986 820 1794
is_linear=0
shrinkage=0.01


Tree=152
num_leaves=25
num_cat=0
split_feature=76 70 137 73 11 253 65 200 149 105 122 302 185 323 202 247 125 165 309 314 83 122 289 186
split_gain=12.0672 15.3659 12.8181 11.2922 14.281 9.45526 11.6222 10.5737 11.1568 10.2551 11.6766 10.6942 9.64827 12.9349 14.4005 13.3193 13.6849 12.6493 12.2052 11.342 10.5958 14.6255 11.7758 9.60753
threshold=1.0709263755307594 0.83086595391063045 0.10620468976551174 218.07573512913331 0.45757419818258566 153.50000000000003 2.7026611383887675 1.7427998525447743 0.16575869726128797 1.0360819281542752 0.64143503934520274 0.025639745552545924 0.758774630541872 129.50000000000003 0.078882551205600213 0.46612031005330884 0.64951651758241535 179.69821759259261 -0.0049000782836139947 -0.0061130937922357778 1.6981095644565758 -0.43074707844335225 -0.15902350911247706 0.11521443158611301
decision_type=10 10 2 2 10 2 8 2 10 10 8 2 8 2 2 2 8 2 2 2 8 8 2 10
left_child=1 5 -2 -4 -5 6 12 8 -7 11 -11 -8 13 19 20 -16 18 -14 23 -1 21 -15 -23 -17
right_child=2 -3 3 4 -6 7 9 -9 -10 10 -12 -13 17 14 15 16 -18 -19 -20 -21 -22 22 -24 -25
leaf_value=-0.0015193763106163324 0.0043711504346172552 0.0046639192194121585 -0.003460026048818063 0.0013447706475368871 -0.0043893012402255504 0.0023383804181475302 -0.0032449169945464001 -0.001694964958316362 0.012555263204312024 0.0067331793170424129 -0.0012210118404017 0.003796647947855183 -0.0018925545482517748 0.0023756042309389784 -0.0022385246780242834 0.0084289557017948376 -0.00012759733039854874 0.0013912803230225084 0.013061535791780472 0.0076493494861108778 0.0017919306507822323 0.0036401857339171178 -0.0059211871451399813 -0.00054106573763894035
leaf_weight=16.400407589972019 33.198711141943932 80.344965189695358 212.68726009875536 157.2378611639142 56.750135578215122 29.866183750331402 224.02905172854662 22.263406448066235 15.778448633849619 25.321164578199387 51.17793931812048 21.331066980957985 254.85067307204008 42.663346149027348 28.953657567501068 21.420052722096443 32.20660238713026 212.36216013878584 24.458468154072762 53.655428096652031 106.56717412918806 13.09511663764715 81.377133138477802 22.492385976016521
leaf_count=103 255 508 1740 1187 516 187 1723 158 110 149 402 163 1787 261 181 135 209 1433 153 350 697 91 584 146
internal_value=2.83638e-05 0.00049642 -0.00136905 -0.00184399 -0.000208838 0.000228526 2.355e-05 0.00378376 0.00641962 -0.00160065 0.00154588 -0.00259222 0.000601998 0.00165449 0.000891302 0.00354823 0.00523958 -0.000398416 0.00768627 0.00551348 -0.000541401 -0.0023614 -0.0045179 0.00405908
internal_weight=1840.49 1380.61 459.874 426.675 213.988 1300.27 1232.36 67.908 45.6446 321.859 76.4991 245.36 910.503 443.29 373.234 129.531 100.578 467.213 68.3709 70.0558 243.703 137.136 94.4722 43.9124
internal_count=13228 9530 3698 3443 1703 9022 8567 455 297 2437 551 1886 6130 2910 2457 824 643 3220 434 453 1633 936 675 281
is_linear=0
shrinkage=0.01


Tree=153
num_leaves=25
num_cat=0
split_feature=46 131 11 282 147 105 21 109 123 160 195 112 205 184 152 115 3 49 154 125 76 215 189 115
split_gain=14.7547 13.6735 17.3417 13.1102 12.5352 13.7527 10.3681 12.9573 14.4268 14.4482 12.5294 12.1429 11.4501 11.2148 12.4385 10.2928 8.78158 11.3817 8.62207 11.2321 10.4373 9.92487 9.42204 8.59758
threshold=1.0000000180025095e-35 1.7967942003397843 0.63725441079349976 0.023718330735613222 0.14913119318372417 1.0801467272519485 0.054572310438042448 0.61938166623428181 0.53686365325266827 0.037565469890634758 0.031009615384615389 98.500000000000014 -0.17079276438423691 1.0910962268604043 0.012800032768083888 -0.98546598301555 3.1020720641497497 1.5000000000000002 0.018214996682149969 0.71003586025910292 0.86775680592428117 -0.63303073557242928 -0.25192456060734786 -0.51655126540875618
decision_type=2 8 10 10 10 10 10 8 8 10 10 2 2 8 10 10 2 2 10 8 10 2 10 10
left_child=1 3 4 -1 -3 6 7 -6 11 -10 18 12 -9 -8 -15 -5 -7 -18 20 -20 -11 -22 -23 -4
right_child=-2 2 23 15 5 16 13 8 9 10 -12 -13 -14 14 -16 -17 17 -19 19 -21 21 22 -24 -25
leaf_value=0.0005000917466031037 -0.002543428278430055 -0.00097667155502138099 -0.0044283793440274104 0.0025638513197428782 -0.0022445492855703649 0.00086324533172949956 -0.0051767256330723993 0.010169268295703604 -0.0021724183966572051 0.0032477920735727284 0.011052647273626882 -0.0016731587265811276 0.00062595857163728083 0.0070425652447442281 -0.0011779165241234293 0.0091873556717545265 0.012559676512076361 0.0022141566817759197 -0.00023151439231265653 0.010357950089267882 0.0034890862053217763 -0.0052911619627613524 0.0013887438058066501 0.0011346868424352565
leaf_weight=145.41139703989029 198.58368376642466 456.49796377122402 120.25882218778133 66.166562497615814 81.497116357088089 30.973956428468227 52.288334496319294 46.423231102526188 93.706965431571007 103.77763260155916 12.834118679165838 16.133519470691681 17.71456103771925 19.396568119525909 103.8555434346199 37.250861085951328 21.828012086451054 21.776681460440159 16.570917911827564 21.358149193227291 31.955739215016365 53.491685636341572 31.884073659777641 34.235769525170326
leaf_count=891 1866 3502 919 380 546 185 399 256 652 645 78 91 107 129 784 239 136 126 97 125 203 352 208 271
internal_value=1.02275e-05 0.00032444 -6.34536e-05 0.00246918 0.000333728 0.00110519 0.000660076 0.00136047 0.00203172 0.0011631 0.00232702 0.00580057 0.00768686 -0.0014265 0.000237256 0.00514096 0.00510914 0.00786615 0.00177565 0.00601291 0.000977236 -0.00105192 -0.00282067 -0.00319096
internal_weight=1835.87 1637.29 1388.46 248.829 1233.96 777.467 702.888 527.348 445.851 365.579 271.872 80.2713 64.1378 175.54 123.252 103.417 74.5786 43.6047 259.038 37.9291 221.109 117.331 85.3758 154.495
internal_count=13187 11321 9811 1510 8621 5119 4672 3360 2814 2360 1708 454 363 1312 913 619 447 262 1630 222 1408 763 560 1190
is_linear=0
shrinkage=0.01


Tree=154
num_leaves=25
num_cat=0
split_feature=32 132 313 118 131 247 118 76 109 82 70 11 269 145 137 262 82 132 95 308 82 82 66 108
split_gain=13.3561 12.6781 12.2288 11.8819 14.2131 11.7103 11.0477 10.5803 10.8562 10.7489 10.5476 10.8343 16.9524 11.9832 9.564 9.27137 10.5449 10.951 8.89755 8.85127 8.78491 9.1646 9.92934 9.79255
threshold=0.0014316399604838677 0.016623788499878278 -0.06235710101046759 107.50000000000001 1.0867398045584185 2.8188630230811706 140.50000000000003 1.0206999065000713 1.5195776906739467 0.76087797788112044 0.76701195927957222 0.33569993281915339 1.4340543028071793 0.076744914094087943 0.17035049272772956 -0.99788036317089934 0.41458150621191614 0.018220929052963585 -0.76570552140902326 0.0036328837183403767 0.50368499519753807 0.55083235814593767 -14.007064329680247 0.31217326694350073
decision_type=2 2 2 2 8 2 2 10 8 10 10 10 2 10 2 8 8 2 10 2 10 10 2 10
left_child=1 3 -2 4 19 10 -5 8 20 -9 15 12 13 -12 -10 -3 -17 -18 -8 -1 -6 -22 23 -23
right_child=2 5 -4 6 7 -7 18 9 14 -11 11 -13 -14 -15 -16 16 17 -19 -20 -21 21 22 -24 -25
leaf_value=0.0014694708387427123 0.0026573109887008473 0.0075074692158523951 -0.0039831219064396742 0.0046343366953244761 0.00031500173035649851 -0.0033300082219193988 -0.0026035501077219902 -0.0042473313533467737 -0.0021941088320878953 4.4702554603495602e-05 0.0088250126089900738 0.00066076429256477383 0.014490753447299226 -5.3236549028850489e-05 0.0028356731412880454 -0.0045623913030406809 0.0079141730240949205 0.0006633242469647559 0.0059809561212571328 0.01076011278515727 -0.0050647324499109693 -0.0012452142790433413 -0.0021442714023790668 0.0074293177657331847
leaf_weight=30.358162350952625 32.746027782559395 18.843843355774879 129.55493579804897 90.330916874110699 302.00398689508438 36.838914602994919 51.615512631833553 146.14714454859495 46.106165573000908 95.056937545537949 24.347684778273106 42.630103141069412 19.500932916998863 33.901412166655064 167.0516194626689 30.638188682496548 20.7042121514678 191.50007107853889 12.67258397489786 13.832454606890677 74.700578011572361 25.91278438270092 175.58122881501913 21.69009131193161
leaf_count=187 300 93 1257 597 2066 278 351 1191 338 769 154 293 113 197 1135 187 134 1170 88 85 535 184 1347 134
internal_value=9.81272e-05 0.000366044 -0.00261456 -0.000137663 -0.000505496 0.00186595 0.00243105 -0.000744402 -0.000194239 -0.0025709 0.00239044 0.00481071 0.00697009 0.00387905 0.0017285 0.00123356 0.00066144 0.00147066 -0.000714834 0.00487331 -0.000884048 -0.00209453 -0.00104477 0.00288305
internal_weight=1834.27 1671.97 162.301 1253.06 1098.44 418.905 154.619 1054.25 813.046 241.204 382.066 120.38 77.75 58.2491 213.158 261.686 242.842 212.204 64.2881 44.1906 599.889 297.885 223.184 47.6029
internal_count=13183 11626 1557 9007 7971 2619 1036 7699 5739 1960 2341 757 464 351 1473 1584 1491 1304 439 272 4266 2200 1665 318
is_linear=0
shrinkage=0.01


Tree=155
num_leaves=25
num_cat=0
split_feature=32 21 105 157 73 123 71 64 195 115 87 227 311 315 289 172 116 307 11 105 103 200 106 213
split_gain=13.8506 13.2654 16.2224 10.2655 10.2518 15.0229 10.3497 10.8367 10.2518 14.6864 11.2354 10.9351 10.8526 9.83125 9.52208 10.0228 8.94529 10.5018 10.2857 8.40225 15.511 10.6714 9.65561 9.64625
threshold=0.0016625115394608102 0.49940567425323357 1.3824999942590697 0.055867665418227221 315.53479370826329 0.42827496119539338 1.2661053434956357 0.60546941670866128 0.012739370334307045 -1.1220171580164733 2.3439124185238005 0.0051414221517314309 -0.39184470681150096 -0.4614081034430943 0.11117526299862897 3.0154166666666673 -0.16900300018275616 0.0024249094215128141 0.45567614568355391 0.58164540142383669 1.4073146079045842 2.4105219752217453 0.46991788740124185 -0.27254599222723502
decision_type=2 10 10 8 2 10 8 10 10 10 8 2 2 2 2 8 10 2 8 10 10 2 8 2
left_child=1 2 4 -3 5 14 -7 -8 9 10 -6 16 13 -13 15 -1 -11 -18 -19 21 -21 23 -22 -9
right_child=-2 3 -4 -5 8 6 7 19 -10 11 -12 12 -14 -15 -16 -17 17 18 -20 20 22 -23 -24 -25
leaf_value=-0.0030134613883197503 -0.002900668553092723 0.0041399677517203921 0.0070585166075282958 -0.0024510193343310325 0.0034473864113340582 -0.0027411048497818554 0.0079554730311675453 -0.0036817182346930905 -0.0015322922087157181 -0.0060377636021056611 0.012416175136017152 0.0040651565072356618 0.0086103863063664542 -0.0055680857193648606 -0.0047491317349537803 0.0032368055267421496 -0.00085134264698680793 0.0083298457243187671 -0.0023643533598983251 0.0029906038785956213 0.0037733409780818282 0.0061828853450016045 -0.0025043168246051328 0.00065704189877663702
leaf_weight=26.616748854517937 147.90468154847622 23.557020798325539 35.548522226512432 234.85985726118088 42.416398890316486 193.11622593551874 13.481035329401491 151.6089444309473 68.340277053415775 18.765729159116745 21.260382436215878 30.598119556903839 32.852562062442303 12.68818850815296 16.731429599225521 217.61709114164114 98.748946093022823 26.465206526219845 11.277734421193598 154.99919936060905 27.083865307271481 13.289579048752783 134.44557183235884 75.005205772817135
leaf_count=152 1425 183 214 1971 269 1433 87 1087 467 131 140 207 220 87 104 1286 659 170 89 953 204 103 974 534
internal_value=2.78973e-06 0.000263258 0.000642943 -0.00180785 0.000463749 -4.87223e-05 -0.000758458 -7.4608e-05 0.00189969 0.00270497 0.0068594 0.0014881 0.00451762 0.00105054 0.00200845 0.00252475 -4.56648e-05 0.000877205 0.00516765 -0.000310381 0.00075506 -0.00171267 -0.00139857 -0.00225091
internal_weight=1829.28 1681.37 1422.96 258.417 1387.41 1023.99 763.03 569.913 363.414 295.073 63.6768 231.396 76.1389 43.2863 260.965 244.234 155.258 136.492 37.7429 556.432 316.529 239.904 161.529 226.614
internal_count=13149 11724 9570 2154 9356 6917 5375 3942 2439 1972 409 1563 514 294 1542 1438 1049 918 259 3855 2131 1724 1178 1621
is_linear=0
shrinkage=0.01


Tree=156
num_leaves=25
num_cat=0
split_feature=153 162 122 105 75 71 141 105 309 20 241 227 286 117 274 71 103 22 150 94 57 117 309 192
split_gain=13.7057 16.2064 12.1657 16.1209 15.644 13.8778 16.356 12.2093 11.6355 10.9013 10.3036 9.93689 13.3851 9.43723 9.30147 9.07119 8.93805 14.0815 13.3488 12.5373 11.1309 10.7016 10.3544 8.81509
threshold=0.049443833272216117 0.043557312252964435 0.26025589624797435 1.3676644825071913 0.78465422031788268 1.8712682238841702 0.01629328653176804 0.61074443770521503 -0.041509464189876603 0.75019548014472948 0.84523809523809534 0.0071048181519901069 1.5083333328080328 2.368833019097448 4.2552025774331153 3.1915454155904079 1.6428132559348676 0.06154296143298419 0.048826334128002941 0.68290127931771494 -0.32583800853133932 0.51412940550891351 0.04677442345842054 0.57247572898271593
decision_type=10 10 8 10 8 8 2 10 2 10 2 2 2 10 2 10 8 8 10 10 10 10 2 10
left_child=1 2 16 5 -5 10 7 -7 -3 11 14 15 -13 -2 -4 -8 17 18 21 -20 -21 -1 23 -19
right_child=13 8 3 4 -6 6 9 -9 -10 -11 -12 12 -14 -15 -16 -17 -18 22 19 20 -22 -23 -24 -25
leaf_value=0.00025152689106929991 -0.00479848230471907 0.011286298281883012 0.0024009983132082507 0.0094189687433274584 -0.0020053742932630327 0.00015663187328723366 -0.0037450828097087326 0.0080549437007674009 0.002462000949288477 0.0035541476688985035 -0.0058808157230052435 0.007532731190523374 -0.0021943761338027658 0.0036577035196361735 -0.0028774175529305362 0.0033351671853235404 -0.0036527459432418013 0.0078411071572606003 -0.0029861480904609179 0.0073711126503463818 -0.0034981236966844125 0.0035043796963020388 -0.0040027265241049884 0.0026649998239939238
leaf_weight=357.54407046735287 81.315267294645309 16.239806823432446 40.825253538787365 25.515310563147068 19.094024658203125 41.357667773962021 172.98463246971369 34.97639499604702 84.611847721040249 38.845255084335804 85.973415933549404 20.758717522025108 32.801005020737648 13.352525144815443 141.90922898054123 17.822942622005939 40.23350016772747 40.303408853709698 167.72689410299063 22.133975617587566 12.820542819797991 138.9067949950695 16.364298388361931 172.95898154377937
leaf_count=2313 733 107 319 165 153 323 1393 220 584 285 761 157 262 100 1195 125 296 242 1267 159 94 828 102 1019
internal_value=0.000124366 0.000328522 8.5595e-05 -0.000944424 0.00468042 -0.00136469 -7.25039e-05 0.00394755 0.00416293 -0.001188 -0.00307114 -0.00197809 0.00174725 -0.0035236 -0.00167401 -0.00303929 0.000802545 0.00100718 0.000295379 -0.00184912 0.0033945 0.00117846 0.00313993 0.00373809
internal_weight=1837.38 1742.71 1641.86 672.864 44.6093 628.255 359.547 76.3341 100.852 283.213 268.708 244.367 53.5597 94.6678 182.734 190.808 968.992 928.759 699.132 202.681 34.9545 496.451 229.627 213.262
internal_count=13202 12369 11678 5358 318 5040 2765 543 691 2222 2275 1937 419 833 1514 1518 6320 6024 4661 1520 253 3141 1363 1261
is_linear=0
shrinkage=0.01


Tree=157
num_leaves=25
num_cat=0
split_feature=271 193 79 32 5 318 283 288 317 18 162 58 152 302 274 66 109 152 81 266 73 174 194 106
split_gain=14.2132 10.8815 17.2547 10.9785 10.7832 11.0283 13.5451 12.3863 12.0383 10.7218 10.6302 11.8398 11.3428 11.3196 10.4795 10.2274 10.2154 15.6731 10.1951 11.6348 9.61679 14.4731 9.29103 8.96897
threshold=0.052674495872370851 0.76214049976426224 92.260075469046214 0.0015637226134585292 -2.8712440139818409 0.85868224227002865 -0.0024524840611091056 -0.004689881644961277 -0.0027434893873250032 -0.13247743130902592 0.0039735169045513876 0.60800346173297359 0.021145390863700726 0.018654219469637922 4.1822574941140749 90.41816617673355 2.3487247349341756 0.12185120558375635 -0.12512189996826864 2.3201941747572818 310.94171343463051 72.301111111111126 0.018265221017514599 0.79616592269154174
decision_type=2 8 2 2 2 2 10 2 2 10 8 10 10 2 2 2 10 10 10 2 2 10 8 10
left_child=14 2 18 4 5 6 7 -3 -7 -10 11 13 22 -6 -1 -16 17 20 -2 -20 -4 -22 -12 -14
right_child=1 3 16 -5 10 8 -8 -9 9 -11 12 -13 23 -15 15 -17 -18 -19 19 -21 21 -23 -24 -25
leaf_value=0.0017419606477666954 -0.0003669479886741977 0.0037151409394742306 8.9576804392569464e-05 -0.0041306054598745836 -0.0019824868947350078 -0.0048177795303300927 -0.0004930495545559905 0.01458379938039335 0.0064432041570180844 -0.0038158611817471987 -0.0020882172178247737 -0.003578967538296624 -0.0019088100318299325 0.0045497591031463721 -0.00353919587585339 0.0021298889040009838 0.0061116290382612652 -0.0049377381468331981 0.0016973791664131714 0.0097904704026400124 0.00051039030426863264 0.0061678409192326804 0.0067541164043178241 0.0039769919491382784
leaf_weight=63.721420183777809 25.507697433233261 30.543189533054829 456.13374346494675 68.354031421244144 63.069382771849632 31.806814447045326 28.091455027461052 16.177483633160591 27.409181676805019 12.947326675057409 14.140713289380072 171.40484227985144 107.47778554260731 41.550229914486408 215.8314116448164 35.062330730259418 30.849590852856636 47.013127721846104 30.234386898577213 47.19037139415741 115.02186074107885 72.767352811992168 44.639122933149338 30.975196197628975
leaf_count=481 159 177 3154 660 407 201 169 98 156 87 93 1266 817 262 1819 299 209 397 192 287 762 477 279 231
internal_value=0.000111584 0.000514805 0.00128805 -0.000411335 1.38952e-05 0.00235526 0.0049725 0.00811904 -0.000430142 0.00309397 -0.000720832 -0.00198059 0.00104022 0.000654114 -0.00181199 -0.00272799 0.000730534 0.000464779 0.00506333 0.00681461 0.000880734 0.00276716 0.00461231 -0.000531388
internal_weight=1827.92 1513.3 824.718 688.587 620.233 146.975 74.8121 46.7207 72.1633 40.3565 473.257 276.024 197.233 104.62 314.615 250.894 721.786 690.936 102.932 77.4248 643.923 187.789 58.7798 138.453
internal_count=13139 10540 5637 4903 4243 888 444 275 444 243 3355 1935 1420 669 2599 2118 4999 4790 638 479 4393 1239 372 1048
is_linear=0
shrinkage=0.01


Tree=158
num_leaves=25
num_cat=0
split_feature=235 93 208 292 151 109 16 262 113 131 308 79 279 154 20 58 70 129 123 192 105 10 148 80
split_gain=9.6317 12.3811 14.2097 15.3519 11.6493 12.8116 11.0322 10.864 9.89106 10.9261 10.0723 12.1091 9.86342 9.5179 12.1642 10.0104 11.1193 9.39155 9.20283 11.7594 11.7514 15.1979 12.7932 9.42209
threshold=1.0000000180025095e-35 -0.050420772771041317 2.892552106697925 -0.024460889588710913 0.094627394384675947 1.1685457581177501 0.7661188530608033 -0.11538960285093927 -0.17236078314033909 1.8512474826380998 0.0014800628946271489 87.198561622231438 -0.099598115477815594 0.022870219025825436 -0.67571288922783412 0.6210652460155518 0.38132839893383247 0.71062109651959016 1.3321918333075624 1.5801836601907351 1.3170776672811495 1.9573457901494122 0.081016731016731028 26.500000000000004
decision_type=2 10 2 2 8 10 2 8 10 10 2 2 10 10 10 10 10 10 10 10 10 2 10 2
left_child=18 4 3 -3 5 7 -7 8 9 10 13 -12 -6 15 -15 16 -2 -17 19 -1 22 -22 -20 -23
right_child=1 2 -4 -5 12 6 -8 -9 -10 -11 11 -13 -14 14 -16 17 -18 -19 20 -21 21 23 -24 -25
leaf_value=-0.00019655854982963749 -0.0021393942795383996 0.0013630008903086632 -0.00023884785004772962 0.013106531592423604 0.0049742746222330853 0.0098388616722486465 0.0019302110062382608 -0.0027880157347653293 0.0039171931293122356 -0.0045484444826287542 0.0024626254442572347 -0.003225449866381572 -0.0040163941369344243 0.00046718128319413459 0.013553395536361123 0.0025500681109435902 0.0069933783480193726 -0.0062387359128695244 0.0069761337194812209 0.0054004883089969081 0.006355206412857574 -0.0044382264901659243 -0.002786984087204829 0.004343551620103925
leaf_weight=353.93031809478998 18.388447947800159 20.893912613391876 36.576485127210617 23.530695073306561 11.574549391865729 16.4781404286623 260.64887969195843 117.77727316319942 71.872791141271591 44.767724253237247 57.606585063040257 95.665746800601482 86.254096634685993 13.354026645421984 13.305597148835657 19.941406287252903 36.144630342721939 23.822064489126205 11.222418695688246 39.096886344254017 35.686209850013256 37.546559154987335 366.30457726866007 14.825077183544634
leaf_count=2370 111 147 275 162 92 94 1721 917 489 322 356 666 732 90 89 137 219 164 95 245 241 312 2985 104
internal_value=3.79616e-05 0.000721065 0.00439602 0.00801849 0.000371606 0.000778473 0.00249912 -0.000158363 0.000637751 -0.000116672 0.000631577 -0.00107524 -0.00283229 0.00271044 0.00770879 0.00116639 0.00394276 -0.00230098 -0.000731313 0.000392417 -0.0016787 0.00156581 -0.00244418 -0.00183846
internal_weight=1827.22 968.603 81.0011 44.4246 887.602 789.773 277.127 512.646 394.869 322.996 278.229 153.272 97.8286 124.956 26.6596 98.2965 54.5331 43.7635 858.612 393.027 465.585 88.0578 377.527 52.3716
internal_count=13135 6783 584 309 6199 5375 1815 3560 2643 2154 1832 1022 824 810 179 631 330 301 6352 2615 3737 657 3080 416
is_linear=0
shrinkage=0.01


Tree=159
num_leaves=25
num_cat=0
split_feature=5 5 76 114 282 126 109 153 135 127 315 256 99 38 285 271 105 284 102 157 122 109 310 259
split_gain=13.0218 17.7712 10.6273 19.2261 12.3688 10.9415 16.6226 11.4783 10.723 17.0432 14.599 10.1829 10.1518 9.17796 8.7852 9.47281 10.4099 9.95081 8.72488 9.78154 10.3728 9.85857 10.8151 9.95571
threshold=-2.8943022876294049 -2.8712440139818409 0.80655261278894375 0.72439208681671763 -0.03278462719595357 0.73154229831474316 2.1525822659375815 0.015611460138648182 0.094605617036285894 0.80453084189824808 -0.10203041346183468 70.500000000000014 1.2242135538382042 0.34381437554151856 0.035294117646799315 0.097461889952525235 0.90833965083385226 0.031424513804615369 1.0198662082558918 0.16871234939759039 0.61214886715149819 1.0946586135553009 -0.28404327500039783 0.05628444429931561
decision_type=2 2 8 8 8 8 10 10 2 10 2 2 8 2 2 2 10 8 10 10 10 8 2 10
left_child=-1 -2 4 -4 -3 13 7 14 -6 10 11 -10 -8 -5 -7 16 17 -16 19 -15 21 -21 -23 -24
right_child=1 2 3 5 8 6 12 -9 9 -11 -12 -13 -14 18 15 -17 -18 -19 -20 20 -22 22 23 -25
leaf_value=-0.002153465379869966 0.0029600372524358001 -0.0018737712952665733 -0.0029011996196964106 0.0058409921442222528 0.0082610583524331798 0.0055022825218868721 0.0070283537687358347 -0.0047383763401445365 0.0068468931842764905 -0.0064442137799348631 -0.0025451110585429011 0.0020207417815719143 -0.0028665626857384933 0.0045842800124113632 0.00091260781402456115 -0.004534137384987231 0.0056326041258834584 -0.0063602336046993729 -0.0048328166344376953 -0.0048910288587406883 -0.0044051558856041057 0.0058945586414903906 -0.0041592441452044521 0.0050409714935924152
leaf_weight=223.63044732809067 230.39530303329229 105.94013937562704 269.04132682085037 43.036574080586433 22.438903160393238 19.206905923783779 34.511547580361366 91.317844375967979 52.028919272124767 22.540169484913349 55.852924458682537 247.32406395673752 12.371900670230387 68.596195161342621 61.208798550069332 54.011578284204006 26.381206288933754 23.866831786930561 20.946370244026184 16.979496344923973 35.825843431055546 50.582175649702549 28.455980941653252 16.003337636590004
leaf_count=2054 1268 700 2155 300 152 132 240 796 342 161 376 1546 103 470 469 362 184 194 171 118 292 305 179 101
internal_value=9.1306e-05 0.000407199 -2.39565e-05 -0.000692835 0.00112435 0.000299293 -0.000950254 -0.00189514 0.00192816 0.00149047 0.00204393 0.00291936 0.00438231 0.00173666 -0.000433361 -0.00120958 0.000465289 -0.00125577 0.000928115 0.00154562 6.92336e-05 0.00158255 0.00285777 -0.000722375
internal_weight=1832.49 1608.86 1378.47 872.344 506.125 603.303 322.877 275.993 400.185 377.746 355.206 299.353 46.8834 280.426 184.675 165.468 111.457 85.0756 237.389 216.443 147.847 112.021 95.0415 44.4593
internal_count=13170 11116 9848 6571 3277 4416 2480 2137 2577 2425 2264 1888 343 1936 1341 1209 847 663 1636 1465 995 703 585 280
is_linear=0
shrinkage=0.01


Tree=160
num_leaves=25
num_cat=0
split_feature=150 114 149 28 154 137 179 108 4 131 183 159 23 185 126 213 5 2 114 139 116 131 91 91
split_gain=11.6273 12.263 14.3058 11.2146 18.5468 12.926 10.6714 10.3048 13.3182 10.0456 10.0441 10.2437 10.297 13.8422 10.0305 9.83475 11.1914 9.31256 12.7181 10.974 9.42308 10.0034 9.28466 10.4916
threshold=0.048826334128002941 0.71170873479357177 0.26401991614255771 0.24001533742331291 0.015473894246757568 0.19259829937796044 3.2228429546865307 0.94514344071718093 -37.055858288366743 2.4962584442498819 -0.82651219217888017 0.14757122981065879 0.60988310194298845 0.84918583613336784 0.81791276784664502 -0.23312440864539732 -2.8996003220412478 0.89840648445595983 0.72620955713536361 0.01978799574872742 0.06534410510611656 2.4859027537237481 33.938042912884185 61.957015909655006
decision_type=8 8 10 2 10 2 2 10 2 10 8 10 8 10 8 2 2 10 8 2 10 10 2 2
left_child=17 2 -2 5 10 -3 -4 8 -7 -9 -5 -12 13 14 -13 16 -6 18 20 -20 21 -1 -10 -24
right_child=1 3 6 4 15 7 -8 9 22 -11 11 12 -14 -15 -16 -17 -18 -19 19 -21 -22 -23 23 -25
leaf_value=0.00062208804727681172 -0.0026658781690172963 -0.0018873951078130454 0 0.005591983162513684 0.00021670054200995724 0.006404533610860498 0.010574811402085641 0.0021864003412546936 -0.0042764821528327151 0.011416161175131336 -0.006233734209796853 0.0085631373650757233 -0.0015760575792878437 -0.0051176565442451697 -0.0010779512977491649 -0.0013679445076756674 0.0099247597473047719 -0.0042735754283703435 0.00080566548539034511 0.0073725369658050027 0.006382151143506821 -0.0065323989706941423 0.0078790546642066271 -0.002545657006124366
leaf_weight=411.15065360814333 364.71112993359566 356.25359214842319 29.299021109938622 26.63803543150425 16.246958129107952 20.102818019688129 11.245499461889265 55.457322590053082 62.419633060693741 13.065694347023962 25.476608045399189 34.422856085002422 108.62610305845737 12.403279349207876 14.122232742607592 14.363885052502154 45.048404447734356 27.876275055110455 46.657550863921642 56.357523277401924 24.154857665300369 17.663325138390064 14.123419888317583 19.914148800075054
leaf_count=2639 2907 2712 226 182 155 136 77 377 477 82 192 219 833 95 109 107 291 189 294 317 151 127 99 152
internal_value=-6.6209e-05 -0.000612908 -0.00203475 7.74814e-05 0.00162999 -0.000777488 0.00342199 0.00134975 -0.000463973 0.00434479 0.000144333 -0.00066413 0.00025569 0.003461 0.00583424 0.0058075 0.00749085 0.00109416 0.00138546 0.00450924 0.000649149 0.000284 -0.00204788 0.00202623
internal_weight=1827.8 1243.94 405.256 838.685 297.348 541.337 40.5445 185.083 116.56 68.523 221.689 195.051 169.574 60.9484 48.5451 75.6592 61.2954 583.86 555.984 103.015 452.969 428.814 96.4572 34.0376
internal_count=13145 9428 3210 6218 2183 4035 303 1323 864 459 1630 1448 1256 423 328 553 446 3717 3528 611 2917 2766 728 251
is_linear=0
shrinkage=0.01


Tree=161
num_leaves=25
num_cat=0
split_feature=5 5 131 282 121 121 105 147 99 108 291 146 257 128 276 53 132 197 5 95 7 59 174 90
split_gain=12.945 17.8588 11.0134 20.9469 10.3958 14.032 9.95588 19.0134 9.5683 9.78561 11.4583 10.7358 16.3174 9.00986 8.88111 8.78999 8.72695 8.54988 8.37453 8.31534 13.4709 8.01961 8.00002 7.97422
threshold=-2.8935132521978844 -2.8712440139818409 1.6306762194233919 0.020834992302383604 -0.86823480167352607 -1.4210394078053701 1.3824999942590697 0.11343861958031733 0.31291750248047601 0.50140856581222448 1.8167708362225057 0.27205442176870759 92.500000000000014 1.8547636607326581 7.6506484122720977 32.500000000000007 0.017774187758032672 -0.31154295597370657 -2.2501271148637421 -0.80512053855462407 -0.79480716292736109 3.351539326730328 75.777500000000018 5.0439422692940683
decision_type=2 2 8 10 8 10 10 10 10 8 2 8 2 10 2 2 2 10 2 10 2 10 10 2
left_child=15 4 3 14 5 22 8 13 9 11 19 -4 -13 -8 -3 -1 17 -5 -12 20 -11 -6 23 -2
right_child=1 2 6 16 21 -7 7 -9 -10 10 18 12 -14 -15 -16 -17 -18 -19 -20 -21 -22 -23 -24 -25
leaf_value=-0.0044090415915535664 0.0057510108328410661 0.0020825000882633191 -0.0018492009566519732 0.012578619012318616 0.011872189120322183 -0.001436647525382227 -0.0038979454704202799 0.0078795033777966754 -0.0018499405889402043 0.0018359988551199956 0.0013894069854416284 0.0077269388967066708 -0.0012031818666249101 0.0039206957617801338 -0.0043656617748742887 -0.00053433398109312819 0 0.0033401863970400065 -0.0055274241012815521 -0.0036840874844519191 0.0090455757142755798 0.0021659445381355009 0.0065260575511480335 -0.0025247382278974916
leaf_weight=96.858975768089294 16.653316348791122 45.645126342773438 314.61677300184965 25.289989486336705 18.754965245723724 70.547894097864628 36.350661262869835 38.252766989171505 409.86603961139917 224.30405219644308 30.480374418199062 29.719806343317032 52.997167631983757 20.811550311744213 35.347583383321762 145.76862476021051 14.362423926591871 20.364734210073951 35.044827423989773 19.54897728562355 27.053304679691792 17.084169380366802 60.500489130616188 26.093954518437386
leaf_count=921 87 294 2285 157 111 393 281 245 3296 1452 199 185 319 165 226 1246 83 126 244 131 179 109 317 137
internal_value=1.86582e-05 0.000348657 -6.60088e-05 0.00255268 0.00304761 0.00195872 -0.00037 0.00268445 -0.000631738 5.18628e-05 0.00130234 -0.00100615 0.00214356 -0.000983659 -0.000772182 -0.00211839 0.00688778 0.00891557 -0.00237109 0.00220992 0.00270834 0.00777027 0.0042646 0.000834581
internal_weight=1832.32 1589.69 1380.06 141.01 209.635 173.796 1239.05 95.415 1143.63 733.765 336.432 397.334 82.717 57.1622 80.9927 242.628 60.0171 45.6547 65.5252 270.906 251.357 35.8391 103.248 42.7473
internal_count=13188 11021 9867 886 1154 934 8981 691 8290 4994 2205 2789 504 446 520 2167 366 283 443 1762 1631 220 541 224
is_linear=0
shrinkage=0.01


Tree=162
num_leaves=25
num_cat=0
split_feature=271 153 20 82 239 32 132 138 177 21 81 102 294 193 193 100 297 77 257 18 161 185 157 82
split_gain=15.0759 10.9527 12.4666 9.52361 9.27477 10.1473 10.0953 8.60937 15.0218 8.53755 10.4799 10.997 10.0717 11.2549 11.7623 9.30506 9.33948 12.1447 13.5585 8.65709 12.9347 14.3869 8.36903 8.67026
threshold=0.052674495872370851 0.049443833272216117 1.0800916303881238 0.67774733370011997 1.3730132164743296 0.0015637226134585292 0.016623788499878278 0.14776178948036525 7.4473413379996503 0.43462766394383884 0.94026772506820999 0.10962439230640879 -0.14090000654003407 0.59476565172767715 0.61938296445338714 1.0237506343227956 0.0039207734999920493 2.4117275426535572 101.50000000000001 0.31202800871381436 0.054696047592997822 0.63178947368421057 0.17661913250148548 0.83311036442804209
decision_type=2 10 10 8 8 2 2 2 8 8 10 10 2 8 10 10 2 10 2 10 10 10 10 8
left_child=7 2 4 -4 5 9 -6 -1 -9 10 11 12 -2 -14 -15 16 -13 -18 -19 -12 -21 -22 23 -11
right_child=1 -3 3 -5 6 -7 -8 8 -10 22 19 15 13 14 -16 -17 17 18 -20 20 21 -23 -24 -25
leaf_value=-0.0030723521090139146 0.0059850548594780895 -0.0038789637240447946 0.0012831506178467558 0.01231959200493179 -6.5556853798447138e-05 -0.0024072186067694199 0.011405750482917565 -0.00221196345620205 0.0056135296384155729 -0.0011381848616066543 0.00064822727424539573 -0.0022468780543063818 -0.0037387792440438101 0.0077397140187848781 0.00085355881127503936 -0.0048384870294337565 -0.0023496335498312594 0.011131186907440487 -3.8354979403624884e-05 0.0087493264659703369 0.0078101986703960511 -0.002067835197346679 -0.0046028849020769164 0.0073822732689490071
leaf_weight=210.93445975333452 36.616783663630486 52.875153586268425 17.337522029876713 13.03492386639118 14.286813676357271 117.01938126981258 13.228438556194304 70.301532797515392 34.054667115211487 61.715650632977486 86.497173696756363 93.911563329398632 48.353976994752884 23.097112387418747 638.01743199676275 57.158161461353302 28.307248309254646 20.175774648785591 20.213483266532421 46.021156281232834 20.585869334638119 37.248999908566475 55.612139269709587 11.806246966123579
leaf_count=1744 222 445 119 85 109 1116 91 594 277 477 534 710 308 142 4009 445 205 152 155 298 125 233 466 91
internal_value=5.65259e-05 0.000472302 0.000637775 0.0066986 0.000495305 0.000375374 0.00596739 -0.00192206 0.00041339 0.00063424 0.000908011 0.000479949 0.00105954 0.000781058 0.00112774 -0.00147159 -0.000219237 0.00251768 0.0058826 0.00303578 0.0049446 0.00163255 -0.00177611 0.000440514
internal_weight=1828.41 1513.12 1460.25 30.3724 1429.87 1402.36 27.5153 315.291 104.356 1285.34 1156.2 965.852 746.085 709.469 661.115 219.766 162.608 68.6965 40.3893 190.353 103.856 57.8349 129.134 73.5219
internal_count=13152 10537 10092 204 9888 9688 200 2615 871 8572 7538 6348 4681 4459 4151 1667 1222 512 307 1190 656 358 1034 568
is_linear=0
shrinkage=0.01


Tree=163
num_leaves=25
num_cat=0
split_feature=271 39 254 3 289 117 232 232 113 117 208 244 27 128 27 155 312 129 121 271 82 244 88 115
split_gain=13.3289 10.7072 10.1443 10.5129 14.0286 16.2181 13.5982 10.5673 11.5367 9.9341 14.994 11.174 10.5796 10.0444 9.78859 15.5401 10.7353 10.2141 9.74655 9.44588 9.43014 11.7305 9.30093 11.4557
threshold=0.052674495872370851 0.024828566060776856 227.50000000000003 2.4993481399758042 0.11117526299862897 0.78697879031558216 1.2001113783006911 1.3797354786608693 0.18437828187205982 1.2046617312890995 1.3114356837567267 0.0043055555555555564 0.70813816692446796 1.1430002195097513 0.74339837835684131 0.052063971499380433 -0.15765041430369589 1.6903778267012664 -0.71336202227377499 0.17960164950816435 0.54718695360099068 0.014583333333333335 0.96653587283648057 -0.50901632190577906
decision_type=2 2 2 2 2 10 2 2 10 8 2 2 2 8 2 10 2 10 8 2 10 2 10 10
left_child=1 14 3 4 5 6 -2 -7 -9 18 12 -12 -11 -14 16 -16 17 -1 -5 20 21 -13 23 -20
right_child=2 -3 -4 9 -6 7 -8 8 -10 10 11 19 13 -15 15 -17 -18 -19 22 -21 -22 -23 -24 -25
leaf_value=-0.0028000923228577081 0.0034161815112197583 -0.0039247615679771424 0.0046895952096522413 -0.0002920246553730676 -0.0038769258236597943 -0.0019889249992094903 -0.00042123854612872687 0.0095256682548997586 0.0015474575241485101 0.00029666157316626362 -0.0058833816015436916 0.0097135605052145867 0.013077996477899027 0.0017172854610071667 -0.0045255357908412933 0.0045745449663935041 0.006879333337827454 0.00669742703448231 -0.005796043747814522 0.0060636312655506621 -0.00079324150219040621 -0.00082665343831476805 0.0022052503574501959 0.00015572968121920999
leaf_weight=41.978894725441933 141.07221373915672 134.31867416203022 51.240217559039593 378.15110559761524 43.635119900107384 14.583462521433828 255.20255364477634 52.957126192748547 29.215971671044827 24.470514722168446 26.349710486829281 17.915304519236088 19.432577282190323 13.802431605756281 74.142207399010658 22.19836138188839 28.941518805921078 12.3039069250226 107.20094484090805 25.761288583278656 222.6227255538106 20.336585894227028 25.919682331383228 45.129742562770844
leaf_count=317 885 1179 343 2692 302 91 1695 318 185 160 189 115 125 97 618 178 213 97 888 154 1610 142 215 346
internal_value=4.49591e-05 -0.00182046 0.000434794 0.000276368 0.00138682 0.00187426 0.000956926 0.00548671 0.00684744 -0.000367629 0.000894915 1.03816e-05 0.00545024 0.00889462 -0.000204256 -0.00234759 0.00226072 -0.000403685 -0.00121085 0.000608084 6.01122e-06 0.00441548 -0.00311938 -0.00405568
internal_weight=1828.88 313.884 1515 1463.76 536.666 493.031 396.275 96.7566 82.1731 927.093 370.691 312.986 57.7055 33.235 179.565 96.3406 83.2243 54.2828 556.401 286.636 260.875 38.2519 178.25 152.331
internal_count=13154 2602 10552 10209 3476 3174 2580 594 503 6733 2592 2210 382 222 1423 796 627 414 4141 2021 1867 257 1449 1234
is_linear=0
shrinkage=0.01


Tree=164
num_leaves=25
num_cat=0
split_feature=150 71 120 205 102 105 83 83 147 221 205 133 239 279 4 161 262 42 316 125 313 254 319 239
split_gain=11.2665 16.2427 16.8935 10.5836 10.0292 14.5746 13.4001 12.9678 12.0492 11.345 21.1636 10.3443 14.0163 10.0069 10.9441 9.77131 11.8175 9.25255 9.04454 10.2179 9.65951 11.0156 9.47535 8.84389
threshold=0.048826334128002941 1.8620673714001119 0.62097112523439313 -0.85710458801773182 1.228056852784827 1.1601474030460397 3.5013525619451138 3.0123048151610519 0.089769754055468345 -0.25427596793766233 -0.37961507332404854 0.056467092037409329 0.81679948874086217 0.0048698984138299548 -207.30114948078148 0.0030349083540572907 -0.99788036317089934 118.50000000000001 0.039288874841972195 0.36463498076884338 -0.025234958278436536 14.500000000000002 -0.11001982917550933 0.77580904072906332
decision_type=8 10 8 2 8 10 10 10 10 2 2 2 10 10 2 8 10 2 2 10 2 2 2 10
left_child=3 13 -3 -1 5 9 7 8 -7 10 11 -4 -13 14 -2 16 -5 -15 20 -20 21 -16 -23 -17
right_child=1 2 4 15 -6 6 -8 -9 -10 -11 -12 12 -14 17 18 23 -18 -19 19 -21 -22 22 -24 -25
leaf_value=-0.0059446374567409211 -0.0056095043432356781 0.010865249538143096 -0.0013983769750145533 0.006392766897565229 -0.0047833035767873315 -0.0026431202999925301 0.011767876108528481 -0.0036424471685448353 0.0053804167838411663 -0.002240449665678624 0.0053959445817013804 -0.002128778427453517 0.0087503744207268804 -0.0046502880355217251 0.0099641880754011963 0.0017280134099131755 -0.00027343039724083025 -0.00035284357228629071 -0.001554901064791816 0.0097231320461019319 -0.0025390024505806993 0.0035035585324282759 -0.0025980524706273938 0.0060604430402778102
leaf_weight=17.230214059352875 34.3251086845994 12.501817330718039 221.82417859882116 26.323406912386417 34.59098219871521 21.668547131121159 13.858449690043924 27.895494185388088 85.792609997093678 183.5958591774106 75.380739331245422 20.09663300961256 22.815860219299793 162.88565474748611 10.975939996540545 169.73374503850937 297.838160187006 73.272559061646461 12.265626296401026 16.653434008359909 111.67022103816271 46.963798947632313 49.16912891715765 65.149417109787464
leaf_count=111 276 77 1653 159 303 175 95 197 562 1369 545 141 164 1338 84 1050 1948 575 101 129 875 361 385 399
internal_value=4.82359e-05 -0.000488701 0.000481661 0.0012004 0.000254049 0.0005335 0.00325965 0.00215727 0.00372698 -0.000254705 0.000823935 -0.000517576 0.00381755 -0.00183425 -0.000548096 0.00145135 0.000315633 -0.00334119 0.000204907 0.00519664 -0.000508507 0.00161017 0.00038756 0.002992
internal_weight=1814.48 1238.2 720.021 576.275 707.519 672.928 149.215 135.357 107.461 523.713 340.117 264.737 42.9125 518.181 282.023 559.045 324.162 236.158 247.698 28.9191 218.779 107.109 96.1329 234.883
internal_count=13072 9405 5281 3667 5204 4901 1029 934 737 3872 2503 1958 305 4124 2211 3556 2107 1913 1935 230 1705 830 746 1449
is_linear=0
shrinkage=0.01


Tree=165
num_leaves=25
num_cat=0
split_feature=32 122 20 144 262 164 82 36 147 272 144 274 258 22 197 256 11 210 11 197 210 318 67 67
split_gain=12.7225 10.3205 12.645 11.3597 10.8554 9.14907 13.3356 10.6882 9.57252 8.49732 8.46094 14.1427 13.4314 15.8174 11.4649 13.5135 11.7738 12.2236 10.733 10.3948 10.1823 9.98048 9.195 11.8534
threshold=0.0015637226134585292 0.62680524993752162 0.57171636069132881 1.0000000180025095e-35 -0.99788036317089934 0.0012699374539687964 0.81384344644133166 0.024157126618763451 0.11994897959183674 0.019151794378436063 0.011782057955925735 4.890180268462756 -0.49157923077546367 -0.58945696066114517 -0.45545749439294564 208.50000000000003 0.43697997515257431 0.10130858706808075 0.59089420011477556 -0.18323774405124335 0.082046408489744219 0.81404911260709933 207.57219810678862 96.877856781799935
decision_type=2 10 10 8 10 8 10 2 10 2 8 2 2 10 8 2 10 2 10 10 2 2 2 2
left_child=1 2 3 -1 9 -3 7 8 -7 -5 11 -6 13 -12 16 19 17 -15 21 22 -21 -13 23 -16
right_child=-2 5 -4 4 10 6 -8 -9 -10 -11 12 18 -14 14 15 -17 -18 -19 -20 20 -22 -23 -24 -25
leaf_value=-0.0028062879893182837 -0.0027373840513805459 -0.0018512391495206526 0.0042138664206169416 -0.00027195371442880259 -0.00055907001839847605 -0.0064904220615390621 0.0069054013993488633 0.0062898769066005869 0.0031513282164272148 0.0095228661214838348 -0.0015376866682498317 0.0028965259926372823 -0.001528629599695385 0.00018761638509075829 0.0070914454042457697 -0.0044806728208706742 -0.0033006510991854992 0.0064559267305360829 -0.0015914469357912308 0.0031922548400205478 -0.006185673553822494 0.013140672023819617 0.0095561564404514302 0.0012801315093846125
leaf_weight=97.125196762382984 152.29411342740059 331.82689762860537 92.241148419678211 13.389897383749483 50.904896073043346 29.532346338033676 29.40220569819212 11.879993662238119 12.880748644471167 21.445677138864994 172.24014066159725 19.062278918921947 297.08118960261345 127.00195086747408 62.121272668242455 17.312234230339527 61.098326794803143 38.59697312861681 11.235271692275999 29.604579322040081 15.154946014285086 22.274595037102699 37.229557313024998 80.899023652076721
leaf_count=719 1482 2813 582 95 346 228 214 81 87 113 1095 133 2043 771 381 108 432 233 88 184 94 150 224 510
internal_value=2.37499e-06 0.000255307 0.000704496 0.000418347 0.000716797 -0.00110636 0.001799 -0.00115449 -0.00352591 0.00599451 0.000523538 0.00319808 0.000218764 0.00103303 0.00198281 0.00348242 0.000352177 0.00173883 0.00669648 0.00414775 -0.000141395 0.00892948 0.00520402 0.00390016
internal_weight=1833.84 1681.54 1266.02 1173.78 1076.65 415.522 83.6953 54.2931 42.4131 34.8356 1041.82 103.477 938.34 641.259 469.019 242.322 226.697 165.599 52.5721 225.009 44.7595 41.3369 180.25 143.02
internal_count=13206 11724 8301 7719 7000 3423 610 396 315 208 6792 717 6075 4032 2937 1501 1436 1004 371 1393 278 283 1115 891
is_linear=0
shrinkage=0.01


Tree=166
num_leaves=25
num_cat=0
split_feature=271 11 153 109 149 209 233 74 187 85 131 323 292 301 29 136 268 294 299 176 239 186 268 125
split_gain=13.1906 9.04111 8.70103 13.5199 8.46855 8.08157 26.6916 15.1616 10.7078 10.3886 9.65249 9.33158 11.6907 17.1956 10.5241 10.3442 9.97131 9.83476 15.0969 9.85781 9.62689 9.12133 12.7559 12.2574
threshold=0.052674495872370851 0.4345530334492298 0.049443833272216117 2.2683624778100966 0.15579312995572767 0.76013698630136994 0.76197221098070966 64.500000000000014 0.020942982456140354 36.519889096204004 1.9195226528865932 125.50000000000001 0.014881145317228792 0.83710493461927016 0.22229446611761308 0.25472384718903635 0.076209506402710708 -0.016444402283808942 -0.046268152850942539 12.598863049095609 0.85971061584478314 0.050089605734767034 0.20466105936128148 0.90083645773970222
decision_type=2 10 8 10 10 2 2 2 10 2 8 2 2 2 2 2 2 2 2 2 10 8 2 8
left_child=1 4 3 5 -1 6 11 -7 -9 -8 -11 16 14 -14 -13 -15 -2 18 -18 -19 -16 22 -22 -24
right_child=2 -3 -4 -5 -6 7 9 8 -10 10 -12 12 13 15 20 -17 17 19 -20 -21 21 -23 23 -25
leaf_value=-0.0024310699598477743 -0.0039001288433767496 -0.0037491332531753114 -0.0033628905103767178 0.0059205174934327809 0.0018470161677830363 -0.004903555261651359 0.010572383076207136 0.00063155089957997912 -0.0032261356283253945 0.0088017183525769122 0.0009500787354020944 0.0061126335635691854 -0.00024344169930567609 0.0035381621681006333 -0.0025051065177503118 0.013658537505336906 0.00643255595095997 0.0021258557789277776 -0.0040657967317149083 0.013457901243181277 0.0069301618402364375 -0.0023824120672795292 0.0053975328776579047 -0.0047492007739306421
leaf_weight=91.22269082814455 14.346890293061731 134.4842714369297 55.424776799976826 43.065783828496933 88.153873257339001 64.302807338535786 29.914350457489491 523.99184915423393 80.476969256997108 20.583626627922058 50.795147597789764 16.891023799777031 96.864214919507504 36.788206070661545 255.5957116112113 13.271943144500254 26.396448813378807 15.230636075139047 23.046492591500286 16.480154760181904 37.275819763541222 52.567215412855148 16.755103744566441 27.506443873047829
leaf_count=716 100 1195 467 273 694 495 205 3692 566 133 359 119 635 252 1708 85 179 103 159 108 262 366 110 202
internal_value=3.90395e-05 -0.00181703 0.000426249 0.000576813 -0.000327059 0.000402431 0.00111339 -0.000395038 0.000103601 0.00581414 0.00347808 0.000356046 -0.000145795 0.0022436 -0.00102126 0.00682969 0.00319516 0.00455101 0.00156468 0.00866659 -0.00137504 0.000778722 0.00284028 -0.000792864
internal_weight=1831.43 313.861 1517.57 1462.15 179.377 1419.08 750.309 668.772 604.469 101.293 71.3788 649.016 553.516 146.924 406.591 50.0601 95.5006 81.1537 49.4429 31.7108 389.7 134.105 81.5374 44.2615
internal_count=13183 2605 10578 10111 1410 9838 5085 4753 4258 697 492 4388 3739 972 2767 337 649 549 338 211 2648 940 574 312
is_linear=0
shrinkage=0.01


Tree=167
num_leaves=25
num_cat=0
split_feature=153 109 120 114 21 66 131 221 214 92 122 151 93 137 5 22 109 36 222 178 131 193 65 199
split_gain=11.2223 18.4164 11.0358 17.4392 12.8616 15.8917 10.691 13.1549 10.322 11.3927 10.1811 14.6221 12.8942 11.4737 10.0481 10.0424 9.63609 9.84236 9.45208 9.67494 12.2914 9.68157 10.9466 9.36019
threshold=0.049443833272216117 2.2683624778100966 0.80910960197290394 0.73460786348361962 -0.05650404252328018 17.628273088560235 1.9565623952896138 -0.32257540399318568 105.50000000000001 316.50000000000006 0.33021466004435446 0.078459872321021445 -0.055748838389969378 0.19616602315318285 -2.8047621611639735 0.83641878580522278 1.3827685371451939 0.01159943310928792 164.50000000000003 0.9180229953710618 1.2573718371155094 0.75532879818594112 1.1764331100997405 -0.225490594548587
decision_type=10 10 8 8 10 2 8 2 2 2 10 10 10 2 2 10 10 2 2 2 8 8 10 2
left_child=1 2 18 16 8 15 7 -7 9 -5 11 -8 14 -14 23 -6 -4 -18 19 20 -1 22 -22 -12
right_child=-2 -3 3 4 5 6 10 -9 -10 -11 12 -13 13 -15 -16 -17 17 -19 -20 -21 21 -23 -24 -25
leaf_value=0.0063890596314353596 -0.0032392511076813437 0.0061616860716978408 -0.0029759005857288405 0.0024050438366148542 -0.0050001325369130982 0.011461026510193177 0.0079621298470971252 -0.0014895927682596582 -0.0013590634032089786 0.0098494832569463314 -0.0020545583998425555 -0.004076257653183599 -0.00033811452873145308 0.008238642585068897 -0.0037282122429134548 0.0030511503661024781 0.0067004742163775857 -0.00099966707527418216 0.0028727935783518384 -0.0049400173552567187 0.0070178725597692003 -0.0016394662713942751 0.00054397035404705021 0.005606791450853423
leaf_weight=31.807492688298225 92.749849125742912 48.816076628863811 311.83791141211987 171.01877374947071 95.377606183290482 15.845463052392008 29.652694121003151 12.296121075749396 58.414221309125423 21.370277158915997 35.455557271838188 12.415772147476671 38.714937061071396 22.811371840536594 124.92434499412775 16.25269016623497 18.321689285337925 74.124798849225044 210.96583796292543 30.044905431568623 29.471967719495296 158.50425536930561 141.6985794082284 24.558549545705318
leaf_count=178 826 311 2496 1103 772 113 185 84 367 131 295 85 294 166 983 112 147 572 1318 191 178 1109 945 192
internal_value=9.59382e-05 0.000279847 9.88584e-05 -0.00050363 0.000474411 -0.00057711 0.000569638 0.00615202 0.00226047 0.00336841 -2.60262e-05 0.00435361 -0.000818714 0.00304933 -0.00213759 -0.00377247 -0.00214085 0.000670042 0.00118119 0.000253022 0.000722568 0.000122912 0.00176081 0.00117619
internal_weight=1827.45 1734.7 1685.89 1083.39 679.108 428.305 316.675 28.1416 250.803 192.389 288.533 42.0685 246.465 61.5263 184.938 111.63 404.284 92.4465 602.493 391.527 361.482 329.675 171.171 60.0141
internal_count=13153 12327 12016 8097 4882 3281 2397 197 1601 1234 2200 270 1930 460 1470 884 3215 719 3919 2601 2410 2232 1123 487
is_linear=0
shrinkage=0.01


Tree=168
num_leaves=25
num_cat=0
split_feature=153 105 151 280 127 13 93 174 254 107 32 11 158 187 314 207 189 209 317 144 137 11 109 79
split_gain=12.3757 15.5093 14.6962 13.0466 16.3924 13.2858 11.2552 10.6634 14.0541 10.3938 10.2662 10.0024 9.88997 10.3345 14.9672 8.50581 8.02102 7.87212 10.5301 7.4023 9.88259 18.7807 8.51348 14.3519
threshold=0.049443833272216117 1.1704585881849976 0.083200212992545278 0.067188569210594337 0.93714373007140284 0.97063800898925867 -0.08924937722685243 134.99708333333334 65.500000000000014 0.76959493353171371 0.0016625115394608102 0.34783147998067271 0.18173801507134843 0.019672342621259033 -0.0027161617155223288 0.15306687519743001 0.14235330340037658 0.80444664031620572 0.0098916914812868587 0.0061539044156631072 0.25009593246354572 0.39232387199401803 1.1685457581177501 274.53609475395285
decision_type=10 10 10 2 10 10 10 10 2 10 2 8 8 8 2 2 10 2 2 10 2 8 10 2
left_child=1 2 6 5 7 -3 10 8 -5 -7 19 -8 -4 -14 -15 -6 -2 18 -12 20 -1 -22 23 -21
right_child=16 3 12 4 15 9 11 -9 -10 -11 17 -13 13 14 -16 -17 -18 -19 -20 22 21 -23 -24 -25
leaf_value=-0.0033148710806891234 -0.004560943231829314 -0.0055962210055471437 0.0035825344845047168 -0.0024832380326569024 -0.006054371738216411 -0.00085718605125816114 0.0094498363291667439 0.012679691705527976 0.0088281350157360036 0.0090061702913795481 -0.0027198516195236183 -0.00084822197822634739 -0.003411695386616489 -0.0042046354899296957 0.010706698388973288 0.0032719903309501412 0.0038345143914221918 -0.0057100830272312402 0.0061723376564151999 0.00088187488079522576 -0.0060024071173706006 0.0066552837080638624 0.002036977664259075 -0.0027405116373292004
leaf_weight=100.82772040367126 81.068526215851307 26.233502343297005 24.522810086607933 16.788321539759636 12.762367531657217 25.154220916330814 22.222636096179485 27.297239609062672 23.794081382453442 14.995328553020952 46.118535168468952 14.153840579092501 227.32616678625345 11.036280870437624 10.651518322527407 23.333994619548321 10.830568976700304 45.972177937626839 15.444473274052141 508.73289102315903 15.608582206070421 29.712059050798416 352.15517456829548 136.25607177615166
leaf_count=753 730 183 195 111 92 169 142 175 149 100 439 99 1930 93 90 170 91 453 144 3265 109 213 2215 1017
internal_value=4.32353e-05 0.000236008 -7.82762e-05 0.00307521 0.00523987 -0.00037659 0.000369529 0.00803911 0.00426918 0.0031548 0.00020283 0.00564595 -0.00217135 -0.00277601 0.00346936 -0.000200641 -0.00347555 -0.00270915 -0.00029952 0.000483641 -0.00159568 0.00217805 0.000793078 0.000106413
internal_weight=1823 1731.1 1560.74 170.359 103.976 66.3831 1287.2 67.8796 40.5824 40.1495 1250.83 36.3765 273.537 249.014 21.6878 36.0964 91.8991 107.535 61.563 1143.29 146.148 45.3206 997.144 644.989
internal_count=13127 12306 11157 1149 697 452 8849 435 260 269 8608 241 2308 2113 183 262 821 1036 583 7572 1075 322 6497 4282
is_linear=0
shrinkage=0.01


Tree=169
num_leaves=25
num_cat=0
split_feature=150 162 192 273 227 11 39 35 182 105 59 10 3 287 294 41 1 181 184 17 150 272 309 113
split_gain=12.8133 14.2904 10.6737 10.0559 9.99052 9.71867 10.9821 14.7928 12.2631 9.55877 13.5257 12.63 11.9106 12.3729 10.4317 15.4188 9.88357 9.12628 9.84445 11.3499 8.54771 8.4281 8.30889 8.0704
threshold=0.048826334128002941 0.0032733311903996574 -0.075853457202238989 5.4082838600369101 0.0046765422018749921 0.56191740169546167 0.080019286403085838 0.0067146298419405127 21.500000000000004 0.94044813610939582 3.5686933261865099 1.1276181269452572 2.5559875676778492 -0.081147577530821177 -0.0040007563671219928 498.50000000000006 -0.024866332314133436 0.12249350759930182 1.402815073826057 3.4956732400790842 0.20253418340751436 0.069781084423102963 -0.041509464189876603 0.29582589144564025
decision_type=10 10 10 10 2 10 2 2 2 10 10 2 2 2 2 2 2 2 10 2 10 2 2 10
left_child=2 -2 -1 -4 9 6 7 8 -6 11 20 14 -13 -14 15 -3 -16 18 -8 -20 -11 -5 -12 -7
right_child=1 4 3 21 5 23 17 -9 -10 10 22 12 13 -15 16 -17 -18 -19 19 -21 -22 -23 -24 -25
leaf_value=-0.0016377915691779669 -0.0021211320147412611 0.00050645387832578507 0.0023783362605520643 0.0020894015574163087 0.0072897228760949537 -0.0070962910550563313 -0.004232108634799555 0.00984948601356345 0.00025282456004752487 0.0041069232236215112 0.0047296283792672249 0.0051484843972674733 0.0057582026243353677 -0.0044464235107845593 -0.0040587307943188954 0.011277957240654911 0.0048702760523197724 -0.0050552167780553671 0.01059252710765929 1.3620314203365977e-05 -0.0028608504444052507 -0.0057694462383763171 -0.0022709522588570796 0.0027528507970068319
leaf_weight=101.06028686463833 377.09129127860069 46.435519747436047 439.06159821152687 22.680408172309399 32.445161588490009 18.119269900023941 16.015551254153252 32.264357045292854 84.873948201537132 115.98508339375257 16.899522110819817 13.516287684440611 10.2288431674242 180.69291843473911 49.201120615005493 16.067412830889225 13.581387110054491 25.631728783249855 14.820700690150259 24.288576945662498 18.417493864893913 27.198522590100765 119.60438796132803 11.605185426771639
leaf_count=667 3026 324 2763 144 229 162 109 223 624 753 128 97 76 1486 344 104 93 182 92 172 138 189 941 91
internal_value=7.19661e-05 -0.000505451 0.00128167 0.00189313 0.000205898 0.00183308 0.00253407 0.00411473 0.00233364 -0.000502288 0.000882119 -0.0016406 -0.00315797 -0.00381809 0.000842643 0.00366079 -0.00198457 -0.000421996 0.00185706 0.00449242 0.0031053 -0.00225675 -0.00131827 -0.0033152
internal_weight=1827.79 1237.79 590.001 488.941 860.694 260.064 230.34 149.583 117.319 600.63 270.906 329.723 204.438 190.922 125.285 62.5029 62.7825 80.7566 55.1248 39.1093 134.403 49.8789 136.504 29.7245
internal_count=13157 9394 3763 3096 6368 1884 1631 1076 853 4484 1960 2524 1659 1562 865 428 437 555 373 264 891 333 1069 253
is_linear=0
shrinkage=0.01


Tree=170
num_leaves=25
num_cat=0
split_feature=123 73 114 292 125 299 117 149 160 230 106 106 36 323 225 193 298 315 102 174 165 268 93 268
split_gain=10.3604 12.1512 12.9261 11.9844 12.0473 11.3276 11.1908 12.1207 12.2917 12.0266 12.5919 13.3409 11.248 22.0141 13.7376 11.2762 11.1816 10.7713 10.2268 14.3848 9.96827 9.87763 9.74553 9.68964
threshold=1.3125116102006729 315.53479370826329 0.78537848199744842 -0.068599439775910362 1.0364457246931733 -0.03051300336912743 0.76879888202839075 0.092335018445142789 0.044789493393248815 112.50000000000001 0.69672962988274478 0.78737749527008549 0.02094606452367721 405.50000000000006 0.65720046082949313 0.82875939849624081 -0.0062460986267166034 -0.096559334601391475 0.57038188294298997 58.931805555555563 179.62526620370372 0.18369857370094964 -0.59803152731484155 0.46464539484798228
decision_type=10 2 10 2 10 2 10 10 8 2 8 10 2 2 2 10 2 2 10 10 2 2 8 2
left_child=6 3 21 4 -2 20 7 17 -9 23 12 -12 15 14 -14 -11 -6 -1 19 -7 -4 -3 -19 -8
right_child=1 2 5 -5 16 18 9 8 -10 10 11 -13 13 -15 -16 -17 -18 22 -20 -21 -22 -23 -24 -25
leaf_value=0.0018481298844483854 0.0094836674484068666 -0.0074404512626597974 0.011192770823937883 -0.0020334682902324926 0.0069600914907184111 -0.0023041737991458073 0.0016113467329562389 -0.0031124031239866991 0.0012820918132400042 -0.0050994540732530744 0.012595741154272826 0.0008087615920274033 0.0069044828350561605 0.0093724093733370626 -0.0029099359448147978 0.0033884289876977038 -0.0035173503882889763 -0.0060408287014456644 -0.0020915056260372099 0.0063328766690367716 0.0017527740605847522 -0.00020446770580013175 0.002174453687011994 -0.0057545225667888691
leaf_weight=349.70619267970324 15.373205572366713 20.684975691139698 22.048280745744705 518.27779036015272 11.984321147203444 27.669132687151432 49.173370100557804 172.63088241219521 97.484097667038441 30.408193059265614 25.569876246154308 15.41540479660034 18.140761405229568 44.75201328843832 41.661755256354809 26.796630501747131 29.680165395140648 33.174616046249866 56.810187429189682 52.029646679759026 23.134173668920994 97.724884770810604 21.928113080561161 24.381646923720837
leaf_count=2167 116 162 160 4224 88 196 305 1309 677 188 144 89 99 244 248 174 230 228 451 353 170 806 160 175
internal_value=8.04623e-05 -0.000702783 0.000920656 -0.00155173 0.0026976 0.00258236 0.000802293 0.000103778 -0.0015259 0.00248653 0.00373047 0.00852522 0.00238333 0.00429649 0.000229162 -0.00113442 -0.000229061 0.00119674 0.00107934 0.00334599 0.00676993 -0.00162154 -0.00280779 -0.000940205
internal_weight=1826.64 875.417 300.101 575.315 57.0377 181.691 951.224 674.924 270.115 276.3 202.745 40.9853 161.759 104.555 59.8025 57.2048 41.6645 404.809 136.509 79.6988 45.1825 118.41 55.1027 73.555
internal_count=13163 6956 2298 4658 434 1330 6207 4541 1986 1666 1186 233 953 591 347 362 318 2555 1000 549 330 968 388 480
is_linear=0
shrinkage=0.01


Tree=171
num_leaves=25
num_cat=0
split_feature=5 5 181 47 254 119 115 136 162 3 83 102 107 23 121 119 192 151 315 79 83 279 248 128
split_gain=11.9157 16.5415 10.872 10.22 10.0157 9.34063 12.6638 12.344 12.2088 10.8441 18.7896 10.4097 9.98364 14.0364 12.016 11.8644 11.5889 12.1449 9.98755 9.22718 9.10572 9.09338 9.05096 8.62143
threshold=-2.8935132521978844 -2.8773415074710829 0.054460838240686822 11.500000000000002 227.50000000000003 0.1139320758811037 -0.56759732481966385 0.32339757506930766 0.019672184015544252 2.5559875676778492 2.1174784687051429 1.228056852784827 -0.3876250088910464 -1.0662727072828853 -1.522365921853267 -0.24500745726518944 0.87688231866361177 0.009456317624966468 -0.099902831491064728 98.231389568686481 1.2357251302096601 -0.03301307049638829 0.73691215616681471 2.1248001653372097
decision_type=2 2 2 2 2 10 10 2 8 2 10 10 10 8 10 10 8 10 2 2 10 8 2 10
left_child=3 2 -2 -1 5 6 7 12 9 10 21 23 13 -3 -14 18 -17 -18 19 -16 -21 22 -7 -10
right_child=1 4 -4 -5 -6 8 -8 -9 11 -11 -12 -13 14 -15 15 16 17 -19 -20 20 -22 -23 -24 -25
leaf_value=-0.0052450747818335733 0.0086634995508904529 0.0082381240574141961 0.0020036954385428572 -0.00070562958133997403 0.0051214813875487646 -0.0010848219342695525 0.0057714758483263023 -0.0049073068491338615 0.00087085343045419929 -0.0026631474628237453 0.010473356082958039 -0.0048423156828342638 -0.0027474237743878821 -0.0016139957087327184 0.0124043072081326 -0.0024449376047765122 0.01039343185668635 0.0012271857232155493 -0.0014256085426867056 -0.00067988169750121316 0.0073701067334555684 -0.0029674452674445539 0.0081511801214188568 0.0083873957604333089
leaf_weight=67.80137250572443 26.494333542883396 12.800448983907698 176.43514175713062 172.54296973347664 33.586985424160957 23.09163386374712 44.088369622826576 38.436221264302731 253.82238870859146 379.06129652261734 14.321837067604063 27.455297909677029 41.88184504956007 189.59037367254496 21.295496389269829 55.38416612893343 16.251115195453167 65.068174809217453 15.619608618319033 20.920565128326416 36.184712789952755 67.416485197842121 15.705183297395704 13.538242146372793
leaf_count=641 138 74 969 1512 223 169 279 260 1831 3072 95 239 260 1248 121 361 96 398 97 126 202 534 121 105
internal_value=2.44059e-05 0.000339976 0.00298569 -0.00203667 -5.21151e-05 -0.00019186 0.000797028 0.000338513 -0.0008875 -0.00183657 0.000756143 0.000719584 0.000791761 -0.000880571 0.0020333 0.0029283 0.000999024 0.00335996 0.00561142 0.00702666 0.00451166 -0.000783527 0.00293071 0.00133937
internal_weight=1828.79 1588.45 202.929 240.344 1385.52 1351.93 557.521 513.433 794.412 499.596 120.535 294.816 474.997 202.391 272.606 230.724 136.703 81.3193 94.0204 78.4008 57.1053 106.213 38.7968 267.361
internal_count=13171 11018 1107 2153 9911 9688 3522 3243 6166 3991 919 2175 2983 1322 1661 1401 855 494 546 449 328 824 290 1936
is_linear=0
shrinkage=0.01


Tree=172
num_leaves=25
num_cat=0
split_feature=299 46 11 120 70 177 139 109 64 195 195 109 109 263 120 78 116 278 118 200 323 112 170 155
split_gain=11.2657 10.8104 10.6425 9.41517 10.584 13.2795 12.6963 10.7496 10.01 8.95167 14.5963 8.86873 9.51167 12.6762 11.7096 9.132 9.86606 9.53458 8.86012 9.34725 12.9654 8.78784 12.5186 8.74808
threshold=-0.04770368072787428 1.0000000180025095e-35 0.2989061844771666 1.2459523765234779 0.78032537310161909 7.3280046544391455 0.11868276449191241 1.4729548358460007 0.85086245499300528 0.011142147734326507 0.02837022132796781 2.1525822659375815 1.7843739337936133 0.74587800597927589 0.91276374994322518 44.647747583926574 -0.13389200472669535 -0.0048270344998990319 20.500000000000004 0.79065707906666527 456.50000000000006 44.500000000000007 1.352206857353123 0.16899445879848554
decision_type=2 2 10 10 10 10 2 10 10 10 10 10 8 10 8 2 10 10 2 2 2 2 10 10
left_child=9 2 3 4 6 -6 7 -2 -9 11 -11 12 13 15 -14 16 -1 -18 -3 20 -20 22 -19 -4
right_child=1 18 23 -5 5 -7 -8 8 -10 10 -12 -13 14 -15 -16 -17 17 21 19 -21 -22 -23 -24 -25
leaf_value=-0.00026257290008247311 0.00046434013520302682 -0.0073774291473004414 -0.00096932537794544441 -0.0030974045019112142 0.0068246755836272946 0.00065992757036132342 -0.0040972397884736162 0.011427498768118471 0.001146226070923664 0.0095336596144331865 -0.00032604844942199133 0.0063229679174516178 0.00414056351624953 0.00832570044607398 -0.0063031932000080695 -0.0031109497655812282 -0.0013490268369147043 0.0078151983155609304 -0.0017497730377706473 -0.0032972637566864626 0.0098612009375802674 0.0098442425246673473 -0.0045241965843182937 0.0068759391684642818
leaf_weight=129.49077513068914 215.69472096860409 31.558282166719437 759.24073815345764 46.351346760988235 68.276918768882751 70.805056773126125 48.382323749363422 16.059281833469868 20.902723774313927 29.997949913144112 26.974571891129017 24.558845281600952 12.402727693319319 19.610943011939526 36.477044440805912 53.103121854364872 21.353187918663025 13.831001348793508 24.42334845662117 89.164045795798302 12.234672948718069 29.117216989398003 13.517304092645643 11.647516168653963
leaf_count=879 1362 324 5493 339 432 467 368 91 125 205 181 172 82 160 281 418 149 99 227 850 111 181 96 63
internal_value=1.60715e-05 -0.000406939 -9.41627e-05 0.00105945 0.00151656 0.00376941 0.000446903 0.00135691 0.00613535 0.00146938 0.00505473 0.000852952 0.000390826 0.00111136 -0.0035518 0.000480263 0.00143459 0.004181 -0.00285353 -0.00157318 0.0025303 0.00625374 0.00183097 -0.000824677
internal_weight=1825.18 1414.74 1257.36 486.472 440.121 139.082 301.039 252.657 36.962 410.435 56.9725 353.462 328.903 280.024 48.8798 260.413 207.309 77.8187 157.38 125.822 36.658 56.4655 27.3483 770.888
internal_count=13155 10252 8740 3184 2845 899 1946 1578 216 2903 386 2517 2345 1982 363 1822 1404 525 1512 1188 338 376 195 5556
is_linear=0
shrinkage=0.01


Tree=173
num_leaves=25
num_cat=0
split_feature=5 5 89 131 302 105 103 105 21 105 115 3 97 233 263 149 39 210 39 128 297 65 292 108
split_gain=11.0315 13.2277 10.8506 9.37386 16.1283 12.2255 14.829 10.496 10.2557 16.4083 9.29701 8.68766 11.1927 10.3313 8.57184 12.4338 8.52479 11.919 8.40393 11.6865 8.33334 8.21005 10.3409 10.7851
threshold=-2.8943022876294049 -2.8712440139818409 1.3938082095858466 1.7967942003397843 0.0012043213769416391 0.93544260628691212 2.0226702605035123 1.4420521659080172 -0.024468828584708797 0.29343089506357939 -0.60579521215948284 2.5872622362477071 0.53517784540543167 0.79315229071016913 1.0446675923866271 0.14658413274565726 0.079655293964861526 0.052704678362573108 0.072656966255582198 1.8103454528366199 -0.0017525924231000069 1.3554591536920464 -0.017944162880917051 0.0075870270338599015
decision_type=2 2 8 8 2 10 8 10 10 8 10 2 10 2 8 10 2 2 2 10 2 10 2 10
left_child=-1 2 -2 4 20 8 7 11 9 21 -8 -7 -13 -14 -10 -16 17 -6 19 -12 -3 22 -5 -24
right_child=1 3 -4 5 16 6 10 -9 14 -11 18 12 13 -15 15 -17 -18 -19 -20 -21 -22 -23 23 -25
leaf_value=-0.0019770186488734017 0.0074109453129024795 0.00082189196122156333 0.0015910833361874872 -0.0055593348587627276 -0.0012742468474291645 0.0067435356909689862 -0.0037808473910725168 0.0085796685680636885 -0.0026877293178275727 0.0016193905817005175 0.00044407349846500898 -0.002415714343131755 0.0043370168361859729 -0.0044380694332996871 -0.00512232645726487 0.0065460093624966041 0.00058412556335555265 0.0087823261617100776 -0.0021368613625234816 0.011974202387196953 -0.0061743091734800569 -0.0037079210240290928 -0.0017095212288606083 0.005990102011098385
leaf_weight=220.8786038979888 36.437682516872883 53.558987379074097 194.05524416267872 20.168882198631763 13.885247826576231 29.441434115171432 69.035014793276787 26.022906810045242 333.56532492488623 273.95664505660534 26.113751903176308 57.518778041005135 84.299597054719925 13.372512832283972 11.696373663842676 22.310933090746403 35.03243313729763 53.04346788674593 35.204939603805542 10.747344695031641 21.640648990869522 122.98847415298223 34.316184841096401 33.359676890075207
leaf_count=2053 192 339 1068 137 94 177 573 164 2747 1758 217 390 554 96 101 178 207 335 266 88 142 893 217 211
internal_value=0.0001035 0.000392218 0.00259447 1.94305e-05 0.00214888 -0.000297356 0.00126343 0.00292978 -0.000944705 1.0385e-05 -0.00122603 0.00201014 0.0010007 0.00303408 -0.00219752 0.00241992 0.00469077 0.00671454 0.00125841 0.00444746 -0.00132995 -0.00206936 0.000257871 0.00215995
internal_weight=1832.65 1611.77 230.493 1381.28 177.161 1204.12 351.756 210.655 852.362 484.79 141.101 184.632 155.191 97.6721 367.573 34.0073 101.961 66.9287 72.066 36.8611 75.1996 210.833 87.8447 67.6759
internal_count=13197 11144 1260 9884 1117 8767 2525 1381 6242 3216 1144 1217 1040 650 3026 279 636 429 571 305 481 1458 565 428
is_linear=0
shrinkage=0.01


Tree=174
num_leaves=25
num_cat=0
split_feature=3 235 114 178 105 184 286 105 209 123 169 98 312 117 227 16 258 144 121 76 97 204 31 117
split_gain=11.0968 12.4485 12.5435 12.3849 10.3383 10.1594 11.3845 9.68842 9.41385 13.0277 14.3333 10.4928 9.89597 9.6264 13.5033 14.5913 12.1166 12.9892 9.27595 9.85686 11.0392 10.1189 9.28869 10.8368
threshold=2.5471693845014545 0.0037209334524032039 0.97490369833359791 0.78885438233264338 0.29875696018570358 -0.17663267053094517 1.5342495760736381 0.95325439068398365 0.79962825278810423 -0.10896092029255984 15.500000000000002 56.500000000000007 -0.58282069679080417 0.44827824616950457 0.0073081716218622054 0.41646213039786611 -0.5415940314071831 0.020028653295128946 -1.4023754904540535 1.2093069039219426 0.66483727962489192 0.3112159329140462 0.0071199724224635264 1.7912128727948455
decision_type=2 2 10 2 10 10 2 10 2 8 2 2 2 10 2 2 2 10 8 10 10 2 2 10
left_child=5 2 7 -4 -3 6 -1 -2 9 -7 -11 -10 -13 14 15 -14 -15 -18 -6 20 -20 -22 -23 -24
right_child=1 4 3 -5 18 8 -8 -9 11 10 -12 12 13 16 -16 -17 17 -19 19 -21 21 22 23 -25
leaf_value=0.00042081251606091992 -0.003191907811027862 -0.0017730651399265886 -0.0016634516118812297 0.0040069245998007371 0.0062616618018050832 0.0081411795666463081 -0.0066490835843311504 -0.0002335490219977619 -0.0043202283542798274 0.0061736629470707377 0.00081438692161196194 -0.0038079708847895987 0.0072385766284093593 0.0083098129078641586 -0.0044030910431298509 -0.0034576665059434736 0.0058730507482518202 -0.0049151715984617553 0.00034052638993126069 -0.0036904478351909215 0.010202566035648184 0.0074872023364921268 -0.0046336505598009118 0.0049323632946741058
leaf_weight=70.215570487082005 333.00800947099924 127.74960196018219 77.441449373960495 71.326725676655769 34.165381260216236 35.573001801967621 30.494367554783821 166.97984235733747 42.181850329041481 60.211363822221756 248.2029156088829 32.432114884257317 30.251590959727764 38.396335005760193 39.795927621424198 18.412292927503586 19.395758353173733 19.554780401289463 210.53251355141401 37.430484257638454 20.985020115971565 19.940791212022305 23.830176167190075 18.447235330939293
leaf_count=479 2632 1020 594 490 223 192 209 1267 324 406 1610 226 190 239 267 134 136 136 1504 314 154 122 185 119
internal_value=5.43664e-05 -0.000548392 -0.00145647 0.00107268 0.000645847 0.00105853 -0.00183382 -0.00221282 0.00156514 0.00261934 0.00191071 3.96933e-05 0.00102036 0.00201901 -0.000237431 0.00320447 0.00452924 0.00046679 0.00150159 0.000958413 0.00158389 0.00460319 0.00233611 -0.0003895
internal_weight=1826.96 1141.84 648.756 148.768 493.081 685.118 100.71 499.988 584.408 343.987 308.414 240.421 198.239 165.807 88.4598 48.6639 77.3469 38.9505 365.332 331.166 293.736 83.2032 62.2182 42.2774
internal_count=13172 8624 4983 1084 3641 4548 688 3899 3860 2208 2016 1652 1328 1102 591 324 511 272 2621 2398 2084 580 426 304
is_linear=0
shrinkage=0.01


Tree=175
num_leaves=25
num_cat=0
split_feature=153 109 73 174 88 122 162 149 259 71 16 41 3 160 9 153 196 195 123 313 297 21 121 5
split_gain=10.8697 16.3026 9.73556 14.2333 15.8854 12.0188 13.468 10.4388 10.2123 9.68275 11.2954 10.2113 8.69467 11.3532 11.0555 8.4796 8.64297 8.22455 10.0512 8.58426 7.83396 7.58041 8.89708 7.40806
threshold=0.049443833272216117 2.290809100281376 315.53479370826329 76.264305555555566 0.71314605644686357 0.2472210926949053 0.0052424729631309185 0.26988996007400917 0.72232752856367288 2.0219646816661094 1.5149316063046141 340.50000000000006 3.7071998099562449 0.067583317583317606 0.26089666800084071 0.0074211758226628123 0.37323383084577122 0.012739370334307045 2.0485708564122036 0.050909366738540594 -0.020709233392544355 0.49940567425323357 -0.081991567905989257 -2.8935132521978844
decision_type=10 10 2 10 8 10 8 10 8 10 2 2 2 10 2 10 10 10 10 2 2 10 10 2
left_child=1 2 5 17 -5 12 -7 8 21 -6 -11 -12 13 14 23 16 -15 18 19 -4 -18 22 -8 -1
right_child=-2 -3 3 4 9 6 7 -9 -10 10 11 -13 -14 15 -16 -17 20 -19 -20 -21 -22 -23 -24 -25
leaf_value=-0.0020888737002422702 -0.0032578584284494744 0.0061174207823572581 0.00049089614771163892 0.0078596721130900597 -0.0031580975722781245 -0.0038286585386779221 -0.0010147557850406321 0.006978928996847749 0.0054860407648090106 0.0084883475850418052 0.0070032881671543892 -0.0021284152154593676 -0.0040835443011600523 0.0012464043596885331 -0.0039356313623713831 -0.0036421125321336578 0.0018549111140411395 -0.0033057451148647754 -0.004084543484866773 0.0053937862275857109 0.0090962338462379222 -0.0046102247110338607 0.0071540574621707653 0.0010122755027735376
leaf_weight=90.194719329476357 90.796217806637287 43.105622410774231 141.84920693188906 55.733275420963764 31.21480855345726 173.04401484876871 189.44218084961176 15.551794625818728 20.87475623190403 24.170913957059383 14.367008134722708 39.584256425499916 38.423137329518795 66.489587306976318 60.60935190320015 14.394818767905234 26.49557076394558 57.807655334472656 32.141822904348373 45.458929859101772 39.342556789517403 53.699221640825272 11.480238765478132 443.80667786300182
leaf_count=772 818 275 945 383 236 1489 1440 111 162 158 99 296 282 423 419 107 158 416 277 311 232 470 91 2745
internal_value=6.01052e-05 0.000239955 7.90699e-05 0.00134889 0.00364666 -0.000373728 -0.00164319 -0.00031593 -0.000798373 0.00134548 0.0032051 0.000514176 0.000383757 0.000631356 1.01356e-05 0.00309417 0.00389556 -3.86267e-05 0.000848698 0.00174892 0.00639402 -0.00137236 -0.00044983 0.000478318
internal_weight=1820.08 1729.28 1686.18 442.328 165.07 1243.85 464.092 291.048 275.496 109.337 78.1222 53.9513 779.756 741.333 594.611 146.723 132.328 277.258 219.45 187.308 65.8381 254.622 200.922 534.001
internal_count=13115 12297 12022 3121 1172 8901 3763 2274 2163 789 553 395 5138 4856 3936 920 813 1949 1533 1256 390 2001 1531 3517
is_linear=0
shrinkage=0.01


Tree=176
num_leaves=25
num_cat=0
split_feature=271 159 213 182 39 271 20 271 210 290 39 184 158 161 271 197 40 227 185 233 95 144 161 217
split_gain=12.4277 10.6687 11.3371 10.4966 9.10109 11.0423 11.0228 11.2283 10.854 14.7082 12.3291 10.6776 11.1053 10.117 9.82639 11.5524 9.44465 9.26688 16.6494 8.89257 8.60753 8.921 8.81151 8.57446
threshold=0.052674495872370851 0.26695378852501583 -0.32018052050278351 100.50000000000001 0.079655293964861526 0.11102039330474796 0.87176692953302937 0.13635587753583686 0.079042029534267325 0.12174780873011153 0.042566133457576233 0.4113609291253667 0.23760060850613904 0.089023165746252617 0.084133913684986725 -0.18622383109276802 0.0075805462973604571 0.0054151800987244031 0.79425508521165489 0.77037831823239566 -1.4496324250942456 0.031765436410913193 0.020280062671367022 0.79422194409678781
decision_type=2 10 2 2 2 2 10 2 2 2 2 10 10 10 2 10 2 2 10 2 10 10 10 2
left_child=1 3 -3 -1 6 -6 7 8 10 11 -2 12 -10 -7 -11 -16 20 -13 -19 -4 -9 22 -22 -14
right_child=4 2 19 -5 5 13 -8 16 9 14 -12 17 23 -15 15 -17 -18 18 -20 -21 21 -23 -24 -25
leaf_value=-0.0029097828954080234 0.0018915235266954197 -0.0037090938588248594 0.010445143198237965 0.0062391507784998728 -0.0045825466214577523 -0.00075272381824975816 0.007032898174633621 -0.0015175489815612434 -0.0013788839212992763 5.9205473389759473e-05 -0.0011904776046537044 -0.0038276240087726388 0.011909832606706113 0.0034525335656561641 0.01054370054326443 8.3202399402377335e-05 0.0099255488007208362 0.006958101476820645 -0.0037928025569706485 -0.00039862367243491582 -0.0047074056923893442 0.0080386319508490116 0.0048194331624336183 0.0012776257650323837
leaf_weight=259.60940041393042 179.4369186013937 15.514361105859278 16.477851495146755 10.49311789870262 60.31947723031044 368.52776888757944 26.42740560323 36.097466148436069 21.122038438916206 22.422915421426296 447.5311498567462 61.030249655246735 17.014069944620136 64.772427499294281 39.743197336792946 14.358473807573317 17.506091676652431 26.749530486762524 25.397375859320164 11.809758536517618 14.389849007129667 31.161776252090931 19.394713893532753 13.877532273530958
leaf_count=2178 1236 137 128 82 524 2427 188 209 146 178 3289 447 115 426 268 99 96 187 190 104 91 174 115 107
internal_value=5.56926e-05 -0.00174468 0.00269802 -0.00248943 0.000433882 -0.000675855 0.000975661 0.000792781 0.000392025 0.0021796 -0.000302259 0.000464722 0.00409781 -0.000103388 0.0057196 0.00792788 0.00364314 -0.0012557 0.00177821 0.00626226 0.00230335 0.00441653 0.0006837 0.00767322
internal_weight=1821.18 313.904 43.802 270.103 1507.28 493.62 1013.66 987.233 868.683 241.715 626.968 165.191 52.0136 433.3 76.5246 54.1017 118.55 113.177 52.1469 28.2876 101.044 64.9463 33.7846 30.8916
internal_count=13141 2629 369 2260 10512 3377 7135 6947 6262 1737 4525 1192 368 2853 545 367 685 824 377 232 589 380 206 222
is_linear=0
shrinkage=0.01


Tree=177
num_leaves=25
num_cat=0
split_feature=153 109 117 234 83 124 320 22 299 71 234 122 131 109 150 69 304 82 13 29 106 238 140 263
split_gain=10.0419 14.7168 12.2286 10.348 9.61376 9.07238 9.05892 11.5199 8.94248 12.3984 12.4651 10.9679 10.0732 10.8789 12.1698 15.442 11.0762 10.6132 10.2735 10.2199 13.0448 9.34469 9.03171 10.5116
threshold=0.01564247762863535 1.7751702418613615 1.7912128727948455 0.068685908986665808 3.3668416862727994 3.5000000000000004 -0.06598186101399911 1.0497213959623342 -0.052933153802719006 2.1873755886248158 0.048811837732773221 0.62680524993752162 0.37530696854581952 1.2469916402469974 0.048826334128002941 -0.049171147531514352 0.00030184091713586497 0.75458260404079147 1.0039659325967418 0.28372416469903294 0.42599448657393146 -0.21349638316647582 0.032287021486071703 0.61205186398088873
decision_type=10 10 8 2 10 2 2 10 2 10 2 10 8 10 10 10 2 8 10 2 10 2 2 8
left_child=1 8 -2 5 -5 -4 -3 -8 9 22 -11 12 -10 14 16 17 -14 -16 -19 20 -18 -13 -1 -24
right_child=2 6 3 4 -6 -7 7 -9 11 10 -12 21 13 -15 15 -17 19 18 -20 -21 -22 -23 23 -25
leaf_value=0.001669866068105721 -0.0029820913556201818 0.0048457986442101229 -0.0010066736996446237 -0.005099855723504151 0.0046152425041609295 0.0076224687855104122 -0.0034240683483620781 0.0063951867189600987 0.0069550611706458137 0 0.010481431488857567 -0.0057682976963823488 -0.0014317645765976755 0.001589628549828922 -0.0039904698210570001 0.0063845521520400871 9.1445286857289363e-05 -0.0020396196665193483 0.0086257511755653323 -0.00083257615611737165 0.0063577023838117053 -0.00052886229324182888 -0.005678535712303194 0.0044941484506208851
leaf_weight=189.36335438489914 201.89528872072697 107.9208596944809 18.173878289759159 29.718183398246765 12.166629806160925 29.828039467334747 34.472897224128246 14.727720223367212 17.687975749373436 18.648500956594944 25.671127624809742 61.704271599650383 201.28134712576866 262.84256014972925 207.1452372148633 15.588755585253237 61.247056424617767 22.453815504908562 11.33385446667671 87.621374763548374 70.855688884854317 74.373227626085281 35.818594969809055 11.294061444699762
leaf_count=1272 1817 661 154 225 86 223 218 94 103 131 163 552 1310 1692 1660 109 396 190 88 575 449 616 275 86
internal_value=6.30745e-05 0.000388099 -0.00162738 0.00140268 -0.00214136 0.00446182 0.003259 -0.000276732 5.32492e-05 0.00163653 0.00632352 -0.000355343 2.42956e-05 -0.00012555 -0.000796287 -0.00250073 0.00024966 -0.00314747 0.0019019 0.00179311 0.00352303 -0.00298132 0.000689257 -0.00310279
internal_weight=1823.83 1532.05 291.782 89.8867 41.8848 48.0019 157.121 49.2006 1374.93 280.796 44.3196 1094.14 958.058 940.37 677.527 256.522 421.005 240.933 33.7877 219.724 132.103 136.077 236.476 47.1127
internal_count=13145 10640 2505 688 311 377 973 312 9667 1927 294 7740 6572 6469 4777 2047 2730 1938 278 1420 845 1168 1633 361
is_linear=0
shrinkage=0.01


Tree=178
num_leaves=25
num_cat=0
split_feature=5 5 118 148 19 217 321 109 103 103 240 207 274 131 84 120 5 236 118 194 65 222 323 114
split_gain=10.7392 17.5273 9.39827 8.76459 9.13312 8.68414 10.3781 11.8031 17.9684 13.6375 13.6878 12.5904 14.452 11.6847 10.2927 16.6891 10.313 9.98276 9.89899 9.76969 8.58289 10.2515 9.69801 13.8405
threshold=-2.8935132521978844 -2.8712440139818409 20.500000000000004 0.18887543718052194 -0.1741135804240426 0.91188235294117659 4.5000000000000009 2.2683624778100966 2.2125472470588039 1.6019459072125179 1.5243161021288303 -0.13595535007076584 5.1987166208567652 1.1296400249269674 -0.362439028896059 0.50641174665346289 -1.7379761424081683 0.55039714303306464 21.500000000000004 0.070831300954637313 0.92917897485939605 351.50000000000006 420.50000000000006 0.7002520784150289
decision_type=2 2 2 10 10 2 2 10 10 10 2 2 2 8 2 10 2 2 2 10 10 2 2 10
left_child=2 -2 -1 -4 -5 6 20 9 -9 10 13 -12 -13 19 -15 -16 17 18 -17 -8 -3 22 -22 -24
right_child=1 5 3 4 -6 -7 7 8 -10 -11 11 12 -14 14 15 16 -18 -19 -20 -21 21 -23 23 -25
leaf_value=-0.0056629457619040459 0.0030379833272525278 0.0072796233129382298 -0.0019477560293953311 0.0080234534919082449 -0.0010124904348072011 -0.0030455759521875116 -0.0014426380613822899 0.011870147990898224 -0.0010007413901191831 -0.0029204646973641879 0 0.014154602334830185 0.00038118848212963556 -0.005864952070889916 0.0058888374658051072 0.0025607937841343091 -0.0049555146233765893 0.0054040295157387697 -0.0017515551542570452 0.0088861299495944009 -0.00027532723278861674 0.0087310744705977345 -0.00056804927554165172 0.0058647219420210608
leaf_weight=49.000794313848019 211.09865926206112 20.654354870319366 151.92630152404308 17.565264701843262 23.160495974123478 86.961772181093693 13.738225132226942 16.196144215762615 23.984990261495113 212.44190614670515 33.198412075638771 16.786747150123123 12.966264083981512 36.108728922903538 34.709286145865917 63.624655082821846 55.936777122318745 24.335729770362377 265.13642656803131 20.340251877903938 293.25470871478319 13.913601629436014 59.758878290653229 71.090282142162323
leaf_count=469 1151 123 1345 153 211 689 86 94 184 1756 232 111 87 242 224 452 404 152 1785 114 2118 95 420 486
internal_value=7.46727e-05 0.000375281 -0.00187585 -0.000839159 0.00313059 -3.81597e-05 0.000170335 -0.000496066 0.00460493 -0.000772593 2.70719e-05 0.00432453 0.00873951 -0.000518246 -0.000932031 -0.000493611 -0.00107453 -0.000422241 -0.000899159 0.00490424 0.00137334 0.00104744 0.000736583 0.00296966
internal_weight=1827.89 1586.24 241.653 192.652 40.7258 1375.14 1288.18 829.505 40.1811 789.323 576.882 62.9514 29.753 513.93 479.852 443.743 409.034 353.097 328.761 34.0785 458.672 438.017 424.104 130.849
internal_count=13183 11005 2178 1709 364 9854 9165 5923 278 5645 3889 430 198 3459 3259 3017 2793 2389 2237 200 3242 3119 3024 906
is_linear=0
shrinkage=0.01


Tree=179
num_leaves=25
num_cat=0
split_feature=153 105 281 234 150 70 274 262 127 99 97 274 189 184 157 262 38 124 8 160 154 120 157 196
split_gain=12.611 15.9948 10.4796 10.5223 10.4564 10.274 12.374 8.75243 13.6414 9.57526 8.49934 8.48857 10.4956 7.96051 8.1958 8.99239 7.90088 11.1455 10.9463 10.6817 12.6023 11.5987 12.0662 14.4984
threshold=0.01564247762863535 0.99430583986784449 6.0597569070275714 0.022489974348784279 0.14300533491404863 0.79321924527543086 5.769020963790858 -0.99788036317089934 -0.64040771505060723 -1.2182143917619255 0.82680978186003606 6.3744099895970656 -0.26763716302802348 0.8436486623601841 0.24407105361829776 0.49814315707819851 0.48367281840966053 2.5000000000000004 -0.68305249240244426 0.064915910048653422 0.019116981657443185 0.80910960197290394 0.42631807163826874 0.41514950899260733
decision_type=10 10 2 2 10 10 2 10 10 10 10 2 8 10 8 10 2 2 2 10 10 8 10 8
left_child=1 4 3 -3 7 11 -7 8 -1 -9 16 -2 -13 -5 15 -15 17 18 -11 21 -21 22 23 -19
right_child=5 2 -4 13 -6 6 -8 9 -10 10 -12 12 -14 14 -16 -17 -18 19 -20 20 -22 -23 -24 -25
leaf_value=-2.8865324902667588e-05 -0.0067478676927756435 -0.0019899162868711041 0.0082926765640531017 0.0092946801883536274 -0.002358261824977741 0.006565369979121374 -0.0013955719020186438 -0.0062292704016471559 0.010167284483558093 -0.0003641596473203415 0.0066364122554960076 -0.0043357094493319216 0.0062157712272048913 0.0066922955029817266 -0.0038193073551597684 0.00016483793619476855 -0.0018459042857398517 0.0035670124062358666 -0.0063335316187458704 0.0019752346496868657 0.0093928484065915491 -0.0011508387482726933 -0.0019308834008896626 -0.0049125082402170644
leaf_weight=30.611804872751236 59.419115237891674 45.546001441776752 29.655999317765236 17.689372837543488 161.90895680338144 19.022818945348263 179.33037376403809 20.255756944417953 19.849723897874355 128.76257787644863 17.783661894500256 23.140141345560551 11.94898512214422 41.276429235935211 15.752565935254095 41.36800367385149 164.57818087935448 209.43117108941078 37.843402229249477 170.73588421195745 24.312918305397034 273.8248158544302 68.45508186519146 19.714739955961704
leaf_count=219 547 309 184 108 1351 152 1489 126 116 946 120 221 110 241 98 268 1113 1322 301 1163 154 2004 425 125
internal_value=2.60205e-05 0.000389242 0.00307293 0.0019824 2.02338e-06 -0.00186515 -0.000545155 0.000329912 0.00429105 0.000142757 0.000274901 -0.00452842 -0.000519548 0.00355972 0.00228688 0.00355081 0.000154054 0.000512421 -0.00180946 0.00102325 0.0030265 0.000326123 0.00168648 0.0027819
internal_weight=1832.22 1539.36 191.288 161.632 1348.07 292.861 198.353 1186.16 50.4615 1135.7 1115.44 94.5082 35.0891 116.086 98.397 82.6444 1097.66 933.081 166.606 766.475 195.049 571.426 297.601 229.146
internal_count=13212 10693 1208 1024 9485 2519 1641 8134 335 7799 7673 878 331 715 607 509 7553 6440 1247 5193 1317 3876 1872 1447
is_linear=0
shrinkage=0.01


Tree=180
num_leaves=25
num_cat=0
split_feature=3 71 36 188 210 294 192 232 299 114 188 283 189 294 257 191 83 239 235 186 60 232 189 81
split_gain=10.3881 13.3621 11.3095 12.3156 9.0775 8.73205 9.043 9.38987 13.9274 11.5482 10.0926 10.9612 9.88504 10.4056 8.48949 8.73069 8.48359 10.2202 9.54448 9.98371 9.93218 11.5197 8.21163 8.14011
threshold=2.5471693845014545 1.2456346911122256 0.029739006741295076 0.2037935994246674 0.090274072277467879 -0.13667565238805349 -0.075853457202238989 0.98086897047011734 0.041890748616636948 0.72620955713536361 0.17677696078431376 -0.004260607270790976 -0.21038959620610778 -0.031382195946606621 84.500000000000014 -0.95963578472026601 3.5013525619451138 1.0089399399692605 0.004656583726351169 0.13536417773705914 -191.58345527221439 2.7128062515281814 -0.57513735257599874 0.94026772506820999
decision_type=2 10 2 10 2 2 10 2 2 10 10 10 10 2 2 10 10 10 2 8 2 2 8 10
left_child=5 -2 16 -4 -5 -1 -7 8 12 23 -11 -12 13 -8 -13 -16 18 -18 19 -3 -20 22 -22 -9
right_child=1 2 3 4 -6 6 7 9 -10 10 11 14 -14 -15 15 -17 17 -19 20 -21 21 -23 -24 -25
leaf_value=0.004948528214544199 -0.0036433971448528546 -0.0020347034222478757 -0.0039426943575157272 0.0020341329606245648 0.0084376969094314778 -0.0020783278823054349 0.0024849445874397785 -0.00069148919907531905 -0.0036428979184815902 -0.0019031591149771925 0.010680517491542061 -0.00054758436051057055 0.0009481321483455808 0.01377824181329965 -4.7339104621044259e-05 0.0096974634858204584 0.010396258655714386 -0.00045991631659460485 -0.0034759082422837783 0.0027210282394667979 -0.00097453663272770337 -0.00016161961208847287 0.0059494598855564657 0.0057225015711287429
leaf_weight=48.998838230967522 122.29218159615993 491.20663071423769 23.710087321698666 99.748325198888779 27.089503400027752 98.174882128834724 14.995824985206125 323.91500586271286 14.707040578126906 27.769584260880947 21.243348233401775 38.617735028266907 21.109305895864964 21.152088075876236 14.453201219439505 21.355498231947422 12.313093617558481 19.351402938365936 47.216195702552795 45.852857753634453 21.503692261874676 166.25310685485601 66.20140727609396 18.212020732462406
leaf_count=313 953 3810 182 682 177 673 92 2218 98 186 124 245 138 127 85 123 89 152 346 349 160 1279 477 120
internal_value=2.39291e-05 -0.000558734 -0.000178987 0.00232442 0.00356443 0.000996125 0.000669243 0.00118122 0.0044742 0.000646007 0.00323147 0.00474403 0.0066496 0.00964153 0.00270618 0.00602368 -0.000619548 0.00424065 -0.000818046 -0.00161462 0.000600909 0.00139287 0.00426335 -0.000302825
internal_weight=1827.44 1142.74 1020.45 150.548 126.838 684.704 635.706 537.531 71.9643 465.566 123.439 95.6698 57.2572 36.1479 74.4264 35.8087 869.898 31.6645 838.234 537.059 301.174 253.958 87.7051 342.127
internal_count=13198 8656 7703 1041 859 4542 4229 3556 455 3101 763 577 357 219 453 208 6662 241 6421 4159 2262 1916 637 2338
is_linear=0
shrinkage=0.01


Tree=181
num_leaves=25
num_cat=0
split_feature=73 65 209 317 81 79 79 124 165 304 29 29 302 165 88 281 323 210 97 184 193 282 234 289
split_gain=12.5533 12.6131 12.0818 11.9098 12.343 13.22 11.9765 11.1862 12.5909 13.9889 10.9817 11.0201 10.4336 9.87421 11.6128 9.88345 9.17723 12.134 15.6629 9.08037 10.5366 8.86963 8.70923 8.6737
threshold=315.53479370826329 2.7026611383887675 0.79555335968379459 0.0050931446983445072 0.28452964112026757 152.67004273756046 104.93096419245303 27.500000000000004 179.50782407407411 -0.052611083973435606 0.25491683775179269 0.26809081056414358 -0.0046945432958933947 179.65236689814819 0.72467906765746715 3.8198051929345653 129.50000000000003 0.07788319464966173 0.17687631370279575 1.8064708227313566 0.69194823867721078 -0.04916706393347104 0.13240163615114922 0.053236358458797102
decision_type=2 8 2 2 8 2 2 2 2 2 2 2 2 2 10 2 2 2 8 10 10 10 2 2
left_child=1 2 3 4 5 -1 -5 8 9 12 19 13 -3 14 15 -12 -6 -18 -19 -2 -21 -4 -23 -11
right_child=10 7 21 6 16 -7 -8 -9 -10 23 11 -13 -14 -15 -16 -17 17 18 -20 20 -22 22 -24 -25
leaf_value=5.0260752165676501e-05 0.0016350869077240854 0.00061268605770149482 -0.0049072835842341785 0.0084667982165806295 0.005589698738572773 -0.0067723334795456785 0.0015424355592125567 0.0067947816649861562 -0.00406284018892777 -0.0028675184181443276 -0.00056750095344329553 0.0013846851601507909 0.011020508192430096 0.0087227077177496996 -0.0048914049083053756 0.010779632424905554 -0.00030765232147584936 0.011010766020912079 0.0001997840948467526 0.0027031571093871771 -0.006480204334652683 0.00011504778276020667 -0.0055968864434674413 0.0012216974960909544
leaf_weight=95.949435345828533 54.950980432331562 25.207028806209564 48.807422652840614 39.029413990676403 47.372485473752022 37.305999450385571 67.14208897203207 12.258401922881601 172.70073582231998 157.46791727095842 13.829668320715429 292.27038883417845 13.359025985002516 42.486996449530125 14.290057994425295 13.285979092121122 191.59687561541796 21.46380390226841 30.547374986112118 15.445524878799914 40.987470500171185 282.45930141210556 26.596000149846077 74.322889737784863
leaf_count=623 379 200 359 233 311 279 455 79 1378 1278 99 2066 105 293 106 93 1302 127 205 112 317 2022 181 604
internal_value=0.000150244 -0.000348303 0.000344854 0.00130088 0.000536731 -0.00195384 0.00425144 -0.00169653 -0.00197552 -0.000610091 0.00152026 0.00233401 0.00475097 0.00547601 0.0017756 0.00545352 0.0016886 0.0008702 0.00501879 -0.00120875 -0.00394061 -0.00106841 -0.000419752 -0.0015531
internal_weight=1831.13 1343.59 888.27 530.407 424.236 133.255 106.172 455.316 443.058 270.357 487.547 376.163 38.5661 83.8927 41.4057 27.1156 290.981 243.608 52.0112 111.384 56.433 357.863 309.055 231.791
internal_count=13206 9741 6097 3535 2847 902 688 3644 3565 2187 3465 2657 305 591 298 192 1945 1634 332 808 429 2562 2203 1882
is_linear=0
shrinkage=0.01


Tree=182
num_leaves=25
num_cat=0
split_feature=32 99 39 163 304 28 75 231 216 7 266 66 165 82 168 223 114 120 21 232 196 7 81 116
split_gain=10.0843 10.6333 10.5287 9.64399 9.2462 10.6732 8.5022 14.2392 10.4782 9.64995 11.8188 9.87431 9.74775 10.7194 9.66837 10.6153 9.01548 17.8894 14.4281 11.0831 10.5387 10.4793 10.7661 10.7204
threshold=0.0015372799243766988 1.2991274216249038 0.051300849687946466 0.098476102516739786 -0.041901087271693831 0.23193759721599749 0.42798048920673565 0.024341473609447651 2.5399499722172822 -0.53533979815646882 2.2312038244241639 17.628273088560235 179.65922453703709 0.75458260404079147 159.50000000000003 0.21391805846660245 0.72620955713536361 0.80910960197290394 -0.05650404252328018 1.3631523136871759 0.40054945054945063 -1.1237351244379228 0.28452964112026757 -0.25323259375611923
decision_type=2 10 2 10 2 2 10 2 2 2 2 2 2 10 2 2 10 8 10 2 10 2 8 8
left_child=1 3 -2 6 5 -4 7 16 -9 10 -8 -12 13 -13 15 -15 17 20 19 -18 21 22 -1 -23
right_child=2 -3 4 -5 -6 -7 9 8 -10 -11 11 12 -14 14 -16 -17 18 -19 -20 -21 -22 23 -24 -25
leaf_value=0.0017553657022777859 -0.0066470727174236964 -0.0051730314741895989 0.011278748960970864 0.0080227186954226985 -0.0020685372766136682 -0.0024454165496100946 -0.0042556482998749598 0.006264921236033204 -0.00062575159207754034 0.0020667191728595915 -0.0041197479347972396 -0.00014899380357984805 -0.0021592725018689941 0.012275099851631371 -0.00064177849260735516 0.00058850780258780573 -0.0018200957514789759 -0.0024284722834669974 -0.0008458358476233236 0.0037818426118781012 -0.0027407485542350735 -0.0059899489613412273 0.0071798563141272321 0.00085169578854556302
leaf_weight=160.43985802680254 39.712157815694809 32.361847370862961 9.5619861185550707 13.5232792571187 93.465021915733814 8.7136509120464307 112.29125387966633 72.048072442412376 30.243404231965542 85.830820471048355 51.073811128735542 67.194269776344299 70.102913714945316 22.522351868450642 15.372551716864107 11.905279971659182 39.683015190064907 249.79651107639074 158.69228030741215 227.73462221771479 62.805531121790409 25.358706049621105 46.147757671773434 118.89842162281275
leaf_count=952 425 288 89 92 902 82 885 452 198 644 451 556 576 180 124 98 232 1876 1112 1307 396 176 267 811
internal_value=3.84875e-05 0.000264076 -0.00240738 0.000380621 -0.000764369 0.00523861 0.000302665 0.000740022 0.00425616 -0.000886847 -0.00162386 -0.000343315 0.000728449 0.00247737 0.00585707 0.00861378 0.000398782 -0.000329156 0.0015292 0.00293642 0.000944076 0.00162327 0.00305286 -0.000436558
internal_weight=1825.48 1674.03 151.453 1641.66 111.741 18.2756 1628.14 1191.85 102.291 436.293 350.462 238.171 187.097 116.994 49.8002 34.4276 1089.56 663.447 426.11 267.418 413.65 350.845 206.588 144.257
internal_count=13171 11673 1498 11385 1073 171 11293 7779 650 3514 2870 1985 1534 958 402 278 7129 4478 2651 1539 2602 2206 1219 987
is_linear=0
shrinkage=0.01


Tree=183
num_leaves=25
num_cat=0
split_feature=271 176 241 88 274 114 9 70 248 62 279 212 298 303 302 98 176 108 165 165 5 267 220 236
split_gain=10.3922 9.95253 9.87622 9.29212 9.15298 9.25466 8.94757 10.2367 11.1014 9.74659 10.286 9.50234 8.61432 12.5504 12.4139 9.93033 8.82004 8.23017 8.20198 12.3854 9.57164 9.67576 10.0289 8.76333
threshold=0.052674495872370851 11.721009879432374 0.81666666666666676 0.39336271299323666 4.1471191136470189 0.46688573707211506 1.2772686393389245 0.73301960263485821 0.6984848484848486 173.50000000000003 0.020618439945317594 0.27461753932342176 0.0010991966796973444 0.007070034586604595 0.0050520144662404088 145.50000000000003 12.698573752987238 1.4994854544011738 179.97083912037041 179.74605902777782 -2.8996003220412478 1.2077361525818935 0.27786169855656268 0.33303030303030307
decision_type=2 2 2 8 2 10 2 10 2 2 10 2 2 2 2 2 2 10 2 2 2 2 2 2
left_child=4 3 12 -2 5 -1 7 9 -9 10 -5 -12 -3 14 16 -16 -14 -6 19 -4 -21 23 -23 -22
right_child=1 2 18 6 17 -7 -8 8 -10 -11 11 -13 13 -15 15 -17 -18 -19 -20 20 21 22 -24 -25
leaf_value=-0.0023880776460201338 -0.0033823867434200332 -1.0322497746611979e-05 -0.0022657969171070848 0.0066693367546936787 -0.0030978046372782593 0.0050248057715672608 -0.0029548157076925603 0.0016326886457847126 0.011441404281903505 -0.0028778932431389797 0.00449562869257847 -0.005299997180201934 0.0035976285423193056 -0.0013497690239611269 0.010845996042173336 0.0030114877053214525 -0.002060600980555642 0.0030679346703758803 -0.006761030692451239 -0.0045652789979662971 -0.0038505124804781615 0.0019117052690305076 0.011277431506490472 0.003699363015159828
leaf_weight=28.375888973474503 22.036333240568638 683.04621186852455 233.69031039625406 48.062705986201763 225.43560040742159 34.118266381323338 18.917513489723206 20.471489794552326 28.308237515389919 26.6493945941329 17.047171518206596 16.869801990687847 66.981808364391327 71.324302345514297 30.591005697846413 38.325103834271431 42.881901443004608 21.491599999368191 23.275634482502937 18.186673276126385 27.447683967649937 28.54044321924448 18.445948295295238 28.380548700690269
leaf_count=224 149 4751 1693 331 1948 250 149 135 184 178 125 126 461 479 207 258 297 180 164 173 179 190 113 182
internal_value=-4.93052e-06 0.000337454 1.88458e-05 0.00240834 -0.00166633 0.00168598 0.00317983 0.00396271 0.00766088 0.00214009 0.00382496 -0.000382141 0.000571961 0.00214846 0.00354892 0.00679488 0.00138388 -0.00252833 -0.00133815 -0.000928575 0.00163858 0.00283877 0.00604207 -1.98835e-06
internal_weight=1818.9 1509.48 1311.12 198.363 309.421 62.4942 176.326 157.409 48.7797 108.629 81.9797 33.917 933.15 250.104 178.78 68.9161 109.864 246.927 377.967 354.692 121.001 102.815 46.9864 55.8282
internal_count=13126 10524 9147 1377 2602 474 1228 1079 319 760 582 251 6453 1702 1223 465 758 2128 2694 2530 837 664 303 361
is_linear=0
shrinkage=0.01


Tree=184
num_leaves=25
num_cat=0
split_feature=153 153 162 153 105 309 299 203 211 251 105 146 122 289 139 231 240 193 283 255 263 298 152 232
split_gain=10.7409 15.1557 13.1797 16.2407 15.3359 9.12746 8.73491 13.305 15.1503 8.9173 11.8201 10.6633 9.58665 9.15782 10.2639 13.2642 11.6456 10.6402 9.82037 8.90742 8.65272 8.48013 8.32692 8.30346
threshold=0.049443833272216117 0.045084975438992723 0.043557312252964435 0.015611460138648182 1.3997196495424571 -0.041509464189876603 -0.04770368072787428 0.010695493022191719 0.021089696071163826 1004.3375000000001 0.96109023611504363 0.21880260942760946 0.2472210926949053 0.078502758077226134 0.086145563722952692 0.030318134884272877 1.5110344674075751 0.5885620915032681 -0.0068441104217845687 149.50000000000003 0.74587800597927589 -0.0085515791398144327 0.050756650509522543 2.5140426972889967
decision_type=10 10 10 10 10 2 2 2 2 2 10 10 8 2 2 2 2 10 10 2 10 2 8 2
left_child=1 2 3 4 6 -4 7 20 -9 10 13 -11 -12 14 15 17 -16 -8 -15 -14 21 -1 -19 -23
right_child=-2 -3 5 -5 -6 -7 9 8 -10 11 12 -13 19 18 16 -17 -18 22 -20 -21 -22 23 -24 -25
leaf_value=0.0059780687413888457 -0.0032254642563987451 0.0098473484327091139 0.0099609004122747351 -0.0032164288440725036 0.0074045196052826088 0.0021139500182186166 -0.0074089559814307171 0.011366956734727434 0.00070780019193594161 -0.0031998182317801533 0.0095171613795904577 0.0023270887640794605 0.0035026370251857192 0.0087085835146064675 -0.0059594332514436256 0.0073970538365273463 0.0018686097950568585 5.090481720568308e-05 0.00095655934495655437 -0.0047161239271463814 0.0080393126293877067 0.00062775101804965559 -0.0054761728243853313 -0.0038389581701338566
leaf_weight=20.391141593456268 90.626365043222904 13.477984540164469 16.354186169803143 144.73049625754356 26.629348315298557 79.336321428418159 18.443718299269676 24.329152390360832 27.404506720602512 173.3743085116148 18.178132444620132 41.11786200851202 55.368897594511509 17.850819014012814 63.875218935310841 19.417265363037586 24.759348198771477 573.81266888231039 84.185601003468037 14.318846210837362 12.115601703524588 187.749351516366 25.75912656635046 50.375255897641182
leaf_count=134 825 114 105 1267 166 541 127 158 182 1316 95 273 367 117 489 145 191 3909 596 91 87 1259 234 370
internal_value=7.61046e-05 0.0002543 0.000162424 -5.23058e-05 0.000262119 0.00371379 0.000116317 0.00156129 0.00606979 -0.000297724 0.00013292 -0.0021191 0.00356092 -0.000240521 -0.000638376 -0.000186332 -0.00377156 -0.000458971 0.0025215 0.00168142 0.000641663 0.000207495 -0.000209576 -0.000347102
internal_weight=1823.98 1733.36 1719.88 1624.19 1479.46 95.6905 1452.83 322.365 51.7337 1130.46 915.97 214.492 87.8659 828.104 726.067 637.433 88.6346 618.016 102.036 69.6877 270.631 258.516 599.572 238.125
internal_count=13158 12333 12219 11573 10306 646 10140 2190 340 7950 6361 1589 553 5808 5095 4415 680 4270 713 458 1850 1763 4143 1629
is_linear=0
shrinkage=0.01


Tree=185
num_leaves=25
num_cat=0
split_feature=271 39 271 159 160 177 176 191 154 316 70 122 288 254 126 27 241 32 52 136 65 71 240 39
split_gain=9.22513 9.96317 11.065 13.8261 10.1983 10.477 7.93355 10.1017 10.5716 10.4692 12.0832 10.8097 13.5466 7.98005 8.14923 7.70495 7.63328 9.99606 9.67887 8.74837 10.9635 11.6208 11.6716 11.3779
threshold=0.052674495872370851 0.02191011927475044 0.036106811735822961 0.29171862011637578 0.13269821202817414 7.4553466767222325 11.737689217303968 -1.2517842139929105 0.027140552106352384 0.027465978508497822 0.64186987023577668 0.41144338934924501 -0.0060042034831950791 229.50000000000003 0.61274644692549807 0.72395099765258231 0.81666666666666676 0.0015071598611641139 58.500000000000007 0.32339757506930766 2.7026611383887675 3.0201438163688885 1.469539921254005 0.065738188567392011
decision_type=2 2 2 10 10 10 2 8 10 2 10 8 2 2 8 2 2 2 2 2 10 10 2 2
left_child=1 2 3 -1 -3 -6 7 -2 9 11 -11 12 -9 16 -15 -13 19 18 -18 20 -8 -22 -23 -24
right_child=6 4 -4 -5 5 -7 13 8 -10 10 -12 15 -14 14 -16 -17 17 -19 -20 -21 21 22 23 -25
leaf_value=-0.0020409161823805463 -0.0032064037559043322 -0.004927489649961315 0.0060141692381353272 0.0083139218969023494 -0.0024260181015287206 0.0068875656809303199 0.0015954989875022671 -0.0042494656621136755 0.010884171758123997 0.0015097640854609159 0.013486210922790851 -0.0052150509326501652 0.0054373839075066857 0.0085048294326641304 -0.00029744905296779923 0.0017521873762973606 -0.0062276960670796556 -0.0059296280465795147 -0.00015605347763918744 -0.003819914766661488 -0.0015974861642586 -0.0021321675077165666 0.012796757723330405 0.0022260566150730265
leaf_weight=115.46296877413988 28.078938238322735 109.65934931486845 25.074850179255009 11.638109385967253 36.815935388207436 14.519170254468916 495.91228394210339 16.181856609880924 12.965590953826903 19.819930046796799 13.290229313075541 33.455195054411888 61.7007996737957 19.357482492923737 19.230764925479889 25.960319966077805 26.058802500367165 38.820734016597271 293.47200359404087 43.70614518225193 289.49400720000267 29.063597045838833 12.785302400588987 34.843437984585762
leaf_count=952 185 972 174 92 324 125 3240 109 84 139 86 258 392 120 138 209 201 388 1971 301 2219 188 87 235
internal_value=2.48543e-05 -0.00152893 0.00030199 -0.000923981 -0.00324097 0.00041251 0.00034914 0.00213231 0.00299167 0.00221673 0.00703086 0.000929589 0.0033335 5.49234e-05 0.00437412 -0.00221359 -8.56328e-05 -0.00131584 -0.00070486 0.000402539 0.000629616 -0.000677917 0.0027136 0.00564415
internal_weight=1827.37 313.17 152.176 127.101 160.994 51.3351 1514.2 211.453 183.374 170.408 33.1102 137.298 77.8827 1302.74 38.5882 59.4155 1264.16 358.352 319.531 905.805 862.099 366.186 76.6923 47.6287
internal_count=13189 2639 1218 1044 1421 449 10550 1462 1277 1193 225 968 501 9088 258 467 8830 2560 2172 6270 5969 2729 510 322
is_linear=0
shrinkage=0.01


Tree=186
num_leaves=25
num_cat=0
split_feature=153 109 93 151 145 170 277 251 122 143 133 262 80 92 162 174 118 138 311 5 162 161 75 145
split_gain=8.58152 16.3936 8.60721 18.27 10.3886 12.0438 9.47596 12.1233 10.2962 9.09283 8.79098 8.68081 9.88871 10.5107 11.1096 13.8778 9.3479 13.1144 9.01061 8.75675 8.66721 12.1842 10.7972 12.144
threshold=0.049443833272216117 2.2683624778100966 -0.050420772771041317 0.087447625420191508 0.048629879879879885 1.6286545954141276 -0.00050391062836335754 151.67611111111114 0.9216568773581012 0.0032626514232185822 0.0038059025891725514 -0.99788036317089934 92.500000000000014 292.50000000000006 0.0037488317839098882 56.462638888888897 42.500000000000007 0.11873266386151703 -0.39184470681150096 -2.906973910503408 0.0191635091809968 0.081124956124956141 -0.51264193702449345 0.21281862228776072
decision_type=10 10 8 8 8 8 10 2 8 10 2 10 2 2 10 10 2 2 2 2 10 10 10 10
left_child=1 2 3 11 5 -4 7 -7 -8 10 -9 18 13 19 -15 -16 -17 -18 -1 -13 22 -22 23 -21
right_child=-2 -3 4 -5 -6 6 8 9 -10 -11 -12 12 -14 14 15 16 17 -19 -20 20 21 -23 -24 -25
leaf_value=0.0093203223437232797 -0.0029442163673412381 0.0056457962193806792 -0.00437178516123987 -0.0028382109491134201 0.0072792728905081861 -0.0051075351825024245 0.012504190965631537 0.00096588503177359492 0.00071201099523964971 -0.0032862746103425816 0.012631238873750155 -0.0046797656262594555 -0.0044745990612114032 0.00059722706003571585 -0.0002807371217372019 0.0013907076772067181 0.015147311267914123 0.0032179882156270945 -2.96734086364988e-05 0.003946063804653191 0.0009796541744582889 0.010072900647977391 -0.0010964869036582828 -0.0019133371720114118
leaf_weight=18.181230753660202 91.003255374729633 49.985887721180916 29.605952598154545 226.263687543571 29.855548724532127 22.085934817790985 13.993150152266024 13.519007481634619 14.212175272405149 10.40337862819433 10.933114022016523 41.316821202635765 43.209976889193058 258.79915241152048 36.377756595611572 19.204565234482288 20.722239941358566 18.724018774926662 19.766391284763813 97.005173712968826 86.628212668001652 15.209713719785212 592.03504486382008 52.370427615940571
leaf_count=113 828 313 229 1952 204 162 89 100 115 81 78 406 285 1787 241 137 127 120 121 582 558 92 4187 308
internal_value=9.67319e-07 0.000160092 -1.07222e-05 -0.000231107 0.00229734 0.000848064 0.00275705 0.000299971 0.00720364 0.00387987 0.0069905 0.000220305 7.47965e-05 0.000244224 0.0016941 0.00456696 0.00746422 0.0101052 0.00476236 -0.000338157 -0.00010924 0.00258388 -0.000488965 0.00188778
internal_weight=1831.41 1740.41 1690.42 1545.81 144.608 114.753 85.1468 56.9414 28.2053 34.8555 24.4521 1319.55 1281.6 1238.39 353.828 95.0286 58.6508 39.4463 37.9476 884.565 843.249 101.838 741.411 149.376
internal_count=13215 12387 12074 11016 1058 854 625 421 204 259 178 9064 8830 8545 2412 625 384 247 234 6133 5727 650 5077 890
is_linear=0
shrinkage=0.01


Tree=187
num_leaves=25
num_cat=0
split_feature=5 5 118 109 103 103 116 310 313 189 107 131 277 200 286 276 29 266 310 158 270 278 309 310
split_gain=9.36967 13.629 10.3015 10.0935 13.3025 10.7823 10.1617 10.3184 13.3333 12.872 9.67271 12.0909 14.9251 9.49197 9.30721 10.8422 9.29413 9.47406 9.26651 9.27089 9.25314 9.21324 9.07096 8.93084
threshold=-2.8943022876294049 -2.8712440139818409 20.500000000000004 2.290809100281376 2.2125472470588039 1.5370645691332652 0.27407828562849151 -0.3333848404403163 0.0075309197702670078 -0.58712103499533919 0.25521975655414714 1.1296400249269674 0.037371309243365493 1.6215011546242364 2.0633401941840339 10.297633950289489 0.24543715439597222 2.7707107843137257 -0.44077612871093863 0.26755737988621375 0.054133196238459406 -0.0035314903346497606 -0.053307655272026959 -0.26007514413738847
decision_type=2 2 2 10 8 10 10 2 2 8 10 8 10 2 2 2 2 2 2 10 2 8 2 2
left_child=2 14 -1 5 -5 10 -7 8 21 -10 11 12 -3 16 -2 -16 -12 -18 19 -13 -4 -8 -9 -20
right_child=1 3 20 4 -6 6 7 22 9 -11 13 18 -14 -15 15 -17 17 -19 23 -21 -22 -23 -24 -25
leaf_value=-0.0059311470441393201 0.0045451774115985331 0.00034900694001296201 -0.0044365427512420503 0.0096367922207050895 0.00011564357334952577 -0.0032174155431692274 -0.0056274452382030502 0.0062340616589363594 0.00066920420525916487 0.014589674736082803 0.0060478453909923336 1.3516364737172647e-05 0.010998140422128566 0.0059871491996356246 -0.0021112568331528199 0.004050958478686929 -0.0033678513912837717 0.0035663381357558723 0.0018171771262104996 -0.004546524956821135 0.00073192557305131042 0.0031536059571645948 -0.0022882161462360702 -0.00079536043179559218
leaf_weight=44.051679529249668 120.92167192697525 34.891021929681301 44.083597421646118 22.12559862434864 36.299098670482635 182.86748573184013 16.819213852286339 10.955983139574526 12.421411819756029 12.630422651767732 23.098418086767197 85.703285947442055 18.689791582524776 53.999620229005814 63.874906048178673 47.051813080906868 50.535690158605576 28.405297286808491 221.7668321877718 89.065341331064701 129.38233330100775 27.594183094799519 134.57237295806408 310.32213249802589
leaf_count=444 643 207 442 131 281 1591 130 81 98 94 149 559 104 332 354 263 322 186 1496 646 1160 209 1056 2170
internal_value=0.000165492 0.00043084 -0.0017677 4.92627e-05 0.00401744 -0.000134646 -0.00150393 -1.89051e-05 0.00307422 0.00849477 0.0004615 -6.01217e-06 0.00444817 0.0027056 0.0026579 0.000529571 0.000844244 -0.000823165 -0.000361521 -0.00234022 -0.000626142 -0.000288747 -0.00153275 0.000295485
internal_weight=1822.13 1604.61 217.518 1372.76 58.4247 1314.34 397.861 214.994 69.4652 25.0518 916.477 760.438 53.5808 156.039 231.848 110.927 102.039 78.941 706.858 174.769 173.466 44.4134 145.528 532.089
internal_count=13148 11102 2046 9842 412 9430 3259 1668 531 192 6171 5182 311 989 1260 617 657 508 4871 1205 1602 339 1137 3666
is_linear=0
shrinkage=0.01


Tree=188
num_leaves=25
num_cat=0
split_feature=102 20 103 105 141 241 28 257 234 220 162 103 114 122 131 77 105 165 218 51 299 323 126 223
split_gain=10.7793 11.9876 11.9415 11.7162 15.4198 9.26383 9.17641 9.97941 8.94988 8.28888 8.20975 13.6222 10.1951 9.71349 9.43762 9.22056 15.4861 8.92208 9.29109 10.0926 9.15328 8.54473 15.6261 10.7709
threshold=1.228056852784827 0.9050387478887475 1.6428132559348676 1.1601474030460397 0.074529985422007755 0.35000000000000003 0.26987638713302436 181.50000000000003 0.075352392297002205 0.6228320802005014 0.0039735169045513876 0.71127317057832895 0.47499818936807098 0.77052109366044608 1.804052230354825 3.1187112803743831 0.24567745028405277 179.85428240740745 0.056855480405808644 279.50000000000006 -0.057290772317237885 420.50000000000006 0.38537668405214814 -0.10442882728144944
decision_type=10 10 10 10 2 2 2 2 2 2 10 8 8 10 8 10 10 2 2 2 2 2 10 2
left_child=1 2 5 6 -5 -1 7 -4 9 -3 11 12 14 15 -7 16 -12 20 19 -19 -13 23 -23 -18
right_child=-2 8 3 4 -6 10 -8 -9 -10 -11 13 17 -14 -15 -16 -17 21 18 -20 -21 -22 22 -24 -25
leaf_value=0.0062733492048961123 -0.0047104927243225908 0.0033471725046880802 -0.0038406839488416239 0.0045014032949580061 -0.0030164243077485937 0.0020572170108183671 0.0035934369561780107 0.005040428486166898 0.00032219292702830244 0.012898241870536779 -0.0028093207804475574 0.00092472127210027361 0.0016832101547746647 -0.0035342977942017396 -0.0035195486821039241 -0.00097655759004285948 0.00048340588578443296 -0.0016950406459848933 -0.0022238910466660382 0.0074889965265669267 -0.0035428458938469194 -0.0022697433984543284 0.007379689843433017 0.0058643232630523909
leaf_weight=23.174302332103252 44.73163791000843 31.026880703866482 225.26890623569489 57.254205085337162 47.20001532137394 44.040040500462055 18.11678222566843 10.913010418415068 42.266400836408138 12.497830577194689 44.930712193250656 55.758672811090946 341.54596607387066 35.435181677341461 84.214265272021294 95.86605541408062 134.52113959938288 17.906725980341434 44.991277441382408 27.860720798373222 224.34189262241125 19.090455546975136 86.237069964408875 49.161946155130863
leaf_count=149 404 229 1988 403 380 266 152 87 291 93 321 416 2162 294 564 680 836 137 355 209 1765 123 514 304
internal_value=-1.23658e-05 0.000112897 -7.46348e-05 -0.00168664 0.00110496 0.000362397 -0.00283677 -0.00337107 0.0036979 0.00673365 0.000243343 -0.000345664 0.000782253 0.00130543 -0.00159381 0.00172736 0.00250828 -0.00177229 0.000922661 0.00398584 -0.00264958 0.00335773 0.00560773 0.00199637
internal_weight=1818.35 1773.62 1687.83 358.753 104.454 1329.08 254.299 236.182 85.7911 43.5247 1305.9 840.66 469.8 465.243 128.254 429.807 333.941 370.859 90.7587 45.7674 280.101 289.011 105.328 183.683
internal_count=13122 12718 12105 3010 783 9095 2227 2075 613 322 8946 5874 2992 3072 830 2778 2098 2882 701 346 2181 1777 637 1140
is_linear=0
shrinkage=0.01


Tree=189
num_leaves=25
num_cat=0
split_feature=271 176 72 65 217 214 193 257 136 226 292 107 211 107 71 76 226 195 308 233 234 76 139 191
split_gain=9.97169 8.50957 9.78593 10.1193 9.68672 10.9931 9.85714 12.5683 11.1961 9.08174 15.5873 15.5068 11.6807 10.2773 9.04007 10.1542 8.6688 8.65914 8.50202 8.46049 13.3033 8.39875 10.8824 8.21415
threshold=0.052674495872370851 11.737689217303968 25.741126619665163 2.52594198954016 0.78208709353960759 22.500000000000004 0.55612829324169544 37.500000000000007 0.32339757506930766 0.02005747126436782 -0.023124878407840201 -0.13204206137860144 0.012232530300763133 0.072930174463866806 1.8712682238841702 0.78126401040704041 0.019448997604337413 0.020204081632653064 0.0035041762028434303 0.63706690561529278 0.073205084163517703 0.76406935757629135 0.010073879627625027 -1.2517842139929105
decision_type=2 2 2 10 2 2 8 2 2 2 2 10 2 10 10 10 2 10 2 2 2 10 2 10
left_child=-1 23 3 4 6 -6 -3 -8 9 -9 -11 12 21 -13 -5 -16 -17 -7 -14 -4 -21 22 -12 -2
right_child=1 2 19 14 5 17 7 8 -10 10 11 13 18 -15 15 16 -18 -19 -20 20 -22 -23 -24 -25
leaf_value=-0.0016768072821256755 -0.0024471759765327043 -0.0028849239511957877 0.0078112819618504125 -0.0031716278082296206 -0.0064845707224830363 0.000620373516272631 0.0068750797168422272 0.0082289154935449929 -0.0047005588801130576 -0.0034233313040522881 -0.00087627833553003093 0.011909063243407554 0.009258677683807285 0.0024737812628133245 0.0062969767992143459 -0.0060423723803869709 -0.00026998955040069143 -0.0037429699525956413 0.00033358361095136923 0.0050864759127202223 -0.0045896867271012567 -0.0029301502807924525 0.0087018328817142065 0.0029525466239193384
leaf_weight=307.94453805685043 30.859792798757553 40.933291226625443 25.194484919309616 170.79285399615765 27.241365820169449 255.61045644432306 46.055707849562168 18.738194271922112 24.911118790507317 50.333228684961796 32.934888549149036 23.137556172907352 22.17888829857111 24.778359033167362 18.684026472270489 25.86499947309494 286.99778171628714 52.336026512086391 19.420989342033863 29.899704106152058 22.278411947190762 64.924233786761761 15.184582896530626 180.38974407315254
leaf_count=2603 206 263 163 1378 210 1729 303 116 163 323 191 142 139 151 112 193 2108 356 123 205 153 453 86 1255
internal_value=-4.49374e-05 0.000289787 -1.39828e-05 -0.000236489 0.000523068 -0.000713713 0.00160387 0.00216243 0.00136885 0.00197204 0.00141823 0.00265691 0.00105416 0.00746127 -0.00132205 -0.000347391 -0.000800475 -0.000145364 0.00540235 0.00336894 0.000913036 -0.00063045 0.00244292 0.00213702
internal_weight=1817.63 1509.68 1298.43 1221.06 718.719 335.188 383.531 342.598 296.542 271.631 252.893 202.559 154.644 47.9159 502.34 331.547 312.863 307.946 41.5999 77.3726 52.1781 113.044 48.1195 211.25
internal_count=13124 10521 9060 8539 4748 2295 2453 2190 1887 1724 1608 1285 992 293 3791 2413 2301 2085 262 521 358 730 277 1461
is_linear=0
shrinkage=0.01


Tree=190
num_leaves=25
num_cat=0
split_feature=271 138 170 5 5 181 26 116 8 210 122 148 204 107 122 203 161 245 312 209 230 38 164 234
split_gain=10.7911 9.35032 11.1392 8.05297 10.8759 11.3618 9.74155 9.54602 16.3094 14.8865 13.8482 9.93162 9.26399 8.86372 10.2391 10.1848 9.79784 10.2174 9.59552 8.6792 10.4601 8.614 8.74009 11.0466
threshold=0.052674495872370851 0.14776178948036525 5.8617776872983223 -2.8939422394527852 -2.8712440139818409 0.054460838240686822 694.50000000000011 -0.16900300018275616 -0.7466248068062612 0.07788319464966173 -0.036444640190500595 0.15913022963195975 0.213980463980464 -0.085530948033653478 0.5557255940077811 0.026058908411849591 0.02668035592060233 -0.39291426386150796 -0.18004385581448301 0.69871265885459655 385.50000000000006 0.34648318245332882 0.0061539044156631072 0.058155640018037753
decision_type=2 2 8 2 2 2 2 8 2 2 10 10 2 8 8 2 10 2 2 2 2 2 10 2
left_child=1 -1 -3 6 5 -5 -2 10 9 12 -6 -12 -9 15 16 -10 17 -15 -19 -8 -21 -16 -23 -24
right_child=3 2 -4 4 7 -7 19 8 13 -11 11 -13 -14 14 21 -17 -18 18 -20 20 -22 22 23 -25
leaf_value=-0.0028843590911797608 -0.0031842832551547125 -0.00049190480853460107 0.0089201858448983949 0.008700965107828031 0.00024392917418561926 0.0018023400234652414 -0.0042492600118136581 0.0072474361364872402 -0.0026204647289439632 0.0095069224024223013 0.0028104003752696689 -0.0050320517115987218 -0.00095091220658784659 0.0044410400039503499 0.006391075629996891 0.0058927135292310773 0.0040165407112581842 -0.0056242689777891083 0.0020052101833269742 0.0071751562549677277 -0.0011403404989795941 -0.00194263814274622 0.0096022410384642969 -0.00069950961714852018
leaf_weight=204.71837269514799 123.09392132610083 91.124652743339539 11.67853222042322 25.353344492614269 278.12850505113602 180.6603634133935 18.018810696899891 16.746466651558876 134.21033048629761 36.557973749935627 17.115545243024826 98.986132182180882 44.229539006948471 29.936628952622414 14.187822431325911 12.907584518194197 148.75219484418631 35.65105889737606 26.579035647213459 28.937261112034321 27.243218138813972 179.59666018933058 13.346423469483851 27.74592262506485
leaf_count=1731 1136 779 92 129 1699 975 154 116 1036 236 136 768 277 187 109 96 901 249 179 245 242 1417 94 190
internal_value=3.81651e-05 -0.00166059 0.000778841 0.000385431 0.000668013 0.00276295 -0.00148377 0.000273886 0.0009579 0.00469993 -0.000971502 -0.00382793 0.00150721 0.000351695 0.00101625 -0.00176934 0.00245307 -0.000104301 -0.00240484 0.00133759 0.00326484 -0.000464987 -0.000985886 0.0030279
internal_weight=1825.51 307.522 102.803 1517.98 1320.69 206.014 197.293 1114.68 720.448 97.534 394.23 116.102 60.976 622.914 475.796 147.118 240.919 92.1667 62.2301 74.1993 56.1805 234.877 220.689 41.0923
internal_count=13173 2602 871 10571 8794 1104 1777 7690 5087 629 2603 904 393 4458 3326 1132 1516 615 428 641 487 1810 1701 284
is_linear=0
shrinkage=0.01


Tree=191
num_leaves=25
num_cat=0
split_feature=3 71 152 294 109 192 150 184 281 185 180 306 232 116 277 256 50 294 309 226 252 38 134 123
split_gain=12.511 13.7853 13.0782 10.7483 9.84354 17.0779 9.20002 13.3344 13.3701 11.754 14.7805 12.5772 10.459 10.1537 14.5922 9.95245 9.21188 8.86345 12.5662 11.0981 11.2029 10.84 8.80563 8.72988
threshold=2.5471693845014545 1.8620673714001119 0.004656583726351169 0.15737503237503239 1.5195776906739467 0.96103719037383317 0.048826334128002941 -0.072240938208095684 2.6286307039135415 0.67655864741106042 3.8780560524746575 0.69467690880802035 2.3523167166763508 -0.16900300018275616 0.0011330336531976475 35.500000000000007 18.500000000000004 -0.04839875750020544 -0.053307655272026959 0.032301538996609001 90.500000000000014 0.3375288457984148 0.23693232897156727 -0.10896092029255984
decision_type=2 10 8 2 10 10 10 10 2 8 2 2 2 10 10 2 2 2 2 2 2 2 2 10
left_child=4 -2 -3 17 6 -6 7 8 22 11 -11 -8 13 23 -15 -13 -12 19 -19 -4 21 -21 -1 -9
right_child=1 2 3 -5 5 -7 9 12 -10 10 16 15 -14 14 -16 -17 -18 18 -20 20 -22 -23 -24 -25
leaf_value=-0.0018897575903715688 -0.0019919801155421674 0.0058989880624705938 -0.0021194586245874181 0.0061148458755992466 -0.0017749610939525016 0.010540968411615512 0.0086148552860462954 0.0051193742753198844 -0.0062069529313220663 -0.0040510634239485201 0.0088228850819313462 0.0058182804947420064 -0.0050212167612345661 0.0012551567746542894 0.01041291010801477 -0.0037646436373637306 -0.0022617228485712023 0.0084836975160943601 -0.0012947443216166513 0.0089835711767731162 0.0089539711463212639 -4.0833129466101732e-05 0.0057575776868024845 0.00086416008653884455
leaf_weight=33.702263578772545 442.50782950222492 35.981710381805897 51.006488122045994 24.100807264447212 17.60920075327158 24.738733127713203 19.683903127908707 61.801171571016312 36.674811996519566 116.87471853196621 13.899885699152948 13.468399100005625 15.078240394592283 33.771472558379173 35.794859081506729 29.44087178260088 11.675819404423235 10.69181155413389 464.64372953772545 13.321799919009207 24.897940650582314 74.060241967439651 22.87370853126049 199.58979333937168
leaf_count=230 3505 204 400 179 106 141 133 357 243 920 101 97 98 207 211 207 83 75 3494 99 176 532 139 1272
internal_value=2.40647e-05 -0.000616688 0.000257419 -7.12329e-05 0.00108857 0.00560771 0.000766686 0.00158072 -0.00173039 -0.000970212 -0.00254736 0.0025584 0.00248273 0.00286745 0.00620481 -0.000560176 0.00400673 -0.000332306 -0.0010236 0.00165708 0.00339143 0.00156329 0.0013125 0.00191827
internal_weight=1827.89 1141.21 698.705 662.723 686.678 42.3479 644.33 439.286 93.2508 205.044 142.45 62.5932 346.036 330.957 69.5663 42.9093 25.5757 638.622 475.336 163.286 112.28 87.382 56.576 261.391
internal_count=13209 8664 5159 4955 4545 247 4298 2757 612 1541 1104 437 2145 2047 418 304 184 4776 3569 1207 807 631 369 1629
is_linear=0
shrinkage=0.01


Tree=192
num_leaves=25
num_cat=0
split_feature=76 114 76 114 168 262 71 158 53 311 277 257 40 128 294 29 28 36 185 40 91 73 40 313
split_gain=9.64314 13.4476 10.3581 11.0655 15.3243 10.1183 9.81858 12.0327 11.6623 10.4281 9.52409 10.4125 9.03956 10.8993 9.29219 9.72997 8.68196 8.53971 10.1319 8.46106 8.34926 8.30162 7.72496 9.44709
threshold=0.70338746342682812 0.71170873479357177 1.0762297653184087 0.97490369833359791 143.50000000000003 -0.99788036317089934 1.295347410432907 0.32997975708502031 57.500000000000007 -0.18756338653909013 -0.017689987756395287 92.500000000000014 0.0019656024402447203 1.1595318810916 -0.035726480439660528 0.25981782215746901 0.23973342406580078 0.018930159574756893 0.72758194186765623 0.006646095793382616 31.780564370674423 307.81832137636098 0.0066949344999043805 0.021083160337037502
decision_type=8 8 8 8 2 10 10 8 2 2 8 2 2 8 2 2 2 2 8 2 2 2 2 2
left_child=6 5 22 12 17 -2 7 8 9 10 -1 -12 -4 14 20 -16 -6 18 -5 -13 -14 -9 -3 -24
right_child=1 2 3 4 16 -7 -8 21 -10 -11 11 19 13 -15 15 -17 -18 -19 -20 -21 -22 -23 23 -25
leaf_value=-0.00030911104767945613 0.0062860819857114211 0.00066197889477490144 -0.0051346568620839602 0.0033907001449930449 0.0014639199983310159 -0.0017978080708440473 0.0042777123492366096 -0.0054255375104728431 -0.0022867665612459186 -0.00085442148468845003 0.013802304832200837 0.00044593827962801508 0.010040015399325987 -0.0045982808389214017 0.0044817047388137476 -0.0037801388544297901 0.0079718073717838494 -0.007065470656483476 -0.00315886122275158 0.0096024159172739751 -0.00017068962661450637 0.0029172268517572006 0.0011317452121639023 0.007049562643386637
leaf_weight=19.841524861752987 13.160929337143896 444.73163402825594 74.966841205954552 39.984229244291782 59.054720655083656 538.30220290273428 92.472284361720085 44.13079310208559 45.894523896276951 35.373820200562477 16.531090654432774 25.115892924368382 15.385095670819284 46.302132442593575 18.567790627479553 39.947022750973701 30.457613110542297 20.16678524017334 49.790822014212608 14.663219302892683 13.777527570724486 13.784031778573988 67.975361168384552 44.001902036368847
leaf_count=118 93 3006 669 303 426 4166 553 318 268 228 93 149 122 410 152 339 209 155 413 79 114 94 434 278
internal_value=-1.1493e-06 -0.000329925 0.000381189 -0.000823568 0.000852465 -0.00157184 0.00160369 0.000409995 0.00184573 0.00356971 0.00559441 0.00760662 -0.00241821 -0.00081582 0.00125213 -0.00105593 0.00386632 -0.00162797 -0.000216366 0.00425989 0.00559752 -0.00337973 0.0012665 0.00358284
internal_weight=1824.38 1516.57 965.109 408.401 199.454 551.463 307.807 215.335 157.42 111.526 76.1517 56.3102 208.946 133.98 87.6774 58.5148 89.5123 109.942 89.7751 39.7791 29.1626 57.9148 556.709 111.977
internal_count=13189 11289 7030 3312 1506 4259 1900 1347 935 667 439 321 1806 1137 727 491 635 871 716 228 236 412 3718 712
is_linear=0
shrinkage=0.01


Tree=193
num_leaves=25
num_cat=0
split_feature=233 254 3 71 284 113 145 125 144 168 156 260 28 114 153 71 145 87 144 7 119 111 270 62
split_gain=10.0265 9.90573 10.2665 11.9249 10.4593 12.5621 9.66606 9.84601 9.53467 9.85188 9.41423 8.30415 9.01033 12.1286 11.6905 9.4116 13.1437 9.58799 8.95046 12.5346 8.96082 8.89738 8.23903 9.30981
threshold=0.87513213530655409 223.50000000000003 2.4993481399758042 1.2456346911122256 0.17175555946723001 -0.055738333269377806 0.14751149899752333 -0.29017911332983065 0.0024184115101181431 154.50000000000003 1.0000000180025095e-35 0.56711593672027039 0.23507689930372502 0.71170873479357177 0.015401558793629281 2.4808087916684807 0.07788319464966173 2.6075840886232231 0.0083449396471680613 -0.98366988625109331 0.37413098059349298 1.8753642504277483 0.034752868913742803 178.50000000000003
decision_type=2 2 2 8 8 8 8 10 8 2 8 10 2 10 10 10 10 8 10 2 8 10 2 2
left_child=1 2 4 -4 5 6 -1 -8 -7 -10 -5 12 14 18 15 -12 17 -17 -14 21 -21 -20 -15 -24
right_child=-2 -3 3 10 -6 8 7 -9 9 -11 11 -13 13 22 -16 16 -18 -19 19 20 -22 -23 23 -25
leaf_value=-0.00091325175574680554 -0.0022609980086461677 0.0044917003114216536 -0.0034933433665184444 0.0047739992549083125 -0.0043818976002360285 -0.00020520978995859551 -0.0030651646107152609 0.003124259763773638 0.0082905127876251126 0.0013925015565078463 -0.00094687726443730858 -0.0026664498519671882 -0.0055252557582435311 -0.0015722879569798223 -0.0040947229323218745 0.00063802659086169137 -0.0026286363194121028 0.0088523314776341542 -0.0071601691247790335 0.011493630599861382 -0.00013497170056108999 0.0024133663626253756 0.004518108414671998 -9.2538636237864382e-05
leaf_weight=192.25944498181343 169.33875249326229 51.059632040560246 111.44666889309883 35.608408257365227 28.428971096873283 34.230973355472088 27.715536169707775 169.10525152087212 58.822350554168224 33.759005978703499 270.87485086917877 122.65202747285366 35.069190301001072 40.939249090850353 85.620188131928444 25.168315276503563 27.806503176689148 32.202269963920116 19.23078478872776 11.022756159305571 12.246176883578302 15.155116841197012 152.09614262729883 60.300798766314983
leaf_count=1331 1315 341 864 259 205 243 182 1009 374 204 2014 990 276 330 765 160 167 208 155 72 104 113 1088 389
internal_value=3.51028e-05 0.000274434 0.000131657 -0.000441992 0.00124442 0.00157872 0.000671942 0.00221642 0.00427737 0.00590212 -7.20682e-05 -0.000276981 0.000102031 0.00130567 -0.000841093 -2.96583e-05 0.00281217 0.00546562 -0.00174502 0.000689111 0.00598604 -0.00305143 0.00243317 0.00322048
internal_weight=1822.16 1652.82 1601.76 1057.44 544.322 515.893 389.08 196.821 126.812 92.5814 945.993 910.384 787.732 346.06 441.672 356.052 85.1771 57.3706 92.724 57.6548 23.2689 34.3859 253.336 212.397
internal_count=13158 11843 11502 7954 3548 3343 2522 1191 821 578 7090 6831 5841 2527 3314 2549 535 368 720 444 176 268 1807 1477
is_linear=0
shrinkage=0.01


Tree=194
num_leaves=25
num_cat=0
split_feature=32 73 122 69 60 189 11 320 60 309 53 156 53 112 197 320 316 168 235 307 104 182 270 20
split_gain=11.5631 9.45358 11.7654 11.873 12.9479 12.1215 11.5014 11.7078 11.1522 11.6379 10.4097 10.1453 9.34003 9.22354 8.97578 8.91022 10.5634 12.503 11.864 11.7676 9.24523 8.68326 8.67479 8.64782
threshold=0.0014316399604838677 315.53479370826329 0.26025589624797435 -0.2680958641331363 35.71950744513169 -0.18160644656068822 0.50121577162652076 -0.11812735227136464 4.8280015741489004 -0.0032892139451757836 94.500000000000014 0.053750879308612207 71.500000000000014 95.500000000000014 -0.32954952144953481 -0.049668591766395993 -0.025072207529789312 159.50000000000003 0.0041343680292632076 -0.0046366743657284088 37.500000000000007 79.500000000000014 0.067118690815482232 1.1532480022213498
decision_type=2 2 10 8 2 10 10 2 2 2 2 10 2 2 10 2 2 2 2 2 2 2 2 10
left_child=1 2 13 -4 5 -5 10 12 -7 -10 15 -9 -8 -1 -13 16 20 -18 19 21 -3 -19 -2 -6
right_child=22 6 3 4 23 8 7 11 9 -11 -12 14 -14 -15 -16 -17 17 18 -20 -21 -22 -23 -24 -25
leaf_value=0.0010377749777538792 -0.0053030977248736746 -0.0029242389824906357 -0.0037989645473258732 2.5941891871424479e-05 -0.0027296732009686516 -0.00075188800403685736 -0.0083094083741931408 0.0062165502002068662 0.0016527066294585563 0.01534871878088802 -0.0034000822875828868 0.0047234730572012244 0.002262517357021529 -0.0021580582142711057 -0.0044023375472805734 -0.0015485566740288067 0.0099780732907839391 -0.0019412917953675589 0.00026972523908324361 0.0082671329131321965 0.0039189506840311694 0.0072131963330641135 -0.00055148910627732803 0.0031446675104279671
leaf_weight=615.98993048071861 65.371477514505386 40.667814910411835 145.37341036647558 99.198844522237778 185.11633526533842 13.626014567911623 28.588406801223755 22.338488884270191 11.303930848836899 14.027931429445744 26.750203862786293 12.875353299081324 9.7941526100039464 102.86884500086308 31.955874666571617 38.901836723089218 33.840843878686428 27.627867661416531 72.813347101211548 60.369070179760456 33.282939672470093 12.906423181295393 90.937799900770187 26.340593777596951
leaf_count=3876 688 278 1227 782 1489 104 251 166 88 106 170 102 71 617 246 263 231 183 471 397 211 83 873 200
internal_value=-2.82915e-05 0.000216725 -0.00024304 -0.00142576 -0.000413428 0.00194019 0.00144553 -0.0014113 0.00645728 0.0100558 0.00232142 0.00110804 -0.00561722 0.000572357 -0.00163497 0.0028279 0.00344567 0.00458861 0.00338935 0.00556177 0.000173546 0.00123175 -0.00260423 -0.00196123
internal_weight=1822.87 1666.56 1213.85 494.987 349.614 138.157 452.713 105.552 38.9579 25.3319 347.16 67.1697 38.3826 718.859 44.8312 320.41 281.508 207.558 173.717 100.903 73.9508 40.5343 156.309 211.457
internal_count=13173 11612 8489 3996 2769 1080 3123 836 298 194 2287 514 322 4493 348 2117 1854 1365 1134 663 489 266 1561 1689
is_linear=0
shrinkage=0.01


Tree=195
num_leaves=25
num_cat=0
split_feature=32 209 313 186 120 99 114 100 77 136 82 83 254 23 323 302 313 307 312 65 233 77 77 77
split_gain=12.9631 9.69724 10.4301 9.22083 11.9276 8.54099 8.93299 20.4448 12.2319 9.89798 12.9408 10.6435 11.2941 10.5042 9.76862 10.5296 14.7944 12.0895 9.15954 8.7526 11.2977 10.3672 13.4723 10.4106
threshold=0.0015637226134585292 0.80444664031620572 -0.052932983778469597 0.076712904581757058 1.1050885160424728 1.2577492900503946 0.71170873479357177 0.72973387752102048 1.8190566411685305 0.32339757506930766 0.33134055000409374 1.282798091272529 68.500000000000014 -0.40945686289158251 403.50000000000006 0.0052898193447226847 0.028785370146626698 0.0087722818427634942 0.17657343479024254 2.6768122202790265 0.87513213530655409 2.3784651080307007 2.5657074394955575 2.26328308317912
decision_type=2 2 2 10 10 10 8 10 10 2 8 10 2 10 2 2 2 2 2 8 2 8 10 10
left_child=5 2 -2 -4 -5 6 7 9 -9 11 -11 13 -13 -1 18 -16 -17 -18 19 20 21 23 -23 -8
right_child=1 -3 3 4 -6 -7 14 8 -10 10 -12 12 -14 -15 15 16 17 -19 -20 -21 -22 22 -24 -25
leaf_value=0.0020452968860007821 0.0043389273098322556 -0.0057245356150849224 -0.0061687552695193796 -0.0044027882316330707 0.0075335792827762316 -0.0041980537496238632 0.001453468637304839 0.00083785305869423974 -0.0029243113727312436 0.0059114379883824578 -0.0041581743995821588 0.00018765104915463888 0.0061286582996255704 -0.0034245625475333914 0.0013568345103422564 0.00099478201886178002 0.014105474658687753 0.0038399854055545801 0.0056274347364517656 -0.0011947025548971087 -0.0052622533424521558 0.0099739981912038735 0.0018199870024152571 -0.0068789824603253582
leaf_weight=112.79029608517885 27.097694985568523 59.473233237862587 33.213546611368656 14.828456170856954 13.125068493187426 37.247139491140842 83.580940283834934 120.25874961912632 291.82127199321985 13.675705209374426 54.632100760936737 48.768165826797485 93.317948684096336 47.550696067512035 247.12121250480413 45.365955412387848 21.802099160850048 27.787460014224052 27.52931685000658 276.84600389003754 19.468066401779652 28.906396716833115 61.859330363571644 15.301678746938704
leaf_count=664 253 618 342 140 128 334 496 775 2351 89 383 327 568 310 1688 293 138 190 200 2050 142 182 427 96
internal_value=0.000108942 -0.00270119 -0.000537987 -0.00281097 0.00134684 0.000361461 0.000472819 -0.00029774 -0.00182573 0.00139892 -0.00197245 0.00217497 0.00414014 0.000385591 0.00117768 0.00247986 0.00526792 0.00889216 0.000299373 -3.13371e-05 0.00149943 0.0022662 0.00465147 0
internal_weight=1823.37 147.738 88.2648 61.1671 27.9535 1675.63 1638.38 782.815 412.08 370.735 68.3078 302.427 142.086 160.341 855.568 342.077 94.9555 49.5896 513.492 485.962 209.116 189.648 90.7657 98.8826
internal_count=13184 1481 863 610 268 11703 11369 5467 3126 2341 472 1869 895 974 5902 2309 621 328 3593 3393 1343 1201 609 592
is_linear=0
shrinkage=0.01


Tree=196
num_leaves=25
num_cat=0
split_feature=253 101 109 10 20 118 120 102 118 194 189 123 161 108 161 310 213 76 196 307 158 125 303 310
split_gain=7.96409 10.0151 7.40978 10.2482 10.8625 10.4951 10.2993 8.78743 8.26085 11.8885 11.6677 7.98436 10.7105 9.81017 9.40092 7.73518 7.69319 7.4119 7.28213 7.16667 7.04872 10.3341 7.98248 6.63814
threshold=215.00000000000003 -1.0782824503450634 2.3487247349341756 2.0999749604778279 1.1191073177564022 154.50000000000003 0.97745826062666707 1.2690202641496808 114.50000000000001 0.043668954996186123 -0.42183624885502075 1.3037559528709568 0.039378693637037172 1.3645177348671844 0.065953144078144094 -0.65651920189412694 -0.14331000271534788 0.91314094306997262 0.56773440106773443 -0.005780354805755312 0.28926650316357871 1.0364457246931733 0.0035161958780335141 -0.60164666903816311
decision_type=2 10 10 2 10 2 10 8 2 8 10 10 8 10 8 2 2 10 8 2 10 8 2 2
left_child=2 -2 3 4 5 8 -5 19 11 10 -10 12 -1 15 17 20 -15 -14 -7 -4 21 22 -13 -17
right_child=1 -3 7 6 -6 18 -8 -9 9 -11 -12 13 14 16 -16 23 -18 -19 -20 -21 -22 -23 -24 -25
leaf_value=1.9154619044507417e-05 -0.00085593788476354918 0.009208091352687792 0.0080930550462891045 0.0041035285226476434 0.0078258719119552265 -0.0081876474899191792 -0.0050123968655231919 -0.003267822354880376 0.0007804679941562781 -0.00052635335530729511 0.011578130336853888 0.01002054074810774 0.009985924023597971 0.00037884625958447751 -0.00044995410176815599 -0.0070239019558968573 0.0090555817457713093 0.0016797534622515274 0.00062975585628000823 -0.00045415831449498395 -0.0043259084698565623 -0.0015924729759356103 -0.00050697074263781987 -0.0016036379844029899
leaf_weight=796.8924882337451 17.956109628081322 17.624940611422062 28.671063773334023 12.426710717380045 14.165416747331617 24.480897188186646 74.081533998250961 13.146605886518953 18.945142149925232 46.730512693524361 20.04609402269125 20.787397824227817 25.218706399202347 31.322255291044712 29.6655078753829 21.323614023625851 12.718155227601526 20.152345530688763 13.362123444676397 13.508930377662184 12.805561177432535 23.517623588442799 9.7266965284943563 500.07063563913107
leaf_count=5248 119 122 189 103 95 170 657 113 125 303 133 162 140 222 194 180 87 123 88 91 113 187 77 4096
internal_value=-8.86503e-05 0.00441514 -0.00018593 -0.000304128 -0.000123796 -0.000207108 -0.00360278 0.0033238 -7.79889e-05 0.00288943 0.00676513 -0.000252895 0.000366407 -0.00110635 0.00390606 -0.00145246 0.00330294 0.00663388 -0.00522285 0.00547726 0.00168926 0.00327748 0.00687709 -0.0018641
internal_weight=1819.35 35.5811 1783.77 1728.44 1641.93 1627.77 86.5082 55.3266 1589.92 85.7217 38.9912 1504.2 871.929 632.272 75.0366 588.232 44.0404 45.3711 37.843 42.18 66.8373 54.0317 30.5141 521.394
internal_count=13137 241 12896 12503 11743 11648 760 393 11390 561 258 10829 5705 5124 457 4815 309 263 258 280 539 426 239 4276
is_linear=0
shrinkage=0.01


Tree=197
num_leaves=25
num_cat=0
split_feature=5 122 160 149 122 11 147 69 105 183 62 149 272 304 106 53 304 27 128 136 230 124 15 28
split_gain=9.12704 8.80547 11.5442 10.6509 10.3393 8.88564 8.99314 11.4546 9.99754 9.38239 8.67414 8.35111 9.8127 7.95933 7.74647 12.1501 9.69387 8.60028 8.24762 11.4277 7.71556 7.34718 7.13345 10.555
threshold=-2.908964877275698 -0.036444640190500595 0.035912789805005375 0.26401991614255771 -0.050544851998469871 0.71515915193318114 0.1461861667744021 0.41942247597798948 1.4420521659080172 -1.2120300489676852 320.50000000000006 0.14488471836364708 0.021934246318609039 0.024715861459301495 0.73407260886210179 32.500000000000007 0.011952932338808011 0.69608675388661412 1.5325459272379895 0.16480757984845282 261.50000000000006 2.5000000000000004 -0.49491464523895901 0.22642238488233066
decision_type=2 8 8 8 10 10 10 10 10 10 2 10 2 2 10 2 2 2 10 2 2 2 2 2
left_child=-1 4 -3 5 -2 6 7 14 9 -8 21 -9 -13 -7 22 17 -17 -16 -19 -20 -5 -11 -4 -24
right_child=1 2 3 20 -6 13 8 11 -10 10 -12 12 -14 -15 15 16 -18 18 19 -21 -22 -23 23 -25
leaf_value=-0.0030984825028825902 0.0010234641295017619 -0.0030376984566827347 -0.0038326281555560089 0.002042283686191226 0.0088867572855276522 -0.0079636130797363699 0.0082319188300578518 -0.0019449852691081047 0.0091073763648936504 -0.0018283904222837555 -0.005757885249065329 0.012007344246506926 0.00051950649562599173 0.0015614348284931844 -0.0067495859872799095 0.0087994525204692694 -0.0015396291718336203 -0.0021657244825928549 -0.0022220361032859255 0.011344842513494045 0.010630518905458497 0.001352134286767309 0.0042002013149511517 -0.0036754597616269155
leaf_weight=80.188910409808159 604.39572034776211 127.13024093955755 164.60262694954872 47.719736762344837 14.473221577703951 23.369202390313148 13.192274346947668 15.868732608854769 11.797227792441843 87.417187608778477 18.70152360200882 13.425928115844728 14.546782471239565 11.728548519313334 21.347276836633682 21.924626193940639 12.902819626033304 44.790454566478729 10.149002961814405 10.23598153144121 11.547550320625303 369.1857422888279 29.977936767041683 32.48974871635437
leaf_count=788 3694 1027 1394 362 92 213 87 129 69 683 125 96 99 105 172 157 101 388 86 87 76 2562 250 271
internal_value=0.000139717 0.000294968 -0.00023579 0.000131798 0.00124875 -0.000135155 6.49915e-05 -0.00106315 0.000952544 0.000702037 0.000443268 0.00359796 0.00666465 -0.00487542 -0.00167688 0.000352068 0.00511496 -0.00165545 0.000210403 0.00510116 0.00414152 0.000733481 -0.00275654 0.000106858
internal_weight=1813.11 1732.92 1114.05 986.921 618.869 927.654 892.556 392.262 500.294 488.497 475.304 43.8414 27.9727 35.0978 348.42 121.35 34.8274 86.5227 65.1754 20.385 59.2673 456.603 227.07 62.4677
internal_count=13113 12325 8539 7512 3786 7074 6756 3230 3526 3457 3370 324 195 318 2906 991 258 733 561 173 438 3245 1915 521
is_linear=0
shrinkage=0.01


Tree=198
num_leaves=25
num_cat=0
split_feature=5 5 5 181 120 162 226 11 302 144 108 145 157 28 71 108 239 144 109 196 234 217 129 132
split_gain=10.2227 8.40594 8.63931 10.1262 7.48844 11.4784 11.5734 11.4242 11.0318 8.79264 10.3304 13.0392 10.188 12.4365 10.1135 9.01488 8.9348 9.713 12.0032 8.14417 7.94405 11.1937 9.30446 8.27152
threshold=-2.9049753419851929 -2.8712440139818409 -2.8935132521978844 0.054460838240686822 0.62097112523439313 1.0000000180025095e-35 0.04094565195696865 0.56191740169546167 0.019430565147955429 0.0051948402417962012 0.22649738235189765 0.14751149899752333 0.12827368709721654 0.22460142237018507 1.9994593331469905 1.5496582370002019 0.42560397385075488 0.0078278186274509821 1.4088891440721518 0.42882472137791289 0.078444409678765134 0.7746865810246093 1.4560529405283051 0.0075815054950108072
decision_type=2 2 2 2 8 10 2 10 2 8 8 10 8 2 10 10 8 8 8 10 2 2 8 2
left_child=-1 2 -2 -4 5 8 -7 9 -3 12 14 16 13 -6 -11 -14 -12 18 -18 -20 22 -22 -9 -24
right_child=1 4 3 -5 7 6 -8 20 -10 10 11 -13 15 -15 -16 -17 17 -19 19 -21 21 -23 23 -25
leaf_value=-0.0025564408768024372 -0.00075240697857792166 -0.0011349150123409753 0.0081773130713381111 0.0019059137146041861 0.0064254864785564057 -0.00046529577342954628 0.011126422158652128 -0.0061448607164942236 0.0046895220647110219 -0.0028562777353804743 0.0065488060474530162 0.0065963726496723243 -0.0043710041997070837 -0.0021948544308817678 0.0050055421370027095 0.0035636408622350632 -0.0029359796078632038 1.4933977736030437e-05 0.011022314001118361 0.0016330628860110399 0.006788284122343855 -0.0031397663353995653 -0.0029583113573314846 0.0046885695357403211
leaf_weight=138.86459504812956 96.141647040843964 110.66334214806557 27.899062782526016 187.04443633556366 25.439679741859436 13.190759330987929 20.066345803439617 74.486617088317871 42.721257604658604 128.75897140055895 21.986757256090641 36.710344672203064 115.91107431799173 38.349164836108685 15.978779055178164 13.983617193996905 14.369989171624182 550.33847059309483 20.947170063853264 17.445699736475945 16.993475131690502 23.801993303000927 51.943448446691036 16.253627389669418
leaf_count=1365 787 711 144 1021 193 83 119 601 259 912 147 207 924 291 117 106 113 3872 153 125 129 186 457 143
internal_value=2.25669e-05 0.000240113 0.00171632 0.0028206 -9.71264e-05 0.00174817 0.00682597 -0.000392426 0.00053663 2.99898e-05 0.00049159 0.00102246 -0.00186639 0.00135523 -0.00190186 -0.00345122 0.000665146 0.00041929 0.0044025 0.00718675 -0.00266596 0.00114531 -0.00376369 -0.00100698
internal_weight=1820.29 1681.43 311.085 214.943 1370.34 186.642 33.2571 1183.7 153.385 1000.22 806.536 661.798 193.684 63.7888 144.738 129.895 625.088 603.101 52.7629 38.3929 183.479 40.7955 142.684 68.1971
internal_count=13165 11800 1952 1165 9848 1172 202 8676 970 7160 5646 4617 1514 484 1029 1030 4410 4263 391 278 1516 315 1201 600
is_linear=0
shrinkage=0.01


Tree=199
num_leaves=25
num_cat=0
split_feature=46 118 270 99 83 83 105 120 272 114 311 123 71 147 69 258 191 191 9 105 312 121 147 232
split_gain=9.07576 9.85669 11.458 8.54912 11.9372 11.7446 10.6589 12.723 9.20198 10.7636 12.9201 10.2332 10.541 11.1271 13.2541 9.54925 11.2351 8.75483 12.147 11.2854 8.60565 9.14215 10.0808 8.91517
threshold=1.0000000180025095e-35 20.500000000000004 0.054133196238459406 1.2577492900503946 3.5013525619451138 3.0738447926172645 1.3997196495424571 0.91509928717726463 0.11159550484372684 0.97490369833359791 -0.29691669107991314 0.52057875608898263 1.2661053434956357 0.15721897228859413 0.17940562634284771 -0.53523849766292175 -0.6285866356291393 -0.30602551378508086 1.0558226297709734 1.134171490328989 -0.34248571751668161 -0.26585785275209878 0.24004662004662006 2.3306131697994936
decision_type=2 2 2 10 10 10 10 10 2 8 2 8 10 10 10 2 8 10 2 8 2 10 10 2
left_child=3 -2 -3 4 5 6 8 -8 9 11 -11 -1 15 14 -14 16 -13 -12 19 -19 -15 22 -22 -24
right_child=1 2 -4 -5 -6 -7 7 -9 -10 10 17 12 13 20 -16 -17 -18 18 -20 -21 21 -23 23 -25
leaf_value=0.0017498395661633777 -0.0065344478744067958 -0.0053738626287263324 0.00075474174137421036 -0.0044129633752214171 0.0074545862056062031 -0.0045254076935257528 0.011036477252399536 0.00125140491255326 -0.0029929380970426583 0.0060482190908495714 -0.0032855476516329492 -0.0019006074090636884 -0.0026158535303872437 -0.00017429449934749559 0.0032547371634350521 -0.0049641180489505858 0.0066162249893641171 0.00097962534615386732 -0.0021571225496174813 0.012738417701358433 0.00044658131745745267 0.0097478906585894438 0.0076462301302126466 -0.00086476533055394737
leaf_weight=284.8144688680768 36.498960316181183 38.68592070043087 112.26520847529173 35.689876593649387 20.496764309704304 47.085229746997356 17.172593094408512 43.036366730928421 80.762339822947979 68.000198125839233 36.708350226283073 86.565503194928169 210.2013079598546 278.76929239928722 44.251695714890957 83.707284726202488 15.887157022953032 17.751701079308987 25.87734941393137 13.499212898314001 149.2421260997653 13.349229097366331 41.219645716249943 16.053934819996357
leaf_count=1611 391 406 1043 322 143 339 111 307 582 421 265 631 1750 1834 330 672 112 125 197 88 1008 102 250 98
internal_value=0 -0.00206707 -0.000879577 0.000240573 0.000353032 0.000246649 0.000402599 0.00442977 0.000228347 0.00042253 0.00282301 9.85305e-05 -0.000404901 0.000123279 -0.00156632 -0.00251668 -0.000427467 0.000366335 0.00277421 0.00672676 0.000991483 0.00245749 0.00185555 0.00531563
internal_weight=1817.59 187.45 150.951 1630.14 1594.45 1573.95 1526.87 60.209 1466.66 1385.9 161.837 1224.06 939.247 753.087 254.453 186.16 102.453 93.8366 57.1283 31.2509 498.634 219.865 206.516 57.2736
internal_count=13138 1840 1449 11298 10976 10833 10494 418 10076 9494 1096 8398 6787 5372 2080 1415 743 675 410 213 3292 1458 1356 348
is_linear=0
shrinkage=0.01


Tree=200
num_leaves=25
num_cat=0
split_feature=100 83 114 65 299 192 276 304 109 259 34 95 259 152 146 109 107 302 196 35 109 109 99 88
split_gain=9.45493 13.5945 10.9989 10.9414 10.7566 10.4528 9.85992 9.75847 11.3322 20.4412 9.7478 9.34057 11.9647 9.20774 11.4879 11.1644 11.0735 10.1612 11.4621 10.5581 9.66626 11.8533 9.05899 9.00052
threshold=0.67990093796261097 1.9185037010905406 0.71170873479357177 1.6652402419624079 0.047536045041545245 1.8418304100924601 13.072222214189262 0.0048807118361645094 0.61938166623428181 -0.5315594020215535 0.13515714411479887 -1.6875103094497264 -0.90317088276277124 0.12185120558375635 0.064585650723025592 1.6620855197605064 -0.16968439073206368 0.0047638552699006834 0.22508278145695368 0.0052390330261505641 1.42541270862765 1.9359330962660362 1.2242135538382042 0.46061405592183674
decision_type=10 10 8 10 2 8 2 2 8 8 2 10 8 10 10 10 10 2 10 2 8 10 10 8
left_child=1 5 3 4 7 6 -1 8 -2 -10 -9 -4 -13 15 20 17 -17 18 19 -14 -15 -22 -23 -19
right_child=2 -3 11 -5 -6 -7 -8 10 9 -11 -12 12 13 14 -16 16 -18 23 -20 -21 21 22 -24 -25
leaf_value=0.00098287679336062105 -0.0032029132213785005 0.0084190019583416618 -0.0032149099339368837 -0.00224195392231828 -0.0046979850849431142 -0.005446711895357682 0.0081388179237964885 0.0095333197247641725 0.0085575814184605924 -0.0034762675235678782 0 0.0074521237413317093 -0.0069991322492160045 0.0084783113394227387 -0.0060137368678458382 -0.0021757506110018717 0.0036228670181790434 0.0074917158650951669 4.3064199959004615e-05 0.0010239340434464357 -0.0059770535927605927 0.0047241190419655991 -0.0029119030713689281 0.0010294742541978074
leaf_weight=241.32831406593323 48.793363071978092 24.57099137455225 62.93690387904644 396.67648912221193 27.027858570218086 20.253341034054756 18.29547818005085 24.317202284932137 29.085820354521275 22.986247345805168 17.401195108890533 22.609434090554714 48.09526763856411 9.2827409356832487 42.238704085350037 37.075498037040234 201.09013545513153 22.731822356581688 240.72077850997448 22.926794499158859 28.851676195859909 34.194088838994503 24.10651071369648 150.2885656952858
leaf_count=1518 348 151 446 3168 198 147 114 177 182 164 114 137 380 87 372 266 1291 154 1727 167 266 279 212 1091
internal_value=8.59568e-05 0.00168575 -0.000237751 -0.00133716 0.000775138 0.0010124 0.00157362 0.00189106 0.000154589 0.00332202 0.00578927 0.000420538 0.000689909 0.000487388 -0.00184608 0.000941865 0.00270099 6.48276e-05 -0.00100963 -0.00445573 8.90132e-05 -0.00103272 0.00156161 0.00199153
internal_weight=1817.89 304.448 1513.44 566.288 169.612 279.877 259.624 142.584 100.865 52.0721 41.7184 947.149 884.212 861.603 138.674 722.929 238.166 484.763 311.743 71.0221 96.435 87.1523 58.3006 173.02
internal_count=13156 1930 11226 4351 1183 1779 1632 985 694 346 291 6875 6429 6292 1216 5076 1557 3519 2274 547 844 757 491 1245
is_linear=0
shrinkage=0.01


Tree=201
num_leaves=25
num_cat=0
split_feature=99 109 3 109 268 83 36 150 289 188 83 83 181 313 240 232 315 315 219 132 121 150 207 174
split_gain=10.7469 12.7266 9.88495 14.3799 11.4564 10.994 13.572 10.7694 13.0959 10.5821 9.60547 11.3313 9.40682 9.57836 9.56753 10.5226 8.80902 8.72602 8.158 12.7587 8.4763 9.63362 8.13754 8.12971
threshold=1.2991274216249038 2.3175888047283166 2.5184403364723793 1.5195776906739467 0.33223355788126285 1.3274294380532419 0.028447945815215196 0.048826334128002941 -0.12226256498321735 0.192484121383204 2.879306243594161 3.4364077844791914 0.14085597174377537 -0.0055728088336783983 0.40922537488927863 1.8353839705547534 -0.12640654480613642 -0.058382358166945335 0.012848024650599759 0.0070032104007994337 -0.72089224167704191 0.11218730456535336 -0.23842907185346146 70.966805555555567
decision_type=10 10 2 10 2 8 2 8 2 10 10 10 2 2 2 2 2 2 2 2 10 10 2 10
left_child=1 2 3 7 -5 -4 18 12 -9 -8 -3 -12 14 -14 15 16 -1 -16 -7 22 21 -21 -20 -15
right_child=-2 10 5 4 -6 6 9 8 -10 -11 11 -13 13 23 17 -17 -18 -19 19 20 -22 -23 -24 -25
leaf_value=0.0015956223481016195 -0.0053786831409249978 0.010642722936145741 -0.0034106383609040477 -0.00045014601870203938 0.010409936667769799 -0.001185112645619881 -0.0038182092533423717 0.0053297726580860917 -0.0022208659435719682 0.0030451985261579291 -0.0027336559086104727 0.0083352521018448342 0.00073640459615817043 0.0018733352086341085 0.005122251138738868 -0.004374491812857477 -0.0043012091847750237 -0.0021199297383153212 -0.0069140001271083117 0.0051577481372959404 0.010452931664532773 -0.0040645636193681204 0.0013055589962600222 0.012020796160493421
leaf_weight=186.44004179537296 32.316832281649113 16.660672634840012 115.36810925602913 14.290527574717997 25.045800246298313 664.79915133118629 23.228110425174236 23.555675618350506 176.20374412089586 170.03334809839725 21.360073879361153 12.208445198833941 31.198662549257278 14.181485056877134 73.108438640832901 44.928916230797768 26.415880903601646 19.355404146015644 17.959025852382183 31.18587651103735 15.533351689577101 14.360986158251761 26.523921631276608 20.452372461557388
leaf_count=1145 300 111 938 82 147 5100 177 168 1341 1157 145 82 191 83 444 291 178 134 141 218 126 118 203 124
internal_value=9.57274e-05 0.000203829 5.55299e-05 0.00102245 0.006676 -0.000531804 -0.000177084 0.000630707 -0.00126327 0.00217178 0.00502783 0.00160043 0.00154481 0.00493605 0.000869953 -0.00012579 0.000812124 0.00357765 -0.000773465 0.00177275 0.00465644 0.00216116 -0.00220737 0.00834962
internal_weight=1816.71 1784.4 1734.17 655.177 39.3363 1078.99 963.624 615.841 199.759 193.261 50.2292 33.5685 416.081 65.8325 350.249 257.785 212.856 92.4638 770.362 105.563 61.0802 45.5469 44.4829 34.6339
internal_count=13144 12844 12506 4328 229 8178 7240 4099 1509 1334 338 227 2590 398 2192 1614 1323 578 5906 806 462 336 344 207
is_linear=0
shrinkage=0.01


Tree=202
num_leaves=25
num_cat=0
split_feature=271 294 304 205 193 177 154 144 109 156 128 116 39 234 309 109 126 160 23 177 141 71 190 284
split_gain=12.116 10.7695 12.5243 9.75241 11.2444 9.64993 10.7265 9.38753 10.9132 9.61682 8.75819 10.1375 10.215 16.324 8.27043 8.44448 8.15475 10.4584 9.24557 8.00961 7.94347 9.65386 7.5155 7.45174
threshold=0.067822972005887092 -0.13667565238805349 -0.089293608690160439 -0.26318022220737081 0.8744747899159665 7.5007761277078666 0.0099108125098224132 1.0000000180025095e-35 2.3487247349341756 0.0099875311720698263 -0.38912651606816734 -0.87538753498706556 0.080019286403085838 0.10089731208755835 0.014499394946358215 1.7588197241736621 0.49926365158955704 0.11946244871261226 -0.22436144089313484 7.0890871846169583 0.030748151656052141 1.5355940089790749 3.5000000000000004 0.036367436910915159
decision_type=2 2 2 2 8 8 10 8 8 8 10 10 2 2 2 10 10 10 8 10 2 10 2 8
left_child=3 2 -2 14 5 19 -7 9 10 -3 -9 -12 13 23 16 -16 18 -18 -1 -5 21 -21 -20 -13
right_child=1 7 -4 4 -6 6 -8 8 -10 -11 11 12 -14 -15 15 -17 17 -19 22 20 -22 -23 -24 -25
leaf_value=0.0062498807234972042 -0.0016968740652225356 0.0030680159206852614 0.0063681276146371627 0.0048679976508593419 -0.0038109525868991489 0.0077064116893946774 -0.003076969753706897 -0.0033773713066011257 0.0062747775408427972 -0.0035117695054033937 0.0060861049315630378 0.0015586026491864644 -0.00098485708693515006 0.0099775913338546861 -0.0068187995618208342 0.0010183707480076374 -0.005713602012771604 0.0016153536065184187 0.0060802217248988408 -0.0038797382413862215 -0.0056321123414819919 0.0046733397019659718 -0.0021553131979756795 -0.00072624893337188952
leaf_weight=19.286258280277252 26.368784911930561 25.22655463963747 58.363903999328613 21.827111594378948 46.056816816329956 36.739761807024479 10.163462333381174 56.093230955302715 29.46504769474268 108.84405312687159 29.645677700638771 452.08557947725058 345.79496604204178 17.396833494305611 63.997293762862682 16.187000550329685 63.229648075997829 25.844396166503429 10.11979743093252 21.256632089614868 27.954091019928455 26.348206162452698 74.096858434379101 205.28914492577314
leaf_count=156 177 177 388 175 399 278 83 398 187 823 175 3065 2350 121 567 142 532 222 83 164 248 194 624 1414
internal_value=2.13483e-06 0.000480276 0.00387313 -0.00138865 0.000342696 0.00172338 0.00530718 0.000244948 0.000542627 -0.00222838 0.000373369 0.00058323 0.000405946 0.00112131 -0.00259161 -0.00524381 -0.00142196 -0.00359194 0.000482083 -9.40687e-05 -0.00166481 0.000830757 -0.000988001 0.00084349
internal_weight=1817.68 1354.57 84.7327 463.107 190.346 144.289 46.9032 1269.84 1135.77 134.071 1106.31 1050.21 1020.57 674.772 272.761 80.1843 192.577 89.074 103.503 97.386 75.5589 47.6048 84.2167 657.375
internal_count=13142 9275 565 3867 1541 1142 361 8710 7710 1000 7523 7125 6950 4600 2326 709 1617 754 863 781 606 358 707 4479
is_linear=0
shrinkage=0.01


Tree=203
num_leaves=25
num_cat=0
split_feature=121 105 137 232 27 253 11 147 118 161 295 65 211 211 61 148 81 103 266 303 273 157 61 272
split_gain=7.75639 8.82742 13.8624 11.1363 10.9643 10.8333 11.7613 10.3876 10.4573 11.1929 10.1907 10.1475 10.2294 17.0418 8.91145 8.6803 9.86162 10.938 9.78759 10.5948 11.0291 12.0987 8.85641 8.65067
threshold=-2.2749236555014396 0.22340093594002777 0.10707768529912377 0.98086897047011734 0.71740969616714489 211.50000000000003 0.70524050297330809 0.1461861667744021 154.50000000000003 0.0030349083540572907 0.050678774536610245 1.9487449371788395 0.0052770815928710668 0.01465221124946329 279.97857963378368 0.26094325718496686 1.3887417712346466 0.59915541561384844 1.5010729613733906 0.0012459811876928603 3.1484527147313659 0.28207293832293839 282.83918111838688 0.025838089074555658
decision_type=8 10 2 2 2 2 10 8 2 8 2 8 2 2 2 8 10 10 2 2 10 10 2 2
left_child=23 3 -3 14 -5 6 7 10 9 -9 -4 12 -6 -14 -2 16 17 22 -19 -20 -21 -22 -11 -1
right_child=1 2 5 4 11 -7 -8 8 -10 15 -12 -13 13 -15 -16 -17 -18 18 19 20 21 -23 -24 -25
leaf_value=-0.0025431346738091797 0.00026306930765588324 0.0059197772203454201 0.0061153730132810155 0.0014997404928067076 -0.0031936694862702009 0.0061399094321296669 -0.0041671722523795862 -0.0022344575533385365 -0.004936466289362053 1.644116070859095e-05 -0.0014052780095961518 -0.0049592260330981203 0.0071981603261506537 -0.0022833661767348136 0.0078843652581543095 0.0045159470076321382 0.0080043144069913176 0.0073325510525804084 -0.00080605814551748425 -0.0028040972907608448 0.0061973212556184452 -0.001160820238063721 0.008314542749251504 0.006505404237911217
leaf_weight=12.953260928392409 81.964424185454845 40.273813925683498 16.075256399810314 69.877641052007675 107.83547355979681 26.644956089556217 61.178753167390823 83.448518238961697 26.480622716248035 21.281442739069462 384.92390218377113 127.77886987477541 28.929411135613918 44.414353124797344 16.186554796993732 85.978996954858303 17.378952316939831 16.704046681523323 345.99457736313343 28.184446342289448 71.688400261104107 30.479311190545559 30.688383333384991 33.22772591561079
leaf_count=96 551 266 128 507 771 179 500 577 174 124 3153 1069 185 301 101 560 105 106 2399 183 479 213 162 220
internal_value=2.2375e-05 -8.59404e-05 0.000344243 -0.00124429 -0.00202106 0.00015034 4.80021e-06 0.000235479 0.000923476 0.00115515 -0.0010604 -0.00282701 -0.00126442 0.00157216 0.00171634 0.0016008 0.0011329 0.000871584 0.000395879 0.0001085 0.00250902 0.00402055 0.00511188 0.00394648
internal_weight=1810.57 1764.39 1287.4 476.987 378.836 1247.13 1220.49 1159.31 758.308 731.827 400.999 308.958 181.179 73.3438 98.151 648.379 562.4 545.021 493.051 476.347 130.352 102.168 51.9698 46.181
internal_count=13109 12793 9308 3485 2833 9042 8863 8363 5082 4908 3281 2326 1257 486 652 4331 3771 3666 3380 3274 875 692 286 316
is_linear=0
shrinkage=0.01


Tree=204
num_leaves=25
num_cat=0
split_feature=153 93 138 128 149 28 21 109 109 294 3 200 11 288 59 91 317 267 156 288 236 200 117 126
split_gain=8.99039 15.0882 11.0663 11.9866 11.8652 11.5728 10.7995 16.434 11.927 11.1622 9.22918 12.7502 10.5397 12.9819 11.8843 10.9676 9.61188 9.2027 9.17574 9.8844 8.93243 8.92386 8.84413 9.06247
threshold=0.049443833272216117 -0.050420772771041317 0.18619365940829971 1.1153281437730718 0.21328431372549023 0.24434708694429533 0.23707008905035606 1.5128385791993686 1.2469916402469974 -0.1333807416772019 2.4806692090868636 1.4242645993675664 0.48238269448237542 -0.003031451742596549 3.2386986740266965 25.995292445654357 -0.0025078379763712913 0.78774560371119862 0.14434342614389697 -1.0000000180025095e-35 0.43133512947163605 1.4061114518197084 1.2192357439006514 0.59345909455907819
decision_type=10 10 2 8 8 2 10 10 10 2 2 2 10 2 10 2 2 2 10 2 2 2 10 8
left_child=1 6 3 -3 -4 -6 8 -8 9 -1 11 -10 13 14 15 -12 -15 -16 22 -20 -9 -14 -18 -24
right_child=-2 2 4 -5 5 -7 7 20 10 -11 12 -13 21 16 17 -17 18 -19 19 -21 -22 -23 23 -25
leaf_value=0.004083056634886886 -0.002872559459784243 0.013236897484820933 -0.0029672375512095712 0.0034730721200086348 0.0069990997868992948 -0.0036252330292165843 -0.0044106569159934527 0.0021805431408478786 0.0021931621331981307 -0.00050170091952901987 0.0022146382048118373 0.010918420404910213 -0.0066227240635253898 -0.0057282596642059683 -0.0033869964072671061 0.010816754555988633 -0.0036472631920485155 0.0059353505340185003 0.010983790680682701 0.0012479300966770422 -0.0022509372279041159 0.0012228010404796311 0.0073041083127300599 -0.0012605370877162201
leaf_weight=53.905125893652439 89.206485442817211 16.011378385126591 40.10297591984272 49.344159483909607 34.800654247403145 11.922438383102415 123.46171343326569 103.53554577380419 60.085411950945854 820.94325346499681 28.068715743720531 21.804004520177841 27.034063413739204 21.253189228475094 24.426545672118664 34.65564963966608 47.148758992552757 14.462631382048128 13.550272695720194 31.867230944335461 76.568909749388695 26.367541424930096 18.225029565393925 27.85802610963583
leaf_count=363 823 112 296 352 235 87 1142 825 350 5798 174 124 200 138 156 199 316 91 81 212 598 194 101 172
internal_value=0.000172003 0.000334272 0.00331109 0.00633162 0.000897669 0.00421529 4.05998e-05 -0.00164443 0.000446406 -0.000205753 0.00187801 0.00481643 0.00107451 0.00190489 0.00464698 0.00724549 0.000105467 0.000223731 0.00110389 0.00464908 0.000285341 -0.00286484 -0.000699014 0.00233339
internal_weight=1816.61 1727.4 152.182 65.3555 86.8261 46.7231 1575.22 303.566 1271.66 874.848 396.807 81.8894 314.918 261.516 101.614 62.7244 159.903 38.8892 138.649 45.4175 180.104 53.4016 93.2318 46.0831
internal_count=13139 12316 1082 464 618 322 11234 2565 8669 6161 2508 474 2034 1640 620 373 1020 247 882 293 1423 394 589 273
is_linear=0
shrinkage=0.01


Tree=205
num_leaves=25
num_cat=0
split_feature=76 11 282 323 162 287 40 282 118 95 61 154 136 126 149 95 149 28 157 81 72 115 157 66
split_gain=7.86566 12.2249 11.0618 12.7077 13.6901 12.2441 11.8413 10.9633 11.8275 13.3144 10.816 8.91247 13.3803 11.0707 14.1854 9.99041 8.22374 8.08879 7.93069 10.369 9.03454 9.60346 7.91877 8.106
threshold=0.80655261278894375 0.45567614568355391 -0.03278462719595357 100.50000000000001 0.0052424729631309185 0.036633791545052259 0.0081348080922669704 -0.04315966464577884 72.500000000000014 -1.3526882309381452 345.15852804371548 0.019116981657443185 0.18803755035068964 0.53524044497202949 0.12198039444509279 -1.2939573474391537 0.11512051460900567 0.25170846370584854 0.24327612283816666 0.77570209068504681 -388.96452374988064 -0.53584966079754481 0.055867665418227221 -14.007064329680247
decision_type=10 10 10 2 10 2 2 8 2 10 2 10 2 8 10 10 10 2 8 10 2 8 10 2
left_child=2 11 7 5 6 10 18 8 9 -1 -4 15 17 -14 -15 16 -2 -13 -5 20 -20 -22 -17 -24
right_child=1 -3 3 4 -6 -7 -8 -9 -10 -11 -12 12 13 14 -16 22 -18 -19 19 -21 21 -23 23 -25
leaf_value=0.0061005067990332097 0.00028062973068925201 -0.0021866319779626168 0.011996236810503555 -0.0048182541986715567 0.005305166345065726 -0.0016570711037749086 0.0038408716072115862 -0.0057443270615771839 0.0073466866778211749 -0.0041999761670823074 0.0016141223377370748 -0.001686705346965761 0.010957881406302925 -0.00086761469453881714 0.0073457033220732824 0.0059515742271549496 -0.0038397847802665603 0.0049092058937812511 0.0038721769345083021 0.007709243273206756 -0.0022275099184176942 0.0043232753423528983 0.0052198042041337227 -0.00024777240266312203
leaf_weight=14.121497035026549 77.101677395403385 295.72650723159313 27.44349081069231 36.96688000112772 60.267453618347645 14.956266164779661 69.935860462486744 40.731562487781048 16.492870800197124 45.929278828203678 16.863531656563282 94.100606486201286 18.835340738296509 47.035332426428795 34.179624892771244 21.150374867022038 123.91109614819288 20.151700906455517 35.962243221700191 13.448874391615389 172.44604990631342 22.897094421088696 25.927875928580761 467.88285430520773
leaf_count=84 529 2589 170 269 368 96 427 272 98 320 105 678 124 309 242 157 919 139 216 84 1119 169 172 3479
internal_value=2.96859e-05 -0.000425795 0.000977831 0.00166194 0.00101549 0.00588704 0.000240848 -0.00173667 0.000512451 -0.00159553 0.00840147 0.000137828 0.00191371 0.00453088 0.00270839 -0.000397777 -0.00227249 -0.000423831 -0.000678707 -1.29975e-06 -0.000542014 -0.00140361 0.000340508 6.54832e-05
internal_weight=1814.47 1226 588.463 471.188 411.924 59.2633 351.657 117.275 76.5436 60.0508 44.307 930.276 214.303 100.05 81.215 715.974 201.013 114.252 281.721 244.754 231.305 195.343 514.961 493.811
internal_count=13134 9337 3797 3023 2652 371 2284 774 502 404 275 6748 1492 675 551 5256 1448 817 1857 1588 1504 1288 3808 3651
is_linear=0
shrinkage=0.01


Tree=206
num_leaves=25
num_cat=0
split_feature=153 153 20 153 114 120 107 40 307 61 314 220 181 222 87 157 88 174 260 260 57 186 93 82
split_gain=8.54238 14.9315 11.4274 11.2637 11.1104 14.725 11.8741 11.8147 10.5475 9.96494 10.0241 10.4533 9.68913 10.9802 12.3317 10.0477 13.6204 11.475 9.57218 13.1551 9.56819 9.53238 9.42189 9.18932
threshold=0.049443833272216117 0.045084975438992723 1.0800916303881238 0.01564247762863535 0.72620955713536361 0.80910960197290394 0.1248982498893368 0.0065595284196032881 -0.012160254072530704 861.69126892399993 -0.010357330587112067 0.19967320261437912 0.047403579016179122 164.50000000000003 1.6478408691177286 0.42166958432018681 0.8150767777301563 77.257500000000007 0.55504112266426142 0.37608372787567473 0.21464991896919081 0.080145985401459868 -0.41517692871853001 0.67774733370011997
decision_type=10 10 10 8 10 8 10 2 2 2 2 2 2 2 10 10 8 10 10 10 10 10 10 8
left_child=1 2 3 4 5 12 21 18 -8 10 -9 -12 -1 14 -14 16 17 -15 19 -6 22 -7 -10 -4
right_child=-2 -3 23 -5 7 6 8 9 20 -11 11 -13 13 15 -16 -17 -18 -19 -20 -21 -22 -23 -24 -25
leaf_value=0.0047306074732798896 -0.0029534374166473665 0.0096376068721067826 0.00061838422339889826 -0.0024528621181779359 0.00032241865503791805 -0.0045480596996573036 -0.0029395957027216623 9.1354598652967754e-05 0.00038216732854566728 -0.0024431004026124171 -0.00088510880549262335 0.0080585015397337187 0.0005468114644734389 0.00324301100193997 -0.0038415934382465206 -0.0025046450812774269 -0.00096226484193198463 0.011472355772146375 -0.0061641342610433024 0.006912176184489487 -0.0018283932983531831 -0.00092773634142217078 0.011790090256449028 0.010782069933561914
leaf_weight=48.33714559674263 90.18638526648283 13.61656156927347 19.100809663534164 172.6495760306716 448.8945858925581 159.3922480866313 28.991066344082355 33.296436361968517 11.902533754706381 20.272429011762142 14.919061109423636 72.833148621022701 161.91937874257565 76.105329938232899 102.1094594374299 37.330628216266632 51.672002270817757 20.886906988918781 17.906445913016796 29.716539859771729 14.486488081514834 136.58864203840494 17.297225408256057 14.841772660613058
leaf_count=329 836 115 132 1492 3024 1323 230 220 90 134 104 453 1043 463 708 234 339 124 129 199 115 1076 126 95
internal_value=-1.00947e-06 0.00015736 6.55005e-05 -5.47101e-05 0.000223858 -0.000511819 -0.00201993 0.00122328 0.00154661 0.00374525 0.00482204 0.00654674 0.000606901 0.000134849 -0.00116938 0.00198136 0.00314033 0.00530128 0.000486226 0.000772035 0.00454317 -0.00290544 0.0076176 0.00557946
internal_weight=1815.25 1725.07 1711.45 1677.51 1504.86 867.019 368.658 637.839 72.6773 141.321 121.049 87.7522 498.361 450.024 264.029 185.995 148.664 96.9922 496.518 478.611 43.6862 295.981 29.1998 33.9426
internal_count=13133 12297 12182 11955 10463 6200 2960 4263 561 911 777 557 3240 2911 1751 1160 926 587 3352 3223 331 2399 216 227
is_linear=0
shrinkage=0.01


Tree=207
num_leaves=25
num_cat=0
split_feature=32 85 311 67 118 5 121 315 17 126 121 304 76 114 94 118 312 76 114 106 126 236 256 160
split_gain=10.528 8.64172 9.21494 10.6085 8.52877 7.68884 12.4594 14.7088 10.2807 12.3021 13.0526 8.69611 8.65345 15.9511 12.0807 13.6662 10.9494 9.12929 9.20721 9.0086 10.8356 8.80359 8.83499 8.74512
threshold=0.0014316399604838677 181.26176811803586 -0.65748347644502148 235.53692247413818 26.500000000000004 -2.8773415074710829 -0.86823480167352607 -0.39697918335437449 3.2506877391215823 0.67862873090945708 -1.4023754904540535 0.0037725010924570816 0.70338746342682812 0.71170873479357177 0.48387176013116745 105.50000000000001 -0.38503195380240418 1.0762297653184087 0.80148200733647679 0.70221033923332121 0.72224488058914471 0.23524287763886045 168.50000000000003 0.14877841474221029
decision_type=2 2 2 2 2 2 8 2 2 10 10 2 10 8 10 2 2 10 8 10 8 2 2 10
left_child=5 2 3 4 -2 6 8 -8 11 -10 -11 -1 14 16 15 21 -14 -15 -19 20 23 -7 -23 -20
right_child=1 -3 -4 -5 -6 12 7 -9 9 10 -12 -13 13 17 -16 -17 -18 18 19 -21 -22 22 -24 -25
leaf_value=1.9003362377000004e-05 -0.002147224184316527 0.0053685063493362963 -0.0045735752020700212 -0.0050821378471516002 0.0095514066197362885 0.0032968959408358972 0.00073561919421264463 0.011155930571532675 -0.0077024534545399037 0.0075809671873761589 -0.0036997463594451454 0.004565616416591832 -0.0039033116042841514 0.001287889761874319 0.0064148525935827381 0.0075751917105227832 -0.00061381232056394923 -0.0059455526185929379 -0.0017902595045009796 0.001911840363259231 -0.0047353003147122888 -0.00017611876573262817 -0.0058952731891168085 0.0074418522439373344
leaf_weight=100.30585186183453 8.476387061178686 10.316399209201334 108.47387431561947 13.742819957435129 13.44507475197315 55.072699725627899 27.932364590466022 24.714064367115498 25.356752544641495 14.62846766412258 22.038363479077816 70.208373375236988 178.00570025295019 436.75451000779867 38.540029726922512 22.58558501303196 234.64975226670504 31.541101805865765 24.37168775498867 92.308598384261131 65.102504827082157 161.16017108410597 29.757888771593571 13.788769051432608
leaf_count=571 87 93 1116 137 125 359 200 167 155 82 141 394 1401 2967 230 132 1791 280 195 708 552 1028 179 108
internal_value=-1.50979e-05 -0.00248896 -0.00315109 0.00116741 0.00525967 0.000217101 0.00170376 0.00596616 0.000674112 -0.00272573 0.000996666 0.00194101 -9.14512e-05 -0.000514874 0.00138061 0.000594917 -0.00205221 0.000443878 -0.00117068 -0.000321426 -0.00232504 -0.00012107 -0.00114612 0.00180545
internal_weight=1823.28 154.455 144.138 35.6643 21.9215 1668.82 285.184 52.6464 232.538 62.0236 36.6668 170.514 1383.64 1076.52 307.116 268.576 412.655 663.867 227.113 195.572 103.263 245.991 190.918 38.1605
internal_count=13198 1558 1465 349 212 11640 1710 367 1343 378 223 965 9930 8002 1928 1698 3192 4810 1843 1563 855 1566 1207 303
is_linear=0
shrinkage=0.01


Tree=208
num_leaves=25
num_cat=0
split_feature=102 18 102 114 272 82 294 213 144 131 148 232 131 120 307 180 111 184 150 71 150 78 233 160
split_gain=8.50306 11.2011 12.0395 12.4353 9.93959 9.85724 9.84266 10.2569 9.84056 9.02942 8.87676 10.932 8.64271 8.56993 8.53769 9.86651 8.43238 8.43906 8.98815 15.326 11.5741 17.4649 18.0236 10.5836
threshold=1.228056852784827 0.89190068391702326 0.64910327237399745 0.97490369833359791 0.092437848736831404 0.80291656719444415 -0.1333807416772019 -0.37904380120578157 0.011782057955925735 2.2141980887747068 0.16827701020662189 3.0696926104019941 3.4565360062357526 1.0954371565793799 -0.016562194545543297 3.406717814371258 0.62467366733815721 -0.072240938208095684 0.0035150362005485687 0.98577849881354263 0.0445978263443279 -93.472074258051137 0.77347837953756782 0.058314648729446944
decision_type=10 8 8 8 2 10 2 2 8 10 10 2 8 10 2 2 8 8 10 10 10 2 2 10
left_child=1 2 3 6 9 13 -1 -8 12 10 14 -12 -4 -3 -5 -16 -9 -18 -19 -20 21 -21 -23 -22
right_child=-2 5 8 4 -6 -7 7 16 -10 -11 11 -13 -14 -15 15 -17 17 18 19 20 23 22 -24 -25
leaf_value=0.0032004119280528267 -0.0041409966248305953 0.0051926695780004665 0.0053259275481677337 -0.00046117715130062075 -0.0039876293844356972 0.011668487770289091 -0.0012927430564921498 0.006951081439455953 -0.0049977492149726223 0.0091547299162833655 0.0025078738973155824 -0.0059137540100169129 -0.0016478059805652306 -0.0038500378537482233 0.0099258008756387614 0 -0.004726211006067061 0.0034496873574816401 -0.003696512510394441 -0.0015314632628383052 -0.0026261158697866542 0.0014590568907525108 0.010996199404695964 0.00096887292802228138
leaf_weight=87.307423487305641 44.026347994804382 24.936748474836349 18.706274196505547 19.789353132247925 16.732036828994751 11.948984466493128 520.66151974350214 17.106386885046959 77.169842354953289 22.634142450988293 46.972528204321861 19.475160039961338 98.351358219981194 14.167950950562952 33.563963495194912 14.021894633769987 28.452583447098732 91.651890717446804 86.451959289610386 44.22172436863184 111.4978734254837 41.948189444839954 37.042880639433861 285.6379484012723
leaf_count=587 408 177 147 129 116 88 3762 115 680 142 300 133 848 117 238 94 190 540 636 260 893 252 238 2050
internal_value=6.25284e-05 0.000174094 3.27389e-05 0.000333279 0.00283339 0.00466331 6.99955e-06 -0.00021934 -0.00229291 0.00362729 0.00251417 -8.70845e-05 -0.000425177 0.00185348 0.00499376 0.00718051 0.000532537 0.000353636 0.000580316 0.000131212 0.000785707 0.00342585 0.00617029 -4.93939e-05
internal_weight=1814.48 1770.45 1719.4 1525.17 173.189 51.0537 1351.98 1264.67 194.227 156.457 133.823 66.4477 117.058 39.1047 67.3752 47.5859 744.011 726.905 698.452 606.801 520.349 123.213 78.9911 397.136
internal_count=13140 12732 12350 10675 1152 382 9523 8936 1675 1036 894 433 995 294 461 332 5174 5059 4869 4329 3693 750 490 2943
is_linear=0
shrinkage=0.01


Tree=209
num_leaves=25
num_cat=0
split_feature=209 233 184 84 99 177 158 283 217 61 306 149 158 122 234 302 30 116 122 303 210 29 239 42
split_gain=7.5264 19.5465 12.0217 10.4845 12.5168 9.81902 12.0707 10.6192 9.39349 9.23695 9.03288 8.6457 8.54163 12.3749 8.23003 13.3944 9.54714 14.1987 8.5434 9.74404 8.22601 15.6863 10.4056 9.70106
threshold=0.75895069640263191 0.76197221098070966 0.95899487274096173 16.839520206418953 -0.14761213717310878 7.1946424212887115 0.30775364985891307 -0.0051255779739386286 0.85034655099250334 830.81450510817342 0.96845809351763179 0.27837094111172267 0.29246918966081364 0.28498735876861764 0.13734090127278983 0.01226721925394164 0.0061112245355270179 -0.41714252504657096 -0.40383482954134337 -0.0013898547365167669 0.073968855218855226 0.21687744354903057 1.3518965088672987 251.50000000000003
decision_type=2 2 10 2 8 10 10 8 2 2 2 10 8 8 2 2 2 10 8 2 2 2 10 2
left_child=1 20 -3 4 14 6 7 -5 10 -9 -7 12 13 -6 15 -2 17 18 19 -17 21 -1 23 -23
right_child=3 2 -4 5 11 8 -8 9 -10 -11 -12 -13 -14 -15 -16 16 -18 -19 -20 -21 -22 22 -24 -25
leaf_value=0.0067187496601475993 -0.0013896551223471709 0.0069974232771948279 0.00085581818220238171 0.012271313185033841 0.001996169455784499 0.00030802080126124935 -0.0020894946730681185 0.0072943592637903032 0.0035741069448498031 -0.0015594869273282395 -0.0052451986503146758 0.0040266615016983278 -0.0054958551733649717 -0.0038329606709225821 -0.0053320038620330561 0.0078498087154882379 -0.0037468586896630559 0.0077094859763735119 -0.0059330266212797213 -0.00088869801758631472 0.0014557022194650257 -0.0016244486034782913 0.0050977906647394159 0.0048024159560668524
leaf_weight=24.719512164592743 172.3246687874198 68.073625080287457 60.27147663384676 16.922683171927929 53.871748991310596 76.099428661167622 23.271276079118252 21.213221743702888 41.396999306976795 21.193693935871124 44.176709227263927 14.378960199654101 108.02577516436577 100.18705201148987 24.24482799321413 17.929740220308304 16.638326115906239 49.868326239287853 12.644495181739329 31.355974413454533 276.30277977138758 493.04770424962044 23.702164612710476 21.875079177320004
leaf_count=177 1172 459 455 112 405 530 169 138 301 160 331 117 937 927 168 111 124 327 97 206 1858 3512 190 142
internal_value=1.02513e-05 0.000612098 0.00420198 -0.000677143 -0.00138566 0.0010592 0.00380289 0.00612022 -0.000377896 0.00302702 -0.00179739 -0.0029382 -0.00336321 -0.00178894 -4.7907e-05 0.000420624 0.0028347 0.00389158 0.000598394 0.00252544 4.98482e-05 -0.000641738 -0.00101488 -0.00132462
internal_weight=1813.74 967.992 128.345 845.744 601.47 244.274 82.6009 59.3296 161.673 42.4069 120.276 276.464 262.085 154.059 325.006 300.762 128.437 111.799 61.9302 49.2857 839.647 563.344 538.625 514.923
internal_count=13125 6793 914 6332 4591 1741 579 410 1162 298 861 2386 2269 1332 2205 2037 865 741 414 317 5879 4021 3844 3654
is_linear=0
shrinkage=0.01


Tree=210
num_leaves=25
num_cat=0
split_feature=32 99 109 286 308 189 217 120 270 282 88 304 32 126 151 20 270 319 117 31 128 233 115 197
split_gain=8.67527 9.07846 11.8954 10.1211 12.1569 10.8163 15.0099 9.58432 8.85724 8.70503 8.39019 8.11865 11.1845 7.83105 7.65038 9.76541 14.5076 12.9148 9.65473 9.33035 10.969 9.77434 9.15633 12.6143
threshold=0.0015637226134585292 1.2577492900503946 2.290809100281376 0.59539473652305996 -0.0032572405767599543 -0.55056029690154407 0.85327217125382282 1.235352529746677 0.054802181974196319 0.075400617516800092 0.99822260297073684 -0.041901087271693831 0.0021085977880286782 0.68901203636159114 0.087447625420191508 0.87176692953302937 0.10346766998952719 -0.072269883800922405 1.2192357439006514 0.0027510368419459337 1.3458637226718129 0.84766918460264906 -0.45884382004409979 -0.15111268627735649
decision_type=2 10 10 2 2 8 2 8 2 8 8 2 2 10 8 10 2 2 10 2 10 2 10 8
left_child=1 2 3 4 -1 10 -7 13 -2 11 -6 -10 -13 -4 18 -16 17 -17 19 22 21 -21 -5 -24
right_child=8 -3 7 14 5 6 -8 -9 9 -11 -12 12 -14 -15 15 16 -18 -19 -20 20 -22 -23 23 -25
leaf_value=-0.0042570507350924384 -0.0064231943148016432 -0.0045430406317427188 0.0027555420719114466 -2.9462340522276406e-05 0.0053174191653278515 0.010169765654340317 -0.00026308050384231738 -0.0012504441883600893 0.0062587519224511267 -0.0074923289491853461 -0.0032179785005810508 -0.0078965251670274489 0.00090703951542807739 0.01236713818012674 -0.00238401885803797 -0.00012336573907768944 -0.0032509854528177222 0.011976075289860583 0.0023106376225716188 -0.0055186435406891707 0.0038903262046602397 0.0038786532317885841 0.0074404104517692042 -0.0029454142517756012
leaf_weight=17.547258898615837 36.135906867682934 36.495123192667961 20.11322496086359 811.99947341531515 16.632936984300613 40.354610405862331 19.778005309402943 16.523833379149437 15.916802719235418 13.839250251650808 25.317493319511414 15.623114585876463 63.479413591325283 15.809647232294081 240.07103341072798 16.152676977217197 25.951013751327991 16.029625467956066 194.27367555350065 78.081491559743881 17.471629284322262 10.630706831812857 34.505345277488232 15.007777832448481
leaf_count=125 407 333 130 5291 105 268 153 115 149 140 187 153 622 92 2057 124 190 121 1210 608 138 86 234 107
internal_value=-1.51351e-06 0.000203285 0.000317733 0.000157223 0.00291872 0.00424366 0.0068652 0.00487788 -0.002324 -0.000825482 0.000266262 0.000324482 -0.00103283 0.00760792 -7.35598e-05 -0.00149503 0.00209967 0.00635689 0.00029313 -0.000116439 -0.00287356 -0.0042961 0.000230542 0.00428409
internal_weight=1813.74 1668.75 1632.25 1579.8 119.63 102.083 60.1326 52.4467 144.994 108.859 41.9504 95.0193 79.1025 35.9229 1460.17 298.204 58.1333 32.1823 1161.97 967.696 106.184 88.7122 861.513 49.5131
internal_count=13145 11674 11341 11004 838 713 421 337 1471 1064 292 924 775 222 10166 2492 435 245 7674 6464 832 694 5632 341
is_linear=0
shrinkage=0.01


Tree=211
num_leaves=25
num_cat=0
split_feature=102 20 299 99 22 32 111 174 53 271 307 286 315 11 183 181 315 126 225 37 157 165 315 271
split_gain=9.52877 12.7137 9.41628 9.99718 9.71686 8.41299 8.66658 8.93625 9.40111 10.5517 8.77894 9.73021 10.3508 11.1011 9.67576 15.0503 8.94327 8.45307 12.1678 8.44668 8.36095 8.13352 8.7706 7.91685
threshold=1.228056852784827 1.1191073177564022 -0.052933153802719006 0.65756205593711181 1.1495213793462631 0.0014316399604838677 0.89225330656613056 160.1526388888889 92.500000000000014 0.14021189356493871 -0.0021069987467262834 0.86026615930111994 -0.043372879202905251 0.41228268097248599 -1.0205192028319494 0.046216075504946004 -0.21008915591807778 0.51626366333565621 0.75018142235123386 0.55650201222815576 0.29263119351266392 179.81348958333334 -0.49256569023420521 0.087904695173720362
decision_type=10 10 2 10 10 2 8 10 2 2 2 2 2 10 10 2 2 8 2 2 10 2 2 2
left_child=1 2 -1 4 5 6 20 8 9 10 -8 14 13 16 -12 -16 17 -13 19 -19 -4 22 23 -7
right_child=-2 -3 3 -5 -6 21 7 -9 -10 -11 11 12 -14 -15 15 -17 -18 18 -20 -21 -22 -23 -24 -25
leaf_value=0.0015349245306992088 -0.0043919420534683454 0.0055530106689030446 0.0073190968742203643 -0.0026924615349287052 0.0062646171708947767 -0.0034555074913593053 -0.0012873501297895015 -0.0019346899153835928 -0.0043864523712334909 0.0027022491942797961 -0.0014461397648030724 -0.0022373771096914396 -0.0061183059646174858 -0.0011712239262690217 0.0011118019894092745 0.015177942876231877 0.0076211328248802683 0.0018803987040842197 -0.00026305342970433398 0.011915091300958231 0 -0.0063745825202700104 -0.0033171114217714027 0.0067939131203927205
leaf_weight=355.66230466961861 43.009961344301701 40.84894173592329 29.39153216034174 150.3513787984848 21.555993892252445 9.1428938284516352 284.14638220518827 201.6394704952836 36.340129852294922 185.22693029791117 13.113713815808294 37.910170167684555 19.553755514323711 127.7925101146102 15.542577601969244 13.39773342758417 28.311282150447369 16.866620942950249 42.158328078687191 17.542053237557411 30.74245747923851 36.578229755163193 46.743221379816532 19.256711505353451
leaf_count=2496 402 281 173 1309 136 97 1985 1463 232 1056 91 241 144 974 115 87 179 114 277 109 191 371 483 184
internal_value=0.000108478 0.000224624 9.00264e-05 -0.000283128 1.53724e-05 -0.000109391 0.000158009 -5.9093e-05 0.000396075 0.000628878 -2.13683e-06 0.00109578 0.000417375 0.00095203 0.00543114 0.00842997 0.00284501 0.0014993 0.003376 0.00754184 0.0037605 -0.0026889 -0.000714986 0.00344773
internal_weight=1822.83 1779.82 1738.97 1383.3 1232.95 1211.4 1099.68 1039.54 837.902 801.562 616.335 332.189 290.135 270.581 42.054 28.9403 142.788 114.477 76.567 34.4087 60.134 111.721 75.1428 28.3996
internal_count=13190 12788 12507 10011 8702 8566 7431 7067 5604 5372 4316 2331 2038 1894 293 202 920 741 500 223 364 1135 764 281
is_linear=0
shrinkage=0.01


Tree=212
num_leaves=25
num_cat=0
split_feature=73 174 29 147 13 65 116 57 217 119 309 57 156 36 138 29 323 127 314 308 323 305 210 84
split_gain=8.18119 13.7144 14.2679 10.4232 9.57355 9.39443 11.3983 10.7235 10.2518 9.63282 9.41315 9.04979 8.95422 9.64571 8.44038 9.29109 8.07256 12.2411 12.6335 10.3803 8.81072 8.18483 14.2866 10.8849
threshold=322.47232286924384 62.015555555555558 0.25491683775179269 0.22233992467043315 0.63789364927158421 2.7026611383887675 0.29847526990555368 0.16058686293197558 0.78208709353960759 0.44709369732122423 -0.041509464189876603 0.03228487526075511 0.013921188630490957 0.02084277727410094 0.19688673531193221 0.2495542765614622 129.50000000000003 -0.1169781092336407 -0.0036607701241847582 0.00799516534769012 75.500000000000014 0.42857142857095054 0.097693531283138943 24.683543250526885
decision_type=2 10 2 8 10 8 10 8 2 10 2 10 10 2 2 2 2 8 2 2 2 2 2 2
left_child=5 3 -3 -2 -5 8 -7 11 16 -10 -9 -8 13 -12 15 -14 17 20 -19 21 -1 23 -23 -18
right_child=1 2 -4 4 -6 6 7 10 9 -11 12 -13 14 -15 -16 -17 19 18 -20 -21 -22 22 -24 -25
leaf_value=-0.0044194132049596721 -0.0022267017747831389 -0.0017047392089014125 0.0039110943042486709 -0.0032129046234829844 0.0051542195415178313 -0.0027163769544035154 -0.00042227292081527484 0.0054075710397052416 -0.00033902690635623066 -0.0049228190989550457 -0.0024706419960498949 0.010017739358705131 0.0042594812826327079 0.0089917875785534458 -0.0081431676631924799 -0.0034016463944295076 -0.0015352181987416274 -0.00020200901039531374 0.010361025541567948 0.0069137188730920883 0.0049086256302274568 0.00040827442497644176 0.0077678097753572971 0.0056457818502056792
leaf_weight=21.127607479691505 141.54267045110464 55.791584484279156 204.74954444915056 17.239358194172382 42.089115373790264 285.906443759799 13.73890592902899 18.915328241884708 336.40191566199064 50.462968274950981 12.616300836205484 16.707331664860249 19.06246604770422 11.801651269197462 22.17359734326601 54.747254505753517 230.61343002319336 16.132254727184772 32.959939904510975 21.747508488595486 14.681870475411413 122.45802848786116 31.025752551853657 20.37663634121418
leaf_count=143 1059 402 1455 113 258 2388 102 141 2312 458 102 111 157 81 173 433 1557 105 216 140 90 826 193 121
internal_value=5.03087e-05 0.00119654 0.00269928 -0.00075811 0.00267098 -0.000341341 -0.0015064 0.00053671 0.000251611 -0.000971056 -0.0006624 0.00564229 -0.00172686 0.00339199 -0.00309937 -0.00132534 0.00117926 0.00394533 0.00704924 0.00060344 -0.000489105 0.000215825 0.00201653 -0.000891594
internal_weight=1815.07 461.412 260.541 200.871 59.3285 1353.66 455.669 169.763 897.988 386.865 139.317 30.4462 120.401 24.418 95.9833 73.8097 511.123 84.9017 49.0922 426.221 35.8095 404.474 153.484 250.99
internal_count=13136 3287 1857 1430 371 9849 3688 1300 6161 2770 1087 213 946 183 763 590 3391 554 321 2837 233 2697 1019 1678
is_linear=0
shrinkage=0.01


Tree=213
num_leaves=25
num_cat=0
split_feature=5 5 118 148 38 209 48 273 66 53 100 162 197 13 140 205 48 194 169 71 78 232 323 120
split_gain=11.0732 15.1256 10.8188 8.05752 8.24475 9.0616 9.63285 7.78384 10.1685 7.63695 7.42051 10.0717 10.0174 10.5963 9.45399 9.29338 9.01383 8.46232 8.1629 9.93927 12.5618 15.0609 13.5552 8.15656
threshold=-2.8935132521978844 -2.8773415074710829 20.500000000000004 0.1665054803352676 0.42413122232657996 0.80334874597169692 110.50000000000001 4.1489050671302357 -20.727925590299577 58.500000000000007 0.67990093796261097 0.004722556759891164 -0.19204928508801583 0.61292457186746108 0.011088523757023827 -0.3232631415376559 66.500000000000014 0.055465074194715892 99.500000000000014 1.9662326046784224 46.686494304332037 2.5638936204181753 351.50000000000006 0.93162427139023352
decision_type=2 2 2 10 2 2 2 10 2 2 10 10 8 10 2 2 2 10 2 10 2 2 2 10
left_child=2 7 -1 9 5 6 -5 -2 -9 -4 12 -12 13 15 -13 -3 -17 -15 19 23 21 22 -21 -16
right_child=1 10 3 4 -6 -7 -8 8 -10 -11 11 14 -14 17 18 16 -18 -19 -20 20 -22 -23 -24 -25
leaf_value=-0.0061261558080154066 0.0038988456528431113 -0.0026497112700345524 -0.0041476331445953569 0.011802576957608404 -0.0031578140531541648 -0.0014275074363441669 0.0011700835493457578 0.0026537411592872685 -0.0066401834271779684 0.0014541723660969135 -0.0015279981527299648 0.0070824471722678349 -0.0010006805846762457 0.0020200611785429297 0.00075459146263661151 -0.002774688521717176 0.005809240097709693 0.0086249660329470908 -0.0046693886805234588 -0.003872420747639051 0.00028417299353155891 0.0084474909238598257 0.0054247726106542845 -0.0034175155960149534
leaf_weight=46.734321683645248 158.96562905609608 45.29114905744791 79.940589167177677 15.638788640499113 22.552124463021755 20.117989890277386 17.541322067379951 29.668048962950706 15.615576922893522 32.447662115097046 458.83702670037746 17.745913818478584 107.12163338065147 40.942601159214973 86.827175542712212 15.226230822503565 38.29718703776598 39.472682736814022 29.894672088325024 28.60994141548872 294.90148765593767 45.21199844032526 28.443892240524292 96.069977715611458
leaf_count=469 857 284 746 143 206 186 153 150 92 265 3445 104 714 262 622 101 227 229 221 186 2229 284 174 789
internal_value=4.85411e-05 0.000351808 -0.00196263 -0.000847961 0.0016264 0.00372609 0.00674507 0.0028711 -0.000732935 -0.00252559 -2.74133e-05 -0.000406087 0.00139582 0.00282697 0.000415589 0.000583281 0.00333261 0.00545793 0.000188048 0.000461651 0.00134863 0.00431795 0.000783228 -0.00145019
internal_weight=1812.12 1577.14 234.973 188.238 75.8502 53.2981 33.1801 204.249 45.2836 112.388 1372.89 1086.54 286.351 179.23 627.705 98.8146 53.5234 80.4153 609.959 580.064 397.167 102.266 57.0538 182.897
internal_count=13138 10970 2168 1699 688 482 296 1099 242 1011 9871 8054 1817 1103 4609 612 328 491 4505 4284 2873 644 360 1411
is_linear=0
shrinkage=0.01


Tree=214
num_leaves=25
num_cat=0
split_feature=153 105 71 317 82 83 76 136 82 82 304 282 80 189 135 71 227 287 92 262 17 297 297 275
split_gain=9.72587 13.013 11.2509 8.77929 10.5949 8.75924 8.29847 11.405 15.1288 13.3557 12.3898 9.4796 12.9141 12.1127 8.7501 8.56049 12.1727 10.6349 12.9021 15.9733 9.65521 8.44829 13.0014 8.44259
threshold=0.015611460138648182 1.3824999942590697 2.9913326147244166 -0.0038585224960546293 0.83734907917751578 2.3561597536457959 0.69607573271969081 0.32339757506930766 0.33134055000409374 0.45293334410235692 -0.0088044085371803953 -0.027878633384375046 57.500000000000007 -0.17463890672280427 0.27748125336610835 2.1397816760993096 0.0046350004296640034 -0.064238605799344151 260.50000000000006 -0.012128624441828226 3.7593239806666516 -0.0030960049075991129 0.021227797307944083 0.18181818180578516
decision_type=8 10 8 2 10 10 8 2 8 10 2 10 2 10 2 10 2 2 2 8 2 2 2 2
left_child=1 6 -2 -4 -5 -3 7 9 -9 11 14 -1 13 21 -11 23 17 -17 -19 -20 -18 -13 -23 -8
right_child=2 5 3 4 -6 -7 15 8 -10 10 -12 12 -14 -15 -16 16 20 18 19 -21 -22 22 -24 -25
leaf_value=-0.0038367853252162434 -0.0029210299057804276 0.0001158118410855211 -0.0031173171409720015 -0.00013979975522672431 0.0081966273265083565 0.0094630744732797662 -0.00096747798505180413 0.0062813696817263709 -0.0046909892915383807 0.0060016544993729583 0.0091046466711969271 0.012424374554501889 -0.0023412497503856782 -0.0010870385600845731 -0.0032013085520934169 0.0063964254730388683 0.0056134879011454763 -0.0027621528280753929 0.010452256048191251 -0.00067021409948762097 -0.00042177653829626684 -0.0024066303189627771 0.0091539083391388582 0.0045215728774006935
leaf_weight=31.475604996085167 212.6907200589776 17.0729795768857 27.557207129895687 34.749028958380222 23.875800810754299 22.497795857489109 831.97299295663834 13.861515395343302 48.983881808817387 16.808624170720577 45.904599785804749 17.3504404053092 40.230233818292618 25.316511534154415 19.029558405280113 18.255825914442539 78.33918608725071 133.18728289008141 15.973510600626467 39.712246514856815 38.356855422258377 16.789249628782272 17.315813854336739 26.159341640770435
leaf_count=198 1962 108 204 272 179 130 6156 90 338 100 269 103 232 158 109 115 498 905 96 269 251 101 97 197
internal_value=-5.55271e-05 0.000270028 -0.0016957 0.00131369 0.00346078 0.00573184 0.000112084 0.00161037 -0.00208851 0.00263757 0.00581345 0.000806147 0.00212494 0.00447804 0.00121266 -0.000261533 0.00111629 -0.000341238 -0.00108287 0.00285545 0.00365842 0.00714834 0.00368805 -0.000784611
internal_weight=1813.47 1514.59 298.873 86.182 58.6248 39.5708 1475.02 293.066 62.8454 230.221 81.7428 148.478 117.002 76.772 35.8382 1181.96 323.825 207.129 188.873 55.6858 116.696 51.4555 34.1051 858.132
internal_count=13137 10520 2617 655 451 238 10282 1795 428 1367 478 889 691 459 209 8487 2134 1385 1270 365 749 301 198 6353
is_linear=0
shrinkage=0.01


Tree=215
num_leaves=25
num_cat=0
split_feature=131 11 235 14 134 190 153 109 188 321 120 239 25 119 120 105 159 217 123 109 295 120 109 121
split_gain=8.31165 12.3546 10.5827 9.66097 11.0116 8.38362 8.05467 16.7638 8.62961 8.2085 13.5439 10.0025 10.6258 10.4003 9.40837 9.27944 10.8831 8.8311 8.57764 8.32041 10.0981 8.22983 8.18835 9.57123
threshold=1.804052230354825 0.63725441079349976 0.0033500931516688742 0.41663366595735735 0.13076214761297636 14.500000000000002 0.049443833272216117 2.2683624778100966 0.63397435897435905 4.5000000000000009 0.67713809676699399 0.78707693376276178 -0.95919743822454528 0.4649171857249334 1.1081073413279861 0.19873710666551034 0.08198889756266807 0.63023436992793613 2.4255714319042752 1.8444239670791003 0.1081806188532502 0.64080281646907722 1.0275357524826034 -1.123012096860974
decision_type=8 10 2 2 2 2 10 10 10 2 8 10 2 8 10 8 8 2 10 8 2 10 8 10
left_child=2 6 -1 4 -3 -4 7 9 -8 10 21 13 -13 15 22 -11 -17 -15 -16 -12 -21 -2 -14 -24
right_child=1 3 5 -5 -6 -7 8 -9 -10 11 19 12 14 17 18 16 -18 -19 -20 20 -22 -23 23 -25
leaf_value=-0.0019674799342560161 0.0029274332565192057 -0.0061183638048504076 0.0086379530342123312 0.0029426051907569073 -0.00026902512588420139 0.0020069112403175698 -0.0051511432311796895 0.0059730876259519398 0.0020151328207642467 -0.0029574079888079648 -0.00017238476605463667 0.0063790812174317263 -0.0022999357960763827 0.001810017761636053 -0.0035020239060363605 0.0078385707545710667 -6.5292058271687318e-05 -0.0052681080905260603 0.003276913907357638 -0.0040313753585351601 0.005674054207010247 0.011257114148531399 0.0069744782570625432 0.0011805708775960478
leaf_weight=60.699440456926823 43.805089741945267 79.311535201966763 18.722324430942535 22.730755373835564 53.972051702439785 216.13603504002094 51.673744343221188 48.024165146052837 22.216192960739136 106.3806444182992 311.6035013794899 27.844445817172527 45.824370592832565 19.754840075969696 88.583429284393787 16.132664687931538 209.6206998154521 95.317850902676582 20.908163450658321 11.148392938077448 49.89825065433979 15.607506297528742 32.996235139667988 151.78108905255795
leaf_count=395 275 667 121 207 387 1391 487 293 193 770 2309 182 353 150 708 98 1380 808 190 80 348 98 192 1105
internal_value=0.000151357 -0.0001464 0.001678 -0.00278666 -0.00381219 0.00263668 0.000158873 0.000345347 -0.00298848 0.00011476 0.00122525 -0.000474824 0.000741584 -0.00147623 0.000228065 -0.000561719 0.000585491 -0.00403009 -0.00214842 0.000497008 0.00378539 0.00554563 0.00137318 0.00231052
internal_weight=1820.69 1525.14 295.558 156.014 133.284 234.858 1369.12 1295.23 73.8899 1247.21 432.063 815.144 367.938 447.207 340.093 332.134 225.753 115.073 109.492 372.65 61.0466 59.4126 230.602 184.777
internal_count=13187 11280 1907 1261 1054 1512 10019 9339 680 9046 3110 5936 2730 3206 2548 2248 1478 958 898 2737 428 373 1650 1297
is_linear=0
shrinkage=0.01


Tree=216
num_leaves=25
num_cat=0
split_feature=209 225 32 315 217 39 52 208 191 81 260 221 297 209 108 294 109 149 143 262 126 183 10 34
split_gain=8.00282 11.1883 10.3652 11.363 10.0997 11.0099 9.37649 11.7503 10.1147 9.92171 9.04652 8.82462 8.6763 10.7777 10.6309 9.24323 8.90032 12.4758 8.79311 8.5941 7.85656 7.39589 7.35128 9.97956
threshold=0.76013698630136994 0.75811722538477766 0.0014044971525398321 -0.57231999931559907 0.74087396749267265 0.087440126829926482 66.500000000000014 1.9026697648280009 -0.58145944098143965 1.3887417712346466 0.62057872478216292 -0.11201781687133547 0.015624016665511132 0.7024941497082261 1.098906846719454 -0.1333807416772019 2.4357253669081698 0.14658413274565726 0.013783604065735729 -0.042698866186388955 0.37468934882627836 -0.8853600174986288 2.0999749604778279 0.10582896531178815
decision_type=2 2 2 2 2 2 2 2 10 8 10 2 2 2 10 2 8 8 10 10 8 10 2 2
left_child=1 12 6 19 -3 -6 8 11 -2 -9 -11 -8 16 14 15 -14 22 -18 -15 -4 -13 -20 23 -1
right_child=2 4 3 -5 5 -7 7 9 -10 10 -12 20 13 18 -16 -17 17 -19 21 -21 -22 -23 -24 -25
leaf_value=0.0054783520877679324 -0.0063475354207797605 -0.0005226499192038783 0.0079118928363062519 -0.0058592326812784709 0.0067515120694705087 -0.0029250622234178571 0.0014961259142755429 -0.0029600115395711397 -0.00020147218950085951 0.0083369497669792663 -0.002443761822379762 0.0029970685136039401 0.0044339016805384993 0.0012868281273116955 0.0071489248200296241 -0.0022051420487738875 -0.0022790415920659196 0.0085403653636342263 0.0033177342024220918 -0.0037664826306047956 -0.0054612129448592932 0.013679841642174067 -0.0041606075213097213 -0.0005443364456824743
leaf_weight=26.120274968445301 46.029261991381645 42.927973680198193 10.214764751493933 65.004982516169548 73.928061001002789 12.065562129020689 421.35608427226543 151.10288770496845 60.44119730591774 13.769545964896681 12.556248217821119 13.477102451026438 24.402887344360352 28.081980414688587 17.538612991571426 88.213742941617966 16.287714496254921 22.971241131424904 15.84250380843878 9.6333964765071851 33.205981396138668 14.730645768344401 49.525064282119274 543.82911855727434
leaf_count=190 361 302 100 687 527 80 2821 1193 502 98 102 87 166 199 117 612 129 154 101 102 236 98 425 3761
internal_value=7.94963e-05 0.000694056 -0.000636362 -0.00389097 0.00340584 0.00533233 -0.000254493 0.000201857 -0.00296368 -0.0019683 0.00342315 0.0010336 0.000270374 0.00214386 0.000493964 -0.000684088 -0.000271988 0.00417671 0.00559662 0.00243728 -0.00296712 0.00907909 -0.000573323 -0.00024076
internal_weight=1813.26 976.465 836.791 84.8531 128.922 85.9936 751.938 645.468 106.47 177.429 26.3258 468.039 847.544 188.81 130.155 112.617 658.733 39.259 58.6551 19.8482 46.6831 30.5731 619.474 569.949
internal_count=13150 6861 6289 889 909 607 5400 4537 863 1393 200 3144 5952 1293 895 778 4659 283 398 202 323 199 4376 3951
is_linear=0
shrinkage=0.01


Tree=217
num_leaves=25
num_cat=0
split_feature=153 153 162 153 22 73 21 118 109 57 135 176 160 294 65 185 307 136 56 137 29 84 115 73
split_gain=9.01647 11.12 9.94872 13.1511 11.2539 7.6788 10.5105 10.4333 9.58321 16.6152 12.8595 10.9865 9.06773 11.3484 11.0887 7.94525 11.9901 8.59177 10.4791 9.39537 8.45584 9.47214 9.19484 10.7995
threshold=0.049443833272216117 0.045084975438992723 0.043557312252964435 0.015611460138648182 1.2556739911584909 315.53479370826329 0.013002544479020176 154.50000000000003 1.5585715578217496 0.24980177907607112 0.11404672157848202 12.46467134398169 0.10437171524128047 -0.031382195946606621 3.693925623954057 0.7756861365235751 -0.0042911020800931723 0.23299700096579071 508.50000000000006 0.18576069356022892 0.25012562814070355 20.772437843246983 -0.51655126540875618 378.28579576328826
decision_type=10 10 10 10 10 2 10 2 10 10 2 2 8 2 8 10 2 2 2 2 2 2 10 2
left_child=1 2 3 4 5 6 12 15 10 -10 11 -8 14 -14 -1 16 -7 -18 -19 -20 -17 -22 23 -23
right_child=-2 -3 -4 -5 -6 7 8 -9 9 -11 -12 -13 13 -15 -16 20 17 18 19 -21 21 22 -24 -25
leaf_value=0.00026228572946157346 -0.0029536914013797437 0.0083215159292989033 0.003245350942917633 -0.0028726507965684865 0.0072752133634334804 0.00023932411188433002 -0.0031015608792570523 -0.0045217065442196705 0.0032650025250706479 -0.0049619667107754948 -0.0045265207334887784 0.0061201517589949267 -0.0016753150846254609 0.0076110706298685221 -0.0076817400277301223 -0.0045780893343323826 0.008712022155138513 -0.0034576953739540489 0 0.0089327289937411857 -0.0010243741119085881 0.0087125108282203774 0.01005816424536358 -0.0013379199036718116
leaf_weight=710.91042117029428 87.983760751783848 14.187023036181925 97.980763889849186 141.58417951315641 19.87095395475626 77.36668136715889 23.977986089885235 24.88923204690218 72.259696081280708 33.622168317437172 149.69747824966908 22.201851136982441 19.145787127315998 33.070275321602821 15.172083675861357 26.960914865136147 43.806434072554111 17.03693613409996 20.252693980932236 25.586369164288044 78.706500686705112 12.164627082645891 15.822627402842043 34.803918153047562
leaf_count=4735 823 120 653 1270 125 503 194 163 489 243 1311 173 117 208 127 204 288 123 131 171 585 77 102 232
internal_value=0.000116963 0.000278198 0.000197512 7.06447e-06 0.000288717 0.000178805 -0.000250053 0.00140149 -0.0018257 0.0005819 -0.00312193 0.00140908 0.000363974 0.00427697 6.56158e-05 0.00185535 0.00327569 0.00540514 0.00280884 0.00522453 0.000269086 0.00127158 0.00408466 0.00159321
internal_weight=1819.06 1731.08 1716.89 1618.91 1477.33 1457.45 1080.06 377.397 301.759 105.882 195.877 46.1798 778.299 52.2161 726.083 352.508 184.049 106.682 62.876 45.8391 168.459 141.498 62.7912 46.9685
internal_count=13167 12344 12224 11571 10301 10176 7597 2579 2410 732 1678 367 5187 325 4862 2416 1216 713 425 302 1200 996 411 309
is_linear=0
shrinkage=0.01


Tree=218
num_leaves=25
num_cat=0
split_feature=153 20 1 235 33 82 125 176 241 189 233 312 150 73 105 131 73 116 284 82 82 184 79 45
split_gain=8.43108 9.99693 11.8603 9.21086 10.0905 9.17002 9.20199 8.04824 11.0677 10.4096 10.8654 10.5967 9.93441 13.0316 11.726 11.3654 11.2132 11.1919 11.1057 11.6893 8.68625 8.49617 9.02356 8.40575
threshold=0.049443833272216117 0.73604377207203076 0.48760999656663156 0.010999092650468801 0.055907299806318048 0.86575970280543479 1.0300604520384435 11.721009879432374 0.35000000000000003 -0.43377525795757982 0.86670978870202686 -0.15229070598963121 0.048826334128002941 317.52657757435776 0.58164540142383669 1.804052230354825 528.96332930299354 0.3395396106604594 0.016015599781010362 0.57676771205006394 0.5976103860031311 -0.09862518638226378 277.44660224753767 3.5000000000000004
decision_type=10 10 2 2 2 8 10 2 2 8 2 2 8 2 10 8 2 10 10 10 8 8 2 2
left_child=1 2 7 4 5 6 -3 9 -9 -1 11 -11 21 14 15 20 18 -18 19 -15 -14 -10 -23 -16
right_child=-2 3 -4 -5 -6 -7 -8 8 12 10 -12 -13 13 16 23 -17 17 -19 -20 -21 -22 22 -24 -25
leaf_value=-0.0001683544924015485 -0.0029627140460796761 0.0047060974970702446 -0.0047520707971368502 0.0085547633012016313 0.0089841310182260364 0.0066461901029887995 -0.0025007869484052559 0.0066230123755233045 -0.0024817896313016458 0.00845789756021262 -0.0038885370450297703 0.00071415555987596911 -0.0040925538147644873 -0.00081816467257586612 0.00010750195443693306 -0.004324073078975821 -0.0054367829449839386 0.0031285966187477566 -0.0010158857517384224 0.0057482919163023352 0.0058619332279020329 0.0018664379817681512 -0.0022767178682490583 -0.0046706665484694205
leaf_weight=103.73959008604288 88.113325290381908 20.274456836283207 49.476588979363441 19.829909816384315 13.087556608021258 16.909332163631916 73.119831949472427 20.601796329021454 65.834019094705582 49.208126336336136 11.417467117309569 28.060330756008625 11.937316603958608 37.495203956961632 265.1036124676466 211.38961002230644 44.23034231364727 20.175339497625828 74.987136907875538 87.261901825666428 19.112487263977528 378.8354102820158 58.29246947914362 39.827004797756672
leaf_count=721 827 144 423 128 85 121 517 134 429 339 91 199 97 268 1874 1819 342 133 564 637 150 2365 369 338
internal_value=4.01761e-06 0.000161201 -6.98641e-05 0.00266422 0.00153837 0.000442632 -0.000833058 8.96727e-05 -0.000186597 0.00198649 0.00444513 0.00578337 -0.000308141 -0.000991781 -0.0018695 -0.00349861 0.000823783 -0.0027198 0.00199348 0.00379257 0.0019828 0.000792277 0.00130051 -0.000550638
internal_weight=1808.32 1720.21 1576.99 143.221 123.391 110.304 93.3943 1527.51 1335.08 192.426 88.6859 77.2685 1314.48 811.52 547.37 242.439 264.15 64.4057 199.744 124.757 31.0498 502.962 437.128 304.931
internal_count=13114 12287 11292 995 867 782 661 10869 9519 1350 629 538 9385 6222 4278 2066 1944 475 1469 905 247 3163 2734 2212
is_linear=0
shrinkage=0.01


Tree=219
num_leaves=25
num_cat=0
split_feature=209 233 0 107 76 105 75 304 303 108 318 315 282 71 260 58 255 115 279 148 132 189 237 310
split_gain=8.61116 12.2991 12.4735 13.8369 9.88871 11.7258 10.028 18.5952 10.1767 9.35959 13.8418 11.6017 9.176 9.81228 9.042 12.6169 11.5227 8.89235 8.75211 8.47977 8.23862 8.32376 8.1809 8.17689
threshold=0.77803983228511542 0.76932716406400636 775.50000000000011 0.31197188537500109 1.1576127567986434 0.98768677836844943 -0.064979370042918747 -0.0042577309457179626 -0.0014273527302179499 0.22165308936492065 0.90455306038432437 -0.28641525974529325 -0.043787211140637085 1.0298751579809631 0.24872268596185801 0.90717006029820002 121.50000000000001 0.10112258814576283 0.092972358908103805 0.029133423866915639 0.0019193928676687299 -0.49492331434358589 -0.38177657067966891 -0.5148218039485043
decision_type=2 2 2 8 10 10 8 2 2 10 2 2 8 8 10 10 2 8 10 10 2 8 2 2
left_child=1 17 3 9 5 6 7 -2 -9 10 11 -3 -10 -14 16 -16 -8 19 -18 -1 -7 -22 -6 -15
right_child=4 2 -4 -5 22 20 14 8 12 -11 -12 -13 13 23 15 -17 18 -19 -20 -21 21 -23 -24 -25
leaf_value=0.0059050764754312434 -0.0032946068905920891 0 -0.0027248785137756111 -0.0019918383108362457 0.0035421499635865297 -9.0499530631942847e-05 -0.0048490251848395619 0.0047774965606234348 -0.0066741026030865125 0.0084638046105386042 -0.003886634015685105 0.012911911365256299 -0.0018540750943794985 -0.0025398773075800459 0.0071104036602948929 -0.0047694019288282291 -0.0016747102127449346 0.0053996482566654848 0.0067817544664288141 -0.00023908341797999064 0.012316628272293222 0.0025490317640130323 -0.0047625051502929146 0.0052553993996164051
leaf_weight=20.207292161881924 98.704105533659458 13.306419029831888 28.03988378494978 25.643272027373314 11.389696352183817 39.070681743323803 137.51442135870457 75.292575903236866 13.985013864934443 60.451526984572411 18.881615355610847 11.851530268788336 57.645765915513039 15.284060217440127 18.904835671186451 12.545551374554632 50.714441478252411 27.76349550485611 13.015855535864828 875.91658691316843 12.177629619836805 26.600369729101658 88.641904190182686 57.036309935152531
leaf_count=116 663 93 190 201 92 293 1184 488 98 428 136 82 393 99 153 116 399 193 94 6183 81 183 802 361
internal_value=-2.04081e-05 0.000544398 0.00309509 0.00438813 -0.000859541 -0.000385467 -0.00090444 0.000249078 0.00187074 0.00597454 0.00223027 0.00678579 0.000280468 0.00116316 -0.00246886 0.00233956 -0.00324737 9.84677e-05 0.000252877 -8.11904e-05 0.00317545 0.00627193 -0.00373541 0.00356079
internal_weight=1810.58 1082.06 158.174 130.134 728.523 628.492 550.643 317.948 219.244 104.491 44.0396 25.1579 143.951 129.966 232.695 31.4504 201.245 923.887 63.7303 896.124 77.8487 38.778 100.032 72.3204
internal_count=13121 7622 1130 940 5499 4605 4048 2102 1439 739 311 175 951 853 1946 269 1677 6492 493 6299 557 264 894 460
is_linear=0
shrinkage=0.01


Tree=220
num_leaves=25
num_cat=0
split_feature=73 65 174 116 125 267 267 111 85 119 189 315 88 315 176 282 294 176 176 162 150 108 299 226
split_gain=8.66991 11.4573 11.1351 10.0656 10.3637 9.99721 10.3836 10.5143 9.96069 10.6069 9.43529 15.6825 12.8496 15.298 12.0973 12.0963 9.42235 9.05611 13.5641 8.54936 11.1544 12.1822 12.5864 11.0253
threshold=315.53479370826329 2.7026611383887675 58.931805555555563 0.29847526990555368 0.94171814144004118 1.0587358202170438 0.85831688452628951 5.1511247112703398 55.914247991496048 1.1620850402445735 -0.1467127680476483 -0.46843284371058752 0.89102236133386048 -0.82410571102005992 11.899749792488999 -0.0041014458746664057 -0.059720065663061421 11.721009879432374 11.628877434135168 0.0047961906514538107 0.048826334128002941 0.8951490013366451 -0.057290772317237885 0.010899263483012593
decision_type=2 8 10 8 8 2 2 8 2 10 10 2 10 2 2 10 2 2 2 10 10 8 2 2
left_child=1 19 5 17 -5 6 7 -2 16 10 11 12 13 -10 -15 -16 -4 18 -3 20 -1 22 -22 -24
right_child=2 3 8 4 -6 -7 -8 -9 9 -11 -12 -13 -14 14 15 -17 -18 -19 -20 -21 21 -23 23 -25
leaf_value=0.00068436441988772834 -0.0020663003122287694 -0.0023005441872030095 0.0054205136436096049 0.0056967881635096463 -0.00086911710002063281 -0.0044081769065964678 0.0059636518349468004 0.0063329381746622072 0.012892445995128827 -0.0025916068873635695 -0.0017746206606323886 0.0075881324970519665 -0.0035176696226069965 -0.0046400094918658142 -0.0010365935259300447 0.010114464274925478 -0.0032365591705387797 -0.0036740290125660663 0.0099057269513458893 0.0019504251121277504 0.0014346505622057863 0.0021777900047200618 0.0044189665020785565 -0.0053882363615359351
leaf_weight=419.99822669476271 90.45723082870245 26.789391525089741 13.84789966791868 25.583839558064938 152.76763648539782 50.520558379590511 26.604067988693714 14.897642590105532 12.829170599579809 25.226316712796688 23.320809163153172 94.303954884409904 29.003993734717369 18.148997522890568 17.504606373608112 17.42515055835247 48.427789427340031 225.08656856417656 10.34811284393072 225.23684950917959 43.402432672679424 51.896148085594177 10.301178000867365 132.95964515954256
leaf_count=2657 629 224 108 186 1198 381 186 102 82 218 152 624 206 124 118 114 395 1899 78 1522 333 372 88 1107
internal_value=4.24376e-05 -0.000375288 0.00118654 -0.00168746 0.000141701 -0.000750402 0.000705863 -0.000734195 0.00236389 0.00328942 0.00401711 0.00475189 0.00178487 0.00418198 0.00151065 0.0048418 -0.00114354 -0.00292356 0.00153752 0.000281007 -0.000294356 -0.00200941 -0.00319407 -0.00460393
internal_weight=1806.89 1324.37 482.518 440.576 178.351 182.479 131.959 105.355 300.039 237.763 212.537 189.216 94.9119 65.9079 53.0788 34.9298 62.2757 262.224 37.1375 883.794 658.558 238.559 186.663 143.261
internal_count=13103 9664 3439 3585 1384 1298 917 731 2141 1638 1420 1268 644 438 356 232 503 2201 302 6079 4557 1900 1528 1195
is_linear=0
shrinkage=0.01


Tree=221
num_leaves=25
num_cat=0
split_feature=153 105 10 227 161 221 312 114 67 170 105 297 193 84 126 121 19 286 177 183 53 127 208 283
split_gain=7.90904 12.8071 14.4334 13.0053 12.1605 9.57085 13.0469 9.36703 11.5509 8.63357 8.91234 8.72216 8.70765 8.62602 8.47169 7.9473 8.43084 7.63052 7.59061 15.2616 7.54526 7.93307 11.604 8.14171
threshold=0.049443833272216117 0.96109023611504363 1.1135147280970215 0.0081218357822523488 0.039378693637037172 -0.17466069818383831 -0.55672501472942948 0.99330681248087116 359.61928284962221 1.7739525600649235 1.4652069663133929 0.016520621591238602 0.68772163120567387 20.772437843246983 0.80611721476055054 -2.2749236555014396 -0.8075083824811875 2.7846153821230013 7.1689578743750593 -1.0000000180025095e-35 36.500000000000007 -0.055941840737241059 1.3211845830372051 -0.0030287741185823923
decision_type=10 10 2 2 8 2 2 10 2 10 10 2 8 2 8 10 10 2 8 8 2 10 2 10
left_child=1 2 4 7 13 6 -5 18 -9 11 -11 12 -3 15 -8 16 -1 20 19 -4 -15 22 -22 -23
right_child=-2 9 3 5 -6 -7 14 8 -10 10 -12 -13 -14 17 -16 -17 -18 -19 -20 -21 21 23 -24 -25
leaf_value=0.00035862013675275667 -0.0028207873430859953 0.0016447674821501307 -0.0034464707634549131 -0.0013123458315819816 0.0052062213276733264 -0.0041014330579505391 0.011491019979806553 -0.0025649564272644384 0.0071904296219329703 0.0022131328915172182 0.0079841340538849802 0.0055295635084364834 -0.0047123883873274371 0.0091381395365447444 0.00058014260076594433 -0.00048805975083503027 0.0084944292768515534 -0.0019556342425351698 -0.0045992653996398741 0.0066778762779251223 0.0098381754518240359 -0.0036013127801507961 -0.00031438582535552381 0.0036021095698229454
leaf_weight=34.637150943279266 86.694450460374355 37.01084042340517 51.124670401215553 26.484391964972019 47.68913310021162 18.094879023730755 19.507882446050647 28.300950340926647 17.1059205904603 202.8799634873867 29.1910669952631 16.809972733259201 44.765341013669968 17.541789278388023 11.199049934744833 773.02083471417427 17.819451093673706 30.041857816278934 183.75239337235689 17.719923950731754 22.873919576406479 30.01752083003521 19.388031035661697 27.173283323645592
leaf_count=241 817 251 425 213 299 144 139 221 118 1373 188 115 332 104 99 5435 128 193 1541 141 136 184 127 170
internal_value=7.64673e-05 0.000227133 -0.000193114 -0.00186832 0.000422339 0.00178672 0.00377243 -0.00280322 0.00129616 0.00198778 0.0030311 -0.000474352 -0.00186465 0.000172237 0.0079279 -0.000226618 0.00343499 0.00238005 -0.0035503 -0.000665122 0.00352176 0.00229502 0.00543172 -0.000153398
internal_weight=1810.84 1724.15 1393.49 373.29 1020.2 75.2862 57.1913 298.004 45.4069 330.657 232.071 98.5862 81.7762 972.514 30.7069 825.477 52.4566 147.036 252.597 68.8446 116.995 99.4528 42.262 57.1908
internal_count=13134 12317 10058 3041 7017 595 451 2446 339 2259 1561 698 583 6718 238 5804 369 914 2107 566 721 617 263 354
is_linear=0
shrinkage=0.01


Tree=222
num_leaves=25
num_cat=0
split_feature=153 109 153 320 2 109 151 302 294 240 129 3 239 114 172 239 310 213 16 137 157 165 83 234
split_gain=9.6868 13.8895 8.82116 9.43018 10.5794 8.92614 13.503 12.4891 10.5931 9.90633 10.0432 9.60966 11.7149 12.0578 10.5244 9.66985 9.5257 12.0306 9.391 7.85235 9.76507 7.68617 7.38919 6.8739
threshold=0.049443833272216117 2.2683624778100966 0.044570221353345534 -0.31441403303167748 1.0703844910929587 1.5195776906739467 0.083200212992545278 -0.0014867644288682339 -0.1333807416772019 0.59115194008998528 0.89956871821875861 2.4993481399758042 0.79351190094185753 0.69606694040392769 3.4515277777777782 0.52172843699349547 -0.13769203633773089 -0.39272054498092407 1.8020643883842358 0.18205146763697619 0.18192850838481908 179.55467592592598 3.0738447926172645 0.079373261332024228
decision_type=10 10 10 2 10 10 10 2 2 2 8 2 10 10 10 10 2 2 2 2 10 2 10 2
left_child=1 2 3 -1 5 6 8 11 9 10 -5 -7 15 -14 -15 -13 17 -9 23 -16 -21 -19 -3 -8
right_child=-2 22 -4 4 -6 7 18 16 -10 -11 -12 12 13 14 19 -17 -18 21 -20 20 -22 -23 -24 -25
leaf_value=0.0055594646363124993 -0.0031871196414325008 0.007838583288147221 0.0078035084140251525 0.00098543457654072216 -0.0028408437020949018 0.0058680225727481142 -0.0063247774274841516 0.0019729357827667866 -0.00020912228874727301 -0.00051031256640508794 0.011149673367936923 0.0036197033076778551 -0.0057739543124891235 0.0096192035891494877 -0.0024123800385016611 -0.0047353381894207616 -0.00072788706380876879 0.0042753183197488526 0.0027150969610778559 -0.00077134963583272442 0.008576865161499669 0.014186171758415592 0 0.00020154449974802867
leaf_weight=26.844692230224609 85.798838160932064 32.895363502204418 11.674378983676432 17.741765856742859 129.3033649995923 23.536998488008976 70.169141829013824 38.432813182473183 1015.684748262167 30.392841845750809 21.163559593260288 14.661097198724745 15.476143948733805 16.900844030082226 30.554258167743683 71.716932646930218 25.785231418907642 18.16088055819273 17.514431968331337 20.765623211860657 19.908557519316673 19.108971774578094 17.829801604151726 20.116773635149002
leaf_count=194 808 203 103 113 1055 132 664 261 7092 208 135 98 119 106 212 496 179 122 151 143 134 120 108 175
internal_value=3.64636e-05 0.000202232 4.13103e-05 -2.57494e-05 -0.000127421 0.000109509 -0.000285954 0.00159928 5.2355e-05 0.0037561 0.00692117 0.000205911 -0.000566434 0.00167655 0.00313545 -0.00323581 0.0044357 0.00617006 -0.003614 0.00127348 0.00404223 0.0100267 0.00521505 -0.00489799
internal_weight=1812.14 1726.34 1675.61 1663.94 1637.09 1507.79 1192.78 315.008 1084.98 69.2982 38.9053 213.52 189.983 103.605 88.1293 86.378 101.488 75.7027 107.8 71.2284 40.6742 37.2699 50.7252 90.2859
internal_count=13131 12323 12012 11909 11715 10660 8538 2122 7548 456 248 1440 1308 714 595 594 682 503 990 489 277 242 311 839
is_linear=0
shrinkage=0.01


Tree=223
num_leaves=25
num_cat=0
split_feature=153 114 283 272 76 164 111 109 77 30 75 148 109 201 225 137 317 186 198 217 135 174 176 306
split_gain=11.182 11.7563 12.2295 12.1447 10.4009 10.1737 8.83217 8.2226 8.07852 10.0957 8.06482 10.7809 10.3863 8.64367 8.27144 7.71331 7.672 9.70296 7.671 7.80387 8.7381 7.73861 8.58622 10.3025
threshold=0.01564247762863535 0.72620955713536361 -0.0065412962784677422 0.076924717229810799 0.8009102858263798 0.0018148880105401846 1.2539355440023476 1.3745955474756444 3.9180029029271481 0.043156337873863353 -0.032211954718184603 0.1695123474784492 2.2163455206291207 0.66784037558685461 0.73021094402673359 0.12015077818717065 -0.0038585224960546293 0.029631255487269536 88.500000000000014 0.84813440254490036 0.27330681743141177 58.931805555555563 12.655583211639994 0.90445235948315361
decision_type=10 8 8 2 10 10 10 10 10 2 10 10 10 2 2 2 2 10 2 2 2 10 2 2
left_child=1 4 3 6 18 15 -3 -6 10 -10 11 -4 -12 -13 -15 -2 -7 -18 21 20 -20 -1 23 -23
right_child=5 2 8 -5 7 16 -8 -9 9 -11 12 13 -14 14 -16 -17 17 -19 19 -21 -22 22 -24 -25
leaf_value=-0.0039099609009290897 0.0029885057290313832 0.00042041686646938421 -0.00011847316286116501 0.00056613833759068717 -0.002548880410878349 -0.0031585448417605962 0.0099297921195342503 0.0011075630561162848 -0.0010624319220848086 0.0095500258152128887 -0.00098537605919631521 0.0092561628189950836 0.0062335567093345359 -0.0037195431419986876 0.0041662556416834683 -0.0036159450141494995 -0.0014218688707029858 0.0067091417700685134 0.0051908726994697799 0.0086677344194971192 -0.0016390875148123984 0.00046513852101929594 -0.002199242354512011 0.0059706920355534644
leaf_weight=44.76557719707489 17.208188258111477 13.373028479516504 114.03021989017725 44.168290078639984 281.43656001240015 25.527210861444473 39.005797639489174 76.278971701860428 13.97325015068054 19.196093790233135 316.73278246819973 24.300172440707684 18.409788675606251 14.728892870247362 55.085717283189297 186.75819953531027 24.355264723300934 30.614885702729225 31.162479840219021 17.041068062186241 39.183710411190987 238.41713055968285 93.605167165398598 37.035793349146843
leaf_count=290 156 88 722 295 2338 192 237 584 111 135 2263 137 103 85 341 1750 197 224 197 110 233 1540 618 243
internal_value=-3.18361e-05 0.000306592 0.00129391 0.00453754 -0.000467556 -0.00184291 0.00766673 -0.0017638 0.000729327 0.0053201 0.000420984 0.00195438 -0.000536787 0.00440619 0.0024083 -0.00302046 0.00112994 0.00319626 0.000460296 0.00310272 0.00145673 -0.000112627 0.000371606 0.0012624
internal_weight=1816.39 1531.93 673.004 96.5471 858.926 284.464 52.3788 357.716 576.457 33.1693 543.288 208.145 335.143 94.1148 69.8146 203.966 80.4974 54.9702 501.211 87.3873 70.3462 413.824 369.058 275.453
internal_count=13189 10670 4517 620 6153 2519 325 2922 3897 246 3651 1285 2366 563 426 1906 613 421 3231 540 430 2691 2401 1783
is_linear=0
shrinkage=0.01


Tree=224
num_leaves=25
num_cat=0
split_feature=5 5 109 122 103 116 107 14 116 149 226 235 315 197 235 108 159 315 201 176 42 148 107 109
split_gain=8.75712 11.476 9.53749 11.2705 10.6083 11.8962 8.95393 9.77284 14.0063 9.98565 8.92762 15.4518 9.73718 8.46067 7.95078 10.959 13.5358 10.3683 8.6694 8.11802 7.90146 7.87684 12.913 12.2374
threshold=-2.8935132521978844 -2.8712440139818409 2.2683624778100966 0.64143503934520274 1.5370645691332652 0.28086330444808666 0.25521975655414714 0.11983910772284083 -0.16900300018275616 0.26401991614255771 0.09532222783106177 0.0073081716218622054 -0.53632663916951651 -0.63517918453811884 0.0044893434776036691 0.52931568936782936 0.17628148987687395 -0.32800141222608653 0.861586840832124 12.520713491180677 125.50000000000001 0.20839627391742199 -0.148247501735079 1.3016875177417906
decision_type=2 2 10 8 10 10 10 2 10 8 2 2 2 8 2 10 10 2 2 2 2 10 10 8
left_child=-1 -2 4 -4 6 -6 7 8 13 -9 11 12 -7 -3 18 16 17 -16 19 -10 -5 22 -15 -23
right_child=1 2 3 20 5 10 -8 9 14 -11 -12 -13 -14 21 15 -17 -18 -19 -20 -21 -22 23 -24 -25
leaf_value=-0.0017219344212515148 0.0024833947792082833 -0.005016336958115322 0.0099432708381823453 -0.0014850737710175429 -0.0034128820911947517 0.0054208688487141768 0.0025437305636623548 -0.003456313556120832 0.0040775401681619914 0.0036524555319895138 -0.0040788919963703329 0.0078780721592889413 -0.0013862539894131623 -0.00029155946254511212 -9.3007259032693948e-05 0.009855021212688872 -0.004020314724516116 0.0086831510489494799 -0.0044475957934094765 -0.0012566272126179473 0.0071925022597355039 -0.0044876965376644418 0.0056218873627234224 0.0047318315704552374
leaf_weight=231.40886926651001 214.60153406113386 37.436366245150566 17.359266482293606 35.51934440433979 180.72870790958405 22.462839730083942 158.85531284660101 123.08986411243677 68.273689031600952 20.901627704501152 38.68269906938076 25.20736263692379 120.88535410165787 216.49680120497942 22.655122257769108 25.561006411910057 21.052979841828346 29.334701381623745 22.974466748535633 45.472537405788898 11.616644352674482 70.82063215225935 41.561837337911129 15.331979021430014
leaf_count=2150 1155 261 93 272 1616 170 1003 921 439 158 285 188 985 1384 156 147 153 195 175 302 80 536 254 102
internal_value=8.25539e-05 0.000348937 9.96941e-06 0.00368106 -0.00017789 -0.00155897 0.00040654 -4.60878e-05 0.000502273 -0.00236684 7.72765e-05 0.00108878 -0.000228057 -0.000678687 0.00240704 0.00453291 0.00235797 0.00503372 0.000805556 0.00195776 0.000920536 -0.000166818 0.0007078 -0.00273695
internal_weight=1818.29 1586.88 1372.28 64.4953 1307.79 387.967 919.819 760.964 616.972 143.991 207.238 168.556 143.348 381.648 235.325 98.6038 73.0428 51.9898 136.721 113.746 47.136 344.211 258.059 86.1526
internal_count=13180 11030 9875 445 9430 3244 6186 5183 4104 1079 1628 1343 1155 2537 1567 651 504 351 916 741 352 2276 1638 638
is_linear=0
shrinkage=0.01


Tree=225
num_leaves=25
num_cat=0
split_feature=32 44 258 5 304 99 83 83 114 178 120 310 43 302 309 213 310 102 22 259 120 114 298 275
split_gain=8.11259 9.9775 10.1106 9.19734 8.29854 7.51142 7.89579 10.5134 9.79058 12.6068 10.4206 10.2106 11.499 9.65494 9.59474 9.56786 13.4516 11.1183 16.0708 15.7966 9.57415 11.1998 11.0332 12.0663
threshold=0.0015637226134585292 48.500000000000007 -0.88583817755161898 -2.9049753419851929 -0.041008172007823189 1.2991274216249038 3.5013525619451138 3.0498209718993059 0.97490369833359791 0.78347953216374278 0.9294074575436625 -0.28404327500039783 128.50000000000003 0.0013797335977347675 -0.00094145294815917147 -0.37904380120578157 -0.25766354029404759 0.1666300296347232 0.22571758144626322 0.036933550035867464 0.82052641548754024 0.73460786348361962 -0.0065552284983778431 0.056799151127581396
decision_type=2 2 2 2 2 10 10 10 8 2 8 2 2 2 2 2 2 10 10 10 8 10 2 2
left_child=5 2 3 -2 -4 6 7 8 15 10 -10 12 -11 -9 -13 20 17 18 -17 -19 -1 -22 -23 -24
right_child=1 -3 4 -5 -6 -7 -8 13 9 11 -12 14 -14 -15 -16 16 -18 19 -20 -21 21 22 23 -25
leaf_value=0.00091249852079632423 -0.0018785374407823999 0.006158860206304238 0.001223658966419618 0.0072591819614444709 -0.0070269624580211907 -0.0044327653804819992 0.0058446219422987732 -0.0060078727427824189 0.0055275774565781213 0.014386353073713595 -0.001391200092715627 -0.0050358913893657122 0.0041851710240389398 0.0036441038437535116 0.0050071498409041395 0.0026225688158944384 -0.00013419189035197181 -0.0052877779279550422 0.011526740960460339 0.0043865372624638547 -0.0040576396068767312 0.0058469785413366596 0.0017721767573890921 -0.0032768034133805403
leaf_weight=185.56520999222994 48.301968917250633 10.398851610720156 14.036309547722338 11.195384211838244 58.12578809261322 30.446766331791878 23.06051079928875 43.294459275901318 25.771766111254692 16.306811757385731 88.051703974604607 13.534217789769171 36.124446295201778 11.143787384033201 19.873421125113964 204.53366459906101 539.24262866377831 36.12535597383976 20.2895812317729 26.976516559720039 138.82403165102005 22.080041542649269 77.430830739438534 112.91828776896
leaf_count=1174 473 105 143 108 630 285 162 320 164 99 666 86 217 80 125 1270 3839 300 115 206 1115 144 532 802
internal_value=7.21071e-05 -0.00219726 -0.00298089 7.7084e-05 -0.00542309 0.00026897 0.00036432 0.000275488 0.000429469 0.00248155 0.00026312 0.00530918 0.00795243 -0.00393169 0.000834812 0.00012381 0.000798154 0.00253203 0.00356437 -0.00112582 -0.000912126 -0.00187851 -0.000414984 -0.00122187
internal_weight=1813.65 142.058 131.659 59.4974 72.1621 1671.59 1641.15 1618.09 1563.65 199.662 113.823 85.8389 52.4313 54.4382 33.4076 1363.99 827.168 287.925 224.823 63.1019 536.818 351.253 212.429 190.349
internal_count=13160 1459 1354 581 773 11701 11416 11254 10854 1357 830 527 316 400 211 9497 5730 1891 1385 506 3767 2593 1478 1334
is_linear=0
shrinkage=0.01


Tree=226
num_leaves=25
num_cat=0
split_feature=153 20 234 119 82 294 320 262 22 306 38 101 127 315 237 220 88 233 133 97 55 196 239 166
split_gain=9.03596 10.5961 7.79077 9.27831 7.0754 6.95867 6.77815 10.1219 9.0536 10.282 11.2805 9.26842 9.09293 9.19642 10.0779 10.6246 14.5968 15.1228 10.2877 9.10256 8.92115 9.74096 9.3563 10.3978
threshold=0.050059665871121727 0.87176692953302937 0.077934422991457225 1.1620850402445735 0.67962103228685267 0.0035802497328389919 -0.31441403303167748 0.70219860420875757 0.9837764519198372 0.72408356006836649 0.52021326486624775 -0.51822621937492064 0.58019363279769098 -0.096559334601391475 -0.092276355989559175 0.36157280219780225 0.77146839992995664 0.83639169472502817 0.031457018206634345 0.83675690367237099 2.3260326849268895 0.33234714003944782 0.60577297909780081 177.50000000000003
decision_type=10 10 2 10 8 2 2 10 10 2 2 10 8 2 2 2 10 2 2 10 2 10 8 2
left_child=1 6 3 5 -4 -3 -1 8 12 -10 11 -11 13 14 19 16 17 18 -16 -8 21 -14 -23 -24
right_child=-2 2 4 -5 -6 -7 7 -9 9 10 -12 -13 20 -15 15 -17 -18 -19 -20 -21 -22 22 23 -25
leaf_value=0.0045103186805429 -0.0030900127011555612 0.0036930254968220652 -0.0032644595196414873 -0.00081111003162551696 0.0047893200738068189 0.01339602830833689 7.6790996389384074e-05 -0.0036635827285175695 -0.0023869939135918459 -0.0042140041984339675 0.011437990406475114 0.0068947814506553151 -0.0018650115637675966 -0.0023456840377927665 0.0017616158405334436 -0.00068911946655224007 0.012898776291530883 -0.0033630359875118556 0.010847951201879152 0.0063110948881467122 -0.0031654412244316939 -0.0026799917143203243 -0.0022222520924370472 0.0079630635936363478
leaf_weight=29.76973220705986 86.136018559336662 18.445846505463123 22.67742445319891 13.038933858275412 16.199833266437054 15.07541339099407 884.55901218950748 72.913407124578953 17.60742324590683 12.454982422292234 19.298080451786518 11.984057806432245 96.97246728092432 112.19188293069601 29.74035220593214 47.263888157904148 16.477044716477394 23.82547215372324 20.915142506361008 21.232274271547794 164.43632281571627 18.368709735572338 12.055680468678473 34.673362754285336
leaf_count=214 818 124 152 104 104 100 6154 591 123 86 126 87 727 806 202 319 112 176 132 149 1345 126 93 233
internal_value=1.7464e-05 0.000177378 0.00355264 0.00618883 0.000164859 0.00879008 -2.94391e-06 -9.44239e-05 7.98833e-05 0.00375723 0.00624715 0.00134703 -7.84731e-05 0.000337614 0.000632514 0.00311961 0.00507042 0.00291531 0.00590895 0.000243311 -0.00154517 0.000118841 0.00304337 0.00533819
internal_weight=1818.31 1732.18 85.4375 46.5602 38.8773 33.5213 1646.74 1616.97 1544.06 61.3445 43.7371 24.439 1482.71 1156.21 1044.01 138.222 90.958 74.481 50.6555 905.791 326.507 162.07 65.0978 46.729
internal_count=13203 12385 584 328 256 224 11801 11587 10996 422 299 173 10574 8050 7244 941 622 510 334 6303 2524 1179 452 326
is_linear=0
shrinkage=0.01


Tree=227
num_leaves=25
num_cat=0
split_feature=153 153 162 153 28 22 62 209 10 104 225 146 157 60 307 77 55 97 286 104 300 244 294 274
split_gain=8.87878 13.5714 9.37451 12.7781 11.6326 10.1264 7.84168 12.6577 9.99592 8.33493 7.94685 7.09133 7.54095 9.81354 7.08746 11.275 11.2029 9.19636 12.7125 10.38 8.65917 10.6817 11.7253 10.8449
threshold=0.049443833272216117 0.045084975438992723 0.043557312252964435 0.015611460138648182 0.23241888857033641 1.2556739911584909 41.500000000000007 0.7679865424430643 0.87175991842692879 3.5000000000000004 0.93695252116304761 0.069508393037804816 0.21421920723596702 46.67828767632394 -0.0039649471182876149 4.0045640098345663 2.722214964298868 0.5256642685759354 1.9614899958736431 61.500000000000007 0.29478690363072652 0.01402777777777778 -0.01945484969909805 5.3278917930945182
decision_type=10 10 10 10 2 10 2 2 2 2 2 10 8 2 2 10 2 10 2 2 2 2 2 2
left_child=1 2 3 5 -5 6 7 8 -1 -10 -9 -6 13 -13 16 20 17 19 -19 -8 -16 22 -22 -24
right_child=-2 -3 -4 4 11 -7 14 10 9 -11 -12 12 -14 -15 15 -17 -18 18 -20 -21 21 -23 23 -25
leaf_value=0.0058965812309801115 -0.0028926838368545046 0.0093283347204010676 0.0032022052229864081 -0.0054593056416340968 -0.0034062473707392352 0.006924734572151081 -0.00038220144893250693 -0.0053217943658213449 -0.0060271556780493295 0.0034776158470128096 0.00040262084389413959 0.011652666082928014 -0.0025527590863415935 -8.6778515938806952e-05 0.0002439588851798361 0.0098092708765824405 -0.0025241669466149431 -0.0011727432509192448 0.0098666875238751315 0.0073809363603246419 -0.0018056212829016666 0.0078425643406780706 0.0058951595980720082 6.9635960697931045e-05
leaf_weight=28.836045272648335 86.327892318367958 13.814160361886023 98.689105413854122 73.273725770413876 28.30012471973896 20.206056594848633 313.03435003757477 80.457681931555271 17.939772717654709 13.963592089712618 33.228855095803738 11.698813416063787 14.36405600607395 13.543298706412314 519.83804692327976 11.908819012343882 163.6546683460474 17.470344230532646 20.736805818974972 15.374948859214781 63.288936018943787 30.560827858746052 71.147341556847095 56.997470945119858
leaf_count=190 818 115 656 674 258 126 2082 642 135 100 273 97 138 109 3586 94 1209 114 134 90 442 208 461 434
internal_value=0.000184011 0.0003424 0.000254307 6.87899e-05 -0.00277421 0.000345718 0.000240594 -0.0017306 0.001887 -0.00189378 -0.00367093 0.000211695 0.0028756 0.00594636 0.000512384 0.00113419 -0.000370903 0.000599578 0.00506241 3.8365e-05 0.000956683 0.00259699 0.00165195 0.00336944
internal_weight=1818.66 1732.33 1718.51 1619.82 141.18 1478.64 1458.44 174.426 60.7394 31.9034 113.687 67.9063 39.6062 25.2421 1284.01 753.741 530.271 366.616 38.2072 328.409 741.833 221.995 191.434 128.145
internal_count=13185 12367 12252 11596 1276 10320 10194 1340 425 235 915 602 344 206 8854 5225 3629 2420 248 2172 5131 1545 1337 895
is_linear=0
shrinkage=0.01


Tree=228
num_leaves=25
num_cat=0
split_feature=253 84 153 105 226 122 144 115 28 153 117 174 118 21 105 133 131 12 150 115 147 215 160 281
split_gain=7.18683 9.21365 7.22887 12.921 14.5728 8.2927 8.03957 12.4063 10.7619 8.47406 7.88168 9.658 7.24049 8.43759 12.8355 14.9029 10.1038 8.9603 12.0216 8.84407 14.2405 8.0302 14.954 13.7091
threshold=211.50000000000003 21.740070861039815 0.050059665871121727 1.3824999942590697 0.020864427860696522 0.66995566521647709 0.0051948402417962012 -0.28782113177673369 0.20863845436318609 0.042810150375939861 2.368833019097448 289.6158333333334 154.50000000000003 0.23707008905035606 0.77282784264027671 0.031756116254210286 2.4859027537237481 0.63078430665994489 0.18112726222564499 -0.46602931590100183 0.19986772486772489 -0.47546963091832439 0.064915910048653422 3.6888586945937991
decision_type=2 2 10 10 2 8 8 8 2 10 8 10 2 10 10 2 10 2 10 10 10 2 8 2
left_child=2 -2 3 6 5 -5 7 -1 -9 12 11 -4 13 14 16 -16 19 -15 -19 21 -21 22 -8 -24
right_child=1 -3 10 4 -6 -7 9 8 -10 -11 -12 -13 -14 17 15 -17 -18 18 -20 20 -22 -23 23 -25
leaf_value=-0.0030992826190223105 -0.0023304458760249388 0.0074931159720955922 -0.0061759716739142158 0.0037064528333929075 0.0073642374743616993 -0.0055851192742056499 0.00011563858870923728 0.0074803847501597768 -0.00083923680939347882 0.007655114456354431 0.0033656768661586784 0.0023551075370493602 -0.0043503732500516819 -0.0024660951126824738 0.0057695691208189716 -9.9509910116262517e-05 -0.0034342684653137327 -0.0018821520048816665 0.0099847001050062997 -0.0018111826212708646 0.011502080060829645 -0.0016994444099924092 0.0072745737710901851 -0.00044257231466078302
leaf_weight=179.47481125593185 12.678168080747126 24.933026909828186 53.87736900895834 15.953807324171065 47.167484007775784 16.860019445419312 585.5616374835372 20.186507806181908 45.875152289867401 12.280152082443236 14.385757915675638 15.453866496682165 32.358262822031975 176.2971076592803 91.652508676052094 79.013229079544544 70.56158959120512 18.329701974987987 11.888280279934405 13.142655655741693 15.075153313577173 168.79199115931988 57.712525367736816 36.254483789205551
leaf_count=1435 91 162 534 95 293 132 3943 148 334 108 113 150 224 1520 542 486 547 142 94 96 95 1262 385 248
internal_value=5.75272e-05 0.00422564 -3.66674e-05 0.000106576 0.00395911 -0.00110391 -9.02749e-05 -0.00174606 0.0018919 0.000208979 -0.00285595 -0.00424255 0.00012498 0.000244172 0.000588619 0.00308939 0.000129031 -0.00159802 0.00321268 0.000427193 0.00567024 0.000233265 0.000719899 0.00436107
internal_weight=1815.77 37.6112 1778.15 1694.44 79.9813 32.8138 1614.46 245.536 66.0617 1368.92 83.717 69.3312 1356.64 1324.28 1117.77 170.666 947.1 206.515 30.218 876.538 28.2178 848.321 679.529 93.967
internal_count=13179 253 12926 12129 520 227 11609 1917 482 9692 797 684 9584 9360 7604 1028 6576 1756 236 6029 191 5838 4576 633
is_linear=0
shrinkage=0.01


Tree=229
num_leaves=25
num_cat=0
split_feature=153 109 237 22 71 122 63 123 184 121 249 47 116 255 114 100 136 126 297 297 277 146 114 235
split_gain=8.00238 10.9123 9.37423 11.6891 9.20624 9.18583 10.1459 9.19436 12.8014 9.15249 8.18327 8.1815 7.83832 7.55474 7.08708 13.5809 11.4584 10.0694 10.1536 10.7172 8.6027 7.27244 9.37257 12.2384
threshold=0.015177108927108929 1.7588197241736621 -0.1281607054017749 0.9837764519198372 2.9913326147244166 0.5557255940077811 0.53205524837345153 1.6323604816887136 1.8470618278637969 -1.5012706050586926 0.079473684210526321 4.5000000000000009 0.25719983842705324 64.500000000000014 0.47499818936807098 0.66064017829613142 0.32607378129117265 0.36141486788050836 0.036759252283248368 -0.0014695968911447516 -0.030491487474691027 0.28026140526140531 0.72620955713536361 0.0044893434776036691
decision_type=10 10 2 10 10 10 10 10 10 8 2 2 8 2 8 8 2 8 2 2 10 10 8 2
left_child=1 5 -3 -4 9 6 14 8 -7 -2 -9 -12 -11 -6 17 16 20 18 19 -1 -16 22 -17 -24
right_child=4 2 3 -5 13 7 -8 10 -10 12 11 -13 -14 -15 15 21 -18 -19 -20 -21 -22 -23 23 -25
leaf_value=0.0043665185494193145 0.0049639276630378685 0.0048428163739209435 -0.0032119885159232172 0.0051001570748293928 -0.0024412760059782271 -0.0012491721329122676 0.0067680766687467746 -0.0048866065733912962 0.0089061545603153439 -0.0052387394538488431 0.007376953869712868 -0.0019511710829198869 -0.0011657318091460361 0.0035984706808790518 0 -0.00098580026892187804 -0.002600711648855788 -0.003778404342620393 0.0080164207448469374 -0.0049019056414862832 0.0068941553748555684 0.0048558563104021185 -0.00028153509009189132 0.0032092823333434023
leaf_weight=19.047817774116993 12.794842861592768 95.736483454704285 41.309341490268707 24.5873032361269 30.054751269519329 44.831869937479496 22.484372422099113 92.051120586693287 13.993372552096842 86.25804802775383 9.3175085410475713 38.590949416160583 106.89354904741049 53.609182558953762 23.757628925144672 426.22849477827549 20.850839920341969 87.455494590103626 14.340089328587053 26.209286168217659 72.923951104283333 29.900174982845783 248.38975444436073 164.7720699980855
leaf_count=121 112 580 258 150 235 368 143 827 109 870 78 332 951 396 143 3131 136 606 84 166 411 181 1677 1046
internal_value=0.000166211 0.00045799 0.00289084 -1.32743e-05 -0.00134808 0.000161631 0.000504639 -0.00180769 0.00144916 -0.00247655 -0.00318522 0.000154456 -0.00303938 0.0014082 0.000362947 0.000669762 0.00381852 -0.00166293 0.0014559 -0.000952505 0.00524779 0.000231826 5.00916e-05 0.00112061
internal_weight=1806.39 1516.78 161.633 65.8966 289.61 1355.14 1156.36 198.785 58.8252 205.946 139.96 47.9085 193.152 83.6639 1133.88 986.823 117.532 147.053 59.5972 45.2571 96.6816 869.29 839.39 413.162
internal_count=13111 10547 988 408 2564 9559 7845 1714 477 1933 1237 410 1821 631 7702 6725 690 977 371 287 554 6035 5854 2723
is_linear=0
shrinkage=0.01


Tree=230
num_leaves=25
num_cat=0
split_feature=233 120 11 114 297 77 11 73 299 217 298 147 107 292 125 254 165 292 307 229 205 97 24 101
split_gain=7.53206 9.38708 13.1444 12.0489 14.4487 11.565 9.88622 9.26523 11.4335 11.9924 9.83113 9.48337 12.2381 9.90682 12.5547 9.3389 8.50388 11.6919 8.47373 8.29751 8.01219 13.8202 12.5562 9.66948
threshold=0.87513213530655409 0.62097112523439313 0.49322738183345821 0.41528944977898302 0.0050400708128858843 0.80338028495130187 0.50356597580382301 315.53479370826329 -0.05604583296183379 0.8609903381642513 -0.00096572267391867967 0.17057449147883455 0.89536058429290089 -0.068599439775910362 1.0513920826187477 119.50000000000001 178.52832175925928 -0.015569149240418077 0.0053447349704896932 -0.13657381070466418 -0.22650469469389506 0.64502380433708695 0.020289163403118652 -1.5661893931351707
decision_type=2 10 10 8 2 10 8 2 2 2 2 10 10 2 10 2 2 2 2 2 2 10 2 10
left_child=1 3 7 5 6 -1 -5 11 10 -10 -9 12 13 14 -3 20 17 -4 -19 -14 22 23 -13 -22
right_child=-2 2 16 4 -6 -7 -8 8 9 -11 -12 15 19 -15 -16 -17 -18 18 -20 -21 21 -23 -24 -25
leaf_value=0.0020218320048638462 -0.0020062762496297448 0.010006871280441856 0.0067473102578973756 -0.0019322259403217763 0.0076728768198950047 -0.0069853134370485379 0.0047239414111245204 0.0017711914206616885 0.00039970061962081008 0.0080692336368278546 0.010799186079578789 0.00096852110227631596 -0.00021218740838385594 -0.0024649627450815744 -0.0012624100684133614 -0.0038600701625962088 -0.0027665952407681335 -0.0053554317971783337 0.0048011280900520318 0.008608401491943753 0.0082875018407909239 0.012506865870355188 -0.0069628915819499072 0.00059467079698847082
leaf_weight=32.456698760390282 168.75798802822828 12.343852415680884 21.971678160130978 46.503499932587147 54.451433531939983 21.227788604795933 37.984443120658398 27.307440221309662 265.69612449407578 19.317733101546764 21.444942325353622 263.68295370787382 22.791152536869049 317.32318230718374 26.462945885956287 35.650654196739197 239.50883948802948 22.9677674472332 9.3951897099614126 16.64377111941576 17.623319178819656 12.170120500028132 18.728463053703308 85.536011271178722
leaf_count=189 1329 84 179 294 326 150 241 184 1802 138 140 1773 177 2498 209 229 1970 200 83 127 109 74 131 567
internal_value=-1.16988e-05 0.000194889 -8.04246e-05 0.00225282 0.0037883 -0.00169392 0.00110503 0.000397356 0.00179683 0.000997532 0.00613788 -0.000169117 -0.00128499 -0.00187825 0.00273593 0.000848785 -0.00196009 0.00153818 -0.00222873 0.00381496 0.00129775 0.00348569 0.000374901 0.00210527
internal_weight=1817.95 1649.19 1456.57 192.624 138.939 53.6845 84.4879 1162.72 333.766 285.014 48.7524 828.956 395.565 356.13 38.8068 433.392 293.843 54.3346 32.363 39.4349 397.741 115.329 282.411 103.159
internal_count=13203 11874 10674 1200 861 339 535 8242 2264 1940 324 5978 3095 2791 293 2883 2432 462 283 304 2654 750 1904 676
is_linear=0
shrinkage=0.01


Tree=231
num_leaves=25
num_cat=0
split_feature=100 136 263 181 121 83 123 184 121 83 79 284 10 3 73 224 83 174 237 40 40 129 36 272
split_gain=8.67766 13.9372 12.7266 12.8691 7.82405 14.5569 7.78434 11.504 7.32252 8.47012 10.0749 10.6614 9.20493 10.0923 8.62521 10.6257 13.8423 14.5163 11.3181 10.2452 9.65989 14.282 8.66637 8.41673
threshold=0.67990093796261097 0.32339757506930766 -0.24653445631445806 0.064635370090995362 -0.7776937913333114 1.9285539770622371 -0.10896092029255984 0.097159398543114603 -2.2749236555014396 0.88361969714409516 96.439319725669733 0.027156609053484829 0.093926130581022879 2.4250492385087665 322.47232286924384 1.5368185630582067 1.9883112740465578 58.931805555555563 -0.2143701934034376 0.0089726352738485338 0.0086470908949295138 1.5400262677592818 0.030584490170173329 0.028006631039094936
decision_type=10 2 10 2 10 10 10 10 8 10 2 10 2 2 2 2 10 10 2 2 2 10 2 2
left_child=1 2 6 -4 -5 -6 7 -1 23 -10 11 12 -11 -14 20 18 22 -18 -16 -19 -12 -22 -17 -2
right_child=8 -3 3 4 5 -7 -8 -9 9 10 14 -13 13 -15 15 16 17 19 -20 -21 21 -23 -24 -25
leaf_value=-0.00073773614723109788 -0.0026527602814017258 -0.0024102522916490264 -0.00044795318825411879 0.011757986056901861 -0.00044769730018646162 0.011443431962627471 -0.0011083660446675138 0.0070295227197265421 -0.0032514443909373194 -0.0020308280838547067 -0.0013218851370703059 -0.0012875199331294168 0.0091133176975492919 0.00027292010930219773 0.00072545459496728274 -0.00393569383252005 -0.0017501772157460871 0.0040625988357719965 0.011131803200036802 -0.0042604064661046891 -0.0015177180981560084 0.0056845261600734533 0.0028055749041914326 0.0066030081649467512
leaf_weight=35.660489678382874 12.169439658522604 64.268219791352749 25.000381901860237 27.942541137337685 24.690933555364609 14.390217781066893 83.782052591443062 36.483913317322731 87.793221905827522 14.041093364357947 752.3042758628726 41.847129546105862 41.821665100753307 18.755097240209579 23.64831880480051 90.628939405083656 83.821129322052002 151.38821098953485 16.866014257073402 13.938725121319292 56.572736255824566 48.874976314604282 21.5889877602458 28.995949491858482
leaf_count=221 92 446 169 154 174 83 509 207 716 84 5771 299 258 129 164 691 618 1081 104 101 417 360 150 193
internal_value=0.000145932 0.00165545 0.00272866 0.00562187 0.00782659 0.00438537 0.000944767 0.00329423 -0.000169071 -0.000289991 -9.40133e-05 0.00268289 0.00488818 0.006527 -0.000357024 0.000846674 0.000280228 0.00159289 0.00552638 0.00329477 -0.000923096 0.00187273 -0.00259275 0.00384922
internal_weight=1817.27 312.219 247.951 92.0241 67.0237 39.0812 155.926 72.1444 1505.06 1463.89 1376.1 116.465 74.6179 60.5768 1259.63 401.88 361.366 249.148 40.5143 165.327 857.752 105.448 112.218 41.1654
internal_count=13191 1963 1517 580 411 257 937 428 11228 10943 10227 770 471 387 9457 2909 2641 1800 268 1182 6548 777 841 285
is_linear=0
shrinkage=0.01


Tree=232
num_leaves=25
num_cat=0
split_feature=153 153 69 153 28 81 77 320 3 108 106 170 36 49 235 88 11 307 197 277 188 161 317 313
split_gain=8.36442 10.294 8.78286 10.0374 9.51009 8.93201 9.44838 8.50828 8.88984 10.9549 10.8901 10.7673 9.35495 9.34372 14.7178 11.4961 11.2838 10.4321 13.6496 10.8083 9.27998 13.5138 10.8772 10.6095
threshold=0.049443833272216117 0.045084975438992723 0.41942247597798948 0.01564247762863535 0.23373871693512968 1.3887417712346466 3.0938428310635673 -0.35292826776885583 2.5184403364723793 0.8951490013366451 0.56477797512565553 1.8765742458569825 0.028597061881995834 2.5000000000000004 0.0071994277776625971 0.5625283996032745 0.47118238897844938 -0.0046366743657284088 -0.31398710026425197 0.026092297299596057 0.23046398046398051 0.0030349083540572907 -0.0021085931004432819 -0.029639612658480582
decision_type=10 10 10 10 2 10 10 2 2 10 10 10 2 2 2 8 10 2 8 8 10 10 2 2
left_child=1 2 3 5 -5 7 -7 -1 9 -9 12 -11 -10 14 -12 -16 17 18 -15 -19 -14 -22 -23 -24
right_child=-2 -3 -4 4 -6 6 -8 8 10 11 13 -13 20 16 15 -17 -18 19 -20 -21 21 22 23 -25
leaf_value=0.0075980713447960594 -0.0028952554322194423 0.0081906411107279826 0.0052215579618510753 -0.0044386863649841625 0.00027231627149002668 0 0.0094812899798537974 0.0006431952704408256 -0.002915650629954321 0.00023071804305693899 -0.0023528552334833299 0.0106108271997574 -0.0049235935336742745 -0.0022522395292759174 -0.0047345520056255395 0.0050598017439185882 -0.0024213151460625998 0.0085110741062548873 0.0067662092641033048 0.00060385454679567246 -0.0053791988059574821 0.0060672444097206726 -0.0059032144416889211 0.0042219488405281624
leaf_weight=12.515886805951594 86.558297947049141 13.304484188556669 30.846590846776962 88.387572303414345 79.501940622925758 20.395011886954308 18.757754914462566 609.51819694042206 252.47726082056761 18.482680909335613 170.80201794952154 19.802791319787502 24.031635023653507 50.184709429740906 12.648181959986685 54.430567145347595 39.920573152601719 50.417584903538227 21.708645693957806 26.698221519589424 19.559879072010517 52.892416879534721 18.013108611106873 17.721602976322174
leaf_count=82 827 112 197 798 686 128 118 4047 1953 120 1266 109 176 331 94 399 329 337 134 179 136 341 127 123
internal_value=8.65845e-05 0.000241485 0.000165555 6.33957e-05 -0.00223452 0.000323105 0.0048719 0.000192264 0.00011342 0.000985285 -0.000582335 0.00598633 -0.00179693 0.000514705 -0.000798049 0.00308124 0.0021602 0.0034166 0.000611082 0.00590486 0.000348219 0.00162435 0.00330012 -0.000914596
internal_weight=1809.58 1723.02 1709.71 1678.87 167.89 1510.98 39.1528 1471.83 1459.31 647.804 811.506 38.2855 384.696 426.811 237.881 67.0787 188.93 149.009 71.8934 77.1158 132.219 108.187 88.6271 35.7347
internal_count=13149 12322 12210 12013 1484 10529 246 10283 10201 4276 5925 229 2856 3069 1759 493 1310 981 465 516 903 727 591 250
is_linear=0
shrinkage=0.01


Tree=233
num_leaves=25
num_cat=0
split_feature=73 5 79 193 127 127 200 217 53 226 79 148 307 122 223 247 114 100 24 83 116 33 251 77
split_gain=8.78295 10.6582 12.4619 12.2349 8.56613 8.87415 13.4808 10.3984 8.38608 7.55472 7.51131 8.17511 7.25196 6.73103 9.33234 7.98865 7.152 8.98772 13.2245 10.4571 9.59846 9.05075 11.0129 10.555
threshold=315.53479370826329 -2.8935132521978844 96.439319725669733 0.88273491214667688 -0.66369643774992049 -0.52953587619007758 1.2839445683585697 0.704621720561318 94.500000000000014 0.012158167036215818 80.539392312401915 0.097617697107203652 -0.021594624393522648 0.62680524993752162 0.39233788554685928 1.7445180747457061 0.47499818936807098 0.66826562358518238 -0.41956760226203138 1.3274294380532419 0.06534410510611656 0.028649564231136584 1770.0648611111112 3.233453434938192
decision_type=2 2 2 8 8 8 2 2 2 2 2 8 2 10 2 2 8 10 2 8 10 2 2 10
left_child=1 -1 3 4 -3 -6 10 -8 9 -2 11 -7 -13 14 16 -15 -4 18 -18 -19 -20 22 -21 -23
right_child=8 2 13 -5 5 6 7 -9 -10 -11 -12 12 -14 15 -16 -17 17 19 20 21 -22 23 -24 -25
leaf_value=-0.0027375813880677847 -0.0033237415205254585 -0.0021117786512445612 -0.0035574732099277174 -0.0014271855690668994 0.010262745790906828 -0.00095947373987415117 0.0016588351546933334 0.013956816984898802 -0.0030651592468460514 0.0019647121150887289 -0.0027754337004380469 -0.0013760981158673199 0.0066848334699381 -0.0064080053275242859 0.0065061423300648603 -0.0012180999654659453 0.0075121675701178142 -0.00343214411548171 -0.0055707811670486765 0.0028744934414839012 0.0043336485703414657 0 -0.0043251304603477278 -0.0053242284017784684
leaf_weight=158.64840590953827 26.189376063644886 24.495040483772755 56.997428894042969 78.33808858692646 17.779072999954224 34.372082360088825 12.861885964870455 15.143571995198725 38.768695153295994 419.80870550125837 28.160065911710262 12.905503541231154 48.579176247119904 32.701438844203949 18.180379278957844 199.62377474457026 34.527766413986683 89.73396972566843 18.286169447004795 159.65313015878201 15.414663925766943 202.33613841235638 21.774542190134525 42.692002356052399
leaf_count=1488 205 139 391 562 94 198 84 91 262 2988 181 85 318 295 121 1746 187 652 122 1065 93 1291 158 313
internal_value=9.14935e-05 -0.000330041 2.93767e-06 0.0018636 0.00319698 0.0039908 0.00307599 0.00901441 0.00123939 0.00163285 0.0015552 0.00288092 0.0049911 -0.000568794 -4.91222e-05 -0.00202149 -0.000264359 7.07459e-05 0.00340705 -0.000384523 -0.00102816 0.000272863 0.00195158 -0.000974161
internal_weight=1807.97 1323.2 1164.56 272.634 194.296 169.801 152.022 28.0055 484.767 445.998 124.017 95.8568 61.4847 891.921 659.596 232.325 641.416 584.418 68.2286 516.19 33.7008 426.456 181.428 245.028
internal_count=13129 9674 8186 1752 1190 1051 957 175 3455 3193 782 601 403 6434 4393 2041 4272 3881 402 3479 215 2827 1223 1604
is_linear=0
shrinkage=0.01


Tree=234
num_leaves=25
num_cat=0
split_feature=32 270 118 302 217 131 114 269 108 213 202 63 165 109 244 208 147 284 147 307 118 229 218 269
split_gain=7.98122 9.97079 8.81135 7.7309 9.14565 9.20906 10.1222 9.86822 11.1495 10.9906 10.3457 10.9727 9.80356 9.13596 11.1499 17.9045 11.1329 10.0408 9.93785 12.7594 10.0656 11.4479 11.1948 9.73289
threshold=0.0015637226134585292 0.054802181974196319 18.500000000000004 0.0060086861398306332 0.90508365508365518 1.7698518404065082 0.60127976685700746 1.3306085679967972 0.56067031348859764 -0.16476994528654651 0.03433539640436193 0.18032118396227315 179.92634837962967 1.0213859543395061 0.0045833333333333342 1.1783167606883118 0.14976909489454981 -0.15728752538092719 0.16681159420289857 -0.01681489358614293 80.500000000000014 -0.29772585854532857 0.063335710465323602 1.1220443120461743
decision_type=2 2 2 2 2 8 8 2 8 2 2 10 2 8 2 2 10 8 10 2 2 2 2 2
left_child=3 -2 -3 13 5 -5 -7 9 10 -8 -9 12 -12 14 15 -1 -15 -16 19 -18 -20 -22 23 -23
right_child=1 2 -4 4 -6 6 7 8 -10 -11 11 -13 -14 16 17 -17 18 -19 20 -21 21 22 -24 -25
leaf_value=0.0092886693600366509 -0.0065658777546550315 -0.005986660151241139 0.00087310274444686716 0.0040126363443280287 -0.0024202337894977831 -0.001506596728890293 -0.0029580649202820813 0.0090737484675625941 0.0078946589908091142 0.0040719475013642255 0.0007436255695579385 -0.0046440672230361 0.0087317592392855189 -0.0010358764334313759 0.0039870065743426979 -0.0035151359879772304 -0.0010279429524175901 -0.0031241603566705156 -0.00052141685157355508 0.006703798806539373 -0.0011135046571940661 0.0043283917358313854 -0.00063351051809361445 0.013903008480934991
leaf_weight=19.324201986193657 35.447850428521633 20.905040495097637 85.624002724885941 121.87127308547497 59.358249507844448 120.34777348488569 63.918384239077568 14.681122764945028 38.99478056281805 30.499624565243721 75.80636752396822 25.767096377909184 16.760449714958668 348.5781711563468 19.180829495191574 19.156674265861511 30.443995267152786 229.08130646497011 260.74649510532618 62.217031516134739 42.903384149074554 38.400930508971214 22.402487255632877 15.063633069396017
leaf_count=116 412 228 828 723 434 839 454 109 269 212 508 219 106 2809 132 132 207 1618 1700 425 260 225 133 89
internal_value=6.75865e-05 -0.00218423 -0.000584323 0.000262374 0.00120808 0.00164456 0.000871979 0.00195471 0.00336322 -0.000624188 0.00189006 0.000798673 0.00241747 -0.00022359 -0.00175146 0.00308671 0.000313167 -0.00253184 0.00131144 0.00419792 0.000578103 0.00295608 0.00522743 0.00760926
internal_weight=1817.48 141.977 106.529 1675.5 568.005 508.647 386.776 266.428 172.01 94.418 133.015 118.334 92.5668 1107.5 286.743 38.4809 820.756 248.262 472.178 92.661 379.517 118.77 75.8671 53.4646
internal_count=13187 1468 1056 11719 3873 3439 2716 1877 1211 666 942 833 614 7846 1998 248 5848 1750 3039 632 2407 707 447 314
is_linear=0
shrinkage=0.01


Tree=235
num_leaves=25
num_cat=0
split_feature=73 29 174 29 312 88 315 104 7 176 177 262 256 64 204 206 184 44 196 165 89 279 109 77
split_gain=7.73189 10.0535 11.0262 10.3005 8.33175 11.8831 14.6484 10.0579 8.55346 8.26281 8.04361 7.90308 7.83761 8.71271 6.77351 6.70011 6.68075 9.65879 7.10472 9.84476 6.69843 7.31154 6.44308 10.4731
threshold=315.53479370826329 0.25491683775179269 58.931805555555563 0.36237278780142829 -0.41202938976987558 0.86375901853214887 -0.82410571102005992 37.500000000000007 -0.79480716292736109 11.949900156896307 7.2173554715634642 -0.99788036317089934 118.50000000000001 0.74954935394617928 0.31838294448913923 69.500000000000014 1.8728645306312766 9.5000000000000018 0.26843205574912898 179.61707175925929 2.8575219785008188 0.016655546175841366 0.35567176655993649 0.84223981782463231
decision_type=2 2 10 2 2 10 2 2 2 2 10 8 2 10 2 2 10 2 10 2 8 10 8 8
left_child=11 12 16 4 5 6 -4 8 10 -8 -6 -1 -2 -14 -9 -12 17 20 -18 -20 21 -3 -13 -24
right_child=1 2 3 -5 7 -7 9 14 -10 -11 15 22 13 -15 -16 -17 18 -19 19 -21 -22 -23 23 -25
leaf_value=0.0048514960647482617 0.0018199531743364459 -0.0043198717812036897 0.012939191627955395 -0.0035339563534164636 0.0050843107451369451 -0.002743524645438341 -0.0014113369057540941 0.014546393124135422 0.008319619285139513 0.0048439596769141611 -0.0072584088184270111 -0.0028870705548795826 0.0015766975934542525 -0.0058599166052675095 0.0039711669887870079 0.0024484462620663482 -0.0021067341062248738 -0.0060837465758403634 -0.0010149130284818071 0.01039451713652257 0.0055471632920460999 0.0038327712960404491 0.0037029360983726078 -0.00042021384132967326
leaf_weight=26.466239377856255 42.888530842959881 28.685120485723019 12.440343685448168 18.421755447983742 20.578627653419971 34.798574134707451 35.670888051390648 16.786813177168373 21.504274800419807 44.939095854759216 12.727568402886392 93.561614044010639 21.493528716266155 45.971316762268543 13.369439274072645 10.877850390970705 16.786980845034122 31.5786487236619 11.96993223577738 15.193853534758089 16.049178048968315 14.174428954720495 62.251715131103992 1141.2777599170804
leaf_count=154 319 184 82 137 142 250 255 112 154 316 99 698 143 343 85 78 133 232 90 105 108 89 367 8462
internal_value=0.000113425 0.00118746 0.00196362 0.00322713 0.00382571 0.00207007 0.00390872 0.00603037 0.003549 0.00210999 0.000843377 -0.000282623 -0.00143489 -0.00350834 0.010634 -0.00296455 -0.000324222 -0.00187056 0.00275812 0.00571307 0.000547562 -0.0015309 -0.00039853 -0.000197893
internal_weight=1810.46 486.907 376.553 242.115 223.693 127.849 93.0503 95.8446 65.6883 80.61 44.184 1323.56 110.353 67.4648 30.1563 23.6054 134.438 90.4874 43.9508 27.1638 58.9087 42.8595 1297.09 1203.53
internal_count=13137 3456 2651 1710 1573 903 653 670 473 571 319 9681 805 486 197 177 941 613 328 195 381 273 9527 8829
is_linear=0
shrinkage=0.01


Tree=236
num_leaves=25
num_cat=0
split_feature=73 174 123 119 156 244 113 102 109 89 39 277 158 299 299 297 22 221 316 118 189 165 100 37
split_gain=8.33049 10.4667 10.2519 9.72007 9.59897 10.7067 9.32951 8.81693 14.2542 10.7543 8.58545 10.16 9.946 9.45061 8.98268 8.12051 8.05926 11.2662 11.1034 9.34679 8.62497 8.58041 8.06185 9.81589
threshold=315.53479370826329 58.931805555555563 0.89470576355673559 1.1620850402445735 0.0067570652422042649 0.019027777777777779 -0.3079230719319685 -0.53922700106759491 0.60812320615139193 1.9502611607581934 0.072656966255582198 -0.010838036460521366 0.27438333056799963 -0.031820360263460849 0.054559670608552831 0.035214470272248104 1.0497213959623342 -0.12072348707294879 -0.02550971239271194 43.500000000000007 -0.40284875783956753 179.86449074074076 0.99844338237673147 0.50962862894681094
decision_type=2 10 10 10 8 2 10 8 10 8 2 10 10 2 2 2 10 2 2 2 10 2 10 2
left_child=2 -2 6 16 5 -4 7 8 9 15 12 -12 13 -8 -14 -1 17 18 -3 21 -21 -20 23 -22
right_child=1 3 4 -5 -6 -7 10 -9 -10 -11 11 -13 14 -15 -16 -17 -18 -19 19 20 22 -23 -24 -25
leaf_value=-0.00072121509664324786 -0.00074930372558464011 -0.0012684104351536052 0.010152028313408518 -0.0028020404134167548 -0.0013934426564695226 0 0.00083630630422737136 -0.0026865146778694694 0.0044498977085294326 -0.003876811958902558 -0.0050465323886787527 0.0026488560359477003 0.0032238838569061674 0.010478708061722315 -0.0051056027572771072 0.0054964863041245225 0.0091844949703288967 -0.0037830557753505524 -0.0018300487306320366 0.0033346592857434842 0.003087496179037611 0.0060219602359555145 0.0010093698715115485 0.014421950159485721
leaf_weight=61.906673274934292 186.23133400082588 46.475354291498661 12.372087262570856 31.755965210497379 753.33894830942154 33.037548676133156 15.649435564875601 105.07796563953161 69.686261005699635 66.296629585325718 25.92356038838625 39.640992239117622 63.056239604949951 30.853629544377327 13.362841129302977 28.379457294940948 16.317175790667534 24.485817953944206 40.543377444148064 80.226065531373024 13.593491591513155 17.64848680794239 11.421829134225844 24.412041343748569
leaf_count=376 1320 307 86 284 6013 256 94 740 399 454 158 240 395 185 94 174 99 173 316 546 83 133 82 155
internal_value=4.44864e-06 0.00111012 -0.000409774 0.00223831 -0.00112002 0.00321005 0.000679777 -0.000330103 0.00077953 -0.000897788 0.0024389 -0.00046226 0.00396986 0.00748921 0.00162385 0.00133037 0.00284641 0.00234758 0.00303011 0.00410197 0.00557157 0.000704194 0.00880447 0.0108893
internal_weight=1811.69 493.111 1318.58 306.88 798.749 45.4096 519.834 331.347 226.269 156.583 188.487 65.5646 122.922 46.5031 76.4191 90.2861 275.124 258.806 234.321 187.845 129.653 58.1919 49.4274 38.0055
internal_count=13162 3498 9664 2178 6355 342 3309 2143 1403 1004 1166 398 768 279 489 550 1894 1795 1622 1315 866 449 320 238
is_linear=0
shrinkage=0.01


Tree=237
num_leaves=25
num_cat=0
split_feature=65 73 109 150 315 82 209 179 288 213 136 35 39 36 218 124 35 156 294 288 231 13 235 82
split_gain=6.82709 10.9707 10.4714 11.4935 10.8772 10.7747 11.8703 9.82406 10.1339 9.25712 9.11971 8.8712 8.77907 8.85186 12.1296 8.56603 8.95619 11.815 9.72077 12.4456 9.46789 8.17376 10.6886 8.86732
threshold=2.7026611383887675 315.53479370826329 1.2403456650053799 0.048826334128002941 -0.73989307244633762 0.73898413436725841 0.68778669724770658 2.4875383670963784 -0.0050729253118707079 -0.43571071860533012 0.21919238138816602 0.0030143197223282277 0.078793564159417837 0.024157126618763451 0.026954373728567283 27.500000000000004 0.0027491421920582859 0.013921188630490957 0.058587246087246088 -0.00166047814474627 0.6403488903111868 0.92479840978995875 0.0078791892143574051 0.45051206252524989
decision_type=8 2 10 10 2 8 2 2 2 2 2 2 2 2 2 2 2 10 2 2 2 10 2 10
left_child=2 15 3 -1 -4 6 -5 -3 -9 -6 -7 -12 13 -10 -15 16 20 -18 -19 -20 -2 23 -23 -11
right_child=1 7 4 5 9 10 -8 8 12 21 11 -13 -14 14 -16 -17 17 18 19 -21 -22 22 -24 -25
leaf_value=0.00081213581019074941 0.00054229776732200472 0.0069023028614250206 0.010434424606107566 0.00097575881988018107 -0.00105463165783129 -0.0021630348273096998 -0.0040428844040409275 0.0040851500930957898 -0.0014116850448496218 -0.0017851432719140021 0.00019823710977012483 0.010714069156210777 -0.0050443972536509361 -0.0033477728910832698 0.0062080708401624123 0.005789872853796855 0.0046623441340037644 -0.0049857449828161768 -0.0041070714149039136 0.0070704581310262627 -0.0048982093079829418 -0.0020323283921491559 0.0070180864401175611 0.0052127568372796387
leaf_weight=502.6882675588131 170.50238424539566 21.350442886352539 12.13339690864086 63.786898590624332 87.731998257339001 24.503896810114384 165.05567131191492 51.26484677195549 112.47009898722172 19.653230637311935 15.786986261606218 14.147183030843733 36.246594466269016 16.944749295711517 40.072451062500477 11.956466190516947 14.571300968527792 168.93356340378523 20.346174158155918 14.624023050069807 36.368284940719604 55.676869139075279 13.953558392822741 116.72283372282982
leaf_count=3168 1426 159 72 476 571 206 1379 358 901 125 135 118 260 127 283 77 109 1381 160 120 320 369 90 738
internal_value=2.04209e-05 -0.000736441 0.000518056 -9.33443e-05 0.00207879 -0.00169578 -0.00264483 0.000808024 0.000227928 0.00163361 0.00220942 0.00569677 -0.000770915 0.000205231 0.00332722 -0.00172068 -0.00197117 -0.00337066 -0.00400577 0.000720492 -0.000462726 0.00278206 -7.49672e-07 0.00418118
internal_weight=1807.49 715.651 1091.84 785.969 305.872 283.281 228.843 278.349 256.999 293.738 54.4381 29.9342 205.734 169.487 57.0172 437.302 425.346 218.475 203.904 34.9702 206.871 206.006 69.6304 136.376
internal_count=13128 5681 7447 5482 1965 2314 1855 2088 1929 1893 459 253 1571 1311 410 3593 3516 1770 1661 280 1746 1322 459 863
is_linear=0
shrinkage=0.01


Tree=238
num_leaves=25
num_cat=0
split_feature=32 39 304 318 73 174 79 193 71 320 121 29 271 65 108 212 57 286 35 314 277 279 285 254
split_gain=7.34258 8.92919 8.06975 8.41734 6.90089 11.9323 10.0093 9.98219 9.93504 9.8001 9.77388 9.44115 8.18225 12.1157 9.41179 9.03064 8.91244 11.304 10.3478 10.5533 9.74406 9.50582 11.7268 8.66762
threshold=0.0015637226134585292 0.051300849687946466 -0.041901087271693831 0.74305355179324828 322.47232286924384 62.015555555555558 100.31995283365654 0.77154105736782908 1.3096286593596413 -0.11142331004415194 -2.1223818692878669 0.24865072925119117 0.14021189356493871 3.0538996346325349 0.57204154136882834 0.24147617202634641 0.24980177907607112 2.1607660165567437 0.0020597344194136871 -0.0046269535431385138 -0.020701626216220719 0.05898701945136859 0.090218348173271443 49.500000000000007
decision_type=2 2 2 2 2 10 2 8 10 2 8 2 2 10 10 2 10 2 2 2 10 10 2 2
left_child=4 -2 3 -3 6 -6 7 -1 10 -10 -9 -7 14 15 -8 -14 17 -16 20 -20 -19 -18 -23 -17
right_child=1 2 -4 -5 5 11 12 8 9 -11 -12 -13 13 -15 16 23 21 18 19 -21 -22 22 -24 -25
leaf_value=0.0033300008320579595 -0.0061782605423479466 -0.0017029811046489532 -0.0018489523068473104 0.010634282245873041 -0.00057393209190974455 -0.0018628551060744076 -0.0024452276244154403 0.005146132964239011 -0.0017571047629412046 0.0082719438865780388 -0.0027650692831567231 0.0035555631333579387 -0.0024256689898962311 -0.0027854738823838714 0.0028929420428725843 -0.00062992241659145121 -0.0036648793271345866 -0.0029685606162241029 0.0031276016843709642 -0.0051473303327547104 0.0074336873600221575 -0.0027931906725229124 0.0069105824097786704 0.0051292460345977358
leaf_weight=142.4065118059516 36.489602096378803 8.87843254953623 87.516347095370293 9.0105070471763593 187.40851856023073 35.757702797651291 316.96502588689327 15.468950554728506 15.111105136573313 20.357814364135265 106.65013442933559 210.94892271608114 28.392914421856403 57.402402088046074 138.64122108370066 34.566003642976284 105.23010424524546 13.085955984890459 17.941715635359287 62.022186808288097 18.982139751315117 24.493841797113419 20.20308468490839 94.23344711959362
leaf_count=867 424 85 878 84 1298 255 2409 81 99 135 736 1443 176 376 971 215 894 100 125 447 133 214 167 524
internal_value=5.27252e-05 -0.00210728 -0.000563497 0.00506812 0.000240544 0.00132056 -0.000141316 0.00143807 -0.000293989 0.00415934 -0.00166067 0.0027539 -0.00065351 0.00104746 -0.00116573 0.00247806 -0.000140764 0.00100733 -0.00133119 -0.00323486 0.00326377 -0.00204999 0.00172252 0.00359574
internal_weight=1808.16 141.895 105.405 17.8889 1666.27 434.115 1232.15 299.995 157.588 35.4689 122.119 246.707 932.16 214.595 717.565 157.192 400.6 250.673 112.032 79.9639 32.0681 149.927 44.6969 128.799
internal_count=13136 1471 1047 169 11665 2996 8669 1918 1051 234 817 1698 6751 1291 5460 915 3051 1776 805 572 233 1275 381 739
is_linear=0
shrinkage=0.01


Tree=239
num_leaves=25
num_cat=0
split_feature=99 69 123 109 123 93 161 209 81 128 235 315 199 297 307 126 201 184 115 261 165 105 278 131
split_gain=7.43877 9.11422 8.90295 8.17694 13.1685 10.7846 10.3894 9.81251 9.37602 11.4406 9.62125 14.0895 9.51317 10.3782 9.30166 9.81674 9.01179 8.66669 8.4692 8.3886 8.39492 8.17136 8.95121 11.0897
threshold=1.2991274216249038 0.31959780962330558 2.1572257067614959 1.2469916402469974 0.92350867669650383 -0.54854893623663348 0.017877117289868971 0.68976429506765624 1.2231246617494098 1.8547636607326581 0.0052151327241079211 -0.18741629693484077 -0.52489660306320929 0.0043135131062795413 -0.021210302302739271 0.5489016804586343 0.72591692443658873 0.67159246637051229 -0.76796683174764502 -0.19170176298755176 177.66008101851853 0.76680161198624253 -0.0032441221663263796 1.4035290376493259
decision_type=10 10 10 10 8 8 8 2 10 8 2 2 2 2 2 8 2 8 10 8 2 10 10 10
left_child=1 2 3 4 6 7 19 -5 9 10 21 12 -12 -14 -10 -16 -8 18 -6 20 -1 -7 23 -23
right_child=-2 -3 -4 5 17 8 16 -9 14 -11 11 -13 13 -15 15 -17 -18 -19 -20 -21 -22 22 -24 -25
leaf_value=0.0071203558659263932 -0.0045782744285706818 0.0036035295537214778 -0.0020240609607920478 -0.00040940582419321124 -0.0013018739318730803 -0.0032129566512944484 0.0085268497869067893 0.0057143027597384415 -0.0012482859493459333 -0.0069512578386989685 -1.0048432534001052e-05 -0.0033298946174110996 0.003082942373353533 0.011905599322959067 -0.0014838105150884312 0.0080619233604404955 -0.00020111518260867967 -0.0027761135799451268 0.0043652545699107087 -0.0043821588198866479 0.00029874601017090889 -0.0008405068735075176 -0.0010587456362307673 0.0082068649099732247
leaf_weight=16.008187785744667 31.369173631072044 69.59115307033062 193.08564186096191 37.049474611878395 81.2321437895298 90.042441986501217 26.694019764661789 81.162688858807087 26.330934837460518 20.612002462148666 30.403079152107239 27.995535127818584 36.35610606521368 21.763204030692577 12.997460469603537 41.184642784297466 19.150817818939686 261.42472678422928 35.560375228524208 33.911216765642166 443.99966122210026 24.88089033216238 114.19290702790022 25.265178732573986
leaf_count=103 303 479 1787 226 682 661 150 516 169 172 198 188 246 146 85 258 122 2171 291 230 2826 169 764 160
internal_value=3.97841e-05 0.000129357 -1.79288e-05 0.000241554 -0.000347929 0.00115734 0.000652523 0.00382212 0.000468987 -0.00017567 0.000248135 0.00259502 0.00452512 0.00680403 0.00351505 0.00579448 0.00506113 -0.00177257 0.000477854 0.000214689 0.000580559 -0.000839698 0.00048708 0.00389436
internal_weight=1802.26 1770.89 1701.3 1508.22 917.981 590.237 539.764 118.212 472.024 391.511 370.899 116.518 88.5224 58.1193 80.513 54.1821 45.8448 378.217 116.793 493.919 460.008 254.381 164.339 50.1461
internal_count=13102 12799 12320 10533 6575 3958 3431 742 3216 2704 2532 778 590 392 512 343 272 3144 973 3159 2929 1754 1093 329
is_linear=0
shrinkage=0.01


Tree=240
num_leaves=25
num_cat=0
split_feature=299 111 288 203 174 115 150 224 148 201 229 118 118 193 282 123 247 201 109 204 202 317 305 274
split_gain=8.36708 8.64117 8.46825 15.813 9.74135 8.14847 9.16913 11.3376 10.1139 9.45658 11.7528 9.12847 10.0762 10.3477 8.79565 8.45804 8.20013 7.88033 7.13518 7.0215 10.575 6.83938 6.7138 6.81533
threshold=-0.04770368072787428 0.58371759978029047 0.0043200084684878615 0.026432231020027949 77.257500000000007 -0.41416955503806757 0.099189951462678741 1.8477000761707278 0.22347426781784327 0.80569039913700113 -0.079934398232271608 19.500000000000004 20.500000000000004 0.59476565172767715 -0.035148172248905901 1.4677876795398546 1.6046070330225815 0.54421072226358913 2.2683624778100966 0.31260179153094464 0.053631351869606908 -0.0016246964417696123 0.55515109014340402 3.5603722691651942
decision_type=2 8 2 2 10 10 10 2 8 2 2 2 2 8 10 10 2 2 10 2 2 2 2 2
left_child=2 21 18 4 -4 11 8 -8 -7 10 -9 14 -13 16 -3 19 -14 -18 22 20 -16 -2 23 -1
right_child=1 5 3 -5 -6 6 7 9 -10 -11 -12 12 13 -15 15 -17 17 -19 -20 -21 -22 -23 -24 -25
leaf_value=0.0047472289479098609 -0.00013019581529454536 -0.0062441024988293056 0.0027310983343739998 -0.0011180994310300122 0.013991761278167059 -0.0014689922193729871 -0.0066093045214579392 -0.0029468886876597199 0.0086598803148589028 0.005351239953912075 0.0049754024890173157 0.0063458020520649507 -0.008989168567592307 -0.00031236503486307038 0.0032563943325504591 -0.0051767847819999338 0.0045388912194942376 -0.0047466697244289415 0.0063327590863140526 0.0036842342433479392 -0.0034209414037205872 0.0089931064037879344 0.0050866383203933621 -0.00063440906825614916
leaf_weight=22.756281182169914 15.225648425519468 49.914330080151558 16.360076628625393 26.291423223912716 15.934724070131777 13.365757517516611 18.376197338104248 59.418527878820896 27.145666226744652 36.517802186310291 23.932536385953426 18.613500118255615 22.331456109881401 882.55401398986578 30.689787648618221 45.421898886561394 12.043498605489729 20.973783977329731 17.380459137260914 30.981632225215435 79.085039153695107 14.291146866977213 23.200677670538425 287.35994488745928
leaf_count=146 108 395 112 178 102 98 143 444 171 293 172 136 156 6329 238 441 88 161 120 224 583 99 168 2068
internal_value=-8.14562e-05 -0.000449661 0.00117078 0.00460002 0.00899799 -0.00056972 0.00140412 0.000135477 0.0054175 0.00130676 -0.000571443 -0.000869051 -0.000429642 -0.000583935 -0.00261879 -0.00156228 -0.00467022 -0.00124022 0.000562695 -0.000309516 -0.00151014 0.00465749 0.000207847 -0.000196775
internal_weight=1810.17 1400.88 409.284 58.5862 32.2948 1371.37 178.756 138.245 40.5114 119.869 83.3511 1192.61 956.516 937.903 236.093 186.178 55.3487 33.0173 350.697 140.756 109.775 29.5168 333.317 310.116
internal_count=13173 10279 2894 392 214 10072 1321 1052 269 909 616 8751 6870 6734 1881 1486 405 249 2502 1045 821 207 2382 2214
is_linear=0
shrinkage=0.01


Tree=241
num_leaves=25
num_cat=0
split_feature=73 122 116 160 31 259 17 67 109 234 108 272 196 96 267 229 177 262 192 33 240 4 199 294
split_gain=6.97846 7.85195 8.49656 7.72696 8.89846 8.77487 9.98055 9.72664 13.5005 10.8597 10.973 9.63695 8.97986 10.2486 8.92729 8.75965 8.40333 8.21161 9.52388 8.37572 7.73781 7.68493 9.60235 8.66715
threshold=315.53479370826329 0.2472210926949053 0.29847526990555368 0.067583317583317606 0.0086299992552319963 -0.39558285581116126 2.4038252090055661 139.50392884067151 0.61938166623428181 0.095098824223523962 0.22649738235189765 0.010170929662619893 0.26106541323932636 -0.76561608348992027 1.1158563169332576 -0.046889311948586719 7.1946424212887115 -0.99788036317089934 0.26339178056555451 0.028943137586732105 -0.010850816330840949 128.14554400722477 -0.26533422185463812 -0.1333807416772019
decision_type=2 10 8 10 2 8 2 2 8 2 8 2 10 8 2 2 10 10 8 2 2 2 2 2
left_child=1 3 21 5 15 7 14 8 17 10 20 -9 -12 -14 16 -5 -7 -1 -19 -20 -10 22 23 -3
right_child=-2 2 -4 4 -6 6 -8 11 9 -11 12 -13 13 -15 -16 -17 -18 18 19 -21 -22 -23 -24 -25
leaf_value=0.0044113876700991976 0.0010887372478333652 0.0037507614362101518 0.00030042583102360079 0.0019349346175501071 -0.0044188283644841187 0.00639421174581327 -0.0061185925370474186 0.0032419630673353704 0.0026320988459134186 0.0080462473156800145 0.0073320111018087952 -0.0036100295198752386 0.0064477797249531668 -0.0028710327016990655 -0.0056909778897174246 0.0089282229447120703 -0.0013082468872161563 -0.0040468263143781475 -0.0022855008750912015 0.0033997613651416403 -0.0041023756359573286 -0.0058951822646876578 0.00076751861866613473 -0.0037632488536563052
leaf_weight=24.916995048522949 488.63644140958786 14.624173894524573 213.19994401186705 140.73794936388731 15.917785368859766 20.941237933933735 45.865546204149723 23.748683735728264 27.225030936300755 33.289117224514484 41.488761864602566 90.734112173318863 16.712283656001091 26.951902851462364 18.902530655264854 18.40372097492218 32.773171126842499 75.3208382204175 48.129563800990582 49.848805345594883 36.810740411281586 47.107131369411945 105.32687304913998 152.90260331332684
leaf_count=144 3469 121 1640 880 120 150 323 159 176 204 262 594 97 169 150 113 226 512 344 321 255 430 911 1383
internal_value=7.07115e-05 -0.000306369 -0.00124085 0.000326236 0.00216188 -0.00020333 -0.00261523 0.000383369 0.00115382 0.00309601 0.00185511 -0.00213594 0.00415439 0.000849947 -0.000242058 0.00289228 0.00184711 -0.000647614 -0.00144014 0.00061128 -0.0012339 -0.00226459 -0.00157984 -0.00304979
internal_weight=1810.52 1321.88 533.161 788.719 175.059 613.659 118.482 495.177 380.694 182.478 149.189 114.483 85.1529 43.6642 72.6169 159.142 53.7144 198.216 173.299 97.9784 64.0358 319.961 272.854 167.527
internal_count=13153 9684 4485 5199 1113 4086 849 3237 2484 1163 959 753 528 266 526 993 376 1321 1177 665 431 2845 2415 1504
is_linear=0
shrinkage=0.01


Tree=242
num_leaves=25
num_cat=0
split_feature=73 180 94 11 106 299 117 303 216 272 54 3 109 192 150 192 244 48 161 77 226 111 184 51
split_gain=7.46047 9.27751 9.8102 15.9717 11.7399 11.8662 10.8215 10.6632 9.40496 8.36874 9.29888 7.58192 11.2456 11.5347 9.98483 14.3819 12.5461 10.8072 10.7989 12.3311 10.5422 10.3326 9.82065 9.73868
threshold=315.53479370826329 2.7924453595185308 0.45438319374378938 0.49856884427982234 0.56477797512565553 -0.052933153802719006 0.47654324744364945 -0.00088593163640055743 1.4249216673525891 0.015334566979173698 4.5000000000000009 2.5471693845014545 1.5063613918332945 0.96103719037383317 0.048826334128002941 -0.075853457202238989 0.018194444444444447 115.50000000000001 0.0028268565355324886 0.84223981782463231 0.056627009945162197 1.2317989813391093 -0.79716597214367135 222.50000000000003
decision_type=2 2 10 10 10 2 10 2 2 2 2 2 10 10 10 10 2 2 8 10 2 10 10 2
left_child=11 -2 6 4 9 7 -3 -6 -7 -4 -11 12 14 -14 15 -1 -16 18 19 -17 -20 -21 -13 -22
right_child=1 2 3 -5 5 8 -8 -9 -10 10 -12 22 13 -15 16 17 -18 -19 20 21 23 -23 -24 -25
leaf_value=-0.002615138484959062 0.0079517813212729629 -0.0001861895458729336 -0.0055204422079080688 -0.0039408291303305075 0.0005651691758833177 0.0057114243742575543 0.0077536342766843383 0.01179270304663326 0.00026164107969573505 0.0032941167400446416 -0.0035627559325355908 0.0068882068584035514 -0.00086570405239577372 0.0096028197512505239 -0.0049884824694801143 0.0046916035499766787 0.00046756110670446771 -0.001888746257656791 0.0016376320628127021 0.0018029752113681967 0.001916145293028497 -0.0047634542350822292 -0.0012074606640041907 0.011079341879168409
leaf_weight=84.407106831669807 16.147252641618252 29.931889839470387 32.951150834560394 72.900277994573116 14.109654873609541 37.255275323987007 36.26388181000948 20.30737791955471 154.26213633269072 42.985342584550381 31.930837593972683 12.478922240436075 16.689067378640175 23.128041081130505 72.119617491960526 55.823824197053909 94.594677105545998 56.266146048903465 46.02751787006855 50.925487458705902 18.874205574393272 40.496550150215626 714.49302385002375 36.238571591675282
leaf_count=558 118 196 236 651 95 232 231 130 1073 288 215 93 99 131 570 325 724 332 289 344 114 271 5640 207
internal_value=3.29519e-05 0.00108516 0.000802499 0.000206769 0.00114119 0.002429 0.00428888 0.00761097 0.00139494 -0.00154019 0.000335194 -0.000356854 0.000477302 0.00542585 9.51797e-05 0.000973587 -0.00193076 0.00198614 0.00287936 0.00110426 0.00535317 -0.00115088 -0.00104084 0.00820642
internal_weight=1811.61 489.045 472.898 406.702 333.802 225.934 66.1958 34.417 191.517 107.867 74.9162 1322.56 595.591 39.8171 555.774 389.059 166.714 304.652 248.386 147.246 101.14 91.422 726.972 55.1128
internal_count=13162 3465 3347 2920 2269 1530 427 225 1305 739 503 9697 3964 230 3734 2440 1294 1882 1550 940 610 615 5733 321
is_linear=0
shrinkage=0.01


Tree=243
num_leaves=25
num_cat=0
split_feature=73 80 150 108 60 308 138 90 311 192 287 171 204 101 227 87 90 28 28 239 258 20 271 283
split_gain=8.20158 8.43769 7.67489 10.7282 10.1427 12.3291 11.1951 10.6125 9.40076 9.0828 9.48764 14.4043 9.54239 9.40555 13.273 9.32918 8.7785 14.1363 10.1484 8.37249 8.34817 8.22159 7.65647 8.0613
threshold=315.53479370826329 94.500000000000014 0.048826334128002941 0.65095966785300796 38.991747311576162 0.0038371881989388329 0.14591914861036678 8.5246055111150518 0.028414923335091217 -0.075853457202238989 0.016638134303127133 5.4948551031947988 0.30816714150047492 -2.0234719017854013 0.0084122069880583818 1.9514666959375524 1.9896588565080411 0.22072737760186173 0.24123259178875026 1.306427593669798 -1.1414108351171333 0.14488379566740964 0.066247174672554032 0.011013471758744285
decision_type=2 2 8 10 2 2 2 2 2 10 2 10 2 10 2 8 2 2 2 10 2 8 2 10
left_child=2 22 9 -4 5 19 -6 8 -8 20 13 -12 15 14 -11 -13 17 -15 -19 -5 -1 -7 -2 -24
right_child=1 -3 3 4 6 21 7 -9 -10 10 11 12 -14 16 -16 -17 -18 18 -20 -21 -22 -23 23 -25
leaf_value=0.00052796960538380297 -0.00045099142232726846 -0.0031791192786263995 -0.0022806246906255799 1.8287229690635134e-06 -0.0058587874317165148 0.00025531608368116145 -0.0026297663724711528 0.0047828769665357231 0.003788355578853729 0.010812345550371442 -0.0040426193525288836 0.0040519763641077948 0.0081359238181526444 -0.0031990673254721847 -0.0018788609016265425 -0.0025485918456421073 -0.0024381259502859061 0.0092410638853032828 7.8667892289567846e-05 0.0075124430307976636 -0.0054688531169558782 0.010633640022079401 0.003026737799150114 -0.0015350645869198008
leaf_weight=49.877713195979595 131.42406480014324 38.088738009333611 339.94196892529726 220.21111961454153 44.482719115912914 12.248336873948572 123.72627730667591 29.956782296299934 25.118041656911373 14.858964838087561 22.619409784674644 85.543649591505527 40.855381108820438 31.767586335539818 13.861229427158831 25.908659271895885 126.11704472452402 24.392179913818836 22.231081329286098 13.095786355435846 39.441700175404549 19.058246821165088 275.16150184720755 42.910544939339161
leaf_count=317 1080 258 2896 1566 401 84 976 219 197 94 141 522 244 208 91 175 798 149 140 102 269 120 1816 295
internal_value=7.20599e-05 0.00117756 -0.000335544 -0.000924772 2.55911e-05 0.00134556 -0.00153148 -0.000374575 -0.00148936 0.000642645 0.00127721 0.0030176 0.00412745 -4.44577e-05 0.00503734 0.00248354 -0.000822225 0.00175939 0.00514804 0.000512977 -0.00219608 0.00696182 0.00156661 0.00240002
internal_weight=1812.9 487.585 1325.31 827.839 487.897 264.613 223.284 178.801 148.844 497.475 408.155 174.927 152.308 233.228 28.7202 111.452 204.508 78.3908 46.6233 233.307 89.3194 31.3066 449.496 318.072
internal_count=13158 3449 9709 6561 3665 1872 1793 1392 1173 3148 2562 1082 941 1480 185 697 1295 497 289 1668 586 204 3191 2111
is_linear=0
shrinkage=0.01


Tree=244
num_leaves=25
num_cat=0
split_feature=150 71 36 239 304 225 233 122 122 307 234 55 71 158 161 161 123 185 209 126 29 213 294 29
split_gain=7.22203 12.5088 13.0822 10.8424 9.172 10.0917 10.0783 10.9228 17.5434 9.47438 12.5857 9.02366 11.096 9.38852 9.03836 8.90295 8.63312 8.11719 9.07826 8.07467 8.21294 8.16495 8.05154 8.04558
threshold=0.048826334128002941 1.8620673714001119 0.029888180909545231 0.7959198836719773 -0.0054910345193872603 0.78576494427558263 0.76932716406400636 -0.30582996595914869 -0.51728461124990044 0.0065995663497859592 0.12890130489823745 3.1145141823895464 2.8766706320861144 0.26113197132668559 0.079238106737503033 0.090109422727448499 -0.10896092029255984 0.66794871794871802 0.72245564892623726 0.588175110943849 0.25729942974572312 -0.43835943308603537 0.025669187635862737 0.26282549746779921
decision_type=8 10 2 10 2 2 2 10 8 2 2 2 10 10 10 10 10 10 2 10 2 2 2 2
left_child=4 17 11 -4 5 6 7 8 16 -6 23 15 -13 14 -14 -3 -1 18 -2 -16 -21 -22 -17 -11
right_child=1 2 3 -5 9 -7 -8 -9 -10 10 -12 12 13 -15 19 22 -18 -19 -20 20 21 -23 -24 -25
leaf_value=0.0032328024892403348 -0.00043473671196824214 0.0005993292144584509 0.00087545940921455621 0.0079414906998176577 0.00072149875914113385 -0.0033860367402020943 0.0052454211810294259 -0.0034510221537190793 0.0069936033070136239 0.0091468669684243546 -0.0024987882534125644 -0.0028264656093672843 -0.003184741655886396 0.0078054721985228986 -0.003654182051201505 0.00059189845447230548 -0.0039288107103690401 -0.002357986210779059 0.0073344846658018673 -0.0014630804009922787 0.0011458370417370132 0.011211162919950028 0.010523407675317311 0.0032806760613902225
leaf_weight=23.871560730040073 144.0963768362999 303.9414338991046 49.242249742150307 37.732897266745567 180.72261679917574 73.416926965117455 39.128827258944511 62.521873235702515 37.106851816177368 39.633528888225555 20.928695790469646 175.66663012653589 48.350826263427734 14.820929147303103 14.137319408357142 15.789416991174223 42.989529140293598 348.34777497500181 13.907161198556421 15.222544975578783 14.99793951958417 17.378023162484176 15.470132187008856 66.154214166104794
leaf_count=127 1098 2105 320 248 1147 480 245 403 220 242 135 1554 360 112 106 105 259 2956 112 109 105 114 102 426
internal_value=0.00012602 -0.000309094 0.000533834 0.00410641 0.00103672 -0.000272983 0.00086469 -0.000229632 0.00173837 0.00222029 0.00428737 2.7427e-05 -0.001223 0.00103688 -3.88397e-05 0.00115252 -0.00132985 -0.00151051 0.000360261 0.00244106 0.00437528 0.00704566 0.00600372 0.00566946
internal_weight=1815.58 1229.1 722.75 86.9751 586.475 279.036 205.619 166.49 103.968 307.439 126.716 635.775 300.574 124.908 110.087 335.201 66.8611 506.351 158.004 61.7358 47.5985 32.376 31.2595 105.788
internal_count=13190 9506 5340 568 3684 1734 1254 1009 606 1950 803 4772 2460 906 794 2312 386 4166 1210 434 328 219 207 668
is_linear=0
shrinkage=0.01


Tree=245
num_leaves=25
num_cat=0
split_feature=233 176 297 120 136 237 111 59 234 161 108 63 21 222 160 302 127 107 107 47 52 176 237 10
split_gain=7.20754 8.39332 8.37699 8.84711 11.5675 10.7621 7.9128 9.26256 9.59188 9.33561 8.8982 8.56376 9.29311 10.4267 9.47682 10.552 13.3681 9.59457 8.17376 6.8554 9.7224 7.26244 6.79449 6.64369
threshold=0.87513213530655409 12.829046545429577 0.015624016665511132 0.62097112523439313 0.32074493841358237 -0.10701977530172037 0.81348002142991893 1.881550311136549 0.048093444356330964 0.013460464133109874 -0.088454122283608619 -0.55832080612393686 -0.18354801880987667 173.50000000000003 0.064915910048653422 0.034768454158514407 0.29517381784400981 0.13016598671795385 0.30479814128470523 15.500000000000002 139.50000000000003 12.23828589677059 -0.17644493990579715 1.0501679086326405
decision_type=2 2 2 8 2 2 8 10 2 10 10 10 10 2 10 2 8 10 10 2 2 2 2 2
left_child=2 19 -1 5 6 22 10 9 18 -8 -5 -10 13 -13 -14 16 -16 -18 23 20 -2 -22 -4 -9
right_child=1 -3 3 4 -6 -7 7 8 11 -11 -12 12 14 -15 15 -17 17 -19 -20 -21 21 -23 -24 -25
leaf_value=-0.00014282201264095558 -0.0042976848394441561 0.0018991100090185501 0.0027294110149745417 0.00032823727670677842 -0.0073400802995333067 -0.000376986063594838 -0.0042354845023151256 1.7793167986956726e-05 -0.0042915676556796577 0.0044327129573957791 0.01170332887913802 0.0082459945768761905 -0.0031781248593855311 0.00078189502868017478 0.0087639869733172598 -0.0025349072199706254 -0.0053642394513640805 0.0043009362393399116 0.0042795175056232013 -0.0072647578168966997 0.0056595605588538045 -0.0026552634406763276 0.012005559619197317 -0.0073501131337541138
leaf_weight=1194.7278387472034 56.429025672376156 41.354735463857651 16.279404871165752 13.516191579401495 13.540313333272932 22.469878844916821 54.689004458487034 22.642484746873379 14.487659804522989 13.251869156956671 11.957079052925112 52.152650311589241 31.949603766202927 29.826777309179306 36.862572863698006 24.741390578448772 14.556805215775965 22.21030530333519 13.680929400026796 28.623221814632416 21.121873520314693 16.216096103191376 18.907827749848366 23.081249870359898
leaf_count=8678 464 340 97 97 107 139 365 168 97 87 77 339 264 193 278 194 116 152 101 218 156 121 106 203
internal_value=9.46443e-05 -0.00188702 0.000295362 0.0014525 0.000894376 0.00502077 0.00124307 0.000825938 0.00161632 -0.00242044 0.00634178 0.00254991 0.00307197 0.00565935 0.00135077 0.00287959 0.00473878 0.000338529 -0.00188528 -0.00318845 -0.00175665 0.00209082 0.00826494 -0.00389307
internal_weight=1809.28 163.745 1645.53 450.804 393.147 57.6571 379.607 354.133 286.192 67.9409 25.4733 226.788 212.3 81.9794 130.321 98.3711 73.6297 36.7671 59.4047 122.39 93.767 37.338 35.1872 45.7237
internal_count=13157 1299 11858 3180 2838 342 2731 2557 2105 452 174 1633 1536 532 1004 740 546 268 472 959 741 277 203 371
is_linear=0
shrinkage=0.01


Tree=246
num_leaves=25
num_cat=0
split_feature=153 153 316 20 153 105 151 291 28 93 106 24 8 248 315 209 105 40 313 287 314 106 315 23
split_gain=7.79435 12.8721 8.82957 8.08189 8.91281 10.524 12.4717 10.5484 9.82624 9.22995 9.01979 8.80099 8.39876 9.72858 8.22271 10.956 8.17383 8.09791 14.556 12.875 8.09625 9.04161 7.64615 7.33415
threshold=0.049443833272216117 0.045084975438992723 0.0023054609879802766 1.1929571380128337 0.015611460138648182 1.0801467272519485 0.083200212992545278 1.7510696594801327 0.23373871693512968 -0.094242593745947803 0.46619698552954297 0.21560880390154796 -0.33858792388725539 0.8190909090909092 -0.096559334601391475 0.75367726584468964 1.3170776672811495 0.0033917478334228091 0.016764343883323037 0.0069329869311173737 -0.0052585491750391728 0.61230478602348282 -0.12305526710165011 -0.24086435966006148
decision_type=10 10 2 10 10 10 10 2 2 8 10 2 2 2 2 2 8 2 2 2 2 8 2 10
left_child=1 3 -2 4 5 6 9 10 16 14 -7 -9 13 -10 22 20 -6 -8 -19 -20 -16 -22 -1 -24
right_child=2 -3 -4 -5 8 7 17 11 12 -11 -12 -13 -14 -15 15 -17 -18 18 19 -21 21 -23 23 -25
leaf_value=0.0003316123865571923 -0.00073562273188571741 0.008887472730130198 -0.0077383312098595535 0.0057551330744734707 -0.0059459749241085056 -0.0033242499796231114 -0.0046121574783016869 0.0016153017776837852 0.0057222851858740303 0.0049333025261950811 0.0029976980107298268 0.011975513907843256 -0.0031420693013903462 -0.0037112119806550089 -0.0053182783279739736 -0.0046100993087380198 0.0011032237337280353 -0.0041545796503689161 0.012500418408164845 -2.280712211818396e-05 0.0056617414975382464 -0.0025125758820572692 0.0076584456931640867 -0.00071151822974577781
leaf_weight=1005.6004228070378 62.732171140611172 14.144574373960493 23.052778951823711 22.393298596143723 68.449178516864777 28.558283530175686 85.979815162718296 15.928540162742136 34.592537000775337 39.97486524283886 77.99653784930706 17.390297301113605 35.687056601047516 13.03670686483383 13.508063457906244 74.223951317369938 20.051666185259819 37.021011926233768 10.311323195695879 21.39239925891161 33.562255725264549 19.245575718581676 25.337173178792 15.614261157810686
leaf_count=6847 597 117 231 145 648 194 758 96 289 265 464 105 295 128 92 566 151 308 81 186 222 135 164 108
internal_value=7.53077e-05 0.00022367 -0.00281654 0.000137092 5.26947e-05 0.000298334 3.05109e-05 0.00288373 -0.00208642 0.000370497 0.00125177 0.00756656 0.00037376 0.00305665 0.000204588 -0.00204087 -0.00435313 -0.0026178 -2.45621e-05 0.00471395 0.000891361 0.0026883 0.000511798 0.00460486
internal_weight=1815.78 1730 85.785 1715.86 1693.46 1521.64 1381.77 139.874 171.817 1227.07 106.555 33.3188 83.3163 47.6292 1187.09 140.54 88.5008 154.705 68.7247 31.7037 66.3159 52.8078 1046.55 40.9514
internal_count=13192 12364 828 12247 12102 10591 9732 859 1511 8399 658 201 712 417 8134 1015 799 1333 575 267 449 357 7119 272
is_linear=0
shrinkage=0.01


Tree=247
num_leaves=25
num_cat=0
split_feature=5 5 273 66 131 282 319 115 121 270 309 89 104 168 109 259 118 246 160 38 114 304 299 52
split_gain=6.94683 12.4133 8.21902 7.66213 7.22711 15.6336 8.37213 11.8348 13.5572 12.9294 9.38719 11.4568 11.1064 12.0001 8.80903 9.77432 14.6467 9.07755 11.0263 10.289 8.81766 8.52625 8.90336 8.41782
threshold=-2.8935132521978844 -2.8712440139818409 4.1489050671302357 -20.727925590299577 1.1296400249269674 0.047933069960870801 -0.16169878183831668 -0.52225303256705835 -0.72089224167704191 0.10221843649441607 -0.050559768526656494 3.543449144821794 33.500000000000007 121.50000000000001 1.0946586135553009 -0.45608371002179882 53.500000000000007 0.67543205947460117 0.037565469890634758 0.36217776217776226 0.71394917729120377 0.01729696364632544 -0.013180106966816872 258.50000000000006
decision_type=2 2 10 2 8 10 2 10 8 2 2 8 2 2 10 10 2 8 10 2 10 2 2 2
left_child=-1 2 -2 -4 5 -3 -6 8 14 10 -9 12 13 -12 17 -16 -17 18 -8 20 -19 22 -18 -15
right_child=1 4 3 -5 6 -7 7 9 -10 -11 11 -13 -14 23 15 16 21 19 -20 -21 -22 -23 -24 -25
leaf_value=-0.0015465736128954847 0.0035406007140253749 -1.2794567027405022e-05 0.0018334384533523573 -0.0060113373113217161 -0.0015252733040048072 0.010490208835095875 -0.00039319299988987473 0.01127171333609344 -0.0021373488112084137 -0.0018919596730195053 0.010545844658364969 0.00047307210509674327 0.012429631352967815 -0.0030168279810790706 0.006649165344955181 -0.0020469588552146749 0.0021392595455067081 -0.0034459188379481619 0.0066321416487030464 -0.0065110272722945905 0.0048356105104450271 -0.00091957008272550904 0.0093224012436031543 0.0058636572792944153
leaf_weight=230.0334408134222 168.41717806458473 46.530058287084103 31.284093156456947 16.803202234208584 352.62381657212973 17.414693221449852 120.42254982888699 11.983144223690031 266.96936029195786 55.809206821024418 13.117100089788435 94.907419845461845 16.286487057805061 26.112248152494431 36.697465442121029 79.34888880699873 42.095850899815559 26.629638366401196 24.458798736333847 42.389852046966553 19.954480580985546 28.642216175794601 30.068373017013073 14.056217215955256
leaf_count=2152 903 281 158 100 2546 100 767 81 2229 391 98 743 102 194 216 574 266 199 164 314 139 181 187 92
internal_value=6.56339e-05 0.000302896 0.00251128 -0.00107032 -5.07345e-05 0.00315696 -0.000215505 0.000272722 -0.000362637 0.00222083 0.00353657 0.0027852 0.00578308 0.00320736 0.000693158 0.00213309 0.00111872 -0.000647386 0.0008907 -0.00311302 0.000155094 0.00360811 0.0053854 0.000249263
internal_weight=1813.06 1583.02 216.504 48.0873 1366.52 63.9448 1302.57 949.949 717.677 232.272 176.463 164.479 69.5721 53.2856 450.708 216.853 180.155 233.855 144.881 88.974 46.5841 100.806 72.1642 40.1685
internal_count=13177 11025 1161 258 9864 381 9483 6937 5236 1701 1310 1229 486 384 3007 1424 1208 1583 931 652 338 634 453 286
is_linear=0
shrinkage=0.01


Tree=248
num_leaves=25
num_cat=0
split_feature=150 97 138 133 15 235 255 168 312 2 305 48 64 9 127 240 149 126 35 131 201 28 150 311
split_gain=6.91815 9.63428 8.6026 9.59351 8.92637 8.54257 8.59023 12.3098 13.1312 10.277 9.98331 8.33403 7.89059 7.8676 12.0076 9.09831 8.24754 8.49084 7.93876 11.4956 8.23449 10.3784 12.3679 8.76158
threshold=0.048826334128002941 0.087048621603932494 0.08952920582273817 0.049349164219561786 -1.4023201150562634 0.022284295468653015 105.50000000000001 158.50000000000003 -0.21574256840807013 0.81301759743454738 0.31453498170535349 95.500000000000014 0.97288618085270195 1.5934334348268961 1.504081682049377 1.109788630452029 0.14488471836364708 0.66181106544166157 0.0014825805033520168 2.2255195471819165 0.73360215053763456 0.24027155056061417 0.14272313052800858 -0.2230687385830229
decision_type=10 10 2 2 2 2 2 2 2 10 2 2 10 2 10 2 10 10 2 10 2 2 10 2
left_child=1 -1 3 -2 -5 6 10 11 -9 -10 -4 -8 -3 14 18 -16 -15 -18 19 -12 21 -20 23 -23
right_child=2 12 5 4 -6 -7 7 8 9 -11 13 -13 -14 16 15 -17 17 -19 20 -21 -22 22 -24 -25
leaf_value=0.00034891418243874681 -0.0048719656400883658 0.0049610103433701128 -0.0045165447703064809 -0.001826602891384897 0.0056634533095869357 0.0061488350545771302 3.1222159232569906e-05 -0.00089655799818958478 0.0083507291237210242 0.00096585384154480598 0.00018324382772279439 0.0087223248044705562 -0.0025875009442643837 -0.008429205722113647 -0.001658076649817654 0.0081733642844412108 -0.0054925952417547311 0.0050901698404244144 -0.0015936839813412407 0.0076303208602601803 -0.0031962817225131847 0.0097920393180056884 -0.0027532490887417129 0.00013687529927928672
leaf_weight=497.81377725303173 81.628466978669167 81.690042458474636 64.277774780988693 65.605276979506016 17.885515205562115 18.8779032304883 17.221216715872288 230.84544045478106 27.744963794946671 52.355860091745853 161.92783462256193 29.184099584817886 14.525775611400602 21.445110313594341 12.485864058136938 26.110546618700027 12.241981551051142 12.394582718610762 135.37681309133768 21.011366233229637 145.25196406245232 24.540698893368244 20.212493203580379 14.761564232408999
leaf_count=3151 691 495 514 530 152 135 138 1679 183 389 1296 200 99 201 108 215 104 93 1010 160 1179 167 156 100
internal_value=3.77621e-05 0.000919977 -0.000394447 -0.00249567 -7.68242e-05 -5.66589e-05 -0.000188047 0.00105828 0.000316167 0.00373436 -0.000853934 0.00570537 0.00376969 -0.000445708 -0.000108302 0.00507289 -0.00429255 -0.000155854 -0.000517858 0.0011476 -0.00141862 -6.17416e-05 0.00332059 0.00644327
internal_weight=1807.42 594.03 1213.39 165.119 83.4908 1048.27 1029.39 357.352 310.946 80.1008 672.039 46.4053 96.2158 607.761 561.679 38.5964 46.0817 24.6366 523.083 182.939 340.144 194.892 59.5148 39.3023
internal_count=13145 3745 9400 1373 682 8027 7892 2589 2251 572 5303 338 594 4789 4391 323 398 197 4068 1456 2612 1433 423 267
is_linear=0
shrinkage=0.01


Tree=249
num_leaves=25
num_cat=0
split_feature=201 323 200 299 233 302 239 126 133 71 152 189 323 127 117 128 48 296 305 159 27 34 323 43
split_gain=8.00165 7.33141 8.5068 6.75334 6.87633 9.01311 8.30508 13.2467 10.0357 10.8692 10.4063 11.7236 9.02513 9.82243 8.32756 9.36203 11.1731 8.44014 8.94683 8.23796 8.39439 9.04768 8.00839 9.8879
threshold=0.4839989759344599 517.50000000000011 0.92827214113730028 -0.18194795829684626 0.87513213530655409 0.011253877778378047 0.80877672325435368 0.72897208950156756 0.054807468213481113 3.0201438163688885 0.018211970450776424 -0.47885412550958406 141.50000000000003 0.49763786686529626 1.7173702540988491 1.0846408701617116 168.50000000000003 1.1173557509580438 0.31620789341309069 0.29171862011637578 0.7282783447504545 0.15369056968031156 410.50000000000006 113.50000000000001
decision_type=2 2 2 2 2 2 10 8 2 10 10 10 2 10 8 10 2 2 2 10 2 2 2 2
left_child=1 2 -1 -2 5 6 12 14 9 19 -10 -12 13 -5 15 16 17 18 -8 20 -9 -22 -7 -24
right_child=3 -3 -4 4 -6 22 7 8 10 -11 11 -13 -14 -15 -16 -17 -18 -19 -20 -21 21 -23 23 -25
leaf_value=0.0091664239704242981 -0.0056953346674444008 -0.0022477495861585595 0.0012407310712376665 0.0034828478984316653 -0.0019126208413218547 0.00043284208070982621 -0.0019231577367374508 -0.0061274692317703 -0.002123566134390483 0.0023611094067926301 0.012673057329495314 0.00041188490823737772 -0.0014689176037902471 -0.002948469668611094 0.0063868186978164156 -0.0011301025238432149 -0.0044740810110651327 -0.00070913264859856007 0.0072719688959197049 0.0044697549244749604 -0.0039842530151024246 0.0029978831992683577 -0.00024110047539395758 0.0051968238684090675
leaf_weight=23.90182950347662 18.081785596907139 16.169513575732708 30.251644626259804 78.858063258230686 163.34441436827183 257.14516793191433 11.020971387624739 71.238214656710625 21.105297476053238 44.969614580273628 13.305031910538675 15.808668769896029 554.13491955399513 30.840213797986507 41.514481350779533 77.604870058596134 13.795172013342379 23.65328611433506 68.113858886063099 10.813832402229307 44.077855102717876 27.967416875064373 49.713315539062023 95.725947737693787
leaf_count=156 137 110 216 531 1299 1836 79 595 140 325 103 127 3911 226 280 604 90 178 462 90 390 228 368 635
internal_value=8.80172e-05 0.00332761 0.00503913 -4.81027e-05 2.01783e-05 0.000227452 -0.000223648 0.000767352 -0.000833313 -0.00184517 0.00304269 0.00667532 -0.000949361 0.00163701 0.00245426 0.00152846 0.00329141 0.00443546 0.00595679 -0.00309963 -0.0037536 -0.00124945 0.00150976 0.00336223
internal_weight=1803.16 70.323 54.1535 1732.83 1714.75 1551.41 1148.82 484.989 249.286 199.067 50.219 29.1137 663.833 109.698 235.703 194.188 116.583 102.788 79.1348 154.097 143.283 72.0453 402.584 145.439
internal_count=13116 482 372 12634 12497 11198 8359 3691 1998 1628 370 230 4668 757 1693 1413 809 719 541 1303 1213 618 2839 1003
is_linear=0
shrinkage=0.01


Tree=250
num_leaves=25
num_cat=0
split_feature=294 284 237 149 271 169 304 181 162 169 114 281 189 232 82 279 100 107 234 136 142 239 234 309
split_gain=7.85464 8.83818 8.77673 8.4191 8.83753 8.34458 8.07659 10.3028 7.60544 7.45651 9.89447 11.2477 11.9703 9.21061 11.4265 9.48595 9.15096 12.1573 9.34701 9.69066 8.8281 8.43698 10.7816 8.02143
threshold=-0.1333807416772019 -0.14348368769091588 -0.015369730000126107 0.26401991614255771 0.052674495872370851 104.50000000000001 -0.099565556009470105 0.046216075504946004 0.032551259116554293 9.5000000000000018 0.72620955713536361 2.3752752512037021 -0.81727380447325859 0.98086897047011734 0.73370211099120597 0.036065353073410474 0.75209415876268726 -0.3876250088910464 0.090821340821340843 0.28422144573050889 0.0024922128054707571 0.83165128690587198 0.0585855779288703 -0.016098698597193258
decision_type=2 8 2 10 2 2 2 2 10 2 10 2 10 2 10 10 10 10 2 2 2 10 2 2
left_child=2 -2 6 4 5 -3 7 -1 -8 -6 13 21 -13 23 16 -16 17 -15 -18 -20 -14 -12 -23 -11
right_child=1 3 -4 -5 9 -7 8 -9 -10 10 11 12 20 14 15 -17 18 -19 19 -21 -22 22 -24 -25
leaf_value=0.005230954661420293 -0.0040121748144159967 -0.0022013833888409663 -0.0039721699724850797 0.0037735218069065556 -0.0023934504176524565 0.0063152633924617591 0.006222269774860051 -0.0052421790770962266 -0.0017140663195665293 -0.0020962578949832167 0.0014836542649630294 -0.0055390570288594808 0.0024981715255104225 -0.0031742438887562507 0.0069600017245388824 -0.0023650506664259956 -0.0038998486181474803 0.0015024388387051251 0.0017303741302998278 -0.0072649041684108209 -0.0003193189240306908 0.010636130511903262 0.0019844187715472132 0.0046094375923287391
leaf_weight=13.655325725674627 52.091761894524097 236.08375412970781 16.143310286104679 56.192431561648846 95.83737825602293 9.3303417563438398 71.635684058070183 18.977973692119122 12.914602361619471 23.05341199785471 68.902928777039051 26.455775380134583 214.7358068972826 77.855683915317059 29.156445562839508 14.594724811613558 175.41982439905405 175.7502960190177 67.957221001386642 11.569056525826452 225.19334902614355 29.967470906674862 29.131639391183853 57.98107673227787
leaf_count=94 381 2089 121 423 727 75 494 134 98 140 443 203 1333 479 242 126 1391 1115 511 97 1708 194 193 360
internal_value=0.000119998 -6.68253e-05 0.00243003 6.57945e-05 -7.29331e-05 -0.00180497 0.00339355 -0.000763299 0.00498216 0.000250636 0.000462905 0.00138691 0.000653062 -0.000405007 -0.000871359 0.00387308 -0.00130075 4.35261e-05 -0.00262762 0.000204118 0.00106086 0.0039808 0.00667434 0.00268331
internal_weight=1810.59 1677.26 133.327 1625.17 1568.98 245.414 117.184 32.6333 84.5503 1323.56 1227.72 594.387 466.385 633.338 552.303 43.7512 508.552 253.606 254.946 79.5263 439.929 128.002 59.0991 81.0345
internal_count=13171 12230 941 11849 11426 2164 820 228 592 9262 8535 4074 3244 4461 3961 368 3593 1594 1999 608 3041 830 387 500
is_linear=0
shrinkage=0.01


Tree=251
num_leaves=25
num_cat=0
split_feature=153 153 162 153 109 65 307 253 321 195 191 186 75 71 261 109 176 77 208 300 114 149 7 114
split_gain=6.54822 13.054 10.3185 10.9742 9.15583 11.4925 10.2453 10.5166 14.1304 13.4005 12.1001 12.9702 9.76419 9.37273 9.49996 9.12639 8.3151 8.23938 13.639 8.96756 8.15719 9.91484 8.07441 8.76184
threshold=0.049443833272216117 0.045084975438992723 0.043557312252964435 0.015611460138648182 1.2469916402469974 1.9384098359863726 -0.0046366743657284088 69.500000000000014 9.5000000000000018 1.0000000180025095e-35 -0.8089140224402086 0.025078616352201263 -0.52417242702899236 2.1964470663411553 -0.37560556287926433 1.0213859543395061 12.147230434540081 2.5880163276419457 1.8673996981861496 0.23926596236079969 0.57744244814045897 0.17309882600315404 -1.4016615739476463 0.48196944355420329
decision_type=10 10 10 10 10 8 2 2 2 10 10 10 10 8 8 10 2 10 2 2 10 10 2 8
left_child=1 2 3 4 5 12 17 8 -8 10 -9 -12 -1 15 -15 16 -7 18 19 -6 -17 -22 -14 -24
right_child=-2 -3 -4 -5 6 13 7 9 -10 -11 11 -13 22 14 -16 20 -18 -19 -20 -21 21 -23 23 -25
leaf_value=0.0019684784325074219 -0.002605619338761374 0.0089152407328096581 0.0032112828893092146 -0.0027570550419623364 0.003475977488477161 -0.0061471038533360209 -0.00074292686970482637 0.015098377548685506 0.0059302842413050047 -0.00090183415190520024 0.012033225687348508 0.0014656136154417815 -0.0054036252995661909 0.0087715970122250603 -0.00015749221684844395 0.0043464203660098398 -0.0020561082257842451 -0.001287308123359081 0.0080338256463639499 -0.0029991539830227175 0.00062989102301581402 -0.0057809832679878419 -0.0035811588327953931 0.0010650214272855045
leaf_weight=248.60228131711483 85.896489098668098 14.101171426475046 97.039816804230213 139.04056119918823 37.16899237036705 77.135306797921658 116.80663985013962 14.181536033749579 40.382763147354126 24.789081729948521 14.533232465386389 38.822667330503464 30.639779105782509 11.946169003844259 59.817653007805347 27.733122974634171 147.35103844851255 195.27951902151108 25.993130892515182 43.112779252231121 70.671338811516762 33.247415289282799 51.480154678225517 157.58287731558084
leaf_count=1513 830 116 642 1280 221 624 803 82 275 168 93 256 237 72 447 213 1182 1383 151 264 507 287 375 1120
internal_value=4.27608e-05 0.000179887 9.22581e-05 -0.000100874 0.000154981 -0.000456625 0.00117079 0.00265758 0.00103997 0.00528776 0.00751867 0.00482476 0.00058915 -0.00164838 0.00159272 -0.00231173 -0.0035255 -6.94366e-05 0.00213439 2.89607e-06 -0.000203823 -0.00151096 -0.000843523 -0.000106964
internal_weight=1803.36 1717.46 1703.36 1606.32 1467.28 916.207 551.07 249.516 157.189 92.3265 67.5374 53.3559 488.305 427.902 71.7638 356.138 224.486 301.554 106.275 80.2818 131.652 103.919 239.703 209.063
internal_count=13141 12311 12195 11553 10273 6577 3696 1677 1078 599 431 349 3245 3332 519 2813 1806 2019 636 485 1007 794 1732 1495
is_linear=0
shrinkage=0.01


Tree=252
num_leaves=25
num_cat=0
split_feature=153 153 93 21 309 109 225 75 134 117 294 145 307 282 35 318 262 154 121 94 311 62 119 106
split_gain=7.2181 13.4785 7.79455 13.4614 10.4607 10.1856 10.1628 8.6988 9.61187 8.67315 8.89735 8.43866 8.18888 7.91164 10.3828 8.65363 8.04405 7.1762 9.25399 9.20572 9.0675 7.37949 6.35907 9.51222
threshold=0.049443833272216117 0.045084975438992723 -0.08924937722685243 0.22120453928176353 -0.049175513312733725 1.5128385791993686 0.64110105580693832 0.33704745438415556 0.08597584332878451 0.8359327764826453 0.0086665373938509833 0.061880216003927353 -0.014082419520830331 -0.0021636255500142964 0.005698907852169411 0.7987693063878859 1.0202925994437153 0.006259796238244515 -0.68780604813990365 0.57576969158442293 -0.38918381261406043 94.500000000000014 0.1139320758811037 0.7718032099652935
decision_type=10 10 8 8 2 10 2 10 2 8 2 8 2 10 2 2 10 10 10 8 2 2 8 10
left_child=1 2 3 7 -4 9 -7 22 12 10 -5 13 -9 16 15 -15 -6 19 -19 21 -20 -8 -1 -24
right_child=-2 -3 4 5 11 6 17 8 -10 -11 -12 -13 -14 14 -16 -17 -18 18 20 -21 -22 -23 23 -25
leaf_value=0.00063008272558800094 -0.002753720057370151 0.0091040247613023307 0.0089369344149854563 0.0049714635609124057 -0.0025104747529675338 -0.0063366973614933974 0.0087217592385311835 0.00013477231630976548 -0.0028211097280045633 -0.005835952266162057 -0.0052267317045978081 0.0064729089604680136 0.010049696728786287 -0.0056723592047160263 0.010036530747939832 0.0038736557663105538 0.0047638034511024389 -0.0011575776548122258 0.012332941509327467 -0.0032535906695519623 0.0014879491099864164 -0.0013382905370413782 -0.0015454635937462604 0.0031049607407269619
leaf_weight=807.37159607559443 85.241853676736355 13.926003463566301 16.719744130969048 16.162297479808334 87.138917542994022 22.362795419991016 11.292715676128866 12.680966719985006 12.083169385790823 88.432985797524452 12.707990303635595 22.885618604719639 23.150144755840302 12.219716124236582 13.604619786143301 22.835153684020042 15.509917408227919 25.042840473353863 12.7635695040226 62.414532706141472 17.508435189723969 13.430595003068445 330.5351519882679 47.865032389760017
leaf_count=5133 827 113 112 156 641 174 88 91 102 836 137 149 165 95 90 170 111 197 96 508 145 102 2548 352
internal_value=3.78219e-05 0.000181013 9.26095e-05 -0.000147914 0.00198169 -0.00210752 -0.000477665 0.000303202 0.00435798 -0.00432368 0.000384525 0.00117572 0.00683447 0.000263444 0.00347735 0.000343616 -0.0013031 0.000541054 0.00327475 -0.00123166 0.00675673 0.00364537 0.000128485 -0.000935816
internal_weight=1805.89 1720.64 1706.72 1515.8 190.914 282.119 164.815 1233.69 47.9143 117.303 28.8703 174.194 35.8311 151.308 48.6595 35.0549 102.649 142.453 55.3148 87.1378 30.272 24.7233 1185.77 378.4
internal_count=13138 12311 12198 10830 1368 2439 1310 8391 358 1129 293 1256 256 1107 355 265 752 1136 438 698 241 190 8033 2900
is_linear=0
shrinkage=0.01


Tree=253
num_leaves=25
num_cat=0
split_feature=3 116 279 106 21 194 104 99 105 105 199 253 235 70 120 83 313 300 173 239 313 235 23 121
split_gain=8.07572 10.4525 9.42185 9.94214 11.2877 11.0125 11.3073 9.00031 11.894 9.13393 8.66216 8.64258 9.47733 9.29932 9.75179 10.8727 9.14991 8.81774 12.1799 10.6786 8.57832 9.49314 11.8608 9.09824
threshold=2.5471693845014545 -0.16900300018275616 0.0532206119162641 0.61008257811275401 -0.15480767749058125 0.065861769809138243 9.5000000000000018 -0.48221118374138638 0.20492188805267128 0.73649293851708697 -0.225490594548587 217.50000000000003 0.0037209334524032039 0.91267449460540051 0.98273075575786872 3.5013525619451138 0.15189438427073823 0.3516306274364091 1.0000000180025095e-35 0.95041326554784289 0.01373951254698 0.0036474177612615412 -0.50014313242903141 -2.017658191293187
decision_type=2 10 8 10 10 10 2 10 10 8 2 2 2 10 10 10 2 2 10 10 2 2 8 10
left_child=1 7 3 4 5 6 -3 8 20 -9 -4 12 13 -2 -15 17 -14 18 19 -16 21 22 -1 -22
right_child=11 2 10 -5 -6 -7 -8 9 -10 -11 -12 -13 16 14 15 -17 -18 -19 -20 -21 23 -23 -24 -25
leaf_value=0.0078868572038033359 -0.0019540918106866626 0.0074920474189232701 -0.0026447586594061595 0.0080200229474540873 -0.0006439249354107902 0.0092827299222748381 -0.0032528219891679367 -0.0028223108205108595 0.0055608529198473622 0.0034146787488352798 0.005127803427147911 0.0047296764313311925 0.00081174949090073451 0.009161062425241031 -0.0030690245728755799 0.008301818170971885 -0.0047724066493333352 -0.0079157390954236184 -0.0043653221847687928 0.0078042711879756643 0.0064870430122922797 -0.003944031179565057 -0.0018961368162680764 0.00033974775204643641
leaf_weight=16.467668518424034 517.65719275921583 13.577600240707396 49.989587485790253 40.727927699685097 62.914994575083256 30.773451201617718 21.499103657901287 139.96982784569263 46.598375551402569 25.466321833431721 16.830727882683277 28.418270461261272 450.04632999747992 11.026281148195265 11.786974459886549 10.966455131769179 28.522974863648415 13.28576312959194 27.472558334469795 23.077387422323227 30.697549097239971 71.809210546314716 32.103750348091125 87.97464208304882
leaf_count=100 4123 81 355 256 450 183 129 1026 257 173 118 196 3351 70 87 82 220 107 219 170 191 449 227 544
internal_value=6.75319e-05 0.00091946 0.00260956 0.00384684 0.00237459 0.00518064 0.00112936 2.10455e-05 0.00109518 -0.00181479 -0.000543239 -0.000454393 -0.000601898 -0.00142052 0.0013742 0.000111849 0.000450638 -0.00132048 0.000353361 0.00414715 0.000165434 -0.00169126 0.00165353 0.00205268
internal_weight=1809.66 687.401 236.313 169.493 128.765 65.8502 35.0767 451.087 285.651 165.436 66.8203 1122.26 1093.84 615.273 97.6154 86.5891 478.569 75.6227 62.3369 34.8644 239.053 120.381 48.5714 118.672
internal_count=13164 4539 1572 1099 843 393 210 2967 1768 1199 473 8625 8429 4858 735 665 3571 583 476 257 1511 776 327 735
is_linear=0
shrinkage=0.01


Tree=254
num_leaves=25
num_cat=0
split_feature=299 32 165 118 216 106 197 193 108 128 321 66 60 199 94 122 66 206 21 260 11 106 88 88
split_gain=6.69057 10.1599 8.49984 7.82029 12.2561 9.19973 7.51355 8.11997 12.2174 10.4012 9.67791 11.7606 13.3452 12.4521 11.1266 10.318 10.9535 11.2204 12.4789 10.3522 8.85136 9.20326 8.3636 12.0298
threshold=-0.04770368072787428 0.0014316399604838677 179.81348958333334 20.500000000000004 0.97407300537812391 0.75680033402739422 0.28874823826917723 0.59476565172767715 0.85699861858597759 1.4157952981376847 4.5000000000000009 17.628273088560235 -77.830139933347141 0.38678380414918129 0.79978342565166038 -0.029704994101377648 10.934299355154778 79.500000000000014 0.23215520234106465 0.12831626762494433 0.41617565333107809 0.65174420358401619 0.85951599464920447 0.48633469113892208
decision_type=2 2 2 2 2 10 10 10 8 10 2 2 2 2 8 8 2 2 10 10 10 8 8 10
left_child=-1 6 3 -3 -5 -6 7 8 -2 -10 11 12 -9 -13 -14 -12 20 18 19 22 21 -17 23 -18
right_child=1 2 -4 4 5 -7 -8 10 9 -11 15 13 14 -15 -16 16 17 -19 -20 -21 -22 -23 -24 -25
leaf_value=0.001191414939261619 -0.0068627454645850006 -0.006153057523980484 -0.0068486926204992362 0.0079589345129145363 -0.0044879094867246441 0.0044802799239095428 0.0065488823870369075 0.0014150130663082286 0.0035365959289618627 -0.0057519551794216559 0.00098390957817457271 0.00441716741726275 -0.0054684032498874546 -0.0031879608529334497 0.0048177327530595348 -0.0044198301723668313 -0.0010817749664488435 -0.0033693289369364221 -0.0013265808394120754 0.0081626606660871563 -0.0066458482505077901 0.0027452486368563372 -0.001012707376177665 0.010748313267795321
leaf_weight=409.92229627817869 39.85002900660038 19.989814944565296 36.569887742400169 14.289396241307257 34.637309767305851 13.760524109005926 14.47311609983444 172.54767841100693 33.178744561970234 15.271080479025839 283.90208707004786 147.75829030573368 57.04033324867487 22.866008996963501 10.349316425621508 38.100802272558212 15.174445405602457 96.380356959998608 148.826654933393 26.627713918685913 59.061509221792221 29.181942410767078 57.43524157255888 15.30029274523258
leaf_count=2895 282 231 382 136 361 145 110 1064 220 115 1689 1089 448 185 81 289 104 725 1239 164 509 212 412 104
internal_value=7.17317e-05 -0.00025654 -0.00301317 -0.00113369 0.000648816 -0.00181133 4.90988e-06 -8.33999e-05 -0.00295989 0.000432798 0.000137482 0.00137285 -5.64725e-05 0.00335664 -0.00374337 -0.000522535 -0.00140505 -0.000500642 0.000570131 0.00301573 -0.00390476 -0.00131246 0.00123891 0.00523737
internal_weight=1812.49 1402.57 119.247 82.677 62.6872 48.3978 1283.33 1268.85 88.2999 48.4498 1180.55 410.562 239.937 170.624 67.3896 769.991 486.089 359.745 263.364 114.538 126.344 67.2827 87.91 30.4747
internal_count=13191 10296 1255 873 642 506 9041 8931 617 335 8314 2867 1593 1274 529 5447 3758 2748 2023 784 1010 501 620 208
is_linear=0
shrinkage=0.01


Tree=255
num_leaves=25
num_cat=0
split_feature=297 217 201 158 131 200 162 180 23 277 73 228 81 31 246 115 165 295 28 297 257 273 62 65
split_gain=6.71559 10.7907 12.8225 13.5023 12.5562 10.261 10.9725 8.62933 10.0122 10.0919 8.37571 8.35009 7.68289 10.6744 8.68682 8.65279 7.66123 7.91249 7.42237 8.90321 18.0359 8.47047 7.58015 9.43751
threshold=0.015624016665511132 0.76486660237865645 0.6997109826589597 0.33700897505072697 1.8677489101792353 0.44926066697072481 0.021137398408578364 4.3129166666666672 2.0058905157867728 0.0026468441782843415 261.07690684314315 0.22107907960856918 1.3059079934993583 0.0026402651767322058 0.92833889184806573 -1.3381668346241866 179.85428240740745 0.134615384614306 0.22595616072965069 -0.018554778648229416 180.50000000000003 3.7876279999714675 274.50000000000006 2.1885842669540074
decision_type=2 2 2 10 8 2 10 2 8 10 2 2 8 2 10 10 2 2 2 2 2 10 2 8
left_child=10 2 7 5 11 -4 -7 8 9 -2 -1 -3 13 14 18 -15 17 -11 21 20 -20 -12 23 -23
right_child=1 4 3 -5 -6 6 -8 -9 -10 16 12 -13 -14 15 -16 -17 -18 -19 19 -21 -22 22 -24 -25
leaf_value=-0.0010428315194137418 0.010131107979026641 0.0069603160727246625 0.00054036378490342001 -0.0038035792451103822 -0.0016639011248975432 0.0099650084618949173 -0.00022845773088334058 -0.0048268351738860998 -0.0028146879763514439 -0.0012157262869474995 -0.00015261081541645296 0.00036868356633760146 0.0039228184489814759 0.0052938686814744109 0.0080905793364587086 -0.0027115688911931095 -0.0040665010107687393 0.0067776210029188971 -0.0014963549919228853 -0.0019869606574704286 0.011301266697765043 0.0016777862313327224 -0.00062582161978121087 0.012018796357158683
leaf_weight=800.78534299880266 15.194634780287741 28.875720784068108 23.976551458239555 13.178787201642988 210.16942312568426 57.377650670707226 12.41987646371126 23.119738042354584 33.690311007201672 19.605010785162449 45.0577692091465 50.531351432204247 58.862958930432796 12.223826542496679 15.038526050746439 138.04358052462339 15.53244862705469 26.931804157793522 28.45829813182354 111.9401001483202 14.467503443360327 16.302263446152214 13.277147926390169 20.494443662464615
leaf_count=5973 99 198 163 97 1642 388 89 150 247 135 298 320 415 93 100 1102 107 174 181 753 86 108 84 142
internal_value=-2.61048e-05 0.000915753 0.00246646 0.00500156 -0.000382929 0.00632491 0.00819925 0.000374979 0.0015612 0.00351403 -0.000420038 0.00293556 0.000629582 0.000136923 0.00134212 -0.00196762 0.00150614 0.0035135 0.00084584 -0.000502813 0.00322852 0.00300257 0.00571656 0.00791139
internal_weight=1805.56 530.603 241.027 106.953 289.576 93.7741 69.7975 134.074 110.954 77.2639 1274.95 79.4071 474.166 415.303 265.036 150.267 62.0693 46.5368 249.998 154.866 42.9258 95.1316 50.0739 36.7967
internal_count=13144 3809 1649 737 2160 640 477 912 762 515 9335 518 3362 2947 1752 1195 416 309 1652 1020 267 632 334 250
is_linear=0
shrinkage=0.01


Tree=256
num_leaves=25
num_cat=0
split_feature=254 197 99 20 57 234 239 118 84 318 138 28 238 149 104 148 220 295 290 31 111 210 233 75
split_gain=8.1646 9.09785 7.97034 8.96771 11.2042 9.63274 9.39516 8.97932 11.0171 13.8396 11.3229 9.02178 9.59584 9.80931 9.59842 9.80124 8.29905 7.95609 10.8768 7.83546 7.78041 7.7078 9.12697 12.3394
threshold=223.50000000000003 -0.48574726586437494 1.2991274216249038 0.9050387478887475 0.24980177907607112 0.076201473661057964 1.3264003220036897 154.50000000000003 20.772437843246983 1.1410694118105229 0.12054821675293879 0.2139636437493653 -0.64289870404049954 0.20493251462665821 27.500000000000004 0.17398723846267997 0.6228320802005014 0.11437908496707108 0.092651213027463458 0.0012322863581420496 4.1393681305866092 0.07479814355648802 0.80019379844961247 -0.21415147357965358
decision_type=2 8 10 10 10 2 10 2 2 2 2 2 2 10 2 10 2 2 2 2 8 2 2 10
left_child=2 -2 3 4 6 16 7 8 21 11 -11 -10 14 17 -13 -16 20 -14 -19 -17 -5 -1 -23 -24
right_child=1 -3 -4 5 -6 -7 -8 -9 9 10 -12 12 13 -15 15 19 -18 18 -20 -21 -22 22 23 -25
leaf_value=-0.0010986635633416259 -0.00020696150071082184 0.0073963699927951767 -0.0049170610570297762 0.0080934692333089354 -0.002379466697164539 -0.00039795287191255645 0.0058413024902150704 -0.0060916554841137583 -0.0022397845941885481 0.0038395874357067994 -0.0040753504362244378 0.0062266913518487692 0.010928331719410442 0.00035303202627664365 0.0042493766407783393 -0.00013242280048134043 0.011809786554794338 -0.0015864065128061531 0.0071405960482190198 -0.0093014082680046434 -0.0012336533124089135 0.0019664636115712076 0.00074332833892639966 -0.0045016702391835308
leaf_weight=637.55013170838356 31.394658349454403 27.92838142812252 31.648514069616795 12.449770949780943 208.85072784125805 43.758296355605125 24.969030074775219 21.167552575469017 26.59044199436903 23.081378690898418 57.737515673041344 20.058206826448441 32.184087470173836 30.15655342489481 17.207255393266678 20.495958670973778 13.955253295600412 19.139400146901608 43.32180367410183 14.743022598326204 19.68276301771402 232.18359817564487 139.22473514825106 62.751355014741421
leaf_count=4748 216 177 308 86 1720 301 194 143 180 148 408 126 198 208 100 121 103 123 267 103 148 1579 929 553
internal_value=-3.02372e-05 0.00353072 -0.000156842 -6.07739e-05 -0.000232861 0.00296444 8.56931e-05 -2.80527e-05 7.68177e-05 0.00174612 -0.0017492 0.00301838 0.00375378 0.00540711 0.000797949 -0.00147325 0.00601531 0.0069499 0.0044983 -0.00440268 0.00271509 -0.000400231 0.000623557 -0.000921123
internal_weight=1812.23 59.323 1752.91 1721.26 1631.41 89.8461 1422.56 1397.59 1376.43 304.716 80.8189 223.897 197.306 124.802 72.5044 52.4462 46.0878 94.6453 62.4612 35.239 32.1325 1071.71 434.16 201.976
internal_count=13187 393 12794 12486 11848 638 10128 9934 9791 1982 556 1426 1246 796 450 324 337 588 390 224 234 7809 3061 1482
is_linear=0
shrinkage=0.01


Tree=257
num_leaves=25
num_cat=0
split_feature=294 58 17 18 284 313 227 71 119 174 227 322 79 303 288 117 282 218 144 185 165 218 146 61
split_gain=6.71558 9.64737 8.15466 7.31295 6.8237 11.5287 6.76816 12.7703 10.2405 9.85987 9.63448 16.5352 9.20872 12.5366 12.4921 8.93938 8.56982 9.26326 8.46999 9.86715 8.42535 9.12214 8.37916 8.17756
threshold=-0.1333807416772019 0.80644729921681058 2.5961312192433001 -0.20652338075148843 -0.14348368769091588 -0.058584703343836371 0.0046765422018749921 1.8389733079629436 0.1139320758811037 85.451250000000016 0.00795231771327389 3.5000000000000004 636.62730000241402 0.0073594873594873614 -0.005612727081801952 0.29161101102076498 0.035023017428616847 0.12894911872297973 0.07369469490459217 0.7956864564007422 179.54662615740745 0.040848414837633171 0.08776208814719727 1173.2757547447404
decision_type=2 10 2 10 8 2 2 10 8 10 2 2 2 2 2 10 10 2 10 10 2 2 10 2
left_child=1 2 3 -1 5 -2 -6 8 10 -9 11 -8 13 14 -11 18 -17 -18 -12 -20 -10 -22 -15 -14
right_child=4 -3 -4 -5 6 -7 7 9 20 12 15 -13 23 22 -16 16 17 -19 19 -21 21 -23 -24 -25
leaf_value=0.0064314511321635981 0.0035583706354084333 -0.00014455666048079606 0.011531289673803518 -0.0014453383584004898 -0.00051392923224652376 -0.0063776120040074267 -0.00028720651721219438 0.00051532112625775253 -0.0061414732440997549 0.0017165377909085361 -0.0074432998243237555 0.00848066072529087 -0.0035311063471926739 0.0075515750559888165 0.012875979927072614 -0.00068480129890535074 0.0089823013270292767 -0.00079581023702506211 0.0028827786502152847 -0.0043120076379105374 0.0064959350219592664 -0.0029556042545599561 -0.0017518340141986577 0.0055291711145409109
leaf_weight=21.873033449053764 14.134014494717119 75.175550736486912 12.843890793621538 20.583425119519234 1010.5772919505835 37.677561275660992 51.144158132374287 116.62470129132271 45.151497215032578 15.688103742897509 25.226420871913433 33.797805182635784 21.047226667404175 12.367205910384653 32.468630567193031 70.485589623451233 21.219349719583988 15.205016188323496 33.765402123332024 36.964879542589188 12.012386016547678 29.838135875761509 24.181600630283356 14.236135296523569
leaf_count=129 96 567 81 142 7531 284 321 824 400 111 180 215 167 92 209 458 137 99 202 250 100 268 161 108
internal_value=4.22105e-05 0.00220273 0.0052622 0.00273921 -0.000129049 -0.00360456 -1.13017e-05 0.000816344 -0.000331361 0.00262096 0.000580404 0.00335148 0.0046001 0.00633904 0.00955845 -0.000605215 0.00136234 0.00511249 -0.00278373 -0.000884916 -0.00328178 0 0.0016881 0.000237621
internal_weight=1804.29 130.476 55.3003 42.4565 1673.81 51.8116 1622 611.424 374.811 236.614 287.809 84.942 119.989 84.7055 48.1567 202.867 106.91 36.4244 95.9567 70.7303 87.002 41.8505 36.5488 35.2834
internal_count=13132 919 352 271 12213 380 11833 4302 2630 1672 1862 536 848 573 320 1326 694 236 632 452 768 368 253 275
is_linear=0
shrinkage=0.01


Tree=258
num_leaves=25
num_cat=0
split_feature=73 29 29 178 125 184 284 129 158 229 111 306 175 185 236 282 5 79 114 81 78 20 120 184
split_gain=6.74819 8.52488 9.19893 8.75669 11.5624 8.55859 9.42672 8.33587 7.63265 8.16187 7.35326 8.44697 7.18296 6.91032 12.6598 6.87096 6.8401 6.72415 12.3818 10.8014 10.1154 14.3879 9.52821 12.3733
threshold=315.53479370826329 0.25491683775179269 0.26809081056414358 0.90567632850241553 0.95960147201243196 1.8209222324845047 -0.043557290919771667 1.3954369784261427 0.23175284419919615 -0.18112782502896532 2.4045211577210046 0.92936747155737498 7.3769671417761522 0.6453654552878727 0.35066024579447402 0.017017080126061884 -2.5280154695003429 103.22663011641714 0.47499818936807098 -0.12512189996826864 -36.294805016246379 0.54233843062652642 0.80910960197290394 0.44797741878736447
decision_type=2 2 2 2 8 10 8 10 10 2 10 2 10 8 2 8 2 2 8 10 2 10 10 8
left_child=17 5 8 4 15 7 -7 -2 -3 12 -5 16 -10 -6 -15 -4 -12 19 -19 -1 -21 -22 23 -20
right_child=1 2 3 10 13 6 -8 -9 9 -11 11 -13 -14 14 -16 -17 -18 18 22 20 21 -23 -24 -25
leaf_value=-0.0016095081089053077 -0.0019439909502709663 0.0091598218526938151 0.011856672321679954 -0.0012083913741770581 -0.0047275136611293024 0.0034400840908818692 -0.0060503958393511329 0.005510921626354001 0.0032484980961485516 0.0075725485730172458 0.0038790133880810722 0.007831933062934969 -0.0046884173499343023 -0.0040839700984968749 0.0076322577166526052 0.0022054647813764378 -0.0042317469174074822 -0.0049050494083602986 0.0052850944956232184 0.004380512137496205 -0.0011108864001292363 0.0084399114614905468 -0.0010220354583987141 2.7713500898234644e-05
leaf_weight=111.77230834215879 31.042023941874504 24.118892014026642 17.693773820996284 159.45580854266882 14.538215808570383 11.309490226209162 43.967903412878513 24.228551596403122 24.39753396064043 18.206363841891289 18.699061021208763 19.100726127624512 16.766988761723042 13.145991638302801 19.682662896811962 14.429289758205412 17.258052736520767 62.772881187498569 55.725329078733921 105.46271129697561 111.31975813210011 15.457043312489985 671.67059573531151 191.77921122312546
leaf_count=789 217 160 122 1101 102 85 342 161 168 125 133 139 132 110 139 103 122 463 360 608 808 102 5332 1281
internal_value=8.54115e-05 0.00108765 0.0018014 0.000944051 0.00371687 -0.00132477 -0.00401807 0.00141621 0.00467838 0.0025065 -0.000113939 0.00294209 -5.53328e-05 0.000446856 0.00296065 0.00808173 -1.26128e-05 -0.000284255 -0.000706021 0.000912644 0.00213559 0.000205217 -0.000403935 0.00126198
internal_weight=1814 488.041 377.493 294.004 79.4899 110.548 55.2774 55.2706 83.4898 59.3709 214.514 55.0578 41.1645 47.3669 32.8287 32.1231 35.9571 1325.96 981.948 344.012 232.24 126.777 919.175 247.505
internal_count=13204 3461 2656 2071 576 805 427 378 585 425 1495 394 300 351 249 225 255 9743 7436 2307 1518 910 6973 1641
is_linear=0
shrinkage=0.01


Tree=259
num_leaves=25
num_cat=0
split_feature=271 159 51 95 143 291 233 312 317 158 102 109 193 193 313 314 129 193 193 12 12 313 157 285
split_gain=6.88946 8.7014 9.1349 6.63648 8.08514 7.95935 6.54106 8.80177 6.44242 8.62037 7.31285 9.62601 6.91344 9.57021 8.47756 11.0676 13.1321 9.43841 13.0766 8.87074 8.57353 8.87574 8.97511 9.19712
threshold=0.052674495872370851 0.26695378852501583 474.50000000000006 -1.4341188586668625 0.029027637344118642 0.3126094785003895 0.77037831823239566 -0.31290510178224135 0.02902604245069999 0.20013812154696134 1.2690202641496808 2.3896462823042781 0.49691358024691362 0.56830143540669875 0.021083160337037502 -0.0081614150646659375 0.56218454912127636 0.76011695906432764 0.73097601323407779 0.79483542580028588 0.47617945219339419 -0.014491457312488654 0.33857105906696772 0.095063728377659265
decision_type=2 8 2 10 8 2 2 2 2 10 10 10 8 8 2 2 10 10 8 2 2 2 10 2
left_child=1 2 3 4 -1 -5 7 -3 10 -10 11 12 -2 -14 19 16 -16 18 -17 20 21 22 23 -15
right_child=8 6 -4 5 -6 -7 -8 -9 9 -11 -12 -13 13 14 15 17 -18 -19 -20 -21 -22 -23 -24 -25
leaf_value=0.0051965020486441143 0.0039139485814986821 -0.0010152147059979482 0.0031354433764600237 0.0044941256881935922 -0.0028927713915564476 -0.0041262419093011007 -0.0017145439180743403 0.0093629341428810488 0.0032074947617368788 -0.0060540867202660978 -0.0052999094998261963 0.0056946163707048648 -0.0028549688871598428 0.0026525436875549221 0.0099414485592232531 0.0010640013468805384 0.0016438692031811477 -0.00053004087011934687 0.0072654665580308888 0.0054411975199565093 -0.0032357469531863947 -0.0024800605406856808 -0.0017447243540969321 -0.00026368449599691382
leaf_weight=19.104241006076336 53.223634108901024 12.662579029798509 27.607281252741814 9.0528144314885122 25.42721988260746 164.3233338445425 21.019562140107155 17.219330929219723 12.205541513860224 30.008720867335796 18.447366006672382 33.418938741087914 85.534489132463932 226.62399796396494 29.179585114121437 154.3529527336359 51.628261208534241 220.18773543834686 41.480738826096058 24.938617654144764 85.696763060986996 109.98601311445236 123.92152185738087 202.574851565063
leaf_count=168 352 113 222 80 218 1465 194 127 78 222 165 210 589 1560 189 1039 364 1582 282 197 666 756 819 1438
internal_value=0.000127516 -0.00125777 -0.00203965 -0.00273178 0.000659744 -0.00360521 0.00240315 0.0052279 0.000403171 -0.00332044 0.000517671 0.000603022 0.00047036 0.000326567 0.000547431 0.00156291 0.00488803 0.000885862 0.00246775 -0.000106653 -0.00031263 7.5813e-05 0.000595931 0.00128111
internal_weight=1799.83 296.416 245.515 217.908 44.5315 173.376 50.9015 29.8819 1503.41 42.2143 1461.2 1442.75 1409.33 1356.11 1270.57 496.829 80.8078 416.021 195.834 773.742 748.803 663.106 553.12 429.199
internal_count=13095 2587 2153 1931 386 1545 434 240 10508 300 10208 10043 9833 9481 8892 3456 553 2903 1321 5436 5239 4573 3817 2998
is_linear=0
shrinkage=0.01


Tree=260
num_leaves=25
num_cat=0
split_feature=123 109 69 66 71 148 256 24 225 257 308 311 81 208 266 169 123 60 208 69 121 239 261 115
split_gain=6.99732 11.323 8.18959 8.44635 7.33322 9.33035 8.77845 8.38905 13.4994 13.3717 8.24611 9.78183 9.75642 9.488 9.62915 8.00656 7.99212 10.2287 9.90263 7.95102 7.78591 7.89502 7.69167 7.1658
threshold=0.92350867669650383 1.0213859543395061 -0.070070559864857912 -9.5908175145313024 1.2661053434956357 0.27786652467163658 25.500000000000004 -0.65774214451634483 0.77687596720555796 67.500000000000014 0.0010088777550745385 0.058592678889449752 0.59248343375151258 2.5379274984392484 2.3558507170795311 33.500000000000007 2.0029120921546584 -58.819544443194268 2.0667875004027798 -0.2680958641331363 -0.88690456113419758 0.75995814845512155 0.2508405683449631 -0.30922098049039709
decision_type=8 10 10 2 10 10 2 2 2 2 2 2 10 2 2 2 10 2 2 10 8 10 10 8
left_child=-1 2 3 -2 6 7 -3 8 9 -6 11 -9 -12 16 15 -15 17 -14 -18 -19 -21 -22 -7 -4
right_child=1 4 23 -5 5 22 -8 10 -10 -11 12 -13 13 14 -16 -17 18 19 -20 20 21 -23 -24 -25
leaf_value=0.00095047897868452398 0.00035021881437615143 0.0023260787937840256 -0.0026011043104638139 -0.003995149820370269 0.0071151743305690246 0.0073685372902534555 -0.0059063621801808963 -0.0011770333793542052 0.0087475874786513714 -0.0038886986342082058 -0.0027395108031569894 0.0036010134060922121 0.0096767585786614631 -0.0023226865815924071 -0.004841916212195538 0.0072477275736530424 0.01293039532140647 -0.0056225997933514607 0.00095846789515992834 0.0081622747129657704 -0.0040595442489838578 0.0046357132122886611 -0.0010991288744160615 0.0069260589390425717
leaf_weight=618.37189564853907 59.717664837837219 17.041422560811043 12.034328378736971 165.88795883953571 13.984738342463968 30.143300548195839 37.320347525179386 525.49880274385214 25.624303296208382 29.282950192689896 39.730414785444736 43.797105245292187 13.041699089109896 13.73843163251877 26.054145261645317 16.588438726961613 17.231694325804714 12.853597916662691 11.570186257362364 13.735493935644625 20.042425327003002 16.359607622027397 14.630753740668295 14.739679530262949
leaf_count=3854 502 138 108 1496 93 195 321 4049 174 198 322 343 76 101 214 117 132 91 100 80 132 107 92 114
internal_value=8.94581e-05 -0.00035807 -0.00222594 -0.00285046 0.000148487 0.000372935 -0.00332062 0.000126917 0.00339865 -9.0955e-05 -0.000175819 -0.00079163 0.00155058 0.00264313 -0.000634862 0.00305413 0.00438568 0.00249585 0.00867076 0.000640385 0.00248045 -7.33318e-05 0.00467984 0.00277094
internal_weight=1809.02 1190.65 252.38 225.606 938.27 883.908 54.3618 839.134 68.892 43.2677 770.242 569.296 200.946 161.216 56.381 30.3269 104.835 76.0328 28.8019 62.9911 50.1375 36.402 44.7741 26.774
internal_count=13149 9295 2220 1998 7075 6616 459 6329 465 291 5864 4392 1472 1150 432 218 718 486 232 410 319 239 287 222
is_linear=0
shrinkage=0.01


Tree=261
num_leaves=25
num_cat=0
split_feature=5 5 232 77 208 90 53 83 234 115 127 109 292 300 314 23 22 79 170 28 21 151 161 232
split_gain=7.99253 9.51473 8.52224 10.2067 7.48641 8.77289 6.98192 8.57015 8.32499 7.34207 7.68331 6.93846 7.95641 13.3097 8.71816 8.63396 10.9608 10.4543 8.57679 13.504 7.80473 7.58318 12.2182 8.4385
threshold=-2.8935132521978844 -2.8712440139818409 2.7241120743786311 2.7842415834534409 0.91059112434536604 4.2851410126769656 32.500000000000007 2.8977621706799148 0.082182241385889268 -1.2909829206867227 -0.31059160661925767 2.290809100281376 0.01440986879891548 0.29478690363072652 -0.0056322167237660191 0.67518901989578217 0.12426531407915478 90.447757143817981 4.3540533497608402 0.22901158881461856 0.56236902875510142 0.071330724070450116 0.013905001288992009 0.81428068746584892
decision_type=2 2 2 10 2 2 2 10 2 10 10 10 2 2 2 8 10 2 10 2 10 10 8 2
left_child=6 2 3 4 -2 -6 8 -8 9 -1 -11 12 21 15 -15 16 17 -14 19 -16 -13 22 23 -3
right_child=1 11 -4 -5 5 -7 7 -9 -10 10 -12 20 13 14 18 -17 -18 -19 -20 -21 -22 -23 -24 -25
leaf_value=-0.0084082580520745739 0.0042924768164217695 0.0026510697676683649 -0.00094852914915581675 0.0086368973554080807 0.0035338502130198208 -0.0039067308225775232 -0.001150487455028643 0.0063005924936966112 0.0032024200549429747 0.0039687903843421638 -0.0046451553574685675 0.0082947022700383052 0.0041715810629473641 0.00011482826128614774 -0.0030742620595248611 -0.0026636130521091824 0.0060379387731126204 -0.0015118622995411893 0.0095465027950836553 0.0078745480266372379 0.00060777937819869146 -0.0019309699655865721 0.0014461189455803295 -0.0020761710518291507
leaf_weight=33.285536982119083 69.447420746088028 41.387022994458675 58.647600576281548 28.318926565349102 26.475052624940872 31.622618064284325 128.43400400131941 14.645302809774874 12.31808167695999 12.336676768958567 30.765811964869499 17.935958132147789 40.640538528561592 40.536810323596001 20.124369345605373 89.409557037055492 33.076785713434219 123.70444195717573 32.403434000909328 19.646779775619507 38.535271055996418 309.7339775711298 291.77675042301416 261.33495043963194
leaf_count=331 347 276 347 151 138 164 1125 133 123 133 331 96 240 277 160 686 222 882 216 145 301 2609 1922 1815
internal_value=5.52745e-05 0.000311838 0.00225464 0.00346167 0.00214175 -0.000492811 -0.0016662 -0.000273087 -0.003824 -0.00504399 -0.00206476 6.57256e-07 -0.000150454 0.00101927 0.00388504 -0.00013041 0.0010333 -5.33758e-05 0.00590458 0.00247507 0.00334659 -0.000669994 -5.27503e-06 -0.00140794
internal_weight=1806.54 1574.76 214.512 155.864 127.545 58.0977 231.785 143.079 88.7061 76.388 43.1025 1360.25 1303.78 399.543 112.711 286.831 197.422 164.345 72.1746 39.7711 56.4712 904.233 594.499 302.722
internal_count=13170 10994 1147 800 649 302 2176 1258 918 795 464 9847 9450 2828 798 2030 1344 1122 521 305 397 6622 4013 2091
is_linear=0
shrinkage=0.01


Tree=262
num_leaves=25
num_cat=0
split_feature=299 303 317 254 149 71 150 22 114 320 161 320 28 61 258 60 176 186 287 227 143 269 221 138
split_gain=5.96708 8.92947 13.6573 7.88063 7.39591 11.7639 8.36658 12.3456 12.2505 13.0828 11.09 12.9639 13.0305 10.9665 10.7007 10.0012 9.30596 9.22551 9.21333 8.95124 9.98537 9.58039 8.73576 7.79849
threshold=-0.057290772317237885 0.0091299976470094277 0.0089145472885443517 84.500000000000014 0.26401991614255771 1.5287826157505127 0.048826334128002941 0.08797565370076145 0.95994574870490379 -0.12802794515450963 0.0030349083540572907 -0.14850703512575722 0.22050639223021942 351.64488021620252 -1.2954466263475577 -142.14674005776331 11.675967867506548 0.12141687141687144 0.0093666380560030443 0.0046765422018749921 0.019099594672843084 0.87475490196078443 -0.38306329101921194 0.15580917441814193
decision_type=2 2 2 2 8 8 10 10 10 2 10 2 2 2 2 2 2 10 2 2 10 2 2 2
left_child=1 2 -1 -4 6 -6 10 8 16 -10 14 -12 13 18 17 -9 22 -2 -13 23 -21 -22 -8 -17
right_child=4 -3 3 -5 5 -7 7 15 9 -11 11 12 -14 -15 -16 19 -18 -19 -20 20 21 -23 -24 -25
leaf_value=0.00095064361984739415 0.0064579500139487194 -0.0038258414031266527 0.011417854219532413 0.0018014988100021395 -0.0016293733765602551 0.0069788337373313291 -0.0029030123257431984 0.0056872789187668296 0.0091720756997155199 -0.0033148705345039903 -0.0022420386655934506 -0.0021765127106997727 0.005829468674912657 -0.005863100943542243 -0.0015211589673628379 -0.0024330299208930209 -0.0039111270788793487 -0.0018667309115983522 0.0077381974088236221 0.00027656266102465781 -0.00033966959824058925 0.01024936463315095 0.007304877033583429 0.00021150117195244667
leaf_weight=279.34184985607862 32.540984302759171 29.042419262230396 18.5362154468894 16.734636008739471 27.048506818711758 32.32141038775444 15.35068626701832 25.345182687044144 14.772996343672277 13.736632481217383 43.044766671955585 15.696535132825373 103.33774867653847 18.89638639241457 228.74249126017094 225.44084874540567 239.5913645029068 19.427070923149586 16.978814639151096 129.21604609489441 13.217745713889597 19.608665183186531 12.923220358788965 215.91772268712521
leaf_count=1992 209 203 126 112 223 227 128 154 104 111 253 99 610 114 1512 1760 2095 119 100 941 93 138 107 1630
internal_value=5.06639e-05 0.00123126 0.00173133 0.0073561 -0.000227785 0.00314543 -0.000377229 -0.000932053 -0.00260427 0.00336811 0.00069216 0.00248831 0.00382584 -0.000265122 -0.000583142 -0.000134044 -0.00327233 0.00339206 0.00315378 -0.00040573 0.00158389 0.0062698 0.00197119 -0.00114394
internal_weight=1806.81 343.655 314.613 35.2709 1463.16 59.3699 1403.79 925.121 296.375 28.5096 478.665 197.954 154.909 51.5717 280.711 628.746 267.865 51.9681 32.6753 603.401 162.042 32.8264 28.2739 441.359
internal_count=13160 2433 2230 238 10727 450 10277 7261 2545 215 3016 1176 923 313 1840 4716 2330 328 199 4562 1172 231 235 3390
is_linear=0
shrinkage=0.01


Tree=263
num_leaves=25
num_cat=0
split_feature=299 203 203 193 197 32 165 234 186 111 266 319 305 201 83 114 83 316 319 282 77 105 141 299
split_gain=7.42967 8.18574 19.8973 8.16276 16.3894 8.57323 10.5672 10.8282 8.33098 8.0259 7.81436 7.68665 6.86829 6.70439 6.58156 9.64043 9.37605 8.29002 7.86706 10.9656 9.90103 10.8354 12.6466 9.99588
threshold=-0.052933153802719006 0.010362972508591067 0.026432231020027949 0.59476565172767715 -0.018604974417553068 0.0014316399604838677 179.71789351851854 0.069006568144499195 0.14146178768820281 0.62467366733815721 3.1585392051557473 -0.05247813411078716 0.5802469135790761 0.60479471719781808 3.0738447926172645 0.97490369833359791 3.5013525619451138 -0.010787310912838801 -0.079458385522394495 -0.031738124454865978 3.0808778457217838 0.42152750506955378 0.0008745162819865708 0.02521305458554202
decision_type=2 2 2 10 10 2 2 2 10 8 2 2 2 2 8 8 8 2 2 10 10 10 2 2
left_child=1 12 10 4 -2 9 7 -7 11 -5 -3 -9 -1 -11 15 18 -16 -18 -15 -20 21 22 -21 -23
right_child=3 2 -4 5 -6 6 -8 8 -10 13 -12 -13 -14 14 16 -17 17 -19 19 20 -22 23 -24 -25
leaf_value=0.00038371396811977525 -0.0046182293807890068 0.0043039126244570382 -0.0021052794490995226 0.0053924652675003794 0.0058515961815736907 -0.0040143403326365389 -0.0060871538770585609 0.010411247377778802 -0.0036583075412171813 0.0055179956240705031 0.015231511452700739 0 0.0063924272603810154 -0.00090986005811477067 -0.0062000496541754196 0.0027996976617240079 0.006729586231245718 -0.0024297664772238467 -0.0022383954730948305 0.0049557770383783515 -0.0014371292096669425 0.0069592408654859869 -0.001231037145030941 0.00097733999458967909
leaf_weight=303.55786821991205 85.330126881599426 17.395397946238521 22.127231329679489 27.031946823000908 15.395093388855456 32.600213326513767 46.400983855128288 15.149336107075213 9.3742334246635419 19.917880445718765 12.854506216943262 11.550606146454813 17.542855218052864 537.65022356063128 36.632154710590839 126.65431163460016 12.03493684530258 26.583476379513741 86.07316879183054 45.538240112364292 76.052060902118683 75.277853392064571 101.38113407790661 45.786492042243481
leaf_count=2166 619 115 147 168 104 364 489 149 96 135 81 116 126 3762 279 860 88 225 636 274 657 480 707 306
internal_value=0.000140226 0.00139104 0.00495471 -0.000187307 -0.00289164 2.2203e-05 -0.00255182 -2.0906e-06 0.00362617 0.000271876 0.00988691 0.00632376 0.000768283 0.000142101 3.65492e-05 0.000236941 -0.00276754 0.000665756 -0.000104627 0.000898972 0.00169871 0.00259812 0.000737467 0.00477931
internal_weight=1805.89 373.478 52.3771 1432.41 100.725 1331.69 115.075 68.6744 36.0742 1216.61 30.2499 26.6999 321.101 1189.58 1169.66 1094.41 75.2506 38.6184 967.759 430.109 344.036 267.984 146.919 121.064
internal_count=13149 2635 343 10514 723 9791 1214 725 361 8577 196 265 2292 8409 8274 7682 592 313 6822 3060 2424 1767 981 786
is_linear=0
shrinkage=0.01


Tree=264
num_leaves=25
num_cat=0
split_feature=294 149 162 144 70 62 64 107 151 64 323 73 70 153 69 141 114 213 262 105 307 59 312 79
split_gain=6.84002 9.83766 11.1761 8.71704 9.10106 9.03642 8.21355 7.9781 7.9252 7.32486 9.73292 8.19327 7.69596 6.94778 14.4952 8.36827 10.1956 10.4734 8.13653 8.47231 15.3687 14.0425 11.4073 11.1589
threshold=-0.1333807416772019 0.26401991614255771 0.0028943620675211533 0.0051948402417962012 0.8868577106316814 42.500000000000007 1.1688601732190593 0.29809687953750791 0.072866989747649311 0.74165116517556851 229.50000000000003 292.30185556724615 0.54916986760641306 0.064967532467532479 0.41942247597798948 0.08262807292037079 0.97490369833359791 -0.29526479744665735 -0.99788036317089934 0.76680161198624253 -0.0046366743657284088 2.8759759230430952 -0.3703415131617892 274.53609475395285
decision_type=2 10 8 10 10 2 8 8 10 10 2 2 10 10 10 2 10 2 10 8 2 10 2 2
left_child=9 3 -3 4 -2 7 -6 -5 -9 12 -11 -12 -1 14 15 16 18 -18 -7 23 21 -21 -22 -20
right_child=1 2 -4 5 6 13 -8 8 -10 10 11 -13 -14 -15 -16 -17 17 -19 19 20 22 -23 -24 -25
leaf_value=0.001746212041680637 -0.0027048186746898083 -0.0012403447897143 0.0072668391521419767 -0.0040438595490950068 0.0076647962516667402 0.0050294553933908038 -0.0027544719477589821 0.0051951971450262969 -0.0034465866300403686 0.0054569160643749282 -0.0030793612288571061 0.0049125371822969291 0.010998129226824449 -0.0046123821590365825 0.0096650766108117587 -0.0040933332307406655 0.0051847164606225564 -0.00097348891112812542 0.00040619922053271556 0.0040402197528195873 0.001126218728915701 -0.0028340446057668642 0.0087212500103301047 -0.001991276858701832
leaf_weight=22.873848304152489 216.07173964381218 24.941369719803333 34.201570734381676 90.83183529227972 14.692023642361166 29.671856574714184 11.116269938647745 20.550724677741528 16.681120745837688 26.992246434092522 55.055768415331841 13.698115587234495 13.973111800849436 25.494203872978687 13.807116746902464 39.6335244551301 79.968069180846214 39.876955762505531 506.11901740729809 42.8232257142663 39.381391666829586 82.187583491206169 39.729097500443459 310.88377397507429
leaf_count=144 1754 204 239 723 100 181 100 141 141 197 421 91 82 246 86 322 519 257 3388 259 262 615 267 2446
internal_value=3.5036e-05 -0.000138584 0.00377051 -0.000288314 -0.00202753 1.98623e-05 0.00331355 -0.00247936 0.00132831 0.00219737 0.000667001 -0.00134126 0.00581622 0.000281846 0.000395045 0.000266074 0.000424079 0.00315232 0.000104301 -5.13818e-05 0.00175558 -0.000433876 0.00512283 -0.000508588
internal_weight=1811.26 1678.66 59.1429 1619.52 241.88 1377.64 25.8083 128.064 37.2318 132.593 95.7461 68.7539 36.847 1249.58 1224.08 1210.27 1170.64 119.845 1050.8 1021.12 204.121 125.011 79.1105 817.003
internal_count=13185 12250 443 11807 1954 9853 200 1005 282 935 709 512 226 8848 8602 8516 8194 776 7418 7237 1403 874 529 5834
is_linear=0
shrinkage=0.01


Tree=265
num_leaves=25
num_cat=0
split_feature=241 60 197 174 81 223 148 40 226 92 65 234 106 219 81 262 286 20 102 221 162 307 219 319
split_gain=7.25154 9.27469 8.20557 7.91689 10.9006 10.412 9.23032 8.59746 8.52353 8.50796 7.61026 11.8199 10.8681 13.1063 10.0197 10.2412 9.63316 8.77663 10.9985 8.75333 8.38006 10.899 11.3947 10.5919
threshold=0.84523809523809534 -128.24604699875763 -0.28284716864549614 69.123194444444451 -0.11406978961354282 -1.2203092874642494 0.2065753918212935 0.0035231955776964968 0.065286997664861804 396.50000000000006 2.7026611383887675 0.14600857374580004 0.66393789982271001 0.0066445916114790298 0.66289556045042453 0.47835466666791071 0.6239693469052453 1.0800916303881238 0.59851125645049486 -0.26061183245135872 0.0032733311903996574 0.016617355275443526 0.014760348583877998 -0.14254358310185578
decision_type=2 2 10 10 10 2 10 2 2 2 10 2 10 2 10 8 2 10 10 2 10 2 2 2
left_child=10 3 -3 6 5 -5 7 -2 -6 -10 11 16 14 17 -12 -16 -1 18 19 -14 21 23 -23 -18
right_child=1 2 -4 4 8 -7 -8 -9 9 -11 12 -13 13 -15 15 -17 20 -19 -20 -21 -22 22 -24 -25
leaf_value=0.0054009937780517417 0.0027463273748108592 -0.0035329822794092354 -8.7507560212406101e-05 0.0033947118201914286 0 -0.0072819870572662449 0.0031769656649782256 -0.0058875205989007574 0.0070981817380212052 -0.001342333082643048 -0.0047265743686371649 -0.0068146371511107126 0.0029543109944133112 0.0057153033022153514 0.0015787163527213181 -0.0024969162699529919 -0.0029294641677463386 0.0061463410363623953 -0.0042628870616838272 -0.0033691845641183348 0.002468426820596148 0.0011121612824653475 0.0095030501117894933 0.00065069374191064743
leaf_weight=50.504119999706745 12.998971387743948 169.70182225853205 116.58526032418013 13.083544909954069 47.921999335289001 19.497793897986412 23.020402915775776 46.66184014827013 56.296284317970276 13.708727352321146 76.246725790202618 15.582865826785563 72.423681482672691 47.729758530855179 112.04758982360363 130.16986833512783 125.26160357892513 17.361313760280609 56.715363845229149 28.093775525689125 238.28397460281849 63.5012052282691 19.502106286585331 229.8936957642436
leaf_count=331 91 1405 936 84 323 159 164 319 357 93 641 106 530 359 812 1064 860 126 506 211 1552 433 125 1557
internal_value=4.30262e-05 -0.000950089 -0.00214801 0.000524474 0.00188177 -0.00303765 -0.0019149 -0.00395088 0.00328878 0.00544356 0.000447027 0.00110288 -0.000452697 0.00123217 -0.00163257 -0.000610997 0.00129985 -5.9582e-05 -0.000848044 0.00113315 0.000970865 0.0001435 0.00334463 -0.000622413
internal_weight=1802.79 519.477 286.287 233.19 150.508 32.5813 82.6812 59.6608 117.927 70.005 1283.32 742.53 540.788 222.324 318.464 242.217 726.947 174.594 157.233 100.517 676.443 438.159 83.0033 355.155
internal_count=13144 3931 2341 1590 1016 243 574 410 773 450 9213 4964 4249 1732 2517 1876 4858 1373 1247 741 4527 2975 558 2417
is_linear=0
shrinkage=0.01


Tree=266
num_leaves=25
num_cat=0
split_feature=100 136 263 107 217 162 10 304 105 28 233 66 237 294 66 143 137 233 309 118 239 181 239 226
split_gain=6.75258 12.0064 15.4723 12.9939 14.6889 8.84873 9.352 9.11052 10.7575 8.921 11.7696 11.4167 11.2333 10.9321 10.5443 9.97464 9.61186 9.11322 9.45638 9.07792 12.9692 9.03386 8.74192 8.56803
threshold=0.67990093796261097 0.32339757506930766 -0.26910614224418111 0.056093950525070095 0.78208709353960759 0.003669737125619479 0.42951283060645301 0.0018732255027799074 0.0089318772349944505 0.23835871533889444 0.86211217699420972 27.035125556584493 -0.20958923499001617 -0.055179710037266787 12.219526702183389 0.013783604065735729 0.16634605780577763 0.6670153417015342 0.015509157723282653 114.50000000000001 0.87270584324153755 0.10347852389594678 0.66029286062535797 0.098006094329623747
decision_type=8 2 10 8 2 10 2 2 8 2 2 2 2 2 2 10 2 2 2 2 10 2 10 2
left_child=1 2 -1 4 -4 6 7 8 -2 12 11 14 16 21 17 19 -7 -11 -19 -13 -21 -14 -10 -9
right_child=5 -3 3 -5 -6 9 -8 23 22 10 -12 15 13 -15 -16 -17 -18 18 -20 20 -22 -23 -24 -25
leaf_value=0.0003545793426758264 -0.0036711540215555033 -0.0023479805060288563 0.012936086121934403 0.0018678050079995357 0.00028208487699952009 -0.0054074576992004641 -0.0019531478473110908 0.00053472120071506094 -0.0012447344039495914 -0.0038673311516886095 -0.0046593482261794187 -0.0020354297780714064 0.00069890935640537532 -0.00020984235936704704 0.0083844515124699304 0.0043404180497175196 -0.00056248934422393137 0.0064399428440356024 -0.0016463417993016433 -0.0026255250203515374 0.010436925593693819 0.0077817449923933283 0.0060182690286917683 0.0068489197340875201
leaf_weight=139.1608938574791 71.298556230962276 62.739711247384548 30.501066818833351 49.207477793097496 13.060817576944826 63.773790389299393 422.14479125291109 56.833576910197735 36.588486336171627 16.512336507439613 23.830888867378235 108.67142955213785 38.951930649578571 285.38084541261196 44.161703012883663 50.480046272277832 109.67311899363995 43.645913898944855 19.313060894608498 12.760586738586428 12.891297608613966 32.274381034076214 26.091142952442169 32.650205031037331
leaf_count=802 516 437 178 317 87 486 3377 392 249 102 198 847 293 2151 319 361 826 285 129 85 87 231 156 223
internal_value=7.26722e-05 0.00145003 0.00249772 0.00559598 0.00941342 -0.000198035 -0.00108136 0.000564931 -0.00107541 0.000463507 0.00174134 0.00227713 -0.000340628 0.000673207 0.00459488 0.0006751 -0.00240807 0.0022601 0.00398008 -0.000756355 0.00428957 0.0040973 0.00189299 0.00298938
internal_weight=1802.6 294.67 231.93 92.7694 43.5619 1507.93 645.607 223.462 133.978 862.321 332.267 308.436 530.054 356.607 123.633 184.803 173.447 79.4713 62.959 134.323 25.6519 71.2263 62.6796 89.4838
internal_count=13134 1821 1384 582 265 11313 4913 1536 921 6400 2413 2215 3987 2675 835 1380 1312 516 414 1019 172 524 405 615
is_linear=0
shrinkage=0.01


Tree=267
num_leaves=25
num_cat=0
split_feature=5 5 321 131 202 209 236 116 205 320 1 284 222 232 77 258 222 201 283 59 284 109 153 268
split_gain=7.13698 10.3959 8.74284 10.926 13.9784 8.50077 8.50041 10.6964 11.3991 10.9513 9.15698 10.8395 8.46019 8.37719 10.2277 8.32216 8.23932 8.7865 10.3009 8.17844 8.15844 8.08886 14.2412 8.0679
threshold=-2.8935132521978844 -2.8712440139818409 4.5000000000000009 1.1727563897989628 0.072954683698296843 0.88475373547316005 0.47228132387706862 0.11595336569659763 -0.34663640519333599 -0.1105936561240221 -0.22739864051977227 -0.069933885941771454 122.50000000000001 2.7241120743786311 2.7842415834534409 -0.13435799684443028 158.50000000000003 0.86040015590489805 0.0010064196284258764 2.515253059433844 -0.0099147594660019527 2.2683624778100966 0.01564247762863535 0.15646348610624558
decision_type=2 2 2 8 2 2 2 10 2 2 2 10 2 2 10 2 2 2 10 10 10 10 8 2
left_child=12 13 5 4 -4 6 7 8 9 -3 11 -10 -1 14 19 -12 20 -18 -19 -2 -14 -5 -23 -9
right_child=1 2 3 21 -6 -7 -8 23 10 -11 15 -13 16 -15 -16 -17 17 18 -20 -21 -22 22 -24 -25
leaf_value=-0.004169252671054868 0.0036334492589031025 0.00080118623608957384 -0.00250574120407076 -0.0011543685984654005 0.0082412830242835529 -0.0026166645590415022 -0.00078930693982452477 -0.00032372057934343016 -0.00085239951277157021 -0.00623284510620329 -0.0038930843153398001 0.007364192938502016 0.0072634287171839595 -0.00086646460728164484 0.0087504436969349422 0.0050841150191175601 -0.0031531042750145401 0.0085748815906934277 -0.0040779564289544698 -0.0020737239911813145 -0.0011232857449101263 0.010748911647359208 -0.00085757924558709159 0.0066079694294354369
leaf_weight=81.008799307048321 94.111403368413448 69.236135616898537 18.401235543191433 799.32893733680248 26.967270448803902 54.33483949303627 116.62408032268286 20.82178407907486 21.120941877365112 29.212722606956959 26.01923668384552 55.414191596210003 22.002159878611565 59.026218920946121 27.642887681722641 13.238796457648276 83.250585153698921 13.068179264664652 8.4571731239557248 31.542205229401588 20.180543459951878 13.269889108836649 29.271037817001343 73.811346732079983
leaf_count=809 472 495 119 5891 148 438 826 150 131 208 201 341 196 349 147 110 748 122 82 165 189 70 221 537
internal_value=8.21498e-06 0.000248388 -7.23247e-05 -0.00066055 0.00397058 0.00101073 0.00149057 0.00235399 0.00108218 -0.0013923 0.0031775 0.00513462 -0.00163394 0.00229173 0.0035079 -0.000702974 -0.000177086 -0.00168293 0.00366633 0.00217877 0.00341098 -0.00092383 0.00318677 0.00510746
internal_weight=1807.36 1579.4 1367.07 887.238 45.3685 479.834 425.499 308.875 214.242 98.4489 115.793 76.5351 227.967 212.323 153.296 39.258 146.959 104.776 21.5254 125.654 42.1827 841.87 42.5409 94.6331
internal_count=13165 11019 9886 6449 267 3437 2999 2173 1486 703 783 472 2146 1133 784 311 1337 952 204 637 385 6182 291 687
is_linear=0
shrinkage=0.01


Tree=268
num_leaves=25
num_cat=0
split_feature=321 317 235 120 135 66 75 317 131 174 157 149 113 322 26 149 148 247 314 240 176 103 82 165
split_gain=6.91535 9.97016 9.05308 8.90228 13.4688 8.7891 10.0094 9.0641 8.27395 8.9339 15.817 9.75022 11.5218 10.443 9.99896 9.37816 9.19261 8.69014 7.99325 7.95327 11.2689 9.79983 9.39513 13.8659
threshold=4.5000000000000009 0.02902604245069999 0.022590412683291945 0.68155039720904365 0.36134686529368715 17.628273088560235 0.18793387670229741 0.014570131299630477 2.4962584442498819 107.93930555555558 0.34184488491882381 0.096022598870056514 -0.57433242839285226 4.5000000000000009 621.50000000000011 0.17367683915671536 0.20527087513505174 1.0529415307982908 -0.0083294788775824836 1.5110344674075751 11.728835588355885 1.7794553704024445 0.89749920096777458 179.19033564814816
decision_type=2 2 2 8 2 2 10 2 8 10 10 10 10 2 2 10 10 2 2 2 2 10 8 2
left_child=1 3 8 4 18 6 7 -5 9 11 15 12 -2 -13 -14 17 -15 -11 -1 20 -10 22 -22 -24
right_child=2 -3 -4 5 -6 -7 -8 -9 19 10 -12 13 14 16 -16 -17 -18 -19 -20 -21 21 -23 23 -25
leaf_value=-0.0012457416361402508 -0.002141188643631923 -0.005999740225131521 0.0054635906387666714 -0.00034058135254423557 -0.0026203997063384897 0.0020765319279550348 -0.0044724427252776314 0.0059784806912869153 0.0015834664181590364 0.0024460810041283701 -0.0034414149432967405 -0.0038770889479783949 0.010786280616810187 -0.0022846080949372244 0.0019086344092130536 -9.5839966468639631e-05 0.0074618265990899968 0.012007629682868334 0.0067715360388010326 0.0007086565784638184 -0.0019234728167716298 -0.0055551518726449775 -0.0012687384511970718 0.010626236938207603
leaf_weight=13.625366553664206 33.999093905091286 16.898033335804939 23.899170249700546 203.58662912994623 24.136609569191933 230.48656952381134 50.033170193433762 22.652426108717918 99.820373058319092 17.175125382840633 20.271261408925056 81.676639132201672 17.281263388693333 17.60948434472084 39.781198918819427 16.358882077038288 16.002000011503696 26.312542371451855 74.405662149190903 223.99928519129753 442.41930808126926 66.74291517585516 25.346580624580383 12.512434870004652
leaf_count=82 210 124 167 1397 145 1791 443 157 703 105 130 590 99 131 233 120 102 177 458 1797 3159 615 196 90
internal_value=0.000164137 0.00100296 -0.000287857 0.00122231 0.00373757 0.00064586 -0.000553077 0.000353995 -0.000420585 0.00104503 0.00381674 -6.35018e-05 0.00233762 -0.00197921 0.00499805 0.00633589 0.0025477 0.00863468 0.00551936 -0.000905694 -0.00146695 -0.00203073 -0.00150908 0.00310498
internal_weight=1817.03 635.824 1181.21 618.926 112.168 506.759 276.272 226.239 1157.31 286.467 80.1178 206.35 91.0616 115.288 57.0625 59.8465 33.6115 43.4877 88.031 870.841 646.842 547.021 480.278 37.859
internal_count=13221 4597 8624 4473 685 3788 1997 1554 8457 1897 532 1365 542 823 332 402 233 282 540 6560 4763 4060 3445 286
is_linear=0
shrinkage=0.01


Tree=269
num_leaves=25
num_cat=0
split_feature=32 270 118 267 32 235 114 5 121 71 146 298 146 39 37 153 87 218 204 121 146 157 235 245
split_gain=6.84836 8.6346 9.5963 7.75246 9.64046 10.6673 10.1284 7.42986 8.90176 10.6663 10.4987 9.47708 9.42273 7.22871 9.18368 10.2903 9.68838 8.40586 10.1302 11.2285 9.73348 8.4242 12.4511 9.72735
threshold=0.0014316399604838677 0.054802181974196319 20.500000000000004 0.68770906288547484 0.0019782413023911091 0.0060331962290248618 0.66601209047764898 -2.8712440139818409 -0.86823480167352607 2.6564996371202425 0.075612102292320835 -0.0010230112304759613 0.15732663363342408 0.079655293964861526 0.60589665991547359 1.0000000180025095e-35 2.9532108718757706 0.094392033542976955 0.14359351988217969 -1.1836248910638389 0.18593117408906887 0.1471901260504202 0.0065430830265148275 -0.38766862784104011
decision_type=2 2 2 2 2 2 10 2 8 10 10 2 10 2 2 8 10 2 2 10 10 8 2 2
left_child=7 -2 -3 -4 -5 -6 -7 8 9 11 -10 12 -1 17 15 16 -15 21 -19 20 -20 22 -9 -23
right_child=1 2 3 4 5 6 -8 13 10 -11 -12 -13 -14 14 -16 -17 -18 18 19 -21 -22 23 -24 -25
leaf_value=0.0077736657702727778 -0.0059314381216127102 -0.0056239755702852659 -0.0023247512526077254 -0.0042576202330180451 0.010584278341405724 -0.0057959774643131356 0.0062595237460945554 0.001260956616923556 -0.0014205546852518996 -0.0046602791163527033 0.0079805444988345006 -0.00036261343166179379 0.0014434357216352967 0.00032235361448834101 -0.0045465405348904635 -0.0025831111032044583 0.0079420293477950026 -0.0019684568013108852 0.014680342426268088 0.0015173817240223054 0.0036213980543724055 0.00075635637566842011 0.010917347472581898 -0.0014710031838743912
leaf_weight=35.637269884347916 36.753145724534988 24.879204496741295 36.284663207828999 10.324642173945902 19.077987894415855 10.301924116909506 11.990267194807528 106.86332233250141 15.412763252854345 27.644856683909893 38.153746865689754 110.63383596390486 66.205891400575638 141.18160294741392 65.293999567627907 122.78905379027128 16.181985855102539 30.080381996929646 13.62967427074909 53.847227714955807 21.084329843521118 411.17000111192465 12.678652912378309 369.37392232567072
leaf_count=208 439 277 352 101 183 98 116 826 120 164 249 637 360 879 436 925 105 230 86 400 120 2816 89 2948
internal_value=0.000118162 -0.00190958 -0.000477635 0.00109692 0.00351312 0.00562424 0.000622694 0.000304714 0.00173938 0.000883055 0.00532232 0.00166094 0.003819 -6.38257e-06 -0.0012512 -0.000441677 0.00123913 0.000417048 0.00288645 0.00455643 0.00877229 8.23768e-05 0.00252299 -0.000297911
internal_weight=1807.47 149.612 112.859 87.9795 51.6948 41.3702 22.2922 1657.86 293.688 240.122 53.5665 212.477 101.843 1364.17 345.447 280.153 157.364 1018.73 118.642 88.5612 34.714 900.086 119.542 780.544
internal_count=13164 1566 1127 850 498 397 214 11598 1738 1369 369 1205 568 9860 2345 1909 984 7515 836 606 206 6679 915 5764
is_linear=0
shrinkage=0.01


Tree=270
num_leaves=25
num_cat=0
split_feature=83 316 142 115 158 306 294 122 316 304 129 205 295 228 282 23 144 145 316 209 202 81 83 233
split_gain=7.40526 8.34843 8.23871 8.08357 9.96326 8.3251 10.7791 8.23147 11.0041 8.16729 8.11438 8.94987 7.63025 7.23898 7.1857 7.17349 6.82555 8.30812 8.11857 6.5184 6.23691 11.9205 7.74397 6.1745
threshold=3.5013525619451138 -0.0063958762886597914 0.037952859013531216 -0.45884382004409979 0.31985617181846382 0.84190915864120841 -0.086324506852890323 0.5767611239695638 0.0030444110705857117 0.01459638331786184 1.2914358916202595 -0.21942632644889851 0.21575663728147573 0.73152530032763019 -0.023599194281267631 0.54516658424654685 0.0028860088954040415 0.042689778021375725 -0.008352072171776876 0.75367726584468964 0.048465393047290951 0.45025136154100748 0.98733007058139133 0.87737656329068181
decision_type=10 2 2 10 10 2 2 8 2 2 8 2 2 2 10 8 10 10 2 2 2 10 10 2
left_child=2 -2 3 4 23 7 -7 8 9 -5 20 16 14 -4 -8 -16 -12 18 -18 -13 -6 22 -22 -1
right_child=1 -3 13 5 10 6 12 -9 -10 -11 11 19 -14 -15 15 -17 17 -19 -20 -21 21 -23 -24 -25
leaf_value=0.00040909703975197594 0.0078677532516267714 -0.0021985000157354363 -0.0058373284627123182 0.0095608839042270882 -0.0063781541692319848 0.011126735325572505 0.0003271009262176361 -0.0025017305762173193 -0.0032107907896405763 -0.00023466086943894768 -0.007042091923778724 0.0075160785202718532 -0.0011115417798333719 0.0030636191323598254 0.011898995936781573 0.0027730397018087124 -0.0021915910200530795 -0.0032121955741922495 0.0083705803952761459 -0.00067518164602261362 0.002344408971924704 0.0033597445023237555 -0.0064470097622356141 -0.0019848980712164196
leaf_weight=1127.0592111647129 21.636030174791813 10.666559509932993 38.812213040888309 20.356869950890541 50.436219558119774 14.12000974267721 26.745348893105984 62.292986176908016 17.776266947388649 12.922580771148203 16.97624009847641 19.000758953392506 38.182730562984943 9.5991860255599004 15.076421000063421 21.849174827337261 10.96925660967827 36.617851637303829 13.909241542220114 16.345629073679447 11.165247328579424 26.725126214325428 41.149028234183788 116.19107514247298
leaf_count=7959 163 84 376 124 382 94 195 497 115 85 144 135 285 87 96 159 88 275 109 138 85 176 322 915
internal_value=6.04671e-05 0.00460601 -2.94565e-05 8.78312e-05 -0.000182243 0.0018237 0.00367357 -0.000103838 0.00278074 0.00600991 -0.00202085 -5.28341e-05 0.00235684 -0.00398073 0.00441062 0.00710828 -0.00193536 -0.000261257 0.00392977 0.00393318 -0.00370499 -0.00182477 -0.00452826 0.000180535
internal_weight=1796.58 32.3026 1764.28 1715.87 1486.54 229.322 115.974 113.349 51.0557 33.2795 243.295 113.819 101.854 48.4114 63.6709 36.9256 78.4726 61.4963 24.8785 35.3464 129.476 79.0394 52.3143 1243.25
internal_count=13088 247 12841 12378 10728 1650 829 821 324 209 1854 889 735 463 450 255 616 472 197 273 965 583 407 8874
is_linear=0
shrinkage=0.01


Tree=271
num_leaves=25
num_cat=0
split_feature=109 10 109 105 280 89 65 114 235 39 252 39 291 234 28 35 279 148 279 186 249 81 193 52
split_gain=6.4729 10.8768 11.2846 8.70172 10.447 8.62773 8.28793 10.1231 12.5427 18.261 10.8175 10.2303 13.3089 8.58713 9.94715 7.98617 11.8384 10.5215 7.84927 7.33328 8.08457 7.01775 6.96592 8.89367
threshold=2.3487247349341756 2.0999749604778279 1.3298792692554471 1.0801467272519485 0.068085106382877333 4.421769596728427 2.5534132878413618 0.71170873479357177 0.0070477725285884594 0.080019286403085838 203.50000000000003 0.064891125672724009 1.0142299391644967 0.049220705806347416 0.22003430944890451 0.0026472546340096013 0.0098806389628353659 0.21592796738145578 -0.011409242788600614 0.033150183150183157 0.11952380952380953 0.60958653919477968 0.75663924794359583 72.500000000000014
decision_type=10 2 10 10 2 8 8 8 2 2 2 2 2 2 2 2 10 10 8 10 2 10 8 2
left_child=1 3 -3 6 -5 -2 22 10 13 11 21 12 -10 -9 -15 16 -6 -17 -7 -16 -21 -8 -1 -24
right_child=5 2 -4 4 15 18 7 8 9 -11 -12 -13 -14 14 19 17 -18 -19 -20 20 -22 -23 23 -25
leaf_value=0.0013455821667646066 0.0079973630676678682 0.0054593855901374109 -0.0049205626820337627 -0.00082420026008332215 0.012537550454517925 0.0047026738850409096 -0.0064395895470747743 -0.0029240170138680644 0.0092678412240337783 -0.0027751364582627876 0.0047158542284194823 0.011254783286083403 -0.0023464857408422141 -0.0031322679326237796 0.0064783820810505191 -0.00081205157382858648 0.0021230694402834677 0.0075825504907956892 -0.0041456508728341156 -0.0014998465430570605 0.0053967488363346108 -0.0019868999032580312 -0.00343257958644673 0.00020189386863854163
leaf_weight=438.87020310759544 20.697661563754082 9.6656290069222432 72.743556708097458 70.252239584922791 19.50282334536314 16.519486330449581 63.431933246552944 146.26313767582178 14.007349006831644 33.095549575984478 13.360024355351923 22.021920427680016 21.51248424500227 49.226356975734234 26.338645547628403 48.16589593142271 24.671132124960423 18.401205345988274 17.942403919994831 54.793153673410416 21.255808688700199 86.254377961158752 77.241726711392403 418.85375425964594
leaf_count=2856 131 93 660 473 129 116 570 1230 108 229 104 154 183 389 187 336 172 104 144 412 152 712 646 2867
internal_value=4.27573e-05 -6.5505e-05 -0.00354993 0.000111835 0.00216468 0.00332979 -0.000141085 -0.00111065 -0.000223183 0.00297484 -0.00317922 0.00627369 0.00255442 -0.00121854 0.000443727 0.00404287 0.00722224 0.00170926 0.000103871 0.00221075 0.000539863 -0.0039652 0.00043144 -0.000378286
internal_weight=1805.09 1749.93 82.4092 1667.52 180.993 55.1596 1486.53 551.561 388.514 90.6373 163.046 57.5418 35.5198 297.877 151.614 110.741 44.174 66.5671 34.4619 102.388 76.049 149.686 934.966 496.095
internal_count=13157 12766 753 12013 1214 391 10799 4430 3044 674 1386 445 291 2370 1140 741 301 440 260 751 564 1282 6369 3513
is_linear=0
shrinkage=0.01


Tree=272
num_leaves=25
num_cat=0
split_feature=5 313 254 118 144 280 291 157 44 13 0 295 38 202 118 317 95 157 210 126 115 18 293 229
split_gain=7.87628 10.9375 9.90772 8.37388 7.81088 10.0797 12.4711 8.71004 9.27832 8.49303 7.90986 9.48198 7.25479 6.78785 6.57754 6.54701 6.62328 6.32535 7.47825 8.34031 8.55518 10.2934 10.2521 9.75851
threshold=-2.9065284865735039 -0.051459168799814874 227.50000000000003 140.50000000000003 0.0051948402417962012 0.085601011970705312 0.42327207526682847 0.17395652173913045 35.500000000000007 1.0845241626955728 493.50000000000006 0.12045254238744037 0.67867118914604962 0.071588725176169141 132.50000000000003 -0.0011641459315877918 -1.242211006017732 0.50531975099037929 0.07479814355648802 0.38791758301785384 -0.71636951683797923 0.013745711376929245 -0.0013360059401840596 -0.1517180476026245
decision_type=2 2 2 2 8 2 2 8 2 10 2 2 2 2 2 2 10 8 2 8 10 10 2 2
left_child=1 13 3 4 5 6 -2 8 -7 10 -8 -12 -5 -1 17 16 -4 18 -6 -20 23 -22 -23 -21
right_child=2 -3 15 12 14 7 9 -9 -10 -11 11 -13 -14 -15 -16 -17 -18 -19 19 20 21 22 -24 -25
leaf_value=0.0056114354712857688 0.0040445854448444493 -0.0044995090220105016 0.00080277792782238778 -0.0054971672215000031 -6.3549373214957973e-05 0.0052066806661995625 -0.0067723964606446118 -0.0016560872769519903 -0.0033410475109527738 0.00236162993248016 0.0034995424613861437 -0.0061194765096421614 0.0023400015215825605 -0.0028459947721907776 0.0070926581398152557 -0.0009450616486684464 0.0099002663129457245 -0.0043784183601268799 0.0041867388585476537 0.00098723449329897657 0.010048295247467746 -0.0018079455678109188 0.0055268444908643452 -0.003321254233173759
leaf_weight=19.629161074757576 19.075469098985195 79.114037424325943 13.24354356527328 44.132064461708069 780.55976900458336 50.752499409019947 80.463618867099285 74.687501352280378 14.333787821233271 15.714210435748099 19.256257951259613 16.300083994865417 13.766488939523695 13.921226166188715 12.24144548922777 14.604259185492991 20.991110607981685 23.818405263125896 91.674146339297295 242.02590020000935 16.603906705975533 37.681329011917114 33.44172141700983 64.090479470789433
leaf_count=192 152 830 79 296 5589 370 660 612 123 139 135 124 100 133 74 94 133 157 553 1587 106 280 238 443
internal_value=1.24845e-05 -0.00251394 0.000184481 4.87865e-05 0.000188035 -0.00128562 -0.00305557 0.000639821 0.00324837 -0.00415487 -0.00508134 -0.00101027 -0.00359481 0.00212616 0.000519751 0.00449627 0.00673932 0.000441144 0.000542207 0.00151285 0.000862382 0.00356251 0.00170698 5.96703e-05
internal_weight=1812.12 112.664 1699.46 1650.62 1592.72 290.583 150.81 139.774 65.0863 131.734 116.02 35.5563 57.8986 33.5504 1302.14 48.8389 34.2347 1289.9 1266.08 485.517 393.843 87.727 71.1231 306.116
internal_count=13199 1155 12044 11738 11342 2315 1210 1105 493 1058 919 259 396 325 9027 306 212 8953 8796 3207 2654 624 518 2030
is_linear=0
shrinkage=0.01


Tree=273
num_leaves=25
num_cat=0
split_feature=254 289 295 121 273 273 176 307 272 11 275 79 137 307 70 279 22 150 158 205 227 163 276 247
split_gain=7.36688 8.25736 10.8789 6.43821 7.74074 10.5415 8.26284 9.47899 7.04375 6.71767 8.56237 7.84789 11.3927 9.85406 8.7433 7.67846 7.60004 8.01237 7.051 6.78794 6.79355 11.6991 11.5569 10.0955
threshold=227.50000000000003 0.021400763441559837 0.15517241379109695 -2.2749236555014396 5.4082838600369101 5.0127736004036345 12.327235417817446 0.0048848417431207542 0.025838089074555658 0.70524050297330809 0.037896071584584128 82.795235970020755 0.08659712990421653 -0.023553842211347497 0.43121785467356177 0.031928781079902553 -0.67134209679228474 0.01272535895498219 0.28073549257759789 -0.88918708530544699 0.0046350004296640034 0.0012804433186598793 4.7531512591486562 1.302090259778188
decision_type=2 2 2 8 10 10 2 2 2 10 2 2 2 2 8 10 10 8 10 2 2 10 2 2
left_child=3 2 -2 8 5 9 -7 -8 -1 11 -11 12 -5 -14 -13 16 -15 -18 -17 -16 -21 -22 -23 -24
right_child=1 -3 -4 4 -6 6 7 -9 -10 10 -12 14 13 15 19 18 17 -19 -20 20 21 22 23 -25
leaf_value=-0.0024296497021768716 -0.0050574859171563236 0.0078423193732487882 0.0055385298113446958 -0.0015069791416503732 -0.0034925330504788914 -0.00018200794987120104 0.011102091147638776 0.00059917512226205592 0.0057700833285347624 0.0036773639138722855 -0.0049694124146652929 -0.0054205963093039563 -0.002324164593961898 0.0013582657478366305 -0.0032973850306843608 0.0041814565076172469 0.0024513975444463258 0.012244360730400647 -0.0043379130597784041 -0.00056407172431570884 -0.00038501565178978734 0.0073037143901418782 0.0071518562105686726 8.1765834165378645e-05
leaf_weight=12.63658134639263 16.635136671364307 22.45749270170927 16.432185307145119 62.787750601768494 64.664569385349751 27.540801614522934 19.556707218289375 14.839333690702913 33.624670699238777 12.038772143423556 53.199910320341587 30.043680943548679 20.564065359532833 18.156878247857094 64.161302171647549 24.754677265882492 14.180990986526011 28.0040527805686 12.208068333566187 814.7214343547821 252.191540569067 42.958646178245544 22.061773203313351 108.85053260624409
leaf_count=94 114 145 109 417 446 189 129 97 216 100 470 212 144 136 493 170 82 177 97 6117 1824 283 139 784
internal_value=4.50036e-05 0.00354045 0.000201466 -7.06353e-05 -0.000173581 -3.6524e-05 0.00391679 0.00698935 0.00349871 -0.000198794 -0.00327209 -5.99702e-05 0.00187867 0.00368357 -0.000326502 0.00499322 0.00712126 0.00933711 0.00123353 -0.00019693 -2.8627e-05 0.000989856 0.00296389 0.00140737
internal_weight=1809.27 55.5248 33.0673 1753.75 1707.49 1642.82 61.9368 34.396 46.2613 1580.88 65.2387 1515.65 180.656 117.869 1334.99 97.3047 60.3419 42.185 36.9627 1304.95 1240.78 426.062 173.871 130.912
internal_count=13184 368 223 12816 12506 12060 415 226 310 11645 570 11075 1223 806 9852 662 395 259 267 9640 9147 3030 1206 923
is_linear=0
shrinkage=0.01


Tree=274
num_leaves=25
num_cat=0
split_feature=153 153 162 309 153 105 212 204 116 165 144 276 0 100 172 166 192 302 217 298 125 138 276 236
split_gain=7.09865 11.1247 9.90427 9.80252 9.3138 12.8363 7.0251 9.85833 7.40794 7.30073 6.52751 9.83966 7.29578 8.83693 7.7273 7.07794 6.76039 6.52496 11.1271 9.16269 8.65819 8.25364 7.82664 7.18875
threshold=0.050059665871121727 0.045084975438992723 0.043557312252964435 -0.041509464189876603 0.015611460138648182 1.3997196495424571 0.33877632631298321 0.63811445341159223 0.060363840082792504 179.14877893518522 1.0000000180025095e-35 12.353316507432318 491.50000000000006 0.56678649758010169 9.7686111111111114 129.50000000000003 1.5398424488835805 0.004500075115074346 0.90508365508365518 -0.0036742206062351499 0.44382779918492954 0.050411696936839258 15.387508938628995 0.22490654660163148
decision_type=8 10 10 2 10 10 2 2 10 2 10 2 2 10 8 2 10 2 2 2 10 2 2 2
left_child=1 2 4 -4 5 10 8 -8 -2 -10 11 12 14 -14 -1 -12 -16 20 22 -20 -17 -22 23 -19
right_child=6 -3 3 -5 -6 -7 7 -9 9 -11 15 -13 13 -15 16 17 -18 18 19 -21 21 -23 -24 -25
leaf_value=-0.0075321323915528192 -0.0046329433521231627 0.0077201424587722001 0.0094927077958481057 0.0014771211451911762 -0.0026513805925573175 0.0064419515360319684 -0.0081973617941403839 0.00039903189607079281 0.0080433053478238033 -0.0023008238369306528 0.0069955032615435985 0.0046654136639659415 0.0067128179459110702 -0.0026765352842897118 -0.0033992943252565137 -0.0020707003592806868 0.0043377784415937985 0.0032563207705411648 0.0021498681526460335 -0.0059726497826419365 0.006298083206656078 -3.8483947537212278e-05 0.00810795755062905 0.00042484970709526156
leaf_weight=39.53384755551815 13.880880288779734 16.158154174685478 16.47484964877367 82.484707109630108 135.13769149780273 28.073023691773415 32.316749580204487 20.740585766732693 13.523111999034883 9.7598967552185041 12.170470148324965 17.112172357738018 13.220318995416163 23.85746930539608 53.180831596255302 240.69516168534756 11.46273200958967 118.81804628670216 19.321073308587074 36.782990142703056 18.656467944383621 462.62138468772173 14.142245687544344 349.47111614793539
leaf_count=322 137 134 101 550 1257 168 316 189 125 101 84 135 83 179 432 1671 93 855 140 290 113 3218 94 2341
internal_value=-3.52821e-05 0.000110398 2.43761e-05 0.00304912 -0.000167834 6.61958e-05 -0.00272539 -0.00496936 0.000578343 0.00388982 -7.06869e-05 -0.00196706 -0.00285368 0.000885426 -0.00418208 0.000168353 -0.00188754 8.60557e-05 0.000917184 -0.00318948 -0.000533672 0.000240574 0.00141272 0.00116072
internal_weight=1799.6 1709.37 1693.22 98.9596 1594.26 1459.12 90.2212 53.0573 37.1639 23.283 1431.05 158.367 141.255 37.0778 104.177 1272.68 64.6436 1260.51 538.535 56.1041 721.973 481.278 482.431 468.289
internal_count=13128 12260 12126 651 11475 10218 868 505 363 226 10050 1244 1109 262 847 8806 525 8722 3720 430 5002 3331 3290 3196
is_linear=0
shrinkage=0.01


Tree=275
num_leaves=25
num_cat=0
split_feature=73 174 29 220 107 11 128 128 117 122 128 11 295 137 272 29 234 280 222 3 318 96 211 198
split_gain=7.35633 11.8515 10.7992 8.57341 10.2609 8.62913 7.9835 10.2433 9.86822 11.2988 9.52738 9.16038 10.5383 9.15924 8.67403 9.27774 15.6809 8.45266 9.28171 8.3496 8.33714 7.82749 8.28354 7.80088
threshold=322.47232286924384 58.931805555555563 0.24865072925119117 0.39352982211370774 0.48944125423749912 0.24510646967582531 1.1298087280341169 1.3544156544889392 1.1899112984831832 0.22767934043160357 1.4052803702276899 0.30058743740485938 0.134615384614306 0.1125113430127042 0.037496579351856879 0.27661562934977141 0.060646038218597591 0.099999999999494965 97.500000000000014 3.5278361867283987 0.68275201646923844 -0.62859630626671981 0.01023024594453166 34.500000000000007
decision_type=2 10 2 2 10 10 10 10 10 10 10 8 2 2 2 2 2 2 2 2 2 10 2 2
left_child=6 21 -3 -4 5 -5 8 -8 9 19 -9 12 -10 -12 23 16 -16 -14 -19 -1 -13 22 -2 -15
right_child=1 2 3 4 -6 -7 7 10 11 -11 13 20 17 14 15 -17 -18 18 -20 -21 -22 -23 -24 -25
leaf_value=0.00050013635619442756 0.004781003698063245 -0.0023742886269996727 0.0041362037505899407 0.0021645983242465677 0.0056518595751667254 -0.0064750591520562444 -0.0042255233389405554 0.0053361820970311861 -0.00010521615876040652 -0.0024948405276712174 0.006153366440550854 0.0047995150196097078 0.011878668473253293 -0.0014676315450131369 0.011262008980567027 -0.002586019440389397 -0.0031027311088187709 0.0075526366837413159 -0.0025194380877245964 -0.0043922055367833475 -0.0026310370764981847 -0.0021746733123132965 -0.0040317439676737952 -0.0069202258944798005
leaf_weight=647.91694031655788 35.840732328593731 39.795047089457512 187.49532232433558 18.043466009199619 17.826819896697998 24.180006504058838 108.07686705887318 22.289866577833891 30.989456921815872 191.3657308742404 12.720109760761259 18.778251960873604 20.240513056516647 81.286991193890572 15.127933189272882 26.556957356631756 11.303634144365786 18.931936606764793 13.676017083227633 34.005029387772083 47.165897078812122 132.75933570414782 12.162081465125082 38.008196845650673
leaf_count=4255 232 293 1334 107 112 183 831 167 209 1733 102 155 127 668 116 218 91 124 93 267 374 966 86 319
internal_value=-9.476e-06 0.00106519 0.00231956 0.00309655 -0.000173707 -0.00285691 -0.000387542 -0.00177097 4.165e-05 -0.000366246 -0.000446609 0.00238902 0.0045274 -0.00121887 -0.00185993 0.00144068 0.00537935 0.00712884 0.00343644 0.00023749 -0.000389607 -0.000928291 0.00242782 -0.00333367
internal_weight=1806.54 468.103 287.341 247.546 60.0503 42.2235 1338.44 315.371 1023.07 873.288 207.294 149.782 83.8379 185.004 172.284 52.9885 26.4316 52.8485 32.608 681.922 65.9441 180.762 48.0028 119.295
internal_count=13162 3313 2029 1736 402 290 9849 2512 7337 6255 1681 1082 553 1514 1412 425 207 344 217 4522 529 1284 318 987
is_linear=0
shrinkage=0.01


Tree=276
num_leaves=25
num_cat=0
split_feature=5 121 146 39 79 105 59 147 183 22 101 149 83 316 53 60 118 229 126 75 206 261 279 60
split_gain=6.97029 8.22122 7.47346 7.26291 7.64731 12.4282 7.2594 6.57983 10.946 9.81126 8.15423 7.79968 8.18735 8.31707 7.68996 7.56585 10.9031 8.34283 9.56117 8.31337 7.8167 8.20555 9.3627 10.1783
threshold=-2.9065284865735039 -2.2749236555014396 0.15537260561532409 0.051300849687946466 98.231389568686481 -0.10270997295016845 3.8538039591504427 0.14976909489454981 -1.6255619765320142 -0.83844584795780408 -2.1026213402719467 0.26988996007400917 3.5013525619451138 -0.010787310912838801 92.500000000000014 7.950999303125978 121.50000000000001 -0.10518223569612982 0.4584259799060611 0.15146510970661259 11.500000000000002 0.53412752008554831 0.051147233152928302 17.225349055318834
decision_type=2 8 10 2 2 10 10 10 10 8 8 10 10 2 2 2 2 2 8 10 2 10 10 2
left_child=3 2 -2 -1 -5 -6 -7 11 -9 -10 -11 12 -3 -14 15 17 20 19 -19 -12 -17 22 23 -22
right_child=1 7 -4 4 5 6 -8 8 9 10 14 -13 13 -15 -16 16 -18 18 -20 -21 21 -23 -24 -25
leaf_value=-0.0066323161090343129 0.0092905163211269431 -0.001460450060452358 0.00028376432117180838 -0.0067008852400332374 0.007754395512659139 -0.0036376950326887669 0.0041723298859589518 0.0084903545390213331 -0.0048595557022689112 0.0077123578679086013 0.0011720531960830464 0.0033663514977337106 0.0077015357189500139 -0.0026886268542125951 -0.0043460220803069249 -0.0027779435883290185 -0.0035219045332094841 0.0014419044581826955 -0.0039086003473131304 -0.0016196763727947862 0.010161280502223088 -0.00217272449426108 0.00974539748244432 0.0015918768450499984
leaf_weight=26.859941199421883 15.833133079111574 485.85147407650948 19.023419938981533 15.096770644187925 15.508526884019373 43.10327472537756 13.349394075572489 14.129249222576616 31.627021282911301 12.895338498055933 569.54588225483894 38.461676493287086 17.318661227822307 10.421752609312533 29.537245705723763 15.762317121028898 23.59950515627861 49.97067691385746 89.891428217291832 128.23615092411637 14.782516606152056 15.796626821160315 30.463001638650894 74.550882332026958
leaf_count=312 94 3926 105 148 149 427 132 88 232 72 3610 288 129 82 184 117 151 326 633 1025 98 109 197 504
internal_value=1.17322e-05 0.000175478 0.00479353 -0.00235077 -0.000850734 0.000570912 -0.00166241 6.94221e-05 0.000516492 0.000390019 0.000560968 -0.000818289 -0.00115041 0.00387787 0.000450787 0.00060347 0.00247771 0.000203754 -0.00199921 0.00065307 0.00346737 0.00424277 0.0051277 0.0032903
internal_weight=1801.62 1687.7 34.8566 113.918 87.058 71.9612 56.4527 1652.84 1100.79 1086.66 1055.03 552.054 513.592 27.7404 1042.14 1012.6 174.955 837.644 139.862 697.782 151.355 135.593 119.796 89.3334
internal_count=13138 11970 199 1168 856 708 559 11771 7346 7258 7026 4425 4137 211 6954 6770 1176 5594 959 4635 1025 908 799 602
is_linear=0
shrinkage=0.01


Tree=277
num_leaves=25
num_cat=0
split_feature=73 119 81 39 197 189 174 147 255 189 158 18 139 73 260 156 79 209 209 22 143 109 28 215
split_gain=6.88715 7.67754 11.825 8.34837 8.12335 7.56047 10.1862 9.17381 7.63315 11.412 9.42053 9.01935 17.4376 8.55604 8.38284 7.04469 6.84669 11.2369 11.9163 11.4535 10.3268 10.4726 10.1677 8.75629
threshold=315.53479370826329 1.1620850402445735 1.2953612958239344 0.10503580130276964 -0.19907574937995118 -0.15265582845962009 58.931805555555563 0.22233992467043315 118.50000000000001 -0.34387484561888376 0.25017882689556514 -0.059763570168892118 0.079214350006429221 399.72039028070486 -0.026979081626039816 0.16833838681400801 103.22663011641714 0.79962825278810423 0.69162772585669796 -0.83844584795780408 0.15843327290475531 1.0213859543395061 0.21584272089665915 -0.50517038982857809
decision_type=2 10 10 2 10 10 10 10 2 10 10 10 2 2 10 10 2 2 2 8 10 10 2 2
left_child=16 2 3 5 -3 6 7 -2 13 10 -10 -12 -13 14 -8 -9 17 18 -1 -20 21 -18 -21 -23
right_child=1 4 -4 -5 -6 -7 8 15 9 -11 11 12 -14 -15 -16 -17 20 -19 19 22 -22 23 -24 -25
leaf_value=0.00010040397116896886 -0.0019937017229692301 -0.0051908867640286854 0.0072476227627007641 -0.0055155460475597232 0.0042440474403208214 -0.0027221862184249974 -0.0014612265560140078 0.00025057830536806184 0.0064031999282599221 0.0092517565372953869 -0.005381224922530398 0.0067060442660940101 -0.0046795975531338605 -0.0043027784352415608 0.0064716013098480418 0.0077315092143078095 -0.002373405880068465 -0.00099698319748456874 -0.00054350293337056591 0.001302694585761377 0.007706373733101745 0.0018813563791195323 0.010039452428961244 -0.00078403069359042523
leaf_weight=93.601795360445976 99.127933859825134 32.427327685058117 30.277178980410099 15.896974101662634 9.8050264567136747 39.077554278075695 23.335457265377045 34.060831688344479 39.908543981611729 34.895555667579174 17.015090271830559 32.81530824303627 18.99794540554285 22.682718344032764 25.319918401539326 17.598312892019749 301.63650806248188 159.35748233646154 24.423527233302593 20.613746985793114 11.511583447456358 160.46468924731016 42.424141585826874 499.21047345548868
leaf_count=601 739 297 184 103 83 280 174 212 256 232 113 223 142 163 182 109 2338 1144 153 127 82 1087 256 3900
internal_value=9.06098e-05 0.00109503 0.00148205 0.00101893 -0.00284856 0.00131465 0.00176634 -0.000221346 0.00314991 0.00445763 0.0027137 0.000391333 0.00248664 0.000433447 0.0027766 0.00308772 -0.000287422 0.000926821 0.00261474 0.00520662 -0.000714819 -0.000839116 0.00737717 -0.000128869
internal_weight=1806.49 493.242 451.009 420.732 42.2324 404.835 365.758 150.787 214.971 143.632 108.737 68.8283 51.8133 71.3381 48.6554 51.6591 1313.24 340.421 181.063 87.4614 972.823 961.312 63.0379 659.675
internal_count=13180 3492 3112 2928 380 2825 2545 1060 1485 966 734 478 365 519 356 321 9688 2281 1137 536 7407 7325 383 4987
is_linear=0
shrinkage=0.01


Tree=278
num_leaves=25
num_cat=0
split_feature=254 114 120 100 11 50 83 273 104 101 94 289 59 147 107 3 60 138 55 240 213 14 114 104
split_gain=6.91214 7.32516 10.2284 10.103 10.6005 9.52167 8.87503 8.81084 14.0644 8.17834 9.05814 8.38697 8.5573 7.73557 10.397 11.1157 11.2286 12.2884 12.1727 9.96458 8.83508 8.0497 9.93556 12.3023
threshold=223.50000000000003 0.47499818936807098 0.54515546181929897 0.67990093796261097 0.63725441079349976 6.5000000000000009 1.9185037010905406 5.4082838600369101 17.500000000000004 -1.2440686746525074 0.48555757837609093 0.040164952694364493 1.509886252578537 0.1461861667744021 0.25521975655414714 3.1218537123950107 -8.4541935389353018 0.18619365940829971 3.2393084823697582 1.0217713225035803 -0.11839258858750228 0.10191161680173029 0.72620955713536361 56.500000000000007
decision_type=2 8 10 8 10 2 10 10 2 10 10 2 10 10 10 2 2 2 2 2 2 2 8 2
left_child=1 2 7 6 13 -4 9 8 -1 11 -11 12 -3 -5 21 19 -17 18 -18 -16 -21 22 23 -15
right_child=-2 3 5 4 -6 -7 -8 -9 -10 10 -12 -13 -14 14 15 16 17 -19 -20 20 -22 -23 -24 -25
leaf_value=-0.0035991230465725445 0.0034103080034480972 -0.0034825955994218045 0.001092294189452842 -0.00090505304540709991 -0.0034048158560307314 -0.0060333084558129467 0.0082411528289381905 -0.0039769074107174392 0.007343326375117175 -0.0022942094743119272 0.0052732832115213605 0.010075739552194719 0.0050224272185255383 -0.0013235505168022359 0.0035671015071140665 -0.0017643825434876315 0.013390950139671525 0 0.0018993311585935072 -0.0063330980031672214 0.0026578575673687063 -0.0017530775263493983 0.0021151059511794758 0.0054381178780634146
leaf_weight=16.397742964327335 57.18257512152195 16.731205865740776 24.134132832288742 473.35300406813622 88.318989805877209 68.06273840367794 20.586215250194073 21.998285226523876 28.673030778765678 64.392392426729202 17.834494203329086 15.09421334415674 27.511843681335449 244.8876211643219 45.541779369115829 15.084812067449091 30.463350377976894 16.135230481624603 14.511440522968767 25.895267628133297 15.395883522927759 166.60760164260864 264.67912969738245 27.340542048215866
leaf_count=119 380 90 194 3923 828 485 119 138 164 421 114 81 148 1816 276 98 190 101 98 165 96 1250 1690 192
internal_value=7.33544e-05 -4.04802e-05 -0.00206608 0.00016506 -0.000104716 -0.00418053 0.00250825 0.000877864 0.00336378 0.00152187 -0.000519719 0.00426177 0.0017686 0.0001188 0.000680376 0.00293295 0.00564818 0.00749084 0.0100373 0.000435668 -0.00300252 0.000147254 0.000744939 -0.000591643
internal_weight=1806.81 1749.63 159.266 1590.37 1428.21 92.1969 162.15 67.0691 45.0708 141.564 82.2269 59.3373 44.243 1339.9 866.543 163.028 76.1948 61.11 44.9748 86.8329 41.2912 703.515 536.907 272.228
internal_count=13176 12796 1100 11696 10723 679 973 421 283 854 535 319 238 9895 5972 1024 487 389 288 537 261 4948 3698 2008
is_linear=0
shrinkage=0.01


Tree=279
num_leaves=25
num_cat=0
split_feature=149 172 294 144 40 64 303 248 323 105 122 299 115 221 262 127 83 307 129 107 115 217 209 115
split_gain=7.23257 10.2524 7.87893 8.69131 9.23592 8.49507 10.5047 10.6512 7.65731 7.17877 7.63077 9.31548 9.86446 9.61469 9.12751 11.3211 8.52941 11.3671 9.55028 9.28007 9.00863 8.55972 10.2961 9.22655
threshold=0.26401991614255771 3.8170138888888894 -0.1333807416772019 1.0000000180025095e-35 0.011123484286067806 0.74165116517556851 -0.0041991363507802764 0.70777988614800769 229.50000000000003 1.1601474030460397 0.62680524993752162 -0.10979965720412722 -0.3639235922450848 -0.23094813689757074 -0.99788036317089934 -0.64040771505060723 1.317319548233135 -0.0046366743657284088 2.1117934846248434 -0.61162909121459863 -1.3316701361413201 0.76202034211742953 0.74087396749267265 -0.88548042229648571
decision_type=10 10 2 8 2 10 2 2 2 10 10 2 10 2 10 10 10 2 10 8 8 2 2 10
left_child=2 -2 5 4 -4 -1 -7 8 -8 10 11 -5 14 -14 15 -13 -16 18 19 20 -18 22 -19 -24
right_child=1 -3 3 9 -6 6 7 -9 -10 -11 -12 12 13 -15 16 -17 17 21 -20 -21 -22 -23 23 -25
leaf_value=0.0063149068771995555 0.010446450531239574 0.0010323971592660487 -0.0029652243425266089 -0.0053741334643512377 0.0058705964626723332 0.006700203432730473 0.0026194937609351045 0.004825056218795966 -0.0054459782406627924 0.0020805230369603444 -0.0021497862682011652 -0.00061306633609435818 0.010209398739073419 -0.00021176770239688964 -0.0015120531123660769 0.0096436288538822006 -0.0010795982287873551 0.0017467040394799683 -0.0068513763737987152 -0.0010444551076841595 0.01010270772557975 0.00018263165187045534 0.010221328141109666 0.00018761774485824754
leaf_weight=34.124988362193108 12.445421569049357 52.105039536952972 167.24047072604299 28.093314051628113 10.037439689040182 19.155469514429569 13.934280857443808 19.126902595162392 41.109697125852108 140.39727779477835 183.71164430305362 20.498952634632587 16.216803967952728 15.976698778569697 321.16021677106619 18.728052660822868 12.214195467531679 136.99099753797054 22.706407770514488 252.77156142890453 12.728279717266561 205.93537340313196 29.250765904784203 13.269179113209246
leaf_count=208 81 405 1397 190 77 134 100 146 301 987 1714 144 99 101 2235 107 82 909 173 1699 91 1465 194 93
internal_value=1.14465e-05 0.00322623 -0.000112628 -0.000304325 -0.00237464 0.00225198 0.000613214 -0.00113484 -0.00335841 -4.28817e-05 -0.000278781 3.56473e-05 0.000191252 0.00541097 1.54618e-05 0.00458025 -0.000173734 0.000455125 -0.000995788 -0.000448904 0.00503989 0.00158759 0.00316588 0.00732021
internal_weight=1799.93 64.5505 1735.38 1607.93 177.278 127.451 93.3264 74.1709 55.044 1430.65 1290.25 1106.54 1078.45 32.1935 1046.25 39.227 1007.03 685.867 300.42 277.714 24.9425 385.446 179.511 42.5199
internal_count=13132 486 12646 11757 1474 889 681 547 401 10283 9296 7582 7392 200 7192 251 6941 4706 2045 1872 173 2661 1196 287
is_linear=0
shrinkage=0.01


Tree=280
num_leaves=25
num_cat=0
split_feature=3 116 225 316 96 272 197 304 60 246 160 33 11 284 71 36 188 201 316 111 71 146 65 156
split_gain=6.10927 11.0111 10.0548 9.62087 9.5389 8.75964 9.10423 7.9655 9.54535 9.43726 9.15858 13.6639 8.31483 7.60465 7.51683 8.43296 9.30103 9.30699 9.17173 9.35834 8.98584 8.21325 7.90024 8.53744
threshold=2.4993481399758042 -0.16900300018275616 0.83521247538588594 -0.028472871474342139 -0.62859630626671981 0.045163038589606429 -0.6566813460382418 0.0011178522893112721 -537.21913325019671 0.78384195687635094 0.01152747325759086 0.028176953490957019 0.16542878159193347 -0.10607239581228016 1.2456346911122256 0.029739006741295076 0.192484121383204 0.76689497716894983 -0.0014890740396478021 2.6364408698084341 2.1502197978806863 0.28626306760699677 1.6652402419624079 1.0000000180025095e-35
decision_type=2 10 2 2 10 2 10 2 2 10 10 2 8 8 10 2 10 2 2 10 10 10 10 10
left_child=1 4 3 -3 7 6 -5 12 -9 10 -10 -12 -1 -14 21 22 -17 18 19 -18 -20 -2 -16 -24
right_child=14 2 -4 5 -6 -7 -8 8 9 -11 11 -13 13 -15 15 16 17 -19 20 -21 -22 -23 23 -25
leaf_value=-0.0045835448020370134 -0.0034153348446948617 -0.0017535999082849698 -0.0015308403170279559 -0.0028258587728939846 -0.0034659031943707935 0.011814310506949621 0.0047093000024868636 0.0076190694817269821 -0.0029580080254251483 0.006883888184177918 0.0086850365191741222 -0.0016577059346456293 0.004380752105642211 -0.00071803893602488938 0.0051263911882030444 -0.0039574727872251384 -0.00054616029013794434 -0.0028646662642044874 0.003769679622668901 0.0066638644106417552 0.013897057756869495 0.0045612592334894429 0.004505437340461999 -0.00081805483407259259
leaf_weight=40.367259204387665 118.52931627631187 25.546799324452877 43.744475923478603 16.374775245785713 67.183017909526825 13.430990442633627 118.74130512773991 25.183165334165096 53.979440815746784 20.089377626776695 19.784700393676758 27.354868784546852 33.71369556337595 143.23760863393545 21.732792980968952 19.91202649474144 52.45468819886446 20.932660348713398 27.632836274802685 24.102716140449047 13.092972226440905 11.873608797788618 28.425461143255234 819.00537927821279
leaf_count=270 974 160 334 115 496 82 755 154 357 134 136 164 199 917 151 155 351 154 188 159 78 73 212 6402
internal_value=6.97779e-05 0.000845054 0.00266173 0.00372856 -8.24528e-05 0.00469326 0.00374941 0.000561782 0.00234354 0.00108995 -0.000208047 0.00290986 -0.00064862 0.000301652 -0.000364794 -7.37309e-05 0.0020283 0.00296013 0.00405131 0.00186825 0.00774251 -0.0025997 -0.000462676 -0.000623846
internal_weight=1806.43 648.731 217.838 174.094 430.893 148.547 135.116 363.71 146.392 121.208 101.119 47.1396 217.319 176.951 1157.69 1027.29 158.128 138.216 117.283 76.5574 40.7258 130.403 869.164 847.431
internal_count=13170 4273 1446 1112 2827 952 870 2331 945 791 657 300 1386 1116 8897 7850 1085 930 776 510 266 1047 6765 6614
is_linear=0
shrinkage=0.01


Tree=281
num_leaves=25
num_cat=0
split_feature=109 99 152 109 109 150 28 99 160 94 260 267 239 140 12 318 292 227 59 240 320 292 62 104
split_gain=6.95065 10.0627 7.87911 10.6416 8.85921 12.6277 8.99412 12.5603 9.92329 11.5632 11.8791 8.62092 10.7112 8.55438 7.95395 7.67204 7.35691 7.25181 10.414 11.8287 9.12155 8.84663 7.50682 7.62761
threshold=2.3175888047283166 1.2242135538382042 0.12185120558375635 1.4590645554996577 1.2469916402469974 0.048826334128002941 0.25890591007976799 0.28206687859493368 0.036477341849148422 0.50548553507043847 -0.53658863936919954 0.98483395377135297 0.5889258050992604 0.014974151814711668 0.60755768631789608 0.52493093922651946 -0.066655101627779212 0.0046765422018749921 2.4278856328905882 1.5558981744130571 -0.16374793835142865 -0.0077415100182175447 220.50000000000003 9.5000000000000018
decision_type=10 8 10 8 10 10 2 8 10 8 10 2 10 2 2 2 2 2 10 2 2 2 2 2
left_child=2 -2 4 14 5 -1 8 15 13 11 -11 12 -10 -7 -4 -8 -5 18 19 -6 21 -19 23 -22
right_child=1 -3 3 16 17 6 7 -9 9 10 -12 -13 -14 -15 -16 -17 -18 20 -20 -21 22 -23 -24 -25
leaf_value=0.00052169879949113976 0.0055874448503172537 -0.0030477168877186089 -0.0028610241453156248 0.0024935475651271599 0.0015159864110673611 -0.0072416564776327077 0.0099125301852532165 -0.0056402733117701092 -0.0013125954637614812 0.0045440200164515851 -0.003296310134012906 -0.0039555242111683573 0.0084300078969233947 0.0005947743566725621 0.0081993729629593511 0.0009704495860005098 -0.0049927901163772303 -0.0050076290544702542 -0.00042754250119903805 0.010391425914395512 0.0086478661305089532 0.0030357463165463926 0.0084846516071970367 0.0016204554761265566
leaf_weight=546.00770987570286 46.573330774903297 16.31847532838583 9.3920758366584796 13.516579322516916 88.190761499106884 59.527740329504013 14.51652532070875 13.111568734049795 17.388067580759525 18.890236295759678 190.51403560489416 13.243469119071959 25.435342490673065 17.110307224094868 12.020782478153704 23.667855635285378 82.896947614848614 24.920251309871674 373.20806511491537 15.743989892303942 15.701326064765452 24.170617185533047 25.979090079665184 111.38040718436241
leaf_count=3473 301 147 101 117 545 530 112 123 137 148 1641 115 190 160 116 189 791 166 2725 97 110 172 158 750
internal_value=0.000104614 0.00329664 -1.56046e-05 -0.00248135 0.000167287 -0.000460645 -0.00182056 0.00199132 -0.00240673 -0.00145509 -0.00253293 0.00248139 0.00461641 -0.00552064 0.00353951 0.00484552 -0.00389175 0.00103545 0.000354896 0.00311056 0.00260968 -0.00107847 0.00379715 0.00266657
internal_weight=1799.43 62.8918 1736.53 117.826 1618.71 939.413 393.405 51.2959 342.109 265.471 209.404 56.0669 42.8234 76.638 21.4129 38.1844 96.4135 679.295 477.143 103.935 202.152 49.0909 153.061 127.082
internal_count=13114 448 12666 1125 11541 6818 3345 424 2921 2231 1789 442 327 690 217 301 908 4723 3367 642 1356 338 1018 860
is_linear=0
shrinkage=0.01


Tree=282
num_leaves=25
num_cat=0
split_feature=157 150 109 157 307 102 137 237 161 52 192 277 244 323 232 309 263 154 117 274 116 94 41 248
split_gain=6.83749 6.12464 10.6846 10.4161 9.24859 8.41897 12.1468 7.61321 8.50849 10.6565 9.28905 15.0491 11.7029 10.708 9.59945 8.76714 9.30483 9.22204 8.71026 7.94836 7.83143 7.70289 7.56048 7.40837
threshold=0.50531975099037929 0.048826334128002941 1.0213859543395061 0.34490796559762082 0.033982183102838452 1.228056852784827 0.10286196097325946 -0.34661315731130771 0.0030349083540572907 254.50000000000003 0.87688231866361177 0.020327487042410736 0.0045833333333333342 188.50000000000003 1.4821881601543812 -0.014151147821650832 -0.41871322858011778 0.019758530942741472 0.57233699563666318 4.8777628036099046 -0.27370177727562534 0.37905463998279049 65.500000000000014 0.7956864564007422
decision_type=10 10 8 8 2 10 2 2 10 2 8 10 2 2 2 2 10 10 10 2 10 10 2 2
left_child=1 7 4 5 22 6 -4 -1 10 15 12 -12 21 14 23 17 -17 -10 -11 -18 -21 -9 -3 -14
right_child=-2 2 3 -5 -6 -7 -8 8 9 18 11 -13 13 -15 -16 16 19 -19 -20 20 -22 -23 -24 -25
leaf_value=-0.0038168315633011914 -0.0046692163918958607 0.0041248157057667111 0.01007725577629019 -0.0060469057531716414 0.0038615643660246646 -0.0042042690635195378 0.000379556061425004 0.0014876454632369344 -0.0014991736470159401 -0.0054882162449525545 -0.0059871461784333987 0.001895740612547301 0.011064424930207335 -0.00096188652521815457 -0.0024726691697897238 0.00031560641932830002 0.0099596711016982486 0.0071356817136366303 0.0020043378842024701 0.0086800619630675816 -0.00026624093517249028 0.011388694479807147 -0.003430401125208296 0.0012642687785709406
leaf_weight=28.674744993448257 27.469117239117622 11.765203617513178 10.277717240154741 23.482956103980541 19.71083277463913 36.48846746981144 923.88772570714355 16.682032607495788 44.312258750200272 22.144813925027847 50.504347167909145 42.146689593791962 17.810851901769642 150.83468250930309 12.572403185069559 25.943861022591591 45.708341166377068 13.929510183632372 38.136998891830444 13.495716586709021 23.47647849470377 14.487853258848189 187.19543726742268 14.02650462836027
leaf_count=189 183 100 77 189 174 358 6875 113 266 137 347 268 105 981 85 160 267 80 202 87 144 90 1674 85
internal_value=3.9948e-05 0.000120164 -0.000282264 0.000158886 -0.00226873 0.000327265 0.000517553 0.000968106 0.00123959 0.00270622 0.000177662 -0.00244094 0.00127059 0.000317438 0.00448058 0.00399155 0.0056378 0.000785245 -0.000855189 0.00723006 0.00336028 0.00668619 -0.00292686 0.00723314
internal_weight=1815.17 1787.7 1212.81 994.137 218.671 970.654 934.165 574.888 546.213 227.148 319.065 92.651 226.414 195.244 44.4098 166.866 108.624 58.2418 60.2818 82.6805 36.9722 31.1699 198.961 31.8374
internal_count=13236 13053 9447 7499 1948 7310 6952 3606 3417 1343 2074 615 1459 1256 275 1004 658 346 339 498 231 203 1774 190
is_linear=0
shrinkage=0.01


Tree=283
num_leaves=25
num_cat=0
split_feature=32 85 262 127 165 100 308 81 65 317 283 121 176 101 116 34 262 212 108 149 162 261 258 217
split_gain=6.65514 10.8488 7.69015 6.83825 7.08129 7.21354 8.58879 6.19987 8.22335 6.79477 7.49713 6.75758 6.39142 6.37805 7.38671 11.8807 10.0101 9.17477 8.06318 14.3269 8.67475 8.15563 7.76194 7.76855
threshold=0.0014316399604838677 181.26176811803586 -0.99788036317089934 -0.26706397127344267 179.81348958333334 1.1537843956220859 0.0029840311390373687 -0.15220359321469745 0.92917897485939605 0.02902604245069999 0.056983048179946906 -0.98015954276673545 12.471332366211056 -2.0234719017854013 -0.16900300018275616 0.077937724385528873 -0.21295894907935312 0.35498944829665363 1.4994854544011738 0.14602472257339519 0.053605637657361802 0.48729149531377108 -0.76256079200333782 0.80049751243781109
decision_type=2 2 8 8 2 10 2 8 8 2 10 10 2 8 10 2 8 2 8 10 10 8 2 2
left_child=2 3 -1 4 5 6 -2 -4 11 10 13 12 -9 -10 -15 -16 17 -17 22 -20 21 -21 23 -18
right_child=1 -3 7 -5 -6 -7 -8 8 9 -11 -12 -13 -14 14 15 16 18 -19 19 20 -22 -23 -24 -25
leaf_value=0.0058773187446011042 0.0067295348227922012 0.0070572414726972855 -0.0028993885590454381 -0.0050789365809531051 -0.0045541571660146834 -0.0040762566877815681 -0.0035373057499502726 0.008815010492735989 0.0043187358104002137 -0.0041059490599161018 0.0073877735992769981 -0.0011950656392726378 0.001181137070228707 -0.00094659742895322134 -0.003608060202725456 0.0063946424598986 0.0074105396081581426 -0.0014844728158151879 -0.0033660235277834169 0.0078258840126430723 0.0131035629182645 -0.0012261209081973628 2.2159009030388358e-05 -0.0013473751564917153
leaf_weight=21.368702419102192 25.969497390091419 9.6445429474115354 59.339808829128742 62.005287297070026 25.858683753758669 13.104248672723768 9.158197306096552 25.390290953218937 33.814162477850914 33.475320152938366 11.827455066144465 18.382071979343891 20.129678256809711 459.95219394564629 60.271088689565659 53.654440194368362 25.869394041597843 18.49640679359436 17.909785807132721 17.7159673050046 12.338572442531584 17.692404568195339 730.91989184170961 14.195823453366755
leaf_count=102 252 87 400 697 263 146 92 145 176 234 81 128 121 3144 497 334 150 109 157 117 77 133 5381 94
internal_value=9.84109e-05 -0.0019283 0.00028074 -0.0027036 -0.000588458 0.00165293 0.00396186 0.000196727 0.000319256 0.000166221 0.000271592 0.00375507 0.00572773 0.00019916 9.2601e-05 0.000588206 0.000877985 0.00438158 0.000560834 0.00385037 0.00661421 0.00352131 0.000266288 0.00440014
internal_weight=1798.48 145.74 1652.74 136.096 74.0906 48.2319 35.1277 1631.37 1572.03 1508.13 1474.66 63.902 45.52 1462.83 1429.02 969.064 908.793 72.1508 836.642 65.6567 47.7469 35.4084 770.985 40.0652
internal_count=13117 1537 11580 1450 753 490 344 11478 11078 10684 10450 394 266 10369 10193 7049 6552 443 6109 484 327 250 5625 244
is_linear=0
shrinkage=0.01


Tree=284
num_leaves=25
num_cat=0
split_feature=149 87 300 223 21 164 97 277 165 129 40 115 155 281 84 129 263 22 52 101 149 263 98 5
split_gain=6.45376 9.60754 11.1121 9.72837 7.05898 9.94708 9.80278 8.34611 9.53188 8.4715 8.04817 7.63649 10.8973 8.80619 10.7627 9.34758 7.70901 7.6072 7.31984 9.0001 9.13461 10.0379 8.95421 9.74047
threshold=0.26401991614255771 1.8439635047403631 0.34320780262668993 0.064494826846932293 0.23707008905035606 0.0012699374539687964 0.8468909599430231 -0.071363280229825007 179.67134259259262 1.9218141151647303 0.013343224530168151 -0.52225303256705835 0.0065430830265148275 4.8079794484701219 19.845762204872205 1.3484382280749549 0.010748165852977947 0.58451044143175668 60.500000000000007 -0.93577011711372748 0.086628386253162409 -0.28172335464802001 259.50000000000006 -2.3454674347110385
decision_type=10 8 2 2 8 10 8 10 2 10 2 10 10 2 2 10 10 10 2 10 10 8 2 2
left_child=4 -2 3 -3 6 10 11 -7 9 -9 -6 12 -1 14 16 -15 -13 -8 -14 20 21 -20 23 -21
right_child=1 2 -4 -5 5 7 17 8 -10 -11 -12 13 18 15 -16 -17 -18 -19 19 22 -22 -23 -24 -25
leaf_value=-0.0029947449849617846 0.01066761037747364 -0.0064703924642527666 0.0079588476403985968 0.0026530606938560924 -0.0022334573190366299 -0.0047627607914685908 0.0089061690380713536 -0.0012794947992123067 -0.0016512196032941631 0.0071012591370632752 0.005370151673555785 0.0059408880545632689 -0.0030791445436472793 0.0032755022200766826 0.0086473894224475319 -0.007213256137358114 -0.0024420637836229278 -0.00033252024165888197 0.00043545181007246316 0.0087575225064368736 -0.00078181500081828288 0.004616598451926468 -0.0031426136390658309 0.0017987674709299764
leaf_weight=116.63910256326199 10.385095879435537 18.696774035692215 14.047672547399996 22.923260323703289 356.66031183302402 15.206920616328715 19.945110611617565 14.977440908551214 31.344088219106197 43.696684710681438 11.768104009330271 15.353655211627482 61.056598529219627 15.126108661293985 31.514878816902637 13.455763369798659 24.831194087862968 13.977203167974947 274.79285833984613 30.316002421081066 506.49109528213739 70.237458251416683 16.682940758764744 57.51146138459444
leaf_count=827 77 157 99 158 3211 110 130 114 228 308 97 107 456 104 181 92 175 82 1693 217 3638 412 110 407
internal_value=-1.84357e-05 0.00298293 0.00108375 -0.00157423 -0.000137519 -0.00117571 0.000251277 0.00150133 0.00268373 0.00498522 -0.00194864 9.86181e-05 -0.000137178 0.00270454 0.00452906 -0.00183592 0.00091813 0.00534044 0.000196964 0.000415746 7.0303e-05 0.00132025 0.00314458 0.00441102
internal_weight=1807.64 66.0528 55.6677 41.62 1741.58 473.654 1267.93 105.225 90.0182 58.6741 368.428 1234.01 1133.73 100.282 71.6997 28.5819 40.1848 33.9223 1017.09 956.032 851.521 345.03 104.51 87.8275
internal_count=13190 491 414 315 12699 4068 8631 760 650 422 3308 8419 7760 659 463 196 282 212 6933 6477 5743 2105 734 624
is_linear=0
shrinkage=0.01


Tree=285
num_leaves=25
num_cat=0
split_feature=321 4 131 40 40 240 149 108 106 102 124 107 312 75 92 188 235 16 106 40 56 307 232 126
split_gain=6.13815 11.3736 8.39504 9.59013 10.9812 8.16782 7.14194 8.11759 6.75547 9.45879 11.3847 8.96222 7.54287 12.8034 8.86563 11.1602 8.71213 7.89371 7.80572 7.80914 7.94243 7.73732 7.29152 7.22135
threshold=4.5000000000000009 446.23297683631364 2.4859027537237481 0.0081348080922669704 0.0090968199550774346 0.038028904583985758 0.16953669970911353 0.71300177281810051 0.73642470740470445 0.62280926808992942 8.5000000000000018 0.22014433097640981 -0.38862399418569343 -0.51264193702449345 353.50000000000006 0.4503521126760564 0.005818790388112836 0.83453907825379914 0.67778797678102098 0.0023571015845500814 193.50000000000003 0.0241487029284739 2.7720464925027533 0.38537668405214814
decision_type=2 2 8 2 2 2 10 10 10 10 2 10 2 10 2 10 2 2 8 2 2 2 2 10
left_child=1 -1 3 6 -5 -6 7 -2 12 10 11 -10 13 16 15 -14 -4 -15 19 -17 -21 23 -11 -19
right_child=2 -3 8 4 5 -7 -8 -9 9 22 -12 -13 14 17 -16 18 -18 21 -20 20 -22 -23 -24 -25
leaf_value=0.00057390508697370091 3.5031101267022143e-05 0.0086857500787365493 0.0053897866536961473 0.0091347654835074021 -0.0025816400093537778 0.0043636406522873771 -0.003252178408570582 0.0066785132154149243 -0.0010764277135987036 0.0043203467133778126 0.007487408541673987 0.0065516730700074513 -0.0021589779021335118 -0.0074610754160796058 0.0036567135147494113 0.0058684466472983853 -0.0026905973303652476 -0.0063004172420452432 -0.0034845706288290828 0.005877753707090737 -0.0025712125315519381 0.0049376852574824319 -0.0042267661103626807 -0.0019270059672866159
leaf_weight=617.72071063145995 138.11915565282106 14.994881860911844 28.898154206573963 24.027192704379559 27.116714544594288 36.393231093883514 52.070599138736725 18.439111404120922 70.473886959254742 10.080695882439612 29.835311859846115 16.650546014308929 241.37790354341269 38.635853417217731 44.259726978838444 42.879849493503571 20.52018877863884 49.162068713456392 21.164184018969536 13.26236943900585 33.151528768241405 10.332538187503813 44.381644874811172 160.02110517397523
leaf_count=4471 896 114 182 154 173 248 380 113 530 81 189 104 1819 293 309 319 138 432 169 97 237 83 400 1241
internal_value=1.35972e-05 0.000805699 -0.000414352 0.00103267 0.00375417 0.00139943 -0.000139529 0.000928891 -0.000906994 0.000858846 0.00244939 0.000530991 -0.00134033 -0.00250857 -0.000419248 -0.000960017 0.00205133 -0.00339818 0.00163953 0.00293498 2.22304e-05 -0.00259237 -0.00249137 -0.00303024
internal_weight=1803.97 632.716 1171.25 296.166 87.5371 63.5099 208.629 156.558 875.088 171.422 116.96 87.1244 703.665 307.57 396.096 351.836 49.4183 258.152 110.458 89.2937 46.4139 219.516 54.4623 209.183
internal_count=13172 4585 8587 1964 575 421 1389 1009 6623 1304 823 634 5319 2369 2950 2641 320 2049 822 653 334 1756 481 1673
is_linear=0
shrinkage=0.01


Tree=286
num_leaves=25
num_cat=0
split_feature=73 3 323 5 299 200 299 11 195 122 205 256 299 244 213 254 201 284 158 303 128 224 11 202
split_gain=7.85128 8.65326 8.76671 10.6261 16.5414 8.35663 8.1496 10.4363 8.45844 13.4682 8.28236 10.9825 13.6979 8.97809 12.8509 12.8959 10.769 9.85498 9.59383 8.09652 7.85023 7.57813 8.01605 7.71193
threshold=322.47232286924384 2.5471693845014545 129.50000000000003 -2.5843878622215732 0.043633695910641375 0.92827214113730028 -0.05604583296183379 0.41228268097248599 0.012739370334307045 1.1438855723623849 -0.17713416145143243 183.50000000000003 0.012461577596431685 0.0095833333333333343 -0.35199750114864187 123.50000000000001 0.68100524205982127 0.012057916830644113 0.22918592113370304 -0.00088593163640055743 1.0846408701617116 0.40123726873798043 0.52514021976635561 0.079627799736495405
decision_type=2 2 2 2 2 2 2 10 10 10 2 2 2 2 2 2 2 10 10 2 8 2 8 2
left_child=1 2 3 5 -5 -1 7 19 9 10 11 13 -13 14 18 17 -15 -16 -8 -2 -10 22 -4 -23
right_child=6 -3 21 4 -6 -7 8 -9 20 -11 -12 12 -14 16 15 -17 -18 -19 -20 -21 -22 23 -24 -25
leaf_value=0.0026500802581499944 0.0017459207670960392 -0.0010075928537096805 -0.0062892773378149872 0.0087285216244406254 -0.0033244344085331004 -0.0060313537455245368 0.0048764479123063744 -0.00041536621367955253 -0.0040329873600532598 -0.004541848870838118 -0.0022114619679230664 -0.0040487503015694173 0.003986348652037691 -0.00040169383804347002 0.0058164081230147914 0.011227417580701272 0.0088828898552307505 -0.0051468003744709247 -0.0032009445237553358 0.011393600761863467 0.0032212226458519233 -0.00063704040299906474 0.0014598099614301864 0.0019886316129589386
leaf_weight=27.440773069858551 15.946531802415846 733.87886044383049 32.70308368653059 44.724735505878925 13.150487281382082 14.643937617540358 18.264103777706623 25.497598394751549 57.594629146158695 31.82919642329216 37.472006946802139 43.788794621825218 36.070234924554825 15.530778326094149 15.856996960937979 21.386401385068893 52.882975831627846 11.787941068410872 45.666000962257385 21.172839425504208 17.298446744680405 258.70625725388527 19.639882512390614 192.47970589995384
leaf_count=171 103 5851 224 288 93 102 122 192 421 288 262 296 241 105 109 137 355 85 335 126 128 1760 139 1235
internal_value=0.000110463 -0.000279381 0.000605073 0.00326648 0.00594579 -0.000538594 0.00122149 0.00450106 0.000684711 0.00137505 0.00204573 0.00267744 -0.000395024 0.00402095 0.00218577 0.00588889 0.006829 0.00106452 -0.000768915 0.00769294 -0.00228797 5.93788e-05 -0.00343791 0.000486301
internal_weight=1805.41 1337.37 603.489 99.9599 57.8752 42.0847 468.045 62.617 405.429 330.535 298.706 261.234 79.859 181.375 112.961 49.0313 68.4138 27.6449 63.9301 37.1194 74.8931 503.529 52.343 451.186
internal_count=13168 9863 4012 654 381 273 3305 421 2884 2335 2047 1785 537 1248 788 331 460 194 457 229 549 3358 363 2995
is_linear=0
shrinkage=0.01


Tree=287
num_leaves=25
num_cat=0
split_feature=73 174 147 283 95 65 112 109 148 71 255 150 267 181 262 72 247 189 113 248 165 19 156 128
split_gain=5.7302 11.6571 9.42909 6.95617 6.98678 6.91249 9.91614 7.42619 10.3501 10.7382 10.9146 9.56333 10.0928 12.1249 10.1268 10.1063 9.50569 8.60271 8.53889 8.00509 10.7881 10.2604 9.04349 9.01112
threshold=315.53479370826329 62.015555555555558 0.22233992467043315 -0.0051255779739386286 -1.5297743858332529 2.7026611383887675 73.500000000000014 1.5585715578217496 0.18190713396192851 2.1588977703410865 63.500000000000007 0.048826334128002941 0.64545660557623841 0.098297841518180509 0.15602971142397931 -61.291560483550562 1.6046070330225815 -0.023757844424634602 -0.35693940879091191 0.7956864564007422 179.7028240740741 -0.28497562243132973 0.18827434598600973 0.70996622462033343
decision_type=2 10 10 10 10 8 2 10 10 10 2 10 2 2 8 2 2 10 10 2 2 10 10 10
left_child=5 2 3 -2 -5 7 -7 11 -9 10 -10 18 13 14 15 -13 -15 -14 -1 22 -21 -22 23 -20
right_child=1 -3 -4 4 -6 6 -8 8 9 -11 -12 12 17 16 -16 -17 -18 -19 19 20 21 -23 -24 -25
leaf_value=-0.00026377419557118299 0.0025878429781784041 0.0023364490132422736 0.0023505388235200396 0.0031292251664819908 -0.004010737498185187 -0.00066326577951982143 -0.0050824019985530999 -0.0013581743164400146 0.0029654442724452125 -0.0013798922651378411 0.012667342760948616 0.0008545482186445351 -0.0033660826202451411 -0.0068158949647321113 -0.00084973071971955428 0.011145366379718835 0.0022525950650467857 0.0029168153177911646 0.004106860341626389 0.0014398838340744086 0.013793338347206526 0.0023083746823803525 -0.0043423034025365922 -0.0032734914909632977
leaf_weight=272.79096193611622 23.049947381019592 282.81280229240656 63.874488562345505 13.376483730971811 106.60675486177206 378.58159990981221 56.216438129544258 38.186289690434933 29.674480587244034 18.116315625607967 19.608150348067284 17.296395070850849 187.50162265449762 23.991613000631332 27.800663471221924 20.679154254496098 18.159086130559444 22.242586053907871 62.86215778440237 42.887449122965336 17.287736192345619 15.291771985590456 24.242032200098038 19.597120948135853
leaf_count=1721 161 1987 394 98 822 3182 445 253 187 106 114 131 1571 178 210 146 137 180 382 284 99 96 144 118
internal_value=0.000105028 0.00102532 -0.000769352 -0.00218817 -0.00315255 -0.000238923 -0.00126622 0.000270978 0.002722 0.00500954 0.00732488 -7.1412e-05 -0.00139714 0.00106281 0.00369161 0.0068687 -0.00299105 -0.00266498 0.000854983 0.00251407 0.00494658 0.0090486 0.000700748 0.00229042
internal_weight=1802.73 489.72 206.908 143.033 119.983 1313.01 434.798 878.216 105.585 67.3989 49.2826 772.63 317.671 107.927 65.7762 37.9755 42.1507 209.744 454.959 182.168 75.467 32.5795 106.701 82.4593
internal_count=13146 3462 1475 1081 920 9684 3627 6057 660 407 301 5397 2553 802 487 277 315 1751 2844 1123 479 195 644 500
is_linear=0
shrinkage=0.01


Tree=288
num_leaves=25
num_cat=0
split_feature=209 225 253 205 32 310 220 236 114 223 38 29 146 131 224 200 309 309 196 246 105 39 271 317
split_gain=6.99708 10.9407 9.97341 8.43771 8.13054 10.0613 8.85489 9.14187 8.30396 11.2261 7.0292 8.06087 9.28392 8.68376 7.6541 7.01974 7.55028 9.547 7.51388 8.07778 7.00808 6.83869 7.82593 7.67996
threshold=0.76013698630136994 0.75811722538477766 211.50000000000003 -0.92519767805799513 0.0014214648260700896 -0.5906781722273291 0.11217977528089888 0.16688770999115829 0.95994574870490379 -0.38894408622712356 0.51590507548988118 0.33282068619848315 0.12780753801436501 3.3184809240736999 2.0985123383042583 1.8715088833205402 0.027557717301796739 -0.02576598904187993 0.34391801075268824 0.58184466486488728 0.20492188805267128 0.096186888712661928 0.12860203759914227 -0.0042841847659834805
decision_type=2 2 2 2 2 2 2 2 10 2 2 2 10 8 2 2 2 2 8 10 10 2 2 2
left_child=1 2 3 -1 6 -6 -2 -8 15 -10 11 12 13 -3 -15 16 17 -9 21 -20 -14 22 -19 -24
right_child=4 10 -4 -5 5 -7 7 8 9 -11 -12 -13 20 14 -16 -17 -18 18 19 -21 -22 -23 23 -25
leaf_value=-0.0045662519618639361 -0.0045942851875436499 0.012862719823449728 0.0075736613404446202 0.00026317667634525086 0.0018719767529756372 -0.0057607060407126954 0.0056139758410223041 -0.0036918549761645256 0.0078785709989807155 0.00025965736179624449 -0.0023569635118157301 0.0099650077911090998 -0.0033821392373665294 0.0077037658835334725 -0.0019990829365561318 -0.0027511872388391078 -0.002565161504203467 -0.00039885950592802706 -0.0017868871662243186 0.0054640160316947383 0.0033214826715107712 -0.0041183118087366431 -0.00022943063870866251 0.0064233177467797687
leaf_weight=35.035828664898872 42.117208994925022 11.430205143988131 15.141743563115595 801.73780854791403 22.405981570482254 57.075835421681404 24.868552505970001 43.727905079722404 24.752094827592373 66.337715692818165 17.076265603303909 17.712509490549564 26.362081423401833 12.793850794434549 14.792090266942976 125.74523063004017 95.958584226667881 149.10120672732592 18.451273649930954 60.953308835625648 30.597400553524494 28.348645925521851 29.200807742774487 38.277966357767582
leaf_count=263 357 79 91 5637 236 637 190 301 147 484 131 122 176 96 123 1035 698 1112 130 411 195 175 168 220
internal_value=5.37611e-05 0.000623946 0.000204719 4.50008e-05 -0.000622096 -0.00360642 -0.000291124 -1.55004e-05 -0.000245067 0.00251636 0.00328519 0.00417812 0.00284417 0.00642081 0.0027668 -0.000683294 -0.000107421 0.00054536 0.00114682 0.00376331 0.000188727 0.000261068 0.000884791 0.00363706
internal_weight=1810 982.68 851.915 836.774 827.322 79.4818 747.841 705.723 680.855 91.0898 130.764 113.688 95.9756 39.0161 27.5859 589.765 464.02 368.061 324.333 79.4046 56.9595 244.929 216.58 67.4788
internal_count=13214 6913 5991 5900 6301 873 5428 5071 4881 631 922 791 669 298 219 4250 3215 2517 2216 541 371 1675 1500 388
is_linear=0
shrinkage=0.01


Tree=289
num_leaves=25
num_cat=0
split_feature=233 28 306 113 188 254 317 79 127 127 101 121 126 193 17 19 114 114 58 193 162 28 100 67
split_gain=6.65672 7.18457 11.3052 9.29716 7.28221 6.75793 8.18341 6.12696 13.3846 9.70907 9.49632 7.57794 10.4985 6.94027 8.04154 10.0699 6.93446 6.54404 9.71092 10.199 7.73301 10.5683 11.4352 10.1924
threshold=0.87513213530655409 0.23108406709297266 0.86696961686240503 -0.26855615777277603 0.33253205128205132 223.50000000000003 -1.0000000180025095e-35 96.439319725669733 -0.66369643774992049 -0.51958625327930363 -2.2934545445846917 -1.4801195793046971 0.41410483563372641 0.7918333333333335 1.6628378062693348 -0.12135405756841676 0.60849016286720936 0.47499818936807098 0.6210652460155518 0.85023364485981323 0.003669737125619479 0.23483849044535063 1.0534856865688547 135.35077540939082
decision_type=2 2 2 10 10 2 2 2 8 8 8 8 8 8 2 10 8 10 10 10 10 2 8 2
left_child=5 2 -2 -4 -3 7 -7 8 -1 -10 -9 12 -11 -13 -15 -16 -14 -12 19 -19 -20 22 23 -22
right_child=1 4 3 -5 -6 6 -8 10 9 11 17 13 16 14 15 -17 -18 18 20 -21 21 -23 -24 -25
leaf_value=-0.0036728472953403445 -0.0027552052981350988 -0.0056116958728958041 -0.0016705460996868122 0.008453406368118763 0.0012124538062086366 0.0057924831731577123 -0.0027692583514226394 0.0075571764940390897 0.0082685366633036324 0.0037513321713562231 -0.0029400320030209142 0.0049181751599673062 -0.0093308109801174335 -0.0042395350680476777 0.0085308879185238117 -0.0016595626162502195 -0.00068951137792563108 0.0014486085635652913 -0.001481710688637403 0.010166394866416819 -0.0039939892816148936 0.0015675506048508823 -0.0028147278910643568 0.0013497903399133915
leaf_weight=38.688840672373772 49.53259964287281 59.801682092249393 13.539099276065825 19.840102769434452 19.357248663902283 40.497143439948559 12.93105738610029 13.020349271595476 23.409169338643551 23.450454041361809 80.413943648338318 77.102926887571812 13.802720613777636 21.083713471889496 15.377691112458704 18.835319846868515 22.776818662881851 79.247892387211323 370.36727630347013 13.787610568106173 39.47014044970274 344.77279950678349 165.25919535756111 224.94326148554683
leaf_count=254 411 485 100 166 146 259 88 89 137 131 581 497 90 148 105 148 140 487 2861 85 282 2489 1401 1570
internal_value=6.78715e-05 -0.00184674 0.000210441 0.00451011 -0.00394643 0.000260651 0.00366717 0.000138893 0.00155169 0.00252834 -0.000133191 0.00171475 -0.0011823 0.00303299 0.000275151 0.00319631 -0.00441319 -0.000225998 -4.2545e-05 0.00301401 -0.000298668 0.000269153 -0.000773809 0.00051435
internal_weight=1801.31 162.071 82.9118 33.3792 79.1589 1639.24 53.4282 1585.81 254.528 215.839 1331.28 192.43 60.03 132.4 55.2967 34.213 36.5795 1318.26 1237.85 93.0355 1144.81 774.445 429.673 264.413
internal_count=13150 1308 677 266 631 11842 347 11495 1650 1396 9845 1259 361 898 401 253 230 9756 9175 572 8603 5742 3253 1852
is_linear=0
shrinkage=0.01


Tree=290
num_leaves=25
num_cat=0
split_feature=317 317 319 143 128 255 174 115 150 114 34 75 136 91 139 93 14 256 146 284 232 309 113 67
split_gain=7.90471 7.53724 10.0795 9.09446 7.22303 7.16566 9.68443 7.80054 11.6986 10.0216 13.1552 9.28009 8.59366 8.44019 10.2357 7.56782 10.7077 9.4815 7.46984 10.9966 8.97914 7.29163 7.01768 9.21308
threshold=0.02902604245069999 0.015153460695270907 -0.11868131868131866 0.038535788535788547 0.98704928834191497 68.500000000000014 248.42527777777781 -0.51655126540875618 0.10178878883454466 0.97490369833359791 0.19299381874375057 0.42798048920673565 0.32339757506930766 45.75450199302383 0.10170611020307639 1.0000000180025095e-35 0.84124347857452475 160.50000000000003 0.10195126594327052 -0.037153380959548891 2.3628817330712866 0.010466041445207576 -0.070563108492907908 211.50124928958724
decision_type=2 2 2 10 10 2 10 8 10 10 2 10 2 2 2 10 2 2 10 10 2 2 10 2
left_child=1 5 3 -3 -4 22 7 9 -9 11 -11 12 18 -13 -15 17 -17 -10 19 -7 -21 -12 -1 -24
right_child=-2 2 4 -5 -6 6 -8 8 15 10 21 13 -14 14 -16 16 -18 -19 -20 20 -22 -23 23 -25
leaf_value=-0.0020736940527361566 -0.0038777744277204164 0.0081428754987086273 -0.0021593561667944019 -0.00052703389803341303 0.0046414006912626942 0.0095073961442080305 0.007185345564898517 0.0077245428396342667 -0.0034639086943271035 0.0060788399645704426 0.001582526637415136 -0.0056783515500069852 -0.0047539058495268075 0.0072194436951593371 -0.0031686178538139799 0.0077011009161813979 -0.002412296214013409 0.0057615553823008557 -3.675601364347813e-05 0.0045636093057196672 -0.0045839026435904127 -0.0065976463776334926 0.0011796492531561359 -0.0020626753833309416
leaf_weight=263.52130605280399 46.709540314972401 38.142385073006153 47.988210558891296 16.398207023739815 19.698209270834923 18.183610953390598 18.53520243614912 30.898692026734352 46.558113381266594 55.506184123456478 31.453329876065254 55.246890895068645 32.517008170485497 11.622223660349844 24.69305282086134 25.406459383666515 14.702862933278082 11.597731024026869 565.21489215642214 20.774936519563198 16.813064001500607 13.162588991224764 247.24322245270014 132.05914176255465
leaf_count=2026 344 259 346 115 146 129 129 186 351 379 197 515 233 108 219 171 121 82 3767 153 140 89 1884 1079
internal_value=6.0563e-05 0.000171868 0.00253801 0.00562151 -5.8643e-05 -8.41639e-06 0.000523029 0.00037474 0.00263557 2.03727e-05 0.00294639 -0.000381173 4.04961e-05 -0.0033121 0.000412682 0.000853329 0.00405595 -0.00142493 0.00031367 0.00371196 0.000412364 -0.00105994 -0.000829527 4.1206e-05
internal_weight=1804.65 1757.94 122.227 54.5406 67.6864 1635.71 992.887 974.352 129.164 845.188 100.122 745.066 653.504 91.5622 36.3153 98.2652 40.1093 58.1558 620.987 55.7716 37.588 44.6159 642.824 379.302
internal_count=13168 12824 866 374 492 11958 6969 6840 911 5929 665 5264 4422 842 327 725 292 433 4189 422 293 286 4989 2963
is_linear=0
shrinkage=0.01


Tree=291
num_leaves=25
num_cat=0
split_feature=233 176 70 302 144 49 175 304 158 89 320 3 111 89 100 98 186 218 286 184 176 300 65 35
split_gain=6.6674 7.76487 7.9001 7.19062 9.4254 9.84859 9.47589 8.8365 8.67357 9.21064 11.6892 10.9213 8.90302 9.1603 7.18984 6.87738 6.86255 6.1803 7.25767 7.29524 7.1624 11.9039 10.7594 9.74695
threshold=0.87513213530655409 12.829046545429577 0.56960812555561924 0.0060086861398306332 0.0059084323890314363 5.5000000000000009 13.254207093173212 0.014266570483547571 0.34742426357671374 2.4927206897927898 -0.058850341595246651 2.2029245701638733 2.2187624411184204 3.4913565816198719 0.67269259633974332 114.50000000000001 0.11558704453441297 0.038585607940446659 0.6239693469052453 0.13488797110987702 12.904597755130796 0.25574241567662054 3.4235757890812404 0.0068655496984994001
decision_type=2 2 8 2 10 2 10 2 10 10 2 2 8 8 10 2 10 2 2 8 2 2 10 2
left_child=3 -2 -3 17 -5 6 8 -7 9 11 12 14 -11 -14 -6 -8 -13 18 19 -1 21 -19 23 -23
right_child=1 2 -4 4 5 7 15 -9 -10 10 -12 16 13 -15 -16 -17 -18 20 -20 -21 -22 22 -24 -25
leaf_value=-0.00069689926369139431 -0.0031688312066628166 0.0066018103418256559 -0.0018352652211427573 -0.0020907308423074342 0.0076702480051542591 -0.0032152772030709367 0.001308829410209669 0.0036827566552776803 -0.0032020120475256819 -0.0036886078255831661 0.0090515522550706617 0.011227454656509064 0.0078830940991227415 -0.0029578991445231078 0.00052354733634253929 -0.0047265708184915604 0.0029537524252414645 -0.00213596411179212 7.6523641884396681e-05 0.0066461816389436334 -0.0031600606467076979 0.00056493761648265057 -0.0022254669281802373 0.0056130670345459332
leaf_weight=20.75137809664011 122.19727867841721 16.330994784832001 23.913768328726292 75.421347744762897 18.43952438980341 64.064909897744656 144.86121259629726 22.955333821475506 14.451788157224653 34.838887125253677 13.368101403117178 40.861606180667877 16.243453741073608 11.005898691713812 43.995222136378288 18.797610834240913 16.803473211824894 206.37738060206175 495.97719808295369 32.477482177317142 120.20510067045689 99.456662818789482 63.825198717415333 60.599778965115547
leaf_count=152 973 122 213 596 99 416 1057 144 108 248 90 281 111 91 280 137 121 1443 3772 240 883 684 496 382
internal_value=-1.3824e-05 -0.00192857 0.0017745 0.000178718 0.00112549 0.0016638 0.00236738 -0.00132549 0.00375992 0.00431798 0.00148412 0.00601479 -0.000454348 0.003605 0.00289166 0.000540736 0.00908506 -0.000283643 0.000464561 0.00387517 -0.00103052 -0.000416412 0.00117114 0.00254699
internal_weight=1798.22 162.442 40.2448 1635.78 536.108 460.687 373.667 87.0202 210.008 195.556 75.4563 120.1 62.0882 27.2494 62.4347 163.659 57.6651 1099.67 549.206 53.2289 550.464 430.259 223.882 160.056
internal_count=13139 1308 335 11831 3779 3183 2623 560 1429 1321 540 781 450 202 379 1194 402 8052 4164 392 3888 3005 1562 1066
is_linear=0
shrinkage=0.01


Tree=292
num_leaves=25
num_cat=0
split_feature=294 319 111 109 57 297 123 116 231 253 304 166 287 138 135 212 74 92 231 189 304 35 289 304
split_gain=7.29887 7.46531 8.45053 9.61318 12.7165 10.3215 10.171 21.6135 9.50609 9.46334 8.98071 8.18025 8.10375 10.2545 10.8363 11.3087 9.40343 7.65734 7.31358 7.78368 7.56138 7.40385 7.29479 7.12005
threshold=-0.1333807416772019 -0.24310433533019113 0.62467366733815721 1.1685457581177501 -0.32583800853133932 0.050972326266765178 0.41154969861054841 -0.25881838507331095 -0.62156798386584666 217.50000000000003 -0.083333333333333329 179.50000000000003 0.029549825903760936 0.10562494834893689 0.25534774651109587 0.24534089593702976 40.500000000000007 183.50000000000003 -0.52385078092988702 -0.47053772415193451 -0.089293608690160439 0.0047942476689574864 -0.01001638044302444 0.01687511774409545
decision_type=2 2 8 8 10 2 10 10 2 2 2 2 2 2 2 2 2 2 2 8 2 2 2 2
left_child=18 17 11 6 8 9 7 -4 22 10 -6 -3 16 14 -14 -16 -8 -2 19 -1 -20 -22 -5 -15
right_child=1 2 3 4 5 -7 12 -9 -10 -11 -12 -13 13 23 15 -17 -18 -19 20 -21 21 -23 -24 -25
leaf_value=0.00116114036594994 -0.0049693289796276397 0.0096890789920436489 -0.00051899995757971238 0.0049746495923833215 0.006281676060367003 -0.0055971319397139828 0.0052668686226826867 0.0082164906883555253 0.0061585896693783287 0.0073683067295956884 -9.9446110200654056e-06 0.0005771417953949619 -0.0049032464964374606 0.0072749962859393362 -0.0020746620689930774 0.0057803545825365725 -0.0030986021330958085 -5.8493306893815425e-05 -0.0028853832881886921 0.010729704864785252 0.00040436740334164864 0.0074430114696256277 -0.0036563090626392136 -0.0016856253242940275
leaf_weight=17.917079918086529 60.407516799867153 14.611792288720606 185.35363146662712 13.385724656283854 20.642450340092182 27.066719599068165 11.470063805580137 30.504923030734062 63.655700512230396 16.136462114751339 660.50170250982046 24.111249342560768 48.120846103876829 24.859619826078415 42.901852607727051 27.793939769268036 297.99769390001893 64.746614411473274 33.700085759162903 15.357742741703985 46.278276868164539 19.733461625874043 21.830458797514439 11.459001362323759
leaf_count=114 469 100 1115 82 147 213 103 179 381 107 4968 167 396 203 323 194 2377 447 247 91 345 135 150 98
internal_value=7.11623e-06 -0.000173603 1.82925e-05 -0.000103805 0.000621488 0.000154483 -0.000981675 0.000801552 0.00393303 0.000400992 0.000204544 0.00446693 -0.00181218 4.87137e-05 -0.00137845 0.00110377 -0.00274023 -0.00249435 0.00223689 0.00610196 0.000803945 0.00274342 -0.000222684 0.00450481
internal_weight=1800.54 1667.56 1542.4 1503.68 823.219 724.347 680.462 215.859 98.8719 697.281 681.144 38.723 464.603 155.135 118.817 70.6958 309.468 125.154 132.987 33.2748 99.7118 66.0117 35.2162 36.3186
internal_count=13151 12219 11303 11036 6048 5435 4988 1294 613 5222 5115 267 3694 1214 913 517 2480 916 932 205 727 480 232 301
is_linear=0
shrinkage=0.01


Tree=293
num_leaves=25
num_cat=0
split_feature=109 89 153 153 193 77 107 321 257 257 296 105 142 66 88 128 150 54 147 150 194 94 222 202
split_gain=6.17161 9.01223 7.53399 10.356 6.90165 6.60516 7.02429 6.436 10.321 12.2882 10.5271 9.86952 11.2425 10.1344 10.5182 11.8451 9.81462 12.6699 9.23955 9.17747 9.02527 8.86905 8.69779 8.14682
threshold=2.3487247349341756 4.421769596728427 0.049443833272216117 0.045084975438992723 0.72010362694300534 4.3971333500088523 0.31857434648185001 4.5000000000000009 186.50000000000003 233.50000000000003 0.63727838363045064 0.96109023611504363 0.0016992365706893964 18.081064893935515 0.65016211597449847 0.88108837943991702 0.0445978263443279 6.5000000000000009 0.099576080903881745 0.032440405006776696 0.087129054520358878 0.51481190874142257 265.50000000000006 0.14097468245053144
decision_type=10 8 10 10 10 10 10 2 2 2 2 8 2 2 10 10 8 2 8 10 10 10 2 2
left_child=2 -2 3 7 -3 6 -4 11 -9 10 -10 12 13 16 15 -15 17 19 -13 20 -1 -18 -14 -22
right_child=1 4 5 -5 -6 -7 -8 8 9 -11 -12 18 22 14 -16 -17 21 -19 -20 -21 23 -23 -24 -25
leaf_value=-0.00072134678118808545 0.0080300097153090163 0.0039090426753534465 0.0050558596261151894 0.0084040243577486531 -0.0043747374794869181 -0.0061086948425251811 -0.0042959960640112579 -0.00071636311091665837 0.009057172183246226 -0.0026404095359429127 0.0011778028203194074 -0.00183915425740441 -0.0033518864455769565 0.0067103649660170718 0.011479333928394489 -0.0028058699634074705 -0.0064193986643433301 -0.0046811766241724988 0.0048507182090350024 0.0081414191340505038 0.0075214634662310181 -0.00021257453492437253 0.0046972710176571451 -7.8072709378604544e-05
leaf_weight=69.118107527494431 20.988311260938644 18.67772027105093 13.148722469806673 12.12036933749914 16.041101880371571 34.291132964193821 13.281298942863939 988.74589875340462 30.225080013275146 28.477551952004433 37.538114987313747 24.412017747759819 105.98094217851758 23.855664074420929 14.351210199296473 23.143243178725243 29.050789557397366 23.099796563386917 93.186476409435272 24.81076205521822 33.288693845272064 84.845893301069736 12.698085911571978 22.619187578558922
leaf_count=418 130 133 139 102 130 351 134 7226 189 190 255 197 884 168 99 171 239 144 613 155 197 641 96 133
internal_value=0.00010051 0.00329405 -6.21557e-06 0.000120747 1.33988e-05 -0.00338641 0.000361103 4.58334e-05 -0.000409054 0.00266797 0.00492961 0.000889896 0.000227716 0.0011359 0.00472939 0.00211125 0.000324967 0.00181774 0.00344297 0.00289473 0.00168792 -0.00192203 -0.00239269 0.00457453
internal_weight=1798 55.7071 1742.29 1681.57 34.7188 60.7212 26.43 1669.45 1084.99 96.2407 67.7632 584.461 466.862 348.183 61.3501 46.9989 286.833 172.937 117.598 149.837 125.026 113.897 118.679 55.9079
internal_count=13134 393 12741 12117 263 624 273 12015 7860 634 444 4155 3345 2365 438 339 1927 1047 810 903 748 880 980 330
is_linear=0
shrinkage=0.01


Tree=294
num_leaves=25
num_cat=0
split_feature=233 176 70 120 315 295 136 220 236 147 148 105 127 176 144 312 312 239 161 288 280 17 310 183
split_gain=5.83811 8.07877 7.54037 7.36363 17.6131 11.1387 9.1587 8.43989 8.14165 8.09321 8.42451 8.50167 10.0127 9.78174 10.2982 8.01573 7.78825 7.93711 9.70426 7.70039 7.68582 8.60527 7.25522 13.0075
threshold=0.87513213530655409 12.821720860545085 0.56960812555561924 0.56902338150885712 -0.10822778297523582 0.18440652017250089 0.32339757506930766 0.083683473389355764 0.23159829721362232 0.089769754055468345 0.31314824515453127 1.1601474030460397 0.93714373007140284 12.904597755130796 0.0054397143533496421 -0.093700935635535484 -0.43440277944654831 0.70527986925080965 0.13702897623010288 -0.0080591037021000202 0.067188569210594337 4.427524161257236 -0.20602793278338757 -0.15105175016961878
decision_type=2 2 8 10 2 2 2 2 2 10 10 10 10 2 10 2 2 10 10 2 2 2 2 8
left_child=3 -2 -3 4 8 -6 7 -5 -1 16 11 13 20 14 15 -11 -9 -18 -19 -15 -13 -22 23 -16
right_child=1 2 -4 6 5 -7 -8 9 -10 10 -12 12 -14 19 22 -17 17 18 -20 -21 21 -23 -24 -25
leaf_value=0.010675993449958992 -0.0030805321013368191 0.006428088350867658 -0.0015977742405392352 -0.0055588057061159235 -0.0068695446054476842 0.0026300488818224994 -0.0045561795073873904 -0.0047282996299586747 0.0031885713389219229 -0.0040696757684750883 0.0067907505841448921 0.00073938141363284044 -0.001030843596041983 0.0047169399564314634 0.0009906325894822399 0.0031270637650227698 0.006743082466824364 -0.0034936427672419014 0.0055616580487073079 -0.0023109162282936345 0.0085114356665087852 4.6871552433065898e-05 -0.00086375237446308963 0.0066782049533520805
leaf_weight=17.344620890915394 120.18388520553708 17.507937625050545 25.219302125275135 22.74937316775322 24.079893939197063 20.450820848345757 40.036583930253983 58.557193715125322 71.925135120749474 72.678909823298454 17.96203001588583 39.114232026040554 50.296178855001926 14.131728380918501 603.70382805168629 17.054201453924179 11.795786157250403 47.988819152116776 12.643052339553831 207.05638641864061 46.474023655056953 16.237291663885117 183.20877945795655 40.513805001974106
leaf_count=103 965 129 225 184 171 136 300 520 421 599 121 250 363 96 4206 133 85 436 99 1550 291 108 1339 308
internal_value=2.01189e-05 -0.00176778 0.00186443 0.000201528 0.00242408 -0.0025894 0 0.000132695 0.00493866 0.000234118 0.000473386 0.000369952 0.00256764 6.97219e-05 0.000526699 -0.00263701 -0.00210773 9.60276e-05 -0.00142511 -0.00180328 0.00433448 0.00643219 0.000878863 0.00137762
internal_weight=1798.91 162.911 42.7272 1636 133.8 44.5307 1502.2 1462.17 89.2698 1439.42 1308.43 1290.47 152.122 1138.35 917.16 89.7331 130.985 72.4277 60.6319 221.188 101.826 62.7113 827.426 644.218
internal_count=13138 1319 354 11819 831 307 10988 10688 524 10504 9364 9243 1012 8231 6585 732 1140 620 535 1646 649 399 5853 4514
is_linear=0
shrinkage=0.01


Tree=295
num_leaves=25
num_cat=0
split_feature=76 126 300 13 126 58 137 160 14 134 2 297 137 150 132 20 184 57 95 293 14 317 259 126
split_gain=5.52166 10.6196 12.3207 9.89305 9.07948 8.13673 8.76782 9.59948 11.1278 9.96976 9.58738 10.1875 9.00319 8.88866 14.0594 8.19921 12.3777 9.36161 8.14354 8.00116 7.96807 7.85096 7.70243 8.60325
threshold=0.80655261278894375 0.70040182062212375 0.24683309263408298 0.84070915391322865 0.16043545005025217 0.80849644341979798 0.10707768529912377 0.065631032818532831 0.072527649335972721 0.082167396343033758 1.1535933145337289 -0.02818055814104518 0.17749872325396035 0.113841262174998 0.010261675354077819 0.14880904370587927 1.680716074678748 -0.31200748645074544 -1.2789979889620831 -0.0069396286022499606 0.21900043465665861 -0.007995433789954336 0.69996856544422348 0.60139731950427711
decision_type=10 10 2 10 8 10 2 10 2 2 10 2 2 10 2 10 8 10 10 2 2 2 8 8
left_child=1 4 -3 -2 -1 -5 -7 19 15 10 11 -10 13 -11 -15 16 17 -9 -13 21 -16 -8 23 -20
right_child=3 2 -4 5 -6 6 7 8 9 12 -12 18 -14 14 20 -17 -18 -19 22 -21 -22 -23 -24 -25
leaf_value=-0.0066093129892273285 -0.0021398587229284217 -0.00054329996343064908 0.008391005787126463 0.0023236892425657178 0.00057842113351129715 0.0043309337162658343 -0.0028100214420526022 0.0029758381202338664 -0.0016367580439326471 -0.0060709246141271633 -0.0027945003385971101 0.008740552927988629 -0.0055746283849371168 -0.0062831861757934124 -0.00071824269796323312 0.007378653815926936 0.0061776890493631022 -0.0045986096139464016 0.0043146866298459782 -0.0034223500713339988 0.0095256488540208552 0.0078202904535434655 0.0072387914859691717 -0.00053468821289852342
leaf_weight=15.337718874216078 249.56758963316679 25.586506843566895 34.139547556638718 136.08379232883453 519.9665263146162 36.252309188246727 11.434464178979399 26.041480995714664 95.236194647848606 14.721766654402016 80.874611891806126 15.189511626958845 63.324286557734013 10.792981535196303 11.054714865982534 26.803802736103535 30.364697054028511 34.886402502655983 48.926773138344288 149.78281708806753 18.090223845094442 11.156397223472593 18.998352959752083 122.11623181402683
leaf_count=105 1994 168 220 932 3326 277 89 167 718 123 717 109 496 96 98 159 217 254 371 1198 153 85 147 982
internal_value=9.0999e-06 0.000796329 0.00469652 -0.000377612 0.0003368 8.34039e-05 -0.000291142 -0.000519333 6.50224e-05 -0.000589429 0.000199761 0.00102766 -0.0030933 -6.76944e-05 0.00237774 0.00278933 0.00124917 -0.00135699 0.00227439 -0.00258532 0.00588981 0.00268709 0.00163122 0.000894484
internal_weight=1806.73 595.03 59.7261 1211.7 535.304 962.132 826.048 789.796 617.422 499.326 381.342 300.467 117.984 54.6597 39.9379 118.096 91.2926 60.9279 205.231 172.374 29.1449 22.5909 190.041 171.043
internal_count=13201 3819 388 9382 3431 7388 6456 6179 4807 4010 3044 2327 966 470 347 797 638 421 1609 1372 251 174 1500 1353
is_linear=0
shrinkage=0.01


Tree=296
num_leaves=25
num_cat=0
split_feature=262 154 154 136 323 239 38 245 5 149 286 189 137 165 106 193 79 165 109 83 209 136 109 31
split_gain=6.69543 7.108 7.03335 7.9378 8.86526 7.71765 12.5579 8.06907 7.84718 7.11186 6.89747 7.1003 9.80212 6.89006 8.52167 6.33075 10.4485 9.9391 10.2911 8.58353 8.17369 10.5829 7.73717 8.17443
threshold=-0.99788036317089934 0.060737812911725968 0.022870219025825436 0.18185699868022673 517.50000000000011 0.84370369202997486 0.38955657602066446 -0.83018526117004876 -2.8935132521978844 0.17131744058938922 0.59539473652305996 -0.55056029690154407 0.21464355131983201 179.60043981481485 0.61420856052577977 0.76011695906432764 82.795235970020755 179.69821759259261 1.8998908735152493 0.66565534898497758 0.69162772585669796 0.25406962285919293 1.0213859543395061 0.0016273403776383042
decision_type=8 10 10 2 2 10 2 2 2 10 2 8 2 2 8 8 2 2 10 8 2 2 8 2
left_child=-1 2 10 4 9 6 7 8 -5 -4 11 13 -13 14 -2 16 19 18 -17 -12 21 -21 23 -18
right_child=1 -3 3 5 -6 -7 -8 -9 -10 -11 15 12 -14 -15 -16 17 22 -19 -20 20 -22 -23 -24 -25
leaf_value=0.0048477309763193298 -0.0026862511436018467 -0.0044231684555380542 -0.0033529702015025428 0.00019315636066046142 0.0058847142082191807 0.0065743038776704867 -0.0054098595265426788 -0.0028072139303874487 0.010389494877318566 0.0046635240671457599 -0.0029276809686528647 0.001760298370638622 0.010018101709927929 -0.0047316151672829295 0.0070622764982718354 -0.0026927802907470116 -0.00093536452477267827 0.00044890877488134814 0.0021267117490478917 -0.0023708345141024967 0.0094777935064305728 0.0080391011795052768 0.00055484683679960715 -0.0069335001106152622
leaf_weight=26.541922926902771 15.495541647076609 32.224192641675472 57.948154918849468 12.392882034182547 15.294544048607348 47.826882265508175 17.387448258697987 10.529944866895674 17.806605704128746 10.840835779905317 13.307509131729601 54.818720810115337 17.73435889929533 21.230971030890942 15.090957351028917 331.24405702576041 162.07023496925831 265.87032727897167 48.688580244779587 21.375213608145714 25.055690973997116 13.694352120161055 519.32288262993097 23.988008633255959
leaf_count=151 117 237 434 109 115 332 120 83 97 83 89 407 125 154 108 2625 1130 1962 373 131 149 87 3715 220
internal_value=0.000112984 3.38161e-05 0.000124063 0.00192517 -0.000359849 0.00371004 0.00113983 0.00412949 0.00661216 -0.00194067 -9.93626e-05 0.00213112 0.00409356 -0.000668068 0.00228472 -0.000298647 0.000307124 -0.00102889 -0.00206132 0.00382337 0.00539829 0.00196526 -7.13702e-05 -0.00180667
internal_weight=1797.78 1771.24 1739.01 190.027 84.0835 105.944 58.1169 40.7294 30.1995 68.789 1548.99 124.371 72.5531 51.8175 30.5865 1424.62 778.814 645.803 379.933 73.4328 60.1253 35.0696 705.381 186.058
internal_count=13153 13002 12765 1373 632 741 409 289 206 517 11392 911 532 379 225 10481 5521 4960 2998 456 367 218 5065 1350
is_linear=0
shrinkage=0.01


Tree=297
num_leaves=25
num_cat=0
split_feature=3 114 81 137 137 60 252 235 39 134 84 269 302 108 117 123 100 161 273 261 111 267 233 94
split_gain=6.71579 9.86066 9.71953 9.36589 12.8713 12.4926 12.4278 12.4114 17.8431 15.0568 11.2533 10.5112 9.54213 12.4476 9.7113 9.82099 9.2909 10.1054 9.45472 9.16984 11.787 11.1013 9.04313 8.57512
threshold=2.5184403364723793 0.71170873479357177 0.94026772506820999 0.15641687391487966 0.10707768529912377 -134.89739962882197 115.50000000000001 0.0071460487680326829 0.085951495108171433 0.070192083624621329 46.980530963212431 1.932267108449089 -0.024857599847355846 0.8951490013366451 1.5413143420756059 1.869963822559737 0.72658237559191596 0.0023296455194010495 3.9468945938775799 0.39198172871902909 2.7402614825937963 0.9496362114356417 0.74891644933110701 0.82110809330550072
decision_type=2 8 10 2 2 2 2 2 2 2 2 2 2 8 10 10 10 10 10 10 8 2 2 10
left_child=2 16 -1 4 -3 6 11 9 -9 12 -6 -5 14 -14 -7 -16 17 -2 -19 -15 -21 -22 -4 -11
right_child=1 3 22 5 10 7 -8 8 -10 23 -12 -13 13 19 15 -17 -18 18 -20 20 21 -23 -24 -25
leaf_value=0.00056846163245747813 -0.0037582909502684248 0.0044960119276021898 0.0010947142230455741 0.003642480022340789 -0.0035716862314003552 -0.0058111861053458972 -0.00051990894488908302 0.0061802396344491622 -0.0025042114649070765 -0.003267680023116541 0.0027211847719499018 0.015082597581476261 -0.0012166146835971123 0.0088499256182616812 0.00822901386563148 -0.002231198521891891 -0.0027789675972120977 -0.003851805758086409 0.0043428002047872834 -0.0060281360435825741 0.0066881605707779851 -0.0035116737795710677 0.010618897341274674 0.0028598032850509114
leaf_weight=622.6427256539464 32.999357722699642 28.207839228212833 22.819779925048351 22.016253255307674 154.97505585104227 28.599809221923351 22.646130815148354 71.289818033576012 32.659422218799591 162.39528468996286 32.269350215792656 13.065340749919413 49.840872503817081 33.917982399463654 11.688702069222925 20.986658327281475 252.78824272751808 15.454747416079043 62.319137878715992 10.907836943864821 41.751314230263233 11.904174230992792 16.373497493565083 24.085635460913181
leaf_count=4126 236 213 137 133 1262 237 150 521 217 1238 235 88 416 230 64 160 2182 111 397 81 319 101 100 178
internal_value=8.80215e-05 -0.000377435 0.000887206 0.000260867 -0.00149576 0.000945368 0.0052369 0.000421123 0.00344821 -0.000389688 -0.00245741 0.00874032 0.00143788 0.00279684 -0.00181403 0.00184107 -0.00172921 0.000667071 0.00262354 0.00481517 0.00239692 0.00434453 0.0055463 -0.00243989
internal_weight=1798.6 1136.77 661.836 773.207 215.452 557.755 57.7277 500.028 103.949 396.078 187.244 35.0816 209.597 148.322 61.2752 32.6754 363.561 110.773 77.7739 98.4813 64.5633 53.6555 39.1933 186.481
internal_count=13132 8769 4363 5843 1710 4133 371 3762 738 3024 1497 221 1608 1147 461 224 2926 744 508 731 501 420 237 1416
is_linear=0
shrinkage=0.01


Tree=298
num_leaves=25
num_cat=0
split_feature=299 21 72 262 197 114 177 281 59 97 237 229 309 210 109 262 82 69 67 160 122 323 289 322
split_gain=6.34803 7.07994 6.78884 7.28937 8.19806 13.6868 9.1073 8.7661 8.39335 7.70684 9.17706 9.08977 9.39516 7.60523 6.6114 9.52896 8.68644 8.17392 9.20989 7.71323 7.65883 10.5542 9.65388 8.51303
threshold=-0.057290772317237885 -1.2855602656030263 39.555091495664037 0.19293504639608974 -0.40781977942686159 0.6783456794856848 7.1689578743750593 3.4462530701374474 2.0669414228548066 0.45175883274766121 -0.23314990088049331 -0.16838666298098395 -0.02576598904187993 0.082606717719311565 1.1685457581177501 -0.090340411319773231 0.52476049732481922 -0.10309951867071239 339.89961880211763 1.0000000180025095e-35 0.62680524993752162 573.50000000000011 0.072785256829537973 4.5000000000000009
decision_type=2 8 2 8 8 8 10 2 8 10 2 2 2 2 8 10 10 10 2 8 8 2 2 2
left_child=2 -2 3 4 5 -1 8 -8 -6 -5 -11 12 -12 -7 15 19 17 18 -17 -3 21 -16 -23 -22
right_child=1 14 -4 9 6 13 7 -9 -10 10 11 -13 -14 -15 20 16 -18 -19 -20 -21 23 22 -24 -25
leaf_value=-0.0047628026919536029 0.0050580073314155875 -0.0035602632372388381 0.0080029052177409497 -0.0054503013602351259 0.00085868301586068435 3.0750406333357859e-05 -0.0023970060386589377 0.0039644838909786871 0.01104507804457862 -0.0038263554447871494 0.01162469994373682 -0.0010310811756234755 0.00024781649633834747 0.0077404224756272644 0.0004689288571252503 -0.0041614066846770202 -0.0051828433072911651 0.0046802298007831075 0.0051590975102721705 0.00016659806462300132 0.00014919632513494749 0.0023223988905892103 0.010872178824362944 -0.0034311111688633171
leaf_weight=36.65671668201685 22.146414317190647 61.102251812815666 11.694247633218763 26.792858891189098 12.848381929099558 34.275403156876564 30.140312306582928 61.510920010507107 22.997239597141743 29.910868555307388 13.941110156476499 29.924252085387707 13.341476701200007 17.854107856750488 395.4427795112133 51.595783840864897 88.784799061715603 18.840456239879131 10.523515634238718 417.91265192627907 229.28943474590778 54.660710871219635 15.881009250879286 90.248983643949032
leaf_count=256 127 404 76 214 80 234 205 411 155 236 106 230 100 112 2581 422 808 148 76 2952 1974 347 93 791
internal_value=6.99009e-05 -0.000217938 0.00129071 0.000983724 0.0020543 -0.000270342 0.0036515 0.00185259 0.00775114 -0.00104086 0.000433301 0.00275296 0.00664279 0.00295318 -0.000309942 -0.00105515 -0.00307085 -0.0006455 -0.00241034 -0.000324881 0.000305828 0.00112168 0.0046073 -0.000880197
internal_weight=1798.32 1456.43 341.888 330.194 216.283 88.7862 127.497 91.6512 35.8456 113.911 87.1177 57.2068 27.2826 52.1295 1434.28 648.759 169.745 80.9598 62.1193 479.015 785.523 465.984 70.5417 319.538
internal_count=13138 10723 2415 2339 1453 602 851 616 235 886 672 436 206 346 10596 4810 1454 646 498 3356 5786 3021 440 2765
is_linear=0
shrinkage=0.01


Tree=299
num_leaves=25
num_cat=0
split_feature=5 121 200 39 39 307 186 236 85 304 308 115 145 269 269 233 268 299 79 116 235 269 131 257
split_gain=5.52228 7.58283 9.15211 7.54263 6.98754 9.09469 11.4369 8.71352 7.84846 11.6629 8.78777 7.30084 8.33357 9.7384 9.85944 8.80435 8.21705 7.64981 7.05476 9.32546 9.89596 13.0173 11.3275 10.8033
threshold=-2.908964877275698 -2.2749236555014396 0.32996119418792852 0.06135666480758506 0.079184234541233023 0.032893559060222712 0.17108013937282232 0.22490654660163148 181.26176811803586 -0.0034798327073080055 1.0000000180025095e-35 0.51745630759888905 0.038653568404801046 1.8681493993993996 1.1908263305322131 0.66003952569169966 0.14016173645566235 0.052616573507896565 96.439319725669733 -0.19963958171233967 0.0032388685202960356 3.0699794238683134 1.9565623952896138 13.500000000000002
decision_type=2 8 2 2 2 2 8 2 2 2 2 8 10 2 2 2 2 2 2 8 2 2 8 2
left_child=3 2 -2 -1 5 8 7 -7 18 -10 -11 12 -6 14 15 16 -14 -17 -3 -20 -21 22 -22 -24
right_child=1 4 -4 -5 11 6 -8 -9 9 10 -12 -13 13 -15 -16 17 -18 -19 19 20 21 -23 23 -25
leaf_value=-0.0063526958874191176 -0.00066779654497548988 0.0021681149862341422 0.0089116647332972872 2.1630971217981151e-05 -0.0034766298012171848 0.014127053342184885 -0.0026988292008381931 0.0021358806119141554 0.0092027021211752713 -0.0045881715869540698 0.0056268171035020725 0.006037911261810627 -0.0013036937760560901 -0.0024142024464055075 0.0040607290928429294 -0.0045727108705794347 0.0057043434716392664 0.0024056744568393706 -0.0014872400891944449 -0.00035384517159468181 0.0064040160551459037 -0.006936605479636827 0.0092010035396812503 0.00069567032318834632
leaf_weight=26.972977425903082 17.120011068880558 165.76277324557304 19.336852714419365 48.312481142580509 105.82058791816235 12.021585106849672 10.634815424680708 12.640105836093424 22.062700673937798 16.473345510661606 12.086791567504404 12.107427082955835 31.495251268148422 128.73881568014622 69.035295642912388 56.022132135927677 30.509974487125874 19.181011192500591 306.07428658753633 416.81384614855051 58.014652982354164 12.343471910804508 13.550757795572279 181.17222973704338
leaf_count=305 100 1122 118 478 807 89 86 93 142 113 81 89 206 842 433 378 182 130 2182 3265 382 106 100 1355
internal_value=0.000202572 0.000320099 0.00466436 -0.00239714 0.000218272 0.000606906 0.00541873 0.00887319 0.000452629 0.00420015 -0.000115023 -0.000840387 -0.00106904 -0.000282653 0.00105776 -0.000497653 0.00222788 -0.00275711 0.000277413 -4.40982e-05 0.000605675 0.00210595 0.00262372 0.00141645
internal_weight=1804.3 1729.02 36.4569 75.2855 1692.56 1239.65 35.2965 24.6617 1204.35 50.6228 28.5601 452.91 440.803 334.982 206.244 137.208 62.0052 75.2031 1153.73 987.969 681.895 265.081 252.738 194.723
internal_count=13184 12401 218 783 12183 9116 268 182 8848 336 194 3067 2978 2171 1329 896 388 508 8512 7390 5208 1943 1837 1455
is_linear=0
shrinkage=0.01


Tree=300
num_leaves=25
num_cat=0
split_feature=153 162 309 100 136 82 82 304 114 232 131 125 2 254 172 237 249 197 36 169 224 188 299 53
split_gain=6.85196 9.04371 9.14505 6.9026 12.7997 11.9031 10.5924 9.57736 8.91565 9.0398 12.3176 13.1304 10.8003 12.7546 9.08054 7.9631 8.06758 12.3575 8.85024 7.55279 11.9263 9.19119 8.82869 7.4709
threshold=0.049443833272216117 0.043557312252964435 -0.041509464189876603 0.66497786612915688 0.32339757506930766 0.45572737483882325 0.34405158158295385 0.00083244787335612369 0.71170873479357177 2.7128062515281814 0.72723824143873961 0.77369203984322843 0.88546177473087706 118.50000000000001 9.0634027777777799 -0.11917931610792169 0.096006144393241177 -0.19907574937995118 0.023044424907214551 56.500000000000007 1.0918236809274091 0.30406812652068133 -0.0094740697632459941 57.500000000000007
decision_type=10 10 2 8 2 8 8 2 8 2 10 10 10 2 10 2 2 10 2 2 2 10 2 2
left_child=1 3 -3 4 5 23 -6 -7 15 10 14 12 13 -12 -10 19 -17 -18 -19 -5 -21 -22 -23 -1
right_child=-2 2 -4 8 6 7 -8 -9 9 -11 11 -13 -14 -15 -16 16 17 18 -20 20 21 22 -24 -25
leaf_value=0.002465397116816842 -0.0027785275356240658 0.0090169034174344999 0.0014523918619899195 -0.0029899977170789582 0.0039821403053656966 0.001855877399539421 -0.0050673127108738659 0.0096429685757988791 0.0013132596215852405 -0.00096332072707435714 0.0068264620291263569 0.0077124485270929103 -0.0034615518864945334 -0.0032947156309658292 -0.0021673231085743757 -0.00096191094048352695 0.0083165485566004133 -0.0048321779290488786 0.0053521369372395902 0.007003020915013116 -0.0040298223631785798 -0.0033865973221745061 0.0066834062420502273 -0.002426707568859968
leaf_weight=92.534521490335464 83.30084440857172 17.338402219116688 87.476916201412678 278.01404790207744 15.440088354051111 32.120527632534504 43.35006632655859 32.711051113903522 227.57844500243664 319.85870093107224 37.957248456776142 49.159584775567055 29.005921121686697 15.738075062632559 108.20647837594151 136.43525968492031 24.808793783187866 18.773450568318371 11.265638060867785 17.893940933048725 50.119611836969852 12.308524288237097 18.393445439636707 43.599936202168465
leaf_count=549 828 107 585 2196 99 193 307 195 1523 2507 234 311 199 91 792 1058 177 149 74 117 401 92 137 249
internal_value=-2.57348e-05 0.000111353 0.00291798 -7.49479e-05 0.00140858 0.00260618 -0.00260026 0.00603965 -0.00036233 0.000325357 0.00120942 0.00376457 0.00122787 0.00382559 0.000179889 -0.0013144 0.000340095 0.00348427 -0.000849591 -0.00215338 0.000210569 -0.00146791 0.00267127 0.000873752
internal_weight=1803.39 1720.09 104.815 1615.27 259.756 200.966 58.7902 64.8316 1355.52 787.504 467.646 131.861 82.7012 53.6953 335.785 568.013 191.283 54.8479 30.0391 376.73 98.7155 80.8216 30.702 136.134
internal_count=13170 12342 692 11650 1592 1186 406 388 10058 5657 3150 835 524 325 2315 4401 1458 400 223 2943 747 630 229 798
is_linear=0
shrinkage=0.01


Tree=301
num_leaves=25
num_cat=0
split_feature=299 131 303 288 211 89 268 259 85 81 232 276 303 307 273 196 69 225 141 136 72 152 236 151
split_gain=7.53057 7.23669 6.89177 12.5278 11.2597 7.03099 6.03674 12.2613 12.3802 11.8391 15.2734 11.6687 10.0838 9.22327 10.5871 10.1195 9.52647 10.5471 8.96657 8.89058 9.76134 15.6355 13.1671 9.82214
threshold=-0.057290772317237885 0.37530696854581952 0.0091299976470094277 0.0043200084684878615 0.020101010101010106 1.283167698947218 0.46974786096416316 -0.41512791869475812 143.9861708490719 -0.061502103013034513 2.3628817330712866 10.661643831651185 -0.0024882153906798914 -0.0030530561261032925 5.4082838600369101 0.44519519519519524 0.41942247597798948 0.80439613526570064 0.0040295518510500119 0.19356318437407519 -267.83021999359659 0.01170275415314242 0.38436848017974651 0.047285012285012293
decision_type=2 8 2 2 2 8 2 8 2 10 2 2 2 2 10 10 10 2 2 2 2 8 2 8
left_child=2 -2 3 5 -5 -1 13 9 -9 12 11 18 -8 16 15 19 17 -3 -11 -15 -21 22 -22 -23
right_child=1 6 -4 4 -6 -7 7 8 -10 10 -12 -13 -14 14 -16 -17 -18 -19 -20 20 21 23 -24 -25
leaf_value=-0.0046484478105674317 0.0050542399913874915 -0.0016516981541713138 -0.0030019721732730143 0.012168063755080668 0.00017244498519675754 0.0015766043578888623 0.0023027920990080597 -0.0038022403416784457 0.0037281487877180654 0 -0.0041706972501799238 0.0088682475381669911 -0.0050397198745647867 0.0052088933414201708 -0.0058040759692433979 -0.0012077185397838684 0.0045732877092907864 0.0029680756244252582 0.0059007242504915958 -0.0031342512797548471 0.0029034853375938968 -0.0046595014647237238 0.011442209796615073 0.0016506306352713465
leaf_weight=16.655094482004642 22.807209596037865 422.27120931819081 29.293087661266327 18.078342914581302 12.90972615033388 267.05864480137825 24.683459341526031 192.02138922736049 22.170633375644684 91.851958639919758 34.051872178912163 25.177485100924969 58.662534441798925 80.302964992821217 17.877411469817162 101.85742534697056 28.496327467262745 53.155755594372749 32.840008795261383 37.519039914011955 90.773404479026794 35.36986531317234 21.078646697103977 66.718821577727795
leaf_count=113 134 3069 205 117 86 1905 176 1668 160 592 266 155 444 579 127 729 202 411 236 254 584 263 124 570
internal_value=0.000104179 -0.000209556 0.00142919 0.001868 0.00763461 0.00116519 -0.000303615 -0.00121341 -0.00297954 0.000214706 0.00163079 0.00300862 -0.00284924 0.000156034 0.00119108 0.00151769 -0.000770818 -0.00111851 0.00164638 0.00236061 0.00139903 0.00222934 0.00476495 -0.000592914
internal_weight=1803.68 1459.69 343.995 314.702 30.9881 283.714 1436.88 481.459 214.192 267.267 183.921 149.869 83.346 955.421 451.498 433.62 503.923 475.427 124.692 331.763 251.46 213.941 111.852 102.089
internal_count=13169 10743 2426 2221 203 2018 10609 3697 1828 1869 1249 983 620 6912 3230 3103 3682 3480 828 2374 1795 1541 708 833
is_linear=0
shrinkage=0.01


Tree=302
num_leaves=25
num_cat=0
split_feature=99 20 293 174 175 230 109 61 280 299 24 11 235 218 106 154 64 263 196 144 115 120 196 39
split_gain=5.82269 9.64452 7.17115 7.92055 6.34868 10.8066 11.5299 8.10527 6.88683 6.80764 14.2305 7.96791 8.57762 8.11007 8.30505 9.36369 10.4593 7.60548 9.06031 10.4428 7.48573 7.1707 6.60138 6.57444
threshold=1.2991274216249038 1.1191073177564022 -0.0034692133641440396 191.0852777777778 14.11505985259736 151.50000000000003 1.0643274172656956 804.39354384468913 0.054241285577074687 0.031248451692815874 0.34968655385505942 0.7229698446007865 0.0075258768389901308 0.17063717148799398 0.67295712305471544 0.026121032377798604 0.78464715980778166 0.48985663744322672 0.29046043562172602 0.066749174917491758 -1.1720892916861563 1.0615300779842729 0.36014705882352943 0.08442167588509053
decision_type=10 10 2 8 10 2 10 2 2 2 2 10 2 2 10 10 10 10 10 10 8 8 8 2
left_child=1 4 -3 -4 5 6 8 9 -1 11 21 12 13 14 15 16 -6 18 19 -14 -18 -11 -12 -16
right_child=-2 2 3 -5 7 -7 -8 -9 -10 10 22 -13 17 -15 23 -17 20 -19 -20 -21 -22 -23 -24 -25
leaf_value=-0.0041435063909726439 -0.0040907488131523336 -0.00043258230302200786 0.011803679301773323 0.0010204549627806517 0.0030792189646662942 0.00021028543889986827 0.0090555177506641965 -0.0063265429498700404 0.0041362624580739858 -0.0017478892643453853 0.0081229473610801555 -0.0045224868727723744 -0.0048415167268105663 -0.0076335813384526136 -0.0038942255906962565 0.0065965289430943473 -0.006580050418252349 0.0087891631422519611 0.0055071421845544755 0.00442744697688919 -0.0002693335085983265 -0.0061681369281463509 -0.00029753974527462189 0.0038680725480539119
leaf_weight=15.14390694350004 30.671175897121429 17.37119759619236 14.945629604160787 12.345272980630396 76.21176478266716 1019.1570734642446 26.570398405194283 22.600954469293356 19.894196063280106 120.51605045050383 14.68678532540798 30.361170932650566 27.77225136756897 11.38788480311632 64.365038815885782 24.513229794800282 21.556463371962309 16.643743894994259 32.10472434014082 17.36934557557106 84.714741759002209 53.070134025067091 18.978393457829952 10.53147631883621
leaf_count=117 309 118 99 87 524 7123 181 212 149 899 121 260 213 86 508 174 171 120 214 115 686 466 156 69
internal_value=3.80571e-05 0.000116488 0.00456174 0.00751535 -5.1083e-06 0.000463056 0.00443527 -0.00078684 0.000488609 -0.000557112 -0.00202582 0.000178271 0.000579739 -0.000266306 0.00010095 0.00113771 0.000309103 0.00316316 0.00166961 -0.00120303 -0.00169665 -0.00318256 0.00369451 -0.00268829
internal_weight=1803.48 1772.81 44.6621 27.2909 1728.15 1080.77 61.6085 647.384 35.0381 624.783 207.251 417.532 387.171 293.281 281.893 206.996 182.483 93.8901 77.2463 45.1416 106.271 173.586 33.6652 74.8965
internal_count=13177 12868 304 186 12564 7570 447 4994 266 4782 1642 3140 2880 2218 2132 1555 1381 662 542 328 857 1365 277 577
is_linear=0
shrinkage=0.01


Tree=303
num_leaves=25
num_cat=0
split_feature=114 187 311 127 215 175 5 213 213 155 213 217 233 47 132 5 321 178 11 289 313 13 162 7
split_gain=5.21905 9.27397 8.45735 10.3672 13.2111 8.17343 9.66827 7.6042 9.42928 11.0789 8.90626 6.94607 11.841 14.594 8.96467 8.0795 7.98961 9.72367 7.44186 7.22795 6.80847 10.4634 9.00005 6.64207
threshold=0.97490369833359791 0.088932806324110686 -0.32244478630160567 -0.06413970260348463 -0.48560388284654771 16.24311552549656 -2.6556518169783208 -0.37904380120578157 -0.36201324479048519 0.034103023841829817 -0.4092460335239731 0.77973876535531039 0.77452762923351171 26.500000000000004 0.0038131588513267904 -1.2430028306103773 3.5000000000000004 0.75568475452196393 0.9135449637355576 -0.10973436935433127 -0.056792627651315951 0.76502715667771681 0.0040941701029199784 -0.54736429143192122
decision_type=8 8 2 10 2 10 2 2 2 10 2 2 2 2 2 2 2 2 10 2 2 10 10 2
left_child=1 7 3 4 -2 6 -5 10 9 -9 23 12 15 14 -14 19 17 -13 -18 -10 -19 -22 -23 -1
right_child=2 -3 -4 5 -6 -7 -8 8 11 -11 -12 16 13 -15 -16 -17 18 20 -20 -21 21 22 -24 -25
leaf_value=-0.00091744011858646492 0.011732814861776492 0.0067011701479065449 -0.00012952277450447702 0.00019769080801659944 -0.001020635221853966 -0.003597997430373449 0.0088035218362336777 -7.4465770728384235e-06 -0.0029807507880315869 0.0094845180192745775 -0.0043345318628692595 -0.0039146302096958029 0.0017184796172235795 -0.0039709703004872504 0.010615230359062268 0.006095226966631128 -0.0024272131992318291 0.0092858283048652644 0.0043791986151047778 0.00050167646042931972 0.0055500970957692531 -0.007308816428568554 0.0029451186462987563 0.0042673523375686686
leaf_weight=523.82298523932695 22.809121705591679 16.412385307252407 167.66912095993757 37.187964178621769 11.05920886993408 21.935251105576754 17.603139206767082 25.073271788656712 69.060268580913544 20.888608187437057 73.424041338264942 22.87225915491581 20.200547724962234 12.844870038330553 28.543604001402855 19.3740424066782 231.4536766000092 12.209342062473295 14.579942978918551 345.09455689042807 29.511682517826557 15.123568061739208 13.933465294539927 23.081102885305882
leaf_count=3932 138 115 1245 248 88 171 113 183 482 139 547 193 150 87 195 134 1782 80 102 2392 190 125 109 185
internal_value=3.70413e-05 -0.000193885 0.00128922 0.00339843 0.0077841 0.00124104 0.0032777 -0.000282459 0.000313859 0.00458667 -0.00112832 6.26478e-05 0.000817546 0.00481858 0.00724547 0.000219161 -0.00103238 0.00141731 -0.00197443 -9.29433e-05 0.00323863 0.00159036 -0.00253575 -0.000675869
internal_weight=1795.77 1517.5 278.264 110.595 33.8683 76.7264 54.7911 1501.09 880.764 45.9619 620.328 834.802 495.118 61.589 48.7442 433.529 339.684 93.6503 246.034 414.155 70.7781 58.5687 29.057 546.904
internal_count=13125 11122 2003 758 226 532 361 11007 6343 322 4664 6021 3440 432 345 3008 2581 697 1884 2874 504 424 234 4117
is_linear=0
shrinkage=0.01


Tree=304
num_leaves=25
num_cat=0
split_feature=99 109 64 321 40 237 106 5 143 239 121 40 52 98 316 63 136 147 43 160 239 78 284 185
split_gain=6.09946 9.75752 8.67079 5.96401 9.5874 7.99206 9.73272 8.24113 8.51685 7.91676 11.9541 19.1495 8.10403 8.28138 7.79141 8.86346 7.7474 8.24438 9.64512 8.55832 10.2308 9.69348 10.2967 8.53304
threshold=1.2991274216249038 2.290809100281376 1.1736450878509561 5.5000000000000009 0.0073022324390937541 -0.092276355989559175 0.70761509503188125 -2.8935132521978844 0.10141588192079078 0.58637929164426394 -1.4131838634473499 0.0090968199550774346 135.50000000000003 153.50000000000003 -0.043665047050864124 0.74298160356538456 0.32074493841358237 0.23536267653914714 127.50000000000001 0.05886038625976707 0.78707693376276178 50.745365896341603 0.050886415289923 0.86552812858783013
decision_type=10 10 8 2 2 2 10 2 10 10 10 2 2 2 2 10 2 10 2 8 10 2 8 10
left_child=1 3 -3 5 16 7 14 -1 -9 12 11 -11 -6 -14 -7 -16 17 19 -19 -5 21 22 -21 -20
right_child=-2 2 -4 4 9 6 -8 8 -10 10 -12 -13 13 -15 15 -17 -18 18 23 20 -22 -23 -24 -25
leaf_value=-0.0028648954722838476 -0.0042568014704093653 0.0073418598736756128 -0.000249269763857011 -0.0029993403130490694 -0.0065560393875824779 0.0095912750538415057 -0.0031503783078164734 0.00018727360698822412 0.0057401398081579572 0.012301627580218076 0.00032850774705456173 0.00064863352494462111 0.0056641427738988986 -0.0030113232163964361 0.0034090247469126807 -0.0037731676336902162 -0.0051224721509995821 -0.0018429089973771256 0.0017794972880172211 0.0026264997723613034 0.00097987152263971666 -0.0044274038446343277 -0.0054626462831188069 0.0098184929402993452
leaf_weight=80.975678436458111 30.0143320299685 31.518670551478863 26.004485554993153 202.1373845115304 19.389981545507908 15.316998161375521 24.596563085913658 442.84651626646519 26.675616852939129 24.043025694787502 94.345143996179104 30.779106542468071 17.23801776766777 21.539840370416641 126.39319875091314 17.293128199875355 41.959244407713413 56.386083848774433 72.399914987385273 54.203204199671745 214.05980380624533 91.585820984095335 18.879563942551613 14.04234244674444
leaf_count=767 302 193 183 1511 146 105 195 3077 139 152 690 213 111 143 884 139 313 377 438 374 1682 749 148 86
internal_value=1.1777e-05 9.16774e-05 0.00404315 -4.73784e-05 -0.000560652 0.000631093 0.00242061 2.30731e-05 0.000537515 0.00133232 0.0025424 0.00613097 -0.00172818 0.000944295 0.0033288 0.00248134 -0.0010776 -0.000822584 0.00130779 -0.00135197 -0.000454288 -0.00230965 0.000397324 0.00336755
internal_weight=1794.62 1764.61 57.5232 1707.09 972.988 734.098 183.6 550.498 469.522 207.335 149.167 54.8221 58.1678 38.7779 159.003 143.686 765.653 723.694 142.828 580.866 378.728 164.669 73.0828 86.4423
internal_count=13117 12815 376 12439 7133 5306 1323 3983 3216 1455 1055 365 400 254 1128 1023 5678 5365 901 4464 2953 1271 522 524
is_linear=0
shrinkage=0.01


Tree=305
num_leaves=25
num_cat=0
split_feature=3 109 192 17 36 235 98 241 235 35 285 31 165 227 238 310 162 314 218 225 100 29 82 109
split_gain=6.86884 8.51604 11.0685 7.63603 9.11278 10.7962 10.6432 9.62031 10.5698 12.2726 9.77872 8.44547 8.31784 8.38403 7.85494 7.74119 8.42217 8.99899 9.17562 8.42996 9.57464 9.96832 8.15314 10.1519
threshold=2.5471693845014545 1.5455143391392141 0.97141374451538554 1.604761484617433 0.028447945815215196 0.0071460487680326829 103.50000000000001 0.89444444444444449 0.012938009150764426 0.0031762846381490455 0.073684210525992624 0.0032284121111053215 179.62526620370372 0.014064725431239123 -0.48051503633312592 -0.89789914443976271 0.019672184015544252 -0.0017722644152548227 0.088294353886132784 0.67263239376468087 1.0844343063360269 0.26643746361758652 0.55083235814593767 2.3487247349341756
decision_type=2 10 10 2 2 2 2 2 2 2 2 2 2 2 2 2 10 2 2 2 10 2 10 10
left_child=1 -1 -3 -2 5 15 7 8 9 -7 -10 -9 -8 14 -14 -5 -17 22 19 -19 21 -21 -18 -24
right_child=3 2 -4 4 -6 6 12 11 10 -11 -12 -13 13 -15 -16 16 17 18 -20 20 -22 -23 23 -25
leaf_value=0.00064975095350402567 -0.0054373138792074265 -0.0011634264635788224 0.0092609567721075609 0.0045248679931703499 0.0016548438769680815 0.015981839756715951 -0.0029911146202771378 -0.0069056139152794708 0.0080662282230477399 0.0021362237082009788 -0.0027327705687911329 0.0042829292416478393 9.9062713403797592e-05 -0.0026147857378540518 0.0083403802724532194 -0.0023439687514956262 0.004156001667127319 -0.0032639264663924094 0.0083394954513899937 -0.00093390306365214381 -0.0010531163937378652 0.0095776673077790798 -0.0040184262792166813 0.0039681639747542932
leaf_weight=643.82502292096615 25.728263400495052 15.39132985472679 23.565918058156967 19.617860727012157 210.97533467411995 14.569890871644022 62.248572252690792 10.497941844165327 11.436959192156793 12.006671972572802 17.739198096096516 10.878945201635359 22.3937007188797 23.676533937454224 21.806730031967163 402.96578314527869 17.076506085693836 32.827348813414574 16.162415705621243 12.746115945279596 34.861149232834578 23.544440671801567 97.513498649001122 16.43193456530571
leaf_count=4268 186 91 127 148 1485 110 477 96 82 91 138 95 160 183 159 3326 118 263 120 97 306 168 743 110
internal_value=0.00015001 0.000938575 0.00531911 -0.000331963 -0.000196958 -0.000645449 0.00133555 0.00420846 0.00631305 0.0105713 0.0018089 -0.00133541 -0.000413249 0.00196176 0.00444458 -0.00125938 -0.0014532 -9.84859e-06 0.00193916 0.000739537 0.00265466 0.00606013 -0.00180778 -0.00278954
internal_weight=1800.49 682.782 38.9572 1117.71 1091.98 881.002 207.255 77.1296 55.7527 26.5766 29.1762 21.3769 130.126 67.877 44.2004 673.747 654.129 251.163 120.141 103.979 71.1517 36.2906 131.022 113.945
internal_count=13147 4486 218 8661 8475 6990 1591 612 421 201 220 191 979 502 319 5399 5251 1925 954 834 571 265 971 853
is_linear=0
shrinkage=0.01


Tree=306
num_leaves=25
num_cat=0
split_feature=299 203 211 309 82 27 2 297 127 221 109 151 103 215 149 59 309 181 65 177 95 200 288 20
split_gain=6.27012 7.51034 18.2914 7.27564 9.2788 9.24593 8.37706 8.11774 8.32508 8.32978 7.95452 9.37918 9.176 9.91848 12.7986 8.60491 10.9861 9.40594 8.09775 11.2714 8.96659 7.79015 10.7758 9.46051
threshold=-0.052933153802719006 0.010695493022191719 0.020942982456140354 -0.018405039587807977 0.87152801631702492 0.7496226715310218 1.3217320876908865 0.0031990153275976399 -0.66369643774992049 -0.16803070321186833 1.2469916402469974 0.0098766034238891888 1.6019459072125179 0.16714119974744965 0.21061432846329872 3.1593289465118972 0.026996725524125856 0.13045803301557782 3.7638488017301293 7.2019405129050593 -1.2355299224581306 1.4337189918282445 -0.0028006353860193811 -0.05616919102190631
decision_type=2 2 2 2 8 2 10 2 8 2 10 10 8 2 10 10 2 2 10 10 10 2 2 10
left_child=1 -1 -3 4 7 -6 10 -2 -9 -10 11 -5 13 14 15 17 -17 21 -14 -20 -21 22 -12 -24
right_child=3 2 -4 6 5 -7 -8 8 9 -11 12 -13 18 -15 -16 16 -18 -19 19 20 -22 -23 23 -25
leaf_value=0.00074811007596472644 -0.0040440342111394047 0.010394443540734889 -0.00097010912012003526 0.00072973369207147477 0.0081353328115448161 -0.0023714237740596888 -0.0057533305793904992 -0.0069228072474173466 0.0028334946038546332 -0.0040903928226233436 0.0075572165939069508 -0.0017055286155720328 -0.001510415887674685 0.0083932864682243983 -0.0028089539015067298 0.0020990855156326799 -0.007300946903155579 -0.00065712924199528861 0.0067851685101294277 0.0057478755944122498 -0.0022184225185857298 0.0085659905019792974 0.0049460112494356563 -0.0041000824109281341
leaf_weight=320.05229578912258 122.28025511652231 25.42046882212162 27.210194982588291 331.82169229537249 15.404690288007261 13.415903236716984 20.151428330689669 12.663901194930075 63.195922717452049 20.77354259043932 28.412533238530159 296.80270010605454 159.53450416401029 23.31491531431675 45.551141425967216 46.887549132108688 13.731210961937903 30.711543224751949 31.185650646686554 16.00580196455121 53.531816549599171 46.680399283766747 17.494517110288143 23.935013301670551
leaf_count=2286 888 159 182 2143 115 116 193 94 436 148 166 2527 1306 140 322 309 95 188 251 138 458 278 99 151
internal_value=0.000197408 0.00134789 0.00475191 -0.000103068 -0.00165194 0.00343858 0.000222855 -0.00236213 -0.000168992 0.00103114 0.000340773 -0.000420966 0.00123192 0.00249007 0.00185597 0.00290718 -0.000245749 0.0041921 -0.000114415 0.00206772 -0.000217211 0.00546389 0.00312291 -0.000185098
internal_weight=1806.17 372.683 52.6307 1433.49 247.734 28.8206 1185.75 218.914 96.6334 83.9695 1165.6 628.624 536.977 276.719 253.404 207.853 60.6188 147.234 260.258 100.723 69.5376 116.522 69.8421 41.4295
internal_count=13188 2627 341 10561 1797 231 8764 1566 678 584 8571 4670 3901 1748 1608 1286 404 882 2153 847 596 694 416 250
is_linear=0
shrinkage=0.01


Tree=307
num_leaves=25
num_cat=0
split_feature=294 117 129 304 291 129 232 313 270 271 314 266 96 235 20 91 271 235 90 275 127 76 114 41
split_gain=6.08977 7.42398 7.16804 7.03717 6.8765 6.56316 11.5503 5.62646 5.50913 9.67628 9.11515 8.78019 8.5695 9.92721 13.1587 8.24112 8.0208 8.22481 8.17443 9.51941 7.41572 7.97758 10.7163 15.4828
threshold=-0.1333807416772019 0.3880836303992905 0.89956871821875861 -0.099565556009470105 0.77564986804596348 1.0630378970718803 2.5237594700770747 -0.029093513496951311 0.09212004730928447 0.14021189356493871 -0.0068463855068727503 2.4869275461380727 0.22052780443661013 1.0000000180025095e-35 0.71399435446346238 25.154355594239792 0.17783687877158652 0.013175253437022636 15.612613826237913 0.088654793937665885 0.58019363279769098 0.68003819572316204 0.72620955713536361 242.50000000000003
decision_type=2 10 8 2 2 10 2 2 2 2 2 2 10 2 10 2 2 2 2 2 8 10 10 2
left_child=1 2 -1 4 -3 -5 -7 -8 9 12 -11 -12 13 -2 20 -13 18 -18 -10 -20 21 -15 -23 -24
right_child=8 3 -4 5 -6 6 7 -9 16 10 11 15 -14 14 -16 -17 17 -19 19 -21 -22 22 23 -25
leaf_value=0.00096355791312425858 -0.0011102840186517872 0.0019943809186284676 0.011031558697883083 -0.0014081239162624457 -0.007089507341062771 0.0094777388603391969 -0.0035130308588455757 0.0046910143500196663 -0.0029851961238122897 0.0078724586625979736 -0.0022748399420760238 0.0047560575996776809 0.0064601582951557355 0.0040405474705919025 0.0068608338249762377 -0.0030469610131067344 -0.00050677714586642812 0.0055206390774033614 0.0064109981192236034 -0.0043138663368329777 -0.00214795311147773 -0.0013442637949886091 0.0093150109729706419 0.00088237920723087566
leaf_weight=13.972709715366362 578.95461244136095 12.996507674455644 13.453148521482946 27.404722705483437 15.868043594062327 21.847953207790852 16.16726998239756 12.07475361227989 201.43645944446325 24.506632387638092 40.464893914759159 66.255080081522465 16.881903246045113 65.828790374100208 30.283011242747307 14.583839096128939 97.630798749625683 26.400407575070858 18.88576386123896 10.780736312270163 94.078981250524521 190.34375078603625 22.240403689444065 174.87469379231334
leaf_count=88 4583 87 92 194 119 141 125 91 1502 130 237 376 135 409 216 84 584 148 129 85 750 1513 154 1236
internal_value=9.59591e-05 0.00212624 0.00650738 0.000847388 -0.0031553 0.0024097 0.00448103 7.0211e-05 -6.8982e-05 0.000228461 0.00263232 0.00140963 -7.50047e-05 -0.000186857 0.000737821 0.00328063 -0.00116983 0.000863087 -0.00226243 0.00244613 0.000363559 0.000897164 0.000334999 0.00195769
internal_weight=1808.22 133.785 27.4259 106.359 28.8646 77.4947 50.09 28.242 1674.43 1319.3 145.81 121.304 1173.49 1156.6 577.65 80.8389 355.134 124.031 231.103 29.6665 547.367 453.288 387.459 197.115
internal_count=13208 937 180 757 206 551 357 216 12271 9823 827 697 8996 8861 4278 460 2448 732 1716 214 4062 3312 2903 1390
is_linear=0
shrinkage=0.01


Tree=308
num_leaves=25
num_cat=0
split_feature=299 111 165 228 100 109 141 307 137 13 137 148 320 82 311 2 177 105 294 94 246 64 213 144
split_gain=5.73946 7.94356 8.33988 12.1125 8.03085 9.0692 9.67173 8.99118 15.7802 10.3862 10.3761 7.73902 8.98981 10.3096 9.75505 9.29656 7.79633 8.65928 7.7948 11.2975 8.59353 7.77602 7.93896 7.59743
threshold=-0.057290772317237885 0.76125034472216002 179.29255787037042 0.25981363269498864 1.1919551722280599 1.7588197241736621 0.08262807292037079 -0.0021069987467262834 0.049467787114845944 1.011156571068432 0.17035049272772956 0.19429311621021469 -0.1370427198365409 0.62699895311496678 -0.73775957929580771 0.85128171895409677 7.5613636078922326 0.7874078956365077 -0.01945484969909805 0.57278596023775863 0.72561636127937046 0.62887912997830986 -0.35416322909679188 0.038372011194656018
decision_type=2 8 2 2 10 10 2 2 2 10 2 10 2 8 2 8 10 10 2 10 10 10 2 10
left_child=-1 2 -2 -4 5 7 -7 8 -3 11 -11 18 14 16 -13 -15 17 21 20 -20 -9 -14 -23 -10
right_child=1 4 3 -5 -6 6 -8 9 23 10 -12 12 13 15 -16 -17 -18 -19 19 -21 -22 22 -24 -25
leaf_value=0.0012582030302149922 0.007845834116118628 0.0085963080787205409 0.0059047061193338891 -0.0050455869805163664 -0.0025459028051780888 0.003156864105914055 -0.0019377628417311069 -0.0056786000737094671 -0.0027251031195296431 0.0088037411472942622 -0.00014998484656394127 0.0041092745622031621 0.0019735193437883615 0.008651245902976926 -0.0052089694875340521 0 0.0058875283581782123 0.0052860283854516367 0.0013806827894309898 -0.0036486524379606223 0.00054590285238721357 0.0016705340375689889 -0.0062674487954424906 -2.6132163901145904e-05
leaf_weight=348.12945231422782 21.930247217416763 12.32903230935335 16.59650094807148 18.180440351366997 142.29497171938419 147.44560281187296 47.143910191953182 58.198898196220398 295.71408677846193 25.124555461108685 23.51384562253952 13.664173655211924 33.365306854248047 36.216249473392963 33.62425646930933 18.425131030380726 21.45084473490715 19.013440132141113 159.48586714267731 58.778515849262476 33.674351796507835 16.31079038977623 39.098825037479401 161.54723480343819
leaf_count=2455 153 70 120 122 1290 954 374 369 2284 192 192 99 229 266 264 154 157 117 1094 455 242 128 302 1083
internal_value=0.000110104 -0.000166174 0.00340993 0.000204596 -0.000318745 -6.00623e-05 0.00190733 -0.00042647 -0.00145521 0.000393743 0.00468607 -1.25299e-05 0.00136127 0.00236006 -0.002416 0.00588903 0.000765825 -0.000369301 -0.00104282 0 -0.00343851 -0.0017179 -0.0039459 -0.00177982
internal_weight=1801.26 1453.13 56.7072 34.7769 1396.42 1254.12 194.59 1059.54 469.59 589.945 48.6384 541.307 231.169 183.881 47.2884 54.6414 129.239 107.788 310.138 218.264 91.8732 88.7749 55.4096 457.261
internal_count=13165 10710 395 242 10315 9025 1328 7697 3437 4260 384 3876 1716 1353 363 420 933 776 2160 1549 611 659 430 3367
is_linear=0
shrinkage=0.01


Tree=309
num_leaves=25
num_cat=0
split_feature=5 101 91 183 258 148 217 126 234 126 311 149 162 320 294 193 239 234 29 106 304 190 69 236
split_gain=6.95252 8.03157 7.58686 8.50661 10.7298 7.3186 12.1272 6.96601 5.84116 7.4427 6.37308 5.71214 11.051 5.94123 7.83223 9.86931 9.93501 9.59295 9.92762 7.59344 7.51406 7.33653 8.26567 7.80783
threshold=-2.8935132521978844 -2.2934545445846917 48.103549885525716 -1.0729521457091535 -0.37568253253232969 0.19429311621021469 0.78519822639540959 0.76005108084952566 0.074506557589923403 0.8835206488128251 -0.64769626336697628 0.26401991614255771 0.0028208800827564258 -0.051869789710890603 -0.14090000654003407 0.59476565172767715 0.87611780509278459 0.12708873379860422 0.39573741044329286 0.23093757216954064 -0.099565556009470105 118.50000000000001 0.41942247597798948 0.16688770999115829
decision_type=2 8 2 10 2 10 2 10 2 10 2 10 8 2 2 8 10 2 2 8 2 2 10 2
left_child=2 -2 5 -4 -5 8 -7 -6 -1 10 -10 13 -13 14 20 16 -16 18 -17 -15 -3 22 23 -21
right_child=1 11 3 4 7 6 -8 -9 9 -11 -12 12 -14 19 15 17 -18 -19 -20 21 -22 -23 -24 -25
leaf_value=-0.0054070132564885791 0.0054681690374998228 -0.0014706682553111761 0.0078920137717099024 -0.0053319569677368452 0.0089816205874675009 0.0073637682344054782 -0.0045291922156007244 -0.001200337451295603 0.0022719363977313561 0.0059301451884511596 -0.0048004086820624802 -0.001704875440085617 0.0064225295136612409 0.0055304259498388597 -0.0049585538386051212 0.00051663420883097007 0.0010759555206269896 -0.004325217747209573 0.0069816803820685917 0.0039774228577882011 0.0053421194621999001 0.0053840591230010053 0.0035514093849030952 -0.0026297773050736103
leaf_weight=76.768749620765448 26.207118086516857 20.899318724870682 12.595226787030695 21.961590580642223 10.351282849907877 15.113941803574564 13.698267932981251 12.2010734193027 16.075682163238525 9.2303328514099103 39.083743005990982 27.094050072133541 36.602152273058891 13.60342302918434 67.469281561672688 894.76262827962637 42.784203164279461 36.912910744547844 21.6265789270401 16.509367279708385 53.983429186046124 12.321916446089743 24.407175168395042 277.70556086301804
leaf_count=781 129 142 111 208 95 138 143 120 132 88 350 220 249 98 462 6220 301 245 163 125 361 81 175 2021
internal_value=1.97336e-05 0.000257285 -0.00160414 0.00148446 -0.000671854 -0.00265508 0.00177851 0.00391519 -0.00358428 -0.00125948 -0.0027115 0.000158477 0.00302504 2.91268e-05 0.000378272 0.000152914 -0.0026397 0.000483831 0.000691409 -0.00111525 0.00344345 -0.00143619 -0.00174833 -0.00222114
internal_weight=1799.97 1572.89 227.08 57.1092 44.5139 169.971 28.8122 22.5524 141.159 64.3898 55.1594 1546.68 63.6962 1482.99 1138.44 1063.56 110.253 953.302 916.389 344.547 74.8827 330.944 318.622 294.215
internal_count=13158 10992 2166 534 423 1632 281 215 1351 570 482 10863 469 10394 7894 7391 763 6628 6383 2500 503 2402 2321 2146
is_linear=0
shrinkage=0.01


Tree=310
num_leaves=25
num_cat=0
split_feature=114 187 76 283 156 36 114 64 111 204 206 272 181 292 277 29 224 42 83 274 177 304 210 269
split_gain=5.75458 8.5511 8.8778 9.01876 11.2602 11.4223 7.8916 10.7327 9.47709 8.23491 10.5313 9.0356 8.50974 9.60946 12.4997 8.36395 7.8589 9.41431 8.67823 7.76089 9.52779 9.07752 7.85517 7.49708
threshold=0.97490369833359791 0.088932806324110686 1.0206999065000713 -0.0067773643838133285 0.095119142636065107 0.01685866949618205 0.72439208681671763 0.77526573246511765 1.1480148805640245 0.16740412979351035 125.50000000000001 0.011981954606450724 0.12124780628186611 -0.0073626692278718157 0.010126615621808504 0.34741021888909218 2.2161746517178531 119.50000000000001 2.4865188095487381 6.3744099895970656 7.5453627609280574 -0.061030612578617242 0.046620299934796793 1.9515346069527093
decision_type=8 8 10 10 10 2 10 8 8 2 2 2 2 2 10 2 2 2 10 2 10 2 2 2
left_child=1 2 6 4 -4 -6 7 -1 -9 11 12 -8 13 -11 -15 -14 18 -18 -2 21 -21 -5 -22 -16
right_child=16 -3 3 19 5 -7 9 8 -10 10 -12 -13 15 14 23 -17 17 -19 -20 20 22 -23 -24 -25
leaf_value=0.00017622023293935687 0.0021260313949141704 0.0062836520136627183 -0.0038960239349636046 0.0019282452149753577 -0.00024491607019989361 0.011140275747522811 0.0018130469323561407 0.0036906529852413785 -0.0032216839950376204 -0.00043671455684406261 -0.0037211253204298411 -0.0061597615528303567 0.0077129371282232111 0.0077417373104482316 -0.0010633365171167546 -0.00041245746333272687 -0.0014119698304478879 0.0032023560986252624 0.010227743379771987 -0.0016677118986074596 -0.0011958175056000545 -0.0044735349916868129 0.010878981040708106 0.0060536121535858601
leaf_weight=596.18581568449736 75.004932977259159 16.861744500696659 17.723852373659611 23.694910988211632 17.100765369832519 14.728758089244364 25.398371390998363 19.74387975782156 179.38535803556442 121.81418833136559 28.164580605924129 26.447563983500004 45.91069408506155 41.530027791857719 51.878013879060745 16.428615257143974 128.92375623062253 63.68160966783762 14.087789274752138 83.235803812742233 8.3025086559355277 163.10210052132607 9.7227609828114492 17.464327335357666
leaf_count=3994 518 118 152 187 147 114 181 151 1505 792 178 181 290 250 327 111 1005 429 79 793 86 1437 91 101
internal_value=-1.66348e-05 -0.000260357 -0.000345876 -0.00176727 0.00207471 0.00547538 6.65794e-05 -0.000496322 -0.00248905 0.00125772 0.00185403 -0.00234425 0.00242006 0.00149787 0.00359007 0.00563145 0.00128851 0.000132875 0.00369453 -0.00244547 -0.000194047 -0.00363943 0.00586318 0.000882796
internal_weight=1806.52 1524.82 1507.96 337.611 49.5534 31.8295 1170.35 795.315 199.129 375.036 323.19 51.8459 295.026 232.687 110.872 62.3393 281.698 192.605 89.0927 288.058 101.261 186.797 18.0253 69.3423
internal_count=13217 11186 11068 3007 413 261 8061 5650 1656 2411 2049 362 1871 1470 678 401 2031 1434 597 2594 970 1624 177 428
is_linear=0
shrinkage=0.01


Tree=311
num_leaves=25
num_cat=0
split_feature=153 153 20 153 316 316 105 5 105 151 263 5 225 316 304 21 143 197 304 278 311 197 217 317
split_gain=6.47961 12.3164 7.78758 5.71041 6.7848 8.01265 7.58762 6.78896 6.68531 11.0222 8.78211 8.70076 11.861 8.68361 10.0725 8.24603 6.98669 8.93141 6.75213 10.9368 11.1323 10.7871 7.96504 12.9599
threshold=0.049443833272216117 0.045084975438992723 1.1929571380128337 0.01564247762863535 -0.042285624986046912 -0.0092471338560295626 1.1601474030460397 -2.1487135621173485 1.0021833205719421 0.083200212992545278 0.040125876117130393 -1.8289774842613642 0.66635572139303489 -0.033961189055528675 0.011952932338808011 0.22120453928176353 0.017807929568638112 -0.46749549811437924 -0.0054910345193872603 -0.0024198435958319542 -0.79164880806321258 -0.4530296854678027 0.78304382549665574 0.0089145472885443517
decision_type=10 10 10 10 2 2 10 2 10 10 8 2 2 2 2 8 10 10 2 8 2 10 2 2
left_child=1 2 3 8 -5 -6 7 -7 9 18 -10 12 15 -11 16 -12 17 -15 22 20 -20 -21 23 -1
right_child=-2 -3 -4 4 5 6 -8 -9 10 13 11 -13 -14 14 -16 -17 -18 -19 19 21 -22 -23 -24 -25
leaf_value=-0.00063355372649819832 -0.0025038995596600951 0.008951449482768957 0.0057762477291815485 0.002433809085461423 -0.0051998906268863098 0.00012362168955583084 0.0044567722824498156 -0.0070713391420507456 -0.0043389468535078328 -0.0083491017859704027 0.004409428960024395 -0.00037320083004823459 0.0064255319198613901 -0.0063869061316069869 -0.0050122721380630167 -0.0048537131408610415 0.0056755863954836821 0.0018361972040013327 0.0088928968907623588 -0.0028220800315165401 0.0018801880369280542 0.0010246234979420104 -0.0025387233567009245 0.0036348147925101743
leaf_weight=336.28978490829468 82.893749926239252 13.513031385838984 22.103747509419918 31.296793576329947 59.999529771506786 38.518421676009893 20.613695994019508 16.766197942197323 16.493965834379196 19.291834652423859 14.985501766204832 56.549418859183788 79.091395676136017 17.259958785027266 44.789666496217251 17.99968146532774 18.876420974731445 35.781793892383575 22.338047906756401 101.04740860313177 275.8368573486805 241.40227385237813 130.51422138512135 87.145478904247284
leaf_count=2258 825 109 140 253 553 376 154 170 99 166 79 372 481 157 417 114 161 312 148 733 1892 1687 948 562
internal_value=0.000178398 0.000312287 0.000228451 0.000145374 -0.00159178 -0.002557 -0.000342675 -0.00227994 0.000340283 8.99131e-05 0.00210592 0.00280365 0.00438495 -0.00257652 -0.00143816 -0.000601228 0.000880094 -0.00101018 0.000399717 0.00109713 0.00248787 -0.000121384 -0.000406483 0.000260898
internal_weight=1801.4 1718.51 1704.99 1682.89 167.195 135.898 75.8983 55.2846 1515.69 1330.57 185.12 168.626 112.077 136 116.708 32.9852 71.9182 53.0418 1194.57 640.625 298.175 342.45 553.949 423.435
internal_count=13166 12341 12232 12092 1506 1253 700 546 10586 9441 1145 1046 674 1213 1047 193 630 469 8228 4460 2040 2420 3768 2820
is_linear=0
shrinkage=0.01


Tree=312
num_leaves=25
num_cat=0
split_feature=235 73 174 278 88 88 11 274 13 193 238 255 165 73 141 109 302 150 157 192 254 244 123 287
split_gain=4.98474 5.37276 10.1382 11.0111 9.94046 9.72092 9.21129 9.13393 8.60164 8.82818 7.44603 13.6909 7.30139 6.98962 8.56214 7.36801 6.90611 6.24767 8.22515 8.1285 9.07252 9.7544 9.47174 8.93422
threshold=0.033021954056411749 315.53479370826329 62.015555555555558 -0.0068236104838221524 0.71314605644686357 0.63577389684365049 0.49322738183345821 5.6583843803612401 0.7337148408213664 0.75072254335260125 -0.60876689625400193 146.50000000000003 178.94515046296297 396.01148510956449 0.0018752934267140958 1.1330790905840791 -0.0012908432919367834 0.048826334128002941 0.34490796559762082 -0.075853457202238989 97.500000000000014 0.0048611111111111121 -0.15115124594740134 0.018395734440993766
decision_type=2 2 10 8 10 10 10 2 10 10 2 2 2 2 2 10 2 10 8 10 2 2 10 2
left_child=1 17 3 -3 5 6 7 8 -4 16 -6 -12 -5 15 -15 -14 -10 19 -19 -1 21 -21 -22 -23
right_child=-2 2 4 12 10 -7 -8 -9 9 -11 11 -13 13 14 -16 -17 -18 18 -20 20 22 23 -24 -25
leaf_value=-0.0020582805706702506 0.0057166037795379418 0.0063008667437147413 0.0071141232701097713 -0.0052777820693421188 -0.0035937621467421184 0.010764904553189094 -0.0017505137109657914 0.0064150662637465295 -0.0021653108330209783 -0.0050169219144750926 -0.0016892205228619818 0.0076858109975395652 -0.0012357685822576602 0.0044503394138758305 -0.0031957254422034804 0.0060244319091681707 0.0071653654861262486 -0.00063919646743610097 -0.0050307134582323037 0.0069070369002570417 0.0047363311428608654 -0.00019990734258122016 -0.0028997810977932537 0.0034235471980441556
leaf_weight=95.201088324189186 12.502887420356272 17.073271751403809 15.075097709894179 37.857808366417885 40.393635965883732 14.260133571922777 34.912928365170956 66.765352606773376 12.819826483726501 24.055586285889149 40.362785205245018 21.659861072897911 26.041419111192226 14.807389803230761 87.575981743633747 25.066432848572731 14.025005348026752 759.73041475191712 42.570615652948618 33.13172559440136 17.358876198530197 159.84547984600067 81.453861802816391 114.6545559540391
leaf_count=635 86 110 89 282 279 97 297 460 82 162 297 144 182 94 650 170 86 6102 369 210 94 1020 515 701
internal_value=4.08758e-05 -7.01989e-06 0.000878993 -0.000787115 0.00209952 0.0034856 0.00269149 0.00387945 0.00113993 -0.000893129 -0.00038048 0.0017624 -0.00150766 -0.00049232 -0.00199001 0.00243606 0.00289461 -0.000343794 -0.000890394 0.000528492 0.00114694 0.00199112 -0.00145351 0.00132947
internal_weight=1809.2 1796.7 492.753 208.422 284.33 181.914 167.654 132.741 65.9755 50.9004 102.416 62.0226 191.349 153.491 102.383 51.1079 26.8448 1303.95 802.301 501.646 406.444 307.632 98.8127 274.5
internal_count=13213 13127 3481 1488 1993 1273 1176 879 419 330 720 441 1378 1096 744 352 168 9646 6471 3175 2540 1931 609 1721
is_linear=0
shrinkage=0.01


Tree=313
num_leaves=25
num_cat=0
split_feature=294 149 162 120 102 105 83 20 35 87 220 29 127 319 129 240 149 165 77 149 30 219 187 97
split_gain=6.17421 9.07378 9.18549 8.11959 6.92698 10.6717 9.3338 9.16669 9.51649 8.51412 6.86816 6.83512 6.79519 6.75342 6.67111 7.35743 6.45625 7.33244 8.75669 6.4175 6.11761 5.9626 7.57425 13.0055
threshold=-0.1333807416772019 0.26401991614255771 0.0028943620675211533 0.98530408668186398 0.64910327237399745 1.1601474030460397 2.3931388519783376 0.8414420385436121 0.0056353906981914037 3.1248477774675192 0.11217977528089888 0.30325869686197465 0.7409147670475168 -0.065755004964798636 0.89956871821875861 0.59115194008998528 0.14658413274565726 179.71789351851854 4.0739233855681709 0.24452438049560354 0.016849630916943411 0.03468323977546111 0.037951893993950749 0.19987905596450153
decision_type=2 10 8 10 8 10 10 10 2 8 2 2 10 2 8 2 8 2 10 10 2 2 8 10
left_child=3 4 -3 11 5 10 12 -6 16 -8 -2 14 -7 -11 -1 -16 -9 18 -18 21 -4 22 -12 -24
right_child=1 2 20 -5 7 6 9 8 -10 13 19 -13 -14 -15 15 -17 17 -19 -20 -21 -22 -23 23 -25
leaf_value=0.00047198731873079338 -0.004121547091729222 -0.00089187452000974129 0.010986788531599217 -0.00087945552315087626 -0.0032866394344705013 0.0028352724529684199 0.00067482470648143962 -0.0056826074380738265 0.0062806035956557262 0.0032702984804931245 4.5568110173577158e-05 -0.00029150155891971287 -0.0052478264648519171 0.013299153366409321 0.012953443499165796 0.0037408812559609843 -0.0010470398697886574 -0.0052253529893220799 0.0087362701303067211 -0.0051260047778005991 0.0023612965598125398 -0.0042684770965968431 -0.00072707334524871304 0.011141378573640741
leaf_weight=16.751237474381924 39.48236770927906 24.914448484778404 15.683346681296824 51.5705596357584 145.66844237223268 23.511006914079189 19.41657605022192 18.46567464619875 20.60732463747263 14.824288956820967 1171.2300693392754 24.122421510517597 14.325968414545057 15.803366497159002 15.743357807397841 23.510774977505207 19.19781918078661 11.067140460014341 13.521523155272005 21.351843819022179 19.093469806015491 27.970577739179134 19.456714041531086 13.960323259234427
leaf_count=104 315 206 100 405 1396 146 110 175 157 86 8298 158 95 96 95 157 143 85 103 173 139 202 138 92
internal_value=0.000115602 -4.97901e-05 0.00368702 0.00217659 -0.000195222 7.21537e-05 0.0033882 -0.00179678 0.00083275 0.00610302 -0.0001593 0.00411843 -0.000353081 0.00916473 0.00595741 0.00808444 -0.0011505 0.000968857 0.00334246 -2.47084e-05 0.00681389 7.44223e-05 0.0001859 0.00468763
internal_weight=1801.25 1669.55 59.6913 131.698 1609.86 1381.33 87.8812 228.528 82.8595 50.0442 1293.45 80.1278 37.837 30.6277 56.0054 39.2541 62.2522 43.7865 32.7193 1253.97 34.7768 1232.62 1204.65 33.417
internal_count=13174 12255 445 919 11810 9751 533 2059 663 292 9218 514 241 182 356 252 506 331 246 8903 239 8730 8528 230
is_linear=0
shrinkage=0.01


Tree=314
num_leaves=25
num_cat=0
split_feature=73 174 278 276 314 120 94 73 255 179 71 307 161 268 158 137 213 199 85 15 314 317 89 91
split_gain=6.5138 10.7608 9.96054 7.45448 9.68006 7.78058 7.4128 6.74658 6.12317 12.4584 7.47714 8.01598 10.9044 9.70997 7.93934 7.02588 7.44471 7.85674 6.82316 6.23465 5.35132 11.3696 6.62199 12.3329
threshold=315.53479370826329 62.015555555555558 -0.0068236104838221524 8.0362276959391412 -0.0012894911872297968 0.76020434960608696 0.45438319374378938 381.74999751422342 125.50000000000001 2.4875383670963784 1.6218488921715706 -0.0041489980275007518 0.054696047592997822 0.3930955305073211 0.22172447351787383 0.19671165691556125 -0.20735239483413884 -0.19799883041965458 228.40636684872831 -0.9991735941202079 0.086798536075287577 0.012512166677880196 3.8266246238622945 71.972562965906391
decision_type=2 10 8 2 2 10 10 2 2 2 10 2 10 2 10 2 2 2 2 2 2 2 10 2
left_child=20 2 -2 -4 5 -5 -3 -7 9 -8 -10 14 13 -13 -12 18 17 -17 -11 -16 22 -22 23 -1
right_child=1 6 3 4 -6 7 8 -9 10 15 11 12 -14 -15 19 16 -18 -19 -20 -21 21 -23 -24 -25
leaf_value=-0.00049578872499188233 0.0058599431996817618 0.0067920349302823396 -0.0033189586655320252 0.0041701412777339457 0.0064065527522753534 0.0020859019402547641 0.0061514440905381385 -0.0053786195650540568 -0.0023722001393732322 -0.0058082450389050511 0.0070948609658735571 0.012703678944439321 -0.0015301721039407521 0.0031514234110036426 -0.0060080900506122893 -0.00064395766847268499 -0.0052414653739779457 0.0082175809842194546 0.0024272161685698528 0.0017557471083787491 0.0084919563599692646 -0.00049206716300490157 -0.003159141729980003 0.007653804559365979
leaf_weight=1146.9827305227518 17.499152667820454 28.711618095636368 100.91587309539318 17.290427051484585 19.162042640149593 15.542122878134249 23.290583066642284 35.935678839683533 19.160576544702053 41.365168109536171 12.81304709613323 24.429080978035927 12.245113134384153 22.06226509064436 13.985587194561953 21.289226330816742 10.80770632624626 15.134041607379915 11.082643710076807 24.220697626471523 17.866696305572987 42.590937990695238 88.887610718607903 16.027943320572376
leaf_count=8456 111 179 723 106 140 117 174 281 149 324 84 148 88 156 89 155 81 109 71 163 117 294 739 112
internal_value=-6.02433e-05 0.000923614 -0.000800495 -0.00150063 0.000613647 -0.00117651 0.00219037 -0.00311511 0.00159198 -4.58493e-06 0.00308984 0.00408813 0.00652548 0.00863363 0.00106721 -0.00158342 0.00117055 0.00334043 -0.00401446 -0.00128072 -0.000427273 0.00240889 -0.000570188 -0.000364235
internal_weight=1799.3 486.943 206.345 188.846 87.9303 68.7682 280.597 51.4778 251.886 122.969 128.916 109.756 58.7365 46.4913 51.0193 99.6788 47.231 36.4233 52.4478 38.2063 1312.36 60.4576 1251.9 1163.01
internal_count=13166 3448 1478 1367 644 504 1970 398 1791 914 877 728 392 304 336 740 345 264 395 252 9718 411 9307 8568
is_linear=0
shrinkage=0.01


Tree=315
num_leaves=25
num_cat=0
split_feature=270 239 271 314 270 69 173 27 316 184 186 271 64 120 311 323 221 209 177 214 237 224 109 126
split_gain=6.03186 8.72734 7.61713 9.07969 7.36632 7.18771 7.41193 7.06917 10.2194 8.05184 9.69636 6.47074 8.50296 10.8503 9.46052 7.35725 8.48024 6.6191 6.49194 9.67651 8.98001 6.47022 14.9244 11.3404
threshold=0.09212004730928447 1.3973778411931259 0.13733715287959605 -0.0073973617201351233 0.044179664164759193 0.31959780962330558 1.0000000180025095e-35 0.71396646091768057 0.021500388456218149 0.81305779948351009 0.047458172458172465 0.190819817369449 0.70070998067849144 1.0724955392208038 -0.42718901331244397 290.50000000000006 -0.41398394462896027 0.74206149193548399 7.3149118704782827 93.500000000000014 -0.21268889364544619 2.1282544752056571 1.7493722087951846 0.21919271126943149
decision_type=2 10 2 2 2 10 10 2 2 8 8 2 10 10 2 2 2 2 10 2 2 2 10 10
left_child=1 2 5 -4 -3 21 -7 -5 9 -9 -11 12 -2 18 -15 17 -17 -13 19 20 -14 22 -1 -24
right_child=11 4 3 7 -6 6 -8 8 -10 10 -12 15 13 14 -16 16 -18 -19 -20 -21 -22 -23 23 -25
leaf_value=0.00010451114022570559 -0.0049541961617928431 -0.0011677521814857227 0.0077656388057322839 -0.0015333801365512135 0.0083559517836986862 0.0088566334650769449 -0.00074340283945077137 0.0080135165806912642 -0.0020651066111731708 0.0065177821465073607 -0.0032227039384228745 0.0023270969136020563 -0.0037619910307405643 0.00028823722290229027 -0.0060009215687306982 -0.0025526361358877438 0.005640240858663651 -0.005577680909983459 -0.0012385272032696347 0.009838955135267894 0.0041824381539061102 -0.0010217109058083215 -0.0011785574654842674 0.0099766942668243104
leaf_weight=642.71459957584739 62.521646469831467 10.958223208785055 22.326656632125378 56.290422514081001 21.626491121947765 15.307272568345072 13.389457210898398 35.229825116693974 28.572183579206467 15.846893630921839 19.803145810961723 16.709432721138 21.110507421195507 40.40418016910553 53.904189631342888 15.48674278706312 41.90976595133543 20.894265986979008 62.999776102602482 13.705968327820299 32.280288182199001 495.83828681334853 12.544575475156305 24.818329989910126
leaf_count=4679 425 103 118 329 176 115 103 205 163 89 116 91 144 316 448 91 235 132 442 93 216 4081 87 148
internal_value=8.30236e-05 0.000384708 0.000257828 0.0021712 0.00528779 -2.86175e-05 0.00468184 0.0012381 0.00281567 0.00480062 0.00124228 -0.00102686 -0.00177325 -0.000831716 -0.00336643 0.00120317 0.00339673 -0.00212342 0.0010308 0.00313976 0.000991916 -0.000155432 0.000476307 0.00638754
internal_weight=1797.19 1415.27 1382.68 178.069 32.5847 1204.61 28.6967 155.742 99.452 70.8799 35.65 381.927 286.927 224.405 94.3084 95.0002 57.3965 37.6037 130.097 67.0968 53.3908 1175.92 680.078 37.3629
internal_count=13145 10512 10233 1020 279 9213 218 902 573 410 205 2633 2084 1659 764 549 326 223 895 453 360 8995 4914 235
is_linear=0
shrinkage=0.01


Tree=316
num_leaves=25
num_cat=0
split_feature=321 40 314 121 239 232 301 289 172 21 300 271 106 212 239 131 197 107 209 274 71 152 245 160
split_gain=6.10272 9.98291 10.1022 15.9828 10.0664 9.7953 12.6489 10.1446 8.23169 7.7378 7.26955 7.22506 10.5451 13.4424 10.1961 9.56696 10.1413 7.20734 7.08387 8.69079 6.80841 10.9854 10.1244 7.1648
threshold=4.5000000000000009 0.0081348080922669704 -0.0091701073840176912 -1.522365921853267 0.78707693376276178 1.8353839705547534 0.83937661710629474 -0.15902350911247706 5.1713194444444452 -0.28790201426376855 0.33581412737141819 0.061599475623623334 0.58960696118975087 0.18198715782358907 0.46061053363135368 1.9195226528865932 -0.26252471175324293 -0.53477087761862963 0.78287061288632798 5.5550049851167715 1.7047496219001987 0.005305077113587753 -1.1008198538207679 0.057584738054814462
decision_type=2 2 2 10 10 2 2 2 10 10 2 2 10 2 10 8 10 10 2 2 10 10 2 10
left_child=-1 4 -3 -4 5 6 7 -2 10 -10 -8 14 -13 -14 -7 -15 -17 -9 19 -5 22 -22 -6 -23
right_child=1 2 3 18 20 11 8 17 9 -11 -12 12 13 15 -16 16 -18 -19 -20 -21 21 23 -24 -25
leaf_value=0.00080720194414623343 0.0053872129045637006 -0.00019494550406798313 0.010799946590296813 0.0088273935782865152 0.0056251244667980616 0.0030301511564314295 0.010085691135014563 -0.0051323297826852731 -0.0041534016549639461 0.0046473760696887148 0.00054714481732766925 -0.0038176193745754977 0.0077168154915257334 0.0049298213995347543 -0.0073583176390993781 -0.0052055518955435491 0.0033863932773734243 -0.00079210058896091065 -0.0029753956422954742 -0.0014043740043661738 0.0080727370569647367 -0.0039359251488893278 -0.002616839748405216 0.0011790286937459525
leaf_weight=630.50244295597076 16.024511925876141 114.55508152395487 23.538101352751255 15.024931393563749 14.349889062345026 9.4630744084715825 20.223625861108303 57.705461010336876 18.891806870698929 15.641954950988291 13.104052834212778 136.744414024055 17.511917538940907 16.504245102405548 56.508662022650242 50.017795361578465 16.200229845941067 109.42370130121708 21.703187011182308 13.975228637456892 18.608659066259861 27.875283900648355 112.43397710472345 249.24717433005571
leaf_count=4557 101 815 146 91 89 82 126 417 122 116 82 985 124 99 525 361 112 749 167 100 103 221 903 1929
internal_value=1.624e-05 -0.000411787 0.00167526 0.00447496 -0.000820026 -0.00170364 -0.000232585 -0.0016024 0.00336601 -8.98412e-05 0.00670069 -0.00290573 -0.00203953 0.000414791 -0.00578993 -0.00132406 -0.00303608 -0.00235734 0.00110268 0.00417953 0.000339762 0.0011705 -0.00157337 0.000626202
internal_weight=1795.78 1165.28 188.797 74.2414 976.48 553.965 251.015 183.154 67.8614 34.5338 33.3277 302.95 236.979 100.234 65.9717 82.7223 66.218 167.129 50.7033 29.0002 422.515 295.731 126.784 277.122
internal_count=13122 8565 1319 504 7246 4001 1713 1267 446 238 208 2288 1681 696 607 572 473 1166 358 191 3245 2253 992 2150
is_linear=0
shrinkage=0.01


Tree=317
num_leaves=25
num_cat=0
split_feature=294 237 284 39 241 201 119 235 66 156 157 200 305 221 214 188 277 210 105 103 127 12 102 235
split_gain=5.54763 9.35284 7.9546 6.43922 7.75856 12.0851 9.44189 14.7966 12.0455 11.8191 11.0882 10.0165 9.5774 11.2984 8.4119 8.13742 9.72981 7.90432 8.70749 12.4759 10.4447 9.03738 7.67768 7.36381
threshold=-0.1333807416772019 -0.015369730000126107 -0.14348368769091588 0.098480875396819378 0.81666666666666676 0.8097619047619049 -0.045626134209986811 0.0079470338091027753 18.563779427808644 0.20363478732690088 0.37857189510466677 2.3390043954803783 0.39393939393805105 -0.3114202128349074 72.500000000000014 0.33253205128205132 -0.030491487474691027 0.079042029534267325 0.93544260628691212 1.9624454398882545 1.1636895405847476 0.74983905818979768 0.1367016227407982 0.0030627943190559281
decision_type=2 2 8 2 2 2 8 2 2 10 10 2 2 2 2 10 8 2 8 10 10 2 10 2
left_child=1 -1 -2 4 17 -6 7 10 15 -9 14 12 -10 -14 -7 -8 -17 18 23 20 22 -21 -20 -4
right_child=2 -3 3 -5 5 6 8 9 11 -11 -12 -13 13 -15 -16 16 -18 -19 19 21 -22 -23 -24 -25
leaf_value=0.0030965662197195284 -0.0038036518343560646 -0.0045138909358248928 -0.0016146146274647766 -0.0015898969465050802 -0.0032656317917004007 -0.0016197893820399925 -0.0049543123216911587 0.0036015247088518887 -0.0010329756408422417 -0.0061974006064785103 0.0098075676228355536 -0.0036151799855101072 0.0013725033926852365 0.011986033931564504 0.0058631978839495226 -0.0057154907719206196 0.0050249987566291796 0.0022835259417742474 0.00036519308951914143 -0.0038755854191912737 -0.002909701208724262 0.00278494836487389 0.0063308675975328249 0.00083261808614210791
leaf_weight=116.98355899751186 50.495888389647007 16.009553149342537 255.42554675415158 190.73288260400295 129.86868230998516 28.611702345311642 77.030960034579039 18.813948802649975 25.787950500845909 26.123540833592415 27.152253016829491 23.813338693231344 22.036826446652412 17.398911651223898 26.417439803481102 10.713949508965014 19.538443394005302 274.91383102163672 29.361563540995121 46.861568041145802 18.030846945941448 31.774543710052967 86.890135258436203 231.64493152871728
leaf_count=808 374 119 1952 1320 947 196 721 123 213 180 163 222 185 131 166 90 159 1878 177 412 131 283 555 1664
internal_value=0.000154336 0.00209776 -3.17975e-06 0.000121191 0.000353109 -0.000723577 0.000313566 0.0024103 -0.00105403 -0.00210353 0.00487821 0.00163035 0.0036313 0.00656975 0.00206652 -0.00327562 0.00102661 0.000855425 0.000286152 0.00195996 0.00378568 -0.00116859 0.00487725 -0.000450598
internal_weight=1802.43 132.993 1669.44 1618.94 1428.21 453.308 323.439 127.119 196.32 44.9375 82.1814 89.037 65.2237 39.4357 55.0291 107.283 30.2524 974.903 699.989 212.919 134.283 78.6361 116.252 487.07
internal_count=13169 927 12242 11868 10548 3496 2549 828 1721 303 525 751 529 316 362 970 249 7052 5174 1558 863 695 732 3616
is_linear=0
shrinkage=0.01


Tree=318
num_leaves=25
num_cat=0
split_feature=115 18 29 28 107 293 39 306 112 309 133 155 88 217 135 315 224 114 134 259 165 292 141 184
split_gain=5.5807 11.4787 10.5001 9.46533 9.27554 7.76965 11.3339 8.07266 7.10193 7.09739 6.96692 7.35237 11.5779 7.23849 9.14509 9.43884 9.25562 9.07002 8.22091 11.3812 17.437 8.12845 7.76232 11.2197
threshold=-0.45884382004409979 0.14086575390157199 0.29048949188613998 0.23289134761737504 0.71313521734210406 -0.0035056994500261159 0.048279561935770314 0.87209419935404731 47.500000000000007 0.018712700242754458 0.010232048578393984 0.0019920397773042389 0.62245293337194718 0.77363455809334669 0.11178104515769451 -0.10822778297523582 1.9766226670162095 0.48196944355420329 0.10644592723152463 -0.66317459711371696 179.86781250000004 0.044777833925910726 0.071947728161083482 2.0641014522722529
decision_type=10 10 2 2 8 2 2 2 2 2 2 10 10 2 2 2 2 10 2 10 2 2 2 8
left_child=10 -2 5 4 9 8 7 -7 -3 -4 11 -1 -13 22 -15 16 17 -16 -19 -20 21 -21 23 -12
right_child=1 2 3 -5 -6 6 -8 -9 -10 -11 13 12 -14 14 15 -17 -18 18 19 20 -22 -23 -24 -25
leaf_value=0.0001176537488583585 0.0067244098479750268 -0.0039779941335783362 -0.0049497480259508208 -0.0057647687988296612 0.0073514315809743323 -0.004158597338956297 0.0064763647598998081 0.0045146792266561441 0.0033973125755250222 0.0040063136429075198 0.00051170811408382641 -0.0052646961631850047 0.0014567557585122917 0.0052378828085270432 -0.0033852994155664246 -0.004504794529897653 -0.0023857701014634736 -0.0027251208192354071 0.00024729885263048435 0.0035633602149815671 0.011691545002176512 -0.0051508466805821451 -0.0024788829869534863 0.0040068895653164295
leaf_weight=110.47761133685708 32.376701556146145 29.365038640797138 22.75454393774271 37.237652912735939 12.394044019281862 22.047908246517181 58.119928359985352 16.011013455688953 19.160594187676907 10.866396345198153 579.4809832572937 88.697707552462816 33.851108998060226 21.635302606970072 47.085319384932518 64.947910744696856 166.32851823419333 40.66615941375494 137.47482502087951 47.092282317578793 23.541214738041162 10.888950623571871 64.792417701333761 106.82331527769566
leaf_count=866 216 222 176 289 88 179 411 128 128 80 3892 724 257 184 316 512 1377 319 911 341 162 88 550 783
internal_value=5.95813e-05 0.00140608 0.000572882 -0.00220471 0.000823253 0.00218944 0.00380137 -0.000424994 -0.00101932 -0.00194081 -0.000168996 -0.00175148 -0.00340906 0.000114748 -0.000743095 -0.00101172 -0.000506012 0.000522523 0.00126395 0.00203465 0.00492696 0.00174609 0.00075568 0.00107147
internal_weight=1804.12 260.334 227.957 83.2526 46.015 144.704 96.1789 38.0589 48.5256 33.6209 1543.78 233.026 122.549 1310.76 559.66 538.025 473.077 306.749 259.663 218.997 81.5224 57.9812 751.097 686.304
internal_count=13199 1917 1701 633 344 1068 718 307 350 256 11282 1847 981 9435 4210 4026 3514 2137 1821 1502 591 429 5225 4675
is_linear=0
shrinkage=0.01


Tree=319
num_leaves=25
num_cat=0
split_feature=193 102 157 193 191 39 301 31 200 309 158 274 63 131 93 199 170 15 188 176 4 145 301 152
split_gain=5.45968 12.8275 9.10914 7.69202 12.4902 7.2938 9.74953 7.06693 8.18338 5.92772 7.28036 5.4933 7.68486 5.32948 5.23834 9.38337 7.5032 9.09819 10.437 6.57317 11.632 10.2516 8.62342 7.64936
threshold=0.48212005108556838 0.20968943917098021 0.16459555418338997 0.59476565172767715 0.46769327171954295 0.11193894609148472 0.61390616152441968 0.043907846539425498 3.9176731737376103 -0.027379396813797415 0.23900905046786319 5.4106017250547902 0.01672142530305714 0.37530696854581952 -0.0092618887277797612 0.42403205787672904 1.5882648793424561 -0.36632617057825645 0.41213235294117651 11.721009879432374 -359.61008248421024 0.019055871915490637 0.51261780019738634 0.055629236663719432
decision_type=8 10 8 10 10 2 2 2 2 2 10 2 8 8 8 2 8 2 10 2 2 10 2 8
left_child=1 -1 -3 4 9 7 -7 8 13 10 -2 12 -12 -5 15 19 -16 18 -18 20 -15 -22 -23 -21
right_child=3 2 -4 5 -6 6 -8 -9 -10 -11 11 -13 -14 14 16 -17 17 -19 -20 23 21 22 -24 -25
leaf_value=0.0066866878378961415 0.002777654953281734 0.0028109231270472012 -0.0065322921051204031 0.0048548165117750916 0.0049660532061353005 0.0035553854831667309 -0.0042217287735415885 -0.0046203005507671384 0.007806201418225015 -0.0046406704785702212 -0.0055519278729768504 -0.0077877880811810145 0.0038334268850658856 -0.0047452256581461301 -0.0025960056024929069 -0.0062627424657187691 0.01381840100923023 -4.8705941202124216e-05 0.0023883651578137533 0.00029655252787122075 -0.0037905094249710276 0.000525905454372515 0.0061552053064934621 -0.0018698932119049852
leaf_weight=35.627163864672184 30.61828638613224 20.399715960025787 16.208987727761269 22.537458300590519 19.9295304864645 18.046967536211014 72.256292931735516 25.866723585873842 11.899915017187594 90.133856423199177 13.602478243410587 14.595066875219343 15.73430373519659 18.900493420660496 17.997558996081352 20.107466533780098 12.990585103631018 25.865951396524906 19.667969606816769 943.72396276518703 16.233594637364149 43.181044444441795 75.572241351008415 193.99283752590418
leaf_count=213 203 150 130 133 150 123 503 265 97 652 89 117 110 124 145 180 98 199 141 6554 140 308 525 1784
internal_value=-5.49086e-07 0.00263879 -0.00147278 -0.000115918 -0.00202881 0.00011623 -0.00259561 0.000290733 0.000389762 -0.00295118 -0.00080012 -0.00333251 -0.000592798 0.00031093 0.000226673 7.47742e-05 0.00272186 0.00441815 0.00770523 0.000187742 0.00210794 0.00315285 0.00417669 -7.57005e-05
internal_weight=1795.69 72.2359 36.6087 1723.45 184.614 1538.84 90.3033 1448.54 1422.67 164.684 74.5501 43.9318 29.3368 1410.77 1388.23 1311.71 76.5221 58.5245 32.6586 1291.6 153.887 134.987 118.753 1137.72
internal_count=13133 493 280 12640 1321 11319 626 10693 10428 1171 519 316 199 10331 10198 9615 583 438 239 9435 1097 973 833 8338
is_linear=0
shrinkage=0.01


Tree=320
num_leaves=25
num_cat=0
split_feature=320 189 233 197 33 267 191 291 308 19 268 213 213 315 147 319 185 189 298 220 113 273 106 87
split_gain=5.29355 11.2609 11.5826 10.1116 9.01033 11.8773 7.30424 7.14329 8.3057 11.223 9.30534 7.32132 10.7313 10.4881 7.68121 9.14944 8.57713 10.1059 9.56373 7.94582 11.4238 10.9863 7.7255 8.16003
threshold=-0.31441403303167748 -0.88632125692333841 0.76197221098070966 -0.75547235888168818 0.045962033123485437 0.9496362114356417 -0.84788952472046952 0.36515182169387733 -0.00252452768335504 0.55671094291685053 0.36300309461033137 -0.37904380120578157 -0.36201324479048519 -0.34817711011514563 0.17396632566069908 -0.14889910101627887 0.66794871794871802 -0.3077399930609796 -0.0046601948775861811 0.45109995217599241 0.22906526853870171 4.1613749440329322 0.57237664625612228 2.6615608046394423
decision_type=2 8 2 8 2 2 8 2 2 8 2 2 2 2 10 2 8 10 2 2 8 10 8 10
left_child=6 2 -2 4 5 -3 -1 8 -5 10 -10 -9 13 -13 15 -14 18 -18 -17 20 21 -19 23 -20
right_child=1 3 -4 7 -6 -7 -8 11 9 -11 -12 12 14 -15 -16 16 17 19 22 -21 -22 -23 -24 -25
leaf_value=0.0073437901816100128 -0.006233198895843688 0.008804823297887206 0.0012574111931742489 -0.0039200674993002931 -0.0030349388688278153 -0.00061570757523102097 -0.0012284899651700955 -0.0010896346914449782 0.01154841081462145 -0.0018102695744575104 0.0021091235427325365 0.0080002307496639096 -0.0034847826065374727 -0.0010651992662857083 0.00089671271481688887 -0.0036629752100454504 -0.0044508845265921115 -0.00337507168591725 -0.0038669898015063842 -0.0029014274460177538 0.0059693335707734028 0.004914183799246916 0.0066503158822065964 0.0060397974605968163
leaf_weight=20.010009847581387 53.730817340314388 35.568704470992088 30.892808120697737 12.089150741696356 13.295048549771307 19.705737456679344 16.033351074904203 548.82267298921943 20.740489661693573 18.60382205247879 22.110248133540154 31.658251851797104 101.44971138983965 19.011869490146637 525.20050514861941 17.635309487581253 61.891463696956635 46.354484047740698 18.167871542274955 50.899565413594246 38.12935296446085 20.845794253051281 43.103129602968693 10.917434401810167
leaf_count=136 411 270 235 89 94 158 129 4076 138 155 159 211 802 144 3513 133 503 386 141 405 297 139 320 82
internal_value=4.34931e-05 -3.64735e-05 -0.00353509 0.000145235 0.00382738 0.00556301 0.00369337 -1.76637e-05 0.00296647 0.00445021 0.00713391 -0.000166597 0.000348194 0.00470393 9.74278e-05 -0.000924615 -5.3798e-05 -0.0011274 0.002497 0.000238835 0.00180202 -0.000694275 0.00409702 2.64819e-05
internal_weight=1796.87 1760.82 84.6236 1676.2 68.5695 55.2744 36.0434 1607.63 73.5437 61.4546 42.8507 1534.09 985.265 50.6701 934.595 409.394 307.944 218.121 89.8237 156.229 105.33 67.2003 72.1884 29.0853
internal_count=13126 12861 646 12215 522 428 265 11693 541 452 297 11152 7076 355 6721 3208 2406 1730 676 1227 822 525 543 223
is_linear=0
shrinkage=0.01


Tree=321
num_leaves=25
num_cat=0
split_feature=5 313 202 237 254 205 118 51 118 202 284 78 105 51 306 196 158 57 160 320 12 113 67 185
split_gain=5.19606 7.46881 6.67667 6.61787 5.56696 7.34355 7.102 7.60775 7.57575 10.7591 7.22196 6.52779 6.68575 14.4977 11.3302 9.90547 8.28256 7.37467 12.8441 10.476 9.99656 8.70957 8.31203 10.2102
threshold=-2.9065284865735039 -0.051459168799814874 0.071588725176169141 -0.2470425070096797 223.50000000000003 -0.47311564118685928 140.50000000000003 167.50000000000003 114.50000000000001 0.048872353130310971 0.019286756043756518 185.9912634306306 0.93544260628691212 136.50000000000003 0.92072825058530872 0.56773440106773443 0.26821674743691237 -0.31200748645074544 0.041272819321599812 -0.22047815840514232 -0.35304179258488799 0.16275537857396946 86.06401251658508 0.758774630541872
decision_type=2 2 2 2 2 2 2 2 2 2 10 2 10 2 2 8 10 10 8 2 2 10 2 10
left_child=1 2 3 -1 6 -6 8 -8 11 10 -10 12 17 14 -14 -16 -15 18 22 21 -20 -19 23 -2
right_child=4 -3 -4 -5 5 -7 7 -9 9 -11 -12 -13 13 16 15 -17 -18 19 20 -21 -22 -23 -24 -25
leaf_value=-0.001225438564873733 0.0041863044120410194 -0.003656449161274639 -0.0031548170852314945 0.0095739002792062447 -0.00033964350673600693 0.0068970469972989877 0.0025251810762992465 -0.005327090215744467 0.0027979009038669434 -0.00074345157106889422 0.01224848964659264 -0.0025792066306863036 -0.0020079142810246198 0.0019494993729207856 0.0062016435677961605 -0.0028123945704496551 0.0075061589576539221 -0.00089861437217549425 -0.0025822587331474078 -0.0013965302667335536 0.0041529998552158609 0.0080156817595976194 -0.0014844322367551204 -0.00030958620966948581
leaf_weight=8.3542724251747114 72.33057889342308 78.098743759095669 13.342320084571837 11.075353190302851 26.909499168395996 25.335314281284809 14.769609302282332 42.797324202954769 21.644253961741924 31.813644766807556 13.253849759697912 84.607986897230148 115.48500516265631 67.945929117500782 36.508128754794598 15.506936848163603 45.647166296839714 19.81780906021595 24.133767187595367 480.84548456221819 132.26662259548903 19.896732442080975 242.25210528075695 151.84249426424503
leaf_count=83 434 836 129 110 172 154 104 292 141 201 85 737 846 444 266 115 296 161 142 3841 843 151 1560 1005
internal_value=5.89072e-05 -0.00200951 0.00186552 0.00532103 0.000198707 0.00332602 9.24592e-05 -0.00327175 0.000221666 0.00344882 0.00706564 7.21246e-05 0.00023513 0.0016088 -0.000265126 0.00348945 0.00431975 -0.000104845 0.000627175 -0.000981255 0.00307983 0.00378058 -0.000206753 0.00117081
internal_weight=1796.48 110.871 32.7719 19.4296 1685.61 52.2448 1633.37 57.5669 1575.8 66.7117 34.8981 1509.09 1424.48 281.093 167.5 52.0151 113.593 1143.39 622.826 520.56 156.4 39.7145 466.425 224.173
internal_count=13148 1158 322 193 11990 326 11664 396 11268 427 226 10841 10104 1967 1227 381 740 8137 3984 4153 985 312 2999 1439
is_linear=0
shrinkage=0.01


Tree=322
num_leaves=25
num_cat=0
split_feature=99 20 10 105 139 75 307 137 84 72 37 320 134 226 111 101 177 83 129 14 291 138 185 236
split_gain=4.96875 9.53353 7.301 10.667 7.09132 7.02846 6.01437 11.0582 10.1555 12.5529 11.529 10.7921 12.2837 9.30919 10.4308 8.18453 8.73327 8.02446 10.8601 7.52216 10.5665 10.5419 8.31062 8.12083
threshold=1.2577492900503946 0.9050387478887475 2.0999749604778279 1.4420521659080172 0.12052465179868412 1.0782895078080041 -0.0039649471182876149 0.049467787114845944 16.094802254813832 -267.83021999359659 0.42353864403686475 -0.030493449234222012 0.11009097035040433 0.099397043332970114 2.7678695848280168 -1.1275928767503058 7.1004263565124637 2.461790350482699 1.3890375923668139 0.063014261836904908 0.36515182169387733 0.11670784041177794 0.77435167615433287 0.33867754787302407
decision_type=10 10 2 10 2 10 2 2 2 2 2 2 2 2 10 10 10 10 10 2 2 2 8 2
left_child=1 2 3 6 -5 -4 7 -1 19 -10 -11 12 13 14 15 -12 -17 18 -18 21 -21 23 -22 -8
right_child=-2 -3 5 4 -6 -7 8 -9 9 10 11 -13 -14 -15 -16 16 17 -19 -20 20 22 -23 -24 -25
leaf_value=0.0069677667126840847 -0.0035018924676042096 0.0032437640245375279 -0.0063159909184117569 0.0082901411933041323 -0.00019412096989679988 0.0019181341434843741 0.00061139454379563734 -0.0010030390947717478 -0.0040447068140071372 -0.00097977869074771678 -0.00077741007948856327 -0.0035324180323049442 0.010298538338635824 -0.0023639325089136539 -0.0025376731218915479 0 0.003625116567809116 0.001717735462749503 0.014495089804675851 0.0052093739539290328 -0.0004348881703302997 0.0063815883442675282 -0.005247785097196798 -0.0028862537714555471
leaf_weight=15.049873799085615 35.619021024554968 90.369022518396378 31.487352259457111 23.023816637694836 15.337542675435541 13.047072038054464 421.43182685598731 642.87665932253003 26.409830741584301 55.161049492657185 14.269882299005983 14.276975788176058 32.149918600916862 21.215032525360584 15.410237677395342 13.50679302215576 17.004462987184525 13.921406514942644 27.748942859470844 15.187817789614199 70.525609705597162 25.06701797991991 72.47911137714982 75.840313471853733
leaf_count=88 356 630 288 145 104 130 2950 4690 161 372 95 97 183 150 123 94 113 107 188 117 583 181 695 527
internal_value=5.31187e-05 0.000131041 -4.17649e-05 7.01226e-05 0.00509393 -0.00391197 -5.93563e-05 -0.000790012 0.000456405 0.00216347 0.00293908 0.00421538 0.00498505 0.00338804 0.0046273 0.00595589 0.00727953 0.00887827 0.010849 -0.000178295 -0.00206946 0.000400623 -0.00293583 6.25755e-05
internal_weight=1798.42 1762.8 1672.43 1627.89 38.3614 44.5344 1589.53 657.927 931.606 251.075 224.665 169.504 155.227 123.077 101.862 86.4515 72.1816 58.6748 44.7534 680.532 158.193 522.339 143.005 497.272
internal_count=13167 12811 12181 11763 249 418 11514 4778 6736 1683 1522 1150 1053 870 720 597 502 408 301 5053 1395 3658 1278 3477
is_linear=0
shrinkage=0.01


Tree=323
num_leaves=25
num_cat=0
split_feature=32 44 127 311 323 115 288 127 180 121 106 221 221 28 42 309 152 64 84 232 141 136 232 89
split_gain=5.09931 10.3671 7.40571 6.83467 6.44196 5.84867 5.81757 5.81453 4.86741 4.81835 5.57954 9.15098 13.2873 14.655 10.3855 8.98452 12.2056 11.754 8.89527 8.19687 7.87225 8.33259 8.69595 7.87157
threshold=0.0016625115394608102 49.500000000000007 -0.26706397127344267 -0.51374323506505581 4.5000000000000009 -1.2383430018313732 0.003353477516543035 -0.81559941525145707 1.9419077134986227 -2.2749236555014396 0.69672962988274478 -0.25156830753770149 -0.35998358853047446 0.2414296359378327 68.500000000000014 0.01948005272473358 0.083024467634065971 0.9214007146450961 46.980530963212431 2.7128062515281814 0.095615354877806688 0.20772694724314952 3.0249536889873818 2.6430919811552238
decision_type=2 2 8 2 2 10 2 10 2 8 10 2 2 2 2 2 10 10 2 2 2 2 2 8
left_child=4 2 3 5 -1 7 -5 -2 -4 -6 -11 12 20 14 -14 17 -17 23 -19 -16 21 -12 -23 -13
right_child=1 -3 8 6 9 -7 -8 -9 -10 10 11 15 13 -15 19 16 -18 18 -20 -21 -22 22 -24 -25
leaf_value=0.0070857369119878668 -0.00088352544253850933 0.0070682826710174382 0.0015051791461551897 -0.0062782841683054133 0.0038877072915903675 -0.0031997968271819874 0.0027527254768045717 0.0079990461584945102 -0.0065485424230625235 -0.00027025035937915234 0.0033183055372843968 0.0077540446867373526 -0.004604859794659205 0.012400257316312911 0.0094240471744643922 -0.0020375330301154811 0.010389599552107665 -0.0068542655992103671 0.002391018023451123 0.0001727685552252258 -0.0053537729381887087 -0.0032470389918994244 0.0049983223611016689 -0.0016605909195729065
leaf_weight=10.555993080139158 10.834210380911825 9.1927201151847822 7.5320797115564337 22.10472055897117 30.444019190967083 11.262389730662109 7.9173740856349459 16.308132663369179 45.764639530330896 1264.2265040054917 92.774075493216515 11.946429468691347 12.475092820823191 20.604324966669083 18.155332669615746 15.645891524851324 11.537438362836836 49.509480766952038 11.273343361914156 18.226868338882923 16.26117642223835 50.104393750429153 14.076243698596953 19.994825273752216
leaf_count=73 105 95 89 238 161 121 81 157 522 8917 629 78 100 140 114 105 95 389 75 137 139 352 108 144
internal_value=2.66363e-05 -0.00185152 -0.00267908 -0.000435505 0.000177566 0.00227764 -0.00383382 0.00467195 -0.00537379 0.000120907 4.31418e-05 0.00113222 0.00224164 0.00584645 0.00253355 -0.0011048 0.00368719 -0.00258805 -0.00509348 0.00516322 0.000719333 0.00143884 -0.00128838 0.00217723
internal_weight=1798.73 130.916 121.724 68.4268 1667.81 38.4047 30.0221 27.1423 53.2967 1657.26 1626.81 362.585 242.678 69.4616 48.8573 119.907 27.1833 92.7241 60.7828 36.3822 173.216 156.955 64.1806 31.9413
internal_count=13164 1408 1313 702 11756 383 319 262 611 11683 11522 2605 1719 491 351 886 200 686 464 251 1228 1089 460 222
is_linear=0
shrinkage=0.01


Tree=324
num_leaves=25
num_cat=0
split_feature=209 225 29 62 115 107 200 225 107 323 192 105 231 271 234 215 105 228 220 228 22 152 126 287
split_gain=5.29014 10.2011 9.16335 9.15635 9.42972 9.59543 9.36466 9.1212 9.46583 8.94265 9.3091 8.91964 12.5864 9.50578 11.5984 8.83938 7.89378 7.9928 10.257 9.23199 8.75931 8.94017 7.88721 7.83531
threshold=0.7645185462720121 0.75811722538477766 0.22387899334018771 41.500000000000007 -0.37550561873599736 1.159495549017211 1.9752566058762315 0.95249379372602128 0.89536058429290089 492.50000000000006 2.300006935653276 0.19873710666551034 -0.56356130744219379 0.11893358352906014 0.028612361850184204 -0.031883899134791331 1.2705647629369428 0.22107907960856918 0.11217977528089888 0.24601052542229015 -0.80735831260694402 0.015408357075023743 0.3376617146555474 -0.014362692871736379
decision_type=2 2 2 2 8 8 2 2 8 2 8 10 2 2 2 2 10 2 2 2 10 10 10 2
left_child=1 2 9 4 7 -6 16 8 -2 10 23 -3 -13 14 -14 -16 17 18 -5 22 -20 -22 -19 -1
right_child=3 11 -4 6 5 -7 -8 -9 -10 -11 -12 12 13 -15 15 -17 -18 19 20 -21 21 -23 -24 -25
leaf_value=0.013827067266175512 -0.0065688454911778608 -0.00089374041963085086 -0.0002035889207079445 -0.003656520575178675 0.0049876401077963315 -0.0039681773282149299 -0.0023530380521276381 0.003297074197749994 0.002447291605766596 -0.0033578270119393044 -0.0014293885789060734 0.012053641951418226 -0.001710795016687576 -0.002390277033129233 0.010104163988520286 9.1436969616687366e-05 0.0074669823210508478 0.0024241571758578028 -0.0023760732218950551 0.00029265361402491184 0.0073352270621069226 0.00020748522461121004 -0.0057454347541347414 0.0034318144339054945
leaf_weight=13.136867530643938 82.994389161467552 41.655979812145233 801.50004556030035 19.557942386716604 24.321472592651844 18.581598564982414 139.89903559535742 11.693296413868664 11.794692993164061 11.214431710541247 11.626756720244879 15.736254550516604 18.114754341542721 23.681258261203766 30.971437700092793 12.27473349124193 13.120740711688994 13.519304819405077 16.713559798896313 323.22402450069785 56.195017792284489 25.732407502830029 47.008523095399141 18.671818532049663
leaf_count=90 727 292 5645 164 198 165 1183 98 97 84 90 90 147 150 226 100 86 97 130 2270 381 231 342 129
internal_value=2.21806e-06 0.000488328 7.11261e-05 -0.000599616 -0.00280906 0.00108118 -8.41963e-05 -0.0043731 -0.00539805 0.00392869 0.00592244 0.00293868 0.00451361 0.00276241 0.00478452 0.00746493 0.00053962 0.000315544 0.0025578 -0.000386197 0.00386775 0.00519038 -0.00387789 0.00853573
internal_weight=1802.94 998.584 856.15 804.356 149.385 42.9031 654.971 106.482 94.7891 54.6499 43.4354 142.434 100.778 85.0422 61.3609 43.2462 515.072 501.951 118.199 383.752 98.641 81.9274 60.5278 31.8087
internal_count=13212 7043 6038 6169 1285 363 4884 922 824 393 309 1005 713 623 473 326 3701 3615 906 2709 742 612 439 219
is_linear=0
shrinkage=0.01


Tree=325
num_leaves=25
num_cat=0
split_feature=99 25 32 209 127 317 208 122 108 64 213 165 247 291 124 321 301 174 209 149 23 29 115 174
split_gain=6.67139 6.69053 7.12699 8.69785 9.60581 15.9946 8.82043 8.06203 7.97065 8.92046 7.94084 5.98777 5.90103 5.7282 7.0001 7.91043 9.46716 6.75187 6.60952 6.25873 5.91105 11.7971 7.80718 6.28483
threshold=1.2991274216249038 0.98785592873026773 0.0016625115394608102 0.80444664031620572 -0.55557731073993166 -0.0014316399604838673 2.9201077963059103 1.1773644357578392 1.4994854544011738 1.1873789220660251 -0.41645427509358174 179.49951967592594 0.39711390582270201 0.53860143614415079 13.500000000000002 5.5000000000000009 0.54196641090424647 136.82291666666671 0.7112256586483392 0.14219096482455762 -0.96607628887284336 0.28332510694307339 -1.5166708444085542 160.1526388888889
decision_type=10 2 2 2 8 2 2 10 10 10 2 2 2 2 2 2 2 10 2 10 8 2 10 10
left_child=1 2 7 4 5 -4 -6 8 13 10 -10 -9 -5 14 15 17 -17 -1 -16 -19 21 22 -15 -22
right_child=-2 -3 3 12 6 -7 -8 11 9 -11 -12 -13 -14 20 18 16 -18 19 -20 -21 23 -23 -24 -25
leaf_value=0.0094457505104786187 -0.0044213999423631982 0.005606450310768011 -0.0021932860069433621 0.0013549625995591442 -0.0042057510641276812 0.012164957450008331 0.0060088127313202237 -0.00073931274104314026 0.00047033088354774536 -0.0023342691516963429 0.010046363334743078 -0.0067785650185798385 -0.0067596804329161609 -0.00037296362478152754 -0.0061737130848449201 -0.00073892172080668313 0.0067803442412406592 0.0059315641615598777 0.0025329405810216063 -0.0025556923234051265 0.00025318602753473472 -0.0017924545351255237 0.0079827847408023931 -0.0015041013254140428
leaf_weight=24.569583006203175 29.458047296851873 19.471431948244572 14.996464751660826 9.9086837172508222 44.655421834439039 11.612519025802611 7.6099971160292617 46.647230349481106 13.969580367207522 13.312068298459051 22.409670159220699 23.604291424155235 41.80414630100131 15.184631578624247 16.033758439123634 70.741651356220245 18.859306707978249 16.546068109571937 13.779522463679312 13.308967113494871 981.41262815147638 34.95855388790369 35.117308564484119 253.63694536685944
leaf_count=161 302 150 147 101 478 108 78 439 88 90 139 227 494 79 102 494 128 105 82 105 6724 207 218 1901
internal_value=8.15211e-05 0.00016427 9.39404e-05 -0.0021267 0 0.00460748 -0.00246708 0.000277646 0.000431116 0.00426168 0.00669532 -0.00296687 -0.00519672 0.000295202 0.00198643 0.00289643 0.00099252 0.00580856 -0.00224832 0.00222383 6.79766e-05 0.00257105 0.00555631 -0.000109508
internal_weight=1793.61 1764.15 1744.68 130.587 78.8744 26.609 52.2654 1614.09 1543.84 49.6913 36.3793 70.2515 51.7128 1494.15 173.839 144.026 89.601 54.4246 29.8133 29.855 1320.31 85.2605 50.3019 1235.05
internal_count=13147 12845 12695 1406 811 255 556 11289 10623 317 227 666 595 10306 1177 993 622 371 184 210 9129 504 297 8625
is_linear=0
shrinkage=0.01


Tree=326
num_leaves=25
num_cat=0
split_feature=286 190 300 63 111 34 268 29 62 309 279 320 257 34 209 56 190 29 144 281 274 105 126 181
split_gain=5.9155 7.85607 7.73873 7.99107 7.33103 7.95488 12.2139 9.4181 6.72125 6.36269 6.71685 8.55189 7.39599 5.72969 7.94448 12.3399 5.68648 7.14889 6.31097 7.19567 6.55698 12.0192 9.22887 10.7781
threshold=0.6239693469052453 1.5000000000000002 0.24288915366042005 0.84313286080439698 0.76125034472216002 0.18352972962254241 0.44794107593512583 0.2640341758762812 7.5000000000000009 -0.023803427446828892 -0.036691709827545042 -0.14950344373953367 141.50000000000003 0.077937724385528873 0.79962825278810423 597.50000000000011 149.50000000000003 0.41579848722705876 0.0051948402417962012 3.7782491551272259 5.353059782939285 0.69283247971697637 0.67862873090945708 0.11188507936122856
decision_type=2 2 2 8 8 2 2 2 2 2 10 2 2 2 2 2 2 2 10 2 2 10 10 2
left_child=2 -2 9 -4 5 6 -3 -8 -6 -1 11 -11 -12 14 -10 -16 17 18 19 -15 21 -20 23 -23
right_child=1 4 3 -5 8 -7 7 -9 13 10 12 -13 -14 16 15 -17 -18 -19 20 -21 -22 22 -24 -25
leaf_value=-0.003085856820541708 -0.0070635770188495327 0.010338451571366597 0.0091798896017605824 0 0.0062041802564538201 -0.0028349017085231494 0.006659284552534791 -0.0037427333635333183 0.0018226788078631328 -0.00055918620594904334 -0.0030348379487900624 0.0098609250542503139 0.0046148795193217389 -0.0033337489179050563 -0.0064161851156975735 0.0029725259206426079 -0.0044002755308020589 0.0062288945560134814 0.00030232413726761928 0.00023048230628714355 -0.00047103554246205105 0.0076227069720926242 -0.00092786887073962503 -0.00011373340126383389
leaf_weight=30.37950199842453 12.989800013601778 21.209277410060167 22.61634922772646 15.246784672141073 13.759650535881518 14.693048328161238 12.202638886868955 17.810191009193659 28.693014651536942 12.505647979676725 31.289931043982506 16.493950016796589 17.218516565859318 110.61650485172868 55.033327255398035 16.430189721286297 26.351200699806213 15.690159589052199 483.5725480094552 111.44213970378041 600.71021891757846 61.467074736952782 28.86920889467001 24.541965812444687
leaf_count=218 109 139 146 126 108 99 89 128 215 87 244 117 112 880 483 126 193 118 3221 886 4636 370 187 148
internal_value=0.000118324 -5.24878e-05 0.00202986 0.00575082 1.44201e-05 0.00321148 0.00502239 0.000665868 -0.000124089 0.000600845 0.00211644 0.00568665 -0.000194749 -0.000191579 -0.00247143 -0.00421291 -3.03538e-05 5.76066e-05 -2.21028e-05 -0.0015602 0.000264892 0.00100401 0.00387058 0.00547074
internal_weight=1801.83 1656.08 145.751 37.8631 1643.09 65.9152 51.2221 30.0128 1577.18 107.888 77.508 28.9996 48.5084 1563.42 100.157 71.4635 1463.26 1436.91 1421.22 222.059 1199.16 598.451 114.878 86.009
internal_count=13185 12135 1050 272 12026 455 356 217 11571 778 560 204 356 11463 824 609 10639 10446 10328 1766 8562 3926 705 518
is_linear=0
shrinkage=0.01


Tree=327
num_leaves=25
num_cat=0
split_feature=317 317 98 127 51 210 176 111 175 230 12 115 279 121 249 15 220 317 114 2 156 109 79 39
split_gain=6.55973 8.13867 10.6398 8.60896 8.5124 8.50604 7.97551 7.52557 6.05004 12.1475 11.9158 8.95544 9.04762 10.9568 9.79936 8.61392 8.60748 8.39324 8.65829 10.0392 12.3551 9.89703 9.39644 8.63082
threshold=0.02902604245069999 0.015153460695270907 109.50000000000001 0.65236852423269132 438.50000000000006 0.044399641577060937 12.415289622101737 2.4879131760507867 14.11505985259736 151.50000000000003 0.45172924823981603 -0.52225303256705835 0.029308733253265166 -0.4200609466524044 0.059411764705882358 -0.7047413021161214 0.30618622448979599 -0.0077476504081772646 0.97490369833359791 0.89405733245594943 0.07503351206434318 1.1685457581177501 274.53609475395285 0.098480875396819378
decision_type=2 2 2 10 2 2 2 8 10 2 2 10 8 10 2 2 2 2 10 10 8 10 2 2
left_child=1 8 5 4 7 -3 -2 -4 9 10 16 15 -13 -14 -15 17 -1 23 19 21 -21 22 -19 -11
right_child=6 2 3 -5 -6 -7 -8 -9 -10 11 -12 12 13 14 -16 -17 -18 18 -20 20 -22 -23 -24 -25
leaf_value=0.0023775908250022919 -0.0070601557794530284 -0.00023412741691457417 -0.0061413050586397924 0.0067220143923178623 0.0036899481554721726 0.0096103986451960485 0.00089512319472562999 0.0023115489713823375 -0.00073481444844623726 0.0046889805479583711 -0.0027441772162108513 0.00053394347769999528 0.011136459438575145 0.0065903693271056564 -0.0045516617401584001 -0.0038550452319450913 0.011378577675327408 0.00018441400132663448 0.0028418904943126161 0.0054302116393330014 -0.0039923682490884786 0.0025092860309900689 -0.0035888793445153582 -0.0025229565207594527
leaf_weight=22.543674908578396 24.849032200872898 11.930782847106455 30.565463609993461 14.959759369492529 21.942490443587303 27.212901469320059 21.714014928787947 13.367624774575228 645.70882923901081 66.489004544913769 14.073357895016668 77.457109242677689 20.042066127061844 13.905073888599874 12.166009239852427 55.880367606878281 21.921495445072651 241.80650390684605 76.233650088310242 13.042382895946501 125.36177046597004 117.47903773188591 87.575538776814938 19.610266111791134
leaf_count=172 190 94 212 107 157 191 154 91 5045 442 116 542 125 109 91 467 142 1571 501 100 1032 717 685 127
internal_value=0.000101042 0.000202641 0.00268514 0.000530872 -0.00108012 0.00677294 -0.0034917 -0.00356355 1.50895e-05 0.000508112 0.00481752 0.000221024 0.00269573 0.00606462 0.00141966 -0.000166475 0.00725324 0.000121435 -0.000263859 -0.000681888 -0.00300594 5.01227e-05 -0.000837888 0.00300689
internal_weight=1797.84 1751.28 119.979 80.8353 65.8756 39.1437 46.563 43.9331 1631.3 985.587 58.5385 927.049 123.57 46.1131 26.0711 803.479 44.4652 747.598 661.499 585.265 138.404 446.861 329.382 86.0993
internal_count=13180 12836 852 567 460 285 344 303 11984 6939 430 6509 867 325 200 5642 314 5175 4606 4105 1132 2973 2256 569
is_linear=0
shrinkage=0.01


Tree=328
num_leaves=25
num_cat=0
split_feature=202 239 141 103 260 109 302 226 184 309 231 202 139 284 22 280 127 123 162 128 181 176 301 75
split_gain=6.38975 5.60422 10.9482 5.67326 8.51148 7.90625 12.1933 10.0796 12.4263 8.8007 11.0843 10.0454 7.5336 11.2067 8.52073 12.4405 13.8367 7.85638 10.5103 9.11631 8.34502 7.81036 7.78163 7.48537
threshold=0.26201372997711675 1.3730132164743296 0.064038834951456333 1.6019459072125179 0.055895408421443603 1.5195776906739467 -0.0014867644288682339 0.080076335877862601 1.2497315612829027 -0.018755278226449231 1.0000000180025095e-35 0.021390986044383439 0.084172969223220498 -0.11799315634178624 0.1013920202941237 0.10869565217352908 0.38871555091238436 1.0128990582630806 0.0080726621049201711 0.37785827143020034 0.12124780628186611 12.06984772173241 0.9237344732217404 0.046186784160381432
decision_type=2 10 2 10 8 10 2 2 10 2 2 2 2 8 10 2 10 10 10 10 2 2 2 10
left_child=1 3 -3 5 -5 12 9 8 -8 -7 11 -11 14 -14 17 16 -16 20 19 22 -1 -20 -19 -17
right_child=-2 2 -4 4 -6 6 7 -9 -10 10 -12 -13 13 -15 15 23 -18 18 21 -21 -22 -23 -24 -25
leaf_value=-0.00019364344326415267 -0.0045288126433512396 0.0082594456959092007 -0.00052712825825681402 -0.0035233973262883307 -0.00017192066501481206 -0.0034915513840560199 0.0012262488658532679 0.00011114496107426826 0.012539246387347172 0.0035448751571492045 0.0063620179168568103 -0.0042536621984499466 0.0050904563309251399 -0.0036838317498992189 0.0072342209788987134 -0.00575690454929956 0.0002956706595309104 -0.0016120646067156019 0.0077865015916960762 -0.0043921542320347687 0.0024453219405841825 -0.00044841678171575846 0.0056169334194784738 0.0022122288587540814
leaf_weight=415.6218121945858 26.616477258503437 21.900773253291845 32.022926107048988 94.488677222281694 347.03140410408378 37.076933309435844 16.211715824902058 21.7088473290205 25.171532042324543 28.834189333021641 34.557604253292084 31.656822085380554 14.498028188943861 93.855977289378643 62.036775909364223 22.23271793872118 52.61542234569788 64.549628913402557 15.426225222647188 112.95649852603674 165.00261452049017 29.836400792002678 16.273201085627079 19.828991524875164
leaf_count=2676 206 165 282 880 2905 222 96 125 140 170 203 190 104 728 385 140 364 576 107 980 1035 228 144 154
internal_value=8.95436e-05 0.000166473 0.00325841 6.38266e-05 -0.000909374 0.00040159 0.00223903 0.00575377 0.00849368 0.000467421 0.00207858 -0.000528122 6.49974e-05 -0.00240068 0.000345828 0.00246029 0.00414275 -6.43117e-05 -0.0015805 -0.0025932 0.000562823 0.00263123 -3.18849e-06 -0.00207526
internal_weight=1802.01 1775.4 53.9237 1721.47 441.52 1279.95 195.218 63.0921 41.3832 132.126 95.0486 60.491 1084.73 108.354 976.38 156.714 114.652 819.666 239.042 193.779 580.624 45.2626 80.8228 42.0617
internal_count=13205 12999 447 12552 3785 8767 1146 361 236 785 563 360 7621 832 6789 1043 749 5746 2035 1700 3711 335 720 294
is_linear=0
shrinkage=0.01


Tree=329
num_leaves=25
num_cat=0
split_feature=109 57 123 97 304 127 223 62 304 262 84 29 83 54 126 308 308 129 165 90 212 34 147 107
split_gain=4.81897 11.3971 8.62293 12.1521 9.9545 9.74622 8.45055 8.66677 7.87796 8.61834 16.611 9.48831 7.7105 11.1763 9.32767 9.07754 7.08798 14.7503 10.4508 10.1741 9.31702 8.24264 8.18167 7.28104
threshold=1.2469916402469974 -0.32583800853133932 1.096818265623053 0.24300885711521159 -0.034933413435687226 -0.015414509243438261 -0.66719512543992276 104.50000000000001 0.00030184091713586497 -0.39074217741665834 20.544132471151432 0.28779524456192257 1.1256471487001602 4.5000000000000009 0.40757621805745908 0.0015273871077435654 0.0010483378446211288 1.4038158225430732 179.93487847222227 2.8953889970472697 0.31199167154661989 0.18703810728652823 0.088416582102454247 0.27914872946086139
decision_type=10 10 10 10 2 10 2 2 2 8 2 2 10 2 8 2 2 10 2 2 2 2 10 10
left_child=2 6 3 8 -4 -5 7 -2 -1 11 -11 12 13 14 -10 -14 22 19 20 -18 21 -19 -3 -24
right_child=1 16 4 5 -6 -7 -8 -9 9 10 -12 -13 15 -15 -16 -17 17 18 -20 -21 -22 -23 23 -25
leaf_value=-0.0012319808174061208 0.005911171510449619 -0.0032036434777218989 0.001510742021239103 0.0079965409052313637 -0.0027800823265408036 0 0.0070485849588980765 -0.0031039449291518015 0.0037361371658625833 -0.0031425216912185274 0.0057764878802471879 -0.00065965136170386481 0.011192848896863094 0.0079088739039848959 -0.0059548742085335027 0.0014559066565300348 0.0027171325980897944 0.010728390862058164 -0.0029447441733761594 -0.0059012602193710198 0.0023411067887673357 0.00098798273141925794 -0.00098840755918715249 0.0014490630864192151
leaf_weight=336.79314920306206 15.156862609088419 82.992816906422377 67.414935126900673 31.337695986032486 237.76880495622754 27.410469509661198 42.115770936012268 23.314041085541248 15.857718124985693 84.218241855502129 24.648843303322792 53.391411110758781 24.663368165493011 16.333112202584743 18.49806946516037 16.557073585689068 20.198604851961136 31.314500488340855 19.355458661913872 32.029196605086327 77.105057120323181 12.8013544306159 260.88031019642949 225.96039094403386
leaf_count=2182 93 761 587 216 2186 179 244 134 98 601 142 353 147 101 133 100 145 229 136 235 535 89 1972 1573
internal_value=4.00037e-05 0.000590382 -0.000445266 0.000205822 -0.00182377 0.00443406 0.00410035 0.000585618 -0.000232011 0.00108807 -0.00101857 0.00266257 0.00456507 0.00176412 -0.00151088 0.00765072 0.00020433 0.00184782 0.00351905 -0.0025816 0.00460307 0.00815421 -0.000356391 0.000142691
internal_weight=1798.12 843.224 954.893 649.709 305.184 58.7482 80.5867 38.4709 590.961 254.168 108.867 145.301 91.9093 50.6889 34.3558 41.2204 762.638 192.804 140.576 52.2278 121.221 44.1159 569.834 486.841
internal_count=13171 6146 7025 4252 2773 395 471 227 3857 1675 743 932 579 332 231 247 5675 1369 989 380 853 318 4306 3545
is_linear=0
shrinkage=0.01


end of trees

feature_importances:
kirim_naqd_q90=197
amt_min=192
kirim_naqd_mean=140
chiqim_bank_otkazmasi_q50=111
chiqim_bank_otkazmasi_q90=110
chiqim_karta_std=108
karta_max=99
hist_bank_b10=93
cash_share_of_volume=93
chiqim_bank_otkazmasi_mean=84
hist_bank_b6=79
share_is_floor=71
chiqim_karta_q50=70
kirim_naqd_q50=69
chiqim_bank_otkazmasi_std=68
amt_skew=66
hist_karta_b8=65
chiqim_karta_q90=63
kirim_naqd_q10=61
bank_otkazmasi_std=60
karta_expsum=58
chiqim_naqd_std=57
chiqim_xalqaro_mean=57
naqd_max=56
chiqim_bank_otkazmasi_n=53
hist_bank_b4=53
hist_karta_b6=53
last50_mean_minus_all=53
hist_bank_b7=52
kirim_naqd_std=50
hist_karta_b7=50
w90_max=48
w90_naqd_minus_all=48
z_mean_naqd=46
share_is_night=46
naqd_mean=46
chiqim_karta_q10=46
w14_share_in=46
chiqim_naqd_q10=45
span_days=45
w90_share_xalqaro=45
hist_bank_b8=44
gap_max_h=44
z_mean_bank_otkazmasi=43
chiqim_karta_mean=43
w30_in_minus_all=43
share_is_naqd=42
chiqim_max=42
naqd_std=42
kirim_bank_otkazmasi_q90=42
hist_bank_b9=42
w90_share_naqd=42
bucket4_mean=42
w14_in_minus_all=42
chiqim_bank_otkazmasi_q10=41
hist_karta_b3=41
kirim_bank_otkazmasi_std=40
share_is_weekend=39
bank_otkazmasi_max=39
kirim_bank_otkazmasi_q50=39
kirim_bank_otkazmasi_mean=38
hour_mean=38
w90_share_in=38
w60_in_minus_all=38
sig_days_since_2025=38
amt_max=37
w3_share_in=37
w14_mean_minus_all=37
last10_std=37
cash_intl_share=37
bank_otkazmasi_mean=36
w1_mean_minus_all=36
hist_bank_b5=35
w1_max=35
bank_otkazmasi_expsum=34
w60_naqd_minus_all=34
z_mean_karta=33
karta_std=33
hist_bank_b1=33
hour_std=33
w90_in_minus_all=32
last10_naqd_minus_all=32
w30_share_in=31
w30_naqd_minus_all=31
naqd_sum=30
chiqim_naqd_q50=30
chiqim_naqd_q90=30
hist_all_b4=30
w1_in_minus_all=30
w3_naqd_minus_all=30
hist_karta_b4=29
hist_all_b5=28
w14_naqd_minus_all=28
w90_xalqaro_minus_all=28
last50_xalqaro_minus_all=28
kirim_xalqaro_mean=27
hist_karta_b0=27
share_passthrough_1h=26
share_gap_lt_10m=26
w1_share_in=26
w3_mean_minus_all=26
amt_spike_z=26
xalqaro_std=25
w3_max=25
w3_in_minus_all=25
w7_naqd_minus_all=25
w60_xalqaro_minus_all=25
z_last50_minus_all=25
chiqim_n=24
hist_bank_b3=24
w60_share_in=24
z_last30d_minus_all=24
chiqim_std=23
hist_all_b6=23
w14_share_naqd=23
last50_naqd_minus_all=23
share_is_bank_otkazmasi=22
share_is_xalqaro=22
cnt_is_floor=22
kirim_std=22
naqd_expsum=22
kirim_karta_q90=22
w30_mean_minus_all=22
w60_share_naqd=22
bucket2_n=22
w1_naqd_minus_all=22
share_in_then_out_1h=21
kirim_sum=21
xalqaro_max=21
hist_all_b9=21
hist_karta_b2=21
w7_max=21
w7_mean_minus_all=21
w90_mean_minus_all=21
last10_xalqaro_minus_all=21
amount_trend=21
z_std=20
z_mean_xalqaro=20
share_is_big3=20
cnt_is_naqd=20
chiqim_sum=20
hist_bank_b2=20
w60_share_xalqaro=20
w90_share_bank=20
bucket5_n=20
activity_trend=20
share_passthrough_24h=19
chiqim_expsum=19
kirim_karta_mean=19
w3_share_bank=19
bucket3_n=19
bucket4_n=19
bucket0_mean=19
intl_share_of_volume=19
last10_mean_minus_all=19
karta_sum=18
w30_share_naqd=18
amt_range=18
w7_in_minus_all=18
kirim_mean=17
kirim_max=17
karta_mean=17
xalqaro_mean=17
kirim_karta_q10=17
kirim_bank_otkazmasi_q10=17
hist_karta_b10=17
w7_share_in=17
w14_max=17
w30_mean=17
last10_max=17
in_out_volume_logratio=17
net_flow_share=17
sig_month=17
share_is_in=16
share_in_then_out_24h=16
chiqim_naqd_n=16
chiqim_naqd_mean=16
hist_all_b0=16
w60_max=16
last50_max=16
bucket2_mean=16
w7_rate_ratio=16
w14_rate_ratio=16
amt_std=15
amt_q10=15
kirim_karta_std=15
hist_all_b2=15
hist_bank_b0=15
std_tx_per_day=15
w1_share_naqd=15
w7_share_bank=15
share_is_big2=14
cnt_is_bank_otkazmasi=14
w7_share_naqd=14
w60_mean_minus_all=14
w90_mean=14
bucket1_mean=14
bucket5_mean=14
w1_rate_ratio=14
w3_rate_ratio=14
w3_xalqaro_minus_all=14
bank_otkazmasi_sum=13
xalqaro_sum=13
kirim_naqd_n=13
hist_all_b1=13
hist_all_b3=13
hist_karta_b5=13
w3_share_naqd=13
w30_share_bank=13
last50_span_h=13
in_out_count_ratio=13
w1_xalqaro_minus_all=13
w3_share_of_tx=13
w7_xalqaro_minus_all=13
w30_xalqaro_minus_all=13
w60_share_of_tx=13
w90_rate_ratio=13
z_max=12
share_is_karta=12
kirim_expsum=12
tx_per_active_day=12
w1_share_bank=12
w14_share_bank=12
w60_n=12
last10_span_h=12
bucket1_n=12
card_vs_bank_ratio=12
w60_rate_ratio=12
recent_month_vs_prior=12
amt_q90=11
z_median=11
z_mean_kirim=11
z_mean_last30d=11
hist_karta_b1=11
w1_mean=11
w3_mean=11
w7_mean=11
last50_mean=11
amt_sum=10
amt_top5_mean=10
chiqim_mean=10
xalqaro_expsum=10
gap_median_h=10
active_day_share=10
w60_mean=10
w60_share_bank=10
w1_share_of_tx=10
w7_share_of_tx=10
w30_share_of_tx=10
w90_share_of_tx=10
z_mean=9
z_mean_chiqim=9
cnt_is_night=9
cnt_in_then_out_1h=9
kirim_karta_n=9
hist_all_b7=9
hist_all_b8=9
active_days=9
z_q10=8
cnt_in_then_out_24h=8
kirim_karta_q50=8
kirim_bank_otkazmasi_n=8
chiqim_karta_n=8
max_tx_per_day=8
w3_share_xalqaro=8
w14_mean=8
w14_share_xalqaro=8
w30_share_xalqaro=8
w90_n=8
last10_share_in=8
last50_std=8
bucket3_mean=8
cnt_passthrough_1h=7
cnt_is_karta=7
hist_karta_b9=7
w14_n=7
last50_share_in=7
w14_share_of_tx=7
w30_rate_ratio=7
amt_mean=6
cnt_is_in=6
gap_std_h=6
w1_share_xalqaro=6
w7_n=6
w7_share_xalqaro=6
last10_mean=6
amt_q25=5
z_q90=5
z_mean_last50=5
cnt_is_weekend=5
bank_otkazmasi_n=5
naqd_n=5
days_since_first=5
w3_n=5
w30_n=5
last50_share_naqd=5
bucket0_n=5
w14_xalqaro_minus_all=5
amt_n=4
amt_q75=4
cnt_is_big2=4
cnt_passthrough_24h=4
hist_all_b10=4
w30_max=4
n_tx=3
cnt_is_xalqaro=3
kirim_n=3
gap_min_h=3
tx_per_day=3
w1_n=3
sig_dow=3
karta_n=2
kirim_xalqaro_n=2
gap_mean_h=2
amt_median=1
cnt_is_big3=1

parameters:
[boosting: gbdt]
[objective: binary]
[metric: binary_logloss]
[tree_learner: serial]
[device_type: cpu]
[data_sample_strategy: bagging]
[data: ]
[valid: ]
[num_iterations: 330]
[learning_rate: 0.01]
[num_leaves: 25]
[num_threads: 8]
[seed: 43]
[deterministic: 0]
[force_col_wise: 0]
[force_row_wise: 0]
[histogram_pool_size: -1]
[max_depth: -1]
[min_data_in_leaf: 82]
[min_sum_hessian_in_leaf: 0.001]
[bagging_fraction: 0.940095]
[pos_bagging_fraction: 1]
[neg_bagging_fraction: 1]
[bagging_freq: 1]
[bagging_seed: 11149]
[bagging_by_query: 0]
[feature_fraction: 0.461733]
[feature_fraction_bynode: 1]
[feature_fraction_seed: 21351]
[extra_trees: 0]
[extra_seed: 16806]
[early_stopping_round: 0]
[early_stopping_min_delta: 0]
[first_metric_only: 0]
[max_delta_step: 0]
[lambda_l1: 0.101037]
[lambda_l2: 2.84043]
[linear_lambda: 0]
[min_gain_to_split: 0.0360256]
[drop_rate: 0.1]
[max_drop: 50]
[skip_drop: 0.5]
[xgboost_dart_mode: 0]
[uniform_drop: 0]
[drop_seed: 2965]
[top_rate: 0.2]
[other_rate: 0.1]
[min_data_per_group: 100]
[max_cat_threshold: 32]
[cat_l2: 10]
[cat_smooth: 10]
[max_cat_to_onehot: 4]
[top_k: 20]
[monotone_constraints: ]
[monotone_constraints_method: basic]
[monotone_penalty: 0]
[feature_contri: ]
[forcedsplits_filename: ]
[refit_decay_rate: 0.9]
[cegb_tradeoff: 1]
[cegb_penalty_split: 0]
[cegb_penalty_feature_lazy: ]
[cegb_penalty_feature_coupled: ]
[path_smooth: 0]
[interaction_constraints: ]
[verbosity: -1]
[saved_feature_importance_type: 0]
[use_quantized_grad: 0]
[num_grad_quant_bins: 4]
[quant_train_renew_leaf: 0]
[stochastic_rounding: 1]
[linear_tree: 0]
[max_bin: 255]
[max_bin_by_feature: ]
[min_data_in_bin: 3]
[bin_construct_sample_cnt: 200000]
[data_random_seed: 179]
[is_enable_sparse: 1]
[enable_bundle: 1]
[use_missing: 1]
[zero_as_missing: 0]
[feature_pre_filter: 1]
[pre_partition: 0]
[two_round: 0]
[header: 0]
[label_column: ]
[weight_column: ]
[group_column: ]
[ignore_column: ]
[categorical_feature: ]
[forcedbins_filename: ]
[precise_float_parser: 0]
[parser_config_file: ]
[objective_seed: 26397]
[num_class: 1]
[is_unbalance: 0]
[scale_pos_weight: 1]
[sigmoid: 1]
[boost_from_average: 1]
[reg_sqrt: 0]
[alpha: 0.9]
[fair_c: 1]
[poisson_max_delta_step: 0.7]
[tweedie_variance_power: 1.5]
[lambdarank_truncation_level: 30]
[lambdarank_norm: 1]
[label_gain: ]
[lambdarank_position_bias_regularization: 0]
[eval_at: ]
[multi_error_top_k: 1]
[auc_mu_weights: ]
[num_machines: 1]
[local_listen_port: 12400]
[time_out: 120]
[machine_list_filename: ]
[machines: ]
[gpu_platform_id: -1]
[gpu_device_id: -1]
[gpu_device_id_list: ]
[gpu_use_dp: 0]
[num_gpu: 1]

end of parameters

pandas_categorical:[]
