tree
version=v4
num_class=1
num_tree_per_iteration=1
label_index=0
max_feature_idx=323
objective=binary sigmoid:1
feature_names=amt_n amt_mean amt_std amt_max amt_sum amt_min amt_median amt_q10 amt_q25 amt_q75 amt_q90 amt_skew z_mean z_std z_median z_q10 z_q90 z_max z_mean_kirim z_mean_chiqim z_mean_karta z_mean_bank_otkazmasi z_mean_naqd z_mean_xalqaro z_mean_last30d z_mean_last50 n_tx share_is_in share_is_night share_is_weekend share_is_big2 share_is_big3 share_is_floor share_in_then_out_1h share_in_then_out_24h share_passthrough_1h share_passthrough_24h share_is_karta share_is_bank_otkazmasi share_is_naqd share_is_xalqaro cnt_is_in cnt_is_night cnt_is_weekend cnt_is_big2 cnt_is_big3 cnt_is_floor cnt_in_then_out_1h cnt_in_then_out_24h cnt_passthrough_1h cnt_passthrough_24h cnt_is_karta cnt_is_bank_otkazmasi cnt_is_naqd cnt_is_xalqaro amt_top5_mean kirim_n kirim_mean kirim_std kirim_max kirim_sum kirim_expsum chiqim_n chiqim_mean chiqim_std chiqim_max chiqim_sum chiqim_expsum karta_n karta_mean karta_std karta_max karta_sum karta_expsum bank_otkazmasi_n bank_otkazmasi_mean bank_otkazmasi_std bank_otkazmasi_max bank_otkazmasi_sum bank_otkazmasi_expsum naqd_n naqd_mean naqd_std naqd_max naqd_sum naqd_expsum xalqaro_n xalqaro_mean xalqaro_std xalqaro_max xalqaro_sum xalqaro_expsum kirim_karta_n kirim_karta_mean kirim_karta_std kirim_karta_q10 kirim_karta_q50 kirim_karta_q90 kirim_bank_otkazmasi_n kirim_bank_otkazmasi_mean kirim_bank_otkazmasi_std kirim_bank_otkazmasi_q10 kirim_bank_otkazmasi_q50 kirim_bank_otkazmasi_q90 kirim_naqd_n kirim_naqd_mean kirim_naqd_std kirim_naqd_q10 kirim_naqd_q50 kirim_naqd_q90 kirim_xalqaro_n kirim_xalqaro_mean chiqim_karta_n chiqim_karta_mean chiqim_karta_std chiqim_karta_q10 chiqim_karta_q50 chiqim_karta_q90 chiqim_bank_otkazmasi_n chiqim_bank_otkazmasi_mean chiqim_bank_otkazmasi_std chiqim_bank_otkazmasi_q10 chiqim_bank_otkazmasi_q50 chiqim_bank_otkazmasi_q90 chiqim_naqd_n chiqim_naqd_mean chiqim_naqd_std chiqim_naqd_q10 chiqim_naqd_q50 chiqim_naqd_q90 chiqim_xalqaro_n chiqim_xalqaro_mean hist_all_b0 hist_all_b1 hist_all_b2 hist_all_b3 hist_all_b4 hist_all_b5 hist_all_b6 hist_all_b7 hist_all_b8 hist_all_b9 hist_all_b10 hist_bank_b0 hist_bank_b1 hist_bank_b2 hist_bank_b3 hist_bank_b4 hist_bank_b5 hist_bank_b6 hist_bank_b7 hist_bank_b8 hist_bank_b9 hist_bank_b10 hist_karta_b0 hist_karta_b1 hist_karta_b2 hist_karta_b3 hist_karta_b4 hist_karta_b5 hist_karta_b6 hist_karta_b7 hist_karta_b8 hist_karta_b9 hist_karta_b10 span_days days_since_first days_since_last active_days max_tx_per_day std_tx_per_day gap_mean_h gap_median_h gap_min_h gap_max_h gap_std_h hour_mean hour_std active_day_share tx_per_day tx_per_active_day share_gap_lt_10m w1_n w1_mean w1_max w1_share_in w1_share_naqd w1_share_xalqaro w1_share_bank w1_mean_minus_all w3_n w3_mean w3_max w3_share_in w3_share_naqd w3_share_xalqaro w3_share_bank w3_mean_minus_all w7_n w7_mean w7_max w7_share_in w7_share_naqd w7_share_xalqaro w7_share_bank w7_mean_minus_all w14_n w14_mean w14_max w14_share_in w14_share_naqd w14_share_xalqaro w14_share_bank w14_mean_minus_all w30_n w30_mean w30_max w30_share_in w30_share_naqd w30_share_xalqaro w30_share_bank w30_mean_minus_all w60_n w60_mean w60_max w60_share_in w60_share_naqd w60_share_xalqaro w60_share_bank w60_mean_minus_all w90_n w90_mean w90_max w90_share_in w90_share_naqd w90_share_xalqaro w90_share_bank w90_mean_minus_all last10_mean last10_std last10_max last10_share_in last10_share_naqd last10_share_xalqaro last10_span_h last50_mean last50_std last50_max last50_share_in last50_share_naqd last50_share_xalqaro last50_span_h bucket0_n bucket1_n bucket2_n bucket3_n bucket4_n bucket5_n bucket0_mean bucket1_mean bucket2_mean bucket3_mean bucket4_mean bucket5_mean no_tx few_tx in_out_count_ratio in_out_volume_logratio net_flow_share card_vs_bank_ratio cash_intl_share cash_share_of_volume intl_share_of_volume amt_spike_z amt_range w1_share_of_tx w1_rate_ratio w1_naqd_minus_all w1_xalqaro_minus_all w1_in_minus_all w3_share_of_tx w3_rate_ratio w3_naqd_minus_all w3_xalqaro_minus_all w3_in_minus_all w7_share_of_tx w7_rate_ratio w7_naqd_minus_all w7_xalqaro_minus_all w7_in_minus_all w14_share_of_tx w14_rate_ratio w14_naqd_minus_all w14_xalqaro_minus_all w14_in_minus_all w30_share_of_tx w30_rate_ratio w30_naqd_minus_all w30_xalqaro_minus_all w30_in_minus_all w60_share_of_tx w60_rate_ratio w60_naqd_minus_all w60_xalqaro_minus_all w60_in_minus_all w90_share_of_tx w90_rate_ratio w90_naqd_minus_all w90_xalqaro_minus_all w90_in_minus_all z_last30d_minus_all z_last50_minus_all last10_mean_minus_all last10_naqd_minus_all last10_xalqaro_minus_all last50_mean_minus_all last50_naqd_minus_all last50_xalqaro_minus_all recent_month_vs_prior activity_trend amount_trend sig_month sig_dow sig_days_since_2025
feature_infos=[1:2279] [-2.1882801181098666:5.0967180964281287] [0.28664728846305904:1.9166176865667646] [-2.1882801181098666:6.691657029911009] [-2005.7977191805578:1271.9979927006964] [-2.9123135044823321:5.0967180964281287] [-2.1882801181098666:5.0967180964281287] [-2.379335604242736:5.0967180964281287] [-2.1882801181098666:5.0967180964281287] [-2.1882801181098666:5.0967180964281287] [-2.1882801181098666:5.0967180964281287] [-1.1394695199989988:2.6730817678190291] [-2.5103516003591837:4.583620595531924] [0.23234585958617826:2.4492739703351982] [-2.5103516003591837:4.583620595531924] [-2.5103516003591837:4.583620595531924] [-2.5103516003591837:4.583620595531924] [-2.5103516003591837:7.1763864973459031] [-2.5103516003591837:3.5339739560466255] [-2.2846459157165686:4.583620595531924] [-2.5103516003591837:4.583620595531924] [-2.09935449813957:4.1383540291805705] [-2.3969441812450736:3.5339739560466255] [-2.1998763561354009:4.3117299946536107] [-2.6705543242670782:4.583620595531924] [-2.5103516003591837:4.583620595531924] [1:2279] [0:1] [0:1] [0:1] [0:1] [0:1] [0:0.05329153605015674] [0:0.29629629629629628] [0:0.29629629629629628] [0:0.16666666666666666] [0:0.16666666666666666] [0:1] [0:1] [0:1] [0:1] [0:1805] [0:548] [0:1032] [0:268] [0:121] [0:49] [0:249] [0:391] [0:34] [0:85] [0:1276] [0:1100] [0:259] [0:21] [-2.1882801181098666:6.3303802870028418] [0:1805] [-2.1882801181098666:4.046036509968709] [0.21336055538131746:2.3065720465257509] [-2.1882801181098666:6.691657029911009] [-1867.9446738790448:827.36848567881145] [0:6249.0094945463425] [0:570] [-2.3203885170359371:5.0967180964281287] [0.056907279467466564:2.3907794659034569] [-2.3203885170359371:6.691657029911009] [-425.09245715249102:548.95177190121649] [0:6120.8044178940982] [0:1276] [-2.1882801181098666:3.779012609978059] [0.094540234208270388:2.4604821660041716] [-2.1882801181098666:4.1834982653003081] [-1265.8131335689495:217.61047387998144] [0:1950.0465930705591] [0:1100] [-2.2473833503188096:5.0967180964281287] [0.16142859898398521:2.1093337235892085] [-1.7183343282845327:6.691657029911009] [-788.86034120398404:1079.8301010440189] [0:10263.395286751353] [0:259] [-1.2961172691222571:3.5496618244420466] [9.0667868281851859e-05:3.2696551027384348] [-1.2961172691222571:4.8627912640490401] [-75.473463215995395:375.64690729964434] [0:1595.6685000000073] [0:21] [-0.36252613018463659:6.4303904919307273] [0.00035675748888616124:3.6383315718778309] [-0.36252613018463659:6.4303904919307273] [-0.36252613018463659:47.322430828454763] [0:1224.6656762636944] [0:1188] [-2.1882801181098666:2.4293271872816766] [0.014819354715281272:2.080307195356768] [-2.1882801181098666:2.4293271872816766] [-2.1882801181098666:2.4293271872816766] [-2.1882801181098666:3.1036200173280606] [0:881] [-2.2528571761143605:3.3412833267715349] [0.10865433225002899:2.3094385490579521] [-2.9068917166668511:3.3412833267715349] [-2.2595518300019237:3.3412833267715349] [-1.9126459174966266:4.3694306419238647] [0:200] [-1.2048968407495082:3.1432143394322423] [9.0667868281851859e-05:3.2696551027384348] [-1.2064939406695492:3.1432143394322423] [-1.2048968407495082:3.220109995887841] [-1.2048968407495082:4.1550905763123627] [0:20] [-0.34518187917643561:6.4303904919307273] [0:351] [-2.2071256280973488:3.779012609978059] [0.0091999209304930701:2.7308834161772935] [-2.2137968212525272:3.779012609978059] [-2.2071256280973488:3.779012609978059] [-2.2071256280973488:4.0828386799682157] [0:391] [-2.4779697040594617:5.0967180964281287] [0.0032079948627512797:2.9460953503924605] [-2.8356377839285352:5.0967180964281287] [-2.6510456439744452:5.0967180964281287] [-2.3203885170359371:5.0967180964281287] [0:111] [-1.3180279385524722:4.7370741850501021] [6.9597039723531354e-05:2.7377258616628044] [-1.3180279385524722:4.7370741850501021] [-1.3180279385524722:4.7370741850501021] [-1.3180279385524722:4.7370741850501021] [0:7] [-0.51840220907071599:6.4303904919307273] [0:1] [0:1] [0:1] [0:1] [0:1] [0:1] [0:1] [0:1] [0:1] [0:1] [0:1] [0:0.8014184397163121] [0:1] [0:1] [0:1] [0:1] [0:1] [0:1] [0:1] [0:1] [0:1] [0:1] [0:1] [0:1] [0:1] [0:1] [0:1] [0:1] [0:1] [0:1] [0:0.5] [0:0.59999999999999998] [0:1] [0:179.99996527777779] [1:180] [0:7] [1:181] [1:808] [0:103.16041345377985] [7.8531681924250585e-05:3786.0733333333333] [0:3786.0733333333333] [0:3786.0733333333333] [0.00055555555555555556:3786.0733333333333] [0.00012814671675266776:2497.2566100557256] [0:23] [0:12.727922061357855] [0.012578616352201259:1] [0.012578616352201259:310] [1:620] [0:0.99838709677419357] [0:811] [-2.9103030872057047:5.0967180964281287] [-2.9103030872057047:6.4303904919307273] [0:1] [0:1] [0:1] [0:1] [-3.061399910173308:2.467357078406784] [0:877] [-2.9103030872057047:5.1173024594390748] [-2.9103030872057047:6.4303904919307273] [0:1] [0:1] [0:1] [0:1] [-3.061399910173308:4.0424734647355089] [1:1016] [-2.9030083296771982:5.0967180964281287] [-2.9030083296771982:6.4303904919307273] [0:1] [0:1] [0:1] [0:1] [-3.061399910173308:2.601378230075774] [1:1224] [-2.9030083296771982:5.0967180964281287] [-2.9030083296771982:6.4303904919307273] [0:1] [0:1] [0:1] [0:1] [-3.061399910173308:2.467357078406784] [1:1530] [-2.9030083296771982:5.0967180964281287] [-2.9030083296771982:6.4303904919307273] [0:1] [0:1] [0:1] [0:1] [-3.061399910173308:1.6571850405619806] [1:1652] [-2.1882801181098666:5.0967180964281287] [-2.1882801181098666:6.5792703269559603] [0:1] [0:1] [0:1] [0:1] [-1.6133709390592901:1.6571850405619806] [1:2004] [-2.1882801181098666:5.0967180964281287] [-2.1882801181098666:6.691657029911009] [0:1] [0:1] [0:1] [0:1] [-1.6848314868169649:1.6571850405619806] [-2.3429751156254532:5.0967180964281287] [0.15424703228627068:2.373535653122143] [-2.1882801181098666:5.9305440779916134] [0:1] [0:1] [0:1] [0:4307.2577777777778] [-2.1882801181098666:5.0967180964281287] [0.22337614487936411:1.8940143002200636] [-2.1882801181098666:6.691657029911009] [0:1] [0:1] [0:1] [0:4319.5627777777781] [1:1520] [0:818] [0:647] [0:679] [0:444] [0:436] [-2.9030083296771982:5.0967180964281287] [-1.8801167760495869:2.4086700148120643] [-2.0588920239713597:4.0489088500611947] [-1.7183001470135923:3.0108021551644555] [-2.1042629849263945:4.1153807865488252] [-2.3203885170359371:3.8459678277847225] none [0:1] [0.375:239] [-5.1028162531861216:4.989097018019085] [-0.99999999999388323:0.99999999999314149] [0.0011547344110854503:13.476190476190476] [0:1] [0:0.99999999995603006] [0:0.99999999998250855] [0.70710678049988451:9.4520380468367957] [0:9.598831916427379] [0:0.99999999999838707] [0:49.666664199889013] [-0.45454545454545453:0.97297297297297303] [-0.058823529411764705:0.99285714285714288] [-0.90000000000000002:0.75] [0:0.99999999999838707] [0:24.833332099944506] [-0.45454545454545453:0.97297297297297303] [-0.058823529411764705:0.99371069182389937] [-0.90000000000000002:0.75] [0.0010204081632642649:0.99999999999838707] [0.0093052109174214474:12.416666049972253] [-0.45454545454545453:0.97297297297297303] [-0.058823529411764705:0.99371069182389937] [-0.90000000000000002:0.75] [0.0016420361247920492:0.99999999999838707] [0.0198139025666344:6.6222218933185353] [-0.45454545454545453:0.97297297297297303] [-0.058823529411764705:0.97727272727272729] [-0.90000000000000002:0.75] [0.0020533880903448598:0.99999999999858957] [0.011922898584716844:3.2278100573868516] [-0.45454545454545453:0.94117647058823528] [-0.058823529411764705:0.375] [-0.79661016949152541:0.69999999999999996] [0.018480492813103738:0.99999999999928157] [0.032786885180327872:2.3256694832421547] [-0.33333333333333331:0.76923076923076916] [-0.058823529411764705:0.20833333333333331] [-0.76923076923076927:0.3928571428571429] [0.084188911704139238:0.99999999999939648] [0.021978021934065936:1.8350829290848181] [-0.33333333333333331:0.5] [-0.041666666666666664:0.125] [-0.59999999999999998:0.3571428571428571] [-2.8470148614041473:1.4380987080436538] [-1.7877183177549898:0.72160909021891484] [-2.2674334294441767:1.0334048073759519] [-0.31950207468879666:0.6333333333333333] [-0.07407407407407407:0.19676375404530747] [-1.4675609402744634:0.76095556580701817] [-0.15604938271604937:0.25746905089408534] [-0.032171581769436998:0.087381703470031546] [0.020366598778004074:710] [-0.50246305418719206:0.84995004995004997] [-0.73531915404577475:0.72810258520401838] [1:12] [0:6] [0:729]
tree_sizes=2762 2882 2878 2882 2886 2893 2857 2869 2896 2879 2873 2881 2899 2885 2893 2856 2887 2871 2883 2885 2909 2894 2880 2865 2887 2891 2886 2893 2864 2895 2862 2874 2894 2885 2894 2873 2878 2899 2892 2876 2896 2893 2903 2877 2879 2892 2890 2894 2858 2884 2886 2896 2882 2903 2895 2883 2890 2905 2887 2872 2890 2905 2889 2891 2874 2895 2891 2894 2882 2871 2903 2909 2894 2891 2877 2888 2886 2863 2885 2910 2904 2906 2888 2879 2895 2898 2892 2906 2894 2880 2889 2865 2879 2899 2885 2905 2882 2896 2895 2866 2890 2877 2898 2886 2870 2920 2898 2908 2907 2898 2882 2905 2898 2887 2887 2894 2900 2902 2889 2923 2873 2894 2906 2908 2902 2897 2887 2898 2898 2900 2900 2901 2886 2884 2878 2901 2894 2896 2905 2889 2904 2914 2884 2895 2901 2910 2914 2883 2900 2906 2891 2882 2908 2896 2889 2884 2912 2887 2905 2891 2903 2884 2887 2904 2890 2909 2900 2896 2897 2914 2897 2899 2899 2896 2902 2878 2904 2888 2888 2891 2910 2898 2897 2888 2905 2894 2904 2892 2875 2907 2915 2895 2889 2897 2895 2898 2907 2874 2887 2897 2925 2907 2901 2878 2890 2900 2910 2894 2888 2888 2887 2894 2908 2905 2897 2875 2892 2887 2917 2884 2881 2890 2906 2874 2889 2865 2899 2914 2906 2894 2906 2900 2887 2912 2895 2880 2879 2894 2899 2867 2896 2917 2912 2898 2893 2916 2909 2887 2905 2913 2880 2887 2895 2909 2916 2902 2879 2888 2891 2901 2904 2909 2877 2906 2905 2878 2909 2893 2896 2905 2910 2868 2896 2896 2892 2897 2906 2911 2898 2903 2897 2903 2895 2895 2887 2882 2912 2893 2892 2882 2896 2868 2887 2893 2876 2900 2896 2896 2897 2891 2909 2891 2910 2894 2912 2887 2893 2895 2896 2864 2897 2902 2911 2904 2883 2882 2907 2886 2913 2900 2902 2904 2892 2903 2904 2891 2883 2874 2904 2908

Tree=0
num_leaves=25
num_cat=0
split_feature=271 5 5 32 119 109 122 113 103 11 126 114 120 122 22 71 147 181 144 113 77 248 131 186
split_gain=98.439 62.7998 53.1408 35.7156 39.3597 36.6856 32.5791 26.2113 22.9881 26.0599 20.8489 27.1225 20.921 18.2859 17.0057 15.6748 17.3421 14.9378 14.2797 13.2174 15.0994 13.9793 13.1844 12.8818
threshold=0.10952046704805242 -2.8983711643309662 -2.8712440139818409 0.0014316399604838677 0.53403725152827974 1.1685457581177501 0.30967284454575122 0.2594736628512177 1.5688946303032212 0.47118238897844938 0.67274882465286645 0.73302609563181453 0.80027054189581903 0.62680524993752162 0.60117567594106958 3.0201438163688885 0.11994897959183674 0.06595595833762434 0.0837014693003795 -0.0084381434609365393 2.541182802161901 0.82426470588235301 2.5311958074488641 0.074179894179894193
decision_type=2 2 2 2 10 10 8 10 10 10 8 8 8 8 10 8 10 2 10 10 10 2 8 10
left_child=3 -2 -3 4 5 18 10 -8 9 22 11 12 -4 14 -9 -6 -17 -13 19 -1 21 -21 -7 -24
right_child=1 2 6 -5 15 8 7 13 -10 -11 -12 17 -14 -15 -16 16 -18 -19 -20 20 -22 -23 23 -25
leaf_value=-1.5764298173736166 -1.5770302144791553 -1.5625688469676076 -1.5666453935705147 -1.5795431574145322 -1.5772196863421366 -1.5585742787154087 -1.5774912753142327 -1.5725216885139857 -1.5742276789092424 -1.5741748053853282 -1.5724884362662421 -1.570146590395203 -1.5746147883208113 -1.5731202335980843 -1.5589796023197093 -1.5751587017637836 -1.5638895907914161 -1.5562975264173562 -1.5695210361015701 -1.5661345346987401 -1.5771990312175099 -1.5767925543809407 -1.5653903649476961 -1.5753316525155212
leaf_weight=228.4942572414875 108.12928736209869 108.27156274020672 137.15346449613571 136.72663836181164 364.65179409086704 25.182741925120354 85.934328377246857 16.503943860530853 63.881644770503044 38.841178223490715 84.653849974274635 12.093407139182089 41.544410407543182 74.410022750496864 19.49172680079937 42.967164188623428 16.646219238638878 31.300583183765411 49.369556203484535 42.682613432407379 32.011960074305534 14.654363945126532 75.975051909685135 14.085262432694433
leaf_count=1606 760 761 964 961 2563 177 604 116 449 273 595 85 292 523 137 302 117 220 347 300 225 103 534 99
internal_value=-1.57298 -1.57009 -1.56884 -1.5748 -1.57414 -1.57246 -1.57025 -1.57342 -1.56923 -1.56717 -1.56823 -1.56663 -1.5685 -1.57023 -1.56467 -1.57645 -1.57176 -1.55972 -1.57438 -1.57517 -1.57194 -1.56892 -1.56483 -1.56698
internal_weight=1865.66 719.487 611.357 1146.17 1009.44 585.179 503.086 196.34 217.966 154.084 306.746 222.092 178.698 110.406 35.9957 424.265 59.6134 43.394 367.213 317.843 89.3489 57.337 115.243 90.0603
internal_count=13113 5057 4297 8056 7095 4113 3536 1380 1532 1083 2156 1561 1256 776 253 2982 419 305 2581 2234 628 403 810 633
is_linear=0
shrinkage=1


Tree=1
num_leaves=25
num_cat=0
split_feature=119 32 85 119 108 131 117 119 72 209 201 89 103 72 100 108 23 163 232 201 108 176 153 127
split_gain=96.4446 83.643 26.6139 30.6294 33.3798 23.2609 20.6386 27.0568 26.9245 19.9364 19.085 19.0411 18.4272 18.3609 17.4562 16.6736 16.9566 16.6356 15.754 15.1199 14.6484 14.2857 12.6557 22.1373
threshold=0.1139320758811037 1.0000000180025095e-35 55.914247991496048 0.57785867847080996 0.6967650970564595 1.1296400249269674 0.76879888202839075 -0.26126052086294377 -192.67937576576995 0.76490327674694047 0.82621713095548044 2.0225266287999433 1.6113601096433741 18.481566027804121 0.86330575508407759 0.26938899299508989 -0.40945686289158251 0.0084328924287678398 1.3158247806032113 0.74623077505871671 0.53634277001972974 12.705565119858102 0.022962142781820103 0.78044617558276175
decision_type=8 2 2 10 10 8 10 10 2 2 2 8 10 2 10 10 8 10 2 2 8 2 10 10
left_child=1 5 9 4 21 10 7 15 -8 -2 -1 -6 18 -5 -13 16 -7 -16 -10 -17 -9 -4 23 -15
right_child=2 -3 3 13 11 6 8 20 12 -11 -12 14 -14 22 17 19 -18 -19 -20 -21 -22 -23 -24 -25
leaf_value=0.013111152949776675 -0.0014579344845486262 -0.0043920485345792341 0.00059105478800076396 -0.0039549643423039274 -0.005239558040050901 0.0059296732887039521 0.016065389055347722 -0.002462752862474112 -0.0041437645180006383 -0.0054322556816274164 0.0012802210122645247 0.012383371952104667 -0.0052619411961669039 -0.00066222151540345998 -0.00025420552298551115 0.013908550272173845 -0.00019995286169542843 0.0083392989620708364 0.0072524165997828729 0.0032185595797750029 0.0043570567506254886 -0.0065268042381853922 -0.0018908255733808574 0.013066633767386213
leaf_weight=47.694110706448555 253.95586621761322 129.49071942269802 100.8556295633316 230.76240792870522 12.552257940173147 90.051193177700043 23.563770487904549 121.5174261033535 11.689924597740172 255.63275311887264 19.851987063884735 36.531311988830566 14.085658386349676 28.298099771142006 44.132365852594376 29.223318234086037 86.826757624745369 42.370680928230286 105.92846269905567 26.791078150272369 39.338899463415146 35.980201482772827 61.532652616500854 16.781341463327408
leaf_count=334 1787 913 709 1625 88 631 165 854 82 1800 139 256 99 199 310 205 609 297 742 188 276 253 433 118
internal_value=6.18035e-05 0.00284142 -0.00179237 -0.000376964 0.00210307 0.0043754 0.00365403 0.00240235 0.00672164 -0.00347267 0.00984035 0.00556959 0.00473852 -0.00238335 0.00677374 0.00456122 0.0029595 0.00407504 0.00604038 0.0092149 -0.000742071 -0.00136798 0.00102356 0.004899
internal_weight=1865.44 746.053 1119.39 609.797 272.422 616.563 549.016 393.749 155.268 509.589 67.5461 135.587 131.704 337.375 123.034 232.892 176.878 86.503 117.618 56.0144 160.856 136.836 106.612 45.0794
internal_count=13112 5237 7875 4288 1913 4324 3851 2763 1088 3587 473 951 923 2375 863 1633 1240 607 824 393 1130 962 750 317
is_linear=0
shrinkage=0.01


Tree=2
num_leaves=25
num_cat=0
split_feature=122 32 271 109 71 76 271 273 42 126 253 103 308 11 109 303 122 122 185 323 192 114 293 11
split_gain=97.8866 84.0362 42.5825 30.9749 29.0371 30.5101 21.5505 19.8796 23.4075 21.5 19.3414 17.9875 17.855 19.8657 13.8347 18.0053 15.8588 13.6151 13.3858 12.5492 12.3222 19.4513 16.7433 11.7468
threshold=0.26025589624797435 1.0000000180025095e-35 0.12410239285810597 1.2469916402469974 1.8712682238841702 0.80655261278894375 0.10604414144129022 5.4713495324663919 77.500000000000014 0.61804550761104615 71.500000000000014 1.584666890513849 -0.0023194598618861474 0.47118238897844938 1.9109651622609172 0.0033103985662621071 0.64143503934520274 -0.36849868177710049 0.77435167615433287 547.50000000000011 0.84394605810609746 0.72765134955375765 -0.0040622902846078517 0.45757419818258566
decision_type=8 2 2 10 8 8 2 10 2 8 2 10 2 10 10 2 8 10 10 2 10 10 2 10
left_child=1 2 3 17 18 10 23 8 9 -4 -6 12 -5 -14 15 -8 -16 19 -2 -1 22 -22 -10 -7
right_child=4 -3 7 11 5 6 14 -9 20 -11 -12 -13 13 -15 16 -17 -18 -19 -20 -21 21 -23 -24 -25
leaf_value=0.0016443840332904551 -0.002435693751573802 -0.0043106378995456211 0.0078344657009297002 -0.00050870466586138742 0.0015799311330849098 -0.0014838848084649165 -0.0029424524334046138 -0.0017010573941566662 0.0069826879910444527 -0.003052541070271704 0.014866384275557053 -0.0013341158633223163 0.01303595952384122 0.00049364174076681222 0.011324156138623103 0.0082913405073787774 0.0014279663769683816 -0.00096595099706662374 -0.0063446267561542815 0.010721893993674068 0.0023929987270790765 0.011232176053200269 0.015614940481006099 -0.0052039800491860124
leaf_weight=86.980328112840652 186.67202670872211 151.483682975173 31.947336465120316 18.335287407040596 28.890180975198746 267.95557397603989 77.680924907326698 24.618523702025414 52.889313250780106 35.395387277007103 15.835667878389357 23.732225626707077 56.9654461145401 16.514592751860619 22.066529914736748 14.507427915930746 50.004697203636169 241.56302060186863 174.78943526744843 16.15554441511631 59.522025093436241 43.146477192640305 52.486526042222977 124.80961890518665
leaf_count=609 1315 1071 223 128 203 1889 546 172 369 248 111 167 397 116 154 102 352 1697 1234 113 416 300 366 881
internal_value=8.54611e-05 0.00243062 0.00378622 0.00185332 -0.00213394 -0.000778859 -0.00143015 0.006703 0.00746761 0.0022059 0.00691222 0.00626709 0.00822358 0.0103536 0.00158844 -0.000969 0.00478593 0.000331735 -0.00436341 0.00332511 0.00911336 0.00631962 0.0115887 -0.00269746
internal_weight=1874.95 911.736 760.252 460.246 963.212 601.751 557.025 300.006 275.387 67.3427 44.7258 115.548 91.8153 73.48 164.26 92.1884 72.0712 344.699 361.461 103.136 208.044 102.669 105.376 392.765
internal_count=13179 6392 5321 3227 6787 4238 3924 2094 1922 471 314 808 641 513 1154 648 506 2419 2549 722 1451 716 735 2770
is_linear=0
shrinkage=0.01


Tree=3
num_leaves=25
num_cat=0
split_feature=122 5 5 113 122 84 123 164 124 174 131 105 102 108 260 69 63 113 316 279 158 29 14 215
split_gain=93.9787 87.5787 42.9933 33.0219 28.0574 24.9396 28.8236 17.2219 15.1969 14.6934 14.3328 19.1087 19.9869 13.9523 13.8628 16.4368 13.4985 13.0933 12.7606 12.7404 12.5167 14.2667 13.3742 12.3043
threshold=0.26025589624797435 -2.8983711643309662 -2.8804666839538475 0.2594736628512177 0.5831164900693222 20.544132471151432 0.91603001969711262 0.0012699374539687964 3.5000000000000004 53.953750000000007 1.2475667522056213 0.28992395043123026 -0.53023204677869229 0.94514344071718093 -0.19522697998165958 -0.14210395534680834 0.83020469687658949 0.039649101722718981 0.022128372421089764 0.0048698984138299548 0.28769036504170814 0.36547492970090939 -0.33445738181768225 -0.47029585550822411
decision_type=8 2 2 10 8 2 10 10 2 10 8 10 10 10 10 10 10 8 2 8 8 2 2 2
left_child=1 -1 -3 19 8 6 10 -6 -5 -7 18 20 -13 -10 -11 -16 -9 -8 -4 -2 21 22 -12 -19
right_child=3 2 5 4 7 9 17 16 13 14 11 12 -14 -15 15 -17 -18 23 -20 -21 -22 -23 -24 -25
leaf_value=-0.0042614320130723018 -0.0021870100521460979 0.0092266654483242234 0.0031250241829786406 -0.0012525674066545542 -0.0027545850193656371 0.00056836125241356908 -0.0029910952274941846 0.0086000111713507039 0.0027352158453858538 0.013459273869198905 -0.00041179514111394747 0.015756585766751437 0.003976630138800113 0.012002019585858524 0.00053153963481041889 0.011862591295636554 -8.3721843248853739e-05 0.01001930037222017 0.014907088859532701 -0.0052891125147245159 -0.0036233718855212559 0.011482460184514584 0.0079868558999100624 -0.00020254299991951023
leaf_weight=160.90650105476379 281.29054805636406 120.53931099176407 21.010370835661888 29.090146958827972 238.46061715483665 28.993366241455078 134.19693785905838 22.471652507781982 37.204998537898064 36.400978177785873 103.76844774186611 15.226471349596975 93.217808350920677 30.064098283648491 33.037377044558525 18.573157072067261 60.187444388866425 13.591577142477034 17.271425157785416 262.4810829013586 46.285527601838112 12.149217098951338 20.246324479579926 40.531600549817085
leaf_count=1140 1986 836 146 205 1684 202 942 158 261 253 725 106 652 209 230 129 424 95 120 1856 325 85 142 284
internal_value=9.20268e-05 0.00238093 0.00380848 -0.00208854 2.6578e-05 0.00274104 0.00177499 -0.00139609 0.00468206 0.00686198 0.00354995 0.0027313 0.00599967 0.00720963 0.00884156 0.00503391 0.00247249 -0.00132893 0.00912776 -0.00370596 0.000721008 0.0022489 0.00109951 0.00271826
internal_weight=1877.2 915.946 755.04 961.251 417.479 634.501 517.496 321.12 96.3592 117.005 329.176 290.894 108.444 67.2691 88.0115 51.6105 82.6591 188.32 38.2818 543.772 182.45 136.164 124.015 54.1232
internal_count=13195 6412 5272 6783 2941 4436 3622 2266 675 814 2301 2035 758 470 612 359 582 1321 266 3842 1277 952 867 379
is_linear=0
shrinkage=0.01


Tree=4
num_leaves=25
num_cat=0
split_feature=123 46 84 99 105 147 161 131 71 75 119 118 311 122 11 120 118 283 192 120 267 27 70 192
split_gain=85.7061 62.9863 34.504 34.96 30.1414 41.0277 27.7156 22.2745 19.3562 21.6082 18.8384 18.7218 18.408 16.3822 14.9144 14.5259 14.4521 13.6405 13.5275 13.0299 17.6766 11.7863 14.9004 13.7998
threshold=1.3037559528709568 1.0000000180025095e-35 20.544132471151432 -0.50302093296390216 0.95325439068398365 0.14299530256977069 0.009720548980700636 1.2475667522056213 1.8389733079629436 0.38069239111277625 0.1645283755538979 114.50000000000001 -0.12228622892328357 0.66995566521647709 0.30058743740485938 1.1692192536473971 26.500000000000004 -0.0032760054734243776 1.5801836601907351 0.68910224051724644 1.4365785872673997 0.74447017599448306 0.63044398765376231 1.0532294598084768
decision_type=8 2 2 10 10 10 10 10 8 10 10 2 2 10 10 10 2 8 10 10 2 2 10 10
left_child=1 2 3 7 8 11 -5 12 -2 14 18 -6 19 16 17 -13 -7 -10 -8 20 -1 22 23 -4
right_child=4 -3 21 6 5 13 10 -9 9 -11 -12 15 -14 -15 -16 -17 -18 -19 -20 -21 -22 -23 -24 -25
leaf_value=0.015438912139428955 -0.0052645056377213966 -0.0045153954962804093 0.011384432447378192 -0.0018279982186810845 -0.0027621943221256906 -0.0010909030402101911 0.0038283276086421036 0.00011197092976078919 0.010558253534981047 -0.0040139418899539439 -0.0015256013143596456 0.0095719199216122881 -0.0015401564962339393 -0.00012913007721696446 -0.0015192543555613022 -0.0021744064673411552 0.010578832449867315 0.0011767169340609006 0.012393589980223035 0.0056994779923999839 0.0030420133205746394 0.0038848191682100785 0.014686770518971862 -5.8062988483133726e-05
leaf_weight=43.003491327166557 271.99923770129681 113.49976590275764 17.302876770496368 214.25152885913849 232.20857617259026 12.215591013431547 104.10173267126083 57.184459716081619 20.710522025823593 196.84251095354557 51.750584274530411 21.334744527935982 19.462360039353371 31.974327743053436 110.50017988681793 16.897844552993774 54.630305007100105 48.709927648305893 21.382712781429291 85.452144533395767 17.841822430491447 49.251836240291595 39.783448681235313 21.681603506207466
leaf_count=298 1926 807 120 1504 1640 86 726 398 145 1393 365 150 136 226 779 119 381 342 149 592 124 342 274 151
internal_value=1.15791e-05 0.00234023 0.00340283 0.00239409 -0.00194641 0.000331239 0.000579426 0.00552876 -0.00324014 -0.00174756 0.00347819 -0.00168605 0.0073581 0.00575476 0.000750291 0.00456439 0.00847423 0.00429454 0.00553775 0.00855543 0.0121174 0.00807948 0.0104634 0.00542466
internal_weight=1873.97 855.95 742.451 614.431 1018.02 369.261 391.487 222.944 648.762 376.763 177.235 270.441 165.76 98.8202 179.921 38.2326 66.8459 69.4204 125.484 146.297 60.8453 128.02 78.7679 38.9845
internal_count=13173 5986 5179 4292 7187 2602 2744 1548 4585 2659 1240 1909 1150 693 1266 269 467 487 875 1014 422 887 545 271
is_linear=0
shrinkage=0.01


Tree=5
num_leaves=25
num_cat=0
split_feature=32 21 109 147 109 149 107 157 124 126 107 177 79 240 152 20 277 158 146 313 146 161 10 197
split_gain=76.5073 89.2765 35.2554 48.8411 31.6348 46.7451 21.993 19.7629 18.1593 16.0425 15.2696 14.879 14.6834 14.2837 14.0224 19.7231 19.1887 15.2193 14.0106 15.4828 14.7943 13.6406 13.8534 15.0388
threshold=0.00062896092095701759 -0.11201306383186178 1.3745955474756444 0.1461861667744021 1.0213859543395061 0.087889098349349409 0.25521975655414714 0.42166958432018681 6.5000000000000009 0.36868518551418905 -0.3876250088910464 7.4833894296576711 844.43409635561909 1.4240961544694701 0.12185120558375635 0.71399435446346238 -0.019099594672843074 0.18577749683944378 0.24197230814552956 0.059741932802792629 0.27205442176870759 0.009720548980700636 0.68338503675201434 -0.34818790043310366
decision_type=2 8 10 10 10 10 10 8 2 10 10 10 2 2 8 10 10 8 10 2 10 10 2 10
left_child=1 4 -3 14 5 7 -5 8 -1 13 -9 12 -11 -8 15 17 -17 -4 19 -10 -20 -7 23 -23
right_child=-2 2 3 6 -6 21 9 10 18 11 -12 -13 -14 -15 -16 16 -18 -19 20 -21 -22 22 -24 -25
leaf_value=0.0028700790074809336 -0.005043604843336701 -0.003379378785316365 0.0073476981967166054 0.0011305864101970483 0.0070647466284657467 -0.0039680174396842152 -0.0044540200495842416 -0.0042455435993479038 0.0083213491066132933 0.015126791286061401 0.0043846324168235126 0.0016132981348618723 0.0020876905892790098 0.0078261401057980462 -0.0042574777503474083 -0.00034174544793395492 0.010729246629851181 -0.0030608836102785043 -0.00079157561349443709 0.021229709111763327 0.0095681336609895022 -0.00044580201439826619 -0.0023471642024818192 0.014158593763240033
leaf_weight=83.513704642653465 262.53526847064495 403.54486458003521 12.779068887233732 123.04853796958923 191.71880792081356 110.08330841362476 17.527530789375305 34.748214974999428 36.930282145738602 41.709090903401375 42.238454282283783 17.814311280846596 12.195935204625128 14.915627792477606 141.5301471799612 35.119153678417206 24.926302209496498 144.50460383296013 23.237005963921547 14.646191239356993 29.114803448319435 13.062492176890375 31.583395034074783 11.758943095803259
leaf_count=581 1869 2855 90 863 1327 774 123 242 255 290 294 124 85 105 1002 247 175 1022 161 101 201 91 221 82
internal_value=-6.71384e-05 0.000750037 -0.00111549 0.000450402 0.00370832 0.00217619 0.00405216 0.00477132 0.00650168 0.00737239 0.00046425 0.00993331 0.0124467 0.00133863 -0.00184117 -0.000228391 0.00451506 -0.00209355 0.00925648 0.0129223 0.00514745 -0.0019505 0.00197143 0.0071798
internal_weight=1874.79 1612.25 989.615 586.07 622.636 430.917 227.211 264.429 187.442 104.162 76.9867 71.7193 53.905 32.4432 358.859 217.329 60.0455 157.284 103.928 51.5765 52.3518 166.488 56.4048 24.8214
internal_count=13180 11311 6981 4126 4330 3003 1590 1835 1299 727 536 499 375 228 2536 1534 422 1112 718 356 362 1168 394 173
is_linear=0
shrinkage=0.01


Tree=6
num_leaves=25
num_cat=0
split_feature=271 5 5 147 105 122 117 122 122 34 122 157 118 309 180 105 307 71 232 271 175 254 71 114
split_gain=88.3429 51.4583 39.1828 33.2887 33.1665 24.4569 24.0418 21.5858 18.9272 16.8303 15.334 17.018 15.9766 14.4591 16.3805 16.5448 13.6131 13.0146 12.4136 12.342 12.647 14.0286 12.2631 11.8848
threshold=0.10952046704805242 -2.8983711643309662 -2.8712440139818409 0.15128037030415006 0.49179146466653806 0.30967284454575122 1.3249456158009048 0.62680524993752162 -0.0077558681737471989 0.15132727774033458 0.22767934043160357 0.1809808404416412 73.500000000000014 0.020578214291664624 3.8222271553115923 0.70855941575970816 -0.0075513871143855779 2.1588977703410865 2.5529942864861028 0.13142492154506916 15.175688161543027 95.500000000000014 3.1488082928064669 0.69788140040703606
decision_type=2 2 2 10 10 8 10 8 8 2 10 8 2 2 2 10 2 10 2 2 10 2 8 10
left_child=3 -2 18 22 8 9 -7 -8 17 -4 13 -12 -13 14 15 23 -14 -5 -3 -11 21 -21 -1 -6
right_child=1 2 5 4 10 6 7 -9 -10 19 11 12 16 -15 -16 -17 -18 -19 -20 20 -22 -23 -24 -25
leaf_value=-0.0042543597914499881 -0.003635197230950616 0.011054048458941788 0.0016591892622947724 -0.00072040870343133561 -0.0065895415627163605 -0.0035402098284720179 0.0099318864770704864 0 -0.0044242196301989365 0.0025977799182945959 0.0057139308752914763 -0.0035869604008610303 -0.002256401094928208 -0.0018495326103142795 0.012884582629633131 0.0092038366592308313 0.0093548741821570056 0.0085559666159403889 0.0029371454817106115 0.014091121299359119 0.0014593123097595591 0.0056589050715840803 0.00036855706154460621 0.0043169875476759476
leaf_weight=437.08508609235287 106.17690905928612 83.025643855333328 137.58992893993855 164.91416075825691 16.306746602058411 99.991637989878654 30.402175337076187 64.568222403526306 185.48476654291153 61.957643076777458 42.328782185912132 92.272706121206284 17.056697309017181 22.075191408395767 28.48227222263813 26.396184518933296 18.77847695350647 13.779813557863234 27.894534021615982 42.643698036670685 23.16598941385746 47.352371692657471 65.034671097993851 18.07306370139122
leaf_count=3106 757 568 957 1158 114 708 210 455 1316 430 298 653 120 154 197 183 132 96 192 293 160 326 460 126
internal_value=-6.38961e-06 0.00272048 0.00382465 -0.00173119 -0.000224818 0.00261561 -0.00016165 0.00338472 -0.00221199 0.00433618 0.00233643 0.000422806 -0.00140377 0.00517368 0.00692509 0.00366574 0.00404224 0.000112045 0.00914597 0.00637374 0.00831819 0.00997419 -0.00365489 -0.000937056
internal_weight=1872.84 724.769 618.592 1148.07 645.949 507.672 194.962 94.9704 364.179 312.71 281.77 170.437 128.108 111.333 89.2583 60.776 35.8352 178.694 110.92 175.12 113.162 89.9961 502.12 34.3798
internal_count=13169 5056 4299 8113 4547 3539 1373 665 2570 2166 1977 1203 905 774 620 423 252 1254 760 1209 779 619 3566 240
is_linear=0
shrinkage=0.01


Tree=7
num_leaves=25
num_cat=0
split_feature=123 5 5 5 5 71 123 161 117 123 311 84 3 108 216 123 117 241 321 88 148 105 318 14
split_gain=88.2147 54.7521 32.407 49.2626 31.2447 24.8303 33.3079 23.9177 20.7082 18.8832 24.2442 21.2591 18.3736 15.928 20.7198 14.7098 18.5873 14.0803 13.9849 13.1406 24.4503 16.2266 13.6486 18.1649
threshold=1.0218350804739009 -2.8943022876294049 -2.8996003220412478 -2.8773415074710829 -2.8712440139818409 1.8389733079629436 1.9862697771211273 0.017560992324561406 1.0820671424672716 -0.10896092029255984 -0.20323144076513991 3.9075887797355251 2.5471693845014545 0.050268593348593536 2.4540449865742597 0.64124283147438754 0.23049542402771966 0.84523809523809534 9.5000000000000018 0.84494199821997695 0.21592796738145578 1.134171490328989 0.7237574727464543 0.37464220792048669
decision_type=8 2 2 2 2 10 10 8 8 10 2 2 2 10 2 10 10 2 2 8 10 8 2 2
left_child=1 -1 -2 13 -3 12 8 9 -7 10 -6 -11 17 -4 -15 16 -13 -5 -9 20 -10 22 23 -21
right_child=2 4 3 5 7 6 -8 18 19 11 -12 15 -14 14 -16 -17 -18 -19 -20 21 -22 -23 -24 -25
leaf_value=-0.0038593837519100027 -0.0054859202568734635 0.0093781877450933287 -0.0039617372016780414 0.0020446796224901321 0.012570405032287766 -0.0015252430340563998 -0.0027688245771183488 0.0050343731889867238 0.0018103495956301571 -0.0023057512417781539 -0.0014479343962099042 -0.0014706112715223321 -0.004942817696733842 0.010775130099339851 0.00033472597195249274 0.00029327200314424373 0.0081562347585547503 -0.0045065327610519582 0.015037443472512584 0.0095842219526994371 0.015606912767782356 0.0075803291341005174 -0.0026355129998850732 -0.0039049170079109544
leaf_weight=95.764147043228149 178.49209545552731 95.680758595466614 12.579276248812674 84.635622888803482 31.283943846821785 100.98678353428841 265.07993705570698 52.143171325325966 29.017864644527435 115.23637507855892 18.293157905340195 25.837163388729095 272.44068790972233 55.397897094488144 28.798123970627785 100.72976033389568 74.23013599216938 49.633597210049629 19.733112424612045 24.064936876296997 21.804735600948334 38.995641082525253 63.341247752308846 13.74306847155094
leaf_count=684 1276 652 88 599 215 710 1881 361 202 806 127 179 1933 384 201 703 513 353 136 168 151 272 444 97
internal_value=-2.86002e-05 0.00301307 -0.00157675 -0.000904962 0.00426325 -0.00159359 -0.000216205 0.00308901 0.00210237 0.00201356 0.00758042 0.00107735 -0.00346302 0.00579253 0.0073432 0.00302894 0.0056888 -0.000412845 0.00826143 0.00402016 0.00826118 0.00234155 0.00016027 0.00472588
internal_weight=1867.94 628.932 1239.01 1060.52 533.168 963.744 557.034 437.487 291.954 365.611 49.5771 316.033 406.71 96.7753 84.196 200.797 100.067 134.269 71.8763 190.967 50.8226 140.145 101.149 37.808
internal_count=13135 4376 8759 7483 3692 6810 3925 3040 2044 2543 342 2201 2885 673 585 1395 692 952 497 1334 353 981 709 265
is_linear=0
shrinkage=0.01


Tree=8
num_leaves=25
num_cat=0
split_feature=271 46 147 78 105 106 121 150 128 273 97 65 177 105 77 177 164 271 270 150 299 100 188 111
split_gain=80.5016 47.2007 37.121 36.1244 31.7653 24.1028 28.0198 15.5861 15.3388 15.0743 14.7599 14.8552 14.6765 15.0672 17.1271 14.4968 14.1314 13.7283 24.7387 13.3043 13.1189 12.9134 12.8408 13.1512
threshold=0.11102039330474796 1.0000000180025095e-35 0.14913119318372417 -44.237153428135208 0.49179146466653806 0.7272744478136014 -0.44854819107387606 0.0445978263443279 0.64847718833302304 5.4713495324663919 0.087048621603932494 1.8822248275618219 7.4581319951310947 0.41066591238048744 3.5499116962487496 7.3889401883642476 0.0012699374539687964 0.05445917385069967 0.074238263885136643 0.048017467248908305 0.092858320649416584 0.717675069485746 0.2633154743145289 1.6722994961153883
decision_type=2 2 8 2 10 10 10 10 8 10 8 8 10 10 8 10 8 2 2 10 2 10 8 8
left_child=2 3 16 9 7 12 8 10 -7 19 11 22 13 -5 15 20 21 -18 -19 -2 -15 -1 23 -4
right_child=1 -3 4 5 -6 6 -8 -9 -10 -11 -12 -13 -14 14 -16 -17 17 18 -20 -21 -22 -23 -24 -25
leaf_value=0.0026429551616482939 0.0085962456841781124 -0.0037388140758760004 0.009457367477910596 -0.0034111554225916569 0.0024020357642678884 0.0003793324422847059 -0.0031692800807660575 -0.0035517023914240177 0.012624870933272003 -2.8107561395688722e-05 0.0069836955275767096 -0.0056973178652793112 -0.0028653750567783015 0.0045258856190792994 -0.0028930317864921153 0.012675417716367075 -0.0044586444577848971 0.009708760191111724 -0.0043443342965678883 0.00032551609869875466 -0.0051129659802087177 -0.0048481068415382978 -0.0031536690218260319 -0.00036633574909277915
leaf_weight=22.564139813184738 183.66506516933441 95.715235874056816 24.239837065339088 40.419292837381363 296.26346039772034 13.429749757051466 20.247630178928375 232.11431482434273 45.376838058233261 28.192695379257202 26.187981247901917 40.397907271981239 88.823221996426582 107.34852819144726 34.751838281750679 17.460807010531425 33.469004824757576 25.787665039300919 19.902043476700783 22.253977388143539 13.700188979506491 382.38946251571178 33.572980031371117 26.641061410307884
leaf_count=160 1253 687 170 283 2076 93 143 1648 314 195 184 285 622 746 244 121 238 182 141 152 96 2730 235 187
internal_value=6.38131e-05 0.0027082 -0.00155476 0.00372468 -4.27639e-05 0.00180074 0.00661504 -0.00193952 0.00999106 0.00679691 0.000551301 -0.000915333 0.000489462 0.00190797 0.00318959 0.00475032 -0.00366204 0.000185743 0.00367054 0.00772385 0.0033346 -0.00441272 0.00147147 0.0045475
internal_weight=1874.91 711.385 1163.53 615.67 679.418 381.558 79.0542 383.154 58.8066 234.112 151.04 124.852 302.504 213.681 173.261 138.51 484.112 79.1587 45.6897 205.919 121.049 404.954 84.4539 50.8809
internal_count=13185 4949 8236 4262 4785 2662 550 2709 407 1600 1061 877 2112 1490 1207 963 3451 561 323 1405 842 2890 592 357
is_linear=0
shrinkage=0.01


Tree=9
num_leaves=25
num_cat=0
split_feature=123 32 109 21 109 152 178 32 315 123 160 109 123 105 151 117 286 117 83 51 102 44 75 210
split_gain=77.829 58.4108 32.0574 51.5029 27.0523 38.3466 24.0845 22.1517 21.6497 22.7081 21.0616 20.0514 26.4081 17.2701 20.8878 17.1912 14.0739 13.8884 13.8347 17.1943 13.4518 12.7924 11.5843 11.4802
threshold=1.3037559528709568 0.0013596199349304942 1.1685457581177501 -0.54092595573357727 1.4031403344534763 0.12185120558375635 0.79338717512752022 0.0013201325883661029 -0.10203041346183468 -0.10896092029255984 0.036477341849148422 0.59239582540214719 0.52057875608898263 1.3824999942590697 0.081834357813005507 0.76879888202839075 1.9421212470911773 2.368833019097448 1.0522255815543915 371.50000000000006 0.16086700813494945 12.500000000000002 0.76444529657316218 0.085188850404090397
decision_type=8 2 10 10 10 8 2 2 2 10 8 8 10 8 8 10 2 10 10 2 10 2 10 2
left_child=1 2 3 8 -2 7 16 13 9 -1 -5 18 -13 14 -6 -8 -4 -7 -11 -20 23 -17 -15 -12
right_child=4 -3 6 10 5 17 15 -9 -10 11 20 12 -14 22 -16 21 -18 -19 19 -21 -22 -23 -24 -25
leaf_value=0.012134127383749603 -0.0037237476825999938 -0.0050097548649508774 -0.0022868743003748929 -0.003047735139004215 0.0039278712266545123 -0.0054242081645396378 0.0038406851160438095 -0.0056973761637397089 -0.0027225321146210442 -0.0029843690737402706 0.0013159959692834117 0.0117680302102562 -5.5874054928626725e-05 0.011297365677464118 -0.0010476342504538402 0.013545951137851382 0.006095615763981801 0.0032531896292918526 0.013412150524890379 -0.0011135698767264224 -0.0035248350537676193 0.0022431745536277263 0.00054504491149774193 0.007692825657384079
leaf_weight=53.21424175798893 425.28912006318569 95.199883088469505 37.406064450740814 168.25169472396374 148.33089111745358 149.47283333539963 44.917410135269165 39.157375931739807 26.488317862153053 42.613117575645447 89.874022245407104 53.252262562513351 28.184009373188019 27.650042250752449 188.41732205450535 69.206522166728973 37.41251677274704 18.930814504623413 12.153064593672754 16.731685608625412 32.943106070160866 13.356597915291784 15.674150079488752 39.760371565818787
leaf_count=361 3035 686 260 1181 1034 1068 309 281 184 295 628 362 193 193 1333 471 259 134 83 116 233 91 111 277
internal_value=6.47195e-05 0.00227177 0.0031935 0.00194679 -0.00181135 -0.000414316 0.006586 0.00120522 0.00552207 0.00660888 -0.0005899 0.00449365 0.00779998 0.001956 0.00115552 0.00919055 0.00196136 -0.00440507 0.000559996 0.00561982 0.00195627 0.0118647 0.00770208 0.00340248
internal_weight=1873.89 860.965 765.765 563.466 1012.92 587.633 202.299 419.23 232.637 206.148 330.829 152.934 81.4363 380.072 336.748 127.481 74.8186 168.404 71.4979 28.8848 162.577 82.5631 43.3242 129.634
internal_count=13178 5989 5303 3913 7189 4154 1390 2952 1594 1410 2319 1049 555 2671 2367 871 519 1202 494 199 1138 562 304 905
is_linear=0
shrinkage=0.01


Tree=10
num_leaves=25
num_cat=0
split_feature=271 5 5 123 22 78 71 62 71 22 100 287 123 259 71 2 158 160 240 270 271 308 234 303
split_gain=82.7477 60.461 38.2368 36.1627 32.6823 19.8432 23.77 19.6586 18.6133 17.4562 17.2646 15.9281 18.7331 17.2931 15.6843 19.0727 14.6971 21.9297 13.7433 13.3691 18.5518 13.1394 12.2561 12.2072
threshold=0.11102039330474796 -2.8983711643309662 -2.8712440139818409 1.4747309707504359 0.08797565370076145 -44.237153428135208 1.8620673714001119 199.50000000000003 2.9913326147244166 -0.24963116593826787 0.67990093796261097 0.00052297083378929226 -0.10896092029255984 -0.8058225003857804 2.1964470663411553 0.66621357149836669 0.35160542582417592 0.031362099335279073 1.4833187423024494 0.08825466945671552 0.049335900250603519 0.0010483378446211288 0.069818218746826463 -0.0027188502802790019
decision_type=2 2 2 8 10 2 10 2 10 10 10 2 10 10 8 10 10 10 2 2 2 2 2 2
left_child=3 -2 -3 4 14 9 -7 18 -5 11 -11 -4 -13 -14 15 16 17 -1 -6 20 -10 -8 -17 -22
right_child=1 2 5 8 7 6 21 -9 19 10 -12 12 13 -15 -16 22 -18 -19 -20 -21 23 -23 -24 -25
leaf_value=0.0012809521637881941 -0.0042736721525715293 0.0091544207391613883 -0.0016029148997198964 -0.0037905910720599668 0.00087578154674846265 -0.0014027743613448445 0.0021364879357610466 0.012261984164317405 -0.0043658530622245166 0.0183891142117894 0.0048504872798281673 0.01387377034141484 -0.0045216538212514172 0.0066325245470935388 0.0055263831604653105 -0.0047107387109795581 -0.0034737937217642328 0.014553738932263263 0.0092246230272266215 -0.0075331530232886704 -0.0021111736956130455 0.0083163625101046971 0.00068116724145084987 0.00899820311112518
leaf_weight=61.757146596908569 102.64641240239143 111.9478172659874 39.34276707470417 567.6737140417099 98.366694003343582 163.38891856372356 131.45042018592358 23.508483499288559 21.319824203848839 16.240985676646233 24.943183735013008 19.538766458630562 18.879077523946762 36.757082626223564 29.116053774952888 174.73416565358639 36.217898815870285 13.043357238173483 22.177006110548973 11.649072036147116 11.758731305599211 45.761762604117393 54.00888004899025 36.702200949192047
leaf_count=433 739 753 269 4061 686 1146 914 161 152 110 169 132 130 253 203 1234 256 91 155 83 83 317 384 258
internal_value=5.4507e-05 0.00273615 0.00393512 -0.00158785 0.000394745 0.00271042 0.00133333 0.00438771 -0.00315096 0.0056386 0.0110544 0.00346189 0.00608736 0.0027945 -0.00118346 -0.00180247 0.0015654 0.00405618 0.00259695 0.00127362 0.00299486 0.00384396 -0.00344054 0.00631525
internal_weight=1872.93 710.897 608.251 1162.03 512.93 496.303 340.601 144.052 649.104 155.702 41.1842 114.518 75.1749 55.6362 368.878 339.761 111.018 74.8005 120.544 81.4298 69.7808 177.212 228.743 48.4609
internal_count=13172 4932 4193 8240 3603 3440 2377 1002 4637 1063 279 784 515 383 2601 2398 780 524 841 576 493 1231 1618 341
is_linear=0
shrinkage=0.01


Tree=11
num_leaves=25
num_cat=0
split_feature=122 46 271 113 122 72 148 255 114 279 87 39 126 213 117 8 272 180 233 100 304 114 279 190
split_gain=82.3709 72.6281 41.3325 33.996 25.7629 17.6786 18.0711 16.7641 19.2053 18.96 16.925 15.875 15.8202 15.611 14.5539 18.2301 18.3329 16.9749 16.1468 14.2062 12.8429 11.9565 11.828 11.8066
threshold=0.26025589624797435 1.0000000180025095e-35 0.11462643700339314 0.2594736628512177 0.8914485550603749 29.863559761186604 0.19489857200053387 53.500000000000007 0.74812142738541942 0.034462238427613374 1.2467388442673319 0.080978787705993052 0.22765754517587569 -0.29526479744665735 0.64492810916648524 -0.95964457755656196 0.019151794378436063 3.8222271553115923 0.79633819339701695 0.66497786612915688 -0.036316368691354288 0.60127976685700746 0.0048698984138299548 13.500000000000002
decision_type=8 2 2 10 8 2 10 2 10 8 8 2 10 2 10 2 2 2 2 10 2 10 8 2
left_child=1 2 14 22 5 6 -5 -4 10 -10 -9 19 -8 -7 23 16 -16 -17 -19 -12 -6 -21 -2 -1
right_child=3 -3 7 4 20 13 12 8 9 -11 11 -13 -14 -15 15 17 -18 18 -20 21 -22 -23 -24 -25
leaf_value=0.0042464848563384464 -0.0022287777283071558 -0.0042738521723081407 0.0012694236843357287 -0.0021221859693300389 0.0029734104639552216 0.014971414305217185 -0.0038539299356066098 0.0099767045140046855 0.014411528200561073 0.0031352908685073817 0.011202922169832784 0.00046918251041415014 0.0062369591872573019 0.0016590945196636802 0.01535714418445785 -0.00043016731127244322 0.00079362598750420065 0.0095994541317982168 -0.0027854056801353017 -0.003862349597441726 -0.0035019688680205593 0.0061661591139744436 -0.0052366657526719297 -0.0018674453530784041
leaf_weight=35.965162917971611 279.36084571480751 145.65155334770679 69.021820113062859 83.152811124920845 34.709266558289528 16.851162180304527 17.33074152469635 54.048422172665596 52.090262860059738 23.427713468670845 34.947630003094673 86.092358991503716 73.157457679510117 17.728863835334778 18.739955201745033 121.00740298628807 15.21619041264057 36.378827705979347 12.764727458357809 15.95003232359886 171.47518715262413 30.595454946160316 259.02099458873272 166.95047451555729
leaf_count=253 1994 1054 476 586 248 117 123 362 349 157 238 589 511 123 129 844 105 249 89 110 1226 208 1856 1169
internal_value=9.44447e-06 0.00214287 0.00336414 -0.00204718 0.000105223 0.00257129 0.0011998 0.00578973 0.00681436 0.0111667 0.00520435 0.00351865 0.004235 0.00881731 0.00115452 0.00302243 0.00942353 0.0016054 0.00638671 0.00660392 -0.00238147 0.00268468 -0.00369766 -0.000735227
internal_weight=1871.64 918.848 773.196 952.787 414.405 208.221 173.641 366.174 297.152 75.518 221.634 167.585 90.4882 34.58 407.023 204.107 33.9561 170.151 49.1436 81.4931 206.184 46.5455 538.382 202.916
internal_count=13165 6381 5327 6784 2934 1460 1220 2489 2013 506 1507 1145 634 240 2838 1416 234 1182 338 556 1474 318 3850 1422
is_linear=0
shrinkage=0.01


Tree=12
num_leaves=25
num_cat=0
split_feature=271 147 81 149 117 117 30 149 269 149 138 310 245 310 308 129 158 294 283 64 117 149 234 143
split_gain=80.1333 33.0327 29.4979 22.504 20.4135 19.8071 18.0921 15.7095 15.5457 12.9834 13.8906 13.0083 12.6501 12.5219 13.7092 12.816 15.3328 12.6638 11.9455 16.4228 11.8938 15.5088 11.9332 11.8487
threshold=0.10952046704805242 0.14913119318372417 0.74078096444041885 0.092335018445142789 0.77391587494173175 0.23049542402771966 0.0084104348810231187 0.29104278074866313 2.0679892141756553 0.11774608833432364 0.09916053744362549 -0.065943238968750637 -0.94284850688977329 -0.25766354029404759 0.0020336052294024107 2.1371636385372725 0.24403337890179996 -0.015234941752211293 0.0063074905036356894 0.74954935394617928 1.7912128727948455 0.14602472257339519 0.056364502806311563 0.0091116645911166472
decision_type=2 8 10 8 8 10 2 10 2 10 2 2 2 2 2 10 8 2 8 8 8 10 2 10
left_child=1 7 9 5 -5 12 -4 20 18 11 -11 -3 -2 14 15 16 -6 -16 19 -7 -1 -22 -23 -12
right_child=3 2 6 4 13 8 -8 -9 -10 10 23 -13 -14 -15 17 -17 -18 -19 -20 -21 21 22 -24 -25
leaf_value=-0.004764298231885151 0.0039417285426322458 0.0015782972647936078 0.0099673541918804676 -0.0018268794743776671 0.0097805024241040157 0.017180564994811028 0.00171690548805942 0.0046166469566694488 0.0028807553989404285 -0.0053716682406346463 -0.0034614512525956128 -0.0056551717900403678 -0.0026914443658687965 0.00040549503043442507 0.0018608253573828234 -0.0019261406317772132 0.0013941723209659072 0.013528792437422402 0.0023297777362378189 0.0063337583624583065 -0.0049179964345760765 0.0072339493768608602 -0.0035755650729681183 0.001581663657477729
leaf_weight=379.02365559339523 103.62771986424923 170.91549576818943 30.784395202994347 146.87311497330666 34.242560863494873 31.653295084834099 137.95508782565594 19.584588721394539 48.554817005991936 118.07311260700226 90.978790178894997 26.165695995092392 36.924658507108688 138.06649620831013 15.972507283091543 39.039785444736481 56.527850165963173 24.558321610093117 17.377221763134003 33.023601740598679 37.35620054602623 27.41930378973484 13.157322257757185 89.806552469730377
leaf_count=2725 713 1200 212 1031 235 214 967 140 332 842 646 186 255 961 110 274 390 169 118 226 268 195 94 636
internal_value=-1.4161e-06 -0.00165323 -0.000207655 0.00258849 0.00121392 0.00485621 0.00336807 -0.00365424 0.00762811 -0.00143855 -0.00274354 0.000546182 0.00217328 0.00266874 0.0044606 0.00275003 0.00476943 0.00937695 0.010235 0.0121567 -0.00403725 -0.000445575 0.00370099 -0.000965027
internal_weight=1867.66 1141.22 664.679 726.442 455.281 271.161 168.739 476.541 130.609 495.94 298.858 197.081 140.552 308.408 170.341 129.81 90.7704 40.5308 82.0541 64.6769 456.956 77.9328 40.5766 180.785
internal_count=13139 8111 4689 5028 3170 1858 1179 3422 890 3510 2124 1386 968 2139 1178 899 625 279 558 440 3282 557 289 1282
is_linear=0
shrinkage=0.01


Tree=13
num_leaves=25
num_cat=0
split_feature=123 46 271 271 71 119 116 74 273 229 97 74 123 178 177 176 131 145 11 100 148 27 132 39
split_gain=82.7322 46.7328 31.9714 25.0859 24.7456 26.5097 30.5464 17.4141 19.21 18.2223 14.8237 14.7109 25.855 15.2783 14.0566 13.6111 13.3319 13.0797 12.8899 12.6846 12.2293 12.2071 12.1965 11.7992
threshold=1.0218350804739009 1.0000000180025095e-35 0.067822972005887092 0.10952046704805242 1.6369536207770685 0.62455565442850103 0.43704074801655352 60.500000000000007 5.4713495324663919 -0.13346289411517856 0.087048621603932494 164.50000000000003 0.41154969861054841 0.91001113473023598 7.2304077191507403 11.728835588355885 4.1969937619060715 0.20699857172005717 0.43269923685567102 1.1826994156847197 0.21592796738145578 0.60024509803921577 0.01697534906871349 0.03963689299055153
decision_type=8 2 2 2 10 8 8 2 10 2 8 2 10 2 10 2 8 10 10 10 10 2 2 2
left_child=1 3 18 10 -4 6 15 -5 9 11 23 12 17 -13 -15 -6 -8 -9 19 -2 -17 -7 -23 -1
right_child=2 -3 4 7 5 21 16 8 -10 -11 -12 13 -14 14 -16 20 -18 -19 -20 -21 -22 22 -24 -25
leaf_value=0.003008890317225127 -0.00067746243016241967 -0.0038574519413450974 -0.0031385039687389271 -0.00170424137519324 0.0069546657178666954 0.0058518998055620951 0.016675759679744873 0.015030390708133216 -0.00084303809690781245 0.0020019549196377785 0.0046172155070530593 0.016760094237677534 -0.00019896732097461135 0.0022417936005506927 0.011238579826268443 -0.00088037964731452277 0.0048503641990188589 0.0037210540334166493 -0.0054469014177363183 -0.0060658140365699477 0.0037986888765495063 -0.0031979126919088538 0.0039866293976352487 -0.0026662183024973658
leaf_weight=57.612690344452858 181.73452125489712 85.208212360739708 216.96311527490616 26.496429547667503 35.627895548939705 16.874844416975975 16.679549068212509 24.799634739756584 30.349039316177368 51.673247486352921 92.34850437939167 35.20749519765377 42.768412157893181 28.500100925564766 51.388573855161667 178.73491947352886 26.188647910952568 20.556571364402771 207.09251420199871 55.294710323214531 77.81270457804203 198.10332691669464 24.211479008197784 90.079474553465843
leaf_count=402 1297 618 1546 184 248 119 113 166 208 351 640 235 293 191 343 1252 180 137 1493 398 541 1412 173 631
internal_value=1.49275e-05 0.0029352 -0.00149337 0.00400035 -0.000283146 0.000804084 0.00261151 0.00586181 0.00657801 0.00746507 0.00153845 0.00880254 0.00542437 0.0111876 0.00822838 0.0014035 0.0102239 0.0104471 -0.00363159 -0.00199563 0.000560976 -0.00172442 -0.00237056 -0.000430721
internal_weight=1872.31 636.988 1235.32 551.78 791.196 574.233 335.044 311.74 285.243 254.894 240.041 203.221 88.1246 115.096 79.8887 292.176 42.8682 45.3562 444.122 237.029 256.548 239.19 222.315 147.692
internal_count=13171 4399 8772 3781 5584 4038 2334 2108 1924 1716 1673 1365 596 769 534 2041 293 303 3188 1695 1793 1704 1585 1033
is_linear=0
shrinkage=0.01


Tree=14
num_leaves=25
num_cat=0
split_feature=119 32 113 119 84 21 315 22 271 131 154 281 84 8 131 292 71 71 147 149 189 287 187 185
split_gain=76.1362 65.405 31.5985 29.1869 21.0323 23.977 25.7526 18.7203 18.1603 15.9566 15.7128 16.9803 15.2 13.991 13.7588 14.0945 12.584 12.4541 19.8751 14.9729 12.1693 11.996 10.9171 21.5403
threshold=0.1139320758811037 1.0000000180025095e-35 0.034125977742316106 0.49265807984373905 16.839520206418953 -0.54092595573357727 -0.10203041346183468 0.046262027403103631 0.1763336606329263 1.2475667522056213 0.018054616130583245 1.627165913316402 31.358575045055044 -0.45948061231559861 1.8220067079164852 0.018048676439411975 2.1502197978806863 2.8590716377211609 0.11994897959183674 0.29104278074866313 -0.32648051054071242 -0.029350292978168224 0.010050505050505053 0.8097619047619049
decision_type=8 2 10 10 2 10 2 8 2 10 10 2 2 2 8 2 10 10 10 10 8 2 8 10
left_child=1 4 12 10 5 6 9 14 17 22 11 -4 -2 -13 15 -7 20 19 -19 -5 -16 -9 -1 -24
right_child=2 -3 3 8 -6 7 -8 21 -10 -11 -12 13 -14 -15 16 -17 -18 18 -20 -21 -22 -23 23 -25
leaf_value=0.006175917823648347 -0.0046568365372013512 -0.0039955092790480264 0.0085118287478316915 -0.0034310437626519936 0.0073341372993150277 -0.0019892969581681253 -0.0038492685884128314 -0.00057636434188759939 0.0066138309115865348 0.0015102572736279652 0.01098714609278096 -0.0020772566734732771 0.0012965773285258124 0.0036681575267263366 -0.0057265234678208357 0.0089755433108761502 0.0063361889487878048 -0.0023105815512294401 0.0060272106161652142 0.0056453451840648636 -5.2259693723262262e-05 0.0078223950270845614 0.018835741096149092 0.0034193001654214401
leaf_weight=110.41243442893028 336.57047484815121 126.93596339225769 28.828032419085503 353.37185554206371 131.78211881220341 19.425564646720886 25.597538873553276 24.460710495710373 22.460547775030136 51.455642774701118 18.089526280760765 91.672724887728691 47.55783024430275 73.976004615426064 73.480252549052238 23.388640061020851 13.570686608552931 75.912469297647476 42.04369343817234 16.569462075829506 75.701126635074615 48.904884710907936 21.393377408385277 17.192751675844193
leaf_count=743 2418 923 200 2539 885 135 177 169 157 350 126 644 336 512 515 162 93 542 294 118 530 336 142 115
internal_value=6.71478e-05 0.00249139 -0.0016064 -0.000368855 0.0037981 0.00283748 0.00523809 0.000855193 -0.00166541 0.00644106 0.00272031 0.00179915 -0.00391304 0.000501138 -0.000700776 0.00416422 -0.00203616 -0.00208468 0.000724778 -0.00298189 -0.00290858 0.00509181 0.00807712 0.0126965
internal_weight=1870.75 763.702 1107.05 722.924 636.766 504.984 226.052 278.932 510.358 200.454 212.566 194.477 384.128 165.649 205.566 42.8142 162.752 487.897 117.956 369.941 149.181 73.3656 148.999 38.5861
internal_count=13161 5275 7886 5132 4352 3467 1527 1940 3650 1350 1482 1356 2754 1156 1435 297 1138 3493 836 2657 1045 505 1000 257
is_linear=0
shrinkage=0.01


Tree=15
num_leaves=25
num_cat=0
split_feature=122 46 117 123 114 120 223 141 75 105 120 105 222 235 92 176 133 81 226 92 70 100 229 206
split_gain=82.444 75.2975 33.6916 38.2528 23.149 33.1059 23.1217 20.5018 19.6723 25.714 23.3881 19.0454 21.9109 15.6594 16.7916 15.5136 15.7701 13.4525 14.4065 13.2494 13.1661 20.0858 15.1822 14.9873
threshold=0.26025589624797435 1.0000000180025095e-35 1.1899112984831832 2.0825147777715949 0.72620955713536361 0.80910960197290394 -1.1185874710670876 0.013797430017738936 0.061655259194703202 0.81634952424400253 1.1307563210527884 1.0360819281542752 170.50000000000003 0.0047892764247409259 402.50000000000006 12.642010381593716 0.026330861518056314 0.60958653919477968 0.082078210769858925 258.50000000000006 0.47474714348821306 0.67990093796261097 -0.15776023684860199 84.500000000000014
decision_type=8 2 10 8 8 8 2 2 10 10 8 8 2 2 2 2 2 10 2 2 10 10 2 2
left_child=1 4 -2 7 5 6 -1 -4 13 -10 -11 15 -13 19 -15 16 -9 18 -7 -6 -8 22 -22 -23
right_child=2 -3 3 -5 8 17 20 11 9 10 -12 12 -14 14 -16 -17 -18 -19 -20 -21 21 23 -24 -25
leaf_value=0.011368793707588223 -0.0038692006338755911 -0.0044547117006324575 0.010912830408032932 -0.0027094943610973987 0.0023583711362426384 -0.0052224917617940863 0.00053112491492138692 -0.0017451940049414605 -0.0033432911344910129 0.012263914034888791 -0.0028878473486003225 0.0023684148545489786 0.014946424328479077 0.012659232874770304 0 -0.006021368219147347 0.0077203112635910011 0.0045270281109342511 0.0010437193301085642 0.0096940892460864857 0.013643635394722978 0.00011288340255392224 0.002414351019335154 0.0089995528578388495
leaf_weight=34.520381480455399 494.57310362160206 144.3171599060297 25.977443993091583 252.52582736313343 79.253301680088043 86.831749752163887 129.97223556041718 45.165012285113335 46.909270972013474 26.737428903579712 13.992976695299147 58.176136955618858 16.098357662558556 67.634077310562134 12.266009911894797 36.155505031347275 25.097622618079185 28.592687115073204 60.333584919571877 35.180192187428474 32.883409291505814 83.062899768352509 20.700487092137337 21.878871008753777
leaf_count=228 3561 1052 181 1813 540 609 895 319 328 181 97 405 110 455 82 256 176 198 415 236 222 571 141 149
internal_value=-5.45845e-06 0.00211772 -0.00206597 -0.000109787 0.00334563 0.00202878 0.00391807 0.00305559 0.00562796 0.00161118 0.0071864 0.00176907 0.00555781 0.00738501 0.0107798 -0.000941777 0.00179064 -0.0014449 -0.00267567 0.00480237 0.00292094 0.0048302 0.00966338 0.00216335
internal_weight=1878.84 925.067 953.769 459.196 780.75 498.776 323.018 206.67 281.973 87.6397 40.7304 180.693 74.2745 194.334 79.9001 106.418 70.2626 175.758 147.165 114.433 288.498 158.526 53.5839 104.942
internal_count=13220 6399 6821 3260 5347 3428 2206 1447 1919 606 278 1266 515 1313 537 751 495 1222 1024 776 1978 1083 363 720
is_linear=0
shrinkage=0.01


Tree=16
num_leaves=25
num_cat=0
split_feature=123 46 271 271 117 123 161 62 296 62 161 119 212 270 105 21 267 145 18 308 205 59 240 105
split_gain=81.2114 39.1515 29.5737 26.7471 25.5794 40.0307 22.07 19.2601 15.4863 23.7544 13.978 25.2167 16.1671 14.7084 13.5585 18.1247 13.185 11.4795 11.4762 16.3798 11.3469 11.2458 11.0519 10.9536
threshold=1.0218350804739009 1.0000000180025095e-35 0.067822972005887092 0.10999236503679237 1.1137570768601119 1.7422476609742701 0.017560992324561406 31.500000000000004 1.1072519368959444 64.500000000000014 0.0038535788535788542 -0.72867107674464637 0.24423042783596663 0.069421157795261632 1.1601474030460397 0.54564108450313331 1.3566118438093124 0.035680782632002146 0.3286225390246354 -0.00060662382510945779 -0.26318022220737081 2.2722847002581879 -0.16838318898426716 0.7610879297109242
decision_type=8 2 2 2 8 8 8 2 2 2 10 10 2 2 10 8 2 10 10 2 2 10 2 10
left_child=1 3 16 6 -4 8 -1 -5 9 -6 11 -9 -12 -13 18 -16 20 -11 19 -7 -2 -8 -14 -19
right_child=2 -3 4 7 5 14 21 10 -10 17 12 13 22 -15 15 -17 -18 23 -20 -21 -22 -23 -24 -25
leaf_value=-0.00015849647072488731 -0.004014729130461905 -0.0032830447206750224 -0.0019757317044323229 -0.0022797483880694974 -0.00040980334713279373 -0.0056417537650923959 0.011791614469414633 0.0091352180673206114 0.00048922072020043418 0.0031934696263303235 0.0028031689955611413 0.008831357260453707 0.0025515180409340717 -0.00049709761853011607 0.0073875919273120993 -0.0012496929911655294 -0.0074399537505296012 0.0071324648530448212 -0.0044528200546173303 0.0056132095137308999 -0.00039121174319572998 0.0021702898797599777 0.013098836033072016 0.017575658295747539
leaf_weight=191.0467377603054 234.53658421337605 84.2281643897295 411.16124959290028 25.134036257863045 24.154991522431374 18.239317864179611 23.595571175217628 70.146497890353203 37.760447025299072 17.565510302782059 31.320169880986214 18.240078061819077 13.59984154999256 83.164477288722992 36.777119770646095 60.715251162648201 68.886208295822144 25.316223233938217 103.46758155524731 30.722137540578842 137.97028058767319 25.980485454201698 70.627991139888763 27.471757188439369
leaf_count=1333 1691 616 2929 174 169 129 161 463 259 120 210 123 90 565 254 433 501 173 739 217 993 177 469 184
internal_value=8.60687e-05 0.00297873 -0.00140904 0.00394644 -0.000249986 0.00160483 0.00141107 0.00586679 0.00599196 0.00810175 0.00659881 0.00464569 0.00930899 0.00136607 -0.000754268 0.00211539 -0.0034751 0.0109404 -0.00260131 0.00132151 -0.00268845 0.00715964 0.0115462 0.0132054
internal_weight=1871.83 637.084 1234.74 552.856 793.352 382.19 240.623 312.233 132.269 94.5085 287.099 171.551 115.548 101.405 249.921 97.4924 441.393 70.3535 152.429 48.9615 372.507 49.5761 84.2278 52.788
internal_count=13172 4381 8791 3765 5606 2677 1671 2094 905 646 1920 1151 769 688 1772 687 3185 477 1085 346 2684 338 559 357
is_linear=0
shrinkage=0.01


Tree=17
num_leaves=25
num_cat=0
split_feature=122 5 116 122 262 114 64 247 254 105 116 122 109 144 222 109 292 144 197 178 217 14 214 184
split_gain=73.7055 77.5386 29.7833 27.7297 26.9825 28.4536 23.4469 21.2473 16.683 13.025 12.896 23.6059 14.6957 14.4726 13.3031 12.7578 12.7328 12.4129 11.7777 11.5342 12.2697 13.2145 12.8989 14.2088
threshold=0.26025589624797435 -2.8983711643309662 0.32527398595925777 0.86891308072635454 -0.99788036317089934 0.72620955713536361 0.77526573246511765 2.8856471342005814 101.50000000000001 0.93544260628691212 -0.026514319359317896 -0.043540547150195716 0.52180854258275178 0.079382110497990335 164.50000000000003 1.3611982342754512 -0.011423286160799717 0.088416582102454247 -0.35083577994544057 0.78462630448127701 0.76486660237865645 -0.054666018936131454 104.50000000000001 0.59409350717485576
decision_type=8 2 10 8 8 8 10 2 2 8 10 10 10 10 2 10 2 10 8 2 2 2 2 10
left_child=1 -1 -2 8 -3 6 10 19 9 -4 11 12 18 14 -14 17 -10 -8 -6 -7 -21 22 23 -22
right_child=2 4 3 -5 5 7 15 -9 16 -11 -12 -13 13 -15 -16 -17 -18 -19 -20 20 21 -23 -24 -25
leaf_value=-0.0042951774550850684 -0.0032276789126582579 0.016004248527889845 -0.0022802644522265905 -0.0022054714528287971 -0.004371413756133014 0.0032657332871505007 -0.0065170629743797736 -0.0051515645580245475 0.0028478170038028728 0.0042654942586790095 0.0066191959115463328 -0.0033766730816951742 0.00037379498416824575 0.0099385390718458155 0.0071931381476528838 0.005262671405756464 0.014448350021523797 0.0021687390645022879 0.0027811219190656839 0.010162084921627569 0.0019998069186168261 -0.0018582875460448512 8.3564259341294101e-05 0.015579833091635995
leaf_weight=156.97539591789246 607.63753645122051 13.87584266066551 49.902671977877617 179.46780622005463 34.891056060791016 92.114548027515411 60.993324056267738 15.150348260998724 20.739444121718407 69.367947846651077 66.024052053689957 66.728540137410164 73.293420538306236 41.494217306375504 44.795862764120102 14.00685243308544 18.358177065849304 20.374709963798523 56.21167916059494 97.232596218585968 13.576795563101767 21.94157537817955 17.72003485262394 19.224466368556023
leaf_count=1146 4379 90 354 1294 236 634 428 105 143 481 452 469 504 277 304 96 127 138 383 648 91 150 118 129
internal_value=5.19487e-05 0.00205358 -0.00190899 0.000467002 0.00336079 0.00306827 0.00157369 0.00560632 0.0034873 0.00152915 0.00267672 0.00180208 0.00320695 0.00501007 0.00307719 -0.00279975 0.00892856 -0.00433033 0 0.00628128 0.00783162 0.00442577 0.00712753 0.0105946
internal_weight=1872.1 926.625 945.474 337.836 769.65 755.774 478.814 276.96 158.368 119.271 383.439 317.415 250.686 159.584 118.089 95.3749 39.0976 81.368 91.1027 261.81 169.695 72.4629 50.5213 32.8013
internal_count=13176 6398 6778 2399 5252 5162 3287 1875 1105 835 2625 2173 1704 1085 808 662 270 566 619 1770 1136 488 338 220
is_linear=0
shrinkage=0.01


Tree=18
num_leaves=25
num_cat=0
split_feature=271 46 123 162 78 71 122 162 118 169 114 120 197 71 102 278 129 185 316 33 229 229 65 217
split_gain=70.827 41.7735 31.3074 37.5393 26.7553 22.8772 18.8665 17.7989 15.7283 16.5323 15.3083 21.2695 14.5164 14.4274 13.9268 15.2728 20.5385 13.376 13.1254 12.4567 12.5625 12.0978 11.1578 11.3565
threshold=0.10952046704805242 1.0000000180025095e-35 1.4747309707504359 0.004722556759891164 -30.52073519187595 1.8712682238841702 0.62680524993752162 0.00404176536252008 49.500000000000007 30.500000000000004 0.72620955713536361 0.80293895587094943 -0.19204928508801583 2.9913326147244166 1.228056852784827 -0.0028632799209677346 1.9323775691538185 0.78135347682119216 0.032495622507889232 0.033602906448683016 -0.22439206280878024 -0.28045643048383356 2.2744052366500953 0.87527777777777793
decision_type=2 2 10 10 2 10 8 10 2 2 10 10 10 10 10 8 10 8 2 2 2 2 10 2
left_child=2 4 3 -1 10 17 7 -7 -5 -10 11 12 22 -4 15 -15 -17 19 -9 20 -6 -11 23 -2
right_child=1 -3 13 8 5 6 -8 18 9 21 -12 -13 -14 14 -16 16 -18 -19 -20 -21 -22 -23 -24 -25
leaf_value=-0.0013967749317724354 0.010499552407654957 -0.0036925194640836235 -0.0037142697803966914 0.0018244043805777464 -0.00052019209881709713 -0.0026292100442768269 0.00012536368096343579 0.0091343381944231517 0.016135406678690394 -0.0032480977567705955 0.009920737050524351 -0.001040075778148003 0.00053954585104851334 -0.0034652514091143781 -0.0068697022564976288 -0.001669944348605197 0.011881403834082545 -0.0046520636705732702 -0.0014241757423711682 -0.0026215081485026787 0.0088942088829887505 0.0081519936950405873 -0.00048024614423512052 0.0018089694906321843
leaf_weight=382.33657555282116 83.281992971897125 95.850938737392426 531.27576887607574 83.668317884206772 27.004438504576683 17.669953808188438 86.027383759617805 89.551103591918945 17.404115408658981 12.333738684654234 63.808496996760368 54.985484927892685 36.61226923763752 22.282787382602692 15.745003134012221 17.898801997303963 24.013260081410408 65.362048491835594 12.499168395996092 46.25636138021946 25.902286767959595 23.390721917152405 13.825223088264464 20.19496588408947
leaf_count=2708 548 702 3853 587 189 121 607 602 118 84 415 372 246 159 114 127 169 462 84 323 181 159 93 135
internal_value=-1.91666e-05 0.0023828 -0.0015921 0.000212701 0.00330228 0.00152876 0.00373125 0.00625113 0.0046552 0.00877634 0.00566605 0.00424603 0.00612555 -0.00312053 0.000805269 0.00291409 0.00633296 -0.00123611 0.00782795 0.00107242 0.00428916 0.00424061 0.00780667 0.00890661
internal_weight=1869.18 738.832 1130.35 519.133 642.981 370.273 205.748 119.72 136.797 53.1286 272.708 208.9 153.914 611.216 79.9399 64.1948 41.9121 164.525 102.05 99.1631 52.9067 35.7245 117.302 103.477
internal_count=13158 5080 8078 3656 4378 2569 1414 807 948 361 1809 1394 1022 4422 569 455 296 1155 686 693 370 243 776 683
is_linear=0
shrinkage=0.01


Tree=19
num_leaves=25
num_cat=0
split_feature=271 5 5 32 123 11 73 198 121 115 106 120 75 81 23 149 225 307 81 312 279 120 81 224
split_gain=79.0847 43.675 36.5724 31.4698 29.4274 22.2984 25.053 20.4471 17.7108 20.7298 16.8929 26.5718 16.2422 14.2488 24.951 15.8053 13.736 16.091 12.8857 12.5483 11.6937 11.5795 21.1652 11.2385
threshold=0.10952046704805242 -2.8983711643309662 -2.8712440139818409 0.0015372799243766988 2.1702367984842135 0.41617565333107809 322.47232286924384 40.500000000000007 -0.68225548616456144 -0.46602931590100183 0.7244792150918723 0.80027054189581903 0.38069239111277625 0.30429120704022311 -0.40945686289158251 0.082009247583018086 0.86446145434663768 0.010805685429548064 0.95925699163802236 -0.22303206579728369 0.0071519417598722721 1.1022021755406655 0.88588800630246867 2.3011757940721931
decision_type=2 2 2 2 10 10 2 2 8 10 10 8 10 10 8 10 2 2 10 2 10 8 10 2
left_child=3 -2 23 4 5 6 12 -8 10 -10 11 13 -1 14 16 -15 17 -4 19 -9 -17 22 -13 -3
right_child=1 2 8 -5 -6 -7 7 18 9 -11 -12 21 -14 15 -16 20 -18 -19 -20 -21 -22 -23 -24 -25
leaf_value=0.0013491198834795542 -0.003382996180080432 0.010134740059012735 0.0039627872788387071 -0.0063292897538557401 -0.004268363119516643 -0.0019952651139681214 0.012565924597798123 -0.0020819953086495132 -0.0029848911318879536 0.0039380396920645098 0.010179548612876097 -0.00096935546929593607 -0.0035881457334862167 0.015348030553833611 -0.002863509931309956 -0.00011556840872074838 -0.001309087988121608 0.016828155758617142 0.010061907648099017 0.0073219851732728358 0.010262422020378994 -0.0050836029597009962 0.0088634217055662996 0.0024167663936009525
leaf_weight=237.65270803868771 103.90029290318489 91.595106661319733 24.453162416815758 124.64376996457577 218.68892170488834 354.56306537985802 27.266048684716225 47.619454398751259 105.66939543187618 69.062905296683311 33.512166485190392 90.573164999485016 89.322570040822029 24.038885429501534 39.545111626386642 22.415782138705254 13.253534331917761 16.861442252993584 15.783882051706312 16.894838199019432 17.766677111387253 33.541608899831772 25.794330433011055 26.719266146421432
leaf_count=1662 760 594 161 917 1594 2534 189 333 746 482 227 621 644 157 268 151 89 111 109 118 119 234 174 178
internal_value=1.42765e-05 0.00255469 0.00353886 -0.00164423 -0.00104762 -0.000141649 0.00137164 0.00549041 0.00236072 -0.000223691 0.00367596 0.00287915 -1.58568e-05 0.00569796 0.00305563 0.00926168 0.00729223 0.00998109 0.00272846 0.000570617 0.00482417 -0.000142068 0.00136099 0.00849763
internal_weight=1871.14 738.703 634.803 1132.44 1007.79 789.103 434.54 107.564 516.488 174.732 341.756 308.244 326.975 158.335 94.1133 64.2213 54.5681 41.3146 80.2982 64.5143 40.1825 149.909 116.367 118.314
internal_count=13172 5072 4312 8100 7183 5589 3055 749 3540 1228 2312 2085 2306 1056 629 427 361 272 560 451 270 1029 795 772
is_linear=0
shrinkage=0.01


Tree=20
num_leaves=25
num_cat=0
split_feature=122 46 113 84 259 122 308 109 258 210 314 109 151 160 131 91 71 153 109 108 284 303 128 186
split_gain=66.7919 63.1733 32.0358 28.5642 30.0601 25.3237 20.1067 16.3412 23.4618 21.1056 18.5002 15.9648 16.0405 17.8647 15.9176 15.4154 14.9943 14.9624 18.343 14.6899 14.3386 13.9276 13.0207 12.9355
threshold=0.26025589624797435 1.0000000180025095e-35 0.2594736628512177 20.544132471151432 -0.90317088276277124 0.61895094870825862 3.2647307425254762e-05 1.2469916402469974 -0.51946349429927763 0.07479814355648802 -0.0044533513675388261 0.35567176655993649 0.0075329834019009796 0.051320783949182748 1.7414327115246062 27.207277462367077 2.9913326147244166 0.014721362229102168 1.7947628682549939 0.94514344071718093 0.0099842661082401602 0.0010238490092967512 0.31714083938949483 0.027650356778797149
decision_type=8 2 10 2 8 10 2 10 2 2 2 8 10 10 10 2 10 10 10 10 8 2 8 8
left_child=1 3 17 4 -1 6 19 9 22 10 -6 -11 14 -14 -13 -8 -7 18 20 -4 -2 -18 -9 -5
right_child=2 -3 5 23 7 16 15 8 -10 11 -12 12 13 -15 -16 -17 21 -19 -20 -21 -22 -23 -24 -25
leaf_value=0.0067118325447658965 -0.0014277880124911571 -0.0042089092101312902 -0.0026061463227758158 0.012532583768847637 -0.006022226064050497 -0.0027496536651603221 0.0015877532121057333 0.0010783962247952938 0.00024281032930165735 -0.0056385758999167477 -8.7036122796410499e-06 0.0084525722496704547 -0.003777327706775946 0.0063003932763437236 -0.0020554432017515492 0.015328912348460967 -3.5188696080045664e-05 -0.0064128289506115614 0.0035354734332107181 0.0056425455160513827 -0.005492920340573213 0.0096408527271844308 0.012494799480660304 0.0051129736324305366
leaf_weight=108.87217277288437 193.59985513985157 144.17973877489567 44.187780559062958 30.748105630278587 71.809497088193893 219.58050037920475 14.1734012812376 14.755539208650587 64.385987147688866 18.04252652823925 163.67150138318539 71.34932379424572 43.356766387820244 25.563316181302071 16.503512725234032 19.806608512997627 61.699155181646347 137.03613290190697 41.652947843074799 37.156517818570137 159.96304856240749 16.667449474334717 34.110653340816498 115.24560713768005
leaf_count=718 1399 1064 311 203 498 1588 98 100 442 125 1139 481 301 177 113 134 438 1003 296 252 1163 118 229 764
internal_value=-9.89661e-05 0.00181186 -0.00196436 0.00293958 0.00199889 0.000123792 0.00404775 0.000985988 0.00429843 4.59583e-05 -0.00189668 0.00265691 0.0037013 4.79714e-05 0.00646491 0.0101894 -0.00141555 -0.00357966 -0.00255601 0.00121295 -0.00329894 0.00227556 0.00931568 0.00689178
internal_weight=1868.12 922.594 945.523 778.415 632.421 413.271 115.324 523.549 113.252 410.296 235.481 174.815 156.773 68.9201 87.8528 33.98 297.947 532.252 395.216 81.3443 353.563 78.3666 48.8662 145.994
internal_count=13154 6354 6800 5290 4323 2939 795 3605 771 2834 1637 1197 1072 478 594 232 2144 3861 2858 563 2562 556 329 967
is_linear=0
shrinkage=0.01


Tree=21
num_leaves=25
num_cat=0
split_feature=271 32 147 105 101 119 160 297 152 105 36 157 62 180 74 113 164 253 302 113 262 76 73 119
split_gain=69.698 37.0831 30.128 34.8833 22.4739 16.8184 21.5168 16.0867 15.7804 15.3376 13.5871 17.7371 13.61 13.5442 15.3509 12.9497 12.6049 12.3482 12.2869 12.2783 13.8827 12.2165 11.7799 14.6936
threshold=0.10952046704805242 0.0013306725784060971 0.14976909489454981 0.70855941575970816 -1.2217543969495319 -0.024501964845755859 0.053405260580219528 -0.036780578303776422 0.020025062656641609 0.94659944463895329 0.030247428506078079 0.41420252295010312 120.50000000000001 3.765246169864644 149.50000000000003 -0.16073485595002104 0.0012699374539687964 35.500000000000007 0.041745435775775427 0.021161710467184933 -0.059364345887867286 0.71107352793123135 342.57457546223935 1.1426971217549491
decision_type=2 2 8 10 8 8 10 2 10 10 2 10 2 2 2 8 8 2 2 10 10 10 2 10
left_child=2 4 16 5 10 6 18 -5 -9 -10 -2 12 -12 14 -8 17 21 -6 -4 -7 -21 -1 -18 -24
right_child=1 -3 3 7 15 19 13 8 9 -11 11 -13 -14 -15 -16 -17 22 -19 -20 20 -22 -23 23 -25
leaf_value=0.0037654893093426703 0.0037555431239116887 -0.0038913441765866742 -0.0019101987881337511 -0.0033366740934857755 -0.0076343180362344323 -0.0045739029952892663 0.0082227573977186694 0.0096574981532115637 -0.0014530879310125774 0.006717392781326278 0.0029222885660145966 0.00067588758183907281 0.014018722292211383 0.014390516496142342 -0.0046833467422389315 0.0023157836208482596 -0.0034142345108367023 0.00089181207751201641 0.0071012319386909353 0.0058495605175283277 -0.0022369375560516232 -0.0045494648472747647 0.0093730897542035462 -0.0024274668583316172
leaf_weight=16.334944024682045 239.6780154556036 81.141940429806709 145.23636651039124 24.068433955311775 25.337869629263878 181.32784399390221 17.959940016269687 48.123388260602951 45.752517566084862 41.412733271718025 17.124314874410629 22.195873558521271 43.972916200757027 12.694459959864615 13.964471593499182 272.09119801223278 40.833987653255463 41.034972459077835 14.024348631501196 24.706876203417778 89.635341927409172 380.13769626617432 20.160619482398033 17.562098205089569
leaf_count=116 1600 599 1022 169 178 1313 124 327 324 288 113 148 287 85 96 1881 294 280 99 175 641 2784 142 127
internal_value=9.99566e-06 0.00238689 -0.00154774 -0.000159025 0.00317195 -0.00146159 0.00073913 0.00387209 0.00520411 0.00250702 0.00505 0.00851641 0.0111924 0.00665598 0.00262687 0.00134979 -0.0034595 -0.00252817 -0.000999901 -0.00297507 -0.000381563 -0.00418 0.000183409 0.00406906
internal_weight=1876.51 742.577 1133.94 658.907 661.435 499.55 203.88 159.357 135.289 87.1653 322.971 83.2931 61.0972 44.6189 31.9244 338.464 475.029 66.3728 159.261 295.67 114.342 396.473 78.5567 37.7227
internal_count=13212 5086 8126 4663 4487 3555 1426 1108 939 612 2148 548 400 305 220 2339 3463 458 1121 2129 816 2900 563 269
is_linear=0
shrinkage=0.01


Tree=22
num_leaves=25
num_cat=0
split_feature=271 123 22 123 83 62 161 122 291 306 147 163 177 276 297 277 108 149 76 149 62 52 78 113
split_gain=73.525 32.4685 34.8826 21.4691 22.0689 16.7344 16.0021 19.8032 15.4186 14.1205 13.9433 20.5347 19.6371 13.742 12.2881 19.4357 12.2125 12.0216 11.9353 11.4364 11.313 11.2644 12.1564 11.4488
threshold=0.10952046704805242 1.4747309707504359 0.11730539456299779 0.64124283147438754 1.0402058046671585 199.50000000000003 0.020857501933488013 0.73334170049781033 1.6137355295294971 0.70702279163693704 0.24712491738268344 0.0017969582485711521 7.464352000344074 6.18776709068137 -0.030952657619408314 0.0026468441782843415 0.29961946244538645 0.15579312995572767 0.56422998892915255 0.086628386253162409 103.50000000000001 264.50000000000006 -1.2034854271959785 0.54438861842036546
decision_type=2 10 10 8 10 2 10 8 2 2 8 8 10 2 2 10 10 10 10 8 2 2 2 8
left_child=1 2 10 4 18 14 19 8 13 -6 11 -1 -12 -8 -4 17 -14 -16 -2 -5 -10 22 -3 -23
right_child=3 21 5 6 9 -7 7 -9 20 -11 12 -13 16 -15 15 -17 -18 -19 -20 -21 -22 23 -24 -25
leaf_value=-0.0037574626954421306 0.0059656837519882402 0.002859434772516864 -0.0033211054474567119 0.0039597461787044689 0.0017887229148352678 0.012080207530975152 0.0034391657595314548 -0.0012558556728648254 0.0056738948035060747 0.0091476411490053356 -0.00069127396198728449 0.0034945436683171912 0.0017768320283030573 0.0098991802824070253 0.0016717348913166934 -0.0015755146923852482 0.014841000297489779 0.011406915758255958 -0.0010499272591150497 -0.001989177313892419 -0.0028779901044312106 -0.0022290526836737557 -0.0043147613407652973 0.0039831284717892941
leaf_weight=220.32861720025539 33.528862059116364 22.95125387609005 22.854088827967644 37.151224449276924 36.596458330750465 22.371971353888512 83.61868491768837 83.865334928035736 21.460412472486496 108.78518843650818 94.336006000638008 44.837830379605293 15.454074546694757 58.338742211461067 21.243830427527428 31.78601510822773 12.497897967696188 34.690495952963829 70.318038702011108 165.78510737419128 39.688255921006203 128.81385505199432 420.5277029722929 35.468482583761215
leaf_count=1576 222 166 160 258 245 149 565 596 147 719 666 314 109 393 145 220 87 240 479 1159 271 932 3076 254
internal_value=6.87523e-05 -0.00153557 0.000296419 0.00251534 0.0048908 0.00466214 0.00128361 0.00279341 0.00446458 0.0073718 -0.00122202 -0.00250339 0.00154215 0.00624306 0.00288741 0.00456953 0.00848108 0.00798617 0.00130424 -0.000855582 0.000226178 -0.00309997 -0.00392538 -0.000836898
internal_weight=1867.3 1128.16 520.401 739.136 249.229 132.946 489.908 286.971 203.106 145.382 387.454 265.166 122.288 141.957 110.574 87.7203 27.952 55.9343 103.847 202.936 61.1487 607.761 443.479 164.282
internal_count=13148 8094 3666 5054 1665 914 3389 1972 1376 964 2752 1890 862 958 765 605 196 385 701 1417 418 4428 3242 1186
is_linear=0
shrinkage=0.01


Tree=23
num_leaves=25
num_cat=0
split_feature=123 5 5 105 153 161 78 71 71 75 118 22 123 103 161 36 266 32 78 302 5 5 156 132
split_gain=71.4422 55.1383 34.441 25.247 36.9149 22.8835 19.488 22.276 17.4294 18.2116 16.6516 15.104 24.8065 18.8765 14.71 14.2421 13.0087 12.3104 16.208 11.6862 11.3111 11.2907 12.2848 11.0354
threshold=1.3037559528709568 -2.8935132521978844 -2.8712440139818409 0.95325439068398365 0.01564247762863535 0.039378693637037172 -45.52282747697933 1.459563809681933 1.8457526843982881 0.38069239111277625 85.500000000000014 -0.24963116593826787 -0.10896092029255984 0.48109250291201339 0.062589031339031362 0.031001428986936787 1.5010729613733906 0.0016413626071061507 12.837231264434545 0.019430565147955429 -2.7841589122720416 -1.8289774842613642 0.012066392458049724 0.01588089721158242
decision_type=8 2 2 10 8 8 2 10 8 10 2 10 10 10 10 2 2 2 2 2 2 2 8 2
left_child=1 -1 -3 8 21 6 11 -8 -2 15 20 12 19 -13 -7 17 -6 18 23 -4 -9 -5 -23 -10
right_child=3 2 5 4 16 14 7 10 9 -11 -12 13 -14 -15 -16 -17 -18 -19 -20 -21 -22 22 -24 -25
leaf_value=-0.0037460525353545816 -0.0049480786215991591 0.0082059856160501855 0.0040026180543402783 0.0056220665739147094 0.0050434208888779806 0.011769879787416664 -0.0023014686210302148 -0.0065876903231028407 -0.00017401180369717068 -0.0036864024773675362 0.011088636552472688 0.013075074745976053 -9.1318700657282717e-05 0.0026785083616064293 0.0011108985601564752 0.0091661767786351354 -0.0033576462199333941 -0.0055838808719768894 -0.0011830825980774055 0.01546775299739208 0.0025840650599097447 0.0075294644249468213 -0.0027228959720639202 0.010238408366523306
leaf_weight=133.72563269734383 267.46803534030914 112.62877662479877 26.816908210515976 108.35045111179352 17.834253460168839 36.0530886054039 182.99476228654385 12.575106799602507 16.079922124743462 192.35349451005459 18.73741289973259 30.78584548830986 133.19313764572144 40.926843509078026 20.702139616012573 15.180132418870924 184.31884048879147 31.02929562330246 90.420826122164726 13.469468504190443 104.65314924716949 13.148827388882635 40.593760505318642 23.630025923252106
leaf_count=972 1955 732 176 752 127 242 1290 87 113 1405 125 202 906 273 140 106 1335 229 638 87 721 93 288 161
internal_value=2.4738e-06 0.00209995 0.0031774 -0.00181564 0.000280868 0.00223042 0.00159662 -3.47948e-05 -0.00301353 -0.00158029 0.00299329 0.00369903 0.00203359 0.00748335 0.0081371 0.000733459 -0.00255195 -0.00019968 0.00116842 0.00862561 0.00145923 0.00380303 1.96771e-05 0.00626816
internal_weight=1867.67 867.262 733.537 1000.41 364.246 620.908 564.153 318.96 636.162 368.694 135.966 245.192 173.48 71.7127 56.7552 176.34 202.153 161.16 130.131 40.2864 117.228 162.093 53.7426 39.7099
internal_count=13155 5953 4981 7202 2595 4249 3867 2223 4607 2652 933 1644 1169 475 382 1247 1462 1141 912 263 808 1133 381 274
is_linear=0
shrinkage=0.01


Tree=24
num_leaves=25
num_cat=0
split_feature=271 32 153 78 105 140 135 114 122 122 71 150 97 72 162 64 253 71 189 197 65 288 126 105
split_gain=69.2345 35.924 33.4042 31.6699 26.4888 25.0669 22.1377 19.1989 19.5552 16.269 15.6281 19.0458 16.9091 15.7804 15.4822 17.8972 14.4417 14.2318 13.1441 12.7857 12.3037 12.1493 11.9571 12.1527
threshold=0.10952046704805242 0.0013306725784060971 0.010173804286884894 -71.432643394508858 0.70855941575970816 0.065984614579517528 0.29706027782142169 0.75928835639781378 0.63421236912674905 0.21972290827512311 2.2278521314450361 0.048826334128002941 0.087048621603932494 -129.27320219317514 0.011144279048311837 0.88480466915357503 63.500000000000007 1.4911712018487322 -0.50858334575334208 -0.32441826882800595 1.8822248275618219 -0.0026328925388523941 0.26616128725030547 0.96109023611504363
decision_type=2 2 10 2 10 2 2 10 8 10 10 10 8 2 10 10 2 10 10 10 8 2 10 10
left_child=2 3 4 6 10 9 16 -5 14 21 11 12 20 18 15 -9 -2 -11 -12 -14 -1 -6 -19 -24
right_child=1 -3 -4 7 5 -7 -8 8 -10 17 13 -13 19 -15 -16 -17 -18 22 -20 -21 -22 -23 23 -25
leaf_value=0.00056842366259462205 0.014022800096944897 -0.003912195020258467 -0.0042696318694614441 -0.00036690514054071735 0.00081168384651606048 -0.0036576634155574329 0.0030629431371711497 0.0091974984059838647 -0.00047115672352967896 -0.0046106957089618785 0.00024451501111399975 -0.0036766350978853024 -0.0005843093532642491 -0.0010065263832506547 0.0084992057676794696 -0.0019252202486015251 0.0057644755357671995 -0.0020980617947349151 0.013999108864997639 0.0096828558785644701 -0.0054680623527236776 0.011828813103924016 0.0024328981362978942 0.011285713838406103
leaf_weight=103.32016015052795 43.057167440652847 80.23961915075779 332.56795577704906 239.05725020170212 14.30730816721916 48.116881400346756 107.4249289482832 18.746123090386391 73.55648285150528 22.20484071969986 12.008877947926523 322.6423717290163 20.19545204937458 42.916399165987968 84.904512450098991 41.406259521842003 53.563999518752098 22.879506945610046 14.517712622880934 25.810454443097115 46.82189479470253 36.352080091834068 42.286589443683624 24.19876766204834
leaf_count=725 274 595 2441 1656 96 347 709 124 520 160 84 2337 141 305 562 279 345 164 101 182 336 243 301 167
internal_value=-6.4462e-05 0.00230377 -0.00162063 0.00307253 -0.000504972 0.00251725 0.00632478 0.0015903 0.00371235 0.00438626 -0.0015943 -0.00219299 0.000260012 0.00277483 0.00580889 0.00178349 0.00975015 0.00213703 0.00843258 0.00538325 -0.00137403 0.00894451 0.003915 0.00600003
internal_weight=1873.1 741.956 1131.15 661.717 798.579 210.346 204.046 457.671 218.613 162.229 588.233 518.79 196.148 69.443 145.057 60.1524 96.6212 111.57 26.5266 46.0059 150.142 50.6594 89.3649 66.4854
internal_count=13194 5064 8130 4469 5689 1478 1328 3141 1485 1131 4211 3721 1384 490 965 403 619 792 185 323 1061 339 632 468
is_linear=0
shrinkage=0.01


Tree=25
num_leaves=25
num_cat=0
split_feature=123 5 5 109 152 32 161 126 123 109 147 122 105 151 122 245 269 117 114 318 292 114 73 234
split_gain=72.3335 51.8667 28.4551 26.5981 37.4358 25.7617 24.1314 20.416 20.8146 19.6962 22.8081 17.1952 18.7437 18.0728 15.1262 15.1008 15.7861 15.0768 14.6655 13.4741 14.3235 18.9455 12.9823 15.2379
threshold=1.3037559528709568 -2.8983711643309662 -2.8712440139818409 1.4149778051504862 0.12185120558375635 0.0012763247061276619 0.039378693637037172 0.20088937821132144 -0.10896092029255984 1.0275357524826034 0.20145202519303243 0.62680524993752162 1.0801467272519485 0.081834357813005507 -0.021594023724452922 -0.39291426386150796 1.7030582264957268 2.368833019097448 0.78992007196464942 0.9518883248730966 0.0086094696793511966 0.52373584535944562 275.52232676133406 0.048093444356330964
decision_type=8 2 2 10 8 2 8 10 10 8 10 8 10 10 10 2 2 10 8 2 2 10 2 2
left_child=1 -1 -3 18 5 11 7 -4 -9 10 -10 12 13 -5 19 16 -11 -6 -2 -12 -21 -22 -20 -24
right_child=3 2 6 4 17 -7 -8 8 9 15 14 -13 -14 -15 -16 -17 -18 -19 22 20 21 -23 23 -25
leaf_value=-0.0039314538440429897 -0.0050916580295632301 0.0073412263045189267 -0.0021831667743578225 0.0045097915269065123 -0.0054029663443241087 -0.0061864511283931754 0.0083475315430470674 0.0092662987006237353 -0.0054721914467989368 0.0097465011092634918 0.00082978764675578078 -1.9274390357803352e-05 0.0086541173508306556 -0.0034504282467401619 -0.0024829239557701398 0.00051930302724403877 0.001088957517917246 0.0036151847053632613 -0.0030023405887016751 0.0017982064281706605 0.0018608085800441655 0.018061127728445595 -0.0033225586910868429 0.0073326835765953448
leaf_weight=115.47668474912643 254.38637416064739 133.72475138306618 110.70618015527725 84.890007585287094 143.25987024605274 38.156842514872551 56.559415683150291 39.429955214262009 53.602694883942604 64.951270684599876 88.092113852500916 181.94131737947464 62.059905663132668 39.652357786893845 59.369473174214363 57.320194214582443 32.092474728822708 19.087402433156967 126.07117764651775 30.29673732817173 13.076945230364801 16.094401344656944 20.902815446257591 28.840002492070198
leaf_count=856 1863 862 775 581 1054 283 378 256 372 430 600 1309 421 282 421 392 219 136 921 206 89 108 153 207
internal_value=0.000134791 0.00223826 0.00319405 -0.00169842 -0.000273844 0.00134656 0.0022709 0.00162214 0.0025594 0.00186091 0.000168302 0.00217056 0.0042793 0.00194702 0.00168853 0.00465658 0.00700594 -0.00429264 -0.00356628 0.0033888 0.00695269 0.0116399 -0.00130768 0.00289834
internal_weight=1870.04 870.793 755.317 999.248 569.048 406.7 621.592 565.032 454.326 414.896 260.532 368.544 186.602 124.542 206.93 154.364 97.0437 162.347 430.2 147.56 59.4681 29.1713 175.814 49.7428
internal_count=13174 5964 5108 7210 4066 2876 4246 3868 3093 2837 1796 2593 1284 863 1424 1041 649 1190 3144 1003 403 197 1281 360
is_linear=0
shrinkage=0.01


Tree=26
num_leaves=25
num_cat=0
split_feature=119 109 271 149 109 119 76 131 76 76 67 191 170 117 77 37 268 165 174 127 236 268 284 102
split_gain=59.1529 29.2743 29.2561 27.8516 26.0355 24.5419 19.9441 19.5703 16.6037 14.6068 14.5 14.1953 13.0668 14.5668 14.1377 12.8881 15.5406 11.9284 13.2067 12.9158 16.9337 11.7825 11.6778 13.1178
threshold=0.044807703382431514 1.0146505108814157 0.067822972005887092 0.087889098349349409 1.4088891440721518 0.63217769870756124 1.0762297653184087 1.814093495563305 0.707009975630013 0.78431993565769098 45.67651765433677 -0.67167039676282114 1.5882648793424561 0.76146564380055637 2.180690044019737 0.55007711483575383 0.56348728464788034 178.43873842592595 121.6088888888889 -0.36318449548206294 0.21969206044739367 0.41490513751167585 -0.1127289377289377 0.091724437475590545
decision_type=8 10 2 10 8 8 10 10 10 10 2 8 10 10 10 2 2 2 10 10 2 2 8 10
left_child=1 3 8 7 22 6 -6 10 21 -3 -1 -5 -11 -14 -15 -13 -17 -12 19 20 -19 -2 23 -4
right_child=2 9 4 11 5 -7 -8 -9 -10 12 17 15 13 14 -16 16 -18 18 -20 -21 -22 -23 -24 -25
leaf_value=-0.00063808006612511695 0.0072831595568791053 0.0098437684425102465 0.0086510079556143937 -0.0046728806165966296 0.0060701758741353922 -0.00091794791926365338 -0.00033773577158491925 -0.0036468248834945864 -0.0041410796161354376 -0.0032288410702098914 0.013598538833532778 -0.0049992209222134622 0.0010524707532627556 0.015056601590083152 0.0048922316958326037 0.0090724620110246516 -0.0027029072386236474 0.011030967838903186 -0.00094957571294881709 0.0081216149563092359 0.00018327435691086765 -0.0025325268512429952 -0.0030919790042485649 -0.0025836838928807301
leaf_weight=63.464094996452332 20.598092719912529 52.367560282349586 16.632892772555351 102.20306305587292 135.26647467911243 222.32876516878605 74.031422778964043 41.274464994668961 383.50837777554989 21.286808595061302 12.012500509619711 18.993794113397598 60.933287635445595 17.35618682205677 61.295796319842339 24.698893949389458 16.95937542617321 15.37501637637615 41.167261898517609 80.232720732688904 69.972178027033806 23.144415944814682 275.77244435250759 19.994367986917496
leaf_count=434 146 343 118 726 918 1604 516 284 2818 146 81 132 418 112 403 172 120 104 279 535 474 169 1983 144
internal_value=-2.58837e-05 0.00226902 -0.00139964 0.000899994 -0.000197267 0.00138942 0.00382468 0.00259231 -0.00347601 0.00533392 0.00353555 -0.00244236 0.00371437 0.00482358 0.00759423 0.00134122 0.00438939 0.00474358 0.00404694 0.00529026 0.00244126 0.00223019 -0.00238548 0.00274796
internal_weight=1870.87 699.593 1171.28 486.353 744.026 431.627 209.298 323.498 427.251 213.24 282.224 162.855 160.872 139.585 78.652 60.6521 41.6583 218.76 206.747 165.58 85.3472 43.7425 312.4 36.6273
internal_count=13179 4763 8416 3341 5283 3038 1434 2191 3133 1422 1907 1150 1079 933 515 424 292 1473 1392 1113 578 315 2245 262
is_linear=0
shrinkage=0.01


Tree=27
num_leaves=25
num_cat=0
split_feature=122 113 84 122 227 81 103 117 188 49 186 98 79 153 131 201 255 59 22 262 293 22 22 284
split_gain=60.6404 32.0364 28.6886 23.5994 17.7145 19.5037 17.0534 19.2552 17.0029 16.0742 15.96 15.7598 15.6892 13.0047 12.5039 13.9254 12.3209 15.0864 12.1664 11.8779 15.5489 11.8206 11.6998 14.8027
threshold=0.26025589624797435 0.2594736628512177 20.544132471151432 0.82141118620789799 0.0089365576284180948 1.0732206511921343 0.62480931320196065 0.78139879558387937 0.55036231884057984 1.5000000000000002 0.027650356778797149 145.50000000000003 301.71439693501873 0.014721362229102168 1.2475667522056213 0.83169541060474683 163.50000000000003 2.396147392317681 -0.22405783089433298 -0.070333231309173391 -0.0011467904989985308 0.093880727484602619 1.0177933337453038 0.0099842661082401602
decision_type=8 10 2 8 2 10 8 10 8 2 10 2 2 10 8 2 2 10 10 10 2 10 10 8
left_child=2 13 6 4 5 16 14 8 -8 -9 -4 -7 -12 22 15 -1 17 -3 -16 20 -11 -14 23 -2
right_child=1 3 10 -5 -6 11 7 9 -10 19 12 -13 21 -15 18 -17 -18 -19 -20 -21 -22 -23 -24 -25
leaf_value=0.0091988626875337248 -0.0010038570413878139 0.0045169566042795439 0.011336146798086784 -0.0018757673760117449 0.010007492016232888 0.00076487905768112018 -0.0030463737337915117 -0.00053682468880035538 0.0075146312690790628 0.0015966981409784528 0.0094695839893642001 0.010289521971650268 -0.0021118141605338606 -0.0060761706572689967 0.00069843081611639982 -0.00038934072117961425 0.0062482722967978459 -0.0055500557001621114 0.0059838214696560626 0.0012237929809931262 0.01478790679528009 0.0047525351110890698 0.0050304757656351963 -0.0050057255884465622
leaf_weight=46.969669654965401 205.34830211102962 17.236117139458656 35.33751879632473 220.86882510781288 27.084414765238762 36.174398079514503 215.63243740797043 98.441256508231163 13.657028988003729 16.307592257857323 32.57782381772995 31.958747386932373 44.245009481906891 135.14124765992165 256.03204506635666 21.160514324903488 14.200068756937979 57.975543454289436 50.067665994167328 34.779729351401329 19.857834175229073 51.230671465396881 17.266192629933357 169.21944110095501
leaf_count=306 1491 121 231 1616 186 250 1537 680 96 112 210 215 300 1005 1753 140 98 412 337 239 133 335 123 1241
internal_value=7.59364e-06 -0.00179419 0.00180309 0.000316899 0.00293401 0.00155598 0.000986927 -0.000449905 -0.00232873 0.00208395 0.00557498 0.00547977 0.00376591 -0.00341353 0.00251216 0.00631024 -0.00149972 -0.00314965 0.00161328 0.00561483 0.00941509 0.0015921 -0.00245552 -0.00283854
internal_weight=1868.77 932.473 936.297 405.498 184.629 157.545 772.906 398.676 229.289 169.386 163.391 68.1331 128.054 526.975 374.23 68.1302 89.4117 75.2117 306.1 70.9452 36.1654 95.4757 391.834 374.568
internal_count=13167 6758 6409 2898 1282 1096 5333 2797 1633 1164 1076 465 845 3860 2536 446 631 533 2090 484 245 635 2855 2732
is_linear=0
shrinkage=0.01


Tree=28
num_leaves=25
num_cat=0
split_feature=119 5 5 81 122 66 109 153 120 114 115 73 11 115 181 282 102 8 310 232 212 114 76 76
split_gain=60.7468 64.2492 35.6003 23.2337 22.1418 20.5018 20.3579 22.5003 16.1518 21.0187 17.6221 16.0785 15.4174 15.1806 14.7911 13.8085 13.4826 13.2691 13.7244 12.9282 18.6138 12.6631 14.2173 10.6733
threshold=0.44062539308307441 -2.8983711643309662 -2.8712440139818409 0.94026772506820999 -0.036444640190500595 10.934299355154778 1.9359330962660362 0.049443833272216117 0.76375366690251634 0.72620955713536361 -1.3184714446085606 240.8190512486519 0.41617565333107809 -0.44865704651027877 0.054460838240686822 0.014755264723217549 -0.047386589081134141 -0.69503614599219421 -0.37886417759061614 2.7241120743786311 0.32642320085929116 0.4783292139629774 0.51029855182996264 0.68390980734582163
decision_type=8 2 2 10 10 2 10 8 8 8 10 2 10 10 2 10 10 2 2 2 2 8 10 10
left_child=1 -1 14 4 8 -6 13 11 21 15 -11 -8 -13 -2 -3 -10 -12 18 -7 20 -16 22 -4 -15
right_child=6 2 3 -5 5 17 7 -9 9 10 16 12 -14 23 19 -17 -18 -19 -20 -21 -22 -23 -24 -25
leaf_value=-0.0040203596116017114 -0.0043287439655815552 0.014416609658936897 0.0062177254637206386 0.0061640049469263497 -0.0032934797664154608 0.014536413138342792 -0.00068647594600379112 -0.0041706822058672835 -0.0055809220740189961 -0.0019165922751415124 0.01168325681037849 0.0093949836593746287 -0.0017824211708507686 0.0060506630613066008 0.0040438015440836571 0.0015487476784773221 0 0.00027777519867933569 0.00039491437719496695 -0.00075111217744833344 0.012960667369330584 0.0065554667583922815 -0.0020264451325078077 -0.0015996784188207702
leaf_weight=182.83009973168373 390.62588340044022 19.332094296813011 32.485482096672058 91.878367587924004 177.22415848076344 11.900465950369837 56.730376541614532 62.177293702960014 59.0649723559618 25.915173828601837 29.824982896447182 45.222166448831558 15.328913122415541 18.32658077776432 87.50344330072403 46.327855691313744 13.990561366081236 128.8555062264204 13.43043991923332 27.951271891593933 31.985673472285271 116.7327643930912 48.662497088313103 128.63872987031937
leaf_count=1359 2875 125 215 616 1262 82 407 458 409 176 196 316 112 130 565 319 95 895 94 184 204 772 327 934
internal_value=-5.61899e-05 0.00137067 0.00240397 0.00151009 0.000879322 -0.000995422 -0.00233422 0.000570867 0.00254263 0.000311796 0.004476 0.00313221 0.00659633 -0.00330378 0.00656929 -0.00247918 0.00816512 0.00165136 0.00787026 0.00528061 0.00668451 0.00447953 0.00136053 -0.000542299
internal_weight=1862.95 1145.9 963.066 796.293 704.415 331.411 717.05 179.459 373.004 175.124 69.7307 117.281 60.5511 537.591 166.772 105.393 43.8155 154.186 25.3309 147.44 119.489 197.881 81.148 146.965
internal_count=13127 7895 6536 5458 4842 2333 5232 1293 2509 1195 467 835 428 3939 1078 728 291 1071 176 953 769 1314 542 1064
is_linear=0
shrinkage=0.01


Tree=29
num_leaves=25
num_cat=0
split_feature=122 46 113 122 84 99 11 308 87 81 48 311 164 149 307 185 286 279 122 105 268 136 174 105
split_gain=60.3733 52.5974 35.0031 22.5832 22.4661 28.0647 20.3997 16.9328 15.8612 16.5411 19.6727 20.6378 15.5383 13.5644 13.3033 13.2079 12.2959 10.8954 11.0483 14.6807 13.3137 10.8357 10.6251 10.0747
threshold=0.26025589624797435 1.0000000180025095e-35 0.2594736628512177 0.5831164900693222 20.544132471151432 -0.50302093296390216 0.42238088791202522 3.2647307425254762e-05 1.2467388442673319 -0.050943732697391324 118.50000000000001 -0.14436262477695475 0.0012699374539687964 0.17191035067873306 0.016953482985387267 0.702836499866203 2.7846153821230013 0.0048698984138299548 0.64143503934520274 1.0631438680210092 0.10590542644875034 0.13619141867533754 53.953750000000007 0.77830770584833953
decision_type=8 2 10 8 2 8 8 2 8 10 2 2 10 10 2 8 2 8 10 10 2 2 10 8
left_child=1 4 17 7 5 8 23 15 14 -10 11 -11 -5 -14 -1 -4 22 -2 19 20 -19 -15 -6 -7
right_child=2 -3 3 12 16 6 -8 -9 9 10 -12 -13 13 21 -16 -17 -18 18 -20 -21 -22 -23 -24 -25
leaf_value=0.0050128118759568911 -0.0020621642942321621 -0.0037475969443274536 0.0064465213090209939 -0.0022501968257050619 0.0020087254155463597 0.0011874741559606799 -0.002214868048313009 0.010270343434700622 -0.0028981757489391275 0.0090217439640882368 -0.0022243234898708876 -0.0031371283148941814 -0.00053543872947045925 -5.0907567789405471e-05 0.01393821826805235 -0.0020919666332130612 0.00068516490543613247 0.0050483690866338828 -0.0074362719426101743 0.0047819876958236657 -0.0053440842058587994 0.011710140283168977 0.0093975472496592195 0.0062667844447984369
leaf_weight=55.920196577906609 270.50249081850052 141.46488197147846 28.44829286634922 230.44413977861404 27.435364231467247 185.40603268146515 171.89342322945595 31.070206314325333 37.347930893301964 73.254707917571068 30.452457651495934 15.449950024485586 49.04215008020401 11.750231996178629 25.737840726971626 40.45907886326313 32.015646755695343 11.430018991231917 106.08087944984436 18.122814685106277 114.65301004052162 19.548468202352524 89.568146735429764 47.629443481564522
leaf_count=358 1979 1059 193 1685 180 1272 1206 208 250 481 200 105 353 83 163 279 209 83 795 128 844 136 576 320
internal_value=1.89913e-05 0.00181397 -0.00177886 0.000401578 0.00281834 0.00198829 0.000374744 0.00446805 0.00469072 0.00273352 0.00453334 0.00686133 -0.000931978 0.00278469 0.00821194 0.00153471 0.00628958 -0.00349341 -0.00499577 -0.00308465 -0.00430365 0.00762831 0.0077621 0.00229287
internal_weight=1865.13 933.576 931.552 410.763 792.111 643.092 404.929 99.9776 238.163 156.505 119.157 88.7047 310.785 80.3409 81.658 68.9074 149.019 520.789 250.287 144.206 126.083 31.2987 117.004 233.035
internal_count=13145 6379 6766 2937 5320 4355 2798 680 1557 1036 786 586 2257 572 521 472 965 3829 1850 1055 927 219 756 1592
is_linear=0
shrinkage=0.01


Tree=30
num_leaves=25
num_cat=0
split_feature=5 5 21 109 116 150 277 147 65 194 109 147 124 82 81 318 126 24 59 20 82 160 76 109
split_gain=60.4425 71.0572 44.8877 27.9279 26.0264 21.4028 19.1543 18.5945 15.3803 15.2844 15.1143 18.3687 14.8959 13.5837 18.0913 13.1887 12.7196 13.313 15.098 13.6536 12.1102 11.7589 11.6592 20.376
threshold=-2.8996003220412478 -2.8712440139818409 -0.024468828584708797 1.0275357524826034 0.33230128323152541 0.041004623791509043 0.026943279856260445 0.14913119318372417 1.869793646963301 0.13811445341159209 2.1734121837302172 0.10162870762711866 4.5000000000000009 0.50368499519753807 1.0576920626758766 0.8538479018330557 0.8835206488128251 -0.30771227564420855 3.1879186349982138 0.16693579787003157 0.43939727270083045 0.067583317583317606 1.0709263755307594 1.5063613918332945
decision_type=2 2 8 10 10 10 10 8 8 10 8 10 2 8 10 2 10 2 10 10 10 10 10 10
left_child=-1 12 3 5 22 6 -3 10 9 -8 -6 -12 15 20 -15 -2 17 18 -5 -19 -9 -7 23 -4
right_child=1 2 4 16 7 21 8 13 -10 -11 11 -13 -14 14 -16 -17 -18 19 -20 -21 -22 -23 -24 -25
leaf_value=-0.0045374356738871399 0.0061801131888146931 0 -0.0037900489123690556 0.0094310301842304208 -0.0024067931004709024 -0.0043288921307457389 0.012678973293648643 0.002259399709753562 -0.00097654931873883714 0.0030468823467560292 -0.00077189527276871623 0.01121592170585939 0.0076820119531699959 -0.0024931149466328262 0.0082234422511725854 -0.0026778392368332292 -0.0025645324600292552 -0.0021363082152328805 -0.0011503047169238168 0.0062691368998947531 0.016473113400547149 0.0028997893005227645 -0.0054898030852764236 0.0011475489639768124
leaf_weight=253.71337799727917 30.47612190246582 168.68785375356674 237.50626049935818 93.043249160051346 162.64036314189434 105.66375201940536 32.585629314184189 11.98505273461342 25.291321158409119 35.919280305504799 33.304018199443817 17.437234103679657 151.93414436280727 37.236080676317215 23.238981068134308 31.341542214155197 18.515711322426796 34.549144312739372 14.825453087687491 37.776921793818474 12.258075878024099 26.07380798459053 140.53817687928677 126.06773136556149
leaf_count=1903 205 1143 1734 615 1180 756 217 83 172 239 242 121 986 260 156 213 126 236 100 250 82 183 1035 893
internal_value=-2.87208e-05 0.000688393 -0.000137932 0.00194244 -0.00167826 0.000388628 0.00203587 0.000657999 0.00558577 0.0079651 -0.000919171 0.00370505 0.00601751 0.00454294 0.00179319 0.00175316 0.00497111 0.00577873 0.00797541 0.00231153 0.0104575 -0.00285966 -0.00305772 -0.00207958
internal_weight=1862.61 1608.9 1395.14 592.932 802.212 394.222 262.484 298.1 93.7962 68.5049 213.382 50.7413 213.752 84.7182 60.4751 61.8177 198.71 180.195 107.869 72.3261 24.2431 131.738 504.112 363.574
internal_count=13130 11227 9823 4037 5786 2710 1771 2124 628 456 1543 363 1404 581 416 418 1327 1201 715 486 165 939 3662 2627
is_linear=0
shrinkage=0.01


Tree=31
num_leaves=25
num_cat=0
split_feature=123 105 75 71 149 71 212 212 315 123 83 81 323 270 149 285 139 77 172 28 194 147 270 218
split_gain=61.2583 26.9407 32.3855 17.8157 23.0737 17.0153 15.3144 14.2773 14.1234 17.3837 21.3137 20.3784 17.0677 16.6283 14.0977 13.16 14.0747 21.8858 13.8073 13.5705 12.8251 17.114 13.1811 12.3454
threshold=1.0218350804739009 0.61450920700043143 0.40564253358465646 1.295347410432907 0.091010101010101027 2.9913326147244166 0.24423042783596663 0.25866357865843204 -0.15684355636338113 -0.10896092029255984 1.0634455574062298 -0.039922666080483026 199.50000000000003 0.092685000829600142 0.26401991614255771 0.11669513398046232 0.10680070475526274 3.044604603061158 5.9326388888888895 0.22930485394245556 0.019704911667637357 0.1036316533207725 0.087000528076042971 0.12705138552596182
decision_type=8 10 8 8 10 10 2 2 2 10 10 10 2 2 10 2 2 10 10 2 10 10 2 2
left_child=3 -2 15 4 8 14 -5 -8 9 11 12 -1 -11 -12 -4 16 17 18 -3 -18 -7 -22 -23 -9
right_child=1 2 5 6 -6 20 7 23 -10 10 13 -13 -14 -15 -16 -17 19 -19 -20 -21 21 22 -24 -25
leaf_value=0.00430684510032387 -0.0031251293150233884 0.0089557203926220047 -0.0032730528091170857 0.001280181943195255 -0.0025637996443543119 -0.002685637604422622 0.015135082798647901 0.0040595220835960557 -0.0013425669091405418 0.0062973436446386311 0.0079293684723988952 0.017070017312892576 -0.0049654298634046442 -0.0012847556830758594 0.0034144957978386589 -0.00065818190667934183 0.001083042257588523 -0.0026715258739759351 0.0011141477528845332 0.013516587825149647 -0.00079638989991339467 0.014066401922856481 0.0016057653746770436 0.01361110376229877
leaf_weight=46.014872908592224 493.43386153876781 48.693914398550987 335.35196723043919 91.585917741060257 115.53592745959759 37.276475042104721 15.152170345187185 124.85651575028896 64.985577434301376 15.232554689049719 61.695380866527557 16.290088012814522 50.916696473956108 26.84770804643631 32.319515958428383 77.754528224468231 13.990504682064055 48.516579136252403 41.991711974143982 24.469111457467079 32.42911297082901 19.030913710594177 15.541441470384596 13.501960903406141
leaf_count=302 3613 325 2461 622 816 266 100 818 443 105 412 104 353 180 231 538 95 338 292 164 234 131 106 89
internal_value=-1.33322e-05 -0.00132869 -0.000101214 0.00247879 0.00115366 -0.00165235 0.00458608 0.00649287 0.00269072 0.00390493 0.0020279 0.00825816 -0.00220475 0.00517135 -0.0026608 0.00274765 0.00423073 0.00263495 0.00547962 0.00940364 0.00187017 0.00442542 0.00903911 0.00525384
internal_weight=1863.42 1220.8 727.366 642.615 397.519 471.949 245.097 153.511 281.983 216.997 154.692 62.305 66.1493 88.5431 367.671 255.416 177.662 139.202 90.6856 38.4596 104.278 67.0015 34.5724 138.358
internal_count=13138 8794 5181 4344 2715 3429 1629 1007 1899 1456 1050 406 458 592 2692 1752 1214 955 617 259 737 471 237 907
is_linear=0
shrinkage=0.01


Tree=32
num_leaves=25
num_cat=0
split_feature=32 122 109 122 114 262 77 109 153 81 164 58 126 77 162 75 208 162 197 36 188 99 247 108
split_gain=57.7718 66.4068 34.8723 48.5142 18.0015 21.4374 17.4016 19.116 16.2496 20.6112 16.0154 15.7636 15.2607 19.7063 17.0519 16.4358 14.9327 13.5348 12.4942 12.3266 12.1947 12.1612 14.7233 11.9925
threshold=0.00062896092095701759 -0.036444640190500595 1.2469916402469974 0.62680524993752162 0.72620955713536361 -0.99788036317089934 1.9442165470524089 0.53188897813707237 0.012746977772000522 1.3887417712346466 0.0012699374539687964 0.83923976860492677 0.23579372413924976 3.0808778457217838 0.00404176536252008 0.035605511783703907 2.5208808297935676 0.02256851806936697 -0.39517175700335311 0.014222825877547876 0.13965991497874472 -0.50302093296390216 0.513746322490506 0.65095966785300796
decision_type=2 8 10 10 8 8 10 10 8 10 10 8 10 10 10 10 2 10 8 2 10 10 2 10
left_child=1 4 -3 8 5 -1 7 18 9 12 16 20 -4 14 15 -14 -5 -10 -7 -13 -6 22 -9 -16
right_child=-2 2 3 10 11 6 -8 21 17 -11 -12 19 13 -15 23 -17 -18 -19 -20 -21 -22 -23 -24 -25
leaf_value=0.013338503612839059 -0.0044384342781944334 -0.002943298895969402 -0.0021045177827881214 -0.0011050010877367347 0.00026849478648508787 -0.0049755048223203788 -0.0027456685323104034 0.012446148336134511 -0.0060268949210097768 0.015944918993278379 0.0021405295043839113 -0.0026681357258454418 0.010294895579520661 0.00032335862116410842 0.0025263858022544598 -0.0019628472200425573 -0.0058644443373182063 0.0032042797697152802 0.0020561459276563286 0.0056592003444472629 0.010709824166938694 0.0023044526820087093 0.0036336926538372929 0.010597093078275508
leaf_weight=14.317777663469313 244.02004610002041 408.13629549741745 36.749745205044746 174.82332420349121 13.438303813338278 36.228849574923515 64.677261456847191 34.725458532571793 28.080563798546791 12.196387454867361 77.019857585430145 24.943649336695671 12.407531276345251 72.584238365292549 26.603400245308876 36.155370116233826 105.37831282615662 29.926513895392418 68.644481912255287 48.356348052620888 76.07612119615078 90.294647663831711 46.15523074567318 83.323157042264938
leaf_count=88 1839 2965 258 1287 90 240 445 222 202 82 547 168 83 496 181 253 782 206 458 312 489 608 299 549
internal_value=6.8271e-05 0.000753792 -0.000633011 0.000728223 0.00369789 0.00239829 0.00182915 0.00292168 0.00343064 0.00442182 -0.00183307 0.00643606 0.00373151 0.00467827 0.00662564 0.00154509 -0.00293939 -0.00132056 -0.000430731 0.00281836 0.00920973 0.00495491 0.00772321 0.00876569
internal_weight=1865.26 1621.24 1103.38 695.248 517.858 355.044 340.726 276.049 338.027 280.02 357.221 162.814 267.823 231.074 158.489 48.5629 280.202 58.0071 104.873 73.3 89.5144 171.175 80.8807 109.927
internal_count=13149 11310 7891 4926 3419 2360 2272 1827 2310 1902 2616 1059 1820 1562 1066 336 2069 408 698 480 579 1129 521 730
is_linear=0
shrinkage=0.01


Tree=33
num_leaves=25
num_cat=0
split_feature=5 5 119 109 152 105 157 152 87 75 162 143 210 107 8 126 76 232 292 124 313 39 286 119
split_gain=63.6977 66.5429 42.8794 26.8096 32.1509 19.285 18.7083 17.3109 16.4907 15.065 15.9993 16.5693 14.9769 13.9216 15.3992 16.4534 13.8619 12.9994 23.4337 15.8292 13.6445 12.8755 12.8128 12.7997
threshold=-2.8996003220412478 -2.8712440139818409 0.1139320758811037 1.4088891440721518 0.11867455188391661 0.21764990628511008 0.1471901260504202 0.020794025157232707 0.86661953934783686 -0.47578801033322532 0.0015071598611641139 0.0070505385252692633 0.045540960940200492 0.16723313211423166 -0.3245237877399737 0.41410483563372641 1.0236945876958805 2.7128062515281814 -0.0034691164778374085 8.5000000000000018 -0.0021279003961516695 0.050027808676307017 0.6239693469052453 -0.11148555981091844
decision_type=2 2 8 10 8 10 8 10 8 10 10 10 2 10 2 10 10 2 2 2 2 2 2 8
left_child=-1 17 5 22 6 8 -5 12 -3 -7 -11 -12 -8 -9 15 -15 21 18 23 -19 -20 -17 -4 -2
right_child=1 2 3 4 -6 9 7 13 -10 10 11 -13 -14 14 -16 16 -18 19 20 -21 -22 -23 -24 -25
leaf_value=-0.00458438814517469 0.0078944218444576691 0.0096521029553968945 0.0017490870709224349 0.0060030341355527027 -0.0037927332233629696 0.01004396987058717 0.00090296970816433901 -0.0034483798136583457 -0.00072223196517171918 0.0007024989147368586 0.011555529846171083 0.0032058858837984072 0.012236728565967421 -0.0019379304632794038 -0.002964275718769731 0.018709421530352703 0.0012813525160529705 -0.0029617038378297604 -0.00088426890434339966 0.0067308658055911796 0.0068018259879129919 0.0044297637081490296 -0.0038074526591292714 0.018815020771215218
leaf_weight=251.88377484679222 37.099318534135818 13.710716813802717 44.819497838616371 81.658930882811546 135.56750585138798 33.859188601374626 27.169050335884094 94.729445919394493 203.34399281442165 136.27303384244442 32.455296456813812 85.674773260951042 18.561624869704247 26.442974552512169 44.042843267321587 12.177809268236162 22.106472045183182 31.50674743950367 33.395464107394218 30.476963549852371 66.57302363216877 15.392664805054663 367.2427020072937 19.783317908644676
leaf_count=1902 233 90 329 565 1005 217 184 683 1384 928 211 564 125 190 315 84 156 218 217 202 427 104 2693 131
internal_value=6.30497e-05 0.000795713 -1.21602e-05 -0.00133279 0.000278437 0.00230605 0.00191178 0.00057516 4.47032e-05 0.00398828 0.00307638 0.0057257 0.00597061 -0.000631302 0.00160965 0.00428035 0.00753536 0.0058852 0.00740223 0.00187459 0.00427089 0.0119287 -0.0031928 0.0124236
internal_weight=1865.95 1614.06 1395.23 889.912 477.849 505.317 342.282 260.623 217.055 288.262 254.403 118.13 45.7307 214.892 120.163 76.1199 49.6769 218.835 156.851 61.9837 99.9685 27.5705 412.062 56.8826
internal_count=13157 11255 9827 6433 3411 3394 2406 1841 1474 1920 1703 775 309 1532 849 534 344 1428 1008 420 644 188 3022 364
is_linear=0
shrinkage=0.01


Tree=34
num_leaves=25
num_cat=0
split_feature=46 21 114 120 105 21 96 170 193 161 148 65 73 11 221 170 106 72 320 28 108 113 262 143
split_gain=54.0959 58.3203 31.8048 32.7042 25.8642 35.9156 16.4077 16.333 13.8276 13.6876 19.4879 13.3755 12.7504 13.8144 13.742 12.7093 12.0993 12.108 12.0178 11.8292 11.6747 11.4833 14.2197 13.2076
threshold=1.0000000180025095e-35 -0.05650404252328018 0.72620955713536361 0.80910960197290394 0.93544260628691212 0.43462766394383884 -1.1130493188925512 2.4333523795352288 0.84395292207792216 0.0038535788535788542 0.15535914594050984 1.8822248275618219 317.52657757435776 0.47430584917416835 -0.65209249263162394 1.6476047696986249 0.32609391729188703 18.481566027804121 -0.11953133393018346 0.21525921257753161 0.56594127626327839 0.28349862509762486 0.37046261963925703 0.014953323271284031
decision_type=2 8 8 10 10 8 8 10 8 10 10 10 2 10 2 8 8 2 2 2 10 10 10 10
left_child=1 2 3 6 12 8 -1 15 21 10 11 -8 -3 14 -14 -4 -7 -18 -15 -11 -5 22 -6 -23
right_child=-2 4 7 20 5 16 9 -9 -10 19 -12 -13 13 18 -16 -17 17 -19 -20 -21 -22 23 -24 -25
leaf_value=0.011150494034673919 -0.0043950287750761747 -0.0035756591845725557 0.0058498232604065293 -0.003433547552634717 0.0058035379134900892 0.0072264615958019512 0.0051504866170614932 0.0076223972500430587 -0.0023143593878517188 -0.0007284990069719023 -0.0026461247076713687 -0.0039552133365608113 0.010913078193853872 -0.0083989841904597833 0.0005821000883877896 -0.0017448924975046512 -0.0041901866200461432 0.00071562120242202559 -4.028032207384306e-05 0.0071825163677286009 0.0041161132263176784 0.011077508445054013 -0.003074325229327564 0.00055807158701563959
leaf_weight=20.954925209283829 244.47901117801666 354.33154831826687 40.629021570086479 140.4715339243412 48.494041562080383 11.399389833211897 91.075751885771751 154.63690093159676 24.204773515462875 23.737883746623993 86.203998759388924 17.156297370791435 12.517303109169005 27.009676694869995 83.683322340250015 42.371814489364624 128.21069242060184 79.96315011382103 41.234042584896088 77.976728439331055 21.322836950421333 49.032858461141586 25.437512367963791 16.175868257880211
leaf_count=129 1854 2594 278 978 331 84 593 995 168 160 596 115 88 201 595 283 946 577 303 517 146 322 178 108
internal_value=-3.82491e-05 0.000625888 0.00275041 0.00124926 -0.00106459 0.000901274 0.00310811 0.00572091 0.00441454 0.00243515 0.000846423 0.00363377 -0.00251458 -0.000200317 0.00221096 0.00203151 -0.00173078 -0.00231673 -0.00356614 0.00535697 -0.00237859 0.0056151 0.00273505 0.00861509
internal_weight=1862.71 1618.23 716.538 478.9 901.694 382.918 317.106 237.638 163.345 296.151 194.436 108.232 518.776 164.444 96.2006 83.0008 219.573 208.174 68.2437 101.715 161.794 139.14 73.9316 65.2087
internal_count=13139 11285 4790 3234 6495 2714 2110 1556 1107 1981 1304 708 3781 1187 683 561 1607 1523 504 677 1124 939 509 430
is_linear=0
shrinkage=0.01


Tree=35
num_leaves=25
num_cat=0
split_feature=5 5 271 147 109 112 3 313 5 224 70 160 287 295 7 229 237 126 5 281 147 235 56 319
split_gain=55.9288 60.6984 36.9846 23.2968 21.7752 17.8063 15.2248 14.3015 13.6058 16.8931 12.3307 12.2487 14.244 13.8092 12.0438 11.8312 15.4748 11.2509 12.1028 12.1297 10.6709 12.2674 11.4233 10.3585
threshold=-2.8996003220412478 -2.8712440139818409 0.1300604931368082 0.14913119318372417 1.4729548358460007 71.500000000000014 2.5471693845014545 -0.033998827667057439 -2.8935132521978844 2.3011757940721931 0.821671461549634 0.035180532291085066 0.016638134303127133 0.15316771764583509 -1.0586728084065633 -0.22439206280878024 -0.097341284153647942 0.94452654940604275 -2.4736513213309261 2.4916892318084938 0.1747280383670605 0.0060636700677145581 234.50000000000003 -0.14031980267800989
decision_type=2 2 2 8 10 2 2 2 2 2 10 10 2 2 2 2 2 8 2 2 8 2 2 2
left_child=-1 8 3 -3 6 15 11 -7 -2 -10 -8 -5 23 -14 -11 -4 -17 18 -6 -20 -18 22 -22 -13
right_child=1 2 5 4 17 7 10 -9 9 14 -12 12 13 -15 -16 16 20 -19 19 -21 21 -23 -24 -25
leaf_value=-0.0043541325484087144 0.00029240020288181129 -0.0028843773264241794 -0.0013977214992655538 -0.001016909135293868 0.00058171562971679272 0.010051182238179137 -0.0029615653593627529 0.0025923807381917135 0.0087774171823471279 -0.0008751003295858731 0.0057439978353946933 0.0049499803110832361 0.0019561141122358596 0.013172333131683802 0.0093048121040037891 0.0069870292290089295 -0.0032660332569971334 -0.00098445498971090552 0.014816862598469789 0.0046921080471976585 0.00031876140088619705 -0.0025117628201280638 0.013494250169577355 -0.0021771953148000938
leaf_weight=249.95059894025326 40.381666868925095 401.12967695295811 99.340940624475479 142.88552701473236 31.036673575639725 47.622131884098053 246.92343671619892 58.961064606904984 123.05798017978668 40.687883257865906 14.737513661384581 30.743153795599937 23.69228421151638 20.193227156996727 13.129267558455465 56.082453206181526 40.680162161588669 32.722432315349579 17.614099934697151 39.944592714309692 11.878016546368601 17.315986007452011 12.80494239926338 49.055357247591019
leaf_count=1899 269 2965 673 1000 210 305 1769 384 780 272 104 214 165 139 89 376 283 229 118 270 82 117 84 343
internal_value=1.92268e-05 0.000704172 -6.48278e-05 -0.000998564 0.000171962 0.0027634 -0.000708634 0.00610866 0.00558487 0.00676383 -0.002411 0.000966441 0.00323708 0.00762571 0.00193254 0.00120738 0.00307017 0.0039428 0.00574777 0.00835831 0.000257673 0.00368395 0.00787783 0.000632153
internal_weight=1862.57 1612.62 1395.36 1050.68 649.548 344.686 528.23 106.583 217.257 176.875 261.661 266.57 123.684 43.8855 53.8172 238.103 138.762 121.318 88.5954 57.5587 82.6791 41.9989 24.683 79.7985
internal_count=13139 11240 9830 7526 4561 2304 3734 689 1410 1141 1873 1861 861 304 361 1615 942 827 598 388 566 283 166 557
is_linear=0
shrinkage=0.01


Tree=36
num_leaves=25
num_cat=0
split_feature=46 21 114 120 117 152 131 83 153 107 238 255 90 177 244 89 294 150 291 85 64 114 193 280
split_gain=52.2144 58.0649 33.3213 41.5187 21.8711 23.8256 17.5187 15.6116 14.4584 16.7652 20.3031 15.1765 13.5104 12.5479 18.3134 11.8105 11.7183 11.637 11.3591 11.13 14.6649 15.1354 11.0297 10.8415
threshold=1.0000000180025095e-35 -0.05650404252328018 0.72620955713536361 0.80642948675526294 1.1899112984831832 0.065626931768664062 1.0291360320471574 3.5013525619451138 0.0050633235912423734 0.13016598671795385 -0.32835096974888167 104.50000000000001 3.1718427392137971 7.3149118704782827 0.018194444444444447 4.8152897669160293 -0.1333807416772019 0.1273067756213824 0.33032233232891334 66.677001415338154 0.87517689737023041 0.95626893391200962 0.84650034650034656 0.079698757741833895
decision_type=2 8 8 10 10 8 8 10 10 10 2 2 2 10 2 8 2 10 2 2 10 10 8 2
left_child=1 2 3 6 8 13 -1 -7 9 18 -11 12 23 14 -6 -9 -8 -16 -3 -4 -21 -22 -20 -12
right_child=-2 4 19 -5 5 7 16 15 -10 10 11 -13 -14 -15 17 -17 -18 -19 22 20 21 -23 -24 -25
leaf_value=0.010330611014828047 -0.004318360119141944 0.0035376966496590569 0.003988423953136081 -0.0028632663929748442 0.011688215574399774 -0.0020232659099191307 0.0099106077515712775 0.011831010207652558 -0.0050543994464977591 -0.0042536519530651283 -0.0010579368464439052 0.011306460497610624 -0.0054967966839302622 0.00080159151745583322 0.0072113760463813625 -0.0010674404609201727 0.0019111521986348618 -0.0025208507085825011 -0.0022404741472786881 0.01422710263988216 0.0016072515379798316 0.012436125945574621 -0.0078157325621220613 0.0084821485293002843
leaf_weight=29.275366574525833 243.8077597618103 20.587942704558372 152.91649289429188 164.0013835132122 33.255726307630539 249.81579966843128 17.156480506062508 12.35133947432041 154.08270199596882 37.386737182736397 19.48696194589138 20.339377358555794 16.279591456055641 83.781995832920074 19.453959748148918 12.271482691168787 275.96683280169964 24.850085809826851 124.00885325670242 29.046758651733398 40.7934610247612 16.978228762745857 49.660938307642937 25.088871598243713
leaf_count=182 1860 151 1018 1141 224 1820 114 87 1150 263 139 141 116 576 131 89 1842 174 903 179 258 106 370 179
internal_value=-2.9562e-05 0.000618175 0.00271837 0.00119798 -0.00107334 0.000535126 0.00327396 -0.00125357 -0.00257083 -0.00130993 0.0016235 0.00439401 0.00166667 0.00355285 0.00637895 0.00592037 0.00247339 0.00190816 -0.00310331 0.00574879 0.00861355 0.00524001 -0.00394056 0.00447672
internal_weight=1872.65 1628.84 726.135 486.4 902.702 435.78 322.399 274.439 466.922 312.839 118.582 81.1948 60.8554 161.342 77.5598 24.6228 293.123 44.304 194.258 239.735 86.8184 57.7717 173.67 44.5758
internal_count=13213 11353 4840 3279 6513 3101 2138 1996 3412 2262 838 575 434 1105 529 176 1956 305 1424 1561 543 364 1273 318
is_linear=0
shrinkage=0.01


Tree=37
num_leaves=25
num_cat=0
split_feature=123 46 46 162 122 108 258 160 143 85 126 295 274 226 311 168 133 193 252 122 162 193 128 123
split_gain=54.4975 24.6629 23.3458 21.729 34.3919 20.9072 32.1811 16.6507 15.9689 18.3449 15.6703 20.1242 14.7765 19.1951 13.7965 13.3806 12.5916 12.5666 11.6808 11.3712 11.508 12.8315 12.7864 16.9262
threshold=1.0218350804739009 1.0000000180025095e-35 1.0000000180025095e-35 0.0025220721064549783 0.64143503934520274 0.6787160163624234 -0.38595364338133059 0.055132584529874948 0.17907926583299719 87.486792628091024 0.27907639299966369 0.1719601118244877 5.520161806956188 0.032301538996609001 -0.066347951309816008 150.50000000000003 0.044348673177468691 0.47014260249554374 104.50000000000001 0.32317777209234128 0.013001098684395867 0.58218401662573227 -0.33197593309580903 -0.10896092029255984
decision_type=8 2 2 10 10 8 2 10 10 2 10 2 2 2 2 2 2 10 2 10 10 10 10 10
left_child=1 8 3 16 5 6 7 -5 9 17 14 12 -12 -14 -7 -9 -2 -1 -17 20 21 -19 -23 -24
right_child=2 -3 -4 4 -6 10 -8 15 -10 -11 11 -13 13 -15 -16 18 -18 19 -20 -21 -22 22 23 -25
leaf_value=0.0099603685671618772 -0.0039884114424928478 -0.0027150912352292725 -0.004726850040040486 -0.0024023078864307953 -0.0020508714215305935 -0.0051869027843734483 -0.0054320202230898045 -0.0005534703293997279 0.010703628953987908 0.0068342325456683404 0.012067896030978669 0.0010045192063382669 -0.0023109009957783247 0.0079814888491660518 0.0064142556004438177 0.012433731187433539 0.0012390175612333545 -0.0042445270420353436 0.0012689826750814418 -0.0060102028103813298 0.0098952795026606196 -0.0029353213419791194 0.0084199173977349689 0.0017960746720456174
leaf_weight=15.770151674747465 234.13767868280411 80.988922283053398 161.19212041795254 32.7709581553936 352.76366180181503 28.430758476257324 72.13651342689991 20.227813795208931 23.969632834196091 88.026262000203133 46.135441675782204 73.000729843974113 25.05307736992836 53.039126023650169 12.455694392323492 29.351828932762146 55.439102053642273 32.802361309528351 14.509214222431181 16.411665752530098 14.399933859705923 43.103199824690819 42.368672981858253 290.48056571185589
leaf_count=105 1724 618 1235 230 2604 201 516 144 147 557 305 493 171 351 87 199 398 219 99 119 93 293 268 1942
internal_value=3.52965e-05 0.00236956 -0.00121653 -0.000665097 0.000224277 0.00219872 -0.000484804 0.0032393 0.0031071 0.00271622 0.00409074 0.00524706 0.007654 0.00470184 -0.00144252 0.00611868 -0.00298186 0.00188048 0.00906388 0.00152623 0.00185902 0.00150713 0.0020397 0.00270635
internal_weight=1858.97 648.321 1210.64 1049.45 759.875 407.111 168.996 96.8598 567.332 543.363 238.115 197.228 124.228 78.0922 40.8865 64.0889 289.577 455.337 43.861 439.566 423.155 408.755 375.952 332.849
internal_count=13118 4361 8757 7522 5400 2796 1188 672 3743 3596 1608 1320 827 522 288 442 2122 3039 298 2934 2815 2722 2503 2210
is_linear=0
shrinkage=0.01


Tree=38
num_leaves=25
num_cat=0
split_feature=122 5 113 122 308 271 22 164 303 113 115 234 119 33 232 308 109 35 245 299 244 117 96 93
split_gain=57.0884 51.1836 29.0484 22.8984 21.3916 20.6207 15.6283 13.7281 16.9415 13.5179 13.2309 14.9212 17.7971 13.2266 12.6665 13.5782 12.4316 12.0736 12.0225 16.5995 12.0705 11.9839 12.7166 11.1046
threshold=0.26025589624797435 -2.8983711643309662 0.2594736628512177 0.62680524993752162 3.2647307425254762e-05 0.11462643700339314 0.06154296143298419 0.0012699374539687964 0.0010238490092967512 0.4051013374785673 -1.2571930059076639 0.063008668034142803 -0.22695836953591861 0.031504334017071402 2.032684274114946 -0.0017641828400978409 1.493529095302681 0.006413194199628664 -0.43696152861578508 0.024698374998947007 0.01041666666666667 0.56040334643492828 -0.57455875426222935 -0.043444001004836794
decision_type=8 2 10 10 2 2 10 10 2 10 10 2 10 2 2 2 8 2 2 2 2 10 10 8
left_child=1 -1 -2 4 16 6 14 17 -9 -6 -7 12 -12 -14 15 -3 -4 -5 19 20 -8 -17 -23 -19
right_child=2 5 3 7 9 10 18 8 -10 -11 11 -13 13 -15 -16 21 -18 23 -20 -21 -22 22 -24 -25
leaf_value=-0.003464167161829772 -0.0031904904868494581 -0.0028580342089583773 -0.0038023843616993057 -0.0037319140615437642 0.0023256104452536405 0.0073029699605131181 0.0036632393114992023 -0.00014792666819632709 0.010790596707474613 0.014762212402292547 0.013531796789955246 0.0019006072268508269 0.0082458155806265608 -0.0029762375660887402 -0.0030067754479569885 0.00052955675940044827 0.0039297454771397193 -0.0023373327301806756 0.0013708313663248794 -0.00023218569626641276 0.015835747969381416 0.011055528886373067 0.0015425671285600102 0.0069800085418696336
leaf_weight=149.23111845552921 517.1780519336462 50.63379679620266 30.56436026096344 164.02683955430984 15.995894953608511 117.77468882501125 16.16259129345417 59.054326593875885 15.681758955121039 21.263754561543465 24.990688741207123 209.89166159927845 17.778318881988525 19.009156420826912 93.356447264552116 80.356194987893105 52.344626396894455 25.789710596203804 73.980212613940239 18.383447796106339 20.73283214867115 27.349755972623825 28.827442035079002 20.521069884300232
leaf_count=1136 3852 352 218 1220 109 731 106 423 111 138 157 1366 117 122 653 557 350 190 501 122 136 183 199 149
internal_value=0.00014217 0.00186261 -0.00162603 0.000376402 0.00398745 0.00286723 0.00128426 -0.0011666 0.00244532 0.00999119 0.00450892 0.00323093 0.00745287 0.00262387 -4.72085e-05 0.00144655 0.00103598 -0.00247018 0.00412041 0.00753596 0.0111719 0.00307587 0.00650024 0.00193556
internal_weight=1870.88 948.458 922.42 405.242 120.169 799.227 409.783 285.074 74.7361 37.2596 389.445 271.67 61.7782 36.7875 280.524 187.167 82.909 210.338 129.259 55.2789 36.8954 136.533 56.1772 46.3108
internal_count=13198 6438 6760 2908 815 5302 2809 2093 534 247 2493 1762 396 239 1944 1291 568 1559 865 364 242 939 382 339
is_linear=0
shrinkage=0.01


Tree=39
num_leaves=25
num_cat=0
split_feature=271 46 153 105 140 123 39 67 271 209 39 13 39 284 228 255 273 202 89 71 117 211 73 89
split_gain=58.5604 30.2971 25.7275 27.1553 22.2454 21.2707 20.02 18.2454 17.5341 16.4849 14.7482 14.4257 13.6822 15.7716 13.4645 12.595 15.132 11.3243 12.9107 11.2291 10.9695 10.7902 10.5785 12.217
threshold=0.10952046704805242 1.0000000180025095e-35 0.0087082912032355932 0.96109023611504363 0.066723744292237458 0.64124283147438754 0.066084494154590556 254.23568747088945 0.14746059681151077 0.75490951097420111 0.083196032713286461 1.0381486660129424 0.098480875396819378 -0.10139829549417921 0.14133280218529481 49.500000000000007 5.2464748912667742 0.10916730328495035 2.2069409983999182 3.3185195880300893 1.5413143420756059 0.0091116645911166472 327.17862094722165 2.4927206897927898
decision_type=2 2 10 10 2 8 2 2 2 2 2 10 2 8 2 2 10 2 8 10 10 2 2 10
left_child=2 5 3 9 7 6 -2 -5 10 14 11 21 -10 -14 -1 -8 17 18 -17 -4 -15 -7 -16 -24
right_child=1 -3 19 4 -6 8 15 -9 12 -11 -12 -13 13 20 22 16 -18 -19 -20 -21 -22 -23 23 -25
leaf_value=0.0084381399030034748 0.010848695487802621 -0.003187546322220982 -0.0043343050630138963 0.0033394464202462157 -0.0025664083648289648 -0.00089237564115106805 -0.0028907455538126413 0.014960943910320523 0.0071208950712294541 -0.0025861022331439849 -0.0033496971882449214 0.0081241586392972655 0.010091200268910172 -0.0033434561075459091 -0.0010619711130885167 -0.00067082248210145843 -0.0012886751366131489 0.0093644227152470914 0.0083850425562981556 0.0013221881880165493 0.0040124005019970387 0.0056901166710415577 0.0072818316785393591 -0.0006117092324270109
leaf_weight=17.339600667357445 49.565890848636627 91.406087040901184 310.9284862652421 36.074771210551262 26.345574915409088 126.47889618575573 23.294786512851715 21.502546161413193 76.444173917174339 354.95325416326523 87.017888382077217 25.752893835306168 14.348284929990767 48.661154583096504 229.72026592493057 37.350746184587479 32.029042780399323 58.996055126190186 23.682035833597183 37.921642169356346 30.577170625329018 27.989099234342575 34.904366582632065 39.519325569272041
leaf_count=124 310 699 2348 248 191 856 154 142 500 2579 612 171 97 333 1638 233 208 367 148 274 205 187 242 281
internal_value=-1.31178e-05 0.00213287 -0.00147373 -0.00043604 0.00483206 0.00287928 0.00536329 0.0081956 0.00157291 -0.00110859 -2.83949e-05 0.00159684 0.00405466 0.00140361 0.000527985 0.00365888 0.0047034 0.0063034 0.00304385 -0.00371083 -0.000451982 0.000375135 0 0.00320885
internal_weight=1862.8 753.594 1109.21 760.36 83.9229 662.188 224.919 57.5773 437.27 676.437 267.239 180.221 170.031 93.5866 321.484 175.353 152.058 120.029 61.0328 348.85 79.2383 154.468 304.144 74.4237
internal_count=13147 5080 8067 5445 581 4381 1420 390 2961 4864 1826 1214 1135 635 2285 1110 956 748 381 2622 538 1043 2161 523
is_linear=0
shrinkage=0.01


Tree=40
num_leaves=25
num_cat=0
split_feature=123 46 71 123 158 117 84 123 315 161 162 164 117 234 147 102 91 154 46 232 235 165 71 237
split_gain=50.69 31.8387 24.6155 22.709 21.149 19.5323 16.5201 21.4557 19.2645 16.3968 15.8509 14.8641 13.7691 14.3232 13.6862 12.5616 12.3522 12.3435 13.0632 12.1776 11.7564 11.4988 10.8405 10.6988
threshold=1.3037559528709568 1.0000000180025095e-35 1.8620673714001119 1.9862697771211273 0.31985617181846382 1.0754376948866182 15.404150418197963 -0.10896092029255984 -0.15684355636338113 0.082445904610853077 0.025466126230457447 0.0012699374539687964 0.30049970236228019 0.094372608523551935 0.23310577056137277 1.228056852784827 19.682434776968709 0.011722021566164155 1.0000000180025095e-35 1.9195597074650792 0.0016168243843781044 179.7028240740741 1.4911712018487322 -0.052601020264534053
decision_type=8 2 10 10 10 10 2 10 2 10 10 10 8 2 10 10 2 10 2 2 2 2 10 2
left_child=1 4 23 9 6 14 7 8 -1 17 -11 -5 -9 16 -6 21 -14 -4 -19 -8 -21 -13 -16 -2
right_child=2 -3 3 11 5 -7 19 12 -10 10 -12 15 13 -15 22 -17 -18 18 -20 20 -22 -23 -24 -25
leaf_value=0.010297683726796078 -0.0045126534626905163 -0.0033464398025398572 -0.0006516816879581248 -0.0034699420179014301 -0.0052854675794623022 0.0078234664832282242 0.011303606053956947 -0.0012020076128890988 -0.00098647507027814041 -0.0019144462942896421 0.010996009552669174 0.0058531668617324674 0.003171164414376944 0.0082862136350034029 -0.0012494986559195068 -0.00560310458237003 -0.0021635237939963349 0.00664350475518081 -0.0027132471745095537 0.0098966757010860683 0.0019597956648310538 -0.0021228063937546652 0.0056832002480977448 -0.0001610293069527187
leaf_weight=54.117240592837334 277.98543485254049 103.94740062952042 191.91497875750065 235.64753685891628 59.96369868516922 22.666939333081245 37.174322217702866 123.48329140245914 19.752738654613495 12.294549614191054 29.128542050719261 48.153256595134735 162.24412056803703 38.035030081868172 85.845816060900688 18.501781672239304 56.390817791223526 51.971035227179527 18.517913609743118 24.606902003288269 66.080014824867249 25.916841089725494 27.396572455763817 71.60545589029789
leaf_count=331 2079 799 1358 1776 426 149 231 829 130 84 195 342 1094 248 595 137 382 353 142 155 419 185 181 533
internal_value=4.58676e-05 0.00178371 -0.00151468 -0.00033059 0.00248033 -0.000354043 0.00343325 0.00250722 0.00734234 0.0016298 0.00726435 -0.00214675 0.00151755 0.00282865 -0.00153891 0.00121394 0.00178057 0.000668254 0.00416176 0.00658782 0.00435934 0.00307394 0.000517038 -0.00363267
internal_weight=1863.34 881.705 981.637 632.046 777.758 195.873 581.884 454.023 73.87 303.827 41.4231 328.219 380.153 256.67 173.206 92.5719 218.635 262.404 70.4889 127.861 90.6869 74.0701 113.242 349.591
internal_count=13153 5969 7184 4572 5170 1351 3819 3014 461 2132 279 2440 2553 1724 1202 664 1476 1853 495 805 574 527 776 2612
is_linear=0
shrinkage=0.01


Tree=41
num_leaves=25
num_cat=0
split_feature=271 153 5 5 22 151 127 111 303 121 115 127 285 150 114 302 113 270 117 153 22 152 17 22
split_gain=51.7788 29.6654 28.8715 26.7024 20.8365 21.3422 19.389 16.6089 16.151 13.2659 19.6363 14.557 14.2583 12.6349 22 14.9608 16.4528 16.0623 12.1713 12.9094 11.7026 11.6529 20.5101 17.0679
threshold=0.10952046704805242 0.011439476553980372 -2.8983711643309662 -2.8712440139818409 0.074374449720436123 0.086230132911980686 0.62054203399578822 0.8549309788991738 0.0039365032549765304 -0.91202665489400658 -0.51655126540875618 -0.295838713045181 0.076923076922844807 0.0445978263443279 0.73460786348361962 0.0089623358494828522 -0.3079230719319685 0.04377334678292271 1.6989804895797758 0.027444334604340256 -0.30643077898711552 0.035121984649122813 2.7062113504047192 0.34127905041658108
decision_type=2 10 2 2 10 10 10 8 2 8 10 10 2 10 10 2 10 2 8 10 10 10 2 10
left_child=1 4 -2 -4 13 6 8 -5 21 11 -11 -9 -13 15 -15 17 -17 20 -3 -20 -1 22 23 -6
right_child=2 18 3 7 5 -7 -8 9 -10 10 -12 12 -14 14 -16 16 -18 -19 19 -21 -22 -23 -24 -25
leaf_value=-0.0014958863245141645 -0.0028366544789797427 -0.0050687341025878341 0.0070083985178215208 0.011398230807605497 -0.0030501310186536986 -0.002186847936594074 -0.0007100200062304335 -0.00037152390642099015 0.012787948026964509 -0.0022432793062444147 0.0034242230436214954 0.0012062086340090589 0.0069865175439280253 -0.0051610725489321741 0.00034850685754574465 0.00021325721124185678 0.01041211321878119 -0.00568203678928069 0.0061735698095669632 -0.0027482054451579601 0.0073330367477945713 -0.0006768278518005914 0.010161992327604374 0.0092571485340490599
leaf_weight=38.514563009142876 99.824259996414185 228.08798830956221 123.88844540715218 14.961280718445776 33.016393631696701 100.23087181150913 80.091718554496765 81.958134397864342 22.133959218859673 158.43662901222706 95.598370835185051 73.364062681794167 105.79085130989552 171.49261077493429 122.90106012672186 40.505289793014526 23.464551150798798 51.055354982614517 18.769204705953598 62.108421564102173 20.893569126725197 39.856676042079926 46.837036818265915 13.595631480216978
leaf_count=277 761 1739 760 96 230 740 561 535 152 1101 660 478 686 1282 891 285 162 359 135 463 142 285 315 91
internal_value=8.86806e-05 -0.0012797 0.00210862 0.002874 -0.000262616 0.00162956 0.00326458 0.00187367 0.0052949 0.00153412 -9.22731e-05 0.00310421 0.0046808 -0.00162154 -0.00287623 0.000502479 0.00425301 -0.00171272 -0.00389857 -0.000526455 0.0017859 0.0038025 0.00568707 0.000844704
internal_weight=1867.38 1113.55 753.822 653.998 804.589 335.762 235.531 530.109 155.44 515.148 254.035 261.113 179.155 468.827 294.394 174.433 63.9698 110.463 308.966 80.8776 59.4081 133.306 93.4491 46.612
internal_count=13186 8109 5077 4316 5772 2374 1634 3556 1073 3460 1761 1699 1164 3398 2173 1225 447 778 2337 598 419 921 636 321
is_linear=0
shrinkage=0.01


Tree=42
num_leaves=25
num_cat=0
split_feature=119 271 107 164 114 123 270 114 95 149 306 309 147 105 162 33 11 149 302 11 307 233 289 67
split_gain=54.1125 24.1277 20.4331 19.4195 16.9747 24.5391 20.0192 15.4426 13.9362 12.7178 12.9214 11.8776 11.4268 19.4406 13.3949 11.4378 10.9523 14.1439 11.7607 10.831 11.0764 10.6657 10.5966 10.5366
threshold=0.44062539308307441 0.11462643700339314 0.25521975655414714 0.0012699374539687964 0.73302609563181453 0.52057875608898263 0.069108557799259243 0.66035209693977781 -1.6875103094497264 0.26401991614255771 0.78662969400110427 -1.0000000180025095e-35 0.14696020140339602 0.80987245329722624 0.0191635091809968 0.027428790891968393 0.45567614568355391 0.10978000956480154 0.010077597457503218 0.53340474831129514 -0.020453415840209963 0.87513213530655409 0.059422621668414118 390.94118279150956
decision_type=8 2 10 8 8 10 2 10 10 10 2 2 8 10 10 2 8 10 2 10 2 2 2 2
left_child=1 2 16 9 5 6 -3 -8 -6 12 -11 23 14 -14 -2 -15 18 22 -1 20 -4 -20 -18 -5
right_child=3 4 19 11 8 -7 7 -9 -10 10 -12 -13 13 15 -16 -17 17 -19 21 -21 -22 -23 -24 -25
leaf_value=-0.00094620166930073195 -0.0065025864046105841 0.012141858519234907 -0.002415935615424324 -0.0026903048988146773 -0.0017520256697095855 -0.0011199366743122265 0.0015526767088729708 0.011168331371956424 0.0065114440409009301 -0.0036312291144537791 0.0061191853732395635 -0.0011144876346733256 -0.0037434785784712598 -0.0020397507960137925 -0.0024101531417510132 0.0056416418202934618 -0.0010052092141805107 -0.0047074232958698795 0.0040385214841603904 -0.0036674638058309889 0.0074759717454235429 -0.0047990577144181356 0.0082225977186686471 0.0075359706359601477
leaf_weight=234.14323015511036 166.96638480573893 24.095665916800499 12.085632115602492 11.618097983300684 22.090505674481392 169.44033442437649 144.71625190973282 16.350162073969841 151.45591093599796 21.857353262603283 27.671943992376328 73.666958369314671 135.261967420578 30.77931135892868 163.21832697093487 44.131911933422089 61.754199258983135 119.30404128134251 101.4693713337183 12.058651074767111 62.677966952323914 13.177123442292212 12.576169088482855 37.566143617033958
leaf_count=1643 1279 151 83 83 143 1164 948 103 972 162 200 528 1015 222 1224 310 436 877 714 85 419 96 88 264
internal_value=-3.7232e-06 0.0013296 3.27719e-06 -0.00216696 0.00289943 0.0016186 0.00410904 0.00271157 0.00544259 -0.00291865 0.00183345 0.00141869 -0.00336339 -0.00150487 -0.00452044 0.00251332 -0.000722601 -0.0026118 0.000335958 0.00442872 0.00583401 0.00292269 0.000788161 0.00508594
internal_weight=1870.13 1157.4 629.246 712.738 528.149 354.602 185.162 161.066 173.546 589.887 49.5293 122.851 540.358 210.173 330.185 74.9112 542.424 193.634 348.79 86.8223 74.7636 114.646 74.3304 49.1842
internal_count=13209 7922 4441 5287 3481 2366 1202 1051 1115 4412 362 875 4050 1547 2503 532 3854 1401 2453 587 502 810 524 347
is_linear=0
shrinkage=0.01


Tree=43
num_leaves=25
num_cat=0
split_feature=119 5 5 72 271 232 119 312 212 201 159 270 273 137 171 162 30 105 277 117 119 229 85 244
split_gain=50.0654 46.9809 32.3784 20.361 19.9972 16.4842 15.8499 15.6836 13.99 13.7737 13.5348 12.3698 11.946 11.194 12.4022 11.6189 12.3661 13.2867 10.8038 10.231 16.8694 12.0401 11.5943 12.492
threshold=0.44062539308307441 -2.8983711643309662 -2.8773415074710829 27.426188707373985 0.1300604931368082 2.7508252930442625 0.87584025685854117 0.098151075935200074 0.32642320085929116 0.76689497716894983 0.18628793983346767 0.082242292394576672 2.6940618862918506 0.25009593246354572 7.460760142172604 0.0191635091809968 0.14506810357730882 1.3170776672811495 -0.0091826451053201048 0.51412940550891351 0.066678879847630601 -0.21728037164487288 48.626696548904242 0.021527777777777781
decision_type=8 2 2 2 2 2 10 2 2 2 10 2 8 2 10 8 2 10 8 10 10 2 2 2
left_child=1 -1 5 13 7 8 18 11 -3 -6 -9 12 -4 15 -15 -2 17 -17 -5 -14 -21 22 -22 -24
right_child=3 2 4 6 9 -7 -8 10 -10 -11 -12 -13 19 14 -16 16 -18 -19 -20 20 21 -23 23 -25
leaf_value=-0.0034279008668464408 -0.0044211926352609818 0.00525297092553867 0.0057246815915504403 0.0023307697334938775 0.0055658972321279542 -0.00070978390700067082 -0.00078677343846494333 0.0009585016874483367 0.012535953504474286 0.00086428984340714335 0.01389730741460015 -0.005172403461759385 -0.0022161545809257052 0.0080765114536987363 -0.001649715187434181 -0.0014632210658560604 -0.0059556119775916808 0.005560184073042449 0.013948481628217607 0.0037852994722468846 -0.0024012794574536601 -0.0037711690914802453 0.0012877585198552979 0.01223745042442631
leaf_weight=176.2976301163435 324.03960448503494 98.539152860641479 34.310982674360275 20.754258751869202 147.3769755512476 28.454668805003166 66.667905434966087 18.819866463541988 39.045365959405899 109.5187108963728 12.236720904707907 42.760255485773087 156.34292121231556 16.226688280701637 39.420761421322823 152.05466569960117 45.206688143312931 29.755053482949734 12.190804556012152 118.78407099843025 40.358387425541878 82.179476246237755 36.083417966961861 12.4455599039793
leaf_count=1352 2450 613 238 140 943 183 492 131 237 717 83 301 1092 117 291 1119 340 214 82 791 291 583 249 85
internal_value=8.60959e-07 0.00128427 0.00214285 -0.00209053 0.00130677 0.00613105 0.00204941 0.000230737 0.00753878 0.00359679 0.00682372 -0.000193374 0.000275413 -0.00277829 0.00142365 -0.00320957 -0.00144246 -0.000240447 0.00742388 -0.000174931 0.000933456 -0.00107046 0.00145489 0.00463693
internal_weight=1859.87 1153.55 977.257 706.316 811.217 166.039 99.613 554.322 137.585 256.896 31.0566 523.265 480.505 606.703 55.6474 551.056 227.016 181.81 32.9451 446.194 289.851 171.067 88.8874 48.529
internal_count=13134 7889 6537 5245 5504 1033 714 3844 850 1660 214 3630 3329 4531 408 4123 1673 1333 222 3091 1999 1208 625 334
is_linear=0
shrinkage=0.01


Tree=44
num_leaves=25
num_cat=0
split_feature=122 71 152 159 105 150 114 76 76 114 231 131 114 221 85 77 301 76 66 28 49 244 297 63
split_gain=50.7678 25.6632 25.1518 24.0107 22.5213 23.6721 20.7476 20.4522 18.5505 18.2164 23.1458 15.4236 15.021 14.5408 14.1955 14.0495 14.0137 13.4286 13.3111 12.386 12.3113 15.7122 13.2895 11.6859
threshold=0.26025589624797435 1.8712682238841702 0.01170275415314242 0.17247450218552698 0.77830770584833953 0.048826334128002941 0.72620955713536361 1.0592500965772553 0.76679084420215182 0.85034934685755126 -0.37723959666609624 1.1425547642709073 0.47499818936807098 -0.5011596188889792 181.26176811803586 3.3306078288263756 0.72531876124509609 0.69976979116964266 8.9102300411642421 0.22050639223021942 1.5000000000000002 0.018194444444444447 -0.021039736895703025 0.83020469687658949
decision_type=8 8 8 10 10 10 10 10 8 8 2 8 10 2 2 10 2 10 2 2 2 2 2 10
left_child=4 -2 3 -3 5 6 8 20 11 18 -11 -1 -13 -8 15 -4 17 -14 -7 -15 21 -6 -23 -16
right_child=1 2 14 -5 7 9 13 -9 -10 10 -12 12 16 19 23 -17 -18 -19 -20 -21 -22 22 -24 -25
leaf_value=0.0086691385588434471 -0.0037880753959630372 -0.0015760105581080447 0.00035758914613797185 0.014167729060306441 -0.0043208611728460748 -0.0036846957870372622 -0.00040647349219576859 -0.0010194142435308127 -0.0014260680740629933 0.0069359084832097016 -0.003269217856569492 -0.0010403094147506298 0.0042721679585340849 0.0023819716844026778 0.004952205844927675 -0.003295088978060438 0.0068717493446281428 -0.0048586634491695323 0.0016426010737034861 0.011653065451099644 0.012477964285732238 0.0010309871383837794 0.014109816419791255 -0.0012538326912286369
leaf_weight=38.354036659002304 340.99474331736565 15.944390013813971 182.46314806491137 19.614544406533241 12.765136659145353 184.61089200526476 21.690634489059448 30.582475632429123 142.23379591107368 52.541660532355309 34.746396265923977 95.849600374698639 35.270985722541809 23.138771131634712 63.948644354939461 243.08859126269817 75.356704548001289 25.043771862983704 60.40372097492218 47.070374056696892 37.673839241266251 15.417961016297339 14.309205025434496 53.513445317745209
leaf_count=239 2563 117 1316 131 82 1326 138 205 992 354 238 645 230 150 442 1824 492 169 416 300 233 101 93 388
internal_value=4.65927e-05 -0.00162395 -0.00033446 0.00748764 0.00166971 0.0010966 0.00245789 0.005853 0.00147306 -0.000968423 0.00288738 0.00300365 0.00196709 0.00668696 -0.000884834 -0.00173459 0.00407683 0.000416879 -0.0023635 0.00882286 0.00843209 0.00426563 0.00803906 0.00215361
internal_weight=1866.63 919.568 578.573 35.5589 947.06 836.311 504.009 110.749 412.109 332.303 87.2881 269.875 231.521 91.8998 543.014 425.552 135.671 60.3148 245.015 70.2091 80.1661 42.4923 29.7272 117.462
internal_count=13184 6781 4218 248 6403 5689 3355 714 2767 2334 592 1775 1536 588 3970 3140 891 399 1742 450 509 276 194 830
is_linear=0
shrinkage=0.01


Tree=45
num_leaves=25
num_cat=0
split_feature=5 5 77 162 150 109 147 292 109 271 150 304 147 70 40 138 90 107 151 47 299 224 5 128
split_gain=55.1145 66.8651 32.7157 24.3165 27.1417 23.3923 27.7582 14.2781 14.217 13.2534 14.4757 13.1269 12.4234 23.4519 12.2751 12.2083 11.8665 14.8968 11.3244 11.1793 10.8894 10.583 12.7932 10.5428
threshold=-2.8983711643309662 -2.8712440139818409 2.7016050675981842 0.003669737125619479 0.0445978263443279 2.2163455206291207 0.11994897959183674 0.0046583616012859487 1.5585715578217496 0.12214788707339237 0.090823165492352656 -0.0071769327382750761 0.14778616382149634 0.78466047427593744 0.004203889757795864 0.10082108444752473 1.167801549332965 -0.26140040449367036 0.088094314213325434 11.500000000000002 -0.04535265071378252 2.3011757940721931 -2.8935132521978844 0.92526295475321574
decision_type=2 2 10 10 10 10 10 2 8 2 10 2 10 10 2 2 2 10 10 2 2 2 2 10
left_child=19 21 3 4 7 12 -7 14 9 -5 -11 20 -4 -14 16 -6 -3 -18 23 -1 -9 22 -2 -15
right_child=1 2 5 8 15 6 -8 11 -10 10 -12 -13 13 18 -16 -17 17 -19 -20 -21 -22 -23 -24 -25
leaf_value=-0.0073717555920625464 4.4797053559777142e-05 -0.00055661712022067004 -0.0037780747631802059 0.00066823641790461912 -0.0048513566398416764 -0.00037929099604073265 0.013376874278829633 0.0049733312125496898 0.0085023918335392062 0.010212135340738272 -0.0009164566863494951 0.0068765580404739268 -0.0027075039314004325 0.000779952650843046 -0.0030179589250681044 -0.00029425875721292728 -0.00058176058367951972 0.011674647735797437 -0.0021481563957634607 -0.0027780087297437357 -0.0024511580005752154 0.0022874299069977934 0.0086024829472730168 0.010001811323673384
leaf_weight=77.34312979131937 20.511689245700836 55.56558196246624 306.96261860430241 116.87886872887611 105.48940478265285 48.590385518968105 17.998677268624306 34.375399649143219 53.045868545770645 33.890610590577126 16.26812332868576 82.788250252604485 175.60990550369024 21.306244075298309 72.16674280166626 130.51053065061569 16.476292163133621 20.608526349067688 19.873421370983124 180.17334744334221 39.344046056270599 59.82745261490345 126.26902967691422 29.602713197469711
leaf_count=601 127 388 2302 813 763 358 122 226 350 213 111 546 1260 145 479 936 110 134 141 1386 260 398 781 196
internal_value=4.06745e-05 0.000732734 -5.62126e-05 0.00130742 0.000188035 -0.00176599 0.00371952 0.00207344 0.00409902 0.00257591 0.00672803 0.00420787 -0.00244354 -0.000752767 3.64511e-06 -0.00236893 0.00238756 0.00655 0.00400053 -0.00422696 0.00105376 0.00600184 0.00743691 0.00640628
internal_weight=1861.48 1603.96 1397.35 777.408 557.325 619.944 66.5891 321.325 220.083 167.038 50.1587 156.508 553.355 246.392 164.817 236 92.6504 37.0848 70.7824 257.516 73.7194 206.608 146.781 50.909
internal_count=13146 11159 9853 5329 3842 4524 480 2143 1487 1137 324 1032 4044 1742 1111 1699 632 244 482 1987 486 1306 908 341
is_linear=0
shrinkage=0.01


Tree=46
num_leaves=25
num_cat=0
split_feature=32 122 113 122 114 123 116 247 107 28 48 304 64 308 262 314 122 102 192 157 35 297 158 198
split_gain=51.206 49.4676 27.8079 23.993 17.2978 25.5314 19.0854 18.0101 15.1793 13.3583 14.0142 13.0319 12.5628 12.3128 14.3593 11.6847 11.1699 11.0284 12.4377 10.9708 10.9602 10.7109 10.0591 9.9358
threshold=1.0000000180025095e-35 0.26025589624797435 0.2594736628512177 0.88197892514367104 0.72620955713536361 0.45950110428691843 0.06534410510611656 2.8856471342005814 0.25521975655414714 0.22980933926192496 33.500000000000007 -0.036316368691354288 0.65135347151944067 3.2647307425254762e-05 0.99770353471292206 -0.0079181796807649089 0.63421236912674905 -0.040798542599642468 1.8309114628244576 0.50531975099037929 0.0085264554998806981 -0.015335683141881344 0.24108907396950877 115.50000000000001
decision_type=2 8 8 8 8 10 10 2 10 2 2 2 10 2 8 2 10 10 10 10 2 2 10 2
left_child=1 4 -3 13 5 19 8 9 23 10 -6 21 -8 14 -4 -12 -15 -17 -19 -1 22 -5 -11 -7
right_child=-2 2 3 11 7 6 12 -9 -10 20 15 -13 -14 16 -16 17 -18 18 -20 -21 -22 -23 -24 -25
leaf_value=0.0046519996198930869 -0.0043393444122379584 -0.0029325051665560604 0.0003882399344788274 -0.0015285421536827646 -0.0034709988142330966 -0.0030797956914526093 0.01196260781717497 -0.0054187015917936364 0.0060049565224781663 0.0082143637769268481 0.011979160658987865 -0.0028503126711456497 0.001322345385475078 0.010136780968865496 0.010738300443642552 0.005119460431072532 0.00122824284532188 -0.0071019589078475699 0.0045357216353756604 -0.0027008059710472297 0.014020475128719151 0.0090504001302893419 0.0025268777030628777 0.0042932648937730154
leaf_weight=188.49395395815372 236.79350665956736 414.4029127061367 129.14509758353233 17.857980906963348 28.63755764067173 216.24269144237041 14.217480823397635 15.743454605340956 20.377741381525993 69.829598188400269 13.650128751993178 165.88300365209579 34.936086624860764 36.449433118104935 12.183816269040106 58.567062363028526 23.727918013930321 17.689402088522915 13.938072517514227 20.666407763957977 17.656613126397133 15.908577784895895 61.764552682638168 17.370598554611206
leaf_count=1200 1843 3095 898 133 193 1499 94 108 137 442 85 1245 233 238 85 365 168 119 90 136 110 119 400 118
internal_value=-2.29643e-05 0.000611736 -0.00112405 0.000749106 0.00235897 0.00123091 -0.000622526 0.0042683 -0.00173855 0.00486185 0.00246047 -0.00169325 0.00490482 0.00316381 0.0014815 0.00415454 0.00685387 0.00262991 -0.00199284 0.00389428 0.00690103 0.00374347 0.00566221 -0.0024823
internal_weight=1862.13 1625.34 815.559 401.156 809.781 512.305 303.145 297.476 253.991 281.733 132.482 199.65 49.1536 201.506 141.329 103.845 60.1774 90.1945 31.6275 209.16 149.251 33.7666 131.594 233.613
internal_count=13153 11310 5981 2886 5329 3417 2081 1912 1754 1804 852 1497 327 1389 983 659 406 574 209 1336 952 252 842 1617
is_linear=0
shrinkage=0.01


Tree=47
num_leaves=25
num_cat=0
split_feature=46 119 109 152 262 109 58 105 10 71 258 162 109 75 109 28 116 79 226 28 31 57 75 119
split_gain=45.4469 50.281 27.9571 34.5829 18.5617 23.385 15.5653 15.5444 15.4325 14.0024 13.7345 13.1068 12.3821 12.1298 18.0926 15.1763 12.1714 14.5413 12.0839 13.176 18.7485 13.3272 11.7376 11.3579
threshold=1.0000000180025095e-35 0.1139320758811037 1.5195776906739467 0.11867455188391661 -0.99788036317089934 0.61938166623428181 0.73065142874446221 1.3824999942590697 0.15086072514531038 2.4219076004092055 -0.45211117840630971 0.0026490112697009249 2.1734121837302172 0.20064389975061317 1.1825368859594807 0.25556508481036788 -0.17675412043946079 98.231389568686481 0.0072203107079553764 0.23030899546647582 0.0020714661174224143 0.25920061017081625 0.76444529657316218 -0.52813451448103621
decision_type=2 8 10 10 8 10 10 10 2 8 2 10 10 10 10 2 10 2 2 2 2 10 10 10
left_child=1 4 9 6 -1 23 -4 11 -7 -3 -11 -8 -5 14 16 -16 17 -10 -13 20 -20 -21 -9 -6
right_child=-2 2 3 12 5 8 7 22 13 10 -12 18 -14 -15 15 -17 -18 -19 19 21 -22 -23 -24 -25
leaf_value=0.01258202507372657 -0.0040433952027004328 -0.0031624643141121246 0.012319422504053204 -0.0056245374512215399 0.0016586260784032874 0.010428857235789091 -0.0047112204666634435 0.011090355880319605 0.0060185073005480571 0.0090694598939010714 -0.00076873195853468515 -0.0065099943272232301 0.00050740487665891152 -0.0038158560852570651 0.007575572582529843 -0.0017077298458989781 0.0045552780191494583 -0.0012375578758316741 0.0069573885736807931 0.0075292503047977759 -0.0024503634060288114 0.0003886999481289445 6.6370216648933809e-06 -0.0032455952622355605
leaf_weight=15.876573890447615 239.47486629337072 432.26553229987621 13.544388219714163 81.414577275514603 100.296690762043 28.708807930350304 29.580662623047829 28.178442552685738 31.691197514533997 15.237365767359732 63.692297823727131 12.61427193880081 52.874110363423824 21.743915736675262 124.20954117178917 19.163442507386208 103.45113609731197 134.97215704619884 26.050597459077835 71.222847186028957 76.546427756547928 41.368518337607384 14.076534122228621 84.237991273403168
leaf_count=93 1869 3206 89 619 641 179 217 190 208 106 467 91 392 149 776 122 682 896 178 483 541 289 102 581
internal_value=-2.74076e-06 0.000598855 -0.000865169 0.000955606 0.00270766 0.00241054 0.00277178 0.00222523 0.0036025 -0.00245741 0.00136724 0.00125638 -0.00324231 0.00308521 0.0034741 0.00631877 0.00191045 0.000213962 0.00208415 0.00267082 5.18704e-05 0.00498853 0.0076534 -0.000589966
internal_weight=1862.49 1623.02 958.667 447.471 664.351 648.475 313.183 299.638 463.94 511.195 78.9297 257.383 134.289 435.231 413.487 143.373 270.114 166.663 227.803 215.188 102.597 112.591 42.255 184.535
internal_count=13166 11297 6970 3191 4327 4234 2180 2091 3012 3779 573 1799 1011 2833 2684 898 1786 1104 1582 1491 719 772 292 1222
is_linear=0
shrinkage=0.01


Tree=48
num_leaves=25
num_cat=0
split_feature=5 5 122 113 105 122 123 161 101 3 277 123 105 311 165 52 149 33 224 236 109 152 22 132
split_gain=49.9291 47.5481 35.2702 25.0492 21.1545 20.5057 16.2365 16.6883 15.6614 16.328 15.4534 17.1771 18.8099 16.2347 14.4137 13.1316 12.7352 12.3403 12.0623 14.8448 11.9333 12.517 11.6418 11.4319
threshold=-2.8996003220412478 -2.8712440139818409 0.25427208901150194 0.27078455424476883 0.77830770584833953 0.5831164900693222 1.096818265623053 0.011305826111409364 -0.69930808249322474 3.6107432951242386 -0.008288733106762888 -0.10896092029255984 0.0089318772349944505 -0.23371359632094388 179.74605902777782 194.50000000000003 0.091010101010101027 0.021575680631965018 2.3117055806317315 0.24908939638116953 2.3487247349341756 0.17785686041913804 -0.31449393335281733 0.0035377407687076823
decision_type=2 2 8 10 10 8 10 10 10 2 8 8 8 2 2 2 10 2 2 2 10 10 10 2
left_child=-1 18 4 -4 6 17 7 10 9 23 15 13 -13 -12 -9 -3 22 -5 19 -2 -7 -22 -14 -6
right_child=1 2 3 5 8 20 -8 14 -10 -11 11 12 16 -15 -16 -17 -18 -19 -20 -21 21 -23 -24 -25
leaf_value=-0.00414452445505632 0.0015456958459502026 -0.0046870478216260248 -0.0031172794220839968 -0.0020288434689897297 0.016411755887731777 -0.0016131258003621429 -0.0021648989559922734 0.0021944759268555975 -0.0024265102136895012 -0.0017837679991402214 0.013563496798862032 -0.0045248818545717455 0.0023717760340942777 0 0.010253787213501168 0.0020398540779021537 -0.00045732562304035533 0.0067153289601078582 0.0012063443105881876 0.0083403680980542322 0.010216545487078278 -0.0025045796509937336 0.010557084490845681 0.0064542382117476205
leaf_weight=244.0990948304534 47.309756562113762 71.043125152587891 412.70972762256861 19.457168474793434 18.778801083564758 235.98795507848263 124.65887588262558 56.544125452637672 15.955025136470793 12.868145197629927 20.98898746073246 42.347983956336975 48.45122092962265 13.822167769074438 36.548894494771957 45.417867034673691 61.854385927319527 65.533292815089226 64.935169339179993 111.90555004775524 15.702200651168825 11.509817793965338 26.869889825582504 41.721550062298775
leaf_count=1908 299 483 3103 135 119 1746 879 369 105 84 127 290 318 90 233 298 429 429 435 687 111 86 170 263
internal_value=4.45975e-05 0.000681433 -6.75168e-06 -0.00145893 0.00172272 0.000513154 0.000970231 0.00190286 0.0061606 0.00806208 0.000826585 0.00241112 0.00109801 0.00856236 0.00557906 -0.00206909 0.00289767 0.00470112 0.00492673 0.00639009 -0.000871146 0.00507413 0.00558225 0.0101583
internal_weight=1867.02 1622.92 1398.77 760.9 637.871 348.19 548.548 423.889 89.3235 73.3685 330.796 214.335 179.523 34.8112 93.093 116.461 137.175 84.9905 224.15 159.215 263.2 27.212 75.3211 60.5004
internal_count=13196 11288 9867 5610 4257 2507 3686 2807 571 466 2205 1424 1207 217 602 781 917 564 1421 986 1943 197 488 382
is_linear=0
shrinkage=0.01


Tree=49
num_leaves=25
num_cat=0
split_feature=271 5 123 160 149 109 109 75 75 58 253 270 114 126 109 11 78 306 5 297 253 244 114 76
split_gain=54.9655 26.7949 25.7735 26.3586 22.4152 18.868 17.9267 15.3182 14.7764 14.0192 14.0171 13.7691 14.3591 14.3009 13.6961 13.3625 13.0737 12.4384 13.0993 12.4262 11.4405 18.0105 10.7747 14.8977
threshold=0.11512896874504785 -2.8983711643309662 1.322882153155492 0.044273018182898131 0.092335018445142789 0.96647138036589408 1.2589357677374584 -0.52417242702899236 0.061655259194703202 0.6600694267488123 139.50000000000003 0.069421157795261632 0.6783456794856848 0.35780262363168996 1.4088891440721518 0.44347104739143778 -143.15725743899691 0.85080561970869739 -2.8773415074710829 0.025265584729785188 32.500000000000007 0.010694444444444446 0.77919506862758492 0.78126401040704041
decision_type=2 2 8 8 10 10 10 10 10 10 2 2 10 8 10 10 2 2 2 2 2 2 8 10
left_child=2 -2 3 6 11 -6 7 16 -7 -5 14 -3 13 -13 -10 20 -1 18 -15 -16 -11 -22 23 -4
right_child=1 4 22 9 5 8 -8 -9 10 15 -12 12 -14 17 19 -17 -18 -19 -20 -21 21 -23 -24 -25
leaf_value=-0.0043202513136738879 -0.002929883377210838 0.011073091674973872 0.001373636970833514 0.0080058313297645053 -0.0040942170211152023 0.0054316836603849608 0.007169159792185173 -0.0041434326485253531 -0.0045322608925560375 -0.00077100669895372007 0.0094120431036586859 0.0072231450850289659 0.0091064697051971705 0.005060057308548375 0.00034631939910864066 -0.0032399482985113344 0.0042142599447910732 0.0049330406053118905 -0.0047494243234633242 0.008121955402159424 0.00085183129628387184 0.010285477239398155 -0.0014357689193593701 -0.0048200732304866187
leaf_weight=24.615980863571167 85.491687461733818 35.277001366019249 43.925971694290638 43.853097096085548 50.032560184597969 102.74154549837112 18.472567118704319 159.20627525448799 45.780423998832703 43.351607941091061 14.825218617916105 43.40905424952507 44.135563671588898 15.955373376607893 138.95338928699493 38.545782573521137 49.23454774916172 36.401811420917511 47.719177916646004 21.409080415964127 42.185077331960201 37.564047761261463 414.44138312339783 262.53201711922884
leaf_count=170 660 214 324 299 347 646 125 1149 327 300 98 270 265 94 941 274 339 229 309 145 278 248 3091 2004
internal_value=-2.4159e-05 0.00222887 -0.00133195 0.000522444 0.00298012 0.00146048 -0.0016385 -0.00241881 0.00235025 0.00315854 0.000862242 0.00547325 0.00426562 0.00262182 0.000122962 0.00172184 0.0013017 0.000471861 -0.00216509 0.00151388 0.00332154 0.00550849 -0.00250642 -0.00392457
internal_weight=1860.06 682.132 1177.93 457.029 596.64 373.742 251.529 233.057 323.71 205.5 220.968 222.898 187.621 143.485 206.143 161.647 73.8505 100.076 63.6746 160.362 123.101 79.7491 720.899 306.458
internal_count=13146 4545 8601 3182 3885 2504 1783 1658 2157 1399 1511 1381 1167 902 1413 1100 509 632 403 1086 826 526 5419 2328
is_linear=0
shrinkage=0.01


Tree=50
num_leaves=25
num_cat=0
split_feature=32 21 105 102 117 75 105 315 35 207 302 131 71 117 153 258 202 33 120 69 35 71 103 71
split_gain=52.0169 44.2951 25.4197 30.3165 21.9561 30.6881 17.2621 17.1473 15.5577 18.3487 13.6379 13.4118 13.0123 12.7945 13.7257 12.7101 16.8769 17.2255 11.4643 11.3616 11.0895 11.0755 10.941 13.6352
threshold=0.0014316399604838677 -0.05650404252328018 0.93544260628691212 0.64910327237399745 0.76879888202839075 -0.51264193702449345 0.4269124416497973 -0.10203041346183468 0.0044526907800387285 -0.51844568450900441 -0.0083101458308377629 1.2475667522056213 2.8766706320861144 2.4813537328646853 0.04900869033582253 -0.48759561876914875 0.061826711456040781 0.02694106736022904 0.68910224051724644 0.1486960484291491 0.0061839736133462936 0.6589736696687466 1.156004835575805 1.4832138203635072
decision_type=2 8 10 8 10 10 10 2 2 2 2 10 10 10 8 2 2 2 10 10 2 10 10 8
left_child=1 4 12 -4 5 7 -7 11 9 -6 -10 18 22 14 19 16 17 -8 -1 -5 -21 -13 23 -3
right_child=-2 2 3 13 8 6 15 -9 10 -11 -12 21 -14 -15 -16 -17 -18 -19 -20 20 -22 -23 -24 -25
leaf_value=0.0096554142901404821 -0.0047874297685820159 -0.003426626265352512 0.0038956473548433174 -0.0029674669645404356 0.0056005356664941977 -0.0023508430858077312 0.010324235693316298 -0.0031365587408221794 0.0031759102230096595 -0.0024049697090886991 0.010925596722224758 -0.0049090920051916486 0.0031754738234939352 0.0067549858524638198 -0.0063733511054025575 -0.0016870738262221782 0.014323064406533911 -0.0020577422415690187 0.0039148615519349998 0.00017134850139461822 0.010388987732480481 0.0039823095499061838 -0.0034606727076141193 0.0038032826236054475
leaf_weight=65.1475500613451 195.91878339648247 48.456682652235031 190.91252850741148 73.85198836773634 69.568663977086544 211.11443042010069 14.151290938258169 27.364828452467918 41.44935704767704 45.027106881141663 59.278430163860321 19.564357504248619 38.06502079218626 13.808632582426069 56.550193972885609 38.478662222623825 13.391469195485113 30.827665686607361 87.336376547813416 38.495058551430702 11.99420492351055 34.537941142916679 392.09772960841656 50.207814186811447
leaf_count=399 1545 362 1298 554 450 1486 95 183 262 295 376 129 271 98 432 260 86 203 546 279 85 221 2936 355
internal_value=4.87975e-05 0.000623361 -0.000856322 0.00108988 0.00240808 0.00131903 -0.000753034 0.0040272 0.00509143 0.00246431 0.00792093 0.00501062 -0.00227561 -0.00167264 -0.00241596 0.00268753 0.0055323 0.0021986 0.00650569 -0.000506062 0.00304164 0.000664786 -0.00271629 0.000246008
internal_weight=1867.6 1671.68 914.44 385.613 757.238 541.915 307.964 233.951 215.324 114.596 100.728 206.586 528.827 194.7 180.891 96.8491 58.3704 44.979 152.484 124.341 50.4893 54.1023 490.762 98.6645
internal_count=13206 11661 6670 2746 4991 3608 2130 1478 1383 745 638 1295 3924 1448 1350 644 384 298 945 918 364 350 3653 717
is_linear=0
shrinkage=0.01


Tree=51
num_leaves=25
num_cat=0
split_feature=5 5 119 116 117 119 181 282 116 123 228 109 109 279 148 197 151 282 256 29 65 126 174 119
split_gain=46.7471 53.4213 36.2415 22.1314 19.567 19.0557 17.8853 16.0864 15.7207 20.09 14.9379 14.6346 12.739 12.7251 12.6745 12.5371 12.3272 12.0884 12.0232 11.6291 11.1924 11.1504 11.0359 10.9546
threshold=-2.8983711643309662 -2.8712440139818409 0.44062539308307441 0.26874321525263251 1.1899112984831832 0.1139320758811037 0.054460838240686822 -0.010402139509605854 -0.16900300018275616 -0.10896092029255984 0.42590096835379859 1.5063613918332945 2.3487247349341756 0.026719546038796008 0.12748387945782344 -0.19466584207016868 0.021528550241008533 0.026813674126834431 57.500000000000007 0.26965612814695056 2.2647688638401084 0.74489086410430161 67.386944444444467 0.73641916350403436
decision_type=2 2 8 8 10 10 2 8 10 10 2 10 10 10 10 10 10 8 2 2 10 8 10 8
left_child=-1 6 4 -4 5 7 -2 10 9 15 -3 -7 23 -12 -14 -9 -10 -18 -8 22 -13 -6 -20 -5
right_child=1 2 3 12 21 11 18 8 16 -11 13 20 14 -15 -16 -17 17 -19 19 -21 -22 -23 -24 -25
leaf_value=-0.0039157753008053457 0.012736481957712049 -0.0021201293522233071 -0.0040088941271430702 0.0021463685658285226 0.0075824692151712763 -0.0030346641897069245 -0.0020350350109027975 0.012777358791010201 0.0093897598964279242 0.00031631818258812165 0.0081892244675390875 0.010179397077506933 -0.00051384135537419417 -0.0024462654368159445 0.012057491989813767 0.00055141668263473356 0.0069638510411963606 -0.0048155613915389812 0.0027486644709918992 0.0025245569794707812 -0.00030127568563665465 0.00082512013049221126 0.011133359964684756 -0.0020635017221873079
leaf_weight=256.08045143634081 26.168924555182457 140.34078472852707 272.17837796360254 86.23457358032465 68.748775720596313 173.28932242840528 25.789874099195004 20.914383932948112 56.639091372489929 179.64811213314533 27.901413604617119 12.935605451464651 15.085039108991625 15.874827355146406 13.433673329651354 13.652028620243071 14.993729054927824 14.243157953023912 28.087771072983742 87.52445312589407 27.834972605109215 38.757999777793884 42.886131420731544 199.17884845286608
leaf_count=2006 162 935 2079 599 439 1265 168 126 369 1208 179 87 111 103 94 87 99 98 173 544 189 261 266 1496
internal_value=2.66491e-05 0.000663157 -5.01672e-05 -0.00193766 0.00132351 0.000700376 0.00532339 0.00179694 0.00321459 0.00171552 -0.000522008 -0.00176646 -0.000118871 0.00439669 0.0059314 0.00838425 0.00676792 0.00127557 0.00408799 0.00510884 0.00344726 0.00523944 0.00806228 -0.000779414
internal_weight=1858.42 1602.34 1391.88 586.111 805.774 698.267 210.457 484.208 300.091 214.215 184.117 214.06 313.932 43.7762 28.5187 34.5664 85.876 29.2369 184.288 158.498 40.7706 107.507 70.9739 285.413
internal_count=13143 11137 9824 4379 5445 4745 1313 3204 1987 1421 1217 1541 2300 282 205 213 566 197 1151 983 276 700 439 2095
is_linear=0
shrinkage=0.01


Tree=52
num_leaves=25
num_cat=0
split_feature=32 21 105 103 114 120 254 21 117 82 273 271 34 213 105 323 117 76 274 114 290 319 121 323
split_gain=48.9768 41.3879 25.2512 37.3315 24.1596 32.2313 14.1171 13.438 18.1367 12.9309 12.4415 13.4975 15.2755 12.2358 12.8236 11.7492 11.6817 11.7691 11.5492 11.539 13.033 10.9282 10.6559 10.5517
threshold=0.0014316399604838677 -0.11201306383186178 0.95325439068398365 2.0119178091557894 0.72620955713536361 0.76889629494685441 62.500000000000007 0.23707008905035606 1.1137570768601119 0.50565714063109357 5.4713495324663919 0.11462643700339314 0.087799655298480189 -0.69436116163975625 0.70855941575970816 389.50000000000006 1.8090174116250464 1.3030542097483317 4.7716365884107281 0.92733984007561898 0.1510466459522985 -0.1069627342354615 -2.017658191293187 182.50000000000003
decision_type=2 8 10 8 8 10 2 10 10 8 10 2 2 2 10 2 8 8 2 8 2 2 10 2
left_child=1 4 7 6 5 10 19 8 -3 -10 11 23 -13 -11 -15 -6 -5 -18 -17 20 -4 -16 -7 -1
right_child=-2 2 3 16 15 22 -8 -9 9 13 -12 12 -14 14 21 18 17 -19 -20 -21 -22 -23 -24 -25
leaf_value=0.0071765302850416218 -0.0047042174658936484 -0.0022464788115516285 -0.0027798313627385622 -0.0041527982823007983 0.0029436418261457758 0.0040244166029339756 0.0070824096945613013 -0.0037765533682063398 0.00999114632590495 0.0087522790544304393 -0.0015318428925039371 -0.0026044290865249505 0.007255559479801236 -0.0042441438172455262 0.01016906112480132 0.0015355023839264733 0.003883504287680993 -0.0049320970339894743 0.0096473253584701754 0.0061867051261844577 0.006380587924870589 -0.00044181141766645493 -0.0029102621983293944 -0.00064614089273805147
leaf_weight=19.518032930791378 193.9830063059926 248.76029248535633 58.893588505685329 105.23795943707228 118.48665083944798 22.875898376107216 89.674565821886063 248.2124949991703 16.652879282832146 13.985513880848883 43.192517593502998 16.266768708825111 126.88010182976723 42.605990782380104 12.447622179985045 24.743079781532288 45.705051183700562 19.20823223143816 73.82744699716568 35.923326954245567 17.905478969216347 25.516266167163849 165.67164626717567 72.969749771058559
leaf_count=132 1539 1827 415 796 749 146 597 1897 112 94 286 107 784 303 82 161 327 141 457 244 126 170 1153 498
internal_value=1.30071e-05 0.000570221 -0.000745728 0.00129669 0.00245262 0.00115574 0.00417478 -0.0019987 -0.000750047 0.00256102 0.00330307 0.00420125 0.00609931 0.000988858 -0.000598779 0.0051895 -0.00213332 0.00116259 0.00772111 0.00173569 -0.000480022 0.00347822 -0.00201638 0.00115875
internal_weight=1859.14 1665.16 980.729 372.548 684.432 467.375 202.397 608.181 359.969 111.208 278.827 235.635 143.147 94.5554 80.5699 217.057 170.151 64.9133 98.5705 112.722 76.7991 37.9639 188.548 92.4878
internal_count=13143 11604 7131 2646 4473 3106 1382 4485 2588 761 1807 1521 891 649 555 1367 1264 468 618 785 541 252 1299 630
is_linear=0
shrinkage=0.01


Tree=53
num_leaves=25
num_cat=0
split_feature=46 119 109 103 209 109 123 315 109 123 170 162 153 101 308 81 226 323 114 313 50 81 103 62
split_gain=43.5646 50.6234 27.0961 35.8199 19.8156 15.2706 21.7212 16.1886 14.2421 13.7357 13.594 11.9308 13.8766 11.5039 11.5799 11.4614 18.2459 11.5907 11.1158 11.4054 12.2062 11.0308 11.6055 10.8736
threshold=1.0000000180025095e-35 0.044807703382431514 1.5195776906739467 1.7512229283331431 0.7563382541720155 1.0146505108814157 -0.10896092029255984 -0.13666665479058371 0.40337131699278267 0.41154969861054841 1.5404302503579046 0.019672184015544252 0.049443833272216117 -1.5213127483334778 0.0073368244786557778 0.27787319880783828 0.096022598870056514 344.50000000000006 0.5937987629843392 -0.023144322007958368 11.500000000000002 -0.039922666080483026 -0.38862049153340006 145.50000000000003
decision_type=2 8 10 8 2 10 10 2 8 10 10 10 10 10 2 10 2 2 8 2 2 10 10 2
left_child=1 5 4 23 13 6 7 21 -8 15 -7 -5 -13 -3 -15 16 17 -10 -11 -20 -21 22 -1 -4
right_child=-2 2 3 11 -6 10 8 -9 9 18 -12 12 -14 14 -16 -17 -18 -19 19 20 -22 -23 -24 -25
leaf_value=0.0097084071607979466 -0.003956979781137477 0.0073404753817781247 0.0023811327807793624 -0.004138091214784991 -0.0041236778991987407 -0.0015992272674943981 -0.0042382383342310275 -0.0015294898148729321 0.0033685356730659118 -0.003105551337851991 0.0061199520906327284 0.0019983874464582609 -0.003856161894613908 -0.0013536235159772138 0.0077268431628860889 0.009808213418528073 0.0082936909924402943 -0.0059968469698672708 -0.0018715189497172399 0.00070163788870916861 0.0094711431497908789 0.014898691233787698 -0.00085903503637938428 0.0073941991292100686
leaf_weight=21.298312649130821 234.15814017504454 15.378302983939646 114.78407960385084 90.849412240087986 272.55600275844336 24.732597917318344 48.007611602544785 18.08796814084053 22.754656240344048 72.867747589945793 176.07051162421703 131.2060823366046 55.144338138401508 256.46628478169441 12.012718006968496 26.015403002500534 27.57432048022747 24.647835060954094 45.676705151796341 37.566958755254745 25.660282015800476 19.070285439491272 17.213902488350868 72.096524521708488
leaf_count=123 1857 110 788 688 2039 162 326 119 146 502 1092 939 417 1877 87 163 171 159 304 252 165 114 104 467
internal_value=4.86447e-05 0.000631382 -0.000728372 0.00105105 -0.00221212 0.0029109 0.00177155 0.00650282 0.000640004 0.00150568 0.00515519 -0.00122632 0.000228699 -0.000350476 -0.000866968 0.00440767 0.0022312 -0.00154479 -0.000144196 0.00185678 0.00453014 0.00899596 0.00522605 0.00440219
internal_weight=1861.9 1627.74 1020.49 464.08 556.413 607.245 406.442 75.6705 330.772 282.764 200.803 277.2 186.35 283.857 268.479 100.992 74.9768 47.4025 181.772 108.904 63.2272 57.5825 38.5122 186.881
internal_count=13171 11314 7412 3299 4113 3902 2648 460 2188 1862 1254 2044 1356 2074 1964 639 476 305 1223 721 417 341 227 1255
is_linear=0
shrinkage=0.01


Tree=54
num_leaves=25
num_cat=0
split_feature=32 122 116 119 271 22 273 52 47 149 123 151 148 120 126 89 143 28 309 316 193 89 159 235
split_gain=46.5693 45.2643 21.3971 20.5348 18.5706 17.0729 12.7079 14.9144 15.2732 11.944 11.8749 11.7092 11.6792 11.1982 11.1208 12.081 10.939 13.3047 10.5883 11.3064 10.3175 9.92024 14.0823 13.3188
threshold=1.0000000180025095e-35 0.26025589624797435 0.32527398595925777 0.73641916350403436 0.11462643700339314 0.046262027403103631 5.5557850876142014 164.50000000000003 15.500000000000002 0.14732842588446041 0.41154969861054841 0.086230132911980686 0.18950808393532856 0.79705437128283152 0.14723213509182495 2.5010325736945922 0.01396277213015829 0.26590066855887379 0.021000453810277268 -0.023038053909705411 0.77154105736782908 2.0859670459830912 0.10871355920063035 0.0017574746725969857
decision_type=2 8 10 10 2 8 10 2 2 10 10 10 10 10 10 8 8 2 2 2 10 10 10 2
left_child=1 4 16 14 5 9 7 10 -9 21 20 13 -12 -7 -4 -16 -3 -18 19 -15 -6 22 -1 -24
right_child=-2 2 3 -5 6 11 -8 8 -10 -11 12 -13 -14 18 15 -17 17 -19 -20 -21 -22 -23 23 -25
leaf_value=-0.00096613745859870203 -0.0042450157960611723 -0.0033772470071130084 -0.002348463587466675 -0.0011421824905619761 0.0090326905556357938 0.000139878436627833 -0.0027197453273512125 0.011494808705138936 0.0044989811794114683 -0.0045015417843195663 -0.0037407274267433699 -0.0050667811204439294 0.0030490375081179966 0.0007911385332802414 -0.0022375868452000091 0.0069182757587339773 -0.0010822125455218102 0.0090342222268243854 -0.0005250774256327209 0.010280401125429713 0.0013181864353673479 -0.0021223678473220116 0.0017844745685654309 0.011683581978532132
leaf_weight=65.13656659424305 234.1394552513957 357.16924303770065 20.440612807869911 192.5892675742507 30.550761267542839 43.22199010848999 26.708891957998276 38.792741194367409 168.09630711376667 63.066585868597031 48.803215771913528 12.183878362178801 46.858484551310539 17.236184597015381 15.688325688242911 83.636850714683533 130.35648391395807 11.563869640231131 17.259888276457787 52.061049833893776 39.221636489033699 89.343401066958904 36.812472999095917 20.27901865541935
leaf_count=440 1862 2690 147 1436 185 285 172 237 1020 455 317 86 309 113 105 554 969 84 116 339 243 616 253 136
internal_value=-0.000102649 0.000499185 -0.0011703 0.000875304 0.00215962 0.000672126 0.00369438 0.0041743 0.00595346 -0.000782507 0.00188036 0.00345335 -0.000412586 0.00435224 0.00407906 0.00544022 -0.00245026 -8.98403e-05 0.00637309 0.00805825 0.0049312 0.000366323 0.00220041 0.00570461
internal_weight=1861.22 1627.08 811.445 312.355 815.633 416.601 399.032 372.323 206.889 274.638 165.434 141.963 95.6617 129.779 119.766 99.3252 499.09 141.92 86.5571 69.2972 69.7724 211.571 122.228 57.0915
internal_count=13169 11307 5985 2242 5322 2839 2483 2311 1257 1900 1054 939 626 853 806 659 3743 1053 568 452 428 1445 829 389
is_linear=0
shrinkage=0.01


Tree=55
num_leaves=25
num_cat=0
split_feature=123 46 117 123 262 67 129 267 46 286 279 122 308 106 107 31 278 302 67 291 104 174 240 93
split_gain=42.3229 21.1999 20.6326 27.2966 15.1331 14.7094 15.0782 13.653 13.3067 12.8742 12.3862 11.6721 11.6528 11.4982 13.324 13.3019 10.9664 10.5675 15.1958 10.4363 18.144 11.6935 11.3015 11.0224
threshold=1.0218350804739009 1.0000000180025095e-35 1.1966157944951494 2.1572257067614959 -0.99788036317089934 233.53160557070029 1.1072144400496933 0.99156140965610051 1.0000000180025095e-35 0.66023988690879754 -0.050932983288166249 0.79343403545935554 -0.00071384073142420395 0.56477797512565553 0.16004113948318877 0.0032284121111053215 -0.0077299670166828651 0.011253877778378047 229.09937290584463 1.5555555548641975 20.500000000000004 58.931805555555563 1.7296604134852447 -0.30242295476630726
decision_type=8 2 10 8 8 2 10 2 2 2 8 10 2 10 10 2 10 2 2 2 2 10 2 10
left_child=1 4 7 8 -1 -6 -7 9 11 -2 -9 19 -8 -11 16 -16 -15 -18 -19 20 -4 -22 -21 -23
right_child=2 -3 3 -5 5 6 12 10 -10 13 -12 -13 -14 14 15 -17 17 18 -20 22 21 23 -24 -25
leaf_value=0.0114513773769419 0.0034510393245377603 -0.0027019293680524974 0.0022051300026793143 -0.0021786466436624634 0.0017725070790164403 0.00057898114861996194 0.0030271770749299115 -2.6027412878125172e-06 -0.0061811099896114351 -0.0034007388662070539 -0.0054232175970980769 -0.0011806518755717841 0.013986270125306108 0.0065001704703550982 0.011038195551292177 -0.00035036347554768984 -0.0035932667274512376 -0.0037553990212922527 0.00820035835868488 -0.0014763549850993853 0.0008140994808168632 0.0038658084716681708 0.0064148037837371439 0.014721861916300942
leaf_weight=16.649834275245667 50.461969442665577 79.541894622147083 77.228524543344975 219.45635515451431 493.79976011812687 27.3984684497118 17.880327165126801 55.470503680408001 14.09114135801792 209.4039573892951 177.85929664224386 52.358016841113567 26.239690646529198 13.531222134828566 16.630247011780739 20.965553738176823 115.17038007825613 18.489337965846062 18.647544234991074 55.142361097037792 13.276937916874884 16.420783430337906 23.60651658475399 33.661728113889694
leaf_count=95 370 631 528 1662 3213 175 109 415 111 1548 1355 384 160 99 112 158 859 137 139 370 84 105 159 212
internal_value=3.66575e-05 0.0020635 -0.00108031 0.000455516 0.00272651 0.0024118 0.00657589 -0.00219296 0.00248334 -0.00118369 -0.00415436 0.00299569 0.0100182 -0.00177234 -6.75202e-05 0.00508381 -0.00130727 -0.00211371 0.00237877 0.00399952 0.00560945 0.00947104 0.00101776 0.01158
internal_weight=1863.38 661.51 1201.87 505.242 581.968 565.318 71.5185 696.63 285.786 463.3 233.33 271.695 44.12 412.838 203.434 37.5958 165.838 152.307 37.1369 219.337 140.588 63.3594 78.7489 50.0825
internal_count=13190 4383 8807 3615 3752 3657 444 5192 1953 3422 1770 1842 269 3052 1504 270 1234 1135 276 1458 929 401 529 317
is_linear=0
shrinkage=0.01


Tree=56
num_leaves=25
num_cat=0
split_feature=5 5 123 117 117 123 147 107 126 82 160 259 62 170 147 64 232 292 124 128 55 313 317 33
split_gain=42.5316 52.0307 32.0147 17.7108 17.5262 23.0844 17.2938 16.4063 15.4202 15.3377 14.9824 14.1498 13.5355 13.173 12.716 12.6377 11.3769 21.1317 14.5038 12.8061 12.982 12.3384 11.2248 10.777
threshold=-2.8983711643309662 -2.8712440139818409 1.419388148805002 1.2046617312890995 0.76879888202839075 0.42827496119539338 0.14833850360166154 0.30479814128470523 0.67862873090945708 0.60936037707668111 0.044789493393248815 -0.23632809093945625 130.50000000000003 6.0470724576012094 0.22978421970357457 0.6740200717133914 2.7241120743786311 -0.00052415566434258268 8.5000000000000018 0.70996622462033343 2.0546079119008795 -0.0021279003961516695 -0.0028922647080966675 0.029609009711065823
decision_type=2 2 8 10 10 10 10 10 8 10 8 8 2 8 10 10 2 2 2 8 2 2 2 2
left_child=23 16 4 13 5 -3 -5 11 9 -6 12 -8 -7 -4 -14 -16 17 19 -18 20 -2 -19 -15 -1
right_child=1 2 3 6 8 10 7 -9 -10 -11 -12 -13 14 22 15 -17 18 21 -20 -21 -22 -23 -24 -25
leaf_value=-0.0062058600187205396 0.011164213614218012 0.003217878165080082 -0.0040624776070083985 -0.0014112464940332181 0.0035424317141215379 -0.005039881578000581 0.0083673452945430722 0.0084345881436433748 0.00054535511669699525 0.010948146237812885 0.0017632302683873633 -0.0023412653543628428 -0.0056730775164717971 0.0092359569875335567 -0.00099972662929784847 0.0081415143972742368 -0.0032868977305036229 -0.0015688769182302723 0.0062275728242195891 0.017921109271989293 -0.00031014639628130087 0.0059302427945131519 -0.0012585031958564671 -0.0019493263923653062
leaf_weight=101.31713789701462 25.269483417272568 169.11421975493431 280.06461301445961 252.22034379839897 110.75758582353592 119.12236122041941 13.365795895457266 37.350156486034393 102.93720392137766 37.478884167969227 99.528267450630665 48.824580177664757 22.99723207950592 11.001491867005823 36.152007237076759 22.330094933509827 30.203374952077866 30.423981741070747 28.365490883588791 18.594847828149796 14.697298064827917 66.160210378468037 36.267576120793819 150.53918441385031
leaf_count=811 147 1081 2135 1870 715 850 91 248 694 239 693 342 163 82 249 150 205 188 179 114 89 400 275 1187
internal_value=8.1872e-05 0.000680866 -2.41894e-05 -0.00157932 0.00144078 0.000291273 -1.49763e-05 0.00345409 0.00355705 0.00559215 -0.00136915 0.000209612 -0.00293117 -0.00324274 0.0002057 0.00268962 0.00524235 0.00664319 0.00137952 0.0112786 0.00718046 0.00358053 0.00154892 -0.00371573
internal_weight=1865.08 1613.23 1399.51 679.095 720.418 469.244 351.761 99.5405 251.174 148.236 300.13 62.1904 200.602 327.334 81.4793 58.4821 213.715 155.146 58.5689 58.5616 39.9668 96.5842 47.2691 251.856
internal_count=13197 11199 9877 5043 4834 3186 2551 681 1648 954 2105 433 1412 2492 562 399 1322 938 384 350 236 588 357 1998
is_linear=0
shrinkage=0.01


Tree=57
num_leaves=25
num_cat=0
split_feature=32 122 105 21 114 123 175 116 147 109 123 302 168 116 164 157 122 172 204 65 83 192 268 2
split_gain=43.1104 42.0432 23.8543 25.2418 28.3473 26.0039 18.6052 20.423 15.8619 14.519 26.1529 15.6164 13.2036 13.0585 12.7878 13.3816 13.7312 11.5976 11.4033 11.1382 11.0606 10.647 10.7761 10.3084
threshold=0.0014316399604838677 0.66995566521647709 1.0801467272519485 -0.05650404252328018 0.72620955713536361 0.52057875608898263 13.42632673299873 0.35826011249771611 0.23763317396378422 0.60812320615139193 -0.10896092029255984 0.016110467864224574 154.50000000000003 0.06534410510611656 0.0012699374539687964 0.1729039295429449 1.1773644357578392 3.7957638888888892 0.46195202646815553 2.5373725504205979 0.88361969714409516 -0.075853457202238989 0.54707879262071912 0.88734537876235053
decision_type=2 8 10 10 8 10 10 10 10 10 10 2 2 10 10 10 8 10 2 8 10 10 2 10
left_child=1 2 3 4 5 9 7 12 -7 10 21 -11 -5 17 19 16 -16 -10 -8 -3 -6 -1 -23 -22
right_child=-2 14 -4 6 20 8 18 -9 13 11 -12 -13 -14 -15 15 -17 -18 -19 -20 -21 23 22 -24 -25
leaf_value=-0.00015157223666354241 -0.0043733356843472784 0.00062405006175512469 0.0059268913283897001 0.0057748032005010656 -0.0021248869406233347 -0.0039858695218618111 -0.0048406874614791446 0.0078569602745473359 0.0034166645732060519 0.0033643108598208531 -0.0027814417373364674 0.012209257192362728 -0.0015410998004764451 0.0074904621245381166 0.0083921791285483539 -0.0048885003937061532 -0.0012254676747388042 -0.0026994705446272992 0.00094575368668626029 -0.0037660236413694791 0.0073535812276756774 0.013321296669155699 0.0028132323828518246 0.0027820293222331725
leaf_weight=20.072675704956055 191.44440779834986 71.097075931727886 110.0124264061451 26.522441871464252 18.506632164120674 119.21511528640985 129.79039833694696 33.403542250394821 46.562221936881542 71.596288025379181 76.630036726593971 27.237429238855839 151.22441694885492 22.021546795964241 29.970088824629784 20.395239360630512 25.654213182628155 80.339894279837608 44.347260251641273 282.1450155749917 133.21640983223915 20.349316462874413 20.697057172656059 86.932340681552887
leaf_count=122 1540 541 721 191 125 851 954 217 315 447 510 170 1094 143 208 148 190 558 318 2176 825 121 125 547
internal_value=8.46272e-05 0.000603478 0.00153809 0.00109561 0.00216984 0.000814216 -0.000975122 0.00101361 -0.0013101 0.00321308 0.00106415 0.0060848 -0.000370204 0.000859737 -0.00208348 0.00158286 0.00409515 -0.000421914 -0.00336983 -0.00288167 0.0049893 0.00581088 0.00857078 0.00561133
internal_weight=1859.38 1667.94 1238.68 1128.67 743.377 504.722 385.288 211.15 268.139 236.583 137.749 98.8337 177.747 148.924 429.262 76.0195 55.6243 126.902 174.138 353.242 238.655 61.119 41.0464 220.149
internal_count=13157 11617 8354 7633 4859 3362 2774 1502 1867 1495 878 617 1285 1016 3263 546 398 873 1272 2717 1497 368 246 1372
is_linear=0
shrinkage=0.01


Tree=58
num_leaves=25
num_cat=0
split_feature=5 5 122 113 152 109 103 84 123 315 109 59 232 186 232 124 277 122 13 308 146 109 38 157
split_gain=49.1443 50.0549 32.2743 21.7269 20.0862 17.1179 15.2407 14.1507 14.0942 19.4727 13.9818 14.5592 13.0977 12.745 11.6279 15.0116 12.7477 12.1417 13.8323 11.5647 10.4559 16.3465 11.3125 12.4358
threshold=-2.8983711643309662 -2.8712440139818409 0.26025589624797435 0.27078455424476883 0.012800032768083888 2.2401007594983091 2.1976107561739395 20.544132471151432 -0.10896092029255984 -0.15684355636338113 1.2469916402469974 2.5336130691969516 1.8748434273435512 0.030151515151515155 2.7241120743786311 8.5000000000000018 -0.0043075981409448211 0.07551435251254511 0.93787389440215274 0.00080266760357879227 0.21880260942760946 0.57166791703072306 0.31790433961795467 0.2695263302896726
decision_type=2 2 8 10 10 10 10 2 10 2 8 10 2 8 2 2 10 8 10 2 10 10 2 10
left_child=-1 14 7 -4 12 19 -7 8 9 -3 20 -12 -5 -9 16 -16 17 18 -2 -6 22 -22 23 -10
right_child=1 2 3 4 5 6 -8 13 10 -11 11 -13 -14 -15 15 -17 -18 -19 -20 -21 21 -23 -24 -25
leaf_value=-0.0041097017093445947 0.010448312708187177 0.0098393466824309248 -0.0030367918106011527 -0.0006458871200209637 -0.0025048024946113488 0.012748801661903481 0.00082473734956217475 0.010310862595276939 0.0074128582466610549 -0.001850290887814238 0.006754585514132723 -0.00059544727696981018 0.012245208077613532 0.0026994470597038888 -0.0037716791392810849 0.0060445690716614863 0.0041416481397830839 0.017956497963708996 -0.001164478280575521 0.0023053532215802615 -0.0028652271679723037 0.0037118983477409857 -0.0041269794708267407 -0.0013954451594240642
leaf_weight=248.38780118525028 29.116891428828239 34.551853105425835 401.42241947352886 11.615167558193209 207.77747566998005 14.086228087544439 30.969979174435139 27.434183210134506 17.80270728468895 21.55657485127449 56.411597564816475 48.226646199822426 19.219653531908989 95.864135205745697 28.604663744568825 28.086870238184929 100.81844676285982 13.728224754333494 14.114056468009947 62.882480345666409 57.68841478228569 98.055000424385071 118.05734524130821 68.802566222846508
leaf_count=1981 169 205 3060 82 1524 94 226 168 124 141 366 324 124 600 195 176 610 87 83 453 391 637 827 487
internal_value=3.24842e-06 0.000645771 -5.00354e-05 -0.00146136 0.000370477 -0.000405992 0.0051087 0.00158566 0.000850701 0.00545835 0.000262858 0.00343142 0.00771437 0.00459506 0.0051095 0.00113101 0.00648745 0.0102287 0.00679699 -0.00137123 -0.000673942 0.00126163 -0.00214884 0.00058181
internal_weight=1855.28 1606.89 1392.42 747.973 346.551 315.716 45.0562 644.451 521.153 56.1084 465.044 104.638 30.8348 123.298 214.469 56.6915 157.778 56.9592 43.2309 270.66 360.406 155.743 204.663 86.6053
internal_count=13134 11153 9833 5563 2503 2297 320 4270 3502 346 3156 690 206 768 1320 371 949 339 252 1977 2466 1028 1438 611
is_linear=0
shrinkage=0.01


Tree=59
num_leaves=25
num_cat=0
split_feature=5 5 122 105 122 146 105 120 181 153 120 11 106 84 321 126 256 212 37 122 66 81 277 65
split_gain=40.349 54.0689 30.775 19.5395 26.3747 19.2933 19.2769 19.4785 16.458 15.6017 15.3331 13.015 12.6015 14.5688 12.573 11.2749 11.1424 11.3621 15.8576 10.7888 15.414 12.0635 14.5433 17.2547
threshold=-2.8983711643309662 -2.8712440139818409 0.26025589624797435 0.94044813610939582 0.61895094870825862 0.089247521745732208 0.77830770584833953 0.76375366690251634 0.053944638567372798 0.014947716507283942 1.1190301085610355 0.42018230887762165 0.69672962988274478 5.9916536596497121 3.5000000000000004 0.65450240146150873 57.500000000000007 0.24712491738268344 0.39811379440581196 -0.26883183559182078 18.563779427808644 0.27787319880783828 -0.011593627018185641 1.8822248275618219
decision_type=2 2 8 10 8 10 10 8 2 10 8 10 10 2 2 10 2 2 2 10 2 10 8 10
left_child=-1 8 6 -4 5 9 7 19 -2 -5 11 14 -9 -14 -8 -15 -10 -18 -19 21 -21 22 -3 -24
right_child=1 2 3 4 -6 -7 10 12 16 -11 -12 -13 13 15 -16 -17 17 18 -20 20 -22 -23 23 -25
leaf_value=-0.0035981883478004256 0.012586799673039488 -0.0033569773256001325 -0.0027953181407146532 0.013298532195877899 -0.0012954665316186359 0.00030861614078586582 0.0015104976335070408 -0.0019421013360345074 -0.0017275562066487872 -5.5571081702231318e-05 -0.002200945581145588 0.00068582762750961368 -0.0032274098838463512 0.013789459948173434 0.012662247759240429 0.0012264136103503969 0.0014358081172871592 -0.00186511586658698 0.0086878915372417508 -0.0010414624885438741 0.0081188170477422758 0.0090414724688154952 0.006843883826891428 -0.0049620259091363566
leaf_weight=252.46797877550125 25.434712707996368 27.604641392827034 431.90326178073883 30.002968400716782 227.40509557723999 42.627669103443623 14.496900349855421 236.86999261379242 25.818201079964638 11.688400395214556 18.617896288633347 21.146116077899933 16.920640766620636 12.952194109559061 41.183749958872795 14.515110820531843 56.785846635699272 15.633192874491213 88.3150924295187 104.93067333102226 19.298560976982117 40.30244243144989 65.43590036034584 12.857920855283735
leaf_count=2019 154 177 3279 195 1698 283 89 1629 167 82 125 136 119 83 250 98 355 99 527 711 125 247 408 84
internal_value=9.40019e-05 0.000681569 -3.88638e-05 -0.00142475 0.000479101 0.00516288 0.00155138 0.000817779 0.00535076 0.00976721 0.00563529 0.00755775 -0.00101814 0.00371132 0.00999031 0.00792099 0.00418488 0.00515426 0.00708393 0.00272164 0.000523276 0.00453727 0.00262239 0.00478675
internal_weight=1855.22 1602.75 1390.76 743.627 311.724 84.319 647.133 551.688 211.987 41.6914 95.4447 76.8268 281.258 44.3879 55.6807 27.4673 186.552 160.734 103.948 270.43 124.229 146.201 105.898 78.2938
internal_count=13139 11120 9818 5537 2258 560 4281 3681 1302 277 600 475 1929 300 339 181 1148 981 626 1752 836 916 669 492
is_linear=0
shrinkage=0.01


Tree=60
num_leaves=25
num_cat=0
split_feature=271 5 151 22 5 73 234 89 152 289 147 282 76 70 313 118 238 272 116 106 22 67 305 313
split_gain=42.8152 23.4036 23.3133 21.4963 18.8652 18.4662 13.4621 12.5782 11.944 11.5471 11.0305 12.1258 10.7296 20.1801 16.3382 15.7934 14.6418 15.5008 12.3494 11.8117 10.902 11.3868 10.5916 10.2005
threshold=0.10952046704805242 -2.8983711643309662 0.087447625420191508 0.08797565370076145 -2.8712440139818409 334.74746907997485 0.022085186170549709 2.0300486355707958 0.064185563441232482 0.14999999999999999 0.23650050465403163 0.018680616117095244 0.87970590717302255 0.83086595391063045 0.021083160337037502 19.500000000000004 -0.4240062439161823 0.028231762741196303 -0.16900300018275616 0.66393789982271001 -0.30643077898711552 88.576675173069205 0.42857142857095054 0.12142683465959331
decision_type=2 2 10 8 2 2 2 8 10 2 10 10 10 10 2 2 2 2 8 10 10 2 2 2
left_child=2 -2 3 7 -3 8 -7 -1 -5 10 -9 -12 14 19 15 -6 17 -17 22 -14 21 -19 -16 -20
right_child=1 4 -4 5 12 6 -8 9 -10 -11 11 -13 13 -15 18 16 -18 20 23 -21 -22 -23 -24 -25
leaf_value=0.0010256238487834136 -0.0026871814849600767 0.0059262185090180365 -0.0033028998821554531 0.0015694493704798787 -0.0047622805747699675 -0.0015893483871652111 0.0083226156737142842 -0.0044059680647063927 -0.0038471802511828379 0.0058286283513549588 -0.0029583249644793081 0.0043900193814823346 -0.0041386287653100316 0.0038994335311045287 7.871888519320899e-05 0.0095923401086354509 -0.0019372212228689852 0.0042512645002969959 0.012448345491617791 0.0022878700558079845 0.0054110647330447119 -0.0057568762662385592 0.0075839063558018937 0.0014941491419921088
leaf_weight=124.34196900576353 95.907893359661102 129.56756740808487 354.90121711045504 188.67295902967453 35.407953582704067 16.538101308047771 56.634241603314877 204.09863832592964 48.83903793245554 12.475309520959852 56.966085322201252 33.102717950940132 99.002682521939278 78.990573838353157 48.430448591709137 35.206290543079376 52.556425414979458 16.450780257582664 32.788252532482147 37.434071741998196 38.148442663252354 25.130113773047924 28.251612648367882 12.571635842323301
leaf_count=895 761 757 2747 1325 240 114 386 1530 371 91 404 232 690 531 307 218 348 102 215 257 242 162 179 82
internal_value=5.947e-05 0.00187042 -0.00120595 -0.000192389 0.00253298 0.00180185 0.00609339 -0.00163469 0.000419134 -0.00271621 -0.00313427 -0.00019509 0.00169077 -3.77184e-05 0.00283019 0.00105601 0.00235084 0.00431964 0.00568064 -0.00235744 0.00172923 -0.00175593 0.00302865 0.00970028
internal_weight=1862.42 765.845 1096.57 741.669 669.937 310.684 73.1723 430.985 237.512 306.643 294.167 90.0688 540.369 215.427 324.942 202.9 167.492 114.936 122.042 136.437 79.7293 41.5809 76.6821 45.3599
internal_count=13186 5091 8095 5348 4330 2196 500 3152 1696 2257 2166 636 3573 1478 2095 1312 1072 724 783 947 506 264 486 297
is_linear=0
shrinkage=0.01


Tree=61
num_leaves=25
num_cat=0
split_feature=5 5 119 116 105 36 282 126 77 163 105 227 288 75 21 115 319 280 101 42 302 231 21 22
split_gain=42.3892 45.8686 28.3323 20.4044 17.6094 15.9294 14.7317 15.2627 14.6312 17.8501 13.1396 12.1967 11.2126 10.8805 10.6793 10.6504 10.4581 10.2687 10.8825 11.8447 10.2155 9.919 11.9865 10.3512
threshold=-2.8983711643309662 -2.8712440139818409 0.1139320758811037 0.28086330444808666 0.28992395043123026 0.024157126618763451 -0.011996661339163222 0.38791758301785384 3.347966752787324 0.0018726657431922991 0.98768677836844943 0.0054151800987244031 -0.0029651610067040327 0.49066819484778612 -0.56097755201689647 -0.45884382004409979 -0.071181017761695095 0.081127287804853315 -2.0234719017854013 146.50000000000003 0.01693426373515108 -0.62156798386584666 -0.39998165327715407 0.046262027403103631
decision_type=2 2 8 10 10 2 8 8 10 8 8 2 2 10 10 10 2 2 10 2 2 2 10 10
left_child=-1 17 4 8 6 -5 -3 12 9 15 13 -11 20 -7 -6 -4 -17 -2 -19 -20 -8 -16 -23 -24
right_child=1 2 3 5 14 10 7 -9 -10 11 -12 -13 -14 -15 21 16 -18 18 19 -21 -22 22 23 -25
leaf_value=-0.0036692059901746407 0.0071904161086431074 -0.0037522410579719947 -0.0032086677287958693 -0.00048790323325979427 0.010121359541544644 0.0049834903698027719 -0.0049217266458341331 -0.0004250225101321892 -0.0049849318313837081 0.00022567103249903749 0.0079134461326382504 0.0079650059924296166 0.0090573233594507616 -0.0038412940670042497 -0.0030842366203567479 -0.0023414938446753015 0.0080349691430912779 0.0079505809570499207 -0.0021746009497214452 0.0054650777025730679 0.0061702526035012839 0.0092109699852768803 -0.00024840964922380048 0.0045751711460282271
leaf_weight=248.81598179787397 107.40824791789055 69.718340888619423 252.15584595501423 245.84173431247473 21.88418535888195 25.124480411410332 14.045666873455049 131.21056246757507 140.87590710818768 75.615321360528469 46.512642830610275 25.26324812322855 34.560456991195679 25.069140136241913 21.482060477137566 18.567362181842327 15.339923627674578 26.214545965194702 50.269433729350567 30.008427076041698 13.486662000417708 31.328363075852394 73.454201586544514 107.46055923402309
leaf_count=1998 648 472 1899 1789 131 167 91 885 1084 543 319 180 222 188 140 139 114 152 322 184 86 194 495 677
internal_value=0.000146372 0.000744732 7.61995e-05 -0.00102465 0.00192109 0.00086964 9.45303e-05 0.00152134 -0.00225399 -0.00122806 0.00424632 0.00233864 0.00548849 0.000587238 0.00377501 -0.00249996 0.00258362 0.0050234 0.00269848 0.000758178 0.000547305 0.00306213 0.00372144 0.00263766
internal_weight=1851.71 1602.9 1389 870.366 518.631 342.548 263.022 193.303 527.818 386.942 96.7063 100.879 62.0928 50.1936 255.609 286.063 33.9073 213.901 106.492 80.2779 27.5323 233.725 212.243 180.915
internal_count=13119 11121 9815 6422 3393 2463 1756 1284 3959 2875 674 723 399 355 1637 2152 253 1306 658 506 177 1506 1366 1172
is_linear=0
shrinkage=0.01


Tree=62
num_leaves=25
num_cat=0
split_feature=271 5 100 5 109 122 39 284 117 122 2 20 75 109 303 310 146 255 158 160 258 117 121 284
split_gain=40.1989 23.7384 21.9344 20.5033 19.5149 33.238 13.5926 14.8227 13.3928 19.8211 13.0396 13.485 13.44 14.1346 16.4844 13.3899 14.3689 12.8678 12.5245 16.4379 12.02 12.5964 11.4305 21.6227
threshold=0.10952046704805242 -2.8983711643309662 1.0507101935605185 -2.8712440139818409 1.5195776906739467 0.57149221624314694 0.079655293964861526 0.037148935850657767 1.4468464655277733 0.64143503934520274 0.66621357149836669 0.87176692953302937 0.37439291932654245 1.1685457581177501 -0.00095359016031066159 -0.48427390639341733 0.13544917395879238 123.50000000000001 0.34006802721088442 0.035180532291085066 -0.85572875710270868 1.6989804895797758 -0.62494514080794816 -0.004511142526109512
decision_type=2 2 10 2 10 10 2 8 10 8 8 10 10 10 2 2 10 2 10 10 2 8 10 10
left_child=2 -2 4 -3 10 -6 7 22 -8 -10 18 12 13 -12 -15 -16 -17 -9 19 -1 -4 -22 23 -5
right_child=1 3 20 6 5 -7 8 17 9 -11 11 -13 -14 14 15 16 -18 -19 -20 -21 21 -23 -24 -25
leaf_value=0.0017281424291504808 -0.0028572513226696851 0.0059160381568461153 0.0019980581149568418 0.0033884521067923446 0.0081266954051842782 -0.00090883912865677614 -0.0011432806779512205 -0.0028675101651669528 0.0090986611192717705 -0.00094064641841728916 -0.0025369184862215374 0.007321187174065347 -0.005249896761432199 -0.00338428392282299 -0.0031105448287567479 0.001314844357266691 0.01258114767768006 0.0063739977709169286 -0.0017203749749298129 0.012979074447418977 -0.0050025391079606867 -0.00028671268296991982 0.0001209782447649284 0.012286604135766188
leaf_weight=64.468092694878578 94.555085495114326 132.60701069235802 36.842396579682827 89.223935589194298 65.652612410485744 98.730022370815277 220.88714920729399 54.954631224274635 33.305360823869705 41.741397380828857 226.4748861566186 12.411333173513411 109.60566475987434 32.993159346282482 13.267849303781984 21.341989226639271 23.810600705444813 17.532130032777786 64.392894692718983 13.9180990755558 239.95074488967657 74.948000110685825 39.035128176212311 39.217985644936562
leaf_count=448 754 770 277 563 431 746 1480 366 205 297 1665 94 857 228 93 153 158 111 459 92 1863 560 272 246
internal_value=6.58256e-06 0.00176668 -0.00121619 0.00243153 -0.000241656 0.00277055 0.00154077 0.00329452 9.75265e-05 0.00367111 -0.00110248 -0.00195305 -0.0022712 -0.00120362 0.0020658 0.00517445 0.00767001 -0.00046282 0.00149817 0.00412229 -0.00326466 -0.00389592 0.00490729 0.00632013
internal_weight=1861.87 763.06 1098.81 668.505 747.067 164.383 535.898 239.964 295.934 75.0468 582.685 439.905 427.494 317.888 91.4136 58.4204 45.1526 72.4868 142.779 78.3862 351.741 314.899 167.477 128.442
internal_count=13188 5064 8124 4310 5424 1177 3540 1558 1982 502 4247 3248 3154 2297 632 404 311 477 999 540 2700 2423 1081 809
is_linear=0
shrinkage=0.01


Tree=63
num_leaves=25
num_cat=0
split_feature=5 5 75 108 78 116 231 21 36 196 181 47 118 108 114 72 79 97 89 316 235 87 177 128
split_gain=42.1093 42.1644 25.3815 23.1654 21.1863 20.8491 13.9391 21.1037 13.7713 12.4596 12.0031 12.6255 11.746 11.5695 11.4059 11.436 11.1078 18.5651 12.5963 14.5409 10.4506 10.3979 10.1186 9.91675
threshold=-2.8996003220412478 -2.8712440139818409 0.42798048920673565 0.65095966785300796 -44.237153428135208 0.28086330444808666 0.024341473609447651 -0.024468828584708797 0.024157126618763451 0.58980267044783186 0.053944638567372798 8.5000000000000018 20.500000000000004 0.97496974894286625 0.71627378100974004 -141.21615958025174 94.443941843654088 -0.2289910336602721 2.0745556555020719 0.0114707235910507 0.010999092650468801 0.84000664580385409 7.4894014592642497 -0.022285297627422995
decision_type=2 2 10 10 2 8 2 10 2 10 2 2 2 8 8 2 2 10 8 2 2 10 10 10
left_child=12 10 3 4 16 -4 7 -5 20 -8 -2 -12 -1 -10 21 -16 17 18 19 -3 -7 -6 -15 -18
right_child=1 2 5 6 14 8 9 -9 13 -11 11 -13 -14 22 15 -17 23 -19 -20 -21 -22 -23 -24 -25
leaf_value=-0.0080984490332500041 0.010620379925155273 -0.0016603884464963298 -0.0042003349817790695 0.0053954554289101231 0.00034893926983532015 -0.0021237989012034475 0.0097861186562354027 -0.0010056825729370556 -0.0014282342480573937 0.00011880282310360972 -0.0019309987257273039 0.0047536032371229024 -0.0026083416692916483 0.0094379991060766586 0.0061475155049900655 -0.00068954626643283887 -0.0053856635976056114 0.013895735888796874 -0.004030762345718069 0.01059094475238247 0.0050303147585364551 -0.0041954440344632781 -0.00094483425620210258 0.0016888728482023167
leaf_weight=48.977210626006126 27.348574042320251 15.167930215597151 208.17177025228739 95.64774489402771 70.343834444880486 181.36136208474636 49.251533046364784 105.96054887026548 26.240675963461399 18.298279002308846 31.97535203397274 168.49543358385563 184.75194834917784 32.018241286277771 27.405405886471272 125.05175650119781 19.655064791440964 16.649678230285645 18.226289168000221 20.547801524400711 20.182595103979111 167.41970445215702 11.951754860579966 163.863484762609
leaf_count=403 165 94 1618 603 513 1354 323 733 196 120 206 1032 1494 222 191 893 130 105 118 124 145 1226 84 1055
internal_value=9.47281e-05 0.000669276 1.29576e-05 0.000991285 -4.00433e-05 -0.00184197 0.00343851 0.002059 -6.95271e-06 0.0072922 0.00462956 0.00367035 -0.00384647 0.00371609 -0.00150109 0.000622925 0.00219145 0.00548407 0.00230471 0.00562276 -0.00134249 -0.00285851 0.00670811 0.000855221
internal_weight=1854.96 1621.23 1393.42 913.489 644.331 479.926 269.158 201.608 271.755 67.5498 227.819 200.471 233.729 70.2107 390.221 152.457 254.11 70.5917 53.942 35.7157 201.544 237.764 43.97 183.519
internal_count=13147 11250 9847 6228 4449 3619 1779 1336 2001 443 1403 1238 1897 502 2823 1084 1626 441 336 218 1499 1739 306 1185
is_linear=0
shrinkage=0.01


Tree=64
num_leaves=25
num_cat=0
split_feature=271 147 22 5 5 122 113 75 255 142 119 22 78 65 292 291 319 179 319 247 87 100 118 300
split_gain=38.5498 18.806 23 17.6908 18.5952 13.2008 15.8067 12.2421 12.0947 19.6868 11.8159 11.462 15.5161 14.3158 14.1851 13.3883 15.8023 10.9039 10.7231 10.6137 13.1108 10.5174 9.6444 9.58839
threshold=0.10713555011819574 0.15667434715821815 0.08797565370076145 -2.8983711643309662 -2.8712440139818409 0.30967284454575122 0.2594736628512177 -0.31597118939361285 105.50000000000001 0.003666364216822933 0.55416879317533874 -0.14571662864943488 -77.732261838154471 1.9384098359863726 0.0058716286873582791 1.6913418372692699 -0.16169878183831668 6.3370797158642471 -0.076268935872335283 1.6692810930864095 2.3076978802924137 0.717675069485746 18.500000000000004 0.25641025640923898
decision_type=2 8 10 2 2 8 8 10 2 2 8 10 2 10 2 2 2 2 2 2 10 10 2 2
left_child=1 17 7 22 -5 11 -7 -3 -4 19 -8 13 -13 14 -6 16 -14 21 23 20 -10 -1 -2 -16
right_child=3 2 8 4 5 6 10 -9 9 -11 -12 12 15 -15 18 -17 -18 -19 -20 -21 -22 -23 -24 -25
leaf_value=0.0026005477865079975 -0.0084846084866541435 0.0010359358890488564 0.00071701853932589431 0.0055437272861454416 -0.0013214059131332295 -0.0039417382523488035 0.0066239185499057307 -0.0027979898210492406 -0.00049445148100824682 -0.0045161352016315466 -0.00023414556288586349 0.012818486715860401 -0.00018052164649133489 -0.003622688333554034 0.0046298922733982355 -0.0018786244364775342 0.0074919920542329812 0.0060286989643961696 0.0099558640440670018 0.012688102149564291 0.010734777427561149 -0.0033510029205708973 -0.0006714196116674422 -0.0044928635320781929
leaf_weight=29.628751486539841 17.156842485070229 121.77181635051966 139.94150749593973 134.6450323164463 55.957197025418282 81.578143119812012 31.828643277287483 250.5362665578723 24.720072835683823 13.77392043918371 89.639611177146435 17.138100191950798 40.042637154459953 49.729744955897331 40.556607618927956 36.598892450332642 76.291811421513557 11.274668492376803 27.108291402459145 25.277529329061508 14.623490884900091 433.59487427771091 79.862388387322426 13.059571728110312
leaf_count=218 139 849 985 779 355 604 199 1867 165 99 635 97 256 331 255 235 480 86 169 168 96 3362 638 84
internal_value=1.18143e-05 -0.00122833 -3.35008e-05 0.00168105 0.00224103 0.00142048 -0.000605986 -0.00154297 0.00252265 0.00559564 0.00166506 0.0025732 0.00443063 0.000832176 0.00250101 0.00326759 0.00490125 -0.00270446 0.00511761 0.00786534 0.00409714 -0.00295463 -0.00226526 0.00227567
internal_weight=1856.34 1065.14 590.645 791.194 694.174 559.529 203.046 372.308 218.337 78.395 121.468 356.483 170.071 186.411 136.682 152.933 116.334 474.498 80.7245 64.6211 39.3436 463.224 97.0192 53.6162
internal_count=13151 7895 4229 5256 4479 3700 1438 2716 1513 528 834 2262 1068 1194 863 971 736 3666 508 429 261 3580 777 339
is_linear=0
shrinkage=0.01


Tree=65
num_leaves=25
num_cat=0
split_feature=123 109 109 153 123 144 71 81 76 200 209 109 123 3 226 208 114 257 268 234 109 73 226 307
split_gain=38.2398 23.7732 23.0119 22.2273 21.5028 17.437 16.3261 14.5048 13.4461 13.4672 14.2617 12.9921 16.5603 12.8043 12.7352 18.8063 12.6811 12.5141 12.4902 12.3423 11.7373 10.7787 10.6226 12.8995
threshold=1.3037559528709568 1.4031403344534763 1.162712221484822 0.01564247762863535 0.52057875608898263 1.0000000180025095e-35 3.0201438163688885 1.3887417712346466 1.0236945876958805 1.6215011546242364 0.73499124703943997 0.60812320615139193 -0.10896092029255984 2.4920730105632178 0.083457711442786089 0.68521476199534981 0.78992007196464942 103.50000000000001 0.55001277238372304 0.050036818851251851 2.3487247349341756 275.52232676133406 0.065758586607363487 0.00086911729059922793
decision_type=8 10 10 10 10 10 10 10 10 2 2 8 10 2 2 2 8 2 2 2 10 2 2 2
left_child=2 16 4 7 11 -4 -5 13 9 -7 -11 12 18 -3 17 -16 -2 -13 -1 -18 -8 -21 -15 -24
right_child=1 3 5 6 -6 8 20 -9 -10 10 -12 14 -14 22 15 -17 19 -19 -20 21 -22 -23 23 -25
leaf_value=0.0081070931901195426 -0.0048051862933162024 0.008890524258902523 -0.0029847940941051775 -0.0039498419446212588 -0.001161294411395934 0.0044496555537396473 -0.001061321344662238 0.00764893267413181 -0.00023034582332954402 0.016241477497808285 0.0043270844003529046 0.0060702645695718841 -0.0019950169999052225 -0.0010417022950791929 0.015999525233920956 0.0029191862892427234 -0.0035292438732443176 -0.0015074242669028876 0.00016258833319244114 -0.00095503040108229839 0.0070545294153390057 0.0069099964191860555 0.0064692642136809451 -0.0013876270587101331
leaf_weight=36.278943680226803 231.05858542770147 15.810259878635405 27.977189883589745 177.52221304178238 359.27800887078047 120.03600497543812 55.34085601568222 33.162517592310905 37.043084226548672 22.542214892804623 21.746145717799664 41.049253769218922 100.31962670385838 181.00889878720045 18.579429544508457 26.353473700582981 89.449862860143185 41.173163093626499 40.827880971133709 45.128325454890728 22.942718908190727 24.799321696162224 47.493863396346569 33.971864059567451
leaf_count=222 1803 108 189 1388 2544 747 406 230 242 136 137 262 687 1282 113 162 693 258 262 342 163 182 321 240
internal_value=-4.33388e-05 -0.00142995 0.00144208 -0.000117574 0.000490366 0.00415284 -0.00228987 0.00166798 0.00517718 0.00638543 0.0110262 0.00243465 0.000657016 0.000881571 0.00483874 0.00897866 -0.00331948 0.0023402 0.00406837 -0.00111292 0.00146847 0.00198121 0.000305324 0.00324453
internal_weight=1850.89 957.689 893.204 567.253 663.86 229.345 255.806 311.447 201.367 164.324 44.2884 304.582 177.426 278.285 127.155 44.9329 390.436 82.2224 77.1068 159.378 78.2836 69.9276 262.475 81.4657
internal_count=13119 7158 5961 4138 4510 1451 1957 2181 1262 1020 273 1966 1171 1951 795 275 3020 520 484 1217 569 524 1843 561
is_linear=0
shrinkage=0.01


Tree=66
num_leaves=25
num_cat=0
split_feature=122 46 113 109 123 308 208 57 311 52 308 153 109 109 123 117 171 165 254 253 306 81 274 294
split_gain=38.542 27.9005 26.0813 21.5278 22.7399 18.7878 18.7149 18.207 15.6986 15.2861 14.4739 11.9674 16.9474 11.8469 28.0938 12.1128 11.8949 13.4867 13.0949 11.4389 11.3169 11.1377 12.6007 10.8001
threshold=0.26025589624797435 1.0000000180025095e-35 0.2594736628512177 1.2469916402469974 -0.10896092029255984 0.0010088777550745385 2.1315845124446593 -0.31200748645074544 -0.20323144076513991 153.50000000000003 -0.001360218461545907 0.014580823471050955 1.8889734263227316 0.60812320615139193 0.50592980267859111 0.51412940550891351 6.970091566108974 179.69227430555557 120.50000000000001 24.500000000000004 0.70702279163693704 0.79666510609667862 5.3765807122648575 -0.11735492185697831
decision_type=8 2 10 10 10 2 2 10 2 2 2 10 10 8 10 8 10 2 2 2 2 10 2 2
left_child=1 3 11 4 8 -4 -7 10 -1 -9 -5 12 23 -6 20 19 17 -17 -19 -16 -15 -11 -23 -2
right_child=2 -3 5 7 13 6 -8 9 -10 21 -12 -13 -14 14 15 16 -18 18 -20 -21 -22 22 -24 -25
leaf_value=0.0084905452387191022 0.002871224072853736 -0.0027846876034169727 -0.00072536463875344309 0.00069575347156656695 -0.0021382558216782748 0.0090389150924838711 0.00017627336447980602 -0.001112716271786295 -0.0011767794290121678 0.0013661997527790292 0.012320318068182828 -0.0055804693428179617 0.0049249811017011312 -7.9104606474023989e-05 0.0046217352157303052 -0.00061255050420566302 -0.00088140973140543491 0.013500519839137715 0.0021525274182535208 -0.0047837144439964695 0.0073694960871519338 0.014048256047339428 0.0040470660377089221 -0.0032003681831786609
leaf_weight=60.386583745479584 29.930692091584206 131.46265230327845 309.52168855816126 14.703445985913275 135.19391775131226 42.109694711863995 51.455010496079922 57.35098297894001 21.776470541954041 44.956781178712845 42.810689330101013 126.64288418740034 29.626771226525307 26.559608921408653 12.938330441713331 33.291394181549549 123.59651144593954 18.14148037135601 22.754093959927559 78.062117531895638 80.64492404460907 20.066422298550606 36.871494188904762 312.82256096601486
leaf_count=346 228 1070 2258 89 914 293 373 377 141 283 255 1019 208 166 92 217 839 117 146 544 489 118 223 2409
internal_value=5.91001e-05 0.00145045 -0.00142274 0.00212959 0.00115923 0.000466327 0.00432427 0.0048202 0.00596273 0.00297282 0.00953785 -0.00294465 -0.00201008 0.000386577 0.0012602 -0.00037135 0.0010157 0.00410538 0.00775951 -0.00333628 0.00556054 0.00524981 0.00808869 -0.00264801
internal_weight=1863.68 961.568 902.109 830.105 613.345 403.086 93.5647 216.76 82.1631 159.246 57.5141 499.023 372.38 531.182 395.988 288.784 197.783 74.187 40.8956 91.0004 107.205 101.895 56.9379 342.753
internal_count=13214 6426 6788 5356 4011 2924 666 1345 487 1001 344 3864 2845 3524 2610 1955 1319 480 263 636 655 624 341 2637
is_linear=0
shrinkage=0.01


Tree=67
num_leaves=25
num_cat=0
split_feature=5 5 119 116 122 263 197 160 200 100 181 151 71 268 36 107 70 35 100 268 137 289 75 205
split_gain=37.5141 45.2519 30.557 21.5773 17.9042 16.7254 14.2908 12.5793 12.0388 10.7802 10.3892 10.381 16.1878 11.193 10.3767 16.387 10.1725 9.63373 9.54852 12.6883 11.2992 9.07835 9.40309 11.6588
threshold=-2.8983711643309662 -2.8712440139818409 0.086193311609777432 0.33230128323152541 0.5767611239695638 0.25158338651339002 -0.43092411994856489 0.037565469890634758 1.8586927373259619 1.0337392342708431 0.054460838240686822 0.07153983088562528 1.459563809681933 0.4620872202231821 0.024157126618763451 0.41022478449684058 0.72151491922807509 0.00173762077294686 0.85687578757111293 0.15646348610624558 0.19050436742744439 -0.13204598667721931 -0.4311382021000445 -0.20403589888153226
decision_type=2 2 8 10 8 8 8 10 2 8 2 10 8 2 2 8 8 2 10 2 2 2 10 2
left_child=-1 10 6 11 5 -5 -3 8 21 -9 -2 12 -4 17 16 -16 -6 -14 19 -19 -20 -8 23 -23
right_child=1 2 3 4 14 -7 7 9 -10 -11 -12 -13 13 -15 15 -17 -18 18 20 -21 -22 22 -24 -25
leaf_value=-0.0035443685580579943 0.010437789607244116 -0.00062738446747620188 -0.0038580174817749065 -0.0036670285896650552 -0.0055533951901646028 0.0070203983886881005 0.0094580581426196679 0.0066836324254479738 -0.0063203381256046508 -0.0016711137990307156 0.0038783514866631949 -0.0038061342489347318 0.0063746321447149604 -0.0032966039256760176 -0.0024288197092815146 0.0078714518072678132 -0.00016133928337022134 -0.0049894023596749456 0.0020628706820829154 0.0056573258703262767 -0.0060882784410980972 0.0059113540415500418 -0.0010890358357035584 -0.00040466891441166348
leaf_weight=248.19139145314693 27.050121709704399 151.38791172206402 128.81133782863617 16.460709892213345 47.193918660283089 67.09764226526022 13.369653284549711 107.94147782027721 15.100990064442156 16.565890401601791 190.37418015301228 251.27409007400274 34.762724138796329 51.863082394003868 27.079437471926212 29.890768468379974 118.31773411482573 11.928437754511831 31.253799296915531 47.282541327178478 31.571189887821674 68.806819006800652 76.955168515443802 48.299285605549812
leaf_count=2015 160 986 977 111 361 428 87 685 103 111 1155 1951 249 381 200 212 882 84 221 329 227 429 529 308
internal_value=5.12259e-05 0.00061118 -5.38804e-05 -0.00115893 0.000986621 0.00485198 0.00192325 0.00303485 0.00157001 0.00555161 0.00482309 -0.00227532 -0.00111029 0.0006102 -0.000503485 0.00307574 -0.00177259 0.00194442 0.000558058 0.00336598 -0.00210408 0.00222685 0.00159428 0.00335005
internal_weight=1858.83 1610.64 1393.21 894.787 306.04 83.5584 498.427 347.039 222.532 124.507 217.424 588.747 337.473 208.662 222.482 56.9702 165.512 156.799 122.036 59.211 62.825 207.431 194.061 117.106
internal_count=13181 11166 9851 6613 2194 539 3238 2252 1456 796 1315 4419 2468 1491 1655 412 1243 1110 861 413 448 1353 1266 737
is_linear=0
shrinkage=0.01


Tree=68
num_leaves=25
num_cat=0
split_feature=32 119 116 109 123 323 50 119 116 123 109 139 48 313 223 148 71 176 100 323 71 123 194 83
split_gain=36.9067 35.7745 22.8518 17.018 26.7421 14.4322 13.5569 13.9153 13.3356 13.9994 13.1875 16.2182 15.6585 12.013 10.5365 12.119 11.5979 11.5583 15.8744 12.1289 9.94098 13.672 10.7251 13.8445
threshold=0.0014316399604838677 0.44062539308307441 0.38956065798126122 1.1685457581177501 0.41154969861054841 580.50000000000011 18.500000000000004 0.87584025685854117 -0.25881838507331095 -0.10896092029255984 0.59948348592190137 0.013872850910957147 97.500000000000014 -0.06235710101046759 -0.46261359784941786 0.23452532992762878 1.5287826157505127 11.737689217303968 0.78978965914547905 264.50000000000006 1.0514148896824613 0.92350867669650383 0.092450142450142464 1.3943964082625147
decision_type=2 8 10 10 10 2 2 8 10 10 8 2 2 2 2 10 10 2 10 2 10 10 10 10
left_child=1 3 -3 4 8 14 -4 -8 9 -1 -11 12 -12 -2 15 -5 -16 -18 19 -19 -6 22 -22 -24
right_child=13 2 6 5 20 -7 7 -9 -10 10 11 -13 -14 -15 16 -17 17 18 -20 -21 21 -23 23 -25
leaf_value=0.0055381619654176276 0.00090068637687978892 -0.0028362465177401174 0.00018320802717292851 0.0033666414232855582 -0.0034903456630285788 0.0080433284161942151 0.013173056994143744 -0.00067021974117878447 0.0088130405358828566 -0.002968307327087237 0.011889084456166389 -0.0047744090947836474 -0.000285312902116514 -0.0053488719986036224 -0.0032396515082458201 0.012465280532624575 0.008835331000669841 0.00021341394402534184 -0.00028113409151033294 0.012513046839150268 0.00031013577096990766 -0.0016855911889895082 -0.00014399990036556489 0.010421228476786433
leaf_weight=76.350670710206032 37.12663209438324 392.69827857613564 213.51930345594883 85.660650141537189 101.65934851020575 53.659680180251598 14.493920624256132 11.815275318920614 35.755722045898438 62.810426622629166 22.140530705451965 14.536484435200689 17.806205600500107 151.9343716353178 43.549252100288868 16.150717064738274 21.285422146320343 14.002692207694055 125.35965678840876 16.803046181797981 88.172243773937225 187.3189305216074 20.618681907653809 27.32100822776556
leaf_count=450 304 3038 1565 532 726 337 93 88 224 413 133 89 107 1255 299 102 136 88 814 102 579 1359 136 169
internal_value=3.11063e-05 0.000509856 -0.00135775 0.00165725 0.000675264 0.00334392 0.00106385 0.00746196 0.00340589 0.00228937 8.52586e-05 0.00359581 0.00678006 -0.00412119 0.00249631 0.0051188 0.00123403 0.00237129 0.00134179 0.00744229 -0.000808785 5.40229e-05 0.00244089 0.00610339
internal_weight=1852.55 1663.49 632.527 1030.96 654.49 376.471 239.828 26.3092 229.4 193.644 117.294 54.4832 39.9467 189.061 322.811 101.811 221 177.451 156.165 30.8057 425.09 323.431 136.112 47.9397
internal_count=13138 11579 4784 6795 4385 2410 1746 181 1416 1192 742 329 240 1559 2073 634 1439 1140 1004 190 2969 2243 884 305
is_linear=0
shrinkage=0.01


Tree=69
num_leaves=25
num_cat=0
split_feature=32 5 76 114 5 102 93 71 7 254 108 224 7 228 200 270 274 228 300 125 19 7 193 274
split_gain=38.9158 29.4884 27.4988 22.8504 17.9207 15.9952 15.1665 12.9937 22.4896 13.7819 12.4977 11.7255 11.4028 11.3462 12.9243 11.3197 11.0594 12.8129 10.9645 13.7228 13.2984 10.7707 10.4635 10.7878
threshold=0.0014316399604838677 -2.8712440139818409 0.80655261278894375 0.75928835639781378 -2.8935132521978844 0.60476586321409453 -0.08924937722685243 1.5287826157505127 -1.1275683968414849 142.50000000000003 1.434392973848865 2.3011757940721931 -1.1688623352213579 0.25513722730471505 0.91462407153357528 0.054802181974196319 4.2690787124464267 0.31142632767252387 0.27049180327804195 0.40289455726894202 -0.6539979450675929 -1.0586728084065633 0.8744747899159665 5.6291333349543455
decision_type=2 2 8 8 2 10 10 10 2 2 10 2 2 2 2 2 2 2 2 10 8 2 8 2
left_child=1 4 7 16 -1 6 22 8 12 -9 -7 13 18 14 -6 -2 17 -4 20 -20 -3 -13 23 -5
right_child=15 2 3 5 11 10 -8 9 -10 -11 -12 21 -14 -15 -16 -17 -18 -19 19 -21 -22 -23 -24 -25
leaf_value=-0.00031664456770697083 -0.0080946647428685719 0.0041812883540236412 -0.0034272654181377845 0.0037312922176208864 0.0067756840859568516 -0.003609731090120057 0.0073646510542552755 0.0027031032286222428 -0.0019142623650941018 0.010397497311314429 0.0019703190859076355 -0.0013072470590338643 0.0097834377712494869 0.0089110039751419002 -0.0031764042188813157 -0.0025965967418360332 -0.0036381612787446788 0.0070723392793484042 0.0021646940328974833 0.012568781033158052 -0.0032006703679088333 0.0080676249631292454 -0.0030884683995924932 -0.00038824602819333186
leaf_weight=84.181108802556992 52.171212658286095 40.174022734165192 21.17817834764719 121.44385929405689 28.003137812018394 139.88728779554367 36.585448175668716 126.24031736701727 163.52954767644405 27.0407400354743 53.482527352869511 42.639636322855949 20.406232126057148 86.247956469655037 20.196292847394943 135.73196973651648 322.36278599500656 19.846586674451828 44.498008064925671 16.045013442635536 53.563049130141735 13.974815353751181 54.899056971073151 128.32269535213709
leaf_count=609 435 245 156 814 164 1076 249 836 1156 173 399 275 135 498 126 1119 2415 144 282 101 353 91 400 895
internal_value=5.20339e-05 0.000541912 -5.21582e-05 -0.00109274 0.00351448 0.000222535 0.00152238 0.00184239 0.000730478 0.00423144 -0.00205506 0.00518759 0.00320301 0.00677175 0.00264111 -0.00422624 -0.00301727 0.00175815 0.00216507 0.0053776 0 0.00126474 0.000755986 0.00163023
internal_weight=1852.65 1664.75 1389.51 898.008 275.243 534.621 341.251 491.497 338.216 153.281 193.37 191.062 174.686 134.447 48.1994 187.903 363.388 41.0248 154.28 60.543 93.7371 56.6145 304.666 249.767
internal_count=13146 11592 9829 6548 1763 3833 2358 3281 2272 1009 1475 1154 1116 788 290 1554 2715 300 981 383 598 366 2109 1709
is_linear=0
shrinkage=0.01


Tree=70
num_leaves=25
num_cat=0
split_feature=153 105 150 163 75 117 117 2 81 123 119 105 284 103 240 303 226 273 323 117 60 60 125 300
split_gain=31.8373 27.3087 29.6246 17.9404 17.0722 14.6324 14.1439 13.0881 12.4691 16.0901 12.4299 17.7479 13.4976 13.1133 12.2502 12.1926 11.51 11.7188 11.1325 10.7137 13.5026 14.2687 11.0005 10.663
threshold=0.015611460138648182 1.0021833205719421 0.048826334128002941 0.0015860438205921568 0.45006777324668062 1.9942634200964204 0.51412940550891351 0.88734537876235053 0.56840648661494775 1.3569142342946392 -0.44709725313324361 0.016531525003905707 0.047631980548873583 -0.32469863638332325 -0.1826900825135814 0.0012459811876928603 0.0369748943574447 4.0778093169294412 95.500000000000014 0.80414653259506896 -142.14674005776331 7.950999303125978 0.79636489709611979 0.32738577602716207
decision_type=10 10 10 10 10 8 10 8 10 10 10 10 10 8 2 2 2 10 2 10 2 2 8 2
left_child=1 2 6 8 15 -2 10 14 -4 -10 11 13 -13 -1 -8 19 -16 -18 -12 -5 -21 22 -22 -7
right_child=5 -3 3 4 -6 23 7 -9 9 -11 18 12 -14 -15 16 -17 17 -19 -20 20 21 -23 -24 -25
leaf_value=0.0044807198295633913 -0.0038794367829739062 0.0042206667842955717 -0.0037253289605687777 -0.0054006919335384306 -0.0035629447720171644 0.0044195677241131324 -0.0012760672513909646 -0.0034986683051417616 0.0023521168400744787 -0.0028237645663730104 0.0056372663765065492 0.0076663415796273818 -0.0018654490861516344 -0.0017386232151104704 0.00097479455975179653 0.0058321017629504954 0.010580654765336404 0.0031701521599661955 -0.0026455505753784814 0.0085594714006533429 0.0029770543974339311 0.0057992038512222214 -0.0046902196854326566 -0.0040128330333834778
leaf_weight=45.089682146906853 268.62815221399069 174.49107990413904 276.99759918451309 21.958630912005901 64.054666213691235 39.86899034678936 24.319146797060966 17.854321211576462 102.4713119789958 136.89964307844639 15.820288583636282 67.290563724935055 17.415507487952709 112.94755372405052 32.600269645452499 62.44450131803751 61.142241761088371 37.633777849376202 125.14569720625877 21.086470849812031 26.246744856238365 29.824104234576225 50.636316686868668 20.37695537507534
leaf_count=279 2115 1166 2107 159 489 287 153 115 686 1041 108 414 110 785 212 423 380 240 876 135 178 196 343 149
internal_value=-7.82765e-05 0.000531202 4.56782e-05 -0.00119413 0.000854482 -0.00288669 0.00180805 0.00415428 -0.00229075 -0.000602272 0.000721518 0.00208605 0.00569813 7.73218e-05 0.00508521 0.00222209 0.00627236 0.00793472 -0.00161598 0.000629612 0.00176843 0.00023008 -0.00204724 0.0014992
internal_weight=1853.24 1524.37 1349.88 792.62 276.251 328.874 557.259 173.55 516.369 239.371 383.709 242.743 84.7061 158.037 155.695 212.197 131.376 98.776 140.966 149.752 127.794 106.707 76.8831 60.2459
internal_count=13146 10595 9429 5757 1923 2551 3672 1100 3834 1727 2572 1588 524 1064 985 1434 832 620 984 1011 852 717 521 436
is_linear=0
shrinkage=0.01


Tree=71
num_leaves=25
num_cat=0
split_feature=122 109 75 109 150 105 103 308 319 9 156 13 232 105 302 31 161 151 162 303 125 105 294 284
split_gain=29.7684 21.9069 22.7037 19.5946 24.6925 14.0793 14.0326 13.2435 12.8938 12.7234 14.8551 12.3276 11.6936 12.956 12.127 11.4826 11.2121 11.1135 23.1975 18.1237 14.6619 12.8199 12.3366 11.3245
threshold=0.26025589624797435 1.9109651622609172 0.7949214955853845 1.2469916402469974 0.048826334128002941 1.3824999942590697 1.6113601096433741 0.0088891507823599808 -0.018672709435839329 0.70594042565823445 0.14434342614389697 0.91890862031611042 1.8459654093507623 0.29875696018570358 0.00250224154829065 0.0018674152601478591 0.017877117289868971 0.087447625420191508 0.0047961906514538107 0.0014028832477592083 0.87935476844584548 0.67496690079311028 -0.13667565238805349 0.0092603245214841774
decision_type=10 10 10 10 10 10 8 2 2 2 10 10 2 10 2 2 10 10 8 2 10 10 2 8
left_child=3 17 5 4 12 8 9 -6 -3 10 15 -12 16 -14 -15 -5 -1 18 22 20 23 -22 -2 -20
right_child=1 2 -4 6 7 -7 -8 -9 -10 -11 11 -13 13 14 -16 -17 -18 -19 19 -21 21 -23 -24 -25
leaf_value=0.0021630312444835139 0.0049279166759315972 -0.00066856686917082634 -0.0015787952684236488 0.0032198187344606981 -0.0028242979011182342 0.010845960343803938 -0.0018007750551096015 0.0067355584994760577 0.0081057540081722057 0.011909795761083067 0.010764860341845853 0.0030481354162168041 -0.002597975082112508 -0.00058138585982345453 0.009598179142232913 -0.0041597789585962504 0.0096340161792854637 -0.0036781990906136906 0.0069531137546004762 0.0059887585269309106 -0.0085675479629532796 -0.00063764627111190892 -0.0044820595182491841 -0.0014023151167126594
leaf_weight=342.88861104100943 12.794033125042914 46.356711752712727 107.71173315495253 64.232797890901566 222.91947089135647 26.723693311214447 37.039564162492752 12.76308213919401 22.890543825924397 20.089682087302208 38.299078956246376 49.209228031337261 104.2914280667901 27.007070831954479 17.194765947759151 27.931512631475925 18.987194687128067 281.43006684631109 32.75392497330904 54.192161612212658 26.056659929454327 72.116284497082233 162.82983461767435 28.021394066512585
leaf_count=2254 97 324 827 393 1627 180 254 92 156 121 234 310 712 171 107 179 119 2207 243 385 200 501 1264 210
internal_value=3.98227e-05 -0.00130022 0.00155324 0.00123263 0.00043026 0.00502299 0.00372123 -0.00222832 0.00242298 0.00476098 0.00378321 0.00666889 0.00166547 -0.000683109 0.00369749 0.000915205 0.00262977 -0.00217183 -0.00106001 0.00114998 -0.000569693 -0.0029341 -0.00372337 0.00319423
internal_weight=1856.73 873.877 203.683 982.853 746.052 95.9709 236.802 235.683 69.2473 199.762 179.673 87.5083 510.369 148.493 44.2018 92.1643 361.876 670.194 388.764 213.14 158.948 98.1729 175.624 60.7753
internal_count=13167 6594 1487 6573 5082 660 1491 1719 480 1237 1116 544 3363 990 278 572 2373 5107 2900 1539 1154 701 1361 453
is_linear=0
shrinkage=0.01


Tree=72
num_leaves=25
num_cat=0
split_feature=5 5 76 70 131 249 70 150 117 197 71 100 270 270 21 164 177 256 7 290 7 5 73 226
split_gain=32.8977 33.3665 22.2897 18.1123 19.9954 17.5681 14.1644 12.3861 17.9743 13.622 12.1337 22.9692 11.1347 11.0838 10.2701 11.4957 10.2133 11.5709 8.94539 10.0012 10.4811 12.0879 8.90061 8.75392
threshold=-2.8996003220412478 -2.8773415074710829 1.0709263755307594 0.83086595391063045 1.6306762194233919 0.096006144393241177 0.76701195927957222 0.04630604288499026 0.52109632555326413 -0.43092411994856489 1.459563809681933 0.64388791173500859 0.086593835530196103 0.054133196238459406 -0.065008899093804043 0.0041025684182179291 7.3084982775061329 130.50000000000003 -1.0586728084065633 0.05686739150617507 -1.6047280728312334 -2.8935132521978844 342.57457546223935 0.012158167036215818
decision_type=2 2 10 10 8 2 8 8 10 10 10 8 2 2 10 10 10 2 2 2 2 2 2 2
left_child=13 18 3 4 5 16 -4 8 -6 -10 23 -12 -7 -1 -8 -16 17 -3 19 -2 21 -21 -17 -9
right_child=1 2 6 -5 7 12 14 10 9 -11 11 -13 -14 -15 15 22 -18 -19 -20 20 -22 -23 -24 -25
leaf_value=-0.0070734555563464318 0.0082458802076769873 0.0096457264420383246 -0.0061794117431691001 0.0054333303577873415 -0.00033295817344544502 0.012892448767581801 0.0058957014089640108 0.00083106902992890412 -0.0007967090641980124 0.007320124856211775 0.0099899357418138657 -0.00066429764574511038 0.0030876546549278502 -0.0021234860687795506 -0.0033101827836567862 -0.0010771733838495661 -0.0026973764568983668 -0.0014725814487069821 0.0099870937236605697 -0.0020866962112574129 0.00035529750048244138 0.007911905754722847 0.007129810900734607 -0.0043473828565897751
leaf_weight=61.817797616124153 31.92036484181881 17.359320722520351 76.310401678085327 68.403065897524357 192.1584542170167 24.494319930672646 15.975242458283899 40.583036951720715 28.425241954624653 66.463211998343468 18.367624469101429 437.03893688321114 24.770652569830418 168.55147290229797 140.39616717398167 32.304369926452637 38.154116414487362 15.969151988625525 20.957003071904182 14.54899814724922 108.79202860593796 45.756331950426102 18.647052720189095 143.30945316702127
leaf_count=516 186 116 597 459 1281 156 104 306 180 421 121 3131 152 1384 1075 233 253 104 135 85 681 261 131 1077
internal_value=-1.34356e-05 0.000490405 -8.33033e-05 0.000553652 0.00022008 0.00399902 -0.00257255 -0.000282129 0.00143316 0.00492578 -0.0010568 -0.000173124 0.00841901 -0.00352608 -0.00117458 -0.00184767 0.00073388 0.00459323 0.00406641 0.00331364 0.00225587 0.00549833 0.00212549 -0.00320389
internal_weight=1851.47 1621.1 1399.13 1115.5 1047.09 120.748 283.633 926.346 287.047 94.8885 639.299 455.407 49.265 230.369 207.323 191.348 71.4826 33.3285 221.975 201.018 169.097 60.3053 50.9514 183.892
internal_count=13145 11245 9897 7757 7298 781 2140 6517 1882 601 4635 3252 308 1900 1543 1439 473 220 1348 1213 1027 346 364 1383
is_linear=0
shrinkage=0.01


Tree=73
num_leaves=25
num_cat=0
split_feature=32 122 162 21 109 149 103 9 223 132 101 52 191 18 85 116 151 162 145 73 143 11 137 128
split_gain=40.6915 39.8225 21.8466 21.5342 16.7364 24.445 16.5706 16.4808 16.6033 12.6405 11.9552 11.2752 10.7999 10.7207 10.6042 9.92529 9.71445 10.3742 12.9477 9.49787 12.4441 15.1681 11.665 10.1007
threshold=0.0014316399604838677 0.26025589624797435 0.019672184015544252 0.56236902875510142 1.1825368859594807 0.092335018445142789 1.6113601096433741 0.7124150863662807 -0.46261359784941786 0.0066722314969393445 -1.2318167297506866 60.500000000000007 -0.44685288893526615 0.66975487317764804 181.26176811803586 -0.18656697569531164 0.024808041732606534 0.0015071598611641139 0.085543906557838459 317.52657757435776 0.018034279767131758 0.37594810600315143 0.24370560603351596 0.46317737068184067
decision_type=2 8 8 10 10 10 10 2 2 2 8 2 10 8 2 10 10 10 10 2 10 8 2 8
left_child=1 4 19 13 5 10 7 8 -6 -10 11 -1 -11 -4 -2 -7 17 -17 -19 -3 22 -22 23 -21
right_child=14 2 3 -5 6 15 -8 -9 9 12 -12 -13 -14 -15 -16 16 -18 18 -20 20 21 -23 -24 -25
leaf_value=-0.0036327207289331858 -0.0050123327615953072 -0.0033181182652131207 0.0021299078885211853 -0.0019153757032823479 0.0071545812929471658 -0.0032394765483251004 -0.0022336662507897505 0.0135162794036486 0.0043909736147341042 -0.0065780644880920197 -0.0012863284022408389 0.0042150713195901138 0.0024060640662137496 0.008961287080038894 0.0042322484054991647 -0.00018428579063729824 -0.0024387334245143037 0.013293350183120976 0.00093155775912857604 0.0036160087594650342 0.012058102895093578 -0.0014141318400609402 0.0033070046296416323 -0.0050078206828555651
leaf_weight=17.405588515102863 174.84373563528061 341.35777874290943 156.1181850284338 145.73333921283484 94.767378889024258 123.36507388204336 33.600529558956623 19.022854596376419 59.954210713505745 24.91789685934782 56.35218371450901 262.2995904609561 23.453896194696426 25.045463062822819 11.114977806806563 46.902726672589779 56.809515774250031 14.053472332656382 18.313939802348614 14.165705092251299 13.433551244437693 15.85296454280615 31.226980343461037 74.989285185933113
leaf_count=115 1459 2625 1089 1118 567 879 226 113 375 155 369 1614 145 166 90 325 404 91 116 110 95 123 226 572
internal_value=1.0762e-06 0.000498539 -0.00107459 0.0009216 0.00200987 0.0010791 0.00413783 0.0051222 0.00415547 0.00140689 0.00285005 0.00369153 -0.00231038 0.00320358 -0.00439906 -0.00121697 0.000638032 0.00286341 0.00696701 -0.00240325 -0.000287083 0.00525378 -0.0017333 -0.00355727
internal_weight=1855.1 1669.14 817.923 326.897 851.219 595.502 255.717 222.116 203.093 108.326 336.057 279.705 48.3718 181.164 185.959 259.445 136.08 79.2701 32.3674 491.026 149.668 29.2865 120.382 89.155
internal_count=13167 11618 6124 2373 5494 3913 1581 1355 1242 675 2098 1729 300 1255 1549 1815 936 532 207 3751 1126 218 908 682
is_linear=0
shrinkage=0.01


Tree=74
num_leaves=25
num_cat=0
split_feature=122 46 113 153 105 227 103 315 153 108 279 83 131 215 105 257 120 251 224 175 103 196 105 28
split_gain=33.4734 25.3186 24.0946 14.795 16.4177 18.4363 14.0892 13.8961 11.451 15.21 12.5252 11.0834 16.4183 14.0867 16.4453 14.2517 12.8314 10.9462 11.5183 10.6582 13.4409 12.0855 16.0711 14.0114
threshold=0.26025589624797435 1.0000000180025095e-35 0.2594736628512177 0.049443833272216117 0.98768677836844943 0.0089365576284180948 1.1302782925645267 -0.24577489957612006 0.014721362229102168 1.3976692032981795 0.0048698984138299548 1.3782477009697323 1.1727563897989628 -0.5262313611317232 0.77282784264027671 80.500000000000014 0.62097112523439313 1641.43875 2.0457922601718384 13.998066685997005 1.8411214497905781 0.28897569444444449 1.3170776672811495 0.225713556965254
decision_type=8 2 10 10 8 2 10 2 10 10 8 10 8 2 10 2 10 2 2 10 10 10 8 2
left_child=1 11 8 4 5 6 -4 -7 9 10 -2 12 16 17 -15 -16 -1 18 -13 20 -6 -21 -23 -24
right_child=2 -3 3 -5 19 7 -8 -9 -10 -11 -12 13 -14 14 15 -17 -18 -19 -20 21 -22 22 23 -25
leaf_value=0.011962501345054839 -0.00056771551347102958 -0.0028077079623886982 0.0064145998516295603 -0.0036395645528849029 0.010598075575395339 0.011171595243602098 -0.003508360552065104 -0.0018807928617925245 -0.005458093860419423 0.0072871750707811569 -0.0043160910517407993 0.0061741841697205589 -0.00023292683892388473 -0.0012745880551344371 0.00045231347185509778 0.0087201217591169645 0.0016708424246279225 -0.0034022190265404237 0.0010724845525525854 -0.004785952188648389 0.0021458202737925582 -0.0010696237527800282 0.015175501798665052 0.00147994469141666
leaf_weight=17.803943619132042 189.04384984821081 126.6979518160224 13.42865604162216 70.011293731629848 34.534751638770103 17.031218543648723 124.51753483712673 12.429046809673308 123.23615562915802 14.36129806190729 168.79415325820446 189.12737113237381 316.0035712942481 126.17385662347078 44.609501197934151 37.322494432330132 32.73186894506216 14.550875686109064 59.940465807914734 22.795283488929272 42.355132877826691 37.518216885626316 13.029200509190561 15.754031635820864
leaf_count=101 1449 1048 91 545 218 120 926 90 1008 102 1320 1167 2088 840 283 220 195 95 380 166 302 266 92 110
internal_value=2.02564e-05 0.00131234 -0.00136552 0.000446154 0.00133064 -0.000870314 -0.00242528 0.00595247 -0.00283683 -0.00193146 -0.00235871 0.00194364 0.000628423 0.00295358 0.000982467 0.00439646 0.0057592 0.00447876 0.00497636 0.00353371 0.0061971 0.00110378 0.00325678 0.00851763
internal_weight=1863.8 964.962 898.84 403.404 333.393 167.406 137.946 29.4603 495.435 372.199 357.838 838.264 366.539 471.725 208.106 81.932 50.5358 263.619 249.068 165.987 76.8899 89.0967 66.3014 28.7832
internal_count=13222 6417 6805 2926 2381 1227 1017 210 3879 2871 2769 5369 2384 2985 1343 503 296 1642 1547 1154 520 634 468 202
is_linear=0
shrinkage=0.01


Tree=75
num_leaves=25
num_cat=0
split_feature=271 5 5 106 77 201 32 271 320 105 235 245 238 147 292 301 275 39 224 181 78 27 189 83
split_gain=33.3072 21.1047 28.3866 15.8013 16.2037 17.4396 14.9222 13.9552 13.4546 13.5019 18.346 16.9571 12.7741 12.9661 11.93 16.2613 13.9145 11.7314 13.4117 11.5304 11.3633 12.6074 11.7687 16.2209
threshold=0.067822972005887092 -2.8983711643309662 -2.8712440139818409 0.69672962988274478 3.3306078288263756 0.76689497716894983 0.0016992365706893964 0.14094648630734738 -0.036604287542582346 1.3003658682844919 0.0047003590168461758 -0.381855638803763 -0.11076555346150425 0.19655649424435553 0.011415410351580566 0.72054898930427613 0.10132745961799904 0.053066925094059976 2.365862201240422 0.053944638567372798 0.84186334882421276 0.77090427754299184 -0.49777304190284283 1.298463821044247
decision_type=2 2 2 10 10 2 2 2 2 10 2 2 2 10 2 2 2 2 2 2 2 2 8 10
left_child=6 -2 19 4 5 7 20 14 9 10 -5 -12 13 -7 16 -16 17 -4 -19 -3 22 -22 -1 -24
right_child=1 2 3 8 -6 12 -8 -9 -10 -11 11 -13 -14 -15 15 -17 -18 18 -20 -21 21 -23 23 -25
leaf_value=-0.0048261545839704718 -0.0022936416252352931 0.011374313425170257 0.005063191770768331 0.00019974629832379399 -0.003291378802066292 -0.0049198277703470421 -0.0073942646206603315 0.004813744715166754 -0.0026271573981895275 0.010994213550446887 0.013536995704839834 0.0010624695390529214 0.0041350606227630133 -0.00026397158442735059 -0.0011670936607807779 0.0073010558560065511 -0.0045687299117932083 -0.0037124093568987509 0.0054124603668249515 0.003845494874533209 -0.00092924809102351645 -0.0048700905300077483 -1.6232298806666682e-05 0.0088084551342552733
leaf_weight=23.666985742747784 178.86088053137064 21.995259270071983 45.738714903593063 81.674691595137119 118.74691095203161 91.563073344528675 45.962791278958321 122.0254203826189 29.379158809781075 24.500659763813019 22.782131284475327 20.198483377695084 36.818039156496525 165.57524555176497 38.17772663384676 50.051105976104736 59.558681219816208 55.230953730642796 19.487561225891113 168.22512370347977 212.42654118686914 131.18440990149975 67.325163841247559 27.16682904958725
leaf_count=163 1463 125 307 575 879 640 392 761 209 170 151 144 263 1114 258 342 413 377 135 991 1625 1037 481 182
internal_value=5.789e-05 0.000879357 0.00136894 0.000676157 7.24526e-05 0.000668907 -0.002118 0.00204907 0.00334213 0.00455167 0.00306075 0.00812598 -0.00116213 -0.00196138 0.000750418 0.00370357 -0.000726495 0.00122655 -0.00120844 0.00487583 -0.00154865 -0.0024643 0.00110107 0.00269353
internal_weight=1858.32 1350.59 1171.73 981.509 802.973 684.227 507.733 390.27 178.535 149.156 124.655 42.9806 293.956 257.138 268.245 88.2288 180.016 120.457 74.7185 190.22 461.77 343.611 118.159 94.492
internal_count=13197 9317 7854 6738 5489 4610 3880 2593 1249 1040 870 295 2017 1754 1832 600 1232 819 512 1116 3488 2662 826 663
is_linear=0
shrinkage=0.01


Tree=76
num_leaves=25
num_cat=0
split_feature=32 122 71 76 114 76 122 114 234 71 161 160 285 39 21 27 76 71 139 170 170 116 304 297
split_gain=33.1565 33.6558 24.6143 21.2839 17.3371 27.1493 15.9881 14.4402 13.1356 13.0751 12.9112 12.3632 12.0716 12.6764 11.294 18.4683 12.8618 12.2657 13.7108 10.615 12.3347 11.3386 10.5754 10.42
threshold=0.0014316399604838677 0.26025589624797435 1.7438241143935358 0.68390980734582163 0.72620955713536361 0.7497525819723857 0.66995566521647709 0.47499818936807098 0.040554245929499487 2.9913326147244166 0.089023165746252617 0.11452063086390693 0.052728984762785487 0.072656966255582198 -0.05650404252328018 0.72731795567616475 1.0709263755307594 2.7681759000253923 0.01978799574872742 2.48584941419255 1.6741655281567314 -0.42391864355377357 0.00030184091713586497 0.035214470272248104
decision_type=2 8 8 8 8 10 10 10 2 8 8 8 2 2 10 2 10 8 2 10 10 10 2 2
left_child=1 4 22 -4 5 7 8 23 -5 -8 12 -11 13 -10 17 16 -16 18 -6 20 -20 -21 -3 -1
right_child=-2 2 3 6 14 -7 9 -9 10 11 -12 -13 -14 -15 15 -17 -18 -19 19 21 -22 -23 -24 -25
leaf_value=-0.0016116545951038849 -0.0039094195371844245 -0.0014730570047022332 0.011786317183774486 -0.001278551978190244 -0.00020343133633708328 -0.0016279518463003975 -0.0028020520289593104 0.0045426764343596861 0.012690693753851194 -0.0048310632243708379 0.0096191838037820564 0.0038881999535396133 0.00040346110147755447 6.2700867397713961e-06 0.0092486552129729446 -0.003834412865570441 -0.0015768336283949491 -0.0033261621287741755 0.0074717377286142262 0.0015744965979112933 -0.0013134092099458541 0.0098022162243433363 -0.0056708936869195167 0.0053418359653998951
leaf_weight=88.616169862449169 184.7558212056756 125.21877715736628 12.613811872899531 87.927362002432346 34.353600189089775 246.1896720007062 232.52179010957479 184.44661762565374 16.166760206222538 18.845364093780518 25.779000803828239 63.290937840938568 102.71074441820383 13.734366498887537 25.726688511669636 43.165705129504204 16.413362823426723 14.83294641971588 27.993201151490211 21.963629089295864 31.368824347853661 96.783224955201149 119.02139859646559 25.352541260421276
leaf_count=579 1551 971 82 640 206 1682 1822 1158 111 138 163 455 723 93 160 296 111 88 179 133 194 572 936 160
internal_value=7.71794e-05 0.000523376 -0.000925483 0.000208502 0.00190535 0.000817562 -0.000108105 0.00283477 0.00178669 -0.00159727 0.00348711 0.00178115 0.00211089 0.00740126 0.00377282 0.00062873 0.0051764 0.00492611 0.00554321 0.006643 0.00296515 0.00836105 -0.00356448 1.87948e-05
internal_weight=1859.79 1675.04 817.83 573.59 857.206 544.605 560.976 298.415 246.318 314.658 158.391 82.1363 132.612 29.9011 312.601 85.3058 42.1401 227.295 212.462 178.109 59.362 118.747 244.24 113.969
internal_count=13203 11652 6134 4227 5518 3579 4145 1897 1730 2415 1090 593 927 204 1939 567 271 1372 1284 1078 373 705 1907 739
is_linear=0
shrinkage=0.01


Tree=77
num_leaves=25
num_cat=0
split_feature=119 5 5 22 116 76 114 75 18 165 114 127 5 232 292 128 274 36 165 252 244 112 67 22
split_gain=36.2418 32.8665 17.667 16.958 16.9088 13.1664 20.6888 18.4816 16.9142 15.354 12.9823 13.6661 12.6032 12.5435 13.2477 12.5367 12.5175 11.9138 11.2373 10.6465 12.3801 13.5019 10.617 10.5998
threshold=0.44062539308307441 -2.8983711643309662 -2.8712440139818409 0.5666732284709125 0.26874321525263251 0.79473510866991104 0.73460786348361962 0.061655259194703202 -0.30484663460460448 179.8953240740741 0.47499818936807098 0.7197211665500115 -1.7379761424081683 2.7241120743786311 -0.0034691164778374085 0.70996622462033343 5.6180675227642762 0.024157126618763451 178.68189814814818 107.50000000000001 0.011805555555555557 71.500000000000014 171.67860049171577 0.67088624625016713
decision_type=10 2 2 10 8 10 8 10 10 2 10 10 2 2 2 8 2 2 2 2 2 2 2 10
left_child=1 -1 13 5 -2 10 -7 8 -8 -9 -4 18 16 14 15 -3 -5 -6 -12 20 21 -20 -23 -19
right_child=4 2 3 12 17 6 7 9 -10 -11 11 -13 -14 -15 -16 -17 -18 23 19 -21 -22 22 -24 -25
leaf_value=-0.0029642707417325089 -0.0033918240309674368 0.0057115863678447835 -0.00057357957521141697 0.010989058451506278 -0.00127847130012224 -0.0031425636073756148 -0.0034191885904811697 -0.0037373109835064978 0.0064090728978848663 0.0068275634007335427 0.0087693272594511172 -0.0054828260306048239 -0.0022130432357820033 -0.00085844534460377292 0.003348777342968999 0.016351165602830869 0.0023009044724094842 -0.00093753690280666243 -0.0072523466487846109 0.0062473361656967341 0.0034919244626601714 0.007747224120598699 -0.0034279917369409532 0.0060970934979061231
leaf_weight=165.61877106130123 325.65617264062166 39.511542424559593 134.18677029013634 36.317340940237045 251.09261649101973 174.75175146013498 19.989466488361359 70.726592883467674 81.837926618754864 14.152410484850405 36.505073577165604 14.387726575136183 16.385124906897545 34.126435332000256 98.311161920428276 16.790622815489769 32.640545174479485 36.606362774968147 25.955732867121696 61.145900510251522 93.42404430359602 14.139070853590967 14.480779424309729 45.952726311981678
leaf_count=1365 2598 222 905 224 1881 1270 128 502 516 97 237 99 106 208 569 96 209 271 173 383 604 89 94 317
internal_value=9.60424e-05 0.00113398 0.00180042 0.00116987 -0.00178109 0.000681336 -0.00069275 0.00160761 0.00442963 -0.0018002 0.0019397 0.00323265 0.00532298 0.00454587 0.0057391 0.00953455 0.0071444 -0.000190591 0.00380402 0.0028267 0.00131573 -0.00238039 0.00226179 0.0030387
internal_weight=1854.69 1195.38 1029.77 841.026 659.308 755.683 361.458 186.706 101.827 84.879 394.225 260.038 85.343 188.74 154.613 56.3022 68.9579 333.652 245.651 209.146 148 54.5756 28.6199 82.5591
internal_count=13163 8096 6731 5636 5067 5097 2513 1243 644 599 2584 1679 539 1095 887 318 433 2469 1580 1343 960 356 183 588
is_linear=0
shrinkage=0.01


Tree=78
num_leaves=25
num_cat=0
split_feature=271 32 103 105 148 32 273 42 120 222 126 316 164 157 290 240 105 106 147 42 11 69 50 136
split_gain=34.6751 18.0251 15.3832 26.715 15.614 15.3125 14.6326 16.1568 14.4928 13.4072 13.0088 11.9722 11.8504 11.8101 13.2797 11.6812 11.6165 11.0835 14.6634 11.9703 16.943 11.301 11.0516 14.7329
threshold=0.13142492154506916 0.0014316399604838677 1.7512229283331431 0.95325439068398365 0.15678371196162946 0.001215809514799617 5.4082838600369101 79.500000000000014 0.54515546181929897 66.500000000000014 0.66727606269094775 0.018247880612635263 0.0012699374539687964 0.42166958432018681 0.17727902291576222 0.94758101625023972 0.26876888610605704 0.62218528243640592 0.24350078846587073 138.50000000000003 0.42688044561694866 -0.30052597522225427 14.500000000000002 0.32074493841358237
decision_type=2 2 10 10 8 2 10 2 10 2 10 2 10 10 2 2 10 8 10 2 10 10 2 2
left_child=1 2 3 4 11 6 7 10 -9 -5 15 -1 -4 14 -10 -2 -13 18 -6 21 -21 -19 -20 -24
right_child=5 -3 12 9 17 -7 -8 8 13 -11 -12 16 -14 -15 -16 -17 -18 19 22 20 -22 -23 23 -25
leaf_value=0.00028422216370712196 -0.00091951513068880221 -0.0041569826278273726 -0.0032328206231014541 0.00010337252811156 -0.003401658384178434 -0.0030571690109157073 -0.003782903574442999 0.011421828947841302 0.005262654993608804 0.0079242588476961372 -0.0035149351479423102 0.0028798277115110876 0.0013485558710893586 -0.003016195988548357 -0.0023209777112858138 0.006085098598758356 0.012709238107325832 -0.0031066268081981502 -0.0023576703066955969 0.0078854681193638015 -0.0015709320154982333 0.0027930493293044727 0.0066241615677141378 -0.0024560433748433536
leaf_weight=112.04660797119141 44.524687767028809 141.71660476922989 258.95472197234631 33.991618283092976 267.59139923006296 46.618232451379299 28.914165981113911 26.517047807574272 213.3578757494688 60.664968580007553 49.315500855445862 47.113052077591419 69.902749761939049 20.968117028474808 24.044391259551048 46.28019156306982 14.830286979675291 87.266611985862255 63.1918640807271 42.131095923483372 31.086637742817402 47.971723794937134 44.734809942543507 26.494153790175915
leaf_count=761 288 1201 2048 233 1967 387 184 153 1292 393 336 308 505 132 150 310 97 634 443 275 227 348 295 182
internal_value=1.47592e-05 -0.000818599 -0.00041728 0.000273222 -0.000337954 0.00225583 0.00281931 0.00329296 0.00464978 0.00521094 0.000489683 0.00227966 -0.00225274 0.00383424 0.00447201 0.002716 0.0057028 -0.00109275 -0.0020588 0.000768143 0.00394848 -0.000992171 0.000622142 0.0032684
internal_weight=1850.23 1349.69 1207.97 879.115 784.458 500.54 453.922 425.008 284.887 94.6566 140.12 173.99 328.857 258.37 237.402 90.8049 61.9433 610.468 402.012 208.456 73.2177 135.238 134.421 71.229
internal_count=13149 9917 8716 6163 5537 3232 2845 2661 1727 626 934 1166 2553 1574 1442 598 405 4371 2887 1484 502 982 920 477
is_linear=0
shrinkage=0.01


Tree=79
num_leaves=25
num_cat=0
split_feature=32 119 105 122 83 123 235 109 170 244 261 67 270 149 144 117 136 133 136 109 149 224 274 162
split_gain=33.4492 34.8356 18.1715 25.4954 17.4966 20.3404 15.2997 14.9536 14.0276 21.013 16.6077 13.6467 11.2612 10.9872 14.5233 13.6266 11.0199 11.1801 10.7245 10.2518 11.7877 10.0119 11.3185 12.0919
threshold=0.0014316399604838677 -0.029785829606863341 0.59218300601778906 0.64143503934520274 1.3782477009697323 -0.10896092029255984 0.010719073152049025 0.40337131699278267 1.7739525600649235 0.021250000000000002 0.2441158415007344 139.50392884067151 0.054802181974196319 0.11774608833432364 0.050662077816018204 0.30049970236228019 0.23166219703675703 0.023731495387255958 0.18126240371354571 0.89340484145372046 0.057512610601174241 3.6780386697894651 5.7053782182436397 0.0016515287892425608
decision_type=2 8 10 10 10 10 2 8 10 2 10 2 2 10 10 8 2 2 2 10 10 2 2 10
left_child=1 4 -3 6 5 -1 8 -7 18 21 -11 19 -2 15 16 -6 -15 -18 -4 20 -9 22 23 -10
right_child=12 2 3 -5 13 7 -8 11 9 10 -12 -13 -14 14 -16 -17 17 -19 -20 -21 -22 -23 -24 -25
leaf_value=0.005159845283294915 -0.0079175103823057383 -0.0022916582909267404 0.0022755991359511606 -0.0015883198699789595 1.8560888206023211e-05 -0.0056978353790945032 0.0083312117882938571 0.0038580891589557521 -0.0033013373515579036 0.012221557322367713 0.00018447285583644284 -0.0033916851536532561 -0.0023679686466427578 0.0096439014546148422 -0.0033529698771959087 0.0073595499427169669 0.0058743854154088048 -0.0040950090399007382 -0.0053364371939941093 0.0074422020336089639 -0.0027849649880332525 0.0079183105977666552 -0.0020498877577346604 0.0044387149136116532
leaf_weight=78.329409778118134 50.458169505000114 390.44626918435097 28.463560909032822 339.53438206762075 31.565134800970554 44.1455267816782 33.92586725205183 55.298504784703255 23.943469695746899 32.153067782521248 17.432395219802856 56.336712956428528 132.95096560567617 22.419469811022282 34.748433195054531 130.43815208226442 20.250166811048985 19.13064144551754 43.534216418862343 28.004833243787289 46.590962469577789 17.131502062082291 92.426315359771252 83.157284528017044
leaf_count=458 434 2968 196 2603 197 303 220 346 171 208 117 363 1118 136 218 781 129 120 305 179 319 116 625 537
internal_value=2.17487e-05 0.000469979 -0.000565998 0.000384647 0.00247738 0.000852464 0.00218571 -0.000652745 0.0015021 0.00255897 0.00824831 0.000605467 -0.00399761 0.0043833 0.00163228 0.00596031 0.00447513 0.00105778 -0.00234145 0.00238217 0.000817628 0.00116239 0.000474334 0.00265857
internal_weight=1852.82 1669.41 1102.15 711.702 567.258 308.706 372.168 230.377 338.242 266.244 49.5855 186.231 183.409 258.552 96.5487 162.003 61.8003 39.3808 71.9978 129.894 101.889 216.659 199.527 107.101
internal_count=13167 11615 8066 5098 3549 1968 2495 1510 2275 1774 325 1207 1552 1581 603 978 385 249 501 844 665 1449 1333 708
is_linear=0
shrinkage=0.01


Tree=80
num_leaves=25
num_cat=0
split_feature=32 21 114 120 116 152 193 114 3 200 108 37 99 89 310 157 156 118 258 127 83 107 108 323
split_gain=33.1689 26.6117 18.4887 27.8833 16.7276 15.5989 14.3925 14.4017 13.2297 15.2274 12.9154 14.3366 12.7111 12.1798 12.7893 13.2327 11.7014 11.6065 14.9027 11.5691 11.5638 10.8514 10.4153 13.5116
threshold=1.0000000180025095e-35 -0.11201306383186178 0.72620955713536361 0.80642948675526294 0.32527398595925777 0.058274195655013288 0.87253384912959386 0.74812142738541942 2.5184403364723793 1.4453477196125186 1.3507260831866736 0.5207177238863171 1.2991274216249038 3.1181697342288239 -0.25275194826428432 0.42166958432018681 1.0000000180025095e-35 19.500000000000004 -0.22167996709970053 0.035680641639292111 1.0522255815543915 -0.3876250088910464 1.1307742895349608 416.50000000000006
decision_type=2 8 8 10 10 10 8 8 2 2 10 2 10 10 2 10 10 2 2 10 10 10 8 2
left_child=1 2 3 13 5 6 7 -3 -9 -10 -7 -12 16 14 15 19 -6 -18 -19 -1 -4 -17 23 -20
right_child=-2 4 20 -5 12 10 -8 8 9 -11 11 -13 -14 -15 -16 21 17 18 22 -21 -22 -23 -24 -25
leaf_value=0.0079963971657238779 -0.0035984873258810258 -0.001211831783640614 -0.0017938949494460217 -0.002709751777070325 0.0071733016635689229 -0.0049942956712913265 -0.0042514253020043621 0.010261523605459148 -0.0030537216694743121 0.0043636961865034622 -0.0024294726701437116 0.0094823520114706711 -0.0053831780923448294 -0.0048918010470407744 0.00057157492174042524 -0.0047983122599288179 -0.0034591094997202944 0.0076267668945422286 -0.0034694545530095972 0.0010287040249974833 0.0051718303019162529 0.0048097950314046354 0.0035780554272829531 0.0032819044023730203
leaf_weight=97.519510522484779 221.33347771316767 191.3757376819849 25.419184677302837 147.10114320367575 32.606019109487534 167.53799623250961 75.132746256887913 18.678536780178547 41.484730631113052 71.376252867281437 32.490687236189842 11.321506127715109 24.347906611859798 18.218973994255066 126.50203651934862 21.447183340787888 44.961394265294075 35.891245685517788 77.823131620883942 32.916580773890018 196.47132473438978 19.929755330085754 79.722858726978302 44.069345906376839
leaf_count=587 1864 1426 172 1012 232 1327 574 129 287 488 247 86 189 122 815 137 336 239 558 209 1167 126 551 313
internal_value=8.47683e-06 0.000502968 0.00200039 0.000850822 -0.000580604 -0.00156967 -0.000392964 0.000530926 0.00304599 0.00162048 -0.00374651 0.00101692 0.0011905 0.00251806 0.00301582 0.00477112 0.00174523 0.00104994 0.00193853 0.00630502 0.00435677 -0.000135903 0.000829083 -0.0010013
internal_weight=1855.68 1634.35 685.526 463.635 948.82 609.398 398.048 322.915 131.54 112.861 211.35 43.8122 339.422 316.534 298.315 171.813 315.074 282.468 237.507 130.436 221.891 41.3769 201.615 121.892
internal_count=13193 11329 4347 3008 6982 4564 2904 2330 904 775 1660 333 2418 1996 1874 1059 2229 1997 1661 796 1339 263 1422 871
is_linear=0
shrinkage=0.01


Tree=81
num_leaves=25
num_cat=0
split_feature=32 119 113 109 123 119 109 10 215 105 157 109 233 24 183 168 305 149 160 102 149 74 279 302
split_gain=35.6251 33.5951 22.1391 16.931 25.1364 15.8209 16.5288 16.6509 15.2379 17.1786 15.129 13.1515 12.8548 12.6516 11.4728 11.1154 10.8951 10.1413 10.1269 13.7371 13.5902 12.9607 11.5376 10.2901
threshold=0.0014316399604838677 0.36166764255132494 0.26477367783031797 1.1685457581177501 0.45950110428691843 1.1620850402445735 1.5322344754976167 1.9573457901494122 -0.50032012476553922 0.66935493564735216 0.50531975099037929 2.3487247349341756 0.68157814280552553 -0.039502658710921061 -0.51275858895519866 168.50000000000003 0.36619718309472332 0.15007507507507509 0.042867022327603248 0.16086700813494945 0.087889098349349409 185.50000000000003 0.0081755424689299323 0.020233685596037963
decision_type=2 8 10 10 10 10 8 2 2 8 8 8 2 2 8 2 2 10 10 10 10 2 10 2
left_child=1 3 -3 4 10 6 13 16 12 15 -1 -9 -5 -4 -11 -10 -8 -14 20 23 21 -6 -23 -20
right_child=-2 2 5 8 18 -7 7 11 9 14 -12 -13 17 -15 -16 -17 -18 -19 19 -21 -22 22 -24 -25
leaf_value=0.003989826522400047 -0.0041277144262517633 -0.0028929222249166604 0.0054103375405499888 0.00095790070533893854 -0.0029469344213216664 -0.0028707404262579821 -0.00024747474494681519 -0.0038981648323479592 -0.0055511972692044295 -0.0029662657042803403 -0.0042306903610501703 0.0062251114496419246 0.010302335649096968 -0.0032754149239218829 0.0047666677632350989 0.0043579347370218055 0.0074132174374489865 0.0030426967012197083 0.00081692613167359026 -0.0050285098409803344 -0.0041438632120066165 8.4824251990740628e-06 0.010452261652812178 0.0072767023693892808
leaf_weight=229.51997855305672 180.25297902524471 353.27569219470024 18.586035788059235 36.161148190498352 39.528466485440731 91.932995222508907 22.646308422088623 38.371369697153568 39.770787008106709 20.647573336958885 22.345534637570381 15.797945156693457 63.898108072578907 75.128762364387512 117.82585040479898 12.928297407925127 90.302262455224991 32.093600198626518 110.66604752093554 28.351769141852856 136.02994185686111 23.124457441270351 16.969810791313648 29.420440338551998
leaf_count=1393 1534 2785 136 218 265 720 155 278 270 128 144 108 377 562 735 85 613 204 754 212 986 149 109 194
internal_value=5.9006e-05 0.000519035 -0.00113305 0.00173579 0.000779773 0.000635556 0.00189283 0.00375707 0.00358994 0.0017353 0.00321749 -0.000765028 0.00617243 -0.00143386 0.00357003 -0.00300352 0.00590012 0.00804259 -0.000828019 0.000996206 -0.00225191 0.000999522 0.00485138 0.0022983
internal_weight=1845.58 1665.32 706.041 959.282 635.956 352.766 260.833 167.118 323.325 191.173 251.866 54.1693 132.153 93.7148 138.473 52.6991 112.949 95.9917 384.091 168.438 215.653 79.6227 40.0943 140.086
internal_count=13114 11580 5357 6223 4206 2572 1852 1154 2017 1218 1537 386 799 698 863 355 768 581 2669 1160 1509 523 258 948
is_linear=0
shrinkage=0.01


Tree=82
num_leaves=25
num_cat=0
split_feature=5 5 100 114 131 131 161 274 312 123 221 201 123 22 155 301 260 232 287 313 1 15 190 29
split_gain=29.5911 41.7376 21.7818 22.553 19.5901 16.7241 18.5605 15.2134 13.4367 13.0155 12.3294 11.3541 12.8908 17.3553 11.2352 13.2553 10.9735 10.879 16.6501 18.9344 16.1281 10.6806 10.3622 11.5834
threshold=-2.8983711643309662 -2.8712440139818409 0.67990093796261097 0.71394917729120377 2.8282192856284003 1.1182767817003676 0.0068085155697713501 5.7268026760985142 -0.38503195380240418 0.42827496119539338 -0.10069461840252732 0.73360215053763456 1.3402543423130944 0.06154296143298419 0.022489974348784279 0.77714061128017831 -0.63668005871625521 2.7241120743786311 0.0069329869311173737 -0.0021279003961516695 -0.18002233766154077 -1.359196973839871 76.500000000000014 0.25491683775179269
decision_type=2 2 8 8 8 8 10 2 2 8 2 2 10 8 10 2 8 2 2 2 2 2 2 2
left_child=-1 17 5 8 7 -3 14 -5 22 16 -8 12 13 -6 -7 -16 -10 18 20 -20 -2 -17 23 -4
right_child=1 2 3 4 11 6 10 -9 9 -11 -12 -13 -14 -15 15 21 -18 -19 19 -21 -22 -23 -24 -25
leaf_value=-0.0032849828111577114 0.0063469459336645351 0.01071208751620659 -0.0003566703574602964 0.0072229061671357318 -0.0020078996191969364 -0.0022979457275807569 0.0074477346622606622 0.00010580837244602172 -0.0010518894207739459 -0.0017869406089784238 -0.0026145445482716211 -0.0018131943011175824 -0.00016277074755568162 0.0084677302373678716 -0.0013341078750336252 0.0011085813599156173 0.010273801017851185 0.000693708080524194 -0.0038975595653683664 0.0057239670634587989 0.018134436461715073 0.013288242779115628 0.0014462485811587425 -0.0066594268853560424
leaf_weight=236.46024214476347 57.626467525959015 19.719191044569016 37.97221739590168 64.259211793541908 22.815541498363018 101.33383583277464 62.295989945530891 55.055588439106941 15.273585528135298 228.02628602832556 13.289294280111788 279.05069894343615 217.22004199028015 41.92951363325119 31.584927089512348 14.182899534702303 14.957929223775865 57.368585489690304 27.141626611351967 63.260705687105656 14.45682282745838 13.574500538408754 24.741085581481457 133.26393969357014
leaf_count=1982 323 112 280 413 150 690 408 382 98 1684 90 2054 1599 260 198 86 96 367 161 364 86 85 178 985
internal_value=-2.93186e-06 0.000483291 -0.000159376 -0.000755556 0.000395819 0.00245842 0.00164624 0.00402595 -0.00247398 -0.000952677 0.0056351 -0.000390823 0.00101734 0.00483203 -0.000289305 0.00307272 0.00492237 0.00450279 0.00580653 0.00279371 0.00932237 0.00777858 -0.00443142 -0.0052962
internal_weight=1846.86 1610.4 1390.55 1134.57 680.331 255.981 236.261 119.315 454.235 258.258 75.5853 561.016 281.965 64.7451 160.676 59.3423 30.2315 219.854 162.486 90.4023 72.0833 27.7574 195.977 171.236
internal_count=13131 11149 9848 8179 4858 1669 1557 795 3321 1878 498 4063 2009 410 1059 369 194 1301 934 525 409 171 1443 1265
is_linear=0
shrinkage=0.01


Tree=83
num_leaves=25
num_cat=0
split_feature=46 122 113 84 123 119 254 315 295 114 108 258 83 141 184 266 23 260 233 113 108 251 28 62
split_gain=27.2062 29.88 20.5979 16.1638 18.813 15.5762 16.4512 14.9758 13.8865 12.8693 12.4081 14.1155 13.1322 15.0617 12.1212 18.8663 11.9293 11.0623 10.8001 11.1795 10.5761 10.1996 11.079 10.9491
threshold=1.0000000180025095e-35 0.25427208901150194 0.27078455424476883 20.544132471151432 -0.10896092029255984 1.1620850402445735 110.50000000000001 -0.13666665479058371 0.20365833985527068 0.72620955713536361 1.2711709432602269 -0.19445876763491896 2.3561597536457959 0.088384941539252235 -0.072240938208095684 4.2804099462365599 -0.40945686289158251 0.11060550696362692 0.735602365565175 0.49953422900192707 1.5806423988746217 550.2408333333334 0.21362514182759471 178.50000000000003
decision_type=2 8 10 2 8 10 2 2 2 8 8 2 10 2 10 2 10 10 2 10 10 2 2 2
left_child=1 3 20 4 7 6 10 14 -5 16 11 17 -12 -14 -1 -16 -6 -4 19 -8 -3 23 -23 -11
right_child=-2 2 5 8 9 -7 18 -9 -10 21 12 -13 13 -15 15 -17 -18 -19 -20 -21 -22 22 -24 -25
leaf_value=0.0014057195467505916 -0.0033107167494218067 -0.0027675394056768956 -0.00015416661855506859 0.005913049970394089 0.00089714529750313857 -0.0027793939039787831 -0.0029225786761923585 -0.0018182470691872866 -0.0014765787710010957 0.0062716284967132153 -0.0012818104986586163 -0.0023333583055197872 0.014191849460114361 0.0010790432507470963 0.017258268671623434 0.003443993487081725 -0.002652639764405169 0.011084977835546846 0.01073400346085524 0.0077934037146079951 0.0047124326358861483 -0.0051415060532092258 0.0020004264601364637 -0.0018768730988886139
leaf_weight=21.735424220561981 218.79154767096043 413.00928754359484 19.360029481351376 132.70195241272449 207.83956369757652 89.888424530625343 18.102369494736195 20.268813833594322 29.826097130775452 79.179192267358303 22.642945662140846 127.09772421419621 16.857465103268623 17.009673349559307 19.686468198895454 21.187814876437187 169.07711990177631 12.782126888632773 27.752912685275078 15.625757135450838 17.195349425077438 25.7048594430089 87.887095838785172 19.021155461668968
leaf_count=122 1856 3214 137 782 1374 705 123 129 181 486 161 915 110 117 108 120 1157 89 189 101 131 169 563 115
internal_value=-2.2456e-05 0.0004229 -0.00095883 0.00174366 0.00104701 0.000776357 0.00194936 0.00542549 0.00454877 0.000405812 0.000612352 -0.00082329 0.00452067 0.00822662 0.0077631 0.0108096 -0.000700486 0.00482362 0.00639128 0.00223408 -0.00243728 0.00236256 0.000289589 0.00467489
internal_weight=1850.23 1631.44 797.324 834.116 671.588 367.119 277.231 82.8785 162.528 588.709 215.75 159.24 56.5101 33.8671 62.6097 40.8743 376.917 32.1422 61.481 33.7281 430.205 211.792 113.592 98.2003
internal_count=13154 11298 5992 5306 4343 2647 1942 479 963 3864 1529 1141 388 227 350 228 2531 226 413 224 3345 1333 732 601
is_linear=0
shrinkage=0.01


Tree=84
num_leaves=25
num_cat=0
split_feature=271 11 9 109 121 96 122 109 71 10 177 107 152 107 106 127 70 71 40 69 137 196 127 107
split_gain=34.2563 18.0842 14.9439 21.8649 19.2248 14.7374 26.5462 14.362 13.5262 13.2662 10.7684 15.0672 10.1295 17.558 17.2877 14.6316 14.0516 13.8444 12.7413 9.73422 9.35367 9.30777 9.84774 9.09625
threshold=0.10770597378102754 0.44592947987614279 1.2225067631426811 1.8444239670791003 -0.49310741068610664 -0.016970847903395769 0.5557255940077811 1.2347382449401898 2.2172109158106603 1.2344750566164653 7.5035615471860737 -0.1953427257427339 0.0055402087170042984 0.62505532714996914 0.59392169451405274 0.80453084189824808 0.84336282454172695 1.7604287300856509 0.0071471139111186797 0.33942991468201594 0.19209546703993349 0.45488466757123475 0.55425913862432463 0.32478655719780902
decision_type=2 10 2 10 10 8 8 8 10 2 10 10 10 8 10 10 10 8 2 10 2 10 10 10
left_child=1 2 3 5 -5 6 7 8 10 21 -1 -12 17 14 -14 -15 -17 -2 20 -4 -16 22 -9 -11
right_child=12 -3 19 4 -6 -7 -8 9 -10 23 11 -13 13 15 18 16 -18 -19 -20 -21 -22 -23 -24 -25
leaf_value=-0.0027259539264797286 0.0020373811070944518 -0.0027048283057989741 -0.0054457350580040019 0.0018922405833233706 0.014049949195289999 0.0066685577788452655 -0.0047396575907152948 0.0091082267612418496 0.0060916340903220548 -0.0033841368027872597 -0.0023681284281667991 0.0083251963402830535 -0.0031126686239862297 0.011286601804159359 -0.0016453647106548252 -0.0053220944237358696 0.0068530122432079723 0.0073932734046803531 0.0057999495596967711 0.0012916445333708074 0.0037330187437275655 -0.00081907890075585304 -0.00045197132304713869 0.0057829074623041354
leaf_weight=161.84483803063631 361.02674842625856 399.47579303383827 71.101547323167324 37.033067911863327 18.375347271561623 27.896942473948002 109.02247834205627 54.756723448634148 23.56220255792141 34.80065493285656 26.770183332264423 21.259895347058773 133.03478491306305 22.621821239590645 102.0571108981967 15.537309952080248 16.759437248110771 54.077822990715504 48.621377490460873 28.573493704199791 43.903120577335358 16.468519002199173 12.689447499811648 12.355547264218329
leaf_count=1176 2327 3104 571 255 134 206 869 353 163 255 198 149 929 147 686 109 115 319 329 219 290 105 82 85
internal_value=0.00014448 -0.00103536 -1.07113e-05 0.000630739 0.00643002 -4.06953e-05 -0.000475482 0.000823948 -0.000662613 0.00343695 -0.00149687 0.00254583 0.00170585 0.000522435 -0.000367819 0.00560765 0.00101032 0.00278304 0.00152149 -0.00352222 5.97757e-06 0.0057605 0.0073496 -0.000769957
internal_weight=1853.63 1055.99 656.511 556.836 55.4084 501.427 473.53 364.508 233.437 131.071 209.875 48.0301 797.64 382.535 327.616 54.9186 32.2967 415.105 194.582 99.675 145.96 83.9147 67.4462 47.1562
internal_count=13175 7924 4820 4030 389 3641 3435 2566 1686 880 1523 347 5251 2605 2234 371 224 2646 1305 790 976 540 435 340
is_linear=0
shrinkage=0.01


Tree=85
num_leaves=25
num_cat=0
split_feature=271 147 22 103 218 117 36 106 121 183 104 71 55 316 263 122 309 149 114 73 284 38 271 71
split_gain=29.3525 17.6977 24.3295 13.765 13.8322 12.2482 12.2059 12.896 11.3503 11.0535 10.6549 10.3637 11.152 10.3652 12.0235 16.8122 17.1778 10.0879 10.9029 11.6572 15.0527 11.741 13.6674 10.0877
threshold=0.11512896874504785 0.14976909489454981 0.08797565370076145 0.62480931320196065 0.068237250554323739 0.20768478354312214 0.029739006741295076 0.72205637146408386 -0.44854819107387606 -1.5360182668517883 13.500000000000002 1.1266305412555109 3.3599892704692826 -0.023038053909705411 0.41537941241489135 0.54900798524011984 0.020578214291664624 0.29104278074866313 0.76971431980305705 337.12039145504519 0.004632287423622484 0.49226783579115191 0.062232212811345826 0.63937021480617962
decision_type=2 10 10 8 2 10 2 10 10 10 2 10 2 2 8 10 2 10 8 2 8 2 2 10
left_child=1 17 3 4 10 -6 7 9 -9 -2 -3 -4 13 -13 15 16 -15 18 -1 -20 21 22 -21 -8
right_child=6 2 11 -5 5 -7 23 8 -10 -11 -12 12 -14 14 -16 -17 -18 -19 19 20 -22 -23 -24 -25
leaf_value=-0.0049569068099495498 0.0061867425342642746 0.002682264982678176 -0.0041903709715161441 -0.002668074535787096 -0.00087453969318259089 0.0093242847673643998 -0.00061854367244082551 0.0058191360519201773 -0.0021743490717800445 -0.00032512409993026755 -0.0042066287589854964 0.00014470587808476342 -0.0030176417727440677 0.0071955402934956334 0.0096566711380673981 -0.0042902095354181271 -0.002353635389993228 0.0042065114514857433 -0.0029312810483405924 0.0010875591058604609 -0.0024261609360282251 -0.002734630774628986 0.014403251403631164 0.0051687464164085631
leaf_weight=151.16726901382208 25.018853209912777 37.59671726077795 19.526945941150188 288.09686209261417 18.10637828707695 27.827039048075676 37.439642637968063 76.719477377831936 21.022216394543648 401.3872197046876 47.796994313597679 61.373644307255745 25.680488109588623 77.300286144018173 39.387274615466595 21.606063432991505 22.908205844461918 19.014920994639397 203.398546397686 14.459082402288916 46.554880753159523 10.759748473763464 15.509441412985323 134.90528079122305
leaf_count=1216 162 256 142 2176 129 186 233 487 152 2664 328 427 192 503 273 166 155 142 1611 115 362 81 118 845
internal_value=1.10392e-05 -0.000970241 4.67507e-05 -0.00145207 0.00120799 0.00546652 0.00162736 0.000855822 0.00407701 9.30088e-05 -0.00117346 0.00238867 0.00295172 0.00367429 0.00498616 0.00328227 0.00499804 -0.00247988 -0.00279493 -0.00163008 0.00138775 0.00564443 0.00865991 0.00391612
internal_weight=1844.56 1148.07 687.207 419.424 131.327 45.9334 696.493 524.148 97.7417 426.406 85.3937 267.783 248.256 222.575 161.202 121.815 100.208 460.864 441.849 290.682 87.2832 40.7283 29.9685 172.345
internal_count=13121 8578 4933 3075 899 315 4543 3465 639 2826 584 1858 1716 1524 1097 824 658 3645 3503 2287 676 314 233 1078
is_linear=0
shrinkage=0.01


Tree=86
num_leaves=25
num_cat=0
split_feature=5 5 271 34 122 120 218 81 77 174 107 232 292 124 119 55 24 120 196 201 154 107 99 99
split_gain=28.2051 31.0487 19.6331 12.3743 12.8854 12.1436 13.0816 11.2774 11.3491 11.9387 10.7345 10.7289 18.0119 14.7287 12.1872 10.4952 10.4537 10.0377 13.8202 12.3236 9.97831 11.3174 20.8696 13.8308
threshold=-2.8996003220412478 -2.8712440139818409 0.1300604931368082 0.15132727774033458 0.62680524993752162 0.62097112523439313 0.069057226705796046 1.2139125783121443 3.1187112803743831 123.28152777777778 0.48944125423749912 2.7241120743786311 -0.00052415566434258268 8.5000000000000018 -0.11148555981091844 1.8831880092457669 0.10688457240648368 0.96057122642342996 0.27757502027575026 0.82330316742081455 0.019491716130238975 0.13016598671795385 0.42651121584415264 0.34006801893512467
decision_type=2 2 2 2 10 8 2 8 10 10 10 2 2 2 8 2 2 8 10 2 10 10 10 10
left_child=-1 11 5 -4 7 6 16 8 9 -5 -6 12 14 -13 15 -2 -3 19 -19 -14 21 -7 23 -23
right_child=1 2 3 4 10 20 -8 -9 -10 -11 -12 13 17 -15 -16 -17 -18 18 -20 -21 -22 22 -24 -25
leaf_value=-0.0033403092454045054 0.0093092115741180027 -0.0021344353397393478 -0.00032714578296190905 0.0062353508278431601 -0.0066835477484617281 -0.0024755404387706102 0.0073978858719667799 0.012613018517525649 -0.0031667314680499702 -0.00044051746266123292 0.0034040479612156222 -0.0043689612114595835 0.0032199648307751766 0.0047991705723762369 0.014726475156753358 -0.00031725394420463807 0.0064965185267941107 0.0010857712965877241 0.01231101892805919 -0.0053921225475515025 0.0020567208745395325 0.0012665597215262092 -0.0020681772722599603 0.0092253505644688989
leaf_weight=223.24917503446341 24.093774393200874 56.076859787106514 151.25941224396229 106.6920133009553 18.833845406770706 508.5674099996686 31.828598253428936 13.445310249924658 19.342763863503933 34.621272042393684 17.918427765369415 32.06280542910099 39.309908345341682 32.333573140203953 22.762443341314793 18.889779984951019 15.577064163982866 26.765372477471828 16.786069124937057 24.578040309250355 82.246852830052376 103.45979700982571 207.15407235175371 25.421816900372505
leaf_count=1896 133 381 999 638 137 3787 213 78 125 214 123 218 223 198 136 106 110 168 97 141 592 697 1595 181
internal_value=-2.95662e-05 0.000428277 -0.000143722 0.00184956 0.00339938 -0.000848404 0.00235483 0.00452479 0.00363434 0.00461632 -0.00184849 0.00374701 0.00502511 0.000227625 0.00905255 0.00529923 -6.83968e-05 0.00238173 0.00592297 -0.000166507 -0.00121323 -0.00153868 -0.000108949 0.00300918
internal_weight=1853.28 1630.03 1392.45 362.113 210.854 1030.33 103.483 174.101 160.656 141.313 36.7523 237.582 173.185 64.3964 65.746 42.9836 71.6539 107.439 43.5514 63.8879 926.85 844.603 336.036 128.882
internal_count=13186 11290 9870 2314 1315 7556 704 1055 977 852 260 1420 1004 416 375 239 491 629 265 364 6852 6260 2473 878
is_linear=0
shrinkage=0.01


Tree=87
num_leaves=25
num_cat=0
split_feature=150 32 162 119 149 84 117 149 234 72 75 117 28 229 247 65 117 148 188 19 119 263 32 315
split_gain=29.2294 20.7188 18.3576 23.5178 11.9784 11.751 11.6458 14.2867 17.2946 11.6058 13.2167 10.7371 13.9907 13.5085 12.2418 11.8287 10.6261 10.4704 10.4378 10.3915 13.2716 10.3101 9.68319 12.8562
threshold=0.048826334128002941 0.0015637226134585292 0.0032733311903996574 0.73641916350403436 0.26177377077512465 41.456899058879308 1.8090174116250464 0.14658413274565726 0.071511052457934696 25.741126619665163 0.43456008789021972 0.51412940550891351 0.22050639223021942 -0.39690273093921163 1.8323869975359774 2.0911297435948981 0.52109632555326413 0.15599583577330994 0.20060975609756102 -0.28497562243132973 -0.059501849438740866 -0.30986769684968868 0.0013596199349304942 -0.10203041346183468
decision_type=8 2 10 10 10 2 8 10 2 2 10 10 2 2 2 8 8 10 8 10 10 8 2 2
left_child=11 2 -2 4 9 -3 -5 -8 -9 10 16 15 -13 -14 18 17 -4 21 -15 -20 -21 22 23 -1
right_child=1 5 3 6 -6 -7 7 8 -10 -11 -12 12 13 14 -16 -17 -18 -19 19 20 -22 -23 -24 -25
leaf_value=0.0041667362431679683 -0.0023229287456342689 -0.0058124389294078472 -0.0059105128499074852 -0.0031592800337424528 0.0092182122733442569 0.0043904258650026944 -0.0042817205186655742 0.0093292498760284281 -0.0018949367365400714 0.0074078314356660416 -0.0021725363147812389 -0.00021065322233904783 -0.0011175252011588525 0.0020870803152136007 -0.0014433582496491935 -0.0027396332815485852 0.0021861739064690327 -0.00099154496408101946 0.015401707437869628 0.0010669040957512995 0.012320666009745237 0.0092886105796819059 -0.0028973273015674987 -0.0036801497882859796
leaf_weight=143.87117655575275 366.55038403719664 107.97941859811544 14.238776534795759 206.17490297555923 17.352436572313309 10.388193830847738 26.826146446168423 27.753331728279591 23.209392726421356 26.795689657330513 103.65007282793522 58.369986951351166 22.834033399820328 21.603918224573135 13.177239410579203 71.036045536398888 352.82004696875811 97.247426718473434 25.511877335608006 22.842561356723309 17.885024264454842 20.292403258383274 29.821985833346844 21.953523375093937
leaf_count=855 2750 939 102 1645 119 86 205 201 165 165 767 370 142 142 86 505 2326 667 147 137 115 132 252 143
internal_value=-5.51162e-05 -0.000890365 -0.000478912 0.000371213 0.00164365 -0.00482677 -0.00192577 0.00132718 0.00436859 0.00132661 0.00093594 0.00183103 0.00381346 0.00568012 0.00721488 0.00086713 0.00182638 0.00170567 0.00852936 0.0104437 0.00651311 0.00292208 0.00213318 0.00307742
internal_weight=1850.19 1283.74 1165.37 798.821 514.857 118.368 283.964 77.7889 50.9627 497.505 470.709 566.447 182.225 123.855 101.021 384.223 367.059 313.187 87.8434 66.2395 40.7276 215.939 195.647 165.825
internal_count=13163 9470 8445 5695 3479 1025 2216 571 366 3360 3195 3693 1139 769 627 2554 2428 2049 541 399 252 1382 1250 998
is_linear=0
shrinkage=0.01


Tree=88
num_leaves=25
num_cat=0
split_feature=5 5 21 114 81 152 58 115 131 101 177 70 31 5 131 40 4 21 281 149 163 79 81 22
split_gain=27.024 31.9322 17.5593 15.8062 15.0965 17.8417 14.5371 13.3257 13.3117 13.1394 12.0094 11.3183 11.1647 10.6677 10.5056 9.94409 9.89457 9.88571 9.73497 9.63567 20.0116 9.62219 9.45418 9.36245
threshold=-2.8996003220412478 -2.8712440139818409 -0.024468828584708797 0.72620955713536361 0.9538639307150083 0.11867455188391661 0.64155468059877852 -1.3381668346241866 1.9087882411299097 -0.94123881480878901 7.2866501933059764 0.52585140149499954 0.0027510368419459337 -2.8935132521978844 1.804052230354825 0.0066107898454022592 -549.18067543727477 -0.52995211307077705 3.6530280049931618 0.14602472257339519 0.033946319681183092 247.13841532384609 0.27787319880783828 1.1764958086669146
decision_type=2 2 10 8 10 10 10 10 8 10 10 10 2 2 10 2 2 10 2 10 10 2 8 10
left_child=-1 13 3 6 8 23 11 -5 10 17 -4 14 15 21 16 -9 -3 22 -15 -7 -21 -2 -8 -6
right_child=1 2 4 7 5 19 9 12 -10 -11 -12 -13 -14 18 -16 -17 -18 -19 -20 20 -22 -23 -24 -25
leaf_value=-0.0030538953333035051 -0.0044171867376359948 0.0062716174123632609 0.0084978092852614449 -0.00064950037182717193 0.0011201923080965135 -0.006128322321542215 -0.0020034389422172263 0.0047945400774000351 -0.0029807289916016222 0.0050048716724964198 -0.0026544779973057091 0.0065692736052097109 -0.0011172040024937759 0.0071914793788890952 -0.0038403572042469427 0.012314454505052761 0.0006090037245842626 -0.004083986546325029 0.0026185839708599136 -0.0035530806730702182 0.0068537099067762352 0.0046142889036504091 0.0074438697601315329 0.0065444271436684775
leaf_weight=224.11046126484871 24.366356492042542 37.238884016871452 17.764202237129211 49.782601870596409 227.21548755466938 45.906381212174892 26.698293149471283 90.025694884359837 343.0042424723506 22.223743081092834 16.022446364164352 39.32448423653841 21.397386014461517 97.112262614071369 36.154215261340141 22.541060499846935 139.73482771217823 129.82622511684895 98.521226778626442 59.967564575374126 23.333442509174347 17.975272215902805 13.754051499068735 34.731358900666237
leaf_count=1912 148 221 130 332 1589 364 175 565 2656 150 121 251 136 562 249 138 916 922 588 478 171 120 83 242
internal_value=0.000179548 0.000628006 4.73117e-05 0.00128412 -0.000964928 0.000408845 0.000255526 0.00372771 -0.00238612 -0.00179688 0.00338582 0.00182708 0.00534142 0.00399108 0.000872524 0.00657515 0.0018864 -0.00275799 0.00496409 -0.00259383 -0.000496432 -0.00051165 0.00146301 0.00190569
internal_weight=1858.73 1634.62 1396.65 628.701 767.945 391.154 444.955 183.747 376.791 192.502 33.7866 252.452 133.964 237.975 213.128 112.567 176.974 170.279 195.633 129.207 83.301 42.3416 40.4523 261.947
internal_count=13219 11307 9889 4138 5751 2844 2967 1171 2907 1330 251 1637 839 1418 1386 703 1137 1180 1150 1013 649 268 258 1831
is_linear=0
shrinkage=0.01


Tree=89
num_leaves=25
num_cat=0
split_feature=123 109 152 108 77 116 275 71 78 212 212 210 150 65 297 194 22 137 91 73 82 200 209 316
split_gain=28.9737 21.0366 25.0708 13.0541 17.5475 13.0085 14.2081 12.8572 17.6521 14.2489 15.932 13.1984 14.3104 13.081 13.4757 19.3958 12.9913 11.9591 11.5977 10.3492 11.0072 11.395 10.1227 16.2338
threshold=1.0218350804739009 1.2469916402469974 0.12185120558375635 1.1508305125076885 3.0808778457217838 0.5378836790278011 0.0189907982729399 1.295347410432907 -36.294805016246379 0.24423042783596663 0.25866357865843204 0.079893617021276606 0.016306587781692486 1.8454975624830141 0.035214470272248104 0.13536417773705914 -0.0072815068492129145 0.12135540632437948 45.75450199302383 317.52657757435776 0.66357541351844851 1.4242645993675664 0.76322145944571584 -0.016916823014383988
decision_type=8 10 8 10 10 8 2 8 2 2 2 2 10 10 2 10 10 2 2 2 8 2 2 2
left_child=7 22 3 4 -3 6 -6 8 13 -9 -11 12 -12 14 -1 -16 -14 -4 -7 -8 -21 -22 23 -2
right_child=1 2 17 -5 5 18 19 9 -10 10 11 -13 16 -15 15 -17 -18 -19 -20 20 21 -23 -24 -25
leaf_value=0.0013560705683468058 -0.0056397513900462186 0.0020262408893288396 0.0026939896880329157 0.003548418472682302 0.0063558723360361514 0.0079759074906315015 -0.0055102605597009222 0.00026995226931827656 -0.0030282104879039958 0.013695875568285538 0.010043313090331612 0.0081542151004864866 -0.0038810296515661125 -0.0020732931009588423 0.01358245735651868 0.0020157681003113914 0.0034856120831797716 -0.0046769818084375688 -0.0031816908231532622 -0.0062279194676249372 -0.0058510609170161366 0.0040962918747744137 -0.0043321562697106568 0.00057074951435597758
leaf_weight=173.4733204767108 55.64687280356884 234.65180285274982 24.120970234274864 141.58415278792381 13.077063530683516 20.649128377437592 107.8122945278883 99.743861749768257 103.70018982887268 16.621615625917912 14.81057585775852 46.427170731127262 40.446559265255928 68.432790480554104 22.541125990450382 37.226243488490582 50.694557636976242 133.80267285555601 13.244025334715841 22.385353684425354 12.574848361313341 43.374826394021511 208.94736924022436 147.78218107670546
leaf_count=1113 426 1602 184 971 96 145 831 652 738 102 87 279 257 472 143 240 298 1074 91 167 93 326 1670 1138
internal_value=-3.8982e-05 -0.00098393 -1.42472e-06 0.000920175 0.000105897 -0.00182393 -0.00280378 0.0016103 0.000475744 0.00329507 0.00504064 0.00385666 0.00180049 0.00170056 0.00282371 0.00681256 0.000187204 -0.00351716 0.00367959 -0.00353845 -0.000714363 0.00166873 -0.00279705 -0.00117747
internal_weight=1853.77 1179.65 767.277 609.353 467.769 233.118 199.224 674.118 405.374 268.744 169 152.379 105.952 301.673 233.241 59.7674 91.1411 157.924 33.8932 186.147 78.335 55.9497 412.376 203.429
internal_count=13195 8814 5580 4322 3351 1749 1513 4381 2706 1675 1023 921 642 1968 1496 383 555 1258 236 1417 586 419 3234 1564
is_linear=0
shrinkage=0.01


Tree=90
num_leaves=25
num_cat=0
split_feature=123 109 5 122 105 76 21 117 28 232 5 185 208 318 139 164 289 75 109 302 196 76 298 52
split_gain=30.0907 23.6807 19.0814 16.1711 20.5936 18.9053 14.5026 13.2551 13.9879 13.8874 12.914 16.6689 16.7471 18.0057 16.529 12.145 11.9192 10.753 15.8065 15.5017 14.7677 14.0984 10.4962 10.1829
threshold=1.0218350804739009 1.0213859543395061 -2.8935132521978844 0.62680524993752162 0.95325439068398365 1.2093069039219426 0.23707008905035606 0.7246756372682176 0.24123259178875026 2.1772147154705688 -2.8712440139818409 0.74440071556350629 1.6065902409203292 1.3320735719553012 0.03279684481007112 0.0012699374539687964 0.0085794995964488269 -0.12626289004221197 0.91433655457529239 0.01226721925394164 0.32013071895424844 0.74149859720825995 -0.0033651160332774676 129.50000000000003
decision_type=10 10 2 10 10 10 10 8 2 2 2 8 2 2 2 10 2 8 10 2 10 10 2 2
left_child=2 -2 -1 4 6 23 7 -3 -9 -10 -4 12 13 -12 -14 -5 -11 18 19 -13 -20 -21 -17 -6
right_child=1 3 10 15 5 -7 -8 8 9 16 11 17 14 -15 -16 22 -18 -19 20 21 -22 -23 -24 -25
leaf_value=-0.0024744739153022177 -0.0038811740085777486 -0.0031276767103277899 0.005409906258527046 -0.0026334041534782837 0.00077848066885989565 -0.003828124613670803 -0.0049246610234149994 6.2955765423344757e-06 0.011345377880842148 -0.002702475339879452 0.0010908512987449098 -0.003281183982846611 0.0020708758064927131 0.010053863119949793 0.016351628029734382 -0.0033519166769617327 0.0066098566192743574 -0.0031873972088863117 0.0098597105305339317 0.0060382643315198452 -0.0014406622166257045 -0.0030381769545563615 0.0037805674224300283 0.0074213626281912793
leaf_weight=96.343878738582134 229.73675261437893 73.930532932281494 105.10896910727024 331.03588611632586 32.565057836472988 23.070132777094841 56.011632487177849 163.5409384816885 22.191196650266647 24.930878311395645 161.02723259478807 83.759025387465954 16.099646985530853 23.466164387762547 16.155932456254959 27.860963404178619 24.69459130614996 76.373999379575253 30.709708407521248 46.775328919291496 16.435469396412373 23.803594045341015 60.656595006585121 86.464016273617744
leaf_count=756 1830 562 582 2641 217 164 439 1123 148 171 1020 553 105 149 95 205 164 547 189 291 100 161 442 534
internal_value=-3.92709e-05 -0.00102763 0.00159922 -0.000309628 0.000888181 0.00407849 -0.000371975 0.000486586 0.0016499 0.00523654 0.00226391 0.00156625 0.00362546 0.00237143 0.00999699 -0.00175686 0.00201923 -5.69245e-05 0.00115258 -0.000416755 0.00604202 0.00296425 0.00149014 0.00567274
internal_weight=1852.75 1156.69 696.059 926.952 507.399 142.099 365.3 309.288 235.358 71.8167 599.715 494.606 216.749 184.493 32.2556 419.553 49.6255 277.857 201.483 154.338 47.1452 70.5789 88.5176 119.029
internal_count=13188 8640 4548 6810 3522 915 2607 2168 1606 483 3792 3210 1369 1169 200 3288 335 1841 1294 1005 289 452 647 751
is_linear=0
shrinkage=0.01


Tree=91
num_leaves=25
num_cat=0
split_feature=32 122 117 122 23 166 105 10 193 105 258 105 23 302 120 101 292 274 97 312 323 181 177 181
split_gain=31.2041 29.8185 22.0325 18.4221 14.828 12.6254 11.9001 15.9933 10.2453 10.1492 17.835 14.3074 15.3572 14.0729 13.9385 13.2789 11.9926 11.7405 18.3589 11.6675 12.021 11.2533 10.9245 10.4945
threshold=0.0014316399604838677 0.26025589624797435 1.1899112984831832 0.79343403545935554 -0.33472385748303851 140.50000000000003 1.3824999942590697 1.1941097535593272 0.82063376874697636 0.77830770584833953 -0.48210883392823445 0.28992395043123026 -0.40945686289158251 0.01226721925394164 1.1190301085610355 -0.69328150357250384 0.028277827636488864 5.3765807122648575 0.4596925477396735 -0.22605645517546966 560.50000000000011 0.10448748321882652 7.4530575701676725 0.080111026767572216
decision_type=2 8 8 8 8 2 8 2 8 10 2 10 8 2 8 10 2 2 10 2 2 2 10 2
left_child=1 9 5 6 -5 -3 7 8 -4 10 11 12 13 21 15 17 19 22 -19 20 -13 -1 -11 -18
right_child=-2 2 3 4 -6 -7 -8 -9 -10 14 -12 16 -14 -15 -16 -17 23 18 -20 -21 -22 -23 -24 -25
leaf_value=-0.0033668440214001294 -0.0039784052398115629 0.0068519918613050681 0.013143509677852026 0.0082174914412344834 -0.0020649149007585096 -0.0030468137754516788 0.0088198003652562983 0.00039467142203886862 0.0008955641428449679 0.01474849068454313 -0.0016761760434976757 -5.7102116758478906e-05 -0.0011605600194374984 0.0053913276563109973 -0.0021635012251089982 -0.0017940027849701235 0.0030707090485518358 -0.003177085113781908 0.010321975100078533 0.0078408293869496846 0.0073467164549966893 0.0034139275332116183 0.0031148713825508252 0.014112289004777397
leaf_weight=46.333381369709969 180.1700710952282 10.667766429483889 15.296145819127561 12.192949041724203 212.066515147686 375.37030117213726 25.10785748809576 151.34456227719784 11.965770095586775 27.276801988482475 162.83394876122475 105.96667141467333 185.66074316203594 99.77868028730154 24.15187881141901 16.288920849561691 18.499625720083714 19.53906661272049 15.858394622802733 34.864487163722515 24.711629197001457 45.886768959462643 13.874222055077551 18.159976728260517
leaf_count=288 1561 82 99 92 1650 2965 163 1032 83 156 1105 665 1244 605 158 101 116 114 91 213 149 284 83 109
internal_value=-5.72492e-05 0.000370278 -0.000998916 0.000561245 -0.00140563 -0.00272262 0.00272092 0.00173335 0.00839299 0.00166692 0.00122371 0.00204398 0.000878493 0.00284359 0.00437645 0.00610211 0.00417355 0.00779914 0.0031617 0.00292097 0.00146192 0 0.0113035 0.00918742
internal_weight=1853.87 1673.7 814.012 427.974 224.259 386.038 203.714 178.606 27.2619 859.685 742.696 579.862 377.66 191.999 116.989 92.8374 202.202 76.5485 35.3975 165.543 130.678 92.2202 41.151 36.6596
internal_count=13208 11647 6166 3119 1742 3047 1377 1214 182 5481 4778 3673 2421 1177 703 545 1252 444 205 1027 814 572 239 225
is_linear=0
shrinkage=0.01


Tree=92
num_leaves=25
num_cat=0
split_feature=122 107 150 117 14 117 149 234 117 11 124 218 149 129 21 208 148 208 115 117 28 140 162 17
split_gain=25.097 20.0515 19.2438 18.9096 28.5315 15.5089 18.336 13.1315 12.9108 12.8991 12.8269 14.1226 12.3199 22.4583 13.8352 12.0569 13.1187 11.1598 10.8368 11.2338 10.8203 14.6499 12.2795 15.6098
threshold=0.56353391909529549 0.25521975655414714 0.048826334128002941 0.76146564380055637 0.10191161680173029 1.6989804895797758 0.14536164327425471 0.07663534412842242 0.52109632555326413 0.43032731064625879 4.5000000000000009 0.031331806282722523 0.021401825281407095 0.6442255961283142 -1.2855602656030263 1.8805227600925309 0.19011174484926088 0.14106028906365783 -0.70196942235650617 1.0947446382452997 0.24046948859551168 0.016136690867873667 0.0061068844633400477 2.6750162316630859
decision_type=10 10 10 8 2 8 10 2 10 10 2 2 10 10 8 2 10 2 10 10 2 2 10 2
left_child=1 2 8 -4 9 -2 -7 -8 12 20 -6 -12 13 14 -1 -3 -17 -16 -13 -20 22 -22 23 -5
right_child=5 15 3 4 10 6 7 -9 -10 -11 11 18 -14 -15 17 16 -18 -19 19 -21 21 -23 -24 -25
leaf_value=0.007003700360414691 -0.0027506494499310937 0.0017935963823998424 -0.0032361579072944751 -0.0011920072942876491 -0.0062116146384924003 -0.0041392587606567536 0.006409845143016406 -0.0012164671235679852 0.0039588758959511619 -0.0013750748801853697 -0.0070984792159998825 -0.0015958350090063418 -0.00079849140160895824 0.0097901083391253342 -0.0053711188432999423 0.0016427105715806213 0.010648305877921361 0.001675798568457504 -0.0014436285728014055 0.009220137805593864 -0.00075162362784936298 0.011637842168789339 -0.00042868892951991453 0.011870797065692558
leaf_weight=23.485144890844822 406.83616484701633 123.09787093102932 227.46634791046381 13.895188726484774 57.366207592189312 42.145097121596336 57.989195726811886 34.336043439805508 160.7212440520525 45.270642027258873 22.294499918818474 51.445333428680897 238.52768129110336 32.771518960595131 35.260679796338081 28.824617654085159 38.977466188371181 52.159279525279999 14.629740595817564 23.064549289643764 12.22007943689823 34.125126466155052 55.69483133405447 20.893944941461086
leaf_count=144 3265 803 1744 95 430 330 418 243 992 329 160 361 1635 197 238 192 242 331 106 146 80 221 364 144
internal_value=2.41313e-05 0.000772008 0.000257083 -0.00100883 0.000446542 -0.00178152 0.00113944 0.00361132 0.00160571 0.00317073 -0.00249023 -0.000458844 0.000591655 0.00287717 0.000632106 0.0037432 0.00705406 -0.00123495 0.00135872 0.0052453 0.00467935 0.00849575 0.0025147 0.00693036
internal_weight=1853.5 1312.19 1121.29 578.366 350.9 541.307 134.47 92.3252 542.926 182.1 168.8 111.434 382.204 143.677 110.905 190.9 67.8021 87.42 89.1396 37.6943 136.829 46.3452 90.484 34.7891
internal_count=13210 8954 7717 4180 2436 4256 991 661 3537 1233 1203 773 2545 910 713 1237 434 569 613 252 904 301 603 239
is_linear=0
shrinkage=0.01


Tree=93
num_leaves=25
num_cat=0
split_feature=32 119 116 36 158 116 218 116 96 39 66 5 77 279 138 267 39 218 106 105 215 97 120 82
split_gain=30.4911 26.43 16.3389 14.6555 14.5154 15.545 14.4739 16.8651 19.0793 13.9353 13.3852 12.6748 14.9077 18.0701 12.8281 12.4683 11.7803 10.1683 10.0306 9.99544 13.4644 14.6487 13.5512 12.1918
threshold=0.0014316399604838677 0.44062539308307441 0.38956065798126122 0.024157126618763451 0.31985617181846382 -0.026514319359317896 0.094392033542976955 -0.041767066284159944 -0.4181069120313497 0.079655293964861526 -14.656457689933577 -2.8012310175101787 2.7612189447499991 0.0048698984138299548 0.15070131742806583 1.0361746406172767 0.051300849687946466 0.023904761904761908 0.48123952065145359 1.1527430024524448 -0.46438574423334961 0.46510415615275535 1.1647636340439984 0.79648446025353203
decision_type=2 8 10 2 8 10 2 8 10 2 2 2 10 8 2 2 2 2 10 10 2 10 8 8
left_child=1 4 11 -4 6 -6 19 10 -9 17 -8 14 13 18 -3 -7 -2 -5 -13 20 23 -22 -23 -1
right_child=16 2 3 9 5 15 7 8 -10 -11 -12 12 -14 -15 -16 -17 -18 -19 -20 -21 21 22 -24 -25
leaf_value=0.0011501296539435533 -0.0078494570824605113 -0.00098613098647209801 -0.00058455154088620637 0.0012334231653861074 -0.0031654475967919414 0.0042747375348387165 0.0042054831082330192 0.015715292985175548 0.0030889503461733908 -0.00084220485805015983 -0.0020474454686854088 -4.1458061645411257e-05 -0.0047028729475256251 -0.0043634381320949529 0.0093360879465176766 -0.0034601522285578586 -0.0021495647806916559 0.012398184260296388 0.0080663780461742579 0.0061027672877778209 -0.004319023060812572 0.0038744907562247859 -0.0058913805196845791 0.0063165163763774989
leaf_weight=357.74340825527906 50.394195795059204 41.798499464988708 176.77108608186245 13.257884010672567 123.83154924213886 70.500793308019638 132.57572603225708 21.59851036220789 27.406408861279488 23.985309712588787 43.63256473839283 34.091551266610622 216.92215945571661 51.910185515880585 13.750676453113554 26.538411065936089 127.35371812433004 22.892166636884212 24.38405828922987 36.330515183508396 86.043326899409294 58.40264892578125 15.735686391592024 50.104714386165142
leaf_count=2285 448 325 1314 97 877 463 797 133 173 165 297 265 1748 415 104 186 1098 159 187 223 590 374 112 327
internal_value=3.40237e-05 0.000455884 -0.00117759 0.000877168 0.00142117 -0.00084535 0.00202666 0.00417817 0.0092295 0.00502258 0.00264358 -0.00244875 -0.00319661 -0.000183959 0.0018816 0.00211103 -0.00386921 0.00871761 0.00354004 0.00120745 0.000863774 -0.00157061 0.00164768 0.00182658
internal_weight=1847.96 1670.21 619.764 236.906 1050.44 220.871 829.574 225.213 49.0049 60.1354 176.208 382.857 327.308 110.386 55.5492 97.0392 177.748 36.1501 58.4756 604.36 568.03 160.182 74.1383 407.848
internal_count=13162 11616 4779 1735 6837 1526 5311 1400 306 421 1094 3044 2615 867 429 649 1546 256 452 3911 3688 1076 486 2612
is_linear=0
shrinkage=0.01


Tree=94
num_leaves=25
num_cat=0
split_feature=32 153 105 150 234 70 89 158 113 137 127 308 100 11 299 136 185 273 106 297 136 172 185 297
split_gain=31.3443 26.146 20.3006 28.8143 15.2433 11.7244 11.9433 11.6926 13.0542 16.5793 12.2593 11.5116 11.0802 13.2888 13.1889 12.9138 12.6157 12.178 11.8187 10.9968 10.8148 10.6721 10.6416 11.1123
threshold=0.0015637226134585292 0.01564247762863535 0.96109023611504363 0.11769724954828349 0.022489974348784279 0.80830258206282524 3.8477486626808859 0.2512889680282776 -0.31267406217402866 0.17223865326581325 0.11993490945976608 0.00045382540735905685 0.75487243431528139 0.46692070390498069 -0.05604583296183379 0.32339757506930766 0.75517339803054095 3.865924764508422 0.62218528243640592 -0.030952657619408314 0.27652524319190991 2.3488888888888892 0.58044603743528489 -0.023025283561398907
decision_type=2 10 10 10 2 8 8 10 10 2 8 2 10 10 2 2 10 10 8 2 2 8 8 2
left_child=1 2 3 7 19 -3 -7 8 10 -10 -1 -11 15 14 -14 16 22 -18 -16 -4 -19 -5 -9 -24
right_child=-2 5 4 21 -6 6 -8 12 9 11 -12 -13 13 -15 18 -17 17 20 -20 -21 -22 -23 23 -25
leaf_value=0.0022851600829284328 -0.0040345022634900177 -0.0049521415427333923 -0.0070026180930263674 0.006179342097195663 0.0055232971556094116 0.0030115533378984767 -0.0025367305217339859 -0.00074202195713459428 0.0081590000130775074 -0.0017548996551788739 -0.0030887214598582886 0.0070422545999380363 0.0049681288686251645 -0.0046442859983361088 -0.0027939320524127086 -0.0015897735337620652 -0.0042863790705226648 -0.0035755440815046541 0.002758138017716742 0.0022533472416032246 0.0066693709842917696 -0.0028340632182044744 0 0.0096291488489029329
leaf_weight=230.40469989925623 167.22975452244282 103.50827629119158 15.596370711922644 11.163314275443552 150.63168196380138 55.392841674387455 113.3920801654458 18.181689292192459 75.130296960473061 42.783806063234806 49.171336516737938 19.268444836139679 44.143540479242802 70.950926035642624 115.71318686753511 70.202331654727459 30.116063170135021 12.54119189083576 53.884961135685444 39.382003352046013 31.042920261621475 252.04146184027195 15.198804818093775 55.497264117002487
leaf_count=1413 1460 852 108 86 976 411 872 118 467 283 341 122 296 542 791 485 200 82 352 269 208 1935 99 353
internal_value=5.57315e-05 0.000470752 0.00102224 0.000518572 0.0039036 -0.00234843 -0.000690269 0.00134274 0.00258377 0.00508341 0.00131487 0.0011499 0.000332667 -0.000984407 0.000270789 0.0019402 0.0034717 0.000361876 -0.00100769 -0.000569948 0.00366127 -0.00238609 0.00594838 0.00764496
internal_weight=1842.57 1675.34 1403.05 1197.44 205.61 272.293 168.785 934.231 416.759 137.183 279.576 62.0523 517.473 284.693 213.742 232.78 162.578 73.7002 169.598 54.9784 43.5841 263.205 88.8778 70.6961
internal_count=13121 11661 9526 8173 1353 2135 1283 6152 2626 872 1754 405 3526 1981 1439 1545 1060 490 1143 377 290 2021 570 452
is_linear=0
shrinkage=0.01


Tree=95
num_leaves=25
num_cat=0
split_feature=5 5 123 164 161 122 108 123 311 134 165 66 38 146 225 118 175 115 200 40 25 29 123 239
split_gain=26.3359 31.6793 18.3818 13.4775 13.4052 14.7647 14.8653 14.2475 12.1897 11.5288 12.5786 11.2788 11.8325 11.2603 10.9627 10.9037 10.8689 10.3983 9.80882 11.6338 17.1624 10.2349 9.63363 13.3041
threshold=-2.8943022876294049 -2.8712440139818409 1.8966116636373249 0.0061539044156631072 0.039378693637037172 -0.0077558681737471989 0.25742282728592319 -0.10896092029255984 -0.20323144076513991 0.19157646633707279 179.61707175925929 17.628273088560235 0.34911101536693961 0.092721252257676121 0.83308457711442807 20.500000000000004 21.828775130074053 -0.68853264003042736 0.79065707906666527 0.0053504563203517737 -1.1253963664901867 0.27203756136201057 1.3037559528709568 0.73149271704558305
decision_type=2 2 10 10 10 10 10 8 2 2 2 2 2 10 2 2 10 10 2 2 2 2 8 10
left_child=15 -2 4 -4 5 6 7 8 -3 10 -8 -7 13 -13 22 -1 -5 -9 19 21 -21 -17 23 -6
right_child=1 2 3 16 14 11 9 17 -10 -11 -12 12 -14 -15 -16 18 -18 -19 -20 20 -22 -23 -24 -25
leaf_value=-0.0071439302489166726 0.0039825240729987775 0.007187410460844406 -0.0029075942015484354 0.0055469329514981312 0.00098016544092317738 -0.0028557372470778331 -0.00020286480576572078 -0.0024158261596715562 -0.0025861768000916834 0.01084151447405398 0.0051894884991215175 0.010680798043311074 -0.00098679655357024614 0.00031541347992545963 -0.0040732864722866496 0.0039406015000067558 -0.0041018794079543354 0.0055134660117149093 -0.0034290677442629981 -0.00054730762435827832 0.014507360846876078 -0.0068881275274318204 0.0019633177816075682 0.01077079396782831
leaf_weight=49.969853304326534 214.72147663682699 35.908018499612808 297.61610399931669 34.689749009907246 24.400319784879684 230.22127614915371 86.650317825376987 173.62408563494682 17.050189688801765 15.979515917599199 82.461900748312473 16.749365672469139 123.76005958765745 23.373295806348324 19.216588027775288 12.051304906606676 14.412984564900396 15.497687458992003 132.06175503879786 17.213531747460369 10.247265823185442 18.94223153591156 146.73540459573269 32.222960315644741
leaf_count=433 1250 201 2386 244 146 1711 545 1181 109 95 506 127 893 172 141 101 108 109 1117 141 86 158 997 195
internal_value=-2.94561e-05 0.000433967 -0.000120251 -0.00210608 0.000542309 -4.92059e-05 0.00123349 -0.000396579 0.00405117 0.0033446 0.00246295 -0.00144095 0.000555255 0.00508607 0.00270253 -0.003096 0.00262586 -0.00168883 -0.00193971 0.00141158 0.00587045 -0.00267036 0.003395 0.00681712
internal_weight=1845.78 1605.29 1390.57 346.719 1043.85 821.276 427.172 242.08 52.9582 185.092 169.112 394.104 163.883 40.1227 222.575 240.486 49.1027 189.122 190.516 58.4543 27.4608 30.9935 203.359 56.6233
internal_count=13152 11116 9866 2738 7128 5649 2746 1600 310 1146 1051 2903 1192 299 1479 2036 352 1290 1603 486 227 259 1338 341
is_linear=0
shrinkage=0.01


Tree=96
num_leaves=25
num_cat=0
split_feature=271 76 102 46 313 319 224 28 301 155 268 255 273 286 19 49 40 313 162 119 145 255 118 200
split_gain=27.0175 17.4556 13.6173 11.8301 11.6789 12.0492 16.5097 15.7393 13.3455 11.6836 11.6262 11.0949 15.1344 14.1762 10.5366 10.2643 10.1835 13.622 12.3169 15.8808 10.3027 9.98062 9.64925 10.3132
threshold=0.067822972005887092 0.707009975630013 1.228056852784827 1.0000000180025095e-35 0.025259714583558013 -0.070100397542330536 1.9849362954413399 0.24001533742331291 1.1074659446358976 0.010010020040080161 0.47925695776531979 68.500000000000014 3.2532318663701933 2.4857165271905681 0.86417110290618682 9.5000000000000018 0.0081348080922669704 0.14550522542228708 0.004722556759891164 0.44062539308307441 0.081130946444599603 45.500000000000007 20.500000000000004 0.79065707906666527
decision_type=2 10 10 2 2 2 2 2 2 10 2 2 10 2 8 2 2 2 10 10 10 2 2 2
left_child=1 10 3 4 11 16 8 21 9 -7 -1 14 13 -13 -2 -14 18 -18 -6 20 -20 -8 -5 -24
right_child=2 -3 -4 22 5 6 7 -9 -10 -11 -12 12 15 -15 -16 -17 17 -19 19 -21 -22 -23 23 -25
leaf_value=0.0063531662410361983 -0.0013992936802635465 -0.0025690872851484676 -0.0070042482784083912 -0.0065847866925400631 -0.0015600335278521172 0.0014510233915873735 0.0064888108638491851 0.0087019802912509728 -0.00070173500844945835 0.012090152678241603 -0.0020970256757654117 0.0074977435818035188 3.5223655287628519e-05 -0.0013096666547822717 0.00709832056260685 0.0051820151562015594 0.0078962989416850298 -0.0032391791579748298 0.01114716070040246 -0.001899673494111058 0.0013342868079944338 -0.0027872523928732101 0.0033600871551873915 -0.0024650188871575334
leaf_weight=37.244820162653923 277.45877830684185 439.19142869114876 18.907050974667072 28.393517002463341 132.86364438384771 14.201354518532751 11.823248967528341 20.273997135460377 13.838337108492849 49.326600052416325 25.314215086400509 65.070539109408855 338.85170324146748 23.719113416969776 12.563049070537089 40.977844253182411 39.377432331442833 12.915005564689634 24.28548601269722 31.360128872096539 19.527362048625946 52.761570535600185 44.793823681771755 81.056331358850002
leaf_count=257 1925 3452 147 250 876 97 84 141 91 303 195 416 2207 155 94 252 251 83 152 233 119 366 380 693
internal_value=0.000112324 -0.00186288 0.000847198 0.000973743 0.00131463 0.0026421 0.00476208 0.00161135 0.0080259 0.00989094 0.00297582 0.000566824 0.00151552 0.00516626 -0.000962472 0.000627468 0.00128005 0.00510258 0.000258629 0.00342572 0.00714274 -0.000872323 -0.00160691 -0.000355438
internal_weight=1856.1 501.75 1354.35 1335.44 1181.2 422.554 162.225 84.8588 77.3663 63.528 62.559 758.641 468.619 88.7897 290.022 379.83 260.329 52.2924 208.037 75.173 43.8128 64.5848 154.244 125.85
internal_count=13219 3904 9315 9168 7845 2796 1082 591 491 400 452 5049 3030 571 2019 2459 1714 334 1380 504 271 450 1323 1073
is_linear=0
shrinkage=0.01


Tree=97
num_leaves=25
num_cat=0
split_feature=271 5 5 131 109 147 249 77 209 233 113 39 271 39 127 115 144 109 194 244 159 227 33 159
split_gain=26.1141 19.3312 25.4807 17.4241 14.6846 15.5231 14.6259 13.6067 21.5943 13.749 13.1492 13.0728 16.0305 12.7079 12.5289 12.2113 12.113 13.2163 12.1093 11.9539 11.5015 10.8463 10.443 10.27
threshold=0.052674495872370851 -2.8943022876294049 -2.8712440139818409 1.0867398045584185 2.2163455206291207 0.10162870762711866 0.079473684210526321 3.3306078288263756 0.75895069640263191 0.76197221098070966 0.54438861842036546 0.02191011927475044 0.036106811735822961 0.10258802143130503 -0.31059160661925767 -0.4317564010352099 0.036164394419784411 1.1744431469712573 0.079823008849557536 184.83402777777781 0.29171862011637578 0.0048367664432513368 0.029609009711065823 0.19627898926964352
decision_type=2 2 2 8 10 10 2 10 2 2 8 2 2 2 8 8 10 8 10 2 10 2 2 10
left_child=11 22 -3 6 7 -6 -4 8 9 14 -9 12 20 -12 -5 19 17 -16 -18 -10 -1 -19 -2 -23
right_child=1 2 3 4 5 -7 -8 10 15 -11 13 -13 -14 -15 16 -17 18 21 -20 -21 -22 23 -24 -25
leaf_value=-0.0027843290139695511 -0.0050329360876501059 0.0042444488298416421 -0.00060816269154883608 -0.0029080249920821655 -0.00015732890688317428 0.0098163406066883487 0.010029776186531777 -0.0043636928531599782 -0.0013802444731222214 0.0063575687536582617 0.0052010606752756032 -0.0043905844766792277 0.0064634810073340345 -0.0040396147702731625 -0.0023048140602078401 0.00330861142690979 0.0023017596637082641 0.0007097425603909928 0.010117417461480448 -0.0076006262772410904 0.0067783833227680577 0.01314825984042685 -0.00043134988068649116 0.0027703308591732062
leaf_weight=121.29322113841772 79.876772694289684 202.50957189500332 20.284660153090954 60.327384799718857 30.648693844676018 28.363853186368942 30.596197180449963 127.00526478886604 297.07088638097048 56.890743292868137 32.769409827888012 174.30795967578888 25.215180650353432 22.812571585178375 87.020333155989647 46.049938015639782 61.913673676550388 101.51519255340099 28.494892455637455 32.114204578101635 11.233355931937693 13.219614773988722 124.97094371169806 29.575817584991455
leaf_count=945 683 1162 129 404 228 186 184 981 2056 388 240 1402 177 166 612 330 391 682 175 234 86 82 1042 193
internal_value=1.6083e-06 0.000560135 0.00100845 0.000406041 0.000122053 0.00485074 0.00596203 -0.000169877 0.000384566 0.00188566 -0.00261572 -0.00252521 -0.000416446 0.0013791 0.00117516 -0.00136975 0.00196263 0.000721391 0.00500908 -0.00204996 -0.00184108 0.00256234 -0.00227482 0.00661707
internal_weight=1846.08 1514.03 1309.18 1106.67 1055.79 59.0125 50.8809 996.78 814.193 438.958 182.587 332.05 157.742 55.582 382.067 375.235 321.74 231.331 90.4086 329.185 132.527 144.311 204.848 42.7954
internal_count=13158 10548 8823 7661 7348 414 313 6934 5547 2927 1387 2610 1208 406 2539 2620 2135 1569 566 2290 1031 957 1725 275
is_linear=0
shrinkage=0.01


Tree=98
num_leaves=25
num_cat=0
split_feature=3 71 36 210 152 108 193 47 79 239 310 116 21 213 71 117 311 117 311 165 39 124 147 165
split_gain=23.1674 21.1011 23.8952 16.0761 14.8074 14.3551 13.6321 17.17 12.5408 12.0942 11.7184 12.3425 11.2106 10.8617 10.3145 10.1375 9.67523 9.60646 14.8527 9.58173 11.5827 11.5823 9.51035 10.6508
threshold=2.5471693845014545 1.8620673714001119 0.029888180909545231 0.19693044433977078 0.077003205128205146 1.3790018892373621 0.75663924794359583 9.5000000000000018 82.795235970020755 0.7959198836719773 -0.20602793278338757 0.60751817173714684 0.37398368665626763 -0.50163444370684751 2.9913326147244166 0.82334491038517343 0.048911365648559753 0.88231757755116946 -0.32244478630160567 179.7028240740741 0.078793564159417837 4.5000000000000009 0.24004662004662006 178.99443865740744
decision_type=2 10 2 2 8 10 8 2 2 10 2 8 10 2 10 10 2 10 2 2 2 2 10 2
left_child=6 16 3 4 5 10 8 -8 13 -4 11 -3 -11 -1 -6 -9 22 -10 -19 20 21 -16 -2 -24
right_child=1 2 9 -5 14 -7 7 15 17 12 -12 -13 -14 -15 19 -17 -18 18 -20 -21 -22 -23 23 -25
leaf_value=-0.00052101253030889733 -0.0034718516518907716 0.00075158357001521808 0.0015589773616321585 0.0081275229301888564 -0.0037784511219044938 0.0088457424206393152 -0.0020860110050244123 0.0012409675173665508 0.00061925890321847205 0.012821697259188278 -0.0026417972671916208 0.0095178774413957629 0.0011044147478763853 0.0080959545170525456 -0.00051613098365835221 0.0075719977319061438 0.0044731682928091784 0.011500901075566741 0.00053887290029909875 -0.0043196568430685844 -0.0028116222925778185 0.010314947517460796 -0.0046257575653517145 0.0023466638020073062
leaf_weight=17.837333746254444 355.69630708545446 210.27918662130833 45.187434412539005 18.594762288033962 180.47372099012136 17.489757113158703 170.31706516444683 177.4683595970273 170.54372072219849 24.845953427255154 98.953878678381443 14.661668784916399 12.676992774009703 66.643791243433952 16.120936006307602 27.175161965191364 16.867362633347511 20.342639803886414 27.548571117222309 26.486077435314655 22.479779236018658 20.996162734925747 29.543779067695141 64.857729554176331
leaf_count=119 2749 1453 299 136 1469 111 1214 1174 1146 159 693 96 94 430 125 173 129 121 180 196 160 152 205 438
internal_value=5.11182e-05 -0.000796457 0.000289967 -0.000383756 -0.000682327 0.000693402 0.00152045 0.000237762 0.00308795 0.00524857 0.000177024 0.00143897 0.00924438 0.00630723 -0.00243673 0.0021787 -0.00244049 0.00177332 0.00559833 0.000395669 0.00260862 0.00588315 -0.00272824 8.28135e-05
internal_weight=1854.09 1176.21 709.246 626.536 607.941 341.384 677.877 374.961 302.916 82.7104 323.895 224.941 37.5229 84.4811 266.557 204.644 466.965 218.435 47.8912 86.083 59.5969 37.1171 450.098 94.4015
internal_count=13221 8664 5143 4591 4455 2353 4557 2561 1996 552 2242 1549 253 549 2102 1347 3521 1447 301 633 437 277 3392 643
is_linear=0
shrinkage=0.01


Tree=99
num_leaves=25
num_cat=0
split_feature=32 123 109 103 132 34 118 286 284 141 108 76 282 109 123 311 270 118 158 268 177 145 177 126
split_gain=24.4955 20.387 22.3177 21.7859 14.0498 14.1304 13.1277 11.7123 11.225 11.4667 15.8002 11.1909 10.9274 14.8089 14.2047 10.589 10.5064 11.2876 10.3367 10.2022 10.1934 11.3517 11.5718 13.6103
threshold=0.0014316399604838677 1.0218350804739009 1.4149778051504862 1.6019459072125179 0.018220929052963585 0.1174001056152086 114.50000000000001 0.6239693469052453 -0.089399185763451669 0.08262807292037079 1.3507260831866736 1.1944214099632255 -0.047610001447387452 1.189430608933099 -0.10896092029255984 -0.20323144076513991 0.054802181974196319 20.500000000000004 0.21772905012254676 0.5536189427652124 7.5412866419077789 0.19721187274061971 7.6656692409991232 0.51096145132308002
decision_type=2 8 10 8 2 2 2 2 8 2 10 10 8 10 10 2 2 2 8 2 8 10 10 8
left_child=1 12 4 -4 7 -6 8 -3 18 10 -10 -8 -1 14 15 19 -2 -18 -5 -14 -16 22 23 -22
right_child=16 2 3 6 5 -7 11 -9 9 -11 -12 -13 13 -15 20 -17 17 -19 -20 -21 21 -23 -24 -25
leaf_value=-0.0018602286252105691 -0.0072986975129091412 0.0020633487541172435 0.0035003630273081803 0.0069591420503157834 -0.0043876735742532143 0.0044900354905481636 0.0065693921699696775 -0.0033209626499798119 -0.0021549767983107251 -0.0051954172750215003 0.0053762966306768094 -0.0034712387000013062 0.011397900291392527 0.0059254526534277194 0 -0.0011346251248709079 -0.0068749519435440725 -0.0001241140299055687 -0.001154486589512696 0.0028437096581977973 0.0018468956234246135 -0.0032605467922794357 0.00096601789991032779 0.015848865034738702
leaf_weight=67.498857289552689 48.551470682024956 43.265317313373089 206.29377249628305 25.72169591486454 23.11581589281559 55.868909895420074 38.867394290864468 362.40607817471027 142.13417990505695 83.495947249233723 31.641680434346199 12.944592215120791 28.932935521006584 92.89508118480444 315.6611255928874 17.927190110087395 30.583549976348877 97.29442410171032 32.991751529276371 30.05423928052187 12.753953859210016 13.933807402849196 24.403476282954216 15.636968486011027
leaf_count=425 439 333 1322 187 177 385 271 2814 1084 646 226 95 156 542 2042 113 274 840 253 167 81 87 160 100
internal_value=5.86248e-05 0.000433745 -0.000408864 0.000922211 -0.00198383 0.0018174 -0.000536866 -0.00273389 -0.00131164 -0.00221283 -0.000713527 0.00399234 0.00187026 0.00233526 0.001575 0.00541822 -0.00345474 -0.00186069 0.0025407 0.00738672 0.000765093 0.0042301 0.00629077 0.0103312
internal_weight=1854.87 1678.44 1058.75 574.091 484.656 78.9847 367.797 405.671 315.985 257.272 173.776 51.812 619.698 552.199 459.304 76.9144 176.429 127.878 58.7134 58.9872 382.389 66.7282 52.7944 28.3909
internal_count=13219 11666 7793 4084 3709 562 2762 3147 2396 1956 1310 366 3873 3448 2906 436 1553 1114 440 323 2470 428 341 181
is_linear=0
shrinkage=0.01


Tree=100
num_leaves=25
num_cat=0
split_feature=5 5 100 136 197 109 102 123 282 135 117 154 65 126 84 106 123 202 5 299 323 111 297 323
split_gain=24.0298 27.2801 20.3698 18.8806 18.4071 17.3592 22.0568 17.8923 14.8804 13.5352 13.5262 14.0605 12.67 11.4041 10.9909 10.8303 13.2723 11.601 11.2154 11.564 11.15 11.5134 10.6234 10.7049
threshold=-2.8996003220412478 -2.8712440139818409 0.67990093796261097 0.32339757506930766 -0.1448094510113099 2.1525822659375815 0.63205322491169502 1.8966116636373249 -0.031738124454865978 0.37831527324522662 1.1899112984831832 0.011815677295657193 2.45513338606519 0.62073056021868334 18.653924312154057 0.61844615655726309 1.096818265623053 0.11796331435800128 -2.792883923502369 0.037145216699716495 133.50000000000003 1.2317989813391093 -1.0000000180025095e-35 274.50000000000006
decision_type=2 2 8 2 8 10 8 10 10 2 10 10 8 8 2 10 10 2 2 2 2 10 2 2
left_child=-1 -2 3 4 8 7 -7 10 -3 12 15 13 -10 14 -12 16 18 22 -4 20 21 -20 23 -17
right_child=1 2 5 -5 -6 6 -8 -9 9 -11 11 -13 -14 -15 -16 17 -18 -19 19 -21 -22 -23 -24 -25
leaf_value=-0.0030514061241824104 0.0035480093322890816 -0.00012090081365055737 -0.005984799030806856 -0.0022931397785477333 -0.0017119671812665285 0.011142636470250501 0.0003550323133622504 -0.0032191030833932329 0.010441275537849499 0.00052281391314071572 -0.0010729471269115174 0.0089960134880387021 0.00030473488668128826 -0.0015857908302810966 0.0071066721810343807 -0.0042869235857906597 -0.0036764075603406853 -0.0048190850740085986 0.012582594389914457 -0.0039212644537913715 0.00058972225182309058 6.9134596391808726e-06 0.0055069020473882194 0.0029274956476123631
leaf_weight=218.00719862431288 241.01209799200296 35.608563102781773 26.484992891550064 62.140178978443146 43.522019818425179 23.907483629882336 66.44327312707901 272.31954184174538 78.79687625169754 24.96051861345768 25.365058049559593 23.425331994891167 14.973361752927302 76.947662822902203 39.701690070331097 32.041445471346378 195.58821184933186 23.823085524141788 14.578528530895712 42.187446720898151 145.2046300843358 12.790084414184092 58.479190073907375 47.272152043879032
leaf_count=1897 1422 229 176 427 285 151 498 2189 480 155 173 151 103 520 241 226 1483 169 98 288 975 84 417 323
internal_value=4.36568e-05 0.000463442 -7.81475e-05 0.00242854 0.00392792 -0.000662219 0.00347297 -0.00103226 0.00552694 0.00719234 -0.000242318 0.00226301 0.00888966 0.000990798 0.00399162 -0.000944007 -0.00176034 0.00124863 -0.000178064 0.000602172 0.00175933 0.00729232 0.00238101 -2.21681e-05
internal_weight=1845.58 1627.57 1386.56 260.002 197.861 1126.56 90.3508 1036.21 154.339 118.731 763.89 165.44 93.7702 142.014 65.0667 598.45 436.834 161.616 241.246 214.761 172.573 27.3686 137.793 79.3136
internal_count=13160 11263 9841 1679 1252 8162 649 7513 967 738 5324 1085 583 934 414 4239 3104 1135 1621 1445 1157 182 966 549
is_linear=0
shrinkage=0.01


Tree=101
num_leaves=25
num_cat=0
split_feature=271 11 112 109 260 131 197 116 5 310 313 202 226 42 41 200 37 313 5 37 6 120 120 84
split_gain=24.3874 18.3682 14.9893 13.982 20.7706 13.9996 11.9143 11.3893 11.0359 13.558 11.5428 12.33 13.0759 11.2682 12.8218 11.897 11.004 13.4248 10.6255 10.1368 12.0963 9.9804 9.62803 9.57416
threshold=0.10825753227996311 0.47118238897844938 45.500000000000007 1.2347382449401898 0.19962658571474776 1.9687943312585747 -0.42018300984438933 0.30452065376597254 -2.8983711643309662 -0.21120285254681068 0.025259714583558013 0.17192118226600989 0.076988935721812451 82.500000000000014 293.50000000000006 0.58956380529972552 0.62965161006704051 0.11615580143540673 -2.8931329938424857 0.44829658488063667 0.20873168367224393 0.62097112523439313 0.80027054189581903 9.6167070107631023
decision_type=2 10 2 10 8 8 8 10 2 2 2 2 2 2 2 2 2 2 2 2 2 10 8 2
left_child=1 2 18 16 5 -5 7 -7 -2 10 13 12 23 15 -15 -10 -4 -18 -1 -6 -21 -3 -16 -12
right_child=8 21 3 4 19 6 -8 -9 9 -11 11 -13 -14 14 22 -17 17 -19 -20 20 -22 -23 -24 -25
leaf_value=-0.0069129195169152884 -0.0018575257673534443 0.0013335549501363589 -0.0027497032273889749 0.012408417031819958 -0.0043123852101913341 -0.0019117020794791227 0.0068481180242025569 0.0078049240075975506 -0.0056848856102550875 -0.00029485364959705619 0.0078905274583734551 -0.00052330296950650178 0.0089121466111126233 0.009592947199529361 0.0043293438889705476 0.0014274960842421192 -0.00010891717454006071 0.0094605744934073525 -0.0010478979469211328 -0.0052859632507895205 0.0058755982190008254 -0.0035299536682791089 -7.2392617222768522e-05 -0.00021355866807259549
leaf_weight=32.542839087545872 91.93181524425745 47.258058622479439 113.57530530542135 20.625102758407593 42.583985909819603 46.21222560107708 57.088681243360043 13.151159204542635 35.255439892411232 215.87420415133238 19.101193651556969 34.02054014056921 73.753006026148796 21.959109112620354 86.60181187838316 58.914360530674458 66.326347000896931 15.883998923003672 264.16602598130703 11.487885527312754 28.204131044447422 296.78033711761236 110.61448684334755 42.327821299433708
leaf_count=286 776 338 829 135 327 327 383 86 233 1416 114 214 445 134 508 390 488 116 1998 88 214 2386 681 258
internal_value=2.6169e-05 -0.00096659 -4.54971e-05 0.00117681 0.00289563 0.00524324 0.00370049 0.000482747 0.00135245 0.00178222 0.0027098 0.00479995 0.00613014 0.00154497 0.00277869 -0.00131332 -0.000757697 0.00198235 -0.00175399 -0.00104822 0.00248413 -0.00285353 0.00188948 0.00252802
internal_weight=1846.24 1055.89 711.848 415.139 219.353 137.077 116.452 59.3634 790.354 698.422 482.548 169.203 135.182 313.345 219.175 94.1698 195.786 82.2103 296.709 82.276 39.692 344.038 197.216 61.429
internal_count=13170 8001 5277 2993 1560 931 796 413 5169 4393 2977 1031 817 1946 1323 623 1433 604 2284 629 302 2724 1189 372
is_linear=0
shrinkage=0.01


Tree=102
num_leaves=25
num_cat=0
split_feature=271 73 294 119 107 81 11 100 123 5 135 81 53 106 100 285 220 308 71 125 67 282 106 258
split_gain=24.3666 14.488 14.3347 12.7561 13.5327 16.5082 12.426 12.7771 12.0657 11.7072 12.9346 11.4652 11.4528 14.7263 16.5164 11.6472 11.5734 10.5773 11.4131 11.0772 10.4836 16.5901 9.96501 9.82895
threshold=0.067822972005887092 315.53479370826329 -0.13667565238805349 0.49265807984373905 0.35443405923495835 0.94026772506820999 0.4345530334492298 0.717675069485746 0.42827496119539338 -2.8943022876294049 0.28442434344623918 -0.071131897465833094 39.500000000000007 0.72205637146408386 0.74927762090911698 0.12390342439368028 0.25979138971264959 -0.0028732536339027208 1.295347410432907 1.0715127805740943 122.3583805419896 -0.013990194514205382 0.82800392850636306 -0.19445876763491896
decision_type=2 2 2 8 8 10 10 8 10 2 2 10 2 10 10 2 2 2 10 8 2 10 10 2
left_child=6 2 -2 4 8 -6 -1 -8 9 -4 -11 -12 22 14 -14 -16 -15 -10 -19 -20 21 -13 -3 -18
right_child=1 12 3 -5 5 -7 7 -9 17 10 11 20 13 16 15 -17 23 18 19 -21 -22 -23 -24 -25
leaf_value=-0.00039572265521853729 0.0044047598454411384 0.0077826038550074918 -0.0033728846095076133 -0.0022769578367839421 -0.0033249773649976439 0.0077733507235950719 0.0024076063960591695 -0.0045603830888496328 -0.0040573906264599145 0.0067047283545487845 -0.0034620218766546356 -0.0023380388233595348 0.0046839786589019409 -0.00034782528731948224 0.00026503949484772785 -0.0058979133575599385 0.0134238055385749 -0.0026258786295574287 0.0021784154637067613 -0.0031197395505889532 -0.0022154701439875647 0.008137035498770203 -0.0015665132241294314 0.0023151673467644031
leaf_weight=282.07791917026043 72.086979039013386 57.921531744301319 32.390984505414963 212.68991017341614 16.440282642841339 46.227342396974564 28.617613330483437 183.52544988691807 82.382135890424252 58.633468836545944 36.63379143178463 20.074080795049667 62.368217006325722 17.760939441621304 121.40423513948917 37.966184809803963 20.378148622810841 119.52831860631704 193.18228153139353 46.639592431485653 26.215833425521851 46.549049451947212 12.775948278605936 14.633999578654764
leaf_count=2132 492 392 266 1647 106 283 211 1524 578 324 221 123 399 125 842 272 132 871 1310 316 157 276 90 103
internal_value=0.000109555 0.000803411 0.000195258 -0.000139644 0.00049251 0.00482846 -0.00178431 -0.00359633 6.18053e-05 0.00195927 0.00291925 0.00109017 0.00256313 0.00159968 0.000434999 -0.00127448 0.00620303 -0.000889535 -0.000134381 0.00111943 0.00294645 0.00499972 0.00608411 0.00932957
internal_weight=1849.1 1354.88 1009.67 937.587 724.897 62.6676 494.221 212.143 662.23 220.497 188.106 129.473 345.209 274.512 221.739 159.37 52.7731 441.732 359.35 239.822 92.839 66.6231 70.6975 35.0121
internal_count=13192 9325 6970 6478 4831 389 3867 1735 4442 1367 1101 777 2355 1873 1513 1114 360 3075 2497 1626 556 399 482 235
is_linear=0
shrinkage=0.01


Tree=103
num_leaves=25
num_cat=0
split_feature=271 5 5 32 11 7 323 27 158 120 313 49 173 274 219 49 3 305 292 318 120 114 11 3
split_gain=24.9461 14.669 23.703 13.2893 13.6434 11.2903 11.367 12.8248 10.6275 9.67172 9.28652 10.2924 12.2588 12.942 10.8258 14.383 12.6276 11.8581 11.5611 10.5446 9.71149 15.3174 17.4943 13.638
threshold=0.067822972005887092 -2.8943022876294049 -2.8712440139818409 0.0016992365706893964 0.4345530334492298 -1.4737564864693391 108.50000000000001 0.73647264141258606 0.27794408980849666 0.66737432174277223 0.021083160337037502 1.0000000180025095e-35 0.00041666666666666669 5.8080480757837725 0.0059288769113597763 3.5000000000000004 4.0974585080508552 0.45758641663496435 0.014881145317228792 0.83396560445118884 1.1081073413279861 0.8198029686609144 0.30506197936379587 3.7071998099562449
decision_type=2 2 2 2 10 2 2 2 8 8 2 2 10 2 2 2 2 2 2 2 8 8 10 2
left_child=3 -2 -3 4 5 -1 7 -7 -8 -6 20 12 13 -12 16 -16 18 -17 -13 -20 21 23 -23 -4
right_child=1 2 10 -5 9 6 8 -9 -10 -11 11 14 -14 -15 15 17 -18 -19 19 -21 -22 22 -24 -25
leaf_value=0.0064692350596587704 -0.0019010779641884718 0.004367982021216358 9.3314594885204121e-05 -0.00699270539337011 0.0027698165234416789 0.0093677605132296837 0.00042089726493478813 -0.0019061711204092732 -0.0042048725613899832 -0.0040945095190011976 0.010046696255872649 -0.0040843769994794669 -0.00021330469086142852 -0.0015811210186673593 -0.00013835738795444489 0.0030402534178922865 0.00724347719333152 0.01378272146865428 -0.0017634166873932342 0.0049473847150215099 -0.0028726749177143884 0.0064832464165278858 -0.0012514597896176455 -0.0056633959217934357
leaf_weight=22.873246520757675 177.31257434934378 190.26699758321047 351.30262211710215 43.122351244091988 21.063549287617207 19.755531080067158 121.76074157655239 16.546977393329144 80.126784913241863 172.66406086832285 41.628769025206566 80.157357066869736 30.54350259155035 11.119467683136461 50.082746356725693 28.283188067376614 15.972568474709986 15.951450072228907 53.521256178617477 37.275855667889118 109.52560502290726 71.924419440329075 46.405685074627399 43.715190872550011
leaf_count=153 1494 1073 2357 397 156 146 916 124 598 1414 283 539 222 83 339 183 117 104 361 251 811 460 313 323
internal_value=5.37515e-05 0.000757757 0.00116254 -0.0018535 -0.00132362 0.000169165 -0.000500742 0.00443777 -0.00144295 -0.00331379 0.000533098 0.00179442 0.00482461 0.0076218 0.000854194 0.00356435 -0.000540824 0.00753344 -0.00138044 0.00104735 -0.000208271 0.000370917 0.00348335 -0.000577105
internal_weight=1852.9 1354.99 1177.68 497.913 454.791 261.063 238.19 36.3025 201.888 193.728 987.41 364.536 83.2917 52.7482 281.244 94.3174 186.927 44.2346 170.954 90.7971 622.874 513.348 118.33 395.018
internal_count=13217 9313 7819 3904 3507 1937 1784 270 1514 1570 6746 2482 588 366 1894 626 1268 287 1151 612 4264 3453 773 2680
is_linear=0
shrinkage=0.01


Tree=104
num_leaves=25
num_cat=0
split_feature=271 5 5 181 150 39 271 210 290 131 291 176 109 271 39 281 305 72 136 5 115 190 118 112
split_gain=25.5749 14.131 19.9158 13.3537 12.2295 11.5979 20.9849 16.8117 26.2923 16.4872 14.8721 13.3723 10.8547 11.0615 15.666 12.3471 13.4673 12.1577 13.4779 10.998 9.84828 9.79466 9.63874 9.33017
threshold=0.067822972005887092 -2.8943022876294049 -2.8712440139818409 0.054460838240686822 0.043537495557398422 0.079655293964861526 0.190819817369449 0.07788319464966173 0.12174780873011153 1.2475667522056213 1.8167708362225057 11.579043592341467 2.290809100281376 0.14094648630734738 0.048568274992116058 4.3638030241410108 0.44418328453768857 -14.593641926985468 0.25616100951481213 -2.5449069572849865 -0.3639235922450848 38.500000000000007 106.50000000000001 40.500000000000007
decision_type=2 2 2 2 10 2 2 2 2 8 2 2 10 2 2 2 2 2 2 2 8 2 2 2
left_child=4 -2 3 -3 -1 7 22 12 9 -9 -10 -11 13 14 15 17 -17 18 19 -4 -16 -15 -7 -13
right_child=1 2 5 -5 -6 6 -8 8 10 11 -12 23 -14 21 20 16 -18 -19 -20 -21 -22 -23 -24 -25
leaf_value=0.0018004782127139104 -0.0018354926090417051 0.010978428082265448 0.0022676822005306403 0.0030403661029070974 -0.0025056288906505999 -0.0029174987785862234 0.0040552312003965044 0.010925457449116657 0.013784343807179798 0.0075550071132447182 0.0033091398821743024 -0.0067981260357530869 0.0069947347807098256 0.00021141740167126722 -0.0025454399851816624 -0.0075301353515106178 0.0027052972471919698 -0.0041669128371446401 0.0008424441347666241 0.013228494380573899 0.0034073816687016111 0.0093873598503839591 0.0020499547916357445 0.00022993892811137685
leaf_weight=75.651180759072304 174.11039659380913 22.517038345336914 15.726394601166243 168.0320512726903 422.83159879595041 229.94708226621151 66.538213193416595 12.526890985667704 31.305428497493267 15.984099961817263 26.837281376123428 22.99599502235651 20.815745919942856 24.794597014784813 239.97039356827736 19.619885504245758 27.463520832359791 11.606813222169874 30.92874488979578 26.241015262901787 28.764292575418949 19.701518535614014 44.574882611632347 68.66766718775034
leaf_count=538 1469 122 101 952 3375 1599 410 75 208 109 182 168 146 154 1703 135 189 82 209 177 200 112 299 473
internal_value=8.51475e-05 0.000800631 0.0011954 0.00413109 -0.00184361 0.000616229 -0.000868248 0.00140439 0.00399008 0.00123504 0.00934515 -0.000135368 0.00039383 4.02531e-05 -0.000494671 0.00229804 -0.00172538 0.00453458 0.00603773 0.00954783 -0.00187558 0.00461509 -0.00209454 -0.00167386
internal_weight=1848.15 1349.67 1175.56 190.549 498.483 985.01 341.06 643.95 178.317 120.175 58.1427 107.648 465.633 444.817 400.321 131.586 47.0834 84.503 72.8962 41.9674 268.735 44.4961 274.522 91.6637
internal_count=13187 9274 7805 1074 3913 6731 2308 4423 1215 825 390 750 3208 3062 2796 893 324 569 487 278 1903 266 1898 641
is_linear=0
shrinkage=0.01


Tree=105
num_leaves=25
num_cat=0
split_feature=32 21 109 103 109 149 117 266 162 312 317 102 193 308 159 146 111 109 148 193 109 270 197 31
split_gain=29.6329 17.5691 22.0013 19.4376 19.3364 15.4838 14.2541 12.0105 13.3021 11.9873 11.6382 11.5055 11.4807 13.0433 11.4917 10.8028 13.2838 11.5608 11.8441 10.6619 10.4237 10.0951 9.9157 14.73
threshold=0.00062896092095701759 -0.11201306383186178 1.3745955474756444 1.6190982465179145 1.2469916402469974 0.092335018445142789 0.51412940550891351 1.5010729613733906 0.019362649379051789 -0.35569023132260591 -0.0042164462143839182 0.14221610330437989 0.86576265016381515 -0.0011576371428991511 0.15886436580089644 0.16558400472434306 1.6975059432757711 0.57166791703072306 0.044639362345657053 0.84021276595744687 1.5865909299338854 0.054133196238459406 -0.32954952144953481 0.019212313598110146
decision_type=2 10 10 8 10 10 10 2 10 2 2 10 8 2 10 8 8 10 10 8 10 2 8 2
left_child=1 4 -3 9 5 15 -7 -5 -9 10 -4 -11 13 -6 -15 16 -1 18 19 -17 -12 -2 23 -10
right_child=21 2 3 7 12 6 -8 8 22 11 20 -13 -14 14 -16 17 -18 -19 -20 -21 -22 -23 -24 -25
leaf_value=0.010917021829629194 -0.0071081109317657331 -0.0024090115384194865 0.0057089266485642063 0.0054443263998249268 -0.0015966741325392809 -0.0044351962097288122 0.00070461391881030549 -0.0036647984240641284 0.0053346700928017885 -0.00010374167531694858 -0.0053550767330376569 0.0074574465165204908 0.012064824869879448 0.0093630264741041153 0.0013482050578258564 0.0064567657612027846 -0.00077852204078526039 0.0031829909474393628 -0.0027942080718888307 -0.0025480384978305748 0.0018618197188761507 -0.0021362286761727033 -0.001929477404193039 -0.0018930864902422923
leaf_weight=25.157905466854572 55.535345785319805 356.58448848128319 30.277517721056938 26.907591208815575 31.236193314194679 82.119049318134785 145.46019031852484 129.17675571143627 65.811716660857201 26.5436742156744 33.080238282680511 76.200316376984119 18.185122646391392 40.074794456362724 33.136102646589279 31.777204230427742 14.084813132882116 175.79787111282349 89.793496631085873 19.013870976865292 42.588911160826683 153.99428313225508 96.175012275576591 45.625946626067162
leaf_count=140 504 2790 194 191 180 596 959 1020 463 168 231 500 106 224 191 182 94 1044 578 127 272 1340 716 350
internal_value=-2.12367e-05 0.000434005 -0.000468543 0.000744494 0.00162042 0.000847635 -0.00117745 -0.000650468 -0.00118184 0.00315644 0.000747251 0.00554422 0.00518512 0.00369019 0.00593455 0.00214545 0.00692608 0.00149296 -0.000634521 0.00311052 -0.00135991 -0.00353622 0.000386864 0.00239307
internal_weight=1844.34 1634.81 928.972 572.388 705.837 583.204 227.579 363.697 336.789 208.691 105.947 102.744 122.632 104.447 73.2109 355.625 39.2427 316.382 140.585 50.7911 75.6691 209.53 207.613 111.438
internal_count=13160 11316 6895 4105 4421 3720 1555 2740 2549 1365 697 668 701 595 415 2165 234 1931 887 309 503 1844 1529 813
is_linear=0
shrinkage=0.01


Tree=106
num_leaves=25
num_cat=0
split_feature=122 46 162 149 64 11 81 76 143 73 61 106 234 209 106 148 88 107 81 7 7 315 184 149
split_gain=24.8073 16.104 15.5083 24.7348 14.9531 13.9006 13.7828 11.9808 11.8297 11.6308 17.3656 13.5529 11.7338 10.9788 16.2012 10.7139 14.7912 13.8299 9.67607 11.9009 14.4668 12.6564 11.9257 16.7504
threshold=0.26025589624797435 1.0000000180025095e-35 0.0052424729631309185 0.26401991614255771 0.82056041688970438 0.50121577162652076 0.94026772506820999 1.0762297653184087 0.17907926583299719 334.74746907997485 852.43960632806886 0.80669223308270943 0.048400560073240353 0.77803983228511542 0.58428669156550594 0.20322256117349261 0.56943821172589459 0.32478655719780902 -0.15220359321469745 -1.1311974007526946 -0.92202942148059963 -0.096559334601391475 2.304044164484488 0.11774608833432364
decision_type=8 2 8 10 10 8 10 10 10 2 2 10 2 2 8 10 10 10 8 2 2 2 8 10
left_child=1 6 13 5 -5 9 8 -8 18 15 12 -12 -11 14 -2 -4 17 -17 -1 21 -21 22 23 -20
right_child=2 -3 3 4 -6 -7 7 -9 -10 10 11 -13 -14 -15 -16 16 -18 -19 19 20 -22 -23 -24 -25
leaf_value=-0.003351129663983893 -0.0044551506868944213 -0.002231355616127478 -0.002230621289711601 0.013264130443798358 -0.00080249793266514173 -0.0039822547730036604 0.008604154698449171 -0.00076647308407544099 0.0072898290732912241 0.0010497126822310594 -0.0019495381339457525 0.0056541777915414485 0.011394708456352985 -0.0052636665157687083 0.0023608911682070515 -0.0042701054136403387 0.01012255104950039 0.0046953645090731036 0.003671101109995435 -0.0022659730987020354 0.0032144942536186378 -0.0025961385917200311 0.011360076246292306 -0.00063969570607281731
leaf_weight=45.312765307724476 68.870494470000267 121.30863707512617 232.40773942321539 17.996232360601429 11.169767394661902 106.89921616762877 45.609272375702858 18.119279310107231 28.389508277177811 19.454312056303024 86.567674338817596 28.928051717579365 25.116004198789597 128.75703196227551 65.158487565815449 35.350622221827507 14.681376062333582 28.459188751876354 293.46410681307316 156.97166527807713 66.092725433409214 47.795663550496101 12.773145049810408 127.93645698577166
leaf_count=286 546 1060 1809 121 87 884 264 115 152 140 632 211 169 1065 516 263 99 191 1765 1042 439 314 80 840
internal_value=3.14763e-05 0.00113544 -0.00119029 -0.000305107 0.0082523 -0.000777009 0.0016273 0.0060057 0.00124717 -2.78408e-05 0.00213797 3.64197e-05 0.00723399 -0.00320612 -0.00115391 -0.00115539 0.00198261 -0.000226651 0.000990573 0.00128337 -0.000617669 0.00216375 0.00270352 0.00236445
internal_weight=1833.59 963.773 869.816 607.03 29.166 577.864 842.465 63.7286 778.736 470.965 160.066 115.496 44.5703 262.786 134.029 310.899 78.4912 63.8098 750.347 705.034 223.064 481.969 434.174 421.401
internal_count=13090 6357 6733 4606 208 4398 5297 379 4918 3514 1152 843 309 2127 1062 2362 553 454 4766 4480 1481 2999 2685 2605
is_linear=0
shrinkage=0.01


Tree=107
num_leaves=25
num_cat=0
split_feature=153 81 119 66 164 303 304 21 160 210 81 146 278 126 121 106 148 217 174 26 189 98 111 153
split_gain=17.9599 14.5823 16.3524 15.126 14.0072 14.3388 14.1018 12.0504 10.8094 11.3023 13.8485 11.9267 11.8602 11.5626 10.7188 10.671 11.2129 10.1993 9.86061 12.2911 11.599 9.71627 9.58656 9.79614
threshold=0.01564247762863535 0.94026772506820999 -0.036547619058593418 17.628273088560235 0.0018148880105401846 0.0010238490092967512 -0.028406437647141843 0.064585887776832301 0.067583317583317606 0.07479814355648802 0.27224784021808845 0.24639757485154276 -0.0070886094122376312 0.39115955323097834 -1.5012706050586926 0.5429918059673956 0.21592796738145578 0.88087354146956798 63.961111111111116 554.50000000000011 -0.18160644656068822 204.50000000000003 2.9260052402151118 0.0048840121653050276
decision_type=10 10 10 2 10 2 2 10 10 2 10 10 8 10 8 10 10 2 10 2 8 2 10 10
left_child=1 2 8 17 14 6 -6 -5 9 11 -11 -1 -13 -14 -2 18 22 -4 -3 20 -20 -12 23 -17
right_child=4 15 3 7 5 -7 -8 -9 -10 10 21 12 13 -15 -16 16 -18 -19 19 -21 -22 -23 -24 -25
leaf_value=-0.0021871002303392494 0.0045341119639078463 -0.0069566072228923392 -0.0017110261182856404 0.0029369655183840806 0.0065337351207175745 0.0086217128181915754 -0.0035450220830636997 -0.0011392411835112134 0.0047564143612830387 0.0010065901597334239 0.0088404503210144803 -0.0056349330282438985 -0.00078341266433139668 0.006660885277571982 -0.0038910596676696657 0.00075860179077862067 0.0085702285622512153 -0.0064323769361439029 -0.0027165328907441779 0.0090732076542570997 0.0045436626397945216 -0.00032597006873592719 -0.0028653927581922273 0.007462092071152766
leaf_weight=182.96701541543007 13.78678824752569 13.158201873302458 260.2770831733942 121.88679876178503 16.152417957782745 18.097891457378864 48.795053012669086 170.36447443813086 73.479486659169197 238.75807565450668 40.887024194002151 13.956257358193396 34.392924755811691 47.365949541330338 214.28608182072639 45.777762800455093 43.129007421433926 54.12188084423542 57.059918507933617 14.853123247623442 31.938785560429096 15.169275961816309 23.312199465930462 40.768507294356823
leaf_count=1244 109 89 1970 835 117 130 365 1326 453 1572 249 88 220 289 1792 297 272 435 407 94 222 89 161 277
internal_value=0.000120535 0.000568881 0.000111809 -0.0010642 -0.00205719 0.00141548 -0.000854788 0.000569271 0.0012159 0.00073931 0.00209602 -0.000699014 0.00211638 0.00359624 -0.00332788 0.00266415 0.00437879 -0.00257728 0.00036324 0.00146066 -4.0134e-05 0.0064467 0.00254979 0.00406443
internal_weight=1834.74 1523.62 1253.63 606.65 311.118 83.0454 64.9475 292.251 646.976 573.497 294.814 278.682 95.7151 81.7589 228.073 269.998 152.987 314.399 117.01 103.852 88.9987 56.0563 109.858 86.5463
internal_count=13102 10589 8770 4566 2513 612 482 2161 4204 3751 1910 1841 597 509 1901 1819 1007 2405 812 723 629 338 735 574
is_linear=0
shrinkage=0.01


Tree=108
num_leaves=25
num_cat=0
split_feature=5 5 131 316 109 99 123 109 307 10 108 120 77 109 251 308 189 177 163 237 83 164 48 163
split_gain=23.654 24.9656 15.1968 19.7252 12.863 19.8688 14.4196 14.269 12.9833 10.7203 14.0426 11.3812 10.195 15.133 9.74968 9.57951 9.77765 10.2801 9.57728 9.22749 9.65966 9.22472 12.1467 9.06053
threshold=-2.8996003220412478 -2.8712440139818409 1.0867398045584185 0.022128372421089764 2.2683624778100966 0.68425175267378524 1.8966116636373249 1.4088891440721518 -0.0044489534910275713 1.1135147280970215 0.56067031348859764 0.77429938180495117 2.5880163276419457 1.679282783170992 0.021805555555555561 0.0015273871077435654 -0.088458710672168081 7.5301793396404362 0.0046403962101636527 -0.047113126559711595 2.8977621706799148 0.0061539044156631072 55.500000000000007 0.0037209334524032039
decision_type=2 2 8 2 10 8 10 10 2 2 8 8 10 10 2 2 10 10 10 2 10 10 2 10
left_child=19 -2 3 -3 6 -6 7 9 12 10 11 14 13 -9 -4 16 17 -16 -11 20 -1 -8 -23 -10
right_child=1 2 4 -5 5 -7 21 8 23 18 -12 -13 -14 -15 15 -17 -18 -19 -20 -21 -22 22 -24 -25
leaf_value=-0.0042761331553593952 0.0034419091741748177 -0.00023036376687644882 0.0070651814838174455 0.011329554606730678 0.013405010777004711 0.00068087583491700408 -0.0029922958241737157 -0.00018862074082987715 0.0073453204080436733 -0.0050936688830608805 0.0027028192585301868 -0.0025626872050877204 -0.0015987157714604187 0.01059833046388581 0.00094646542208583846 -0.0029744365381226992 -0.0055197580795424972 0.0080217978796947968 0.0013291161125190054 0.0039198076428451105 0.003034508615837127 -0.0035428421877928794 0.0081930553132524026 0.0012705049987960977
leaf_weight=181.59230262041092 244.09450114518404 32.476652473211288 18.222148910164833 23.802683964371681 14.218959107995031 45.608332805335522 261.83051564544439 35.376423545181751 58.611980564892292 82.572687260806561 139.316371075809 214.72388908267021 99.321524433791637 17.476823329925537 124.65129409730434 73.148598395287991 15.895673654973505 22.12668064981699 30.192090727388859 15.401444733142851 17.86186957359314 14.544957846403124 15.467178620398043 43.990082919597626
leaf_count=1603 1426 208 114 144 88 341 2139 220 389 645 949 1563 657 105 822 483 109 141 217 135 155 111 107 285
internal_value=9.91447e-05 0.000512895 -9.11439e-06 0.00495111 -0.000230319 0.00419162 -0.000448745 0.000135433 0.00215699 -0.000583332 -5.07249e-05 -0.000882561 0.00027592 0.00371874 0.000546219 -3.13635e-05 0.00131426 0.00215186 -0.00337486 -0.00299644 -0.00358303 -0.00238756 0.0026601 0.00485475
internal_weight=1842.53 1627.67 1383.58 56.2793 1327.3 59.8273 1267.47 975.626 254.777 720.849 608.085 468.768 152.175 52.8532 254.044 235.822 162.674 146.778 112.765 214.856 199.454 291.843 30.0121 102.602
internal_count=13156 11263 9837 352 9485 429 9056 6699 1656 5043 4181 3232 982 325 1669 1555 1072 963 862 1893 1758 2357 218 674
is_linear=0
shrinkage=0.01


Tree=109
num_leaves=25
num_cat=0
split_feature=5 5 123 117 123 164 154 181 112 127 82 109 295 109 310 84 87 282 129 208 197 5 299 29
split_gain=22.7724 30.0455 18.5586 17.4617 16.2088 15.0425 14.6822 11.8944 11.8925 11.0256 18.0574 11.3425 12.1968 10.9049 10.4175 10.6666 14.3467 11.5932 17.1162 10.7077 10.4759 11.8225 9.56094 9.41505
threshold=-2.8996003220412478 -2.8712440139818409 1.8966116636373249 1.1899112984831832 1.3569142342946392 0.0061539044156631072 0.011722021566164155 0.054460838240686822 37.500000000000007 0.93714373007140284 0.50565714063109357 1.679282783170992 0.11713334080003361 1.4519439082294652 -0.44389419839428157 20.544132471151432 1.8290872441133801 -0.010402139509605854 1.2191401158480704 1.0528545547460932 -0.1448094510113099 -2.6691304508788951 0.0031460680512194199 0.26705427666790615
decision_type=2 2 10 10 10 10 10 2 2 10 8 8 2 10 2 2 10 10 10 2 10 2 2 2
left_child=-1 7 3 4 14 -4 9 -2 -7 10 -5 12 -12 -6 -3 16 17 18 -16 -17 21 -19 -20 -9
right_child=1 2 5 6 13 8 -8 23 -10 -11 11 -13 -14 -15 15 19 -18 20 22 -21 -22 -23 -24 -25
leaf_value=-0.0029934138739532734 0.0092427242680528151 -0.0016029624589212576 -0.0029866062632345931 0.0099940888390713419 -0.0041196168618071174 -0.0014473633915981154 0.0094655583854457801 0.005150715612457204 0.0080983979186751986 -0.0035214640871061957 0.0046860405002056892 0.0046246090905053437 -0.0046544462911517785 0.00077920434671274134 -0.003061859002989446 0.010499520139678132 -0.0023473940217017988 -0.0005159193268256541 0.011046197884175435 0.0023276293219554882 -0.00011763125138871506 0.0063852074300818256 -0.00065945391863841951 0.00088887178155124924
leaf_weight=216.0750368013978 30.851039350032806 149.21522664278746 294.63236180692911 27.375761158764362 136.62489908188581 27.048055410385132 29.109807126224041 89.586207523941994 20.932286337018013 27.585289664566517 17.788945205509663 48.890758946537971 41.061662532389164 65.752392210066319 80.916584022343159 20.100377805531025 109.58385354280472 31.524468801915646 13.140398345887663 63.341006696224213 62.880916804075241 103.37055495381355 11.575083576142786 123.00536147505045
leaf_count=1908 173 985 2402 171 1093 199 184 524 143 188 116 303 279 472 544 121 766 198 88 391 436 672 82 718
internal_value=3.42274e-05 0.000441728 -0.00013057 0.000534474 -8.40895e-05 -0.00213972 0.00323573 0.0036598 0.00291713 0.00197174 0.00314996 0.00118977 -0.00172893 -0.00253431 0.000690106 0.00138657 0.000710243 0.00182942 -0.000824459 0.00458873 0.00324349 0.00478772 0.0060245 0.00273374
internal_weight=1841.97 1625.89 1382.45 1039.84 848.026 342.613 191.812 243.443 47.9803 162.702 135.117 107.741 58.8506 202.377 645.648 496.433 412.992 303.408 105.632 83.4414 197.776 134.895 24.7155 212.592
internal_count=13156 11248 9833 7089 5848 2744 1241 1415 342 1057 869 698 395 1565 4283 3298 2786 2020 714 512 1306 870 170 1242
is_linear=0
shrinkage=0.01


Tree=110
num_leaves=25
num_cat=0
split_feature=5 5 119 116 105 233 277 23 171 122 233 184 149 105 94 281 292 297 134 165 92 270 117 101
split_gain=21.7485 26.7977 15.3448 21.0487 17.7031 13.478 12.4041 12.4626 12.0724 11.1247 12.5035 16.0328 11.3397 15.6844 11.3736 10.217 10.2571 20.2437 9.65401 9.40097 11.7078 11.1881 10.3106 9.81717
threshold=-2.8983711643309662 -2.8712440139818409 0.1645283755538979 0.33230128323152541 0.28992395043123026 0.79315229071016913 -0.021264510775260852 -1.046130925948429 6.393322816881601 1.5564754717784923 0.75010766580534038 1.8470618278637969 0.13666830510746686 1.2844842047181657 0.48028405308142447 3.6888586945937991 -0.0034691164778374085 -0.022662804776411968 0.19157646633707279 179.61707175925929 105.50000000000001 0.080853593746047017 0.527590766432534 -0.95255874669038898
decision_type=2 2 8 10 10 2 8 8 10 10 2 8 8 8 10 2 2 2 2 2 2 2 8 10
left_child=-1 15 4 -4 6 9 -3 -8 -7 10 12 -12 -5 14 -14 -2 17 -17 19 20 21 -6 -21 -22
right_child=1 2 3 5 18 8 7 -9 -10 -11 11 -13 13 -15 -16 16 -18 -19 -20 22 23 -23 -24 -25
leaf_value=-0.0027843556280124394 0.0056418135108158556 -0.0046934232645929694 -0.0021614582893444544 -0.0051697938805168112 0.0071835137789748402 0.0048805189485856713 0.0088935195483895012 -0.00019145253570089716 -0.005298018022192443 -0.0044777968410392322 0.014005387483563312 0.001327306573008821 0.0084916157354126189 0.0075010232705231376 -0.00056015280360416093 -0.0027928292265364664 -0.0010126336521729784 0.01007072922595181 0.010141763636954276 -0.0002878941857213643 -0.0034296181136868305 -0.0018308550161450644 0.0059228496776819167 0.0033494532961477115
leaf_weight=227.36430690437555 118.67890204489231 56.117543779313564 506.14101721346378 18.503735758364201 37.512877851724625 12.700299680233 13.423446863889692 207.30032081902027 46.704806819558144 19.858434423804283 18.258455246686935 20.541042298078537 13.106241092085837 43.852587379515171 104.21437826752663 18.78655668348074 68.938160113990307 27.188269980251789 14.738881409168242 35.509032107889652 68.831368267536163 19.189864411950111 98.797038719058037 27.718331038951874
leaf_count=1991 666 383 3966 139 240 93 80 1366 363 160 127 150 86 299 737 112 402 155 86 232 433 121 592 178
internal_value=9.11785e-05 0.000500399 -3.06824e-05 -0.000924159 0.00120624 0.00117637 -0.00061607 0.00046251 -0.00298229 0.00224002 0.00290484 0.00786608 0.00172223 0.00259546 0.000619465 0.00361162 0.0014208 0.00493698 0.00286861 0.00239679 0.000673203 0.00417401 0.00430148 -0.00143315
internal_weight=1843.98 1616.61 1383.02 803.881 579.139 297.74 276.841 220.724 59.4051 238.335 218.476 38.7995 179.677 161.173 117.321 233.592 114.913 45.9748 302.297 287.559 153.252 56.7027 134.306 96.5497
internal_count=13157 11166 9831 6120 3711 2154 1829 1446 456 1698 1538 277 1261 1122 823 1335 669 267 1882 1796 972 361 824 611
is_linear=0
shrinkage=0.01


Tree=111
num_leaves=25
num_cat=0
split_feature=32 119 116 105 313 262 84 36 215 124 187 81 158 186 88 312 272 119 109 41 174 318 278 156
split_gain=23.7779 19.8524 14.2018 12.9034 11.6859 10.8675 11.835 15.0113 12.6955 12.3095 13.6996 12.9396 14.2776 14.3181 12.2675 12.4512 12.0545 10.6412 12.1397 12.4149 9.28928 10.2919 11.8749 8.97398
threshold=0.0014316399604838677 0.44062539308307441 0.32527398595925777 1.1527430024524448 -0.06235710101046759 -0.99788036317089934 20.544132471151432 0.030123972134191462 -0.50517038982857809 11.500000000000002 0.010443935427574174 -0.12512189996826864 0.34150635520439715 0.099194939620471559 1.3271276844524096 -0.31937610281030721 0.084308450869201704 1.0815929270940521 2.2401007594983091 642.50000000000011 56.462638888888897 1.2784450517836594 -0.0046926336002254924 1.0000000180025095e-35
decision_type=2 10 8 10 2 8 2 2 2 2 10 8 10 8 8 2 2 10 8 2 10 2 8 8
left_child=1 3 -3 5 -2 -1 8 20 9 11 -11 -7 13 16 -15 -16 -13 18 19 23 -8 22 -22 -4
right_child=4 2 17 -5 -6 6 7 -9 -10 10 -12 12 -14 14 15 -17 -18 -19 -20 -21 21 -23 -24 -25
leaf_value=0.0080792502669316917 0.0016939608497558026 -0.0024566760522682037 0.0067515239373805037 0.0062131647737184914 -0.0046744936228331297 -0.0028921269340631862 -0.002743661202647386 0.0065387332297825217 -0.0015875164074360595 -0.0045315561148025867 0.0029659715094151611 0.0025299665302074593 -0.0035977467017665778 0.0086647650037026212 0.0055967395645588969 -0.0057203214203058843 -0.0041200483262324675 -0.0019247787592860455 0.0084234898545658028 0.0092450331107903367 -0.0010523230654659011 -0.0038177716851132575 0.0062623496373490264 -0.00085196861151711867
leaf_weight=18.712533429265022 34.390081316232681 309.67748249322176 14.782448776066301 48.009230874478817 137.83291102945805 48.142634756863117 43.145569182932377 72.678881704807281 243.3223978728056 66.964201129972935 34.881337746977806 230.92399993538857 32.912299685180187 65.993568584322929 22.208413317799568 13.085330992937086 28.167939253151417 100.56983165442944 23.217474557459354 13.566474884748457 31.71916351467371 18.569181144237518 64.403277836740017 127.27297239005566
leaf_count=98 302 2522 104 290 1248 319 269 440 1731 422 213 1500 233 404 143 86 187 807 151 92 192 119 389 913
internal_value=0.000116102 0.000482802 -0.000990793 0.00128515 -0.0033902 0.00103941 0.000886763 0.00286518 0.000297479 0.00114744 -0.00194326 0.00187065 0.00247277 0.00305375 0.00619933 0.00126084 0.00176629 0.000638682 0.00209335 0.00100851 0.00108165 0.00256082 0.00387747 4.91276e-05
internal_weight=1845.15 1672.93 589.087 1083.84 172.223 1035.83 1017.12 230.516 786.602 543.28 101.846 441.434 393.292 360.379 101.287 35.2937 259.092 279.409 178.839 155.622 157.837 114.692 96.1224 142.055
internal_count=13174 11624 4589 7035 1550 6745 6647 1409 5238 3507 635 2872 2553 2320 633 229 1687 2067 1260 1109 969 700 581 1017
is_linear=0
shrinkage=0.01


Tree=112
num_leaves=25
num_cat=0
split_feature=5 5 131 249 107 119 39 84 174 116 13 312 258 108 181 149 294 306 181 256 174 64 67 42
split_gain=19.1827 27.5079 16.1555 18.8444 14.4125 20.7847 11.876 11.2402 10.62 10.4676 11.9841 10.8134 10.1478 9.6664 10.0609 10.3257 9.50868 13.1919 9.3691 10.5551 9.95056 9.23084 9.09633 8.65045
threshold=-2.8983711643309662 -2.8712440139818409 1.6306762194233919 0.096006144393241177 -0.097197664706450512 0.54784603840743828 0.080019286403085838 15.943517599420257 58.931805555555563 0.28086330444808666 0.92712305969083919 -0.17611601728754878 -0.51266917588911076 0.94514344071718093 0.12894743840334014 0.20493251462665821 0.0027750183159575008 0.80378413116666969 0.050368772991682229 61.500000000000007 75.777500000000018 0.94512565731308451 122.3583805419896 140.50000000000003
decision_type=2 2 8 2 10 10 2 2 10 8 10 2 2 10 2 10 2 2 2 2 10 10 2 2
left_child=-1 18 3 16 22 7 -5 12 -9 10 11 -7 -6 14 15 21 17 -3 -2 -20 -21 -10 -4 -24
right_child=1 2 4 6 5 9 -8 8 13 -11 -12 -13 -14 -15 -16 -17 -18 -19 19 20 -22 -23 23 -25
leaf_value=-0.0026766093320007111 0.0094706555896314718 0.0080702924073907927 -0.00037131111980469897 0.011466653987249102 0.0036848956544840005 -0.0029947199968871786 0.0021844685131682936 -0.00099078954330308324 0.008498378872942294 -5.8132793668112329e-06 -0.0063665006295133024 0.0060618637517209162 -0.0011368798353585969 0.0084551679049378343 -0.0035481987421162537 -0.002312881149267536 -0.0035944258954985664 -0.002195700326980664 -0.0023803369512190977 0.0013862770635140096 0.0061783095120532226 -0.00024906181158577885 -0.0047809420012800592 -0.0012064389338091936
leaf_weight=228.20666380226612 22.109145171940327 22.060612313449383 257.60586583614349 29.578249007463455 60.707191124558449 39.049773439764977 27.385795667767525 35.400914378464222 44.853402219712734 212.94143412262201 68.094496786594391 16.391888417303562 136.38332258909941 50.803905382752419 17.041513249278069 15.973990246653555 37.681387849152088 23.036368623375893 30.723645552992821 90.574847064912319 85.481538996100426 15.639304816722868 134.52189116179943 140.47362144291401
leaf_count=2008 123 141 1842 183 399 319 163 221 273 1605 570 132 959 300 113 112 253 151 188 511 484 102 1021 992
internal_value=1.81575e-05 0.000403711 -0.000128654 0.00305963 -0.000493217 0.000434907 0.00733678 0.0020419 0.00383071 -0.00136373 -0.00364366 -0.000134782 0.000374506 0.00501662 0.00294375 0.00447856 -1.76558e-05 0.00298578 0.00359292 0.00283983 0.00377978 0.00631119 -0.0017338 -0.00298965
internal_weight=1842.72 1614.51 1385.62 139.742 1245.88 713.281 56.964 376.804 179.713 336.478 123.536 55.4417 197.091 144.312 93.5082 76.4667 82.7784 45.097 228.889 206.78 176.056 60.4927 532.601 274.996
internal_count=13165 11157 9851 891 8960 5105 346 2479 1121 2626 1021 451 1358 900 600 487 545 292 1306 1183 995 375 3855 2013
is_linear=0
shrinkage=0.01


Tree=113
num_leaves=25
num_cat=0
split_feature=3 109 73 271 200 77 102 105 29 93 121 119 160 192 192 109 181 192 22 28 220 59 20 93
split_gain=21.3846 21.7194 16.3396 16.8253 14.5961 13.2192 12.0236 14.8633 11.5913 12.0976 16.9198 11.8093 16.2685 10.6839 13.6992 13.8798 12.669 11.2962 10.9213 10.3701 10.1374 10.3923 9.74804 15.6516
threshold=2.5471693845014545 1.5322344754976167 331.94907686362473 0.13798170519497577 0.96225156342871043 3.0938428310635673 0.10384270524800886 0.77282784264027671 0.25491683775179269 -0.055748838389969378 -0.16926430037507084 0.073559355304153126 0.035912789805005375 -0.19964440331087552 0.87688231866361177 1.2005540792198659 0.14085597174377537 1.0323192656334419 -0.58945696066114517 0.26110810160105941 0.51298920377867752 2.5974650442333793 0.0054514108035722758 -0.45480038042718279
decision_type=2 10 2 2 2 8 10 10 2 10 10 10 8 10 10 8 2 10 10 2 2 10 8 10
left_child=1 6 3 -2 -3 19 7 13 -4 11 -11 12 -10 -1 15 16 22 -16 -18 20 21 -5 -15 -24
right_child=2 4 8 5 -6 -7 -8 -9 9 10 -12 -13 -14 14 17 -17 18 -19 -20 -21 -22 -23 23 -25
leaf_value=-0.0021859944654468257 -0.0022641651371747909 0.00035776986256679069 -0.0021814852083627714 -0.0030092257781763089 0.012970448658335486 -0.0023931936382143664 -0.0023651487848048202 0.0098534473484942573 -0.0031333328718775679 0.011075310458329841 -0.00052152155967714322 -0.00028723239735104904 0.0081268632696685286 0.00067067466556533701 -0.0051043344295105177 0.010092972634143755 0.0023411182573547409 0.0009490634336408603 0.013995186858038848 -0.0041697996937768494 0.0097632204545198865 0.0049343117353894033 0.01369850946423746 -0.00021816314318543576
leaf_weight=74.910540141165257 637.01222591847181 14.532418228685854 84.182350270450115 22.060098856687546 23.699382908642292 60.22173959761858 86.690934203565121 18.177596166729927 16.331258997321129 28.017945699393749 20.556339219212532 176.14377677440643 40.184149324893951 193.04597606509924 36.086096957325935 24.041371889412403 18.806598223745823 145.09437116235495 13.76668845117092 13.527926728129385 24.399394527077675 47.325380779802799 13.03727223724127 15.995319277048109
leaf_count=509 4933 92 614 145 142 413 661 111 114 190 160 1315 242 1274 239 148 122 962 84 87 149 298 87 111
internal_value=8.92986e-05 0.00149952 -0.000728585 -0.00152388 0.0085571 0.00127576 0.00104015 0.0015852 0.00101795 0.00199144 0.00639027 0.00100277 0.00486175 0.0012517 0.00182385 0.00320464 0.00244623 -0.000311291 0.00802255 0.00335249 0.00453868 0.00237577 0.00153285 0.00666335
internal_weight=1847.85 677.885 1169.96 804.547 38.2318 167.535 639.653 552.962 365.416 281.233 48.5743 232.659 56.5154 534.784 459.874 278.693 254.652 181.18 32.5733 107.313 93.7849 69.3855 222.079 29.0326
internal_count=13202 4542 8660 6025 234 1092 4308 3647 2635 2021 350 1671 356 3536 3027 1826 1678 1201 206 679 592 443 1472 198
is_linear=0
shrinkage=0.01


Tree=114
num_leaves=25
num_cat=0
split_feature=271 76 294 73 168 149 268 83 79 120 209 49 304 310 189 76 162 273 211 82 303 270 310 319
split_gain=21.287 16.2756 13.0682 15.4304 14.4653 13.3253 12.3455 11.3307 14.1386 13.1223 13.4615 11.0937 10.9289 11.411 10.6834 10.4849 10.7546 10.1679 11.3773 15.8916 10.1442 10.0653 9.94371 9.94309
threshold=0.067822972005887092 0.707009975630013 -0.13667565238805349 315.53479370826329 162.50000000000003 0.086628386253162409 0.44460149860521142 1.0522255815543915 115.83014928064594 0.80027054189581903 0.79555335968379459 4.5000000000000009 -0.10428933863806726 -0.23886692281093619 -0.038612483176898325 0.76406935757629135 1.0000000180025095e-35 3.3940374936422892 0.0093025268258913139 0.60085010945878292 0.005775222172263267 0.049188557508723425 -0.54388454701501199 0.34216915610667964
decision_type=2 10 2 2 2 10 2 10 2 10 2 2 2 2 8 10 10 10 2 10 2 2 2 2
left_child=1 6 12 5 23 7 -1 8 9 10 11 -4 -2 22 -3 16 -6 -7 -19 -20 -21 -17 -14 -5
right_child=2 14 3 4 15 17 -8 -9 -10 -11 -12 -13 13 -15 -16 21 -18 18 19 20 -22 -23 -24 -25
leaf_value=0.0067165266927307708 -0.0015818068161349117 -0.0029757894229000686 0.010402965414289493 0.0079359879142066065 0.00070098430954613773 0.00016601636084953713 -0.0019675996174175819 0.0032048767761006327 -0.0070543214925775132 -0.0047905390118698149 -0.001017290365187797 -1.8893071318816355e-05 0.0029034264861302179 4.1401263850647892e-05 0.0018119172687969442 0.0063066456307707113 0.0086220322720611288 -0.0033258517573961995 -0.0036245175733007179 0.010928925438978528 -0.00034529137687684642 -0.0007885128573285853 0.013098359063813856 -0.0014693039943686143
leaf_weight=34.774728342890739 20.867233149707317 379.52089592814445 26.028941266238689 57.558759868144989 37.033533215522766 332.51530963927507 26.923822216689587 169.65217200666666 24.750582009553909 27.314628042280674 43.452285334467888 15.491226449608801 18.218589887022972 19.462011270225048 50.884189039468765 19.651742957532406 30.505988761782646 239.28396309167147 28.304983071982861 16.718126013875011 12.910927452147005 177.177181892097 24.69960268586874 12.614995591342447
leaf_count=237 141 3045 154 395 243 2356 207 1058 167 193 280 93 122 136 403 128 184 1746 204 118 95 1237 164 90
internal_value=6.66911e-05 -0.00170806 0.000714582 0.00045722 0.00229116 -0.000201836 0.00299151 0.00149769 -0.000630749 0.000915485 0.00285683 0.00673955 0.00448734 0.00651353 -0.00239927 0.00118401 0.00449667 -0.00103414 -0.00236905 0.00153695 0.0063846 0 0.0092416 0.00623999
internal_weight=1846.32 492.104 1354.21 1270.97 334.542 936.423 61.6986 306.69 137.038 112.287 84.9725 41.5202 83.2474 62.3802 430.405 264.368 67.5395 629.733 297.218 57.934 29.6291 196.829 42.9182 70.1738
internal_count=13196 3892 9304 8741 2277 6464 444 1945 887 720 527 247 563 422 3448 1792 427 4519 2163 417 213 1365 286 485
is_linear=0
shrinkage=0.01


Tree=115
num_leaves=25
num_cat=0
split_feature=32 122 113 308 200 114 120 270 268 15 103 209 232 271 252 210 119 44 28 282 124 33 114 143
split_gain=18.3937 17.7176 15.6263 14.7093 17.1087 12.726 19.1359 12.0815 11.7611 11.3454 10.7556 10.741 10.3531 10.1408 9.84127 12.3063 9.76954 13.3893 9.6263 8.80242 9.09809 8.78516 8.77122 8.72064
threshold=0.0014316399604838677 0.26025589624797435 0.26477367783031797 0.0010088777550745385 2.139381385905978 0.72620955713536361 0.80910960197290394 0.055146987253389984 0.21540392661079424 -0.91433926636597496 1.6019459072125179 0.80444664031620572 0.98086897047011734 0.12795834151016353 94.500000000000014 0.037175234936428971 0.8871444963249796 49.500000000000007 0.22050639223021942 0.058629542500510251 6.5000000000000009 0.03778703649464004 0.52080938866444493 0.01396277213015829
decision_type=2 8 10 2 2 8 10 2 2 2 8 2 2 2 2 2 10 2 2 10 2 2 10 8
left_child=1 5 23 16 8 6 12 -2 -5 -8 18 -9 13 -1 19 -16 17 -4 21 -14 -21 -7 -17 -3
right_child=7 2 3 4 -6 10 9 11 -10 -11 -12 -13 14 -15 15 22 -18 -19 -20 20 -22 -23 -24 -25
leaf_value=0.00093190057040733448 -0.0072530579225700189 -0.0029881801286526805 0.00025919505400926623 0.0012936798373897622 -0.00026792482940424939 -0.0019101456215122957 -0.0031142696804437727 0.0011444832800674134 0.01208116545029443 0.0043912492411454992 -0.0016999059152237666 -0.0046372683300596757 -0.0017950173188229239 0.0083003612281867499 0.0093058105634466048 -0.001534875112228882 -0.0023036368477170554 0.0091045115972049201 0.0048466075968066884 -0.0017048735696940864 0.0085076381603393248 0.0042203386783769047 0.0042491629891957313 8.5188100290391739e-05
leaf_weight=35.569420486688614 46.400867521762848 289.2657304033637 141.13977634161711 16.448575973510742 42.374068513512611 49.624014250934124 161.4106473326683 72.377412490546703 28.115074269473553 20.328893154859543 42.049089126288891 53.470997393131256 138.23453488945961 39.352276526391506 21.991946436464787 50.16634663194418 131.9855500459671 16.708399228751659 193.84360157698393 14.441757991909983 16.1053776293993 39.343241155147552 49.322167590260506 133.84379062056541
leaf_count=230 436 2343 972 110 308 305 1126 637 195 144 285 485 883 222 138 316 1053 105 1135 93 95 229 292 1044
internal_value=4.38505e-05 0.000366787 -0.000705925 0.000770629 0.0043086 0.00135128 0.000413089 -0.00303956 0.00843688 -0.00221459 0.00291042 -0.00135237 0.00173054 0.00497696 0.000849026 0.00298722 -0.000318675 0.00134616 0.00360952 -0.00070802 0.00391492 0.000836578 0.00136108 -0.00201951
internal_weight=1843.91 1671.66 799.881 376.771 86.9377 871.783 546.923 172.249 44.5637 181.74 324.86 125.848 365.184 74.9217 290.262 121.48 289.834 157.848 282.811 168.782 30.5471 88.9673 99.4885 423.11
internal_count=13181 11623 6130 2743 613 5493 3539 1558 305 1270 1954 1122 2269 452 1817 746 2130 1077 1669 1071 188 534 608 3387
is_linear=0
shrinkage=0.01


Tree=116
num_leaves=25
num_cat=0
split_feature=32 271 262 31 71 3 45 72 165 296 81 302 162 7 227 15 131 105 200 105 72 259 116 294
split_gain=21.4514 16.5502 13.4901 13.4305 12.3943 17.0776 14.8991 13.9152 12.7094 12.354 12.0802 12.0085 11.3558 14.3294 14.3183 10.9141 10.8601 10.5924 10.4961 9.94039 9.45776 9.16505 15.1489 10.8494
threshold=0.0014316399604838677 0.052674495872370851 -0.99788036317089934 0.0027945977185044805 1.8389733079629436 2.5471693845014545 2.5000000000000004 27.426188707373985 179.61707175925929 0.7784946235263378 -0.15220359321469745 -0.0049195945952818345 0.0039735169045513876 -1.3611477022973573 0.0047961906514538107 -0.88493606505437927 2.1996865204579295 0.7874078956365077 2.268854757045959 0.47031705661845763 -107.5848058784028 -0.51444745081791099 -0.23936034019633587 -0.07131845523002843
decision_type=2 2 8 2 10 2 2 2 2 2 10 2 10 2 2 2 10 10 2 10 2 8 8 2
left_child=1 3 -3 18 5 10 12 15 -7 -10 -4 -11 13 -6 16 20 -14 -18 -1 -13 -8 -12 -23 -24
right_child=-2 2 4 -5 6 8 7 -9 9 11 21 19 14 -15 -16 -17 17 -19 -20 -21 -22 22 23 -25
leaf_value=-0.00062377476104321272 -0.0033263085392694308 0.00863762308795675 -0.0038544894083159093 -0.004130483229776662 0.0063070677315615956 -0.0036200006012265203 -0.0047052079285029311 0.0037332726705860994 -0.0027506876431722849 -0.0014191371813098168 0.0029503757878227878 0.002474390181434495 0.0012716027208561631 -0.0028108585847614839 0.0073513866704710265 -0.0041078040146381089 0.00073590852773160545 0.012747868066445431 0.0082694552300895813 0.012407579933651871 0.0026406337060545316 -0.0053672855193153471 0.0071703302771947306 5.9249793995008862e-05
leaf_weight=156.16878279298544 171.16597636789083 18.976043045520782 40.881683543324471 130.41078799217939 21.221702933311462 180.20665365457535 20.464128442108631 64.364632219076157 66.95384231954813 33.868886433541775 232.80185270309448 29.87810868024826 153.77640734612942 57.869526512920856 87.294311419129372 85.285804592072964 13.260273791849615 15.311331935226915 11.636237338185309 14.335355244576929 67.938474781811237 38.751391559839249 24.45795164257288 101.84684828668833
leaf_count=1171 1553 98 255 1087 123 1327 144 447 483 242 1435 207 996 399 551 662 85 92 88 100 475 269 162 697
internal_value=1.45715e-05 0.000363089 0.000828745 -0.00176002 0.000700402 -0.000138515 0.00178977 -0.000136375 -0.00186733 0.000331223 0.00114456 0.00299017 0.00309795 -0.000218172 0.00406648 -0.00161309 0.00239983 0.00777585 0.000114377 0.00627108 0.000835549 0.00168443 -0.000114793 0.0015715
internal_weight=1839.13 1667.96 1369.75 298.216 1350.77 763.983 586.787 238.053 325.243 145.036 438.74 78.0824 348.734 79.0912 269.642 173.688 182.348 28.5716 167.805 44.2135 88.4026 397.858 165.056 126.305
internal_count=13148 11595 9249 2346 9151 5177 3974 1728 2359 1032 2818 549 2246 522 1724 1281 1173 177 1259 307 619 2563 1128 859
is_linear=0
shrinkage=0.01


Tree=117
num_leaves=25
num_cat=0
split_feature=32 122 105 151 109 122 308 129 116 125 192 71 5 270 302 309 289 201 316 82 138 305 29 148
split_gain=25.6311 19.2703 17.7473 16.8002 12.9652 16.854 13.1483 23.3678 12.5104 12.4447 12.1962 10.7105 9.80692 9.60794 9.39875 9.28971 11.2607 11.3201 9.06268 9.04638 10.9668 9.69609 9.29889 9.03462
threshold=0.0014316399604838677 0.62680524993752162 1.0801467272519485 0.083200212992545278 1.1685457581177501 -0.021594023724452922 0.0020336052294024107 1.5650392278509155 -0.05829358854692987 1.2219874922180727 0.57247572898271593 2.9913326147244166 -2.6478628692053685 0.054802181974196319 0.01226721925394164 -0.0019661365595831644 0.033755734112652098 0.85689907362262319 0.039288874841972195 0.81384344644133166 0.16095597011464516 0.46791948841462572 0.26522812480296448 0.20015898251192374
decision_type=2 10 10 10 10 10 2 10 10 10 8 8 2 2 2 2 2 2 2 10 2 2 2 10
left_child=1 2 3 4 5 14 9 12 -7 15 -10 -3 -8 -2 18 -6 -17 -18 -1 20 -13 -22 -21 -4
right_child=13 11 23 -5 6 8 7 -9 10 -11 -12 19 -14 -15 -16 16 17 -19 -20 22 21 -23 -24 -25
leaf_value=0.00078700931430007184 -0.0073852045229493134 -0.0021537769649967839 0.002222309083198361 -0.0035871166783390546 0.00038782360981596913 -0.0041763989563862623 0.0059375801135237941 0.012650122631713882 0.0070783126991832137 -0.0035318896138133537 -0.0011783477249006598 -0.0051595725678561122 -0.002464048909463517 -0.0020355506588041489 0.0030531063245179267 0.0071914174914146593 -0.0025022911360748647 0.0064565727213436973 -0.0049554508830763309 -0.00086852258971335534 -0.0018346960053352804 0.0088026617389012716 0.009907626741503129 0.0082482412683461022
leaf_weight=265.05629840493202 45.698584698140621 340.01913034170866 59.0440559014678 80.73307965695858 116.39137454330921 117.86211106181145 24.309437789022923 30.30157183110714 19.775664940476418 38.637535274028778 82.69058059155941 25.821426056325436 25.877164706587791 123.60368232429028 188.38218564540148 62.187236107885838 34.207185104489326 19.951985239982605 27.773180805146694 11.964269138872625 16.101359978318218 13.490854039788244 18.241359360516071 45.221582874655724
leaf_count=1691 433 2781 378 620 736 916 141 183 143 259 613 192 170 1106 1155 387 215 127 172 87 113 92 132 268
internal_value=8.96821e-05 0.000469468 0.00110041 0.000729919 0.00107049 0.00027988 0.00262909 0.00611667 -0.00199313 0.00153836 0.000553509 -0.00135903 0.00168655 -0.00358345 0.00132828 0.00241682 0.0043805 0.000937666 0.000196579 0.00175351 -0.000667362 0.00332985 0.00590091 0.00499471
internal_weight=1833.34 1664.04 1238.4 1134.14 1053.4 701.54 351.863 80.4882 220.328 271.375 102.466 425.638 50.1866 169.302 481.212 232.738 116.346 54.1592 292.829 85.6193 55.4136 29.5922 30.2056 104.266
internal_count=13110 11571 8174 7528 6908 4690 2218 494 1672 1724 756 3397 311 1539 3018 1465 729 342 1863 616 397 205 219 646
is_linear=0
shrinkage=0.01


Tree=118
num_leaves=25
num_cat=0
split_feature=32 153 109 123 11 149 164 84 123 315 114 315 97 9 83 71 247 109 316 315 226 232 225 284
split_gain=22.405 18.7873 23.0499 18.0236 15.0622 12.3794 11.8944 11.6512 12.6407 13.1256 13.0879 12.5138 10.7395 14.4496 15.924 12.3573 14.7768 10.4832 13.0328 10.7166 10.329 10.3027 14.0877 9.98561
threshold=0.0014316399604838677 0.01564247762863535 1.7588197241736621 1.051604393095541 0.46443153835683998 0.26988996007400917 0.022599591419816142 20.359376455999087 -0.10896092029255984 -0.15684355636338113 0.47499818936807098 -0.27643277852740555 0.39540674873024384 0.2554918091771497 1.3274294380532419 1.4169442690988363 1.3413798943137165 2.290809100281376 0.027465978508497822 -0.26071955759656723 0.060030030030030039 2.0227771551841198 0.70597632024055634 0.0023796042014664902
decision_type=2 10 10 10 8 10 10 2 8 2 8 2 8 2 10 10 2 10 2 2 2 2 2 8
left_child=1 2 3 7 -5 -6 -3 8 9 11 -10 -1 13 14 -12 21 -17 18 19 -4 -21 22 -16 -2
right_child=23 6 17 4 5 -7 -8 -9 10 -11 12 -13 -14 -15 15 16 -18 -19 -20 20 -22 -23 -24 -25
leaf_value=0.0026539353095129965 -0.0011151054538260903 -0.0026276474755760736 0.0069932204132051425 0.00015977109103147594 -0.0040295466118444425 0.0049154500000837993 0.0053791903281560759 0.0048683142576059022 -0.0032654049657989438 -0.001867968643337039 -0.00096941577819569501 0.011741177073148694 0.0062120505477342939 -0.0051575845397023121 -0.00044279740967131047 -0.0023214164450626857 0.0069611868612976455 0.011917052512198557 -0.0052298830786105298 -0.0016517259995672403 0.0071537140367630503 -0.00059933737690356665 0.010175470832085951 -0.0059894970168568066
leaf_weight=37.944896437227726 91.32665066421032 252.61206192523241 69.279895134270191 419.26047461479902 169.13515138626099 14.510513432323931 17.307497426867485 86.515020869672298 81.405856475234032 22.934555187821388 162.23931485414505 25.678665518760681 34.114062689244747 36.863727189600468 15.733866214752195 54.547564662992954 21.609327271580696 14.427319929003714 13.182203792035578 40.394270114600658 16.444357432425022 18.029415532946587 51.040092334151268 78.72028948366642
leaf_count=203 827 2036 441 2980 1349 110 121 494 556 143 1064 138 233 246 98 322 128 89 86 266 100 120 314 723
internal_value=-1.06229e-05 0.000341993 0.00080727 0.000353034 -0.000888549 -0.00325325 -0.00205987 0.00150744 0.000966532 0.00441777 0.00031378 0.00668181 0.00107358 0.000539137 0.00123127 0.00343395 0.000455301 0.00442543 0.00341979 0.00442698 0.00109813 0.00599593 0.00774301 -0.0034388
internal_weight=1845.26 1675.21 1405.29 1251.56 602.906 183.646 269.92 648.656 562.141 86.5581 475.583 63.6236 394.177 360.063 323.2 160.96 76.1569 153.728 139.301 126.119 56.8386 84.8034 66.774 170.047
internal_count=13187 11637 9480 8498 4439 1459 2157 4059 3565 484 3081 341 2525 2292 2046 982 450 982 893 807 366 532 412 1550
is_linear=0
shrinkage=0.01


Tree=119
num_leaves=25
num_cat=0
split_feature=122 109 102 105 75 99 209 138 151 92 147 161 299 116 206 174 106 260 162 193 193 105 123 128
split_gain=17.1024 20.1231 15.4243 19.8848 15.7238 14.1787 11.7155 11.843 13.0594 11.6911 11.1758 12.4551 10.4085 10.2925 10.1555 9.67455 9.38473 11.1819 9.15053 9.01712 9.57487 11.0999 13.6467 11.9182
threshold=0.0071338164418250508 1.0706700667417735 1.228056852784827 1.3824999942590697 0.78465422031788268 -0.13069226698110595 0.45346320346320351 0.10843554240071361 0.083200212992545278 290.50000000000006 0.14299530256977069 0.040560125342734045 -0.052933153802719006 0.42776813306132316 80.500000000000014 58.931805555555563 0.46192076337215898 0.049945543547555073 0.053605637657361802 0.47014260249554374 0.56440422322775274 0.28575570516507481 -0.10896092029255984 -0.38912651606816734
decision_type=8 8 10 10 8 8 2 2 10 2 8 10 2 8 2 10 8 10 10 10 10 10 10 10
left_child=19 12 3 5 -5 -3 -7 -8 9 10 -9 -12 -2 -14 16 -11 -13 -18 -6 -1 -21 22 23 -22
right_child=1 2 -4 4 18 6 7 8 -10 15 11 14 13 -15 -16 -17 17 -19 -20 20 21 -23 -24 -25
leaf_value=0.0077967024491003055 0.00069242474809542997 0.0052431643708241828 -0.0054647862321368377 0.0092352587058537727 -0.0028042203499705244 0.0062145568436951836 -0.0043133408656077041 -0.0038035089936523524 -0.0017849774817740207 0.00070844861633036324 -0.00097668734676170524 -0.0014504387324305449 -0.0048982424513518289 0.0039883648611830236 -0.0025902687273329384 0.0087826021409434206 0.00092862015133302793 0.0099707014720474899 0.0060469611845858076 -0.0036722706479196728 -0.0033214881443487756 0.0030528592552343621 -0.00065894542084918143 0.0055153741449027009
leaf_weight=17.835268847644329 51.811028376221657 42.002248115837574 46.380345419049263 39.151312917470932 27.651524305343628 21.908371865749359 81.058979623019695 53.171629279851913 304.64717814326286 28.925634630024433 115.54219811409712 14.894469812512396 180.94986897706985 11.822571285068987 17.843488894402981 29.55762143433094 21.24973176419735 40.641857326030731 16.084803327918053 37.376629441976547 17.041171796619892 238.74651416391134 310.48854372650385 70.955905131995678
leaf_count=109 411 281 388 253 218 159 637 408 2417 199 823 96 1479 91 114 205 138 256 115 242 111 1453 2131 413
internal_value=3.39899e-05 -0.00071505 -1.99867e-05 0.000291554 0.00486117 -0.000214155 -0.000548893 -0.000783754 -0.000308051 0.00109031 0.000168767 0.00121578 -0.00324102 -0.00429807 0.00385359 0.00502341 0.00540268 0.00705879 0.000599518 0.00127221 0.00106625 0.00136083 0.000330132 0.00374259
internal_weight=1837.74 1145.29 900.711 854.331 82.8876 771.443 729.441 707.533 626.474 321.827 263.343 210.172 244.583 192.772 94.6295 58.4833 76.7861 61.8916 43.7363 692.444 674.609 637.232 398.486 87.9971
internal_count=13147 8688 6707 6319 586 5733 5452 5293 4656 2239 1835 1427 1981 1570 604 404 490 394 333 4459 4350 4108 2655 524
is_linear=0
shrinkage=0.01


Tree=120
num_leaves=25
num_cat=0
split_feature=32 5 100 11 109 101 13 309 181 321 119 101 154 150 71 299 217 36 27 5 124 273 103 313
split_gain=20.7798 19.6004 17.8209 15.2941 15.494 15.8042 15.1533 13.9492 12.9168 11.9969 11.8526 12.1677 11.3816 11.2011 17.419 11.2232 10.9354 11.8099 10.2466 10.2 9.91273 11.9572 9.45416 9.38506
threshold=0.0014316399604838677 -2.8712440139818409 0.67990093796261097 0.49322738183345821 2.2163455206291207 -0.69930808249322474 0.63384207420994632 -0.014151147821650832 0.053944638567372798 7.5000000000000009 0.57785867847080996 -1.8926946215227907 0.018054616130583245 0.0042283487091468218 1.4911712018487322 -0.03613734855066341 0.67929655455291227 0.016958139367686975 0.60024509803921577 -2.7111300460932708 5.5000000000000009 3.3514166843057516 1.7512229283331431 -0.055237721621062032
decision_type=2 2 8 10 10 8 10 2 2 2 8 10 10 10 10 2 2 2 2 2 2 10 10 2
left_child=1 8 6 4 10 -6 13 -8 9 -1 11 -4 19 -3 15 -15 -14 -18 -12 -13 21 -20 -21 -2
right_child=23 2 3 -5 5 -7 7 -9 -10 -11 18 12 16 14 -16 -17 17 -19 20 22 -22 -23 -24 -25
leaf_value=0.01360875093056243 0.00075879623727385622 0.0029488788902905095 -0.0069400045264118651 -0.0027440910369001688 0.011663795722593115 0.0011922542088959414 0 0.0084197249849345731 0.001951466289102529 0.0014762783404394695 0.003887469805937079 -0.0027645876667072612 -0.00093410976100410546 0.0022046538726926326 0.0072439323444477705 -0.0063167308742780948 0.0016100026371662058 0.012446974692303355 -0.0024756054069596878 0.0014045205795680175 -0.00492671433045951 0.0045099105205863455 -0.00476119256841362 -0.0046115853147082322
leaf_weight=17.118671298027039 42.212204128503799 90.679288819432259 18.438642159104347 262.08117786049843 18.775379493832588 46.352538466453552 29.465747497975826 56.2306018024683 252.1192371994257 15.427515059709547 23.205225758254528 89.231940507888794 21.753760129213333 19.502461276948452 14.056832477450369 52.970277681946754 19.763070084154606 20.545396253466606 100.78881002962589 338.27687811106443 109.06209345906973 29.261468641459942 24.004501231014729 125.51366652548313
leaf_count=97 376 544 121 2078 120 337 190 355 1563 90 173 597 138 132 90 373 135 132 828 2256 846 235 177 1159
internal_value=6.042e-05 0.000400061 -9.24533e-05 -0.000643412 2.92084e-06 0.00458718 0.00223586 0.00561633 0.00277613 0.0084664 -0.000386685 0.000470321 0.000775035 0.000532679 -0.00200134 -0.00401354 0.00469165 0.00761282 -0.00211503 0.000208493 -0.00274054 -0.000833452 0.000959357 -0.00326395
internal_weight=1836.84 1669.11 1384.45 1121.54 859.46 65.1279 262.905 85.6963 284.665 32.5462 794.332 532.014 513.576 177.209 86.5296 72.4727 62.0622 40.3085 262.318 451.513 239.112 130.05 362.281 167.726
internal_count=13142 11607 9857 8173 6095 457 1684 545 1750 187 5638 3556 3435 1139 595 505 405 267 2082 3030 1909 1063 2433 1535
is_linear=0
shrinkage=0.01


Tree=121
num_leaves=25
num_cat=0
split_feature=32 122 22 101 70 149 115 131 133 39 117 149 83 234 205 307 116 215 303 170 137 19 114 133
split_gain=18.943 19.8294 16.2468 16.1767 14.4901 15.2631 13.1743 14.4735 12.816 12.6226 11.5162 23.8885 12.4205 12.1415 10.6878 10.2638 13.1499 13.2013 11.5754 13.906 10.2541 10.8951 10.2278 10.1718
threshold=0.0015637226134585292 0.56353391909529549 0.55913665335640561 -1.2318167297506866 0.7645471790999061 0.11512051460900567 -0.51655126540875618 1.1022963815894238 0.013562606753383262 0.051300849687946466 1.8090174116250464 0.14602472257339519 3.3668416862727994 0.070200078848807426 -0.80664274757819532 -0.0018185179074323222 -0.32771598420926334 -0.53893989530677799 0.002393407934690713 2.6628405973972993 0.17913740990467336 -0.20861038796603698 0.72620955713536361 0.004656583726351169
decision_type=2 10 10 8 8 10 10 8 2 2 8 10 8 2 2 2 10 2 2 10 2 8 8 2
left_child=1 2 3 4 5 -1 7 -5 23 -2 -3 -12 13 -13 -4 -9 -17 18 19 -18 21 -6 -7 -8
right_child=9 10 14 6 20 22 8 15 -10 -11 11 12 -14 -15 -16 16 17 -19 -20 -21 -22 -23 -24 -25
leaf_value=0.0021416822746485988 -0.0074890700704209195 -0.0020642609029941678 -0.0036526565422349928 0.0067351120687643611 0.0023595471107262073 -0.0049459419432601268 0.0018268754659509817 -0.0034438613898981835 -0.0042254727361195682 -0.0013102747546501685 -0.0050678471676602567 0.0068088311337983556 0.013221929696010739 -0.0022839662713397255 0.0050772185342594879 -0.0047233221202230306 0.00013106456858979346 -0.00077832764877436137 -0.0022639723595693838 0.012852419308592869 5.3472872576302404e-05 0.011339262218555465 0.00093105952104928882 0.010234559237161359
leaf_weight=363.29570510238409 44.721694521605968 382.08007722347975 13.47502952814102 18.087947145104408 24.969115234911442 56.191885210573673 39.986207507550716 191.04248059540987 16.60933081060648 115.74253882467747 31.963785104453564 29.023959293961525 12.215004876255987 24.996731847524643 132.74581533670425 46.02299690246582 13.747024483978747 104.33471389114857 12.882115848362444 21.103963375091553 24.055452294647694 33.480447798967361 57.433049723505974 21.532003588974476
leaf_count=2204 430 3100 85 115 147 420 275 1337 115 1044 251 206 83 175 820 343 98 755 92 143 147 207 369 141
internal_value=0.000111618 0.000429101 0.00112067 0.000676857 0.00183229 0.00114285 -0.000655766 -0.00138185 0.00303201 -0.00313881 -0.00128025 0.00173248 0.00510223 0.00267968 0.00421166 -0.0018078 -0.000198541 0.00122585 0.00542422 0.0082493 0.00563509 0.00780683 -0.00201641 0.00510717
internal_weight=1831.74 1671.27 1191 1044.77 559.426 476.921 485.349 407.221 78.1275 160.464 480.28 98.1995 66.2357 54.0207 146.221 389.133 198.091 152.068 47.7331 34.851 82.505 58.4496 113.625 61.5182
internal_count=13102 11628 7813 6908 3494 2993 3414 2883 531 1474 3815 715 464 381 905 2768 1431 1088 333 241 501 354 789 416
is_linear=0
shrinkage=0.01


Tree=122
num_leaves=25
num_cat=0
split_feature=153 93 21 116 176 63 81 100 83 83 65 78 308 137 297 302 81 233 120 11 99 215 127 123
split_gain=16.4344 15.0351 11.5984 11.4223 12.3231 12.0079 11.2072 10.9352 10.7361 10.4181 13.5981 10.5748 10.2877 9.96545 9.88454 9.79533 11.4921 9.66201 13.3446 9.44405 9.01221 11.0598 8.9208 10.9004
threshold=0.01564247762863535 -0.08924937722685243 -0.05110241314643172 -0.13389200472669535 12.54851426890262 -0.02052698386493346 1.3887417712346466 0.70439919275190788 1.8045459623497992 1.317319548233135 1.869793646963301 -52.666328559453433 -0.0015910909035674865 0.12135540632437948 -0.0077444731108519778 0.016110467864224574 -0.071131897465833094 0.85918911527416941 0.62097112523439313 0.43697997515257431 -0.012985501052986455 -0.5213959102404454 0.26446457899759229 1.0880700560198571
decision_type=10 10 8 10 2 10 10 8 10 8 8 2 2 2 2 2 10 2 10 10 10 2 10 10
left_child=1 2 3 5 7 9 17 -5 -9 10 11 15 -3 -2 -6 -1 -17 18 -4 -14 21 -11 23 -16
right_child=13 12 6 4 14 -7 -8 8 -10 20 -12 -13 19 -15 22 16 -18 -19 -20 -21 -22 -23 -24 -25
leaf_value=-0.00039438183702010418 0.0028554753459526369 -0.0010158314365075203 0.0050809977595271914 0.008557547475899957 -0.0042028464971635357 -0.0049153173834547764 0.005360924481492774 -0.00036411003018340141 0.0054958684625737997 0.0020159171043164226 -0.004590365876565871 -0.0031703091738652447 0.0074268123402293496 -0.0027421648779432034 0.0081897213058628043 0.00076622283570544516 0.0085292889078365224 -0.0048727387497153095 -0.001300593019770305 -0.00084986293623309935 0.0082127072980332314 -0.0049758989764182885 -0.0038626774497529889 -0.0014506873141233031
leaf_weight=107.30401818454266 33.41632767021656 29.563634037971497 32.704949140548706 41.286299362778664 36.086500771343708 41.533458821475506 23.374350987374783 60.711394712328911 60.264363646507263 233.30664959549904 68.940492905676365 60.629351399838924 63.547592774033546 274.87411274760962 26.592905759811401 44.218597762286663 31.999543003737926 64.843379899859428 417.36652193963528 16.445025287568569 18.205932311713696 22.241793595254421 15.305762432515619 18.001877881586552
leaf_count=678 264 204 231 259 230 313 158 407 359 1532 494 440 432 2262 165 288 192 530 3129 124 123 149 100 125
internal_value=-1.51794e-05 0.000408487 0.000129741 0.00083243 0.00259064 9.98397e-05 -0.0010241 0.00424762 0.002606 0.000478462 -0.000762633 0.000354464 0.00393004 -0.00211165 -0.000241755 0.00155492 0.0042276 -0.00134372 -0.00080568 0.00574229 0.00189481 0.00135546 0.0022107 0.00442298
internal_weight=1842.76 1534.47 1424.92 886.629 258.249 628.38 538.289 162.262 120.976 586.846 313.092 244.152 109.556 308.29 95.987 183.522 76.2181 514.915 450.071 79.9926 273.754 255.548 59.9005 44.5948
internal_count=13188 10662 9902 5854 1645 4209 4048 1025 766 3896 2092 1598 760 2526 620 1158 480 3890 3360 556 1804 1681 390 290
is_linear=0
shrinkage=0.01


Tree=123
num_leaves=25
num_cat=0
split_feature=122 107 150 117 21 71 117 123 279 246 72 205 84 8 170 282 21 8 89 129 83 116 310 116
split_gain=18.7242 18.6817 15.9737 15.8406 17.1575 14.9998 11.9776 14.3363 11.6772 11.9548 11.6294 11.3419 13.4743 11.8414 17.6574 11.0743 11.0105 10.8209 10.7075 10.6695 10.6248 11.9465 10.5413 14.2815
threshold=0.66995566521647709 0.25521975655414714 0.048826334128002941 0.76146564380055637 0.013002544479020176 2.9913326147244166 0.30049970236228019 0.41154969861054841 0.0057694344935970152 0.64691930536170761 17.405466444792566 -0.18809301876052245 14.646258534508741 -0.35444053495586747 3.0917636665250279 -0.030160986823176889 0.75342701741492568 -0.43296888581320664 3.0812457672464357 1.674605346770129 1.113720806013639 -0.27888146320138912 -0.17072836047074044 0.51723491607624739
decision_type=10 10 10 8 10 8 10 10 10 10 2 2 2 2 10 10 10 2 10 8 10 10 2 8
left_child=1 2 6 -4 -5 8 7 -1 9 -2 -10 12 19 14 -14 -7 17 -17 20 -3 21 -8 23 -6
right_child=5 11 3 4 22 15 18 -9 10 -11 -12 -13 13 -15 -16 16 -18 -19 -20 -21 -22 -23 -24 -25
leaf_value=0.0012031299750328076 0.0084356275420333568 -0.0045274088248117321 -0.0030048260224465003 0.0023841232433150102 -0.0014634884083479342 -0.0019945353979291453 -0.0046783068065970254 -0.0040648292958554008 -0.0058302605055390875 -0.0015481490124527567 0.00082683586645082661 0.0064282661044990442 0.012720433557448535 -0.00054099138943909132 0.0014493348223354038 0.0005649114475299883 -0.00040812624588310937 0.013184733512822611 -0.002947169717062176 0.0028737031024264202 0.0044895957689282005 0.0038842176779391138 -0.0054341059762452642 0.0078253926198327984
leaf_weight=198.93434999883175 10.111644819378851 42.975340984761715 230.31906152516603 194.35177450627089 134.5188232511282 39.647596143186092 28.901263706386089 66.582328371703625 133.45837270468473 159.68963595479727 31.375050082802773 73.301697678864002 25.144027963280678 31.555910222232342 29.724395155906677 11.022464081645014 22.11741179227829 16.913152441382408 27.100824311375618 31.19203607738018 202.30234847217798 30.621825180947781 53.403597868978977 15.973895192146299
leaf_count=1273 79 295 1813 1275 1015 293 192 491 1149 1329 247 474 155 200 180 85 174 113 179 219 1231 204 409 102
internal_value=0.000116007 0.000668647 0.000154226 -0.000934267 0.000273481 -0.00171913 0.00138853 -0.000143167 -0.00268973 -0.000818756 -0.00456456 0.0032332 0.00168226 0.00430812 0.00700382 0.00186227 0.00487945 0.0087499 0.00278727 -0.00141047 0.0034099 -0.00028081 -0.00173859 -0.000344243
internal_weight=1841.24 1416.9 1183.01 628.567 398.248 424.335 554.443 265.517 334.635 169.801 164.833 233.893 160.592 86.4243 54.8684 89.7006 50.053 27.9356 288.926 74.1674 261.825 59.5231 203.896 150.493
internal_count=13176 9707 8184 4614 2801 3469 3570 1764 2804 1408 1396 1523 1049 535 335 665 372 198 1806 514 1627 396 1526 1117
is_linear=0
shrinkage=0.01


Tree=124
num_leaves=25
num_cat=0
split_feature=32 75 116 105 149 160 127 308 286 297 294 149 156 81 60 38 60 189 150 146 112 277 127 75
split_gain=17.2782 15.4455 14.7415 12.2709 21.2785 11.3615 10.8636 10.2582 11.3083 10.9737 10.71 10.2154 14.6702 13.1911 10.0759 11.811 11.777 10.6736 10.0402 9.85879 17.6315 9.70516 9.66008 11.2573
threshold=0.0014316399604838677 0.42798048920673565 0.32527398595925777 0.59218300601778906 0.11774608833432364 0.037056654111738863 0.61049392463002528 0.0050470435079110728 2.648440377727169 -0.017567798432952163 0.022754119079466843 0.14602472257339519 1.0000000180025095e-35 1.3188841129318325 -142.14674005776331 0.32146867160348375 -201.76696248970271 -0.78749030800799136 0.13436848017974645 0.16159410700895419 27.500000000000004 0.0026468441782843415 -0.1169781092336407 0.05672660969312298
decision_type=2 10 8 10 10 10 10 2 2 2 2 10 10 10 2 2 2 10 10 8 2 8 8 8
left_child=1 3 -3 4 19 -6 7 8 22 -10 21 -4 -13 -14 15 16 -7 -16 -8 20 -1 -11 -5 -24
right_child=-2 2 11 6 5 14 18 -9 9 10 -12 12 13 -15 17 -17 -18 -19 -20 -21 -22 -23 23 -25
leaf_value=-0.0024373924712031182 -0.0029738964575027394 -0.0028940667307889418 -0.0032190988588756855 -0.00042402260083093213 -0.0045424967367756058 0.00026919432708944374 -0.0021199585497435696 0.010038262885890912 -0.0050089339854129614 0.01071238774481139 -0.0034092017666824503 0.0079708021661531007 -0.0014383451790333272 0.0043028752818735907 0.0050259554169843016 -0.0015758856526663248 0.012309673172641967 -0.0025644226120800956 0.0052734420723526592 0.001034942732017018 0.0083457815091518804 -0.00045939886726563162 0.0089648823331423474 0.003104533652134095
leaf_weight=20.109660133719444 166.77540797740221 236.08045168966055 53.684244088828564 36.014151871204376 94.137067787349224 14.863684646785261 75.48444028198719 19.724059484899044 28.601751528680325 15.766875326633452 16.531319290399551 27.767976298928261 118.79681032150984 56.779479436576366 18.28519868850708 28.278980985283852 15.924082845449446 153.08782695233822 21.142836324870586 409.05301811546087 46.794649563729763 12.685875274240972 51.832671150565147 97.147937938570976
leaf_count=140 1534 1949 427 226 718 102 486 120 185 99 107 203 891 400 130 193 106 1154 141 2527 284 83 296 632
internal_value=6.6627e-05 0.000375672 -0.00110466 0.000998697 0.00029512 -0.00166909 0.00248475 0.00347948 0.00287169 -0.000423264 0.00259559 0.000548682 0.00157894 0.000451585 -0.000449925 0.00301597 0.00704056 -0.00168 -0.000387671 0.00163867 0.00512289 0.0061095 0.0041743 0.00527967
internal_weight=1835.35 1668.58 493.109 1175.47 800.534 324.577 374.932 278.305 258.581 73.5858 44.9841 257.029 203.344 175.576 230.44 59.0667 30.7878 171.373 96.6273 475.957 66.9043 28.4528 184.995 148.981
internal_count=13133 11599 3870 7729 5354 2403 2375 1748 1628 474 289 1921 1494 1291 1685 401 208 1284 627 2951 424 182 1154 928
is_linear=0
shrinkage=0.01


Tree=125
num_leaves=25
num_cat=0
split_feature=5 5 100 11 105 75 105 231 105 153 82 269 53 143 13 96 297 135 131 65 287 35 177 118
split_gain=17.9535 22.6441 13.3769 20.3429 13.0092 13.8646 16.6823 14.0099 13.9569 13.6555 14.2991 13.0178 15.2468 12.8278 12.7212 12.2384 11.5007 11.4749 11.3439 11.2106 10.8593 10.6199 10.4144 10.3131
threshold=-2.8983711643309662 -2.8712440139818409 0.67990093796261097 0.56191740169546167 0.18541136331338426 0.42798048920673565 0.76680161198624253 0.024341473609447651 1.3003658682844919 0.049443833272216117 0.79986428529392073 1.5850060216780413 9.5000000000000018 0.03134349686073825 0.63384207420994632 -0.061137914507563465 -0.008891362895302771 0.14593434636353095 2.2580739557199698 2.7263173132326677 -0.0077184244735567778 0.0032441221663263805 7.21983286849692 20.500000000000004
decision_type=2 2 8 10 8 8 8 2 10 10 10 2 2 10 10 8 2 2 10 10 2 2 10 2
left_child=23 -2 14 4 -4 6 13 18 11 10 16 15 -13 -6 20 -7 22 -14 19 21 -3 -8 -10 -1
right_child=1 2 3 -5 5 8 7 -9 9 -11 -12 12 17 -15 -16 -17 -18 -19 -20 -21 -22 -23 -24 -25
leaf_value=-0.0067381365662758617 0.0032687907812679121 -0.0026335151845455497 -0.0031812580870049984 -0.0038339939539520276 -0.00079423061176949817 -0.0051050180103947521 -0.0010402508816312185 0.0082809221532280618 0.0051167488907816663 -0.0030298296975767585 0.012832280278226192 -0.0043489028416191537 0.011887034482172199 0.0043059925630922584 0.0050507196357551512 -0.000297408829866775 0.007982029864199422 -8.9066094435039694e-05 0.0089864508423301796 -0.004578704449768968 0.0023487732437126787 0.0065216078832410606 -0.0052470961027715965 -0.0014582552520981521
leaf_weight=45.010088182985783 233.6754093542695 69.357932358980179 110.80187780410051 159.30130781978369 256.25323541462421 133.40036094933748 36.156045913696289 51.555668830871582 12.926716953516005 32.096627056598663 13.65994445979595 18.089242413640022 15.360898897051813 58.051274619996548 85.075253136456013 87.97471085190773 17.596285186707973 13.904322206974028 16.618552565574646 27.033634327352047 108.07694259285927 33.565463960170746 22.478379055857658 178.48012592643499
leaf_count=421 1321 458 795 1292 1790 1082 235 316 91 258 95 147 119 376 540 676 122 115 100 176 679 202 158 1578
internal_value=3.99403e-05 0.000409889 -7.94333e-05 -0.000558402 -2.66783e-06 0.000421338 0.00153879 0.00408531 -0.00103381 0.00213426 0.00465744 -0.00221193 0.00242707 0.000174711 0.00193865 -0.00322695 0.00198691 0.00666107 0.00201293 0.000582893 0.000384822 0.00269905 -0.00133776 -0.00259729
internal_weight=1836.5 1613.01 1379.33 1116.82 957.523 846.721 479.234 164.929 367.487 98.758 66.6613 268.73 47.3545 314.305 262.51 221.375 53.0014 29.2652 113.374 96.7551 177.435 69.7215 35.4051 223.49
internal_count=13142 11143 9822 8145 6853 6058 3195 1029 2863 724 466 2139 381 2166 1677 1758 371 234 713 613 1137 437 249 1999
is_linear=0
shrinkage=0.01


Tree=126
num_leaves=25
num_cat=0
split_feature=21 109 150 148 162 149 0 157 306 176 70 131 200 109 97 97 129 131 200 200 77 59 272 81
split_gain=15.9947 16.5517 21.9598 16.9411 16.6159 19.3617 13.4966 12.9359 12.3767 12.0335 13.1371 11.227 11.476 12.3311 11.6354 14.3929 13.3309 10.4404 10.096 9.94297 9.7325 9.43362 11.0642 9.38918
threshold=0.49940567425323357 1.6322669066613535 0.048826334128002941 0.21592796738145578 0.0051446966614061736 0.26177377077512465 398.50000000000006 0.19707673135125517 0.72208162165672229 11.721009879432374 0.73301960263485821 2.4859027537237481 -0.081498303659091595 1.0275357524826034 0.087048621603932494 0.0098882414784561556 1.1072144400496933 1.5717490631885316 0.62766409441908622 1.8384416266772778 2.8174599967837772 3.0722217237503293 0.016971243722458295 1.2818294639113408
decision_type=10 10 10 10 10 10 2 8 2 2 10 10 2 8 8 10 10 8 2 2 10 10 2 10
left_child=1 2 11 6 18 9 -3 8 -2 10 -6 12 -1 14 15 19 -16 -11 -4 -14 -10 22 -5 -8
right_child=7 3 4 21 5 -7 23 -9 20 17 -12 -13 13 -15 16 -17 -18 -19 -20 -21 -22 -23 -24 -25
leaf_value=-0.0016447921432053601 -0.0055200672519250104 -0.0020228678833572765 0.00012129384757417106 0.0048831904283753265 -0.0013869061839378157 0.011052078169273671 0.0017734556415805196 -0.00584291803322874 0.0085603385977982716 0.0050327034036102124 0.0089014280255836527 -0.0046740275928419334 0.0019024808006723863 0.005417748223064651 0.010331574242758233 -0.0056216515435639752 -0.0013284381842404197 -0.0015282520621745632 -0.0036416358217714008 -0.0056130896813936645 -0.0003556020169286423 0.0020233276591087707 0.016262779371086042 0.0091192403517867254
leaf_weight=85.842511281371117 43.082204975187778 78.608196757733822 94.051380068063736 25.210208974778652 20.864231631159782 13.154979184269903 86.255461327731609 71.15773169696331 10.456031039357184 23.778591483831409 25.09138710051775 26.644306868314743 282.82591588050127 96.809622243046761 25.4267842695117 28.998093634843826 13.895125351846216 272.07461226731539 283.21652330458164 15.979067124426363 150.98041643947363 27.466162316501141 14.422795094549654 19.876953944563866
leaf_count=571 354 547 737 154 152 91 572 616 78 163 175 183 1815 569 169 195 92 1999 2202 110 1216 174 84 125
internal_value=-4.56705e-05 0.000347175 -0.000105779 0.00267979 -0.00125372 0.000297273 0.00106841 -0.0022539 -0.000937373 -0.000201383 0.0044009 0.00134971 0.001666 0.00228704 0.0014235 0.000776768 0.00637541 -0.000954702 -0.002707 0.00144815 0.000353749 0.0068783 0.00985875 0.00336032
internal_weight=1836.17 1560.49 1308.65 251.84 732.232 354.964 184.741 275.676 204.519 341.809 45.9556 576.421 549.777 463.935 367.125 327.803 39.3219 295.853 377.268 298.805 161.436 67.0992 39.633 106.132
internal_count=13143 10879 9223 1656 5519 2580 1244 2264 1648 2489 327 3704 3521 2950 2381 2120 261 2162 2939 1925 1294 412 238 697
is_linear=0
shrinkage=0.01


Tree=127
num_leaves=25
num_cat=0
split_feature=76 158 126 131 222 301 32 28 132 162 208 111 76 157 132 177 150 233 302 232 70 76 53 79
split_gain=15.2372 15.2499 12.0187 12.4609 11.9394 11.2072 11.0607 11.2948 17.9463 12.0444 10.6513 10.3836 9.73557 13.992 14.4259 9.67119 13.0745 9.36978 9.59848 9.12366 12.9936 12.7907 13.3786 11.3267
threshold=0.79473510866991104 0.3220017976373909 0.70040182062212375 1.0867398045584185 310.50000000000006 0.72708996394906567 1.0000000180025095e-35 0.24046948859551168 0.012827368709721653 0.0068752156629182685 0.24394825966999931 1.7826466771245826 1.068299876964433 0.14507155927128451 0.0040187559891038697 7.1946424212887115 0.15566660028874399 0.78692088382038505 -0.0039170411924453431 0.84865645009030544 0.48696175380380075 0.707009975630013 62.500000000000007 100.31995283365654
decision_type=10 8 10 8 2 2 2 2 2 10 2 8 10 10 2 8 8 2 2 2 10 10 2 2
left_child=2 6 3 -1 19 -4 7 10 11 17 -2 -9 13 -12 -15 16 -13 18 -10 -5 -21 -22 23 -23
right_child=1 -3 5 4 -6 -7 -8 8 9 -11 12 15 -14 14 -16 -17 -18 -19 -20 20 21 22 -24 -25
leaf_value=0.0059220328432398389 -0.0057658738046153816 -0.0038149016593391695 0.0002292619165585126 0.0034032101553422484 0.0057788264417971925 0.0095045582025512134 -0.0024631333987905021 0.0049375830301708014 -0.0065829396499571544 0.0074358287858325165 0.0053696253214874576 0.0056936153472475224 -0.001968147468854849 -0.0033010910623715757 0.0012213075807728079 -0.0028010494801943876 -0.0036433297640905437 0.0051431764495011257 0.0026999081107248668 -0.0029468400019011919 0.003742284925884676 0.0047763165731355825 0.0076884011329718897 -0.0036187642416921225
leaf_weight=42.66342007368803 34.21869833022356 126.32783688604832 21.962964907288551 61.811389110982418 35.381977401673794 30.564368315041065 178.03060285747051 30.196063093841076 18.328530482947826 65.784222684800625 52.13299360871315 35.616170279681683 208.96537015587091 95.768439874053001 244.84362208843231 116.98657419532537 21.991584300994873 34.254905268549919 20.923547476530075 145.99037931859493 88.557155080139637 16.536716267466545 12.360137484967707 96.494523040950298
leaf_count=238 232 1005 146 414 224 202 1628 221 118 430 375 247 1563 730 1598 879 171 212 133 992 548 109 72 662
internal_value=4.14247e-05 -0.000555316 0.00142664 0.000928735 0.00042683 0.0058553 -0.000190402 0.000227364 0.00168006 0.0044106 -0.00056104 -0.000207217 -0.000237675 0.000688014 -6.4079e-05 -0.0011675 0.00210884 0.00151406 -0.00176238 -5.54422e-05 -0.000674168 0.000890248 -0.00115439 -0.00229485
internal_weight=1836.69 1284.37 552.323 499.796 457.132 52.5273 1158.04 980.011 344.082 139.291 635.929 204.79 601.71 392.745 340.612 174.594 57.6078 73.507 39.2521 421.75 359.939 213.949 125.391 113.031
internal_count=13149 9542 3607 3259 3021 348 8537 6909 2411 893 4498 1518 4266 2703 2328 1297 418 463 251 2797 2383 1391 843 771
is_linear=0
shrinkage=0.01


Tree=128
num_leaves=25
num_cat=0
split_feature=271 76 5 5 109 147 76 181 229 197 119 136 146 73 272 114 76 118 226 282 34 215 137 70
split_gain=19.7728 13.2443 11.9345 17.6064 10.7723 14.3112 14.0013 10.2918 9.66883 9.46066 15.4417 12.4342 11.6429 11.1071 9.58847 9.06819 13.6961 12.0175 12.9989 11.5503 13.5875 11.1764 17.4063 10.6627
threshold=0.067822972005887092 0.707009975630013 -2.8943022876294049 -2.8712440139818409 2.1734121837302172 0.11994897959183674 1.1103444122697426 0.054460838240686822 -0.50789197393265006 -0.30682385451489386 0.12068543638501646 0.21998307952622678 0.18193811465579279 320.07857241359198 0.03189295668430802 0.72765134955375765 0.8009102858263798 20.500000000000004 0.09305817445352331 -0.00060111497496706165 0.21748639888322643 -0.48029821685620383 0.15255795114656037 0.80830258206282524
decision_type=2 10 2 2 8 10 10 2 2 8 8 2 10 2 2 8 10 2 2 8 2 2 2 8
left_child=1 -1 -2 7 6 -6 8 -4 -5 13 11 -11 -13 -3 -15 16 19 18 -18 20 -10 22 -17 -23
right_child=2 9 3 4 5 -7 -8 -9 15 10 -12 12 -14 14 -16 21 17 -19 -20 -21 -22 23 -24 -25
leaf_value=0.0025648058126248718 -0.0017742087780334094 -0.0050544440268021594 0.0095472040163491305 -0.0048316393298960042 0.00037163027986388892 0.009576077580739327 -0.0036943282602639326 0.0027744485719809081 -0.0017228748554483321 -0.0021483503304534877 -0.0021667388872176193 0.014099806311897079 0.00084418208015031061 0.0016415728583875624 -0.0055396796212681797 -0.00092417870077838768 0.0058749933624540982 -0.0038140282267409937 -0.0042203130638920902 0.0028274499241422242 0.0073175994183740309 -0.00060097053462208709 0.0084752908535895219 0.0045063231903395926
leaf_weight=61.432746313512325 171.78160500526428 163.99524006992579 24.256910294294357 28.970926716923714 40.867971040308475 26.544307976961136 81.626622810959816 171.62239034473896 151.43473582714796 15.58822491019964 135.3494458720088 13.54318042099476 12.057992644608019 58.682437345385551 23.794359013438225 29.074558608233929 29.382605463266373 128.21100047230721 18.443495355546474 188.77267081290483 15.793633408844469 137.87640975415707 54.039448544383049 54.807383581995964
leaf_count=441 1491 1356 127 203 298 165 625 950 994 110 1130 92 85 464 197 178 225 970 137 1189 97 957 324 353
internal_value=4.57368e-05 -0.00168154 0.00066693 0.00102604 0.000476038 0.004251 0.00018561 0.00374272 0.000576501 -0.00231359 -0.000526368 0.00463303 0.00859983 -0.00356908 -0.000533814 0.000787945 2.0523e-05 -0.00223812 0.00194359 0.00114908 -0.000755164 0.00224944 0.00525357 0.000890952
internal_weight=1837.95 484.444 1353.51 1181.73 985.846 67.4123 918.433 195.879 836.807 423.011 176.539 41.1894 25.6012 246.472 82.4768 807.836 532.038 176.037 47.8261 356.001 167.228 275.798 83.114 192.684
internal_count=13158 3875 9283 7792 6715 463 6252 1077 5627 3434 1417 287 177 2017 661 5424 3612 1332 362 2280 1091 1812 502 1310
is_linear=0
shrinkage=0.01


Tree=129
num_leaves=25
num_cat=0
split_feature=32 99 20 21 117 123 73 35 215 189 138 22 143 229 155 247 209 85 127 22 57 147 60 33
split_gain=18.5423 14.3762 11.7307 13.1682 13.454 16.6898 13.037 12.7927 16.8106 13.9465 10.8496 10.6378 10.4658 10.4085 10.562 10.3618 11.9211 9.89067 9.61934 9.0594 14.2205 10.0754 15.9389 11.1948
threshold=0.0015637226134585292 1.2242135538382042 1.1191073177564022 -0.05650404252328018 0.76879888202839075 0.52057875608898263 317.52657757435776 0.0042477881428820618 -0.49455032898504703 -0.44309074169165902 0.23939376624860728 0.88507926108983959 0.0094488423308136445 -0.27511344710682378 0.0019920397773042389 2.7971076406057027 0.77803983228511542 181.26176811803586 -0.26706397127344267 1.2556739911584909 0.49441627254844783 0.15051153565090306 5.7720346902014805 0.0343909942763811
decision_type=2 10 10 8 10 10 2 2 2 10 2 10 10 2 10 2 2 2 8 10 10 8 2 2
left_child=1 2 3 4 5 -1 10 8 -6 -9 19 12 13 -8 -15 16 -14 18 -2 21 -21 -5 -23 -24
right_child=17 -3 -4 6 7 -7 11 9 -10 -11 -12 -13 15 14 -16 -17 -18 -19 -20 20 -22 22 23 -25
leaf_value=0.0021197271725505516 -0.0013834454082094505 -0.0049444634596289318 0.0059382943063348639 -0.0036148725009248388 0.0038752720471451748 -0.0012980283756201993 -0.0049703739400957193 0.0015424877096381763 -0.0037261016392825357 0.0085734887899269249 0.0057959388608559235 0.0059580240151692774 0.0078696545787218658 0.0059644442728714053 -0.0014410368280398406 -0.0048224119684952497 5.6695892526166328e-05 0.00552232107410744 -0.006507245528283293 0.0078095873265120021 -0.0039664394944809852 -0.0028342289652010574 0.0046657857736684362 -0.0015499727932731563
leaf_weight=287.14937651902437 79.207137167453766 47.074657037854195 35.959908120334148 222.00659656524658 70.923423208296299 278.6962333470583 47.208580687642097 51.479096464812756 45.222478114068508 65.107681713998318 17.311600275337696 38.358770698308945 41.22668119519949 24.279330670833588 63.60580337792635 11.890315927565096 35.618168748915195 9.570953853428362 69.768573045730591 21.364791318774223 15.329419940710066 150.53311093151569 65.96566154807806 47.818353794515133
leaf_count=1704 730 395 253 1793 426 1936 353 296 285 382 121 262 297 172 476 92 271 83 660 152 117 1154 465 329
internal_value=3.13983e-05 0.000341683 0.000502607 0.000369594 0.00127695 0.000436526 -0.000533376 0.0032861 0.000888819 0.00558792 -0.00141983 0.00128531 0.000415433 -0.00132498 0.000716363 0.00303504 0.00439208 -0.00320629 -0.00386654 -0.00169061 0.00293294 -0.00205654 -0.000719354 0.00207079
internal_weight=1842.68 1684.13 1637.06 1601.1 798.578 565.846 802.517 232.733 116.146 116.587 540.33 262.188 223.829 135.094 87.8851 88.7352 76.8448 158.547 148.976 523.018 36.6942 486.324 264.317 113.784
internal_count=13204 11731 11336 11083 5029 3640 6054 1389 711 678 4131 1923 1661 1001 648 660 568 1473 1390 4010 269 3741 1948 794
is_linear=0
shrinkage=0.01


Tree=130
num_leaves=25
num_cat=0
split_feature=32 5 100 136 11 135 277 120 221 5 93 75 105 10 107 20 89 95 194 93 107 307 272 259
split_gain=21.2604 16.0448 12.8623 16.9962 16.4214 15.1277 18.6005 14.503 14.3633 12.7986 12.2291 11.1923 20.0983 15.6574 14.671 17.4027 11.4168 10.4622 9.97086 9.73328 9.70721 9.4872 9.23595 9.13509
threshold=0.0014316399604838677 -2.8712440139818409 0.67990093796261097 0.32339757506930766 0.56191740169546167 0.36134686529368715 -0.031442179363043977 0.52767844983253542 -0.17030205492827474 -2.8935132521978844 -0.87147554751303569 0.42798048920673565 1.3003658682844919 1.9573457901494122 0.25521975655414714 0.26923759389569846 3.8477486626808859 -0.85854796194056282 0.12778327560613559 -0.050420772771041317 -0.3876250088910464 -0.015619381094552324 0.047889891783206719 0.23383317012262508
decision_type=2 2 8 2 10 2 10 8 2 2 8 10 10 2 8 10 8 10 10 8 10 2 2 8
left_child=1 9 3 5 10 6 -3 -5 -8 22 -4 14 18 21 -12 -16 -15 -17 19 -13 -7 -14 -1 -20
right_child=-2 2 4 7 -6 20 8 -9 -10 -11 11 12 13 16 15 17 -18 -19 23 -21 -22 -23 -24 -25
leaf_value=-0.0032324444721871922 -0.0033156378835488684 -0.0010123885695566067 -0.0063577804806361016 0.0035278480409702204 -0.0034440463718729115 -0.0051411199139893681 0.0096104210836313528 -0.006092316675928711 0.0016235137912017023 0.0038828168636717984 0.00019274680270925669 -0.0047294773897581582 0.00068924430788155889 0.0065199249732306955 0.00042076645211980513 0.010306166599473025 -0.0026147933877645625 0.00097082001841013177 0.0087319834534379803 -0.00042616798004411474 0.0026164760255625937 0.011650441757307973 0.0033388771588098343 -0.0018131690032443825
leaf_weight=52.5185831412673 165.71973017603159 36.583981558680534 26.581519864499569 22.49586109817028 160.07929658144712 26.291659757494926 71.808954074978828 39.215176075696945 34.620133653283119 204.14990377426147 440.83290753513575 155.39459919184446 12.752533130347727 15.554284475743769 66.597517818212509 42.864390000700951 50.504128627479076 17.481021046638489 11.358109623193739 80.417576059699059 33.330214001238346 20.706868350505829 32.012605465948582 17.395473562180999
leaf_count=384 1542 234 179 148 1301 165 441 276 218 1148 3021 1277 85 111 440 262 391 114 89 623 202 142 232 132
internal_value=6.89803e-05 0.000410195 -3.846e-05 0.00193255 -0.000508896 0.0033249 0.00506204 -0.00256885 0.00713136 0.00254228 -8.88678e-06 0.000189906 -0.00117196 0.002604 0.00106645 0.00402215 -0.000269126 0.00778308 -0.00260866 -0.00328872 -0.000866468 0.00788142 -0.000704629 0.00273089
internal_weight=1837.27 1671.55 1382.87 264.346 1118.52 202.635 143.013 61.711 106.429 288.681 958.441 931.859 364.084 99.5178 567.776 126.943 66.0584 60.3454 264.566 235.812 59.6219 33.4594 84.5312 28.7536
internal_count=13157 11615 9851 1684 8167 1260 893 424 659 1764 6866 6687 2850 729 3837 816 502 376 2121 1900 367 227 616 221
is_linear=0
shrinkage=0.01


Tree=131
num_leaves=25
num_cat=0
split_feature=32 153 114 76 323 307 121 114 83 126 127 155 83 305 237 295 36 289 149 270 118 317 58 320
split_gain=19.3061 15.6748 14.6296 22.5784 12.1467 13.4049 10.969 12.3608 10.5523 10.4847 10.3469 10.323 16.9225 12.1335 9.48761 9.45716 10.3075 9.3827 9.29192 9.27362 9.52281 8.87905 10.1233 8.69274
threshold=0.0015637226134585292 0.01564247762863535 0.72439208681671763 0.7497525819723857 410.50000000000006 -0.023553842211347497 -1.8589414107347204 0.47499818936807098 3.5013525619451138 0.77282561054964283 -0.23071505293482533 0.010010020040080161 1.9285539770622371 0.39717026995929861 -0.045351808272277007 0.21575663728147573 0.024920430804332348 0.06919350235600237 0.14488471836364708 0.054802181974196319 20.500000000000004 -0.0064073239965280211 0.6210652460155518 -0.15392500172375775
decision_type=2 10 8 10 2 2 10 10 10 8 8 10 8 2 2 2 2 2 10 2 2 2 10 2
left_child=1 2 3 6 -4 -6 -1 10 9 -3 -8 12 -9 17 23 16 -15 -13 -10 -2 -21 -5 -23 -7
right_child=19 8 4 21 5 14 7 11 18 -11 -12 13 -14 15 -16 -17 -18 -19 -20 20 -22 22 -24 -25
leaf_value=0.008034475951851144 -0.0071372943770439739 -1.7460843611318377e-05 0.00086874658553833949 -0.0049988028210671233 -0.0020238722559057492 0.0025624460987536618 -0.0055688169920416995 -0.0021964795450735669 -0.0027131517964261958 -0.0042274923587952845 0.00061939517303395762 -0.0011707202019116381 0.0068466495099555567 0.0021462997905000872 -0.00013548963402086782 0.00068581891645757014 0.011952433007710274 0.0076350051022731139 0.0083893940928104465 -0.006412993158709971 2.8134816242721571e-05 0.0053478366390503577 -0.0014327992166861395 0.0073279123278361816
leaf_weight=23.008231267333031 41.134968057274818 103.45401038229465 375.2781658321619 63.61381658166647 32.894074119627476 66.150027103722095 36.349082425236702 76.355842381715775 10.818775184452535 136.903026945889 84.766755603253841 47.202193103730679 25.16637609153986 17.078889034688473 33.851533867418766 18.384418301284313 36.635939061641693 13.135159797966478 15.379989080131052 28.182096853852272 86.964767962694168 20.7387899979949 333.70413390547037 108.72851757705212
leaf_count=125 405 822 2478 462 213 418 228 514 85 1137 573 293 161 108 235 113 214 82 112 269 785 147 2486 691
internal_value=0.000121925 0.000437152 0.000857645 -3.78144e-05 0.00200978 0.00374716 0.00172494 0.00125276 -0.00177371 -0.00244094 -0.0013147 0.00258597 0.000160876 0.0043951 0.00467636 0.00708795 0.00911678 0.000987332 0.00395288 -0.00320688 -0.0016562 -0.0016353 -0.000993868 0.00560076
internal_weight=1835.88 1679.6 1413.04 796.14 616.902 241.624 378.083 355.075 266.556 240.357 121.116 233.959 101.522 132.437 208.73 72.0992 53.7148 60.3374 26.1988 156.282 115.147 418.057 354.443 174.879
internal_count=13156 11697 9541 5506 4035 1557 2411 2286 2156 1959 801 1485 675 810 1344 435 322 375 197 1459 1054 3095 2633 1109
is_linear=0
shrinkage=0.01


Tree=132
num_leaves=25
num_cat=0
split_feature=32 271 80 42 178 3 109 136 255 235 310 117 83 23 235 312 126 221 306 178 185 150 97 74
split_gain=19.0343 14.5053 13.1418 12.6331 17.8878 12.7861 15.7347 11.6554 11.2403 12.7067 10.6778 15.4457 12.0916 11.2997 10.6705 11.0682 14.8906 9.70922 9.46072 10.3403 9.42891 15.2157 16.8833 13.2629
threshold=0.0014316399604838677 0.14021189356493871 90.500000000000014 125.50000000000001 0.89518823075934739 2.5471693845014545 1.5063613918332945 0.27425176157359593 64.500000000000014 0.003821662252687335 -0.27646708781344892 1.1966157944951494 3.0498209718993059 0.74362418563146371 0.01191896806455279 -0.28536529477152967 0.62304246193686408 -0.36876856831794796 0.69882802088387275 0.9180229953710618 0.67510683760683776 0.048826334128002941 -0.034028439071924911 144.50000000000003
decision_type=2 2 2 2 2 2 10 2 2 2 2 8 8 8 2 2 10 2 2 2 8 8 10 2
left_child=1 3 8 5 7 6 20 -5 14 18 11 17 13 -13 15 -3 -17 -7 -10 -20 23 22 -22 -1
right_child=-2 2 -4 4 -6 10 -8 -9 9 -11 -12 12 -14 -15 -16 16 -18 -19 19 -21 21 -23 -24 -25
leaf_value=0.0052857157964738876 -0.0030856132712930918 -0.0040142467665136346 -0.0030187516983795795 0.0067506682699714103 0.0002412070443549966 -0.0043384941837736725 0.0084223976529841701 -0.0016476517351200473 0.0010327444187587481 0.0022684413294644865 -0.0031794001505407038 0.0085829576873237695 -0.0059768256040866529 0.0011774937219179795 0.0059633695908353811 0.0062710685283967997 -0.0049370668267246969 0.0013697488075138057 0.012766987213664999 0.0037154436224201629 -0.0014045237489673818 -0.0040097747948561772 0.0070448673581664373 -0.0041817530363075419
leaf_weight=57.7597840949893 164.81052691489458 55.41011256724596 41.62599241733551 75.248029798269272 406.09974927455187 87.704539589583874 22.029310844838619 19.497480615973473 19.479254364967346 143.70657597482204 266.30059259384871 30.901144698262215 11.433256343007086 56.762464992702007 24.222869642078876 30.954913452267647 15.627391718327997 42.410070300102234 33.279811106622219 24.875932268798351 64.603874906897545 89.985161282122135 33.708036713302135 17.11548175662756
leaf_count=395 1540 358 253 519 2819 689 137 137 111 824 2071 216 88 433 153 201 107 326 191 143 423 687 219 111
internal_value=0.000126293 0.000448435 0.00213178 -6.55611e-05 0.00116935 -0.000860439 0.000818837 0.00501439 0.002771 0.00411559 -0.00182816 -0.000234228 0.00269257 0.00398651 0.000366524 -0.00107863 0.00242289 -0.00248081 0.00732145 0.0092651 9.54327e-05 -0.00109585 0.00159899 0.00303484
internal_weight=1835.55 1670.74 389.183 1281.56 500.845 780.714 285.202 94.7455 347.557 221.342 495.512 229.211 99.0969 87.6636 126.215 101.992 46.5823 130.115 77.635 58.1557 263.172 188.297 98.3119 74.8753
internal_count=13151 11611 2341 9270 3475 5795 1972 656 2088 1269 3823 1752 737 649 819 666 308 1015 445 334 1835 1329 642 506
is_linear=0
shrinkage=0.01


Tree=133
num_leaves=25
num_cat=0
split_feature=3 109 85 161 184 46 253 122 105 161 61 297 255 106 193 4 81 114 120 131 287 106 64 72
split_gain=15.5866 15.2114 13.3242 12.3167 11.6077 11.4497 13.1053 10.9283 21.0941 12.524 13.2608 15.6432 14.6783 10.9124 10.0505 11.1733 15.0393 11.0059 14.1108 11.9753 10.3929 9.49173 9.67222 8.96179
threshold=2.5358204665057333 1.5322344754976167 28.361966689463646 0.068206047683659635 0.96875990203178752 1.0000000180025095e-35 211.50000000000003 0.64143503934520274 1.4203766237464295 0.020520339875178588 861.69126892399993 -0.051246612569940252 142.50000000000003 0.46991788740124185 0.82875939849624081 -168.3348093046628 -0.11406978961354282 0.72620955713536361 0.81467750131915795 1.7414327115246062 0.018821382806841608 0.93252372619715673 1.147283073549425 18.481566027804121
decision_type=2 10 2 8 10 2 2 10 10 10 2 2 2 8 8 2 10 8 10 8 2 8 10 2
left_child=1 14 3 -2 -3 6 7 8 9 -4 11 -11 -13 -5 17 16 -16 18 19 -1 -20 23 -23 -9
right_child=2 4 5 13 -6 -7 -8 21 -10 10 -12 12 -14 -15 15 -17 -18 -19 20 -21 -22 22 -24 -25
leaf_value=0.005616254323438776 -0.0044729350258604743 0.00044240816437579475 -0.0013746681568799529 0.0091902141884089832 0.011648955176859307 -0.0030143697352980042 0.0073353944421432919 -0.0034308368396547468 0.011219052858417993 -0.004294510653206499 -0.0020359607233019035 0.0026337182953603904 0.010223632111184914 -0.001618256045451475 -0.0038030610270950306 -0.0033263286216649603 0.0034423347207924639 0.0046424378840829459 -0.0052880778801450735 0.00061954388002461488 0.0012391586540102942 -0.0020344867045074357 0.0087913924347626012 0.00042946666116884047
leaf_weight=67.428588539361954 144.96121049672365 15.819140754640101 218.44572202861309 10.607092745602129 20.930567994713783 125.80446000397205 22.044485673308372 178.7422494366765 15.992809928953646 24.646774984896183 69.076742865145206 182.3202019110322 27.814449347555637 28.185317553579807 39.592876985669136 99.328218333423138 85.568719707429409 97.303925752639771 51.423442862927914 155.56222258508205 42.330337509512901 14.067251749336721 14.235282234847544 88.401245795190334
leaf_count=392 1196 98 1487 84 123 1153 146 1464 93 161 451 1189 161 229 278 748 545 607 387 1012 310 114 112 658
internal_value=0 0.0012063 -0.000699674 -0.00314977 0.00722839 -0.000232225 0.000184204 -2.7932e-05 0.000818067 0.000438707 0.00174631 0.0028744 0.00376605 0.00173823 0.00082766 -0.000866093 0.00110894 0.00174805 0.000822375 0.00218657 -0.00238076 -0.00156582 0.00368335 -0.00215859
internal_weight=1840.63 675.288 1165.35 183.754 36.7497 981.592 855.787 833.743 538.297 522.304 303.858 234.781 210.135 38.7924 638.538 224.49 125.162 414.049 316.745 222.991 93.7538 295.446 28.3025 267.143
internal_count=13198 4500 8698 1509 221 7189 6036 5890 3542 3449 1962 1511 1350 313 4279 1571 823 2708 2101 1404 697 2348 226 2122
is_linear=0
shrinkage=0.01


Tree=134
num_leaves=25
num_cat=0
split_feature=271 5 310 78 116 60 160 310 185 109 83 87 291 217 271 64 67 109 316 120 109 323 83 66
split_gain=19.8641 11.2306 15.3046 13.2844 17.8554 13.349 13.8078 13.2322 12.93 13.7188 12.3094 11.4658 11.2193 10.8291 10.7392 10.7227 10.2152 9.91312 9.89147 9.72746 10.0016 11.6239 10.7227 9.26523
threshold=0.067822972005887092 -2.8943022876294049 -0.25766354029404759 146.02755995674417 0.33230128323152541 -118.05640877832334 0.064915910048653422 -0.34584065472227493 0.76209992193598752 1.6227019367552071 3.5013525619451138 1.2467388442673319 0.36515182169387733 0.84010309278350526 0.11102039330474796 1.0339120981202234 168.65770705108278 1.5195776906739467 0.0114707235910507 1.1821945761825317 1.6322669066613535 304.50000000000006 2.1862168006146976 -33.996217685751127
decision_type=2 2 2 2 8 2 10 2 8 10 10 10 2 2 2 10 2 8 2 10 10 2 10 2
left_child=12 -2 3 4 5 6 7 11 -7 -10 15 13 -1 -3 -9 17 -6 -4 -19 20 -14 22 -22 -16
right_child=1 2 10 -5 16 8 -8 14 9 -11 -12 -13 19 -15 23 -17 -18 18 -20 -21 21 -23 -24 -25
leaf_value=0.0031673489387539829 -0.0017120017066146226 0.0063801104968966103 -0.00093963824458805946 -0.0022015068206637615 0.0008478768121530009 0.0017588051220981619 0.0094150879925107428 0.000555419589275261 -0.0050843463876739884 0.0037511710580396354 0.0081612612393910707 -0.00059648086524743125 -0.0021860768100778138 -0.0015447041912582643 0.0040853970624521087 -0.0039334937272452967 0.0095525541658291625 0.00099374338457433879 0.0084341176996929352 -0.0047635589650812903 -0.0002588927149289498 -0.0020755074700223096 0.010343906703071405 0.013350513244022007
leaf_weight=40.66630307585001 170.87698482722044 56.192833803594112 282.82932271808386 67.169122159481049 19.546395629644394 157.34029419720173 29.186775594949722 25.236487209796906 68.158325061202049 20.925182417035103 13.539824634790419 138.70579757541418 264.41255823522806 22.752796903252602 27.428395882248878 79.517171531915665 47.762711875140667 85.617033362388611 20.23405933380127 106.53641627728939 16.21075713634491 34.005322068929672 19.280845642089844 20.960204742848873
leaf_count=323 1494 309 1902 488 134 1056 163 167 503 142 95 854 2071 128 151 577 304 564 132 936 120 261 150 124
internal_value=4.23036e-05 0.000663179 0.00101036 0.00195028 0.00239945 0.0017976 0.00313402 0.00241635 3.969e-05 -0.00294616 -0.000359402 0.0011368 -0.00169656 0.00410943 0.00600305 -0.000655684 0.00717583 3.59898e-05 0.00260855 -0.00216534 -0.00130017 0.00200994 0.0058144 0.00863614
internal_weight=1835.09 1353.98 1183.1 701.365 634.196 566.887 320.463 291.277 246.424 89.0835 481.737 217.651 481.112 78.9456 73.6251 468.198 67.3091 388.68 105.851 440.446 333.909 69.4969 35.4916 48.3886
internal_count=13148 9287 7793 4523 4035 3597 1896 1733 1701 645 3270 1291 3861 437 442 3175 438 2598 696 3538 2602 531 270 275
is_linear=0
shrinkage=0.01


Tree=135
num_leaves=25
num_cat=0
split_feature=5 5 76 108 297 143 126 108 65 71 123 181 121 116 261 163 83 52 103 235 283 175 270 247
split_gain=14.8729 18.6218 12.0238 10.4771 14.7149 20.9979 10.4712 15.0151 11.497 15.5235 9.54659 9.44165 9.24281 13.0119 11.5073 9.01372 8.99454 8.98432 10.8008 9.70535 13.7821 9.30872 8.96388 8.88857
threshold=-2.8943022876294049 -2.8712440139818409 0.80655261278894375 0.57875829095357578 0.011899425898487045 0.011644857278459557 0.70040182062212375 0.24453203894057432 0.96186296003233307 1.0298751579809631 0.12904842761423452 0.054460838240686822 -1.0427035059802987 0.33230128323152541 0.47002378375133497 0.0017286200920337061 2.2800726133478069 258.50000000000006 0.83478443456242912 0.0031080049843996023 0.0055491866215412128 11.63085284440896 0.054133196238459406 2.4561142074999895
decision_type=2 2 10 10 2 10 10 10 8 10 8 2 8 8 10 10 10 2 8 2 10 10 2 2
left_child=22 11 6 -4 12 16 8 -8 -3 10 -10 -2 -5 14 -14 -7 -6 18 21 -19 -21 -11 -1 -20
right_child=1 2 3 4 5 15 7 -9 9 17 -12 -13 13 -15 -16 -17 -18 19 23 20 -22 -23 -24 -25
leaf_value=-0.0055285185411481511 0.0082624072736161083 0.0046209542492688773 -0.0021908617552115956 0.0022195164191312596 -0.0031813652914014084 0.015156554556995286 -0.0025771451471714251 0.0086413559396558565 0.0013091728405236448 -0.00082425873089566682 -0.0043033874337710743 0.0022346597089255246 -0.0015974411837091716 0.00063216207917980098 -0.0070901504403196435 0.0039638701059775076 0.003899801879229245 0.00035610440373785732 -0.0036906637232618517 0.0097407169517985739 -0.0014872863363004582 0.0054703430916552423 -0.0010547697413700939 0.0049826721889922416
leaf_weight=59.13192080706358 28.227573923766613 62.011387802660465 307.48538021743298 87.290499731898308 34.434299454092979 14.370105199515818 15.377880670130251 36.592226691544056 41.713262975215912 43.091667003929615 96.335594527423382 197.19094035029411 145.64371427148581 174.31556314975023 50.48844487965107 17.716759786009789 31.714365541934967 43.617671988904476 73.511928297579288 37.197129927575588 13.899889901280401 46.575303845107555 171.60694799572229 11.345374330878256
leaf_count=562 151 384 2364 563 268 99 107 239 243 265 689 1110 1104 1281 423 124 232 278 527 226 88 292 1507 81
internal_value=9.897e-05 0.000440866 3.886e-06 -0.000718707 0.000100669 0.00355694 0.00120016 0.00534186 0.000709997 8.41929e-05 -0.0026081 0.00308732 -0.000656252 -0.00134832 -0.00309749 0.00983039 0.000219773 0.00148116 0.000114696 0.00391205 0.00675016 0.00250197 -0.00225888 -0.0023957
internal_weight=1840.89 1610.15 1384.73 863.459 555.974 98.2355 521.269 51.9701 469.299 407.288 138.049 225.419 457.738 370.448 196.132 32.0869 66.1487 269.239 174.524 94.7147 51.097 89.667 230.739 84.8573
internal_count=13207 11138 9877 6458 4094 723 3419 346 3073 2689 932 1261 3371 2808 1527 223 500 1757 1165 592 314 557 2069 608
is_linear=0
shrinkage=0.01


Tree=136
num_leaves=25
num_cat=0
split_feature=32 271 5 181 270 95 274 33 61 111 107 297 7 107 299 274 307 213 274 90 191 4 103 194
split_gain=18.4282 14.5265 11.5474 11.4721 11.0618 10.2692 9.98583 11.9878 10.5738 8.9078 8.86286 15.7134 11.7943 12.3526 11.2561 11.2881 12.8526 14.5163 11.7151 10.3684 10.1273 11.6819 11.5246 9.45953
threshold=0.0014316399604838677 0.052674495872370851 -2.8712440139818409 0.053944638567372798 0.054802181974196319 -1.3656553288328739 4.1471191136470189 0.027428790891968393 564.39646385621631 0.68216790160730423 -0.085530948033653478 -0.02818055814104518 -1.1275683968414849 -0.3876250088910464 0.1005832604257801 5.7268026760985142 -0.012432293057578326 -0.10402812726164488 5.5056741108588474 12.026317919798384 -0.52998720204710359 -1.4511056474415405 1.6265039876907605 0.053667434715821818
decision_type=2 2 2 2 2 10 2 2 2 8 8 2 2 10 2 2 2 2 2 2 8 2 8 8
left_child=1 5 3 -3 -2 -1 7 -7 -8 -4 12 19 13 -11 15 16 17 -13 20 -12 -18 -22 -23 -14
right_child=4 2 9 -5 -6 6 8 -9 -10 10 11 14 23 -15 -16 -17 18 -19 -20 -21 21 22 -24 -25
leaf_value=0.0016311790758244727 -0.0074265080020880416 0.008309528970771687 0.0065671106930832099 0.0018287101251589673 -0.0015516025574705619 -0.002454091629269657 -0.0059992287660834203 0.007557941899814802 -0.0011511148053976003 -0.0012559706087718384 -0.0017604864463432247 -0.002215134147941022 -0.0059640491300142883 0.0026829542469427392 -0.0042591876810635001 0.00018556495148812677 0.0088938283881862309 0.0088294697473221724 0.013243534497847226 0.005339912524480293 -0.0014555255497200193 0.0076898023135956754 -0.0010083332394212675 -0.0011405916558459867
leaf_weight=69.489252597093582 42.076238915324211 28.714777439832687 19.40097289532423 237.61072264611721 122.13813155889511 28.546378493309021 94.809422478079796 16.551347158849239 87.617289409041405 192.58198681473732 204.15226162225008 51.359276957809925 60.295250996947289 131.44637293368578 21.979006387293339 115.48483904451132 36.036452919244766 12.40378303080797 15.582764118909834 20.019665196537971 39.777088843286037 49.227701798081398 20.40600648522377 121.3065922409296
leaf_count=530 420 158 129 1437 1125 223 768 115 730 1281 1450 343 465 839 160 830 219 83 104 138 266 321 153 895
internal_value=3.18173e-06 0.000319122 0.000752423 0.00261153 -0.00316364 -0.00167559 -0.00269757 0.00142946 -0.00372954 0.00030052 0.000171521 0.00100654 -0.000795159 0.000348244 0.00228832 0.00274594 0.00403813 0.000203117 0.00552067 -0.00106305 0.00444863 0.00278751 0.00518727 -0.00281473
internal_weight=1839.01 1674.8 1377.79 266.326 164.214 297.014 227.524 45.0977 182.427 1111.46 1092.06 586.429 505.63 324.028 362.257 340.278 224.793 63.7631 161.03 224.172 145.447 109.411 69.6337 181.602
internal_count=13182 11637 9271 1595 1545 2366 1836 338 1498 7676 7547 4067 3480 2120 2479 2319 1489 426 1063 1588 959 740 474 1360
is_linear=0
shrinkage=0.01


Tree=137
num_leaves=25
num_cat=0
split_feature=271 73 11 270 304 230 229 229 112 313 275 305 48 284 289 262 236 184 242 193 100 114 137 227
split_gain=16.7782 12.7411 19.4994 13.1572 11.0396 14.7625 10.9949 9.97164 9.44357 9.41304 13.5254 13.5619 12.4024 15.4504 11.1586 10.8185 10.1243 9.51129 9.28338 9.05429 8.94719 9.42381 11.3567 8.93712
threshold=0.10952046704805242 327.17862094722165 0.49322738183345821 0.085374677914651809 0.014266570483547571 298.50000000000006 -0.29296214804418047 -0.27704174861396197 149.50000000000003 0.021083160337037502 0.092307692307431979 0.35588603862500745 16.500000000000004 0.048643558405129246 -0.13627760488359561 -0.21295894907935312 0.29581631802650227 2.1946268926900747 0.22500000000000003 0.76376262626262637 1.0477679750985656 0.80364254337728303 0.11117169514116081 0.0024547427980904381
decision_type=2 2 10 2 2 2 2 2 2 2 2 2 2 10 2 10 2 8 2 10 10 8 2 2
left_child=1 20 3 4 5 19 -7 -4 -8 10 11 -2 -13 14 -14 16 -16 -17 -11 -3 -1 -22 -23 -6
right_child=9 2 7 -5 23 6 8 -9 -10 18 -12 12 13 -15 15 17 -18 -19 -20 -21 21 22 -24 -25
leaf_value=-0.00075538546186444016 -0.0013825502295921183 0.01164534138627548 -0.0072889870220168226 -0.0066721683362151885 0.0032588445985414285 -0.0029054024516285519 0.0017826385824304353 -0.00035689790843646262 0.011377818718492159 0.0033877463316146963 -0.0018159593301318281 -0.004360903282862586 0.0092299918141416516 0.0084838440286033202 -2.5774763050004317e-05 -0.0031963064448094353 0.0088871543990891293 0.004498188162350098 -0.0012856245167700267 0.0023769902029335608 -0.0063883120334087004 0.0063732209808157738 -0.002611230986786272 -0.0036074089398452172
leaf_weight=523.73678934574127 102.68448865413666 35.201391637325287 30.68673437833786 11.722339689731596 37.350229114294052 27.264522038400173 36.751254230737686 56.151826716959476 12.400493755936621 237.45005259662867 186.05438813567162 18.304406955838203 15.966514930129049 48.735881648957729 24.35992006957531 61.45364660769701 23.343738287687302 18.63857751339674 49.710993550717831 17.411682173609734 61.899698004126549 12.711396761238573 152.77271779626608 33.037083566188812
leaf_count=3931 669 244 266 94 265 205 263 454 82 1506 1227 129 98 308 155 398 137 126 326 128 549 104 1260 242
internal_value=3.46035e-05 -0.000791839 0.000949443 0.00258466 0.00321986 0.00492675 0.00197484 -0.00297108 0.00471218 0.00113686 0.000300803 0.00156532 0.00300528 0.00376412 0.00202385 0.000934689 0.0045701 -0.00130077 0.00257058 0.00887517 -0.00148494 -0.00313089 -0.0018192 7.37256e-06
internal_weight=1835.8 1049.1 297.978 211.139 199.417 129.029 76.4163 86.8386 49.1517 786.703 499.542 313.487 210.803 192.498 143.762 127.796 47.7037 80.0922 287.161 52.6131 751.121 227.384 165.484 70.3873
internal_count=13166 8087 2243 1523 1429 922 550 720 345 5079 3247 2020 1351 1222 914 816 292 524 1832 372 5844 1913 1364 507
is_linear=0
shrinkage=0.01


Tree=138
num_leaves=25
num_cat=0
split_feature=32 122 117 141 221 210 302 233 277 49 47 278 323 109 216 240 319 316 21 319 221 181 14 35
split_gain=18.381 14.2658 16.4839 20.3844 9.83367 9.8063 9.10412 12.6672 10.3901 10.695 11.6114 11.4141 11.48 9.87263 11.1329 9.73355 11.2513 9.87182 15.3226 9.44931 10.7076 9.06221 10.2792 9.68217
threshold=0.0015637226134585292 0.26025589624797435 1.1899112984831832 0.013797430017738936 -0.37083177457175259 0.19693044433977078 0.010412811497656058 0.87513213530655409 0.10211566049407089 6.5000000000000009 22.500000000000004 -0.0039774614910009429 376.50000000000006 1.1685457581177501 1.8453263311639165 0.4533926346807155 -0.10013394777265744 -0.0060654106180719975 -0.65622934227803109 -0.05365321701199563 -0.11450847280499031 0.12684746996723703 0.36960209742132405 0.0050994403877759062
decision_type=2 10 8 2 2 2 2 2 10 2 2 10 2 10 2 2 2 2 10 2 2 2 2 2
left_child=1 6 4 -4 -3 -5 13 8 9 10 -8 -12 -13 14 15 16 17 18 -1 20 -17 -6 23 -23
right_child=-2 2 3 5 21 -7 7 -9 -10 -11 11 12 -14 -15 -16 19 -18 -19 -20 -21 -22 22 -24 -25
leaf_value=0.0051343606787267616 -0.0032765395965102207 -0.0044862863352472977 0.0081797215390317542 -0.00034435027431687601 -0.0022081836138003277 0.0074160440410684873 0.0035046127379378938 -0.0020443006128966564 -0.0013472157779763347 -0.0005416088890097707 0.0018777490398931103 0.0057031603771031704 0.018328541971195451 0.0020568135658408575 -0.0047227955632622868 0.0069273068748337691 0.0014175917113296911 -0.0059212031221185651 -0.0043430282486159495 -0.0012894685670879786 -0.0027657912343527729 0.0042861679422596345 0.0083513121782175289 -0.0042868546245367805
leaf_weight=27.039807476103306 156.83881745487452 126.52858009189367 30.216071613132954 369.08406569063663 174.08111085742712 14.188088916242121 132.44740387052298 49.016296200454235 37.831786826252937 38.230308279395103 16.563707008957863 18.946035228669643 15.168244265019892 222.08673625439405 52.737396381795406 50.616585098206997 100.03717949986458 58.339896142482758 36.895553976297379 36.65690166503191 12.635839544236658 21.633785851299763 16.131092056632042 25.667429246008396
leaf_count=155 1483 1047 197 2727 1427 102 829 316 243 232 102 114 89 1302 373 340 642 376 254 251 89 176 130 203
internal_value=-3.33972e-05 0.000273283 -0.000718015 0.000645175 -0.00226212 -2.01412e-06 0.00112542 0.00251361 0.00339225 0.00421358 0.00520484 0.0092077 0.0123214 0.00039862 -0.000588926 0.000119905 -0.00104183 -0.00304854 -0.000271778 0.0026721 0.00494 -0.00103404 0.00212951 -0.000325041
internal_weight=1839.62 1682.78 777.53 413.488 364.042 383.272 905.25 308.204 259.187 221.356 183.125 50.678 34.1143 597.046 374.959 322.222 222.312 122.275 63.9354 99.9093 63.2524 237.513 63.4323 47.3012
internal_count=13199 11716 6009 3026 2983 2829 5707 1925 1609 1366 1134 305 203 3782 2480 2107 1427 785 409 680 429 1936 509 379
is_linear=0
shrinkage=0.01


Tree=139
num_leaves=25
num_cat=0
split_feature=271 273 2 186 70 233 307 2 105 5 310 160 119 269 252 261 60 272 323 277 146 160 92 279
split_gain=13.5751 13.9582 12.6085 14.4285 13.6376 10.6746 12.6723 12.4626 11.7292 12.6833 12.3517 10.2067 10.1499 12.2095 14.2412 13.4388 16.8342 10.5904 9.89133 11.9905 15.2404 13.8109 11.681 9.75359
threshold=0.13635587753583686 5.4082838600369101 0.66621357149836669 0.17108013937282232 0.56582895962274893 0.87513213530655409 -0.0030530561261032925 1.1477240227822292 0.69283247971697637 -2.3041055288413737 -0.18069769139156408 0.099431359245258644 0.4649171857249334 1.3629187943704075 122.50000000000001 -0.27762712665008626 -134.89739962882197 0.020750710216898043 79.500000000000014 0.024668072224619749 0.15634558989397704 0.040759868594152898 408.50000000000006 0.0057694344935970152
decision_type=2 10 10 8 10 2 2 10 10 2 2 10 10 2 2 8 2 2 2 10 10 8 2 10
left_child=2 -2 3 18 -4 6 -6 8 12 10 23 -11 13 -8 15 -15 -17 -18 -1 21 -21 22 -20 -10
right_child=1 -3 4 -5 5 -7 7 -9 9 11 -12 -13 -14 14 -16 16 17 -19 19 20 -22 -23 -24 -25
leaf_value=0.008300067837142041 0.0019680973873303642 -0.004880832700260942 -0.0038517303303776591 -0.006638820052948885 -0.001315939231689614 -0.0042437661651033524 -0.0032642895319450046 -0.004126399894074372 0.014376121038616079 0.0066610376526348323 -0.00047184057966723431 -0.00093070903676682 -0.0029571397714751057 0.0014283505564483424 -0.0032435973732512263 0.017453426488447346 0.0085507118116463915 -0.0011827732335578886 -0.0040607496780268844 -0.0032486634576165537 0.0082516105752295336 0.0044894655578904237 0.0043807926377741275 0.0036786768770657556
leaf_weight=22.456068083643913 430.9261766821146 29.190482884645462 135.26984084397554 16.484720937907696 494.71654199063778 67.942176938056946 41.446318089962006 40.23685248196125 22.143012806773186 22.204063214361668 13.766462311148642 58.062532871961594 67.426959782838821 83.345524325966835 30.984622821211815 11.314079299569128 22.012289144098759 18.913817815482616 72.449149750173092 13.672897852957247 41.533548220992088 41.912961170077324 18.336341306567192 17.287612468004227
leaf_count=148 2689 186 1073 120 3720 560 300 342 146 157 96 436 591 593 223 76 161 144 503 101 266 285 124 118
internal_value=2.23004e-05 0.00150413 -0.0004753 0.00166373 -0.000902258 -0.000497263 -0.000214587 0.000996925 0.00152851 0.00392881 0.00759087 0.00131311 0.0003336 0.00143053 0.00263981 0.00403057 0.00787614 0.00424452 0.00239886 0.00157523 0.00536636 -7.39384e-05 -0.0022638 0.0102723
internal_weight=1834.04 460.117 1373.92 226.846 1147.07 1011.8 943.861 449.144 408.907 133.464 53.1971 80.2666 275.444 208.017 166.57 135.586 52.2402 40.9261 210.361 187.905 55.2064 132.698 90.7855 39.4306
internal_count=13158 2875 10283 1547 8736 7663 7103 3383 3041 953 360 593 2088 1497 1197 974 381 305 1427 1279 367 912 627 264
is_linear=0
shrinkage=0.01


Tree=140
num_leaves=25
num_cat=0
split_feature=153 105 123 5 123 83 164 303 185 163 75 116 289 122 129 28 106 209 125 269 128 92 284 288
split_gain=16.9441 17.1354 15.8805 13.449 11.4621 14.2968 11.055 12.2962 12.3973 10.86 15.2314 10.8232 12.0424 9.90813 9.71625 10.5366 9.73736 9.6051 9.60409 9.19107 9.00241 9.1021 9.00138 9.71046
threshold=0.01564247762863535 0.99430583986784449 1.3402543423130944 -2.8935132521978844 -0.10896092029255984 1.3358535835734482 0.0018148880105401846 0.0010238490092967512 0.71707642462359444 0.0015860438205921568 0.43456008789021972 -0.075349296024951232 -0.13204598667721931 -0.13303306062249928 2.0057777752854178 0.22460142237018507 0.5383376738436183 0.91192630898513261 -0.31163601345819109 0.67774875028259951 1.1221961187043654 105.50000000000001 0.013795248840226372 -0.0039126186096234842
decision_type=10 10 10 2 8 8 10 2 8 10 10 8 2 10 8 2 10 2 10 2 10 2 10 2
left_child=1 2 3 -1 18 11 -2 8 -8 22 -11 12 -6 17 15 -3 -16 -14 -5 -18 21 -17 23 -4
right_child=6 14 9 4 5 -7 7 -9 -10 10 -12 -13 13 -15 16 20 19 -19 -20 -21 -22 -23 -24 -25
leaf_value=-0.0022501709842015888 -0.0032364760122087005 0.0049336697869985643 0.0029648533489791003 -0.0015507355430550201 0.005483102614861745 0.0020178420773983622 0.0027452073065118705 0.0077038367755707564 -0.0057123438054988039 0.0022264282750937047 -0.0036721692093464615 0.0030187876155266455 -0.0021213276222718817 -0.0063996941466814327 0.0011917801176466545 -0.0031683676213839045 0.002482395924451649 0.0059798236997003233 0.0066602960637601174 0.011542277623192584 -0.0047947433909121141 0.0069914296222323841 -0.0050506132891673409 -0.0027650302793410077
leaf_weight=117.70239282399416 219.10728742927313 42.330000534653664 38.650392115116119 16.831308200955391 17.428732946515083 445.08874423056841 35.738172180950642 18.017655692994595 28.679714538156986 131.9090224802494 61.979244329035282 53.502374045550823 134.36115900427103 49.081589080393314 30.921451702713966 13.764418065547945 19.860606767237186 13.580585092306135 61.745002806186676 31.752491340041161 32.777882874011993 16.464826546609402 103.23084413260221 100.6617893949151
leaf_count=982 1901 270 312 97 113 2793 259 129 223 932 499 366 851 375 215 88 124 86 334 205 213 98 868 833
internal_value=8.26812e-05 0.000510104 0.000111538 0.000864261 0.00133499 0.000923259 -0.00207232 0.00101482 -0.00108741 -0.00144994 0.000309923 -0.000893275 -0.00190062 -0.00262749 0.00331562 0.0012334 0.00583182 -0.00127233 0.00489632 0.00838595 -0.00134279 0.00245998 -0.00284819 -0.00114076
internal_weight=1835.17 1533.62 1345.75 909.322 791.619 713.043 301.543 82.4355 64.4179 436.431 193.888 267.954 214.452 197.023 187.872 105.337 82.5345 147.942 78.5763 51.6131 63.0071 30.2292 242.543 139.312
internal_count=13166 10654 9441 5997 5015 4584 2512 611 482 3444 1431 1791 1425 1312 1213 669 544 937 431 329 399 186 2013 1145
is_linear=0
shrinkage=0.01


Tree=141
num_leaves=25
num_cat=0
split_feature=271 111 296 153 109 217 138 102 149 160 109 152 160 135 109 282 113 21 114 128 174 109 209 35
split_gain=15.9569 11.0316 15.6497 11.5185 14.4553 9.95054 9.52887 8.95535 8.6989 21.0851 11.0968 10.7944 11.2706 13.2724 9.62685 11.0425 15.0799 13.5847 9.32457 12.0332 14.8879 11.9454 10.0247 9.82455
threshold=0.056566246935567617 0.62467366733815721 0.73784765376389261 0.049443833272216117 2.2163455206291207 0.67929655455291227 0.14776178948036525 0.61448728431828337 0.093806407942238282 0.037565469890634758 0.61938166623428181 0.0097640422658298257 0.068215538171027795 0.21392393701595119 1.5195776906739467 0.018680616117095244 0.31334389785538103 -0.15960324648814059 0.78992007196464942 1.0929097453858814 58.410138888888895 1.4519439082294652 0.59275647328744685 0.0052390330261505641
decision_type=2 8 2 8 10 2 2 10 10 10 8 10 10 2 10 10 10 10 8 10 10 10 2 2
left_child=5 2 -2 4 8 6 -1 -6 10 -10 -3 14 -13 18 15 16 -11 -17 21 20 -20 -14 -22 -24
right_child=1 3 -4 -5 7 -7 -8 -9 9 11 -12 12 13 -15 -16 17 -18 -19 19 -21 22 -23 23 -25
leaf_value=-0.0016988895147173467 -0.0027436410550325612 -0.00023250912962470856 0.010024668495455502 -0.0042744647217262434 0.010136535973291618 -0.0029405026477820279 0.0043901451812582938 0.0016322935231498554 -0.0035225538628031391 -0.0016978487291097037 0.0030775685392444695 -0.0029916186733573019 -0.0040797717602844971 0.0083379014863368215 0.0080300201526776055 0.0096104484230464995 0.0084424984985633621 -0.00016195353445274153 -0.0041709383734642525 -0.00065276259149194395 0.011576650382668601 0.0009126134957665044 0.00099965782755065164 0.0081977881027786165
leaf_weight=61.924730569124222 13.162287794053553 191.97669740021229 24.164877504110336 50.057934455573559 21.241715490818024 255.68657945841551 39.770510286092758 28.940167926251888 160.23436064273119 99.500225357711315 209.42841923236847 116.41550079733133 93.483531624078751 17.565680369734764 24.255426056683064 28.121520020067692 14.27364758402109 25.773463524878025 18.508343160152435 144.00032334774733 17.1650071144104 93.19005561619997 58.782598450779915 26.142359755933285
leaf_count=478 91 1253 159 408 127 2121 314 196 1207 656 1272 895 744 122 136 170 85 180 126 1038 112 681 408 169
internal_value=-8.57872e-06 0.000450502 0.00562153 0.000304862 0.000479008 -0.0018965 0.000727302 0.00560132 0.000274807 -0.000252333 0.00150148 0.00043098 -0.000244941 0.000448843 0.00247083 0.00154033 -0.000242363 0.00514518 8.93061e-05 0.00129336 0.00358687 -0.00160585 0.00507778 0.00342056
internal_weight=1833.77 1476.38 37.3272 1439.06 1389 357.382 101.695 50.1819 1338.82 937.412 401.405 777.178 585.253 468.838 191.924 167.669 113.774 53.895 451.272 264.599 120.598 186.674 102.09 84.925
internal_count=13148 10235 250 9985 9577 2913 792 323 9254 6729 2525 5522 4295 3400 1227 1091 741 350 3278 1853 815 1425 689 577
is_linear=0
shrinkage=0.01


Tree=142
num_leaves=25
num_cat=0
split_feature=271 205 268 177 244 73 174 274 185 281 114 90 115 107 124 317 138 36 7 157 35 216 232 186
split_gain=16.1106 11.6768 11.4426 11.5126 11.2608 9.45781 15.0453 12.9245 11.9616 17.0503 11.9877 13.6168 11.2825 10.2482 9.55932 9.46595 9.31576 9.97997 9.18671 15.4188 9.61822 9.41451 9.09317 10.5765
threshold=0.067822972005887092 -0.26318022220737081 0.58534510393774586 7.5007761277078666 54.97847222222223 315.53479370826329 78.325416666666683 5.5550049851167715 0.83313725490196089 5.3701290339972756 0.72765134955375765 5.7378846426701191 -1.2987224526831893 -0.3876250088910464 25.500000000000004 -0.001752849725013058 0.16657773034507295 0.021312174192556568 -0.90058571484039318 0.23338136407300675 0.0030418268541264758 2.7044876394065236 2.476083382589906 0.10652482269503548
decision_type=2 2 2 8 2 2 10 2 10 2 8 2 10 10 2 2 2 2 2 10 2 2 2 8
left_child=1 -1 3 4 -3 7 -7 8 10 -10 12 -12 15 -14 18 -2 17 -5 19 20 21 -9 23 -8
right_child=5 2 -4 16 -6 6 22 14 9 -11 11 -13 13 -15 -16 -17 -18 -19 -20 -21 -22 -23 -24 -25
leaf_value=-0.0027971009087359639 0.00078892470197137825 -0.0019341779048587043 -0.0036078258728187884 -0.0014816701964653397 0.0057150736505621556 0.00045322968717328841 0.011290452026996521 0.0017743200088219391 -0.0025241150889488435 0.0045483934945796337 0.002798456283226084 0.011731973893778504 -0.0034627985324532009 0.00089805956026855929 0.0062081202346209296 0.0081948421368004901 0.012656933134488065 0.0089834999227458232 -0.0049458184853830986 -0.0030834699485917123 -0.0013912351439176716 0.010693015943813885 0.0025505448162951917 0.00072132878947259063
leaf_weight=286.76588935405016 39.098751328885555 78.79363226890564 50.855632565915585 21.601032197475433 22.335852101445198 225.39868453145027 30.983993977308273 37.762153580784798 168.2179721519351 39.769533321261406 132.98927836120129 17.556902252137661 70.856523878872395 197.4173753336072 12.35589526593685 29.568859271705151 11.501270577311514 12.00160640478134 73.520160764455795 134.15302136540413 42.509928569197655 15.73022376000881 78.614679053425789 14.007722750306128
leaf_count=2352 245 615 425 169 175 1521 195 264 1164 271 850 105 485 1332 83 186 88 87 567 992 302 117 546 92
internal_value=4.26111e-05 -0.00151872 0.000349595 0.00177517 -0.000125037 0.000600634 0.00201303 0.000108038 0.000870384 -0.00112392 0.0017249 0.00404484 0.000660223 -0.000274216 -0.00155926 0.00419094 0.00581176 0.00263723 -0.0019332 -0.000917955 0.00209955 0.00482186 0.0047753 0.00825923
internal_weight=1844.37 483.855 197.089 146.233 101.129 1360.51 349.005 1011.51 695.475 207.988 487.488 150.546 336.942 268.274 316.031 68.6676 45.1039 33.6026 303.675 230.155 96.0023 53.4924 123.606 44.9917
internal_count=13228 3911 1559 1134 790 9317 2354 6963 4638 1435 3203 955 2248 1817 2325 431 344 256 2242 1675 683 381 833 287
is_linear=0
shrinkage=0.01


Tree=143
num_leaves=25
num_cat=0
split_feature=119 109 141 102 156 209 137 105 147 180 141 240 112 114 197 109 240 65 236 307 72 48 302 39
split_gain=15.6954 16.7744 18.0928 13.3893 14.7446 12.544 11.6874 11.3197 19.031 13.8704 11.0284 11.9713 10.3561 12.7114 10.2425 12.1302 15.0152 13.1888 10.7732 9.98265 9.50417 9.32267 21.2591 16.8046
threshold=0.1139320758811037 1.5195776906739467 0.0083478270969015774 1.228056852784827 1.0000000180025095e-35 0.75895069640263191 0.13755329532028562 1.3824999942590697 0.11438032268885741 2.2904282388609176 0.072977037060242486 0.51523161426081188 111.50000000000001 1.11800186783763 -0.41503972475460327 0.96647138036589408 0.10717961112436807 1.869793646963301 0.26507125393713799 -0.0042911020800931723 -295.25450266347502 74.500000000000014 0.016110467864224574 0.078446455505279053
decision_type=8 10 2 10 8 2 2 10 10 2 2 2 2 8 8 8 2 10 2 2 2 2 2 2
left_child=14 5 -3 4 -4 6 -2 10 9 -9 11 -6 13 -13 -1 17 -17 21 -18 -14 -19 -16 -23 -24
right_child=1 2 3 -5 7 -7 -8 8 -10 -11 -12 12 19 -15 15 16 18 20 -20 -21 -22 22 23 -25
leaf_value=-0.00019090187733901583 0.0067189768390030326 0.0099675273292502316 0.0083812793765082726 -0.0053682000586842624 -0.004120385192234499 -0.0034794190290726858 -0.0009977674353192599 -0.0071315187664021422 0.0090194099589888648 0.0042088992678387784 -0.0037251485312819132 -0.00021457409414978601 0.00081820085723453243 0.0084002524997907353 0.00021986098399427769 0.01085012224353827 -0.0034162918995316329 -0.0074227686795692418 0.0039288866378570739 0.012560806265337929 -0.00026230568019085037 0.00096277021916700166 0.015771793096005921 0.0015938112134404809
leaf_weight=330.6540387570858 18.402941085398197 17.09891152381897 21.037322975695133 36.263397179543972 43.626271657645702 260.39908456802368 254.07181365042925 17.070313647389412 33.465685665607452 20.722952276468277 77.080354474484921 179.85431929677725 14.849045768380167 16.05585204064846 115.66061729192734 25.969946347177029 21.216514341533184 23.226190999150276 126.14199523627758 12.548643320798872 66.047300152480602 68.204216130077839 20.034640498459339 14.550050646066664
leaf_count=2156 150 103 147 310 315 2181 1991 131 218 154 622 1311 102 108 769 156 143 165 756 87 464 426 123 85
internal_value=0.000124717 -0.000698059 0.000634976 0.000237641 0.000737572 -0.00192178 -0.000408966 0.000293626 0.00384135 -0.00102889 -0.000463774 0.000503546 0.00145177 0.000596333 0.00116127 0.00208845 0.00418444 0.000877134 0.00282 0.00690463 -0.00230765 0.00219613 0.00434461 0.0104077
internal_weight=1834.25 1022.55 489.673 472.574 436.311 532.874 272.475 415.273 71.259 37.7933 344.014 266.934 223.308 195.91 811.706 481.051 173.328 307.723 147.359 27.3977 89.2735 218.45 102.789 34.5847
internal_count=13173 7930 3608 3505 3195 4322 2141 3048 503 285 2545 1923 1608 1419 5243 3087 1055 2032 899 189 629 1403 634 208
is_linear=0
shrinkage=0.01


Tree=144
num_leaves=25
num_cat=0
split_feature=271 31 196 122 160 77 71 298 162 176 244 280 206 147 96 68 225 308 209 302 4 209 120 233
split_gain=15.6552 10.2277 10.6542 9.6063 13.4963 9.85349 13.285 13.0918 10.7615 10.4599 14.3146 10.3444 9.58815 9.55047 9.43461 13.1146 9.32042 9.08612 12.2192 10.7825 15.4746 12.1454 9.04651 9.00393
threshold=0.052674495872370851 0.0027945977185044805 0.69282051282051293 -0.036444640190500595 0.036477341849148422 3.0938428310635673 2.8766706320861144 -0.0038736305494171427 0.00404176536252008 12.54851426890262 0.029861111111111113 0.023359314407644161 113.50000000000001 0.16478336738168201 -0.30325829874097593 499.50000000000006 0.84384031791907532 0.0014800628946271489 0.8079283121936619 -0.0071907125006807999 -324.21189451657 0.72694571615434944 0.83726672533382718 0.77347837953756782
decision_type=2 2 10 8 10 8 10 2 10 2 2 2 2 10 8 2 2 2 2 2 2 2 10 2
left_child=1 14 -3 17 -5 8 11 -8 -6 10 16 -7 -9 -12 15 -1 -10 -2 19 -19 -21 -22 23 -16
right_child=3 2 -4 4 5 6 7 12 9 -11 13 -13 -14 -15 22 -17 -18 18 -20 20 21 -23 -24 -25
leaf_value=-0.0030598326981118931 0.0023921219451367988 -0.0046627814952020317 0.0050684256598310887 -0.003324536345277252 -0.00051453586428950899 0.0038867383769115565 -0.0028830741128345401 0.0058302782104468287 0.0074104179742302267 0.00014820831757627261 -0.0050338135019275879 -0.0026270173851631641 -0.0030173618206236425 0.0037678801764267061 0.010549222442422505 0.0060838276200498509 -0.0012631035247424893 -0.0029065866410378743 -0.0030433659420368176 -0.00062537119965034747 0.0019750020793094063 0.012514173027081745 -0.0019657080327118667 0.00032155242365390185
leaf_weight=108.30434363335371 394.40797547996044 130.92361271381378 9.8775606378912908 111.90881664305925 171.56390356272459 24.385679632425308 34.74244200438261 64.609843648970127 92.369455203413963 97.06020399928093 20.629640772938728 247.13397909700871 12.935562573373316 23.107630848884583 17.503987208008766 15.510871790349482 13.150283522903917 32.203186802566051 84.968845494091511 43.002558998763561 22.481683626770973 21.705846518278122 20.088385209441185 15.602778047323225
leaf_count=843 2480 1151 85 871 1292 188 240 446 592 659 151 1978 90 150 122 117 93 203 562 263 138 133 163 126
internal_value=0.000103895 -0.00190298 -0.00388635 0.000529066 -0.000115693 0.000341134 -0.000810992 0.00204361 0.00140005 0.00272831 0.00436537 -0.00200414 0.00428734 -0.000415744 -0.000283238 -0.00179564 0.00631539 0.00151042 -0.00019582 0.00184606 0.00364897 0.0076167 0.00313153 0.00616345
internal_weight=1830.18 317.812 140.801 1512.37 913.597 801.689 383.808 112.288 417.881 246.317 149.257 271.52 77.5454 43.7373 177.01 123.815 105.52 598.77 204.362 119.393 87.1901 44.1875 53.1952 33.1068
internal_count=13136 2607 1236 10529 6750 5879 2942 776 2937 1645 986 2166 536 301 1371 960 685 3779 1299 737 534 271 411 248
is_linear=0
shrinkage=0.01


Tree=145
num_leaves=25
num_cat=0
split_feature=123 105 99 97 120 114 145 309 75 308 112 302 159 230 273 273 308 224 176 278 308 269 293 149
split_gain=13.3038 13.0191 16.7131 10.304 10.9403 17.6302 12.6355 13.5725 11.9706 11.8674 11.1404 10.6461 10.1574 9.57032 11.0616 11.4267 9.02894 8.66527 8.66321 9.44708 11.2723 8.67498 8.64107 8.68407
threshold=2.1572257067614959 1.0631438680210092 0.42651121584415264 0.83675690367237099 0.80910960197290394 0.73460786348361962 0.033924461184348199 0.012098015473196945 0.079253639724675765 0.0041288764968707521 38.500000000000007 -0.014874732050846049 0.26266906351652125 494.50000000000006 5.4082838600369101 5.1144327306838475 -0.00041578669725869736 1.327903356349502 11.761560216140571 -0.0065005493421979319 -0.001114602203680028 2.5479238118569332 -0.0044726059139085861 0.18189548546691406
decision_type=10 10 10 8 8 10 8 2 10 2 2 2 10 2 10 10 2 2 2 10 2 2 2 10
left_child=1 2 3 4 13 6 7 -6 18 10 -10 -12 -4 14 15 -1 -15 -17 -7 20 -20 -21 -13 -24
right_child=-2 -3 12 -5 5 8 -8 -9 9 -11 11 22 -14 16 -16 17 -18 -19 19 21 -22 -23 23 -25
leaf_value=0.0011206643041106253 -0.001933707024091314 0.0030006356188715605 -0.0047877749926644522 0.0062660580351206682 0.0092702828124129801 0.0070539176182417276 -0.0027294522399076379 -0.0042618705674490375 -0.0074052077887550695 0.0063824060758990407 -0.0050583737716849353 0.0082588228007816327 0.00070927996126674182 -0.00028922475107802322 -0.0032313464207936351 0.012465727683352655 0.0096322671407480139 0.0012391666217383282 -0.00040966933880842065 -0.00034193840668547216 0.011433130538263893 0.0059716071765912818 -0.0029477439691694691 0.0054301606949866566
leaf_weight=400.43384955078363 277.32471400499344 172.45934151858091 100.90159346163273 27.333912000060081 16.235168308019642 32.01642169803381 302.7048649713397 9.8472546562552434 29.322122186422348 15.096862778067587 31.690396308898926 12.907457903027533 48.307544134557247 13.611264824867247 51.044820256531239 13.554560191929342 23.201409749686718 13.418221391737459 13.240056246519091 143.43043115735054 16.32424183934927 22.720170579850674 34.942838586866856 15.546748742461203
leaf_count=2582 2350 1114 847 184 129 200 2329 82 228 108 229 92 380 82 338 81 143 87 87 903 102 151 261 112
internal_value=7.24496e-05 0.000432534 0.000107205 0.000490955 0.000345447 -0.000470766 -0.0021446 0.00420956 0.00103004 -0.00125621 -0.00231286 -0.00056297 -0.00302142 0.00144648 0.00104582 0.00157695 0.00618043 0.00756487 0.00243319 0.00158211 0.00652726 0.000601286 0.00178945 -0.000197256
internal_weight=1837.62 1560.29 1387.83 1238.62 1211.29 696.025 328.787 26.0824 367.238 139.506 124.41 95.0874 149.209 515.264 478.451 427.407 36.8127 26.9728 227.731 195.715 29.5643 166.151 63.397 50.4896
internal_count=13201 10851 9737 8510 8326 5013 2540 211 2473 1030 922 694 1227 3313 3088 2750 225 168 1443 1243 189 1054 465 373
is_linear=0
shrinkage=0.01


Tree=146
num_leaves=25
num_cat=0
split_feature=153 164 5 154 160 51 208 123 162 149 144 76 291 108 101 291 121 303 304 102 95 119 50 208
split_gain=15.9811 12.2603 12.1915 10.5851 12.9465 15.2385 12.247 12.1586 16.1905 14.0629 15.4095 14.2171 13.4556 10.8995 10.7933 10.4326 10.1058 9.96845 11.6767 10.4623 9.44101 11.0288 10.3128 8.77748
threshold=0.014721362229102168 0.0018148880105401846 -2.9065284865735039 0.019116981657443185 0.066746221161495631 93.500000000000014 3.354358141951169 0.64124283147438754 0.003669737125619479 0.26401991614255771 1.0000000180025095e-35 1.0179068423520508 1.6137355295294971 0.041550907962250076 -1.2567077564432887 2.2409942959448466 -1.4210394078053701 0.0010238490092967512 -0.028779492446692919 0.63205322491169502 -1.321493469190022 0.73641916350403436 12.500000000000002 1.6635440919588076
decision_type=10 10 2 10 10 2 2 10 8 10 10 10 2 10 10 2 8 2 2 10 10 10 2 2
left_child=2 16 -1 6 -5 -6 7 13 -9 10 -10 15 -13 -4 -15 20 -2 18 -3 -20 22 23 -12 -22
right_child=1 17 3 4 5 -7 -8 8 9 -11 11 12 -14 14 -16 -17 -18 -19 19 -21 21 -23 -24 -25
leaf_value=-0.0028259418494337367 0.0037748315350505765 0.0061336275050895431 -0.00011830359379521495 0.0012433908994004482 -0.0022368959986688018 0.0097639590881933372 0.0085106760896110304 -0.0018556363315104635 -0.0041028629557807311 0.0074428247914934556 -0.0060052646137601926 0.0002682116759540258 -0.0072748975350980698 0.0055691243853585619 0.00066905959064483508 -0.0043517046523760322 -0.0037334306572484417 0.0071030266336769001 0.0033415900389212449 -0.0060270042622419572 0.0023576220818352011 -0.0018504170854016619 0.003656564966098938 0.0065954476709030952
leaf_weight=98.812354147434235 17.156889490783215 15.892802089452742 146.7354927957058 139.07614604383707 12.550659649074076 41.111622527241707 15.568699553608893 385.75196045637131 61.895341977477074 27.70196495205164 21.202420711517334 85.020805545151234 29.697394423186779 105.31992905586958 79.283342070877552 19.290401384234428 213.22867439687252 19.172292031347752 15.292201511561869 33.916047178208828 109.25560104101896 30.788225457072258 17.743768431246281 95.509065859019756
leaf_count=915 141 112 941 866 85 251 108 2889 458 193 140 603 222 609 494 134 1864 137 107 264 698 245 104 612
internal_value=9.46402e-05 -0.00194596 0.000519929 0.000758056 0.00292044 0.00696794 0.000412662 0.000288478 -0.000323923 0.000864075 0.000432171 0.00114534 -0.00180449 0.00191397 0.00351207 0.00230684 -0.00313079 0.00127799 -0.000647855 -0.00307269 0.00281819 0.00356852 -0.00162985 0.00440235
internal_weight=1836.97 314.659 1522.32 1423.5 192.738 53.6623 1230.76 1215.2 883.857 498.105 470.403 408.508 114.718 331.339 184.603 293.789 230.386 84.2733 65.1011 49.2082 274.499 235.553 38.9462 204.765
internal_count=13192 2625 10567 9652 1202 336 8450 8342 6298 3409 3216 2758 825 2044 1103 1933 2005 620 483 371 1799 1555 244 1310
is_linear=0
shrinkage=0.01


Tree=147
num_leaves=25
num_cat=0
split_feature=5 5 123 162 105 103 52 111 5 89 185 287 7 197 84 71 274 14 116 107 116 152 239 275
split_gain=14.6213 18.1016 13.1585 16.6021 14.0419 13.9483 11.1656 13.1409 10.5692 10.3657 10.2095 10.4928 11.6481 10.7292 10.2026 9.93347 10.9545 10.442 11.5932 9.57883 9.41113 9.2791 11.2142 8.93196
threshold=-2.8943022876294049 -2.8773415074710829 1.3037559528709568 0.00404176536252008 0.95325439068398365 1.9294980713770842 239.50000000000003 2.7402614825937963 -2.7841589122720416 1.3938082095858466 0.758774630541872 0.016638134303127133 -1.084947583076951 -0.43092411994856489 4.7471429265532166 1.8389733079629436 4.2552025774331153 0.10191161680173029 -0.05829358854692987 -0.12566352191871294 1.3315157182682666 0.024898954928262027 0.5973590645922221 0.12099377648851327
decision_type=2 2 8 8 10 8 2 8 2 8 10 2 2 10 2 8 2 2 8 10 8 8 10 2
left_child=-1 9 3 10 15 6 23 -8 -5 -2 11 12 19 -13 -10 16 -4 18 -17 -3 -7 22 -19 -6
right_child=1 2 4 8 5 20 7 -9 14 -11 -12 13 -14 -15 -16 17 -18 21 -20 -21 -22 -23 -24 -25
leaf_value=-0.0022808128289498607 0.0078899140610826247 -0.00011449156199599627 0.00082179709825303058 -0.0031326294775001276 -0.00096098005503976491 -0.0019734754206712302 -0.00088914023155743313 0.0095727631612649543 -0.0007009807122725681 0.0020517939288729782 -0.0012770998757967817 -0.00135571709804102 -0.003341376910158571 0.0064210910103151431 0.0059195201220901784 -0.0018704236495196505 -0.0051398702616918205 -0.0043577237701305643 0.0073483524961354772 0.0062907270722871288 0.0065451986281750288 -0.0028118456375052624 0.0071146727399871556 0.0065427539381416287
leaf_weight=226.28254394233227 35.00702840834856 66.056684970855713 37.947278544306755 17.628610163927078 69.204524725675583 151.90012641996145 16.303662732243538 36.956824719905853 27.863668791949749 180.81756196916103 257.45842087268829 22.944908246397972 60.394936680793762 62.076218277215958 116.98815044015646 23.277880102396011 141.22947329282761 11.110932864248754 26.824092179536819 32.938099004328251 11.347364999353884 159.53961551934481 19.941026248037815 17.501034259796143
leaf_count=2051 190 427 307 108 478 1213 100 236 190 1006 1728 151 412 385 677 174 1203 86 184 199 84 1296 134 119
internal_value=8.18484e-05 0.000419385 -1.34302e-06 0.00101168 -0.00093379 0.000700132 0.00298861 0.00646937 0.00376034 0.00309355 0.000103646 0.00156015 2.38604e-05 0.00433486 0.00465017 -0.00211291 -0.0038786 -0.000764444 0.00317558 0.00212279 -0.00127345 -0.00183683 0.00295866 0.000701819
internal_weight=1829.54 1603.26 1387.43 664.35 723.084 303.214 139.966 53.2605 162.48 215.825 501.869 244.411 159.39 85.0211 144.852 419.87 179.177 240.694 50.102 98.9948 163.247 190.592 31.052 86.7056
internal_count=13138 11087 9891 4277 5614 2230 933 336 975 1196 3302 1574 1038 536 867 3384 1510 1874 358 626 1297 1516 220 597
is_linear=0
shrinkage=0.01


Tree=148
num_leaves=25
num_cat=0
split_feature=153 105 234 151 153 5 5 162 123 149 144 119 51 148 315 105 117 281 5 188 245 213 71 282
split_gain=14.0883 17.5388 14.2719 10.5138 15.3288 12.365 13.0326 13.8962 13.5826 13.0397 14.7055 13.573 12.1074 11.3106 11.2643 11.0908 10.9844 12.0228 11.2952 10.4337 10.4166 11.9552 10.0375 10.5483
threshold=0.049443833272216117 1.3824999942590697 0.024853299474966544 0.081834357813005507 0.042810150375939861 -2.8939422394527852 -2.8712440139818409 0.003669737125619479 -0.10896092029255984 0.26401991614255771 0.0061539044156631072 0.62455565442850103 454.50000000000006 0.091854763106656107 -0.15684355636338113 0.98768677836844943 1.1079737100396503 4.1231272469103795 -2.6948882757693915 0.34634424980959638 -0.32513724266412969 -0.42464151907241265 2.7681759000253923 -0.0048911144538169192
decision_type=10 10 2 10 10 2 2 8 8 8 10 10 2 10 2 10 8 2 2 8 2 2 10 10
left_child=1 3 -3 5 13 12 22 8 14 10 -9 16 -1 -5 -8 -15 18 19 -12 -18 21 -20 23 -7
right_child=-2 2 -4 4 -6 6 7 9 -10 -11 11 -13 -14 15 -16 -17 17 -19 20 -21 -22 -23 -24 -25
leaf_value=-0.0036451865534622703 -0.0035719867768145464 -0.00069415922580361969 0.008242877116760786 0.0071505514394061762 0.008000341872013185 0.0071288831719231848 0.0067831876943754629 -0.0033874821783279091 -0.0010615309243717872 0.0096306482995848347 -0.0033983132595879579 -0.003949763835207583 0.0018795234232111603 -0.0036800178234524979 -0.0019027021693603769 0.00012277981943836658 0.0032649333099450568 0.0013257338291509586 -2.1198292331342587e-05 0.011357959155922788 -0.0016676706206765102 0.0079815958930383128 -0.0038846490408432901 0.0019500275881539711
leaf_weight=123.41670471429825 96.27695869654417 27.235079243779182 45.936074703931808 10.530612446367739 13.586103394627569 64.267660342156887 39.998644277453423 50.517418459057808 528.30768834799528 18.097547955811024 37.490096494555473 28.484717816114426 55.454163603484631 201.95282950997353 21.099264867603779 121.51813342422247 32.541062906384468 48.922731518745422 30.502476245164871 37.015483520925045 34.324314661324024 44.20997616648674 15.386537998914717 104.57569541037083
leaf_count=1098 837 196 300 87 118 342 214 352 3700 119 248 232 471 1711 131 909 203 307 203 214 237 277 87 569
internal_value=9.44056e-05 0.0003039 0.00500149 8.83226e-05 -0.00145055 0.000498224 0.000884478 0.000407581 -0.000538281 0.00194215 0.00145921 0.00232133 -0.00192423 -0.00190221 0.00381657 -0.00225969 0.0030339 0.0052658 0.00115665 0.00786235 0.00277833 0.0048202 0.00329857 0.0040125
internal_weight=1831.65 1735.37 73.1712 1662.2 347.588 1314.61 1135.74 951.511 589.406 362.106 344.008 293.491 178.871 334.002 61.0979 323.471 265.006 118.479 146.527 69.5565 109.037 74.7125 184.23 168.843
internal_count=13162 12325 496 11829 2825 9004 7435 6437 4045 2392 2273 1921 1569 2707 345 2620 1689 724 965 417 717 480 998 911
is_linear=0
shrinkage=0.01


Tree=149
num_leaves=25
num_cat=0
split_feature=5 5 131 302 107 122 36 116 295 190 312 108 234 312 312 181 270 99 279 287 221 11 315 115
split_gain=14.3682 19.9079 12.7504 16.763 11.4234 19.6462 13.3084 12.3046 11.8522 9.71532 9.44597 9.3241 14.247 10.9421 13.7896 9.25052 8.99922 8.99538 9.15322 8.98278 8.80881 8.76437 9.93846 8.7579
threshold=-2.8935132521978844 -2.8712440139818409 1.6306762194233919 0.0016401683112149681 -0.097197664706450512 0.57149221624314694 0.0050633235912423734 0.27407828562849151 0.15686274509734721 79.500000000000014 0.1096386937165104 0.94514344071718093 0.022489974348784279 -0.38862399418569343 -0.7065726846499415 0.054460838240686822 0.054802181974196319 0.21715561932432106 0.13356710200165903 0.018395734440993766 -0.16803070321186833 0.37825738106892898 -0.46488453550028402 -0.8631947773941745
decision_type=2 2 8 2 8 10 2 8 2 2 2 10 2 2 2 2 2 10 10 2 2 10 2 10
left_child=16 15 3 -3 6 11 8 9 -4 -7 -8 17 -13 14 -14 -2 -1 18 -6 -5 21 22 -18 -9
right_child=1 2 4 19 5 7 10 23 -10 -11 -12 12 13 -15 -16 -17 20 -19 -20 -21 -22 -23 -24 -25
leaf_value=-0.0054134003258574535 0.0084715910363235489 -0.0012780107144750045 0.0099268949569316436 0.00090120404513822927 0.0025073206993936163 -0.0048755126292615407 -0.0022773609384108677 0.005799985828688947 -0.0026552953406803947 0.0043833320505608049 0.0047010647231639762 -0.0013201020359541987 0.0084836644190987454 0.008945989570955392 -0.0034619709122864712 0.0023416726751299861 -0.00057013414293526164 -0.00200660714777063 -0.0042856093570441912 0.0078768092918895978 0.0046081658125144889 0.0012819251418927575 -0.0066952866111609057 -0.00067646602637134263
leaf_weight=62.276492103934288 26.882463186979294 59.302772238850594 15.586068816483023 28.992269292473793 204.09540659189224 107.92803826183081 443.02336893230677 20.540536113083363 10.790913306176661 10.307772122323511 17.598113059997559 33.436359286308289 13.694758094847201 53.00899825245142 20.556308165192604 180.45776601880789 56.101383782923222 78.560169860720634 19.260117769241333 54.246209822595119 21.278844282031059 55.754191435873508 49.060993351042271 192.28252878785133
leaf_count=590 142 380 120 181 1333 931 3197 162 87 83 130 217 80 313 128 1011 465 590 135 332 185 497 414 1474
internal_value=2.88584e-05 0.000377429 -5.74527e-05 0.00274401 -0.00038566 0.000384654 -0.00157516 -0.00143095 0.00498717 -0.00397609 -0.00198139 0.00180937 0.0041284 0.00620317 0.00157097 0.00324499 -0.00221317 0.000849139 0.00187063 0.00556883 -0.00104753 -0.00186854 -0.00353796 1.20783e-05
internal_weight=1835.02 1590.55 1383.21 142.541 1240.67 753.671 486.998 331.059 26.377 118.236 460.621 422.612 120.696 87.2601 34.2511 207.34 244.472 301.916 223.356 83.2385 182.195 160.917 105.162 212.823
internal_count=13177 11026 9873 893 8980 5446 3534 2650 207 1014 3327 2796 738 521 208 1153 2151 2058 1468 513 1561 1376 879 1636
is_linear=0
shrinkage=0.01


Tree=150
num_leaves=25
num_cat=0
split_feature=32 39 271 73 174 60 88 113 123 154 301 177 147 135 67 34 177 306 193 39 27 15 67 213
split_gain=14.4888 11.7456 11.3909 11.1739 15.9954 13.378 11.8257 11.5472 15.2853 13.253 10.0379 17.068 9.92843 11.1519 9.54648 11.4354 21.3345 11.5587 9.1485 8.97601 9.56611 17.1939 10.4807 10.581
threshold=0.0014316399604838677 0.051300849687946466 0.052674495872370851 315.53479370826329 58.931805555555563 38.991747311576162 0.71314605644686357 0.057080834159136458 0.42827496119539338 0.019116981657443185 1.0526778514752142 7.5764791678369727 0.14696020140339602 0.075145372178920769 200.07088240918114 0.20324264443568227 7.3084982775061329 0.80683336472904366 0.47014260249554374 0.024828566060776856 0.76059488924599061 -1.3112055418685935 290.59854076298626 -0.18402144357081837
decision_type=2 2 2 2 10 2 10 8 10 10 2 10 10 2 2 2 10 2 10 2 2 2 2 2
left_child=2 -2 19 5 -5 7 14 8 -4 -9 11 18 13 -7 -6 16 -16 -17 -10 20 22 -22 23 -1
right_child=1 -3 3 4 6 12 -8 9 10 -11 -12 -13 -14 -15 15 17 -18 -19 -20 -21 21 -23 -24 -25
leaf_value=-0.0037778821044721312 -0.00716498781577358 -0.0010902971073924364 0.0021522991424141233 -0.00035303543897321934 0.00016018959076472951 7.9970056099755668e-05 0.0009925970731360324 0.0018390448320799858 0.0063022251136830836 0.0099594002820658622 -0.0056059527963494647 0.0053135724180167947 0.0011683343059073214 -0.0059157547806288416 0.013601689295262351 -0.0034306667905248363 0.0024991994651740973 0.007449374592041415 -0.0016880196526672848 -0.0035165360080850225 0.006801673435515047 -0.0045675348974441934 0.0067290740787341223 0.0043649047899387275
leaf_weight=34.071287401020527 42.065234005451202 115.84300084412098 220.93581242114305 147.13918954879045 25.382331527769566 48.293746910989285 88.653183341026306 174.60023878514767 12.213607169687746 20.365743853151798 41.319682084023952 41.0022973716259 58.038977757096291 81.913532830774784 42.252345718443394 17.47522259503603 30.985294446349144 16.15769500285387 311.38262548297644 120.25493624061346 13.76244732737541 66.384194701910019 30.460047394037247 25.25576638430357
leaf_count=255 431 1081 1271 981 172 373 600 1211 80 130 290 282 386 646 273 115 211 101 2144 1012 102 551 235 182
internal_value=5.40698e-05 -0.00281283 0.000330353 0.000710324 0.00219505 0.000163687 0.00387971 0.000716606 5.00158e-05 0.00282322 -0.00109876 -0.000545828 -0.00221965 -0.00373012 0.00574599 0.00702494 0.00918643 0.00194162 -0.00133113 -0.00146008 2.32208e-05 -0.0024371 0.00223768 -0.000254161
internal_weight=1826.21 157.908 1668.3 1378.11 368.045 1010.07 220.906 821.82 626.854 194.966 405.918 364.599 188.246 130.207 132.253 106.871 73.2376 33.6329 323.596 290.189 169.934 80.1466 89.7871 59.3271
internal_count=13115 1512 11603 9266 2453 6813 1472 5408 4067 1341 2796 2506 1405 1019 872 700 484 216 2224 2337 1325 653 672 437
is_linear=0
shrinkage=0.01


Tree=151
num_leaves=25
num_cat=0
split_feature=153 105 83 100 70 124 323 70 126 118 193 65 83 152 123 71 65 148 132 48 168 126 247 28
split_gain=15.0147 15.1881 13.5764 11.424 12.3543 10.7809 11.8538 11.4826 10.8665 13.6379 10.6764 9.4305 9.20991 10.4447 9.2018 12.936 9.89024 9.98489 19.0554 9.19416 14.3857 10.7492 9.55833 8.59053
threshold=0.01564247762863535 1.3824999942590697 2.3561597536457959 0.74296912099549617 0.54439110473371943 5.5000000000000009 100.50000000000001 0.47474714348821306 0.36141486788050836 36.500000000000007 0.5620719178082193 1.7240218548408894 3.5013525619451138 0.15799875182026216 1.2960309669010199 1.9662326046784224 3.0391606162174658 0.1549441275753696 0.021748984981670546 90.500000000000014 145.50000000000003 0.42393503038914776 0.62019866147919955 0.23215296877527911
decision_type=10 10 10 8 8 2 2 10 10 2 10 8 10 10 10 10 10 10 2 2 2 10 2 2
left_child=1 3 -3 5 11 6 -1 8 9 -7 -9 -5 23 -14 -6 -16 17 -17 -19 20 -12 -21 -23 -2
right_child=12 2 -4 4 14 7 -8 10 -10 -11 19 -13 13 -15 15 16 -18 18 -20 21 -22 22 -24 -25
leaf_value=0.0056762201702903635 -0.004361170951835032 -0.00059986057923371451 0.010936776912371269 -0.00066171935872134176 0.001170332859518984 0.009944095799936695 -0.0015090706243097312 -0.0029203126555358179 -0.0016347368331311478 -0.00019915624897914018 0.0081439378021301231 -0.0059745664285021398 0.0080684591827174714 -0.0028401372172674067 -0.002621654961471822 -0.0032238067125587235 -0.0012883756784830139 0.0019526223118248374 0.013562592361284528 0.00072856787947607753 -0.0040274108498674181 0.01514660892921604 0.0062829112005021153 -0.00076213271873925117
leaf_weight=24.433897480368614 136.44155104458332 16.30361782759428 22.573892123997211 74.276096098124981 430.51724061369896 20.369253650307655 142.02163965255022 13.875653274357317 77.94456472992897 30.211426451802254 14.137328431010245 59.867913007736206 15.599572867155077 14.465600930154322 219.68231556564569 23.768887408077717 139.90572562813759 107.10480033606291 13.797709837555884 19.380903333425522 19.908986896276474 19.143704727292061 48.662220388650894 130.8949345946312
leaf_count=162 1168 108 137 536 2818 119 973 83 503 184 87 486 114 117 1809 179 999 756 92 114 126 108 300 1101
internal_value=1.11017e-05 0.000410295 0.00636313 0.00024349 -0.00031001 0.00161447 -0.000370839 0.00286235 0.00068613 0.00417824 0.00486846 -0.00311492 -0.00203415 0.00299707 9.96445e-05 -0.000813911 0.000590199 0.00240357 0.00356665 0.00581451 0.00123714 0.00749531 0.00930808 -0.00262927
internal_weight=1835.29 1537.89 38.8775 1499.01 1068.92 430.09 166.456 263.634 128.525 50.5807 135.109 134.144 297.402 30.0652 934.777 504.259 284.577 144.671 120.903 121.233 34.0463 87.1868 67.8059 267.336
internal_count=13179 10679 245 10434 7675 2759 1135 1624 806 303 818 1022 2500 231 6653 3835 2026 1027 848 735 213 522 408 2269
is_linear=0
shrinkage=0.01


Tree=152
num_leaves=25
num_cat=0
split_feature=153 109 83 153 32 5 152 116 119 22 109 7 307 114 279 11 116 83 111 152 307 224 5 99
split_gain=15.1264 17.4544 12.9433 10.7994 13.2174 12.9675 13.0836 17.0592 15.0588 13.6075 12.1076 11.8413 11.7441 11.1511 15.6723 11.0141 10.9544 10.9252 13.3512 11.8873 11.1615 10.414 11.8063 10.2881
threshold=0.049443833272216117 2.290809100281376 2.879306243594161 0.045084975438992723 0.0016625115394608102 -2.8712440139818409 0.015408357075023743 -0.16481085231936971 -0.029785829606863341 -0.30643077898711552 1.3745955474756444 -1.0442774696224191 -0.0046366743657284088 0.78362945522339567 -0.035847518382206948 0.049979670458266838 0.29163267464807036 1.9437437490069212 2.7555475348019485 0.11409943792362374 -0.0024275354570562481 2.2911696768203536 -2.8935132521978844 -0.56509893967524949
decision_type=10 10 10 10 2 2 10 10 10 10 8 2 2 8 8 10 8 8 10 10 2 2 2 10
left_child=1 3 -3 4 5 11 7 8 9 -7 13 21 16 -8 -15 -9 -12 -14 19 20 -19 22 -1 -11
right_child=-2 2 -4 -5 -6 6 10 15 -10 23 12 -13 17 14 -16 -17 -18 18 -20 -21 -22 -23 -24 -25
leaf_value=-0.0010328739278866498 -0.0037894339888552031 0.012242842371802041 0.0011442427731912317 0.0087549019911985979 -0.0029529453256442809 -0.0010759137877710632 -0.0048550281793201169 0.0091484125553113558 -0.0046208670787409077 0.009620350521032538 -0.0036895070414077746 0.0084162009498044126 -0.0029119094796154267 0.005432322761229842 -0.0034551048695159957 0.0020109458588380394 0.00072721594144384196 0.014687510253090079 -0.0024014936904538783 -0.001928501685009684 0.0046444653363467373 -0.0018726634921007309 0.0042095150241148209 0.0016738818506103542
leaf_weight=59.652138262987137 94.029217422008514 17.92939255386591 23.044128566980362 11.48483696579933 133.26677209883928 205.69599905610085 133.20925821363926 21.202351532876492 71.726132608950138 18.339559182524681 117.2074086740613 25.038821376860142 34.218801356852055 28.907886050641537 50.04886981099844 270.79375720024109 103.43295186758041 12.416496723890303 29.545401223003864 18.138409361243248 64.36998350918293 65.613308757543564 140.08163843303919 80.743263907730579
leaf_count=429 822 119 150 99 1278 1325 1123 134 549 100 879 171 263 219 396 1774 725 83 217 153 459 444 745 497
internal_value=5.59055e-05 0.000270603 0.00650273 0.000108744 3.45201e-05 0.000296896 -0.000142826 0.000813246 -0.000591152 0.00038782 -0.00122379 0.00219121 -0.000145318 -0.00311989 -0.000113214 0.00261578 -0.00163156 0.00190725 0.00327545 0.00507117 0.00674713 0.00151713 0.00264632 0.00338175
internal_weight=1830.14 1736.11 40.9735 1695.13 1683.65 1550.38 1260 668.501 376.505 304.779 591.495 290.386 379.329 212.166 78.9568 291.996 220.64 158.689 124.47 94.9249 76.7865 265.347 199.734 99.0828
internal_count=13153 12331 269 12062 11963 10685 8896 4379 2471 1922 4517 1789 2779 1738 615 1908 1604 1175 912 695 542 1618 1174 597
is_linear=0
shrinkage=0.01


Tree=153
num_leaves=25
num_cat=0
split_feature=32 270 152 108 103 114 76 323 27 114 236 221 257 114 189 126 232 94 35 101 146 302 7 181
split_gain=13.644 12.454 12.1067 14.238 13.9234 10.7392 17.7054 14.1941 10.5936 10.5928 10.8288 10.5888 14.6567 15.0006 11.7428 10.1695 9.81449 9.44165 11.6407 12.6703 11.4767 10.9737 8.73101 8.59749
threshold=0.0014316399604838677 0.054802181974196319 0.12185120558375635 1.1508305125076885 1.6428132559348676 0.72620955713536361 0.7497525819723857 387.50000000000006 0.60371606074551321 0.47499818936807098 0.22490654660163148 -0.27283795305246406 146.50000000000003 1.0397670966135726 -0.34387484561888376 0.2592823427746227 2.7618243627849215 0.55464398422314676 0.0026472546340096013 -0.69930808249322474 0.10427422842366316 -0.0049195945952818345 -0.46149285277206126 0.074596214915930728
decision_type=2 2 8 10 10 8 10 2 2 10 2 2 2 10 8 10 2 10 2 10 10 2 2 2
left_child=2 -2 3 4 5 6 9 16 -6 -1 -11 12 13 14 -10 -12 -7 -5 19 20 -19 -20 -4 -21
right_child=1 -3 22 17 8 7 -8 -9 11 10 15 -13 -14 -15 -16 -17 -18 18 21 23 -22 -23 -24 -25
leaf_value=-0.0008518064360728589 -0.0073023370391396393 -0.0010411292951008613 -0.0037099906020486031 -0.0021346328013506369 0.006088346132878536 0.0013389846736043974 -0.0016861800485745563 0.0038814550754897674 -0.005678185788356189 0.0078994271467454358 -0.0030977851718587768 -0.0055888746385043585 0.0080922403212781765 0.0058731350925017838 0.0044087038740637527 0.0027394681994881375 -0.0034359701379770365 0.016541177551774831 -0.00098305784713381477 -0.003475107438008271 0.0042591249753630121 0.0073352785034911418 0.0013552845421887904 0.0069234657321872589
leaf_weight=130.16987850517035 41.227666467428207 120.15898834913969 117.29961574822664 24.036316961050034 11.611530542373655 183.40761590749025 355.58504046499729 193.13181203603745 65.753810577094555 31.48243173211813 33.256640188395977 77.290630832314491 13.280962474644182 16.091138154268265 11.56703834235668 174.77807839214802 53.120865061879158 17.549754224717617 50.32781845331192 12.857007689774038 16.790242716670036 19.864285677671432 45.407377846539021 13.517661981284617
leaf_count=844 426 1124 997 162 84 1158 2612 1190 546 202 223 630 103 113 96 1062 356 112 327 94 103 127 366 95
internal_value=4.42603e-06 -0.0027454 0.000275275 0.000557125 0.000223746 0.000643451 -9.85819e-05 0.00189077 -0.00222314 0.00142696 0.00266503 -0.00283769 -0.000742199 -0.00221048 -0.00405386 0.00177237 0.000234331 0.00340021 0.00444779 0.00756197 0.0113473 0.00155092 -0.0022913 0.0019748
internal_weight=1829.56 161.387 1668.18 1505.47 1350.53 1154.93 725.272 429.66 195.595 369.687 239.517 183.984 106.693 93.412 77.3208 208.035 236.528 154.943 130.907 60.7147 34.34 70.1921 162.707 26.3747
internal_count=13152 1550 11602 10239 9219 7647 4943 2704 1572 2331 1487 1488 858 755 642 1285 1514 1020 858 404 215 454 1363 189
is_linear=0
shrinkage=0.01


Tree=154
num_leaves=25
num_cat=0
split_feature=120 109 75 307 147 307 75 190 205 304 83 149 212 40 223 308 52 122 70 5 294 115 155 107
split_gain=14.3583 14.6714 16.58 13.2802 12.7331 11.8504 13.7128 10.5066 12.666 10.3641 10.1155 9.99007 9.91511 9.82812 9.64349 11.7879 11.7061 9.63905 11.6313 9.45586 14.7263 13.515 13.163 9.18848
threshold=0.80910960197290394 1.1685457581177501 0.40564253358465646 0.016280741739898096 0.17534006278082112 -0.012432293057578326 0.35756055659996705 77.500000000000014 -0.17713416145143243 -0.061030612578617242 3.5013525619451138 0.14488471836364708 0.13976744186046516 0.0071471139111186797 -0.6042627836000577 0.0024451945961402413 155.50000000000003 -0.13303306062249928 0.5747087327101188 -1.797341203751688 -0.1333807416772019 -0.46602931590100183 0.010217130330393029 0.2846008771425243
decision_type=8 10 8 2 10 2 10 2 2 2 10 10 2 2 2 2 2 10 10 2 2 10 10 10
left_child=7 3 5 9 -5 13 14 19 -9 -2 -4 -12 -6 -3 -7 23 -17 18 -14 20 -1 22 -22 -16
right_child=1 2 10 4 12 6 -8 8 -10 -11 11 -13 17 -15 15 16 -18 -19 -20 -21 21 -23 -24 -25
leaf_value=0.0082097339183322023 0.0018340597111721625 -0.0021214702055505599 -0.0015941309393320416 -0.0022951528973918257 -0.0030868373444189958 0.0059386589286410229 0.010389702049996168 0.0061262610642255754 -0.0015598612420325304 -0.0035374385128453525 -0.0023926810526813959 0.0084032235520578591 0.0023556123143261181 0.0050356969170713816 -0.0017015788653208259 -0.0015311959883287912 0.0099364601516989583 0.00024265167206669305 0.015515804352486312 -0.0015551027244233406 -0.0037455845880936703 0.0080746010466322526 0.0013358739380949132 0.0045494849302333239
leaf_weight=27.321937747299671 38.492914736270905 96.778433106839657 369.4749832674861 57.615197844803333 12.479898698627947 51.592347234487534 20.746927998960018 77.749927684664726 27.60218658298254 313.65081848949194 12.548518702387812 18.209657691419125 13.778084255754949 20.924631930887699 104.94759353995323 12.506209969520567 22.347394786775112 17.035676196217537 13.529141604900358 136.17893835902214 60.517489045858383 21.551042310893536 257.67809729278088 27.220209777355194
leaf_count=167 293 632 2997 463 98 327 150 476 176 2464 102 132 98 129 719 87 138 132 84 957 411 140 1638 164
internal_value=3.20561e-05 -0.000591401 0.0002675 -0.0019808 0.00095423 0.0018277 0.00309438 0.00128439 0.00411508 -0.00293746 -0.00112499 0.00413878 0.00421827 -0.000752047 0.0022731 0.0010545 0.00598951 0.0063577 0.00975679 0.000670031 0.00150387 0.000898046 0.000341697 -0.000338046
internal_weight=1832.48 1223.88 757.297 466.582 114.438 357.064 239.361 608.6 105.352 352.144 400.233 30.7582 56.8228 117.703 218.614 167.021 34.8536 44.3429 27.3072 503.248 367.069 339.747 318.196 132.168
internal_count=13174 9209 5577 3632 875 2346 1585 3965 652 2757 3231 234 412 761 1435 1108 225 314 182 3313 2356 2189 2049 883
is_linear=0
shrinkage=0.01


Tree=155
num_leaves=25
num_cat=0
split_feature=100 11 83 109 30 89 114 192 305 155 157 227 174 48 188 292 174 283 126 246 105 224 180 11
split_gain=12.0921 20.6739 13.7902 11.8294 14.8632 12.9473 11.8751 10.8057 13.095 14.3289 10.6507 10.3669 13.9218 17.4697 10.8839 11.061 10.8 12.7856 10.0271 10.0123 9.29442 10.5352 13.7799 10.7915
threshold=0.67990093796261097 0.49322738183345821 1.9285539770622371 2.3487247349341756 0.11707579203140091 4.421769596728427 0.68817831782585726 1.7542165034726713 0.4378766290334149 0.010010020040080161 0.069666329625884746 0.0046350004296640034 86.794027777777799 63.500000000000007 0.24278779472954234 -0.0069303110792023085 136.82291666666671 -0.0047142031691001611 0.73421431184402641 0.54997236903405045 1.4652069663133929 2.1282544752056571 2.2390342439399773 -0.020967757487496009
decision_type=10 10 10 10 2 8 8 8 2 8 8 2 10 2 10 2 10 10 10 10 10 2 2 8
left_child=2 3 7 4 6 -5 -2 8 -1 -10 -6 20 14 -14 -13 -16 17 -15 -17 -11 21 22 23 -8
right_child=1 -3 -4 5 10 -7 11 -9 9 19 -12 12 13 16 15 18 -18 -19 -20 -21 -22 -23 -24 -25
leaf_value=0.0001510013137002333 -0.0011533033815162809 -0.0026107163841603389 0.0086642836138273813 0.010877959554154727 0.0024380480361655805 0.0006783120452772851 0.0059793698834683506 -0.0047688138562686153 0.00042428354772996654 0.0029195595192792901 -0.0061433259736249001 -0.0038219078929814495 0.00097166645880991263 0.0032095856609699342 -0.0012534029821676912 0.0097255954246771043 0.0017511861051786946 0.014714576117904103 6.1895681242970024e-05 0.012542231256826374 0.007089733982887386 -0.001521213939086004 0.0031554054820850815 -0.0034099301151509316
leaf_weight=168.31904078274965 346.59296488761902 309.36132755875587 24.409439273178577 18.700437098741531 17.073612935841084 30.996393024921417 12.003446184098719 24.854144610464573 40.694707997143269 21.887032561004162 57.886146537959576 39.483528316020966 58.137445189058781 16.870235025882721 41.673573881387711 23.83390686661005 19.050443381071091 29.645390756428242 18.386766612529755 24.919375017285347 16.181565217673779 237.1690192297101 156.64428129047155 69.167329616844654
leaf_count=1057 2560 2550 151 123 138 230 79 177 280 140 491 271 406 108 277 150 128 190 129 142 105 1750 1003 494
internal_value=4.91243e-05 -0.000316089 0.00185676 0.000274733 6.34548e-05 0.00491619 0.00036618 0.00118029 0.0018082 0.00487987 -0.00415811 0.0010826 0.00274118 0.0050725 0.000334144 0.00236288 0.00850261 0.0109873 0.00580874 0.00848742 0.000235239 -3.6919e-05 0.00143963 -0.00185421
internal_weight=1823.94 1518.86 305.084 1209.5 1159.8 49.6968 1084.84 280.674 255.82 87.5011 74.9598 738.247 247.081 123.704 123.378 83.8942 65.5661 46.5156 42.2207 46.8064 491.166 474.984 237.815 81.1708
internal_count=13129 11182 1947 8632 8279 353 7650 1796 1619 562 629 5090 1659 832 827 556 426 298 279 282 3431 3326 1576 573
is_linear=0
shrinkage=0.01


Tree=156
num_leaves=25
num_cat=0
split_feature=103 157 93 144 42 108 115 119 74 119 304 145 99 20 59 157 209 51 228 193 209 147 120 116
split_gain=13.939 13.1889 11.3964 11.598 11.2562 10.654 12.583 11.2691 11.5794 10.7013 10.6502 11.5174 10.6799 11.9442 10.6265 10.4704 10.2252 13.4158 12.4234 11.0685 13.4793 10.1703 9.85291 12.5904
threshold=1.7207734991037873 0.19167997870074552 -0.08924937722685243 1.0000000180025095e-35 144.50000000000003 0.88369082429532797 -0.46602931590100183 -0.24500745726518944 60.500000000000007 0.52677464825008824 -0.037027184900117742 0.011799512704490081 1.2242135538382042 1.0800916303881238 3.1680438554096537 0.50531975099037929 0.76013698630136994 310.50000000000006 0.16700680272108845 0.5885620915032681 0.55159736308316443 0.24122315592903831 1.0380182492138712 -0.10134578402826293
decision_type=10 8 10 8 2 10 10 8 2 8 2 10 10 10 10 10 2 2 2 8 2 8 10 10
left_child=2 10 3 -1 -3 6 7 8 -5 14 11 -2 13 -12 -7 -10 18 -18 -9 20 -20 -8 23 -21
right_child=1 4 -4 5 -6 9 21 16 15 -11 12 -13 -14 -15 -16 -17 17 -19 19 22 -22 -23 -24 -25
leaf_value=-0.002500225309627594 0.010586553660554656 -0.0052315474442712626 0.0047629128714750477 -0.0047741233647808912 0.0011846433790018878 0.0068714363022505153 0.0011306001992763682 0.0087363333385320329 0.0020468650609131189 -0.0015041729901582887 -0.0013395971863528278 0.00080456939454437524 -0.006531330978973353 0.0056278039692298411 0.00012235486609130596 -0.0050393530170404054 -0.0045335875907414188 -0.00011849198751169164 0.0015007126518470884 -0.0032892839681259397 -0.0079678048179798646 0.010331231104185266 0.0042596286162078978 0.0021159578094424687
leaf_weight=125.76826766133308 13.777276471257208 120.00378730148077 58.600744560360909 26.942586190998554 33.675296433269978 71.985845074057579 29.095081582665443 14.110290378332136 396.82840227335691 34.608041785657406 163.05766063928604 46.629137076437473 29.569480426609516 26.038682617247105 34.497075021266937 19.261175386607647 130.03553977608681 144.10231393575668 24.924106366932392 76.275574423372746 31.814980514347553 19.019766636192799 61.005291998386383 91.745255351066589
leaf_count=940 110 1052 388 183 280 416 214 104 2486 257 1306 360 255 188 209 121 1014 1080 175 548 229 117 466 615
internal_value=6.16388e-05 -0.00149923 0.00055016 0.000354327 -0.00382315 0.000657964 0.000310978 6.68261e-05 0.00126153 0.00321267 -0.000190285 0.00342683 -0.0012252 -0.000305831 0.00475418 0.00168448 -0.000855185 -0.00224143 0.000417883 -7.12974e-05 -0.0039183 0.00516059 0.00091373 -0.000345809
internal_weight=1823.37 432.751 1390.62 1332.02 153.679 1206.25 1065.16 1017.05 443.032 141.091 279.072 60.4064 218.666 189.096 106.483 416.09 574.013 274.138 299.875 285.765 56.7391 48.1148 229.026 168.021
internal_count=13113 3551 9562 9174 1332 8234 7352 7021 2790 882 2219 470 1749 1494 625 2607 4231 2094 2137 2033 404 331 1629 1163
is_linear=0
shrinkage=0.01


Tree=157
num_leaves=25
num_cat=0
split_feature=5 5 109 103 76 94 289 277 315 120 136 129 23 33 89 121 149 281 100 118 200 308 40 227
split_gain=14.3026 14.6478 9.75011 19.6828 12.2014 12.8011 13.0874 9.48633 10.7433 13.5799 12.7307 17.3202 12.5021 9.38755 9.1094 9.0341 13.6777 10.6286 10.4246 8.99304 9.56388 11.642 10.0872 8.78026
threshold=-2.8943022876294049 -2.8712440139818409 2.2683624778100966 2.2125472470588039 0.70338746342682812 0.48387176013116745 -0.020036917513479576 -0.031442179363043977 -0.096559334601391475 0.50641174665346289 0.32074493841358237 1.0268689508540685 -0.46029985530331208 0.040883181725649025 4.3489553127507712 -0.86823480167352607 0.11600672877846792 1.9513423378693051 1.1172832603395435 20.500000000000004 0.75932389163506675 0.00020321540955779794 0.0053504563203517737 0.0052424729631309185
decision_type=2 2 10 8 8 10 2 10 2 10 2 10 8 2 8 8 10 2 10 2 2 2 2 2
left_child=19 15 4 -4 5 7 -7 13 9 -9 11 12 -11 -3 -5 16 18 -18 -2 -1 21 22 -21 -6
right_child=1 2 3 14 23 6 -8 8 -10 10 -12 -13 -14 -15 -16 -17 17 -19 -20 20 -22 -23 -24 -25
leaf_value=-0.0061445500084706941 0.0024964227529299353 -0.005853063088841353 0.010306588748341687 0.0053668362077703962 -0.0012830637328483563 -0.00028011998702873539 0.011439716735483902 0.0080046849900182113 -0.0030879103890874907 0.0043831908635571081 -0.0040325609586115904 0.0086422067146745499 -0.0041506247670183303 0.0033948024678135177 -0.0041626305252778755 0.0071420552359845822 0.0048384948346868748 -0.0038683955305071406 0.010890195083634369 0.0010524208650546415 -0.0027246436458517099 -0.0029054356471519124 0.012478647002255001 0.00073649332863379244
leaf_weight=45.365312829613686 106.73364405333996 33.417869791388512 24.184321813285351 12.776716463267801 733.39777697622776 15.10391693562269 21.660856068134308 36.02124147862196 35.187781251966953 29.807026490569115 31.822280645370483 32.350052699446678 33.353909574449062 13.400083370506762 25.215405099093914 36.133984260261059 16.007380142807961 52.855563439428806 15.162955120205877 18.706180915236477 125.39959938079119 22.934739254415035 11.359919786453245 301.37534430623055
leaf_count=438 549 224 148 92 5482 90 132 213 231 166 219 199 209 79 202 224 85 309 83 167 1145 201 98 2167
internal_value=5.40823e-05 0.00038584 -2.87304e-06 0.00377689 -0.000189842 0.00164239 0.00692462 0.000776643 0.00173725 0.00281772 0.00119997 0.00301973 -9.27059e-05 -0.00314304 -0.000782734 0.00272368 0.00178902 -0.00171887 0.00377285 -0.00229747 -0.00123266 0.00223829 0.0061048 -0.000693493
internal_weight=1829.73 1605.97 1379.07 62.1764 1316.9 282.125 36.7648 245.36 198.542 163.355 127.333 95.511 63.1609 46.818 37.9921 226.894 190.76 68.8629 121.897 223.766 178.4 53.0008 30.0661 1034.77
internal_count=13152 11103 9853 442 9411 1762 222 1540 1237 1006 793 574 375 303 294 1250 1026 394 632 2049 1611 466 265 7649
is_linear=0
shrinkage=0.01


Tree=158
num_leaves=25
num_cat=0
split_feature=271 106 77 107 292 75 315 304 299 108 89 18 205 43 319 320 279 121 271 210 240 27 101 16
split_gain=12.5776 11.4797 14.8311 13.0254 15.6698 12.9761 13.7436 12.5133 12.1524 11.7185 10.8714 10.8431 10.7387 10.2206 10.0144 11.0326 12.469 12.3428 10.0073 9.72923 12.5331 10.1549 10.0607 9.04248
threshold=0.067822972005887092 0.73642470740470445 3.3306078288263756 -0.085530948033653478 -0.020793964562386403 -0.51264193702449345 -0.096559334601391475 -0.0054910345193872603 -0.042841764180223722 0.94514344071718093 1.9607747640802697 -0.72896146035601694 -0.37961507332404854 137.50000000000003 -0.1957463650377036 -0.037538266443402371 -0.0017261255517329042 -0.43455726582314613 0.11673725068189127 0.030189109136477561 0.79560422690935018 0.77090427754299184 -0.22993163380887152 1.3658671991357831
decision_type=2 10 10 8 2 8 2 2 2 10 8 10 2 2 2 2 10 10 2 2 2 2 8 2
left_child=12 2 3 5 23 6 7 8 -2 -6 11 -9 -1 -11 -3 16 -16 18 -18 20 -14 22 -22 -5
right_child=1 14 -4 4 9 -7 -8 10 -10 13 -12 -13 19 -15 15 -17 17 -19 -20 -21 21 -23 -24 -25
leaf_value=-0.0031394827598190084 0.002942505789855175 -0.0025595998082348441 -0.00257020549432212 -0.0017890717234694748 0.0025308532265873361 -0.0016506980901530288 -0.0061522115988030413 0.0024649300947554567 -0.003073970687913978 0.0041312701784795951 0.0011382870017804037 0.010823335250161412 0.004806628094288265 0.01411591116289582 0.0071977699432331415 -0.0024315624241805773 0.00030442981727650374 -0.0047277258154000733 0.0081844924080791831 -0.0024471369461296403 0.0035442000394820738 -0.0045341136499482265 -0.0051590938211900153 0.0027580777210966002
leaf_weight=196.27441313117743 59.20249255001545 29.999874658882618 171.54947286099195 110.11043482273817 137.25619777292013 326.19093757867813 20.242105565965176 32.767094932496548 70.272491224110126 30.149761624634266 68.24409806728363 31.794408872723579 63.119185075163841 16.707608081400394 79.057104639708996 25.410945624113083 37.422255001962185 20.25284232199192 26.160485297441483 105.99246354401112 55.417293235659599 40.095063492655754 14.449532717466353 68.517238289117813
leaf_count=1648 356 207 1315 728 902 2346 133 201 442 192 440 193 469 93 537 185 273 160 155 875 433 347 117 466
internal_value=2.98419e-05 0.00051953 0.000114809 0.000596104 0.00208858 -0.000297203 0.00126283 0.0018987 -0.000311188 0.00411232 0.00402201 0.00687881 -0.00136518 0.00831506 0.00260533 0.00345928 0.00441026 0.00162024 0.00377316 -9.46515e-05 0.00135649 -0.000686138 0.0015991 -2.34577e-05
internal_weight=1836.66 1361.31 1143 971.455 362.741 608.714 282.523 262.281 129.475 184.114 132.806 64.5615 475.348 46.8574 218.304 188.304 162.893 83.8356 63.5827 279.074 173.081 109.962 69.8668 178.628
internal_count=13213 9324 7807 6492 2381 4111 1765 1632 798 1187 834 394 3889 285 1517 1310 1125 588 428 2241 1366 897 550 1194
is_linear=0
shrinkage=0.01


Tree=159
num_leaves=25
num_cat=0
split_feature=153 109 150 109 299 119 71 277 157 255 62 112 91 184 161 123 3 315 27 297 239 111 309 226
split_gain=14.2756 20.9095 14.9594 13.7152 16.5799 14.5814 12.5889 12.0983 12.0161 10.2334 10.0905 9.9536 13.2658 9.87048 10.3732 17.3722 12.6842 10.7786 10.9102 9.85027 9.75062 14.0573 13.0608 12.1478
threshold=0.01564247762863535 1.7588197241736621 0.048826334128002941 1.0213859543395061 -0.052933153802719006 0.54161073278635652 2.9913326147244166 -0.081725417439703144 0.28303835958209894 17.500000000000004 92.500000000000014 86.500000000000014 69.613997929461945 -0.072240938208095684 0.0028268565355324886 -0.10896092029255984 3.0925451758863391 -0.12027527529160274 0.8115188167831292 -0.066678853570762878 0.73149271704558305 1.9095830258713862 -0.012758384769266882 0.047374983593647467
decision_type=10 10 10 8 2 8 10 10 10 2 2 2 2 10 8 10 2 2 2 2 8 8 2 2
left_child=1 2 13 4 -4 8 19 -7 -5 -6 -8 12 -12 -1 15 17 20 18 -15 -2 21 -16 -23 -22
right_child=6 -3 3 5 9 7 10 -9 -10 -11 11 -13 -14 14 16 -17 -18 -19 -20 -21 23 22 -24 -25
leaf_value=-0.0014671892872890075 0.0035958901318451594 0.0037831522660865457 0.0021027229931460303 0.0019616270424094033 0.0042060268069270918 0.0066781080169601558 -0.0038938550158724369 -0.0032256143197892701 -0.0019992290346904618 -0.005123151802487973 0.010152996498556784 -0.00323092361734924 -0.00034595556417681611 0.012181234028025432 -0.0008587088651367588 -0.001004669218386593 -0.0028186498084873351 -0.0020748125536084582 0.0023445458365247591 -0.0039090320599295108 0.0012459957921132398 -0.00065744433394851183 0.0088628301536865881 0.01013768394967856
leaf_weight=107.10563214123249 16.862706139683723 163.3400217294693 47.41685377061367 303.9322199895978 10.4833847284317 10.662965148687361 24.129154719412327 158.66375279426575 99.320859506726265 156.8587826192379 25.041081950068474 14.771167397499083 20.538051553070545 20.980864524841309 61.271105043590069 193.40439250320196 26.298098213970661 14.829183407127855 25.241339690983295 193.04680404812098 24.120859950780869 20.599455289542675 41.134231016039848 45.948102936148643
leaf_count=709 140 1032 373 2035 86 79 191 1307 717 1308 178 110 150 113 367 1298 171 93 149 1725 156 123 251 272
internal_value=4.45045e-05 0.00043352 2.59058e-05 -0.000870269 -0.00300748 -5.60164e-05 -0.00196082 -0.00249619 0.000976424 -0.00447233 0.00126025 0.00341934 0.00565851 0.00124055 0.00185983 0.000470971 0.00343964 0.0049983 0.00727686 -0.00326143 0.00432573 0.002521 0.00578125 0.00725842
internal_weight=1826 1531.61 1368.27 787.339 214.759 572.58 294.389 169.327 403.253 167.342 84.4795 60.3503 45.5791 580.933 473.828 254.456 219.372 61.0514 46.2222 209.91 193.074 123.005 61.7337 70.069
internal_count=13133 10639 9607 5905 1767 4138 2494 1386 2752 1394 629 438 328 3702 2993 1653 1340 355 262 1865 1169 741 374 428
is_linear=0
shrinkage=0.01


Tree=160
num_leaves=25
num_cat=0
split_feature=3 109 192 109 227 115 201 171 107 79 308 53 278 65 241 72 109 315 100 120 238 284 184 67
split_gain=11.8102 16.8346 14.8258 14.2106 13.7049 11.9344 9.91486 12.4371 12.136 11.4517 9.57867 10.1842 16.9276 9.46038 14.2395 10.6997 9.42796 10.961 9.79424 9.32249 11.3223 9.27382 9.19535 8.79225
threshold=2.5471693845014545 1.5195776906739467 1.4118636051344922 1.0213859543395061 0.0046765422018749921 -1.5456925668431456 0.76329937747594812 15.557370637785803 0.25521975655414714 82.795235970020755 0.00091327714572481654 28.500000000000004 -0.0021027443751890544 3.3012246255571216 0.68333333333333346 27.426188707373985 2.290809100281376 -0.84524503399770878 0.67631806094587998 1.2398210213969316 0.32299436038234047 0.079155475022104974 -0.072240938208095684 138.2590519627004
decision_type=2 10 10 10 2 8 2 8 10 2 2 2 8 10 2 2 10 2 10 8 2 10 10 2
left_child=1 6 -3 5 16 -2 9 -8 -9 22 11 -11 -13 14 -6 -15 17 -5 -19 20 -18 -16 -1 -20
right_child=3 2 -4 4 13 -7 7 8 -10 10 -12 12 -14 15 21 -17 19 18 23 -21 -22 -23 -24 -25
leaf_value=7.886753362736097e-05 0.0048021894517166078 0.0021302864713726314 0.014354801116296154 0.0057133416793751068 0.0076539363765622571 -0.0033769176850245958 0.00051038355867942108 -0.0056761796937530844 0.0038766817504672564 -0.00015149597371873365 -0.0021493892262145252 0.00034472574774152879 0.010788685854635447 -0.0022199004250559352 -0.00015570839302737457 0.0046107234415910872 0.010955715329921433 0.0047475683761090863 -0.0045131112331268011 -0.0021321228087185537 -0.0002825049739513003 0.0064790115936315864 0.0072118564748400848 -0.001190217769507874
leaf_weight=26.539706170558929 16.770598948001862 27.345095254480839 14.169294618070124 18.818086989223957 48.676390752196312 228.42733274400234 257.41483992338181 66.832804083824158 14.176696829497812 79.694284409284592 75.135868892073631 33.952068865299225 26.382778272032738 85.766502223908901 94.684898249804974 28.086832098662853 17.749177619814873 20.956246793270111 96.540481917560101 20.112976551055908 15.328532010316847 24.110852256417274 56.263919420540333 429.61082176119089
leaf_count=171 129 163 83 131 322 1820 1708 520 102 548 492 209 161 673 681 196 118 133 741 159 113 162 353 3256
internal_value=-2.62157e-05 0.00101692 0.00697749 -0.000645337 -6.01809e-05 -0.00276484 0.000597232 -0.000570399 -0.00391768 0.00191962 0.000673597 0.00220803 0.00520732 0.00175826 0.00325131 -0.000454961 -0.000892358 -0.00127557 -0.00154606 0.00302476 0.00610919 0.00130242 0.00501587 -0.00182279
internal_weight=1823.55 677.907 41.5144 1145.64 900.442 245.198 636.393 338.424 81.0095 297.969 215.165 140.029 60.3348 281.325 167.472 113.853 619.116 565.926 547.108 53.1907 33.0777 118.796 82.8036 526.151
internal_count=13144 4510 246 8634 6685 1949 4264 2330 622 1934 1410 918 370 2034 1165 869 4651 4261 4130 390 231 843 524 3997
is_linear=0
shrinkage=0.01


Tree=161
num_leaves=25
num_cat=0
split_feature=233 123 73 174 119 116 154 94 273 269 103 213 90 40 238 292 89 319 275 301 116 51 272 135
split_gain=11.091 11.3612 11.2321 11.8857 9.77232 9.55883 10.4079 11.353 10.3833 9.67244 9.53445 9.40224 9.10671 8.96645 13.7392 8.96737 8.88165 8.41778 8.22712 7.80343 9.6064 11.6228 9.30336 10.7492
threshold=0.87513213530655409 0.92350867669650383 317.52657757435776 62.015555555555558 1.1620850402445735 0.32527398595925777 0.019116981657443185 0.69504749410119782 3.2329897908078382 1.4340543028071793 0.97835722312047502 -0.17663107320298574 10.04933957426695 0.0081348080922669704 -0.94753914795246186 0.015912366245790222 3.8477486626808859 0.11697076181465967 0.11627906976693485 1.3879335559638142 -0.16481085231936971 503.50000000000006 0.022456903544432801 0.14509822685824439
decision_type=2 10 2 10 10 8 10 8 10 2 8 2 2 2 2 2 10 2 2 2 10 2 2 2
left_child=1 13 5 -4 11 6 7 -3 9 -8 18 19 16 17 -15 -16 -7 -1 -2 20 -5 22 23 -22
right_child=10 2 3 4 -6 12 8 -9 -10 -11 -12 -13 -14 14 15 -17 -18 -19 -20 -21 21 -23 -24 -25
leaf_value=0.00046124927793496308 -0.0017765303138190037 -0.0014572839348373345 -0.0010702930286031788 -0.0015065177380458635 -0.002607275477723086 0.0010039051135498276 0.001352558601365877 -0.0053572752589913395 -0.0017759017828366469 0.010619245459759445 -0.0047598879648983418 -0.001624409163506533 0.0072877533086275186 0.00053460686488109304 0.002889690407027687 0.011329454351112251 -0.0051314636421236738 0.0062499075002530107 0.0049418998919404378 -0.0028671454401286507 0.01164794262541359 0.012982892105752361 0.0016819105845025644 0.0024719897888955634
leaf_weight=397.9409803301096 69.222236573696136 337.28460930287838 138.82413414865732 18.516243115067482 28.529008060693741 173.84459344297647 40.600465767085552 94.982855252921581 61.003051176667213 13.520911313593386 81.001434549689293 29.13958615809679 17.06243047118187 58.168709956109524 26.922761753201485 27.09894185513258 24.380839869379997 24.084159106016159 21.552128948271275 11.766020469367502 26.816255174577236 18.08353529125452 60.487592987716198 26.416956230998039
leaf_count=2503 480 2645 1024 144 240 1282 295 779 480 101 686 200 117 361 169 164 189 147 148 88 183 122 421 188
internal_value=6.83421e-05 0.000321191 -0.000250289 0.00120219 0.00263764 -0.00093643 -0.00163677 -0.00234594 0.00100981 0.00409945 -0.00232827 0.00345205 0.000837751 0.00151753 0.00399753 0.00749556 0.000182426 0.00083355 -6.90655e-05 0.00438307 0.00499981 0.00593384 0.00451519 0.00746828
internal_weight=1827.25 1655.47 1121.26 358.579 219.755 762.68 547.392 432.267 115.124 54.1214 171.776 191.226 215.288 534.216 112.19 54.0217 198.225 422.025 90.7744 162.087 150.321 131.804 113.721 53.2332
internal_count=13156 11842 8498 2610 1586 5888 4300 3424 876 396 1314 1346 1588 3344 694 333 1471 2650 628 1146 1058 914 792 371
is_linear=0
shrinkage=0.01


Tree=162
num_leaves=25
num_cat=0
split_feature=5 5 131 287 108 21 261 126 76 240 102 119 108 197 189 267 113 59 71 119 184 28 103 146
split_gain=11.937 12.6789 11.5953 13.9287 10.4239 11.2331 12.9426 9.38024 12.4333 9.33933 12.9896 11.7354 12.9577 15.7212 14.7585 11.4343 14.8914 11.7422 10.7529 10.1032 11.5728 9.66801 9.91287 8.82697
threshold=-2.8996003220412478 -2.8712440139818409 1.6306762194233919 0.016638134303127133 1.4994854544011738 0.67863104383599049 1.0607601183023847 0.77282561054964283 0.79026277708250248 1.5558981744130571 1.228056852784827 0.14086389800449142 0.26938899299508989 -0.33668683767744434 -0.22064165753808537 0.87741377981796742 0.039649101722718981 2.32418315167495 1.2661053434956357 -0.27954928140862506 1.3402094724936495 0.2688070983911392 0.80830561740016349 0.17783119658119662
decision_type=2 2 8 2 10 8 10 10 10 2 8 10 10 10 10 2 8 8 8 8 8 2 10 10
left_child=-1 -2 3 -3 7 -6 -7 9 -9 11 15 12 13 -4 -15 16 -11 -18 -13 -14 -21 22 -20 -16
right_child=1 2 4 -5 5 6 -8 8 -10 10 -12 18 19 14 23 -17 17 -19 21 20 -22 -23 -24 -25
leaf_value=-0.0022300330349041462 0.002390390107300305 -0.00028283519181916314 -0.0047244491885220221 0.0059237492863914304 0.0071507596576388674 -0.0049979564402627746 0.0061473765308614507 0.004134676659727575 -0.0033052219847989335 -0.0033728442960827736 -0.0065877956985884722 -0.0060250248374626595 0.0057974661915762482 0.0050633627310192495 0.0029738967588907412 -0.0013040187227733621 0.01445141422761663 0.0042230933646523732 0.0059506850382724952 -0.00090815597176027761 0.0051401683401001543 0.00493599843013521 -0.0021415573317870654 -0.0043708871725181711
leaf_weight=200.58614420890808 251.45826528966427 75.765133894979954 77.400529466569424 65.39777147769928 34.50000236928463 23.078040346503258 14.576670952141283 22.84454033523798 191.0569711625576 19.852845907211304 14.194001257419584 52.600477233529091 55.683512285351753 48.64729431271553 21.973247401416302 52.186549417674541 11.07302361726761 94.657361604273319 13.260082788765429 106.2011069431901 41.741811692714691 20.909013159573078 272.40750273317099 46.297056213021278
leaf_count=1896 1416 482 533 401 226 190 117 155 1487 155 127 436 318 319 162 411 75 703 91 676 251 159 2073 302
internal_value=5.35036e-05 0.000338914 -3.93209e-05 0.00264566 -0.000352366 0.00326078 -0.000529929 -0.0005848 -0.00246221 -0.00015453 0.00179808 -0.000655803 0.000524096 -0.00131044 0.000999682 0.00256632 0.00417579 0.00565365 -0.0019597 0.0022736 0.000856349 -0.00121002 -0.00170754 -0.00196835
internal_weight=1828.35 1627.76 1376.3 141.163 1235.14 72.1547 37.6547 1162.99 213.902 949.085 191.964 757.122 397.945 194.318 116.918 177.77 125.583 105.73 359.177 203.626 147.943 306.577 285.668 68.2703
internal_count=13161 11265 9849 883 8966 533 307 8433 1642 6791 1471 5320 2561 1316 783 1344 933 778 2759 1245 927 2323 2164 464
is_linear=0
shrinkage=0.01


Tree=163
num_leaves=25
num_cat=0
split_feature=32 73 122 119 81 270 85 221 258 5 175 271 71 149 105 102 79 109 262 262 83 304 154 30
split_gain=12.6229 11.2836 15.1012 11.0084 16.3319 12.2186 10.7196 9.78311 9.54246 10.0921 9.40145 9.53213 8.71043 9.20799 8.16538 10.3009 9.94694 10.4537 9.51129 8.55082 8.27926 11.4796 8.07931 8.0039
threshold=0.0014316399604838677 322.47232286924384 0.2472210926949053 1.1620850402445735 1.2953612958239344 0.10823210177006624 181.26176811803586 -0.097397659140106022 -0.94344122943514763 -2.9065284865735039 5.5279390323325774 0.14094648630734738 1.2456346911122256 0.26988996007400917 0.77830770584833953 0.28989508513946965 96.439319725669733 0.60812320615139193 -0.19243424658817929 -0.99788036317089934 1.0402058046671585 0.0033806906303776034 0.019116981657443185 0.0018441682112673664
decision_type=2 2 10 10 10 2 2 2 2 2 10 2 8 10 10 8 2 10 8 8 8 2 10 2
left_child=1 2 14 4 5 7 8 10 9 -2 23 22 -4 -14 16 -16 17 19 -19 -1 -21 -22 -12 -3
right_child=6 3 12 -5 -6 -7 -8 -9 -10 -11 11 -13 13 -15 15 -17 -18 18 -20 20 21 -23 -24 -25
leaf_value=0.0063963307734468764 -0.0027209739021851805 0.0048324902538973789 -0.0048743017190163206 -0.0032263498567789411 0.0094773462203087307 -0.0055825014130552525 0.0062295431768079482 -0.0037710065167196449 -0.00525829227714791 0.0058308816067808768 0.0021825610466140398 0.0096048872767303672 -0.0012923165065906975 0.0044513457465194103 0.0052324508970882245 -0.0019347938209240073 -0.00057410285302785121 0.0068725834809915962 -0.0012550885784764546 -0.0024944349172244845 -0.00041803106336044083 0.0095514594848484149 0.0087279483370855046 -0.0020226981338861707
leaf_weight=18.124141931533813 42.573984794318676 19.921106979250908 61.471974357962608 37.916845209896564 26.280625447630882 19.24155206233263 10.230345606803892 23.770575165748596 90.538444347679615 16.97652991861105 201.34471054375172 21.341259382665157 432.29531303048134 27.003886453807354 74.961179994046688 25.088489212095737 396.90051571279764 58.178309574723244 17.556921623647213 78.297578528523445 37.865145660936832 13.534270539879797 18.745584741234779 64.703328192234039
leaf_count=91 401 118 525 317 167 122 91 170 903 159 1421 118 3420 201 420 161 2548 339 118 494 263 86 118 444
internal_value=0.000101414 0.000360072 -0.000125041 0.00174397 0.00224281 0.00165649 -0.00255332 0.00209927 -0.00326317 -0.000112368 0.00255918 0.00355477 -0.00141892 -0.000927156 0.000810659 0.00342157 0.000374351 0.00204877 0.00499831 0.000465139 -0.000475393 0.00255118 0.00284868 -0.000292864
internal_weight=1834.86 1674.54 1241.28 433.266 395.349 369.068 160.319 349.827 150.089 59.5505 326.056 241.432 520.771 459.299 720.507 100.05 620.457 223.556 75.7352 147.821 129.697 51.3994 220.09 84.6244
internal_count=13215 11661 8666 2995 2678 2511 1554 2389 1463 560 2219 1657 4146 3621 4520 581 3939 1391 457 934 843 349 1539 562
is_linear=0
shrinkage=0.01


Tree=164
num_leaves=25
num_cat=0
split_feature=5 5 123 160 123 42 180 256 296 234 108 316 148 149 323 116 28 323 127 34 261 5 318 204
split_gain=11.7268 19.7807 11.0818 11.8187 14.4192 10.4939 9.53623 11.7426 13.412 9.60219 9.12417 9.55394 8.64738 10.2756 8.62047 9.77382 11.8099 8.61356 14.4452 9.12799 9.55149 10.9686 9.30897 10.1204
threshold=-2.8935132521978844 -2.8712440139818409 1.419388148805002 0.04172431549838828 0.42827496119539338 166.50000000000003 3.2750838926174501 121.50000000000001 1.2926830770135525 0.026780517212705805 0.041550907962250076 0.042741817793518315 0.090417378355888423 0.14488471836364708 71.500000000000014 -0.62368776341373111 0.2638460599650137 261.50000000000006 0.81402580646342015 0.077937724385528873 -0.23144605173473912 -2.5045704500484605 0.89165097025712925 0.23281766650921118
decision_type=2 2 8 8 10 2 2 2 2 2 8 2 8 10 2 10 2 2 10 2 10 2 2 2
left_child=-1 -2 3 4 5 10 12 8 9 -8 11 -3 13 -4 -6 -16 -17 -5 19 -19 22 -22 23 -21
right_child=1 2 6 17 14 -7 7 -9 -10 -11 -12 -13 -14 -15 15 16 -18 18 -20 20 21 -23 -24 -25
leaf_value=-0.0020406922074824737 0.0031661355765644984 -0.0023210969560147989 -0.0027433234273602468 -0.00011204251675869945 0.0040793410879420046 -0.0022019717989755715 -0.0010977800810428855 -0.0012851519248357497 -0.0016921275885586218 0.0085177648489906371 0.0056256627363320657 0.0061476822697580803 -0.0023502171948455793 0.0077197317475259921 0.0050780749884262533 -0.0042797869311422022 0.0044290174221300093 -0.0026658025735587097 -0.0033782170077554662 0.0097124020279007357 -0.0013068606838555178 0.0048564193217658352 0.013664782059526715 -0.0011963383803237427
leaf_weight=239.52628176659346 208.94320143014193 41.769057668745518 15.651891350746153 124.78161656111479 16.911238886415958 49.131605319678783 12.520771116018294 125.16630411148071 30.838350437581539 41.815951518714428 65.408946864306927 16.143896125257015 393.99383006989956 16.824829332530499 11.77895290404558 164.18095058202744 14.769886419177054 16.701409287750721 27.755302630364895 13.879034593701364 37.723321832716465 104.91432592272758 18.418356023728848 15.899878792464731
leaf_count=2140 1149 255 134 815 117 289 101 954 240 307 387 93 3173 139 82 1175 104 120 186 88 233 665 111 98
internal_value=7.66393e-06 0.000320764 -0.00011589 0.000714201 -0.000512626 0.00160681 -0.00108117 0.000651938 0.00345962 0.00633993 0.00314765 0.000200092 -0.00193698 0.00283346 -0.00227562 -0.0028959 -0.00349747 0.0020059 0.00312129 0.0040292 0.00465085 0.00322578 0.00843422 0.00425993
internal_weight=1825.45 1585.92 1376.98 740.168 380.095 172.454 636.812 210.341 85.1751 54.3367 123.322 57.913 426.471 32.4767 207.641 190.73 178.951 360.073 235.292 207.536 190.835 142.638 48.1973 29.7789
internal_count=13155 11015 9866 4818 2502 1024 5048 1602 648 408 735 348 3446 273 1478 1361 1279 2316 1501 1315 1195 898 297 186
is_linear=0
shrinkage=0.01


Tree=165
num_leaves=25
num_cat=0
split_feature=32 99 109 83 76 136 120 5 181 157 270 282 129 23 127 196 285 10 217 109 121 113 177 282
split_gain=12.0614 10.7981 14.9623 14.8387 10.5894 10.5627 11.9439 9.97705 13.6075 9.92634 9.60082 9.22579 10.3439 11.3422 9.97044 9.8943 9.5843 9.22378 8.89161 8.7235 13.6051 11.1446 10.8163 8.79039
threshold=0.0015637226134585292 1.2577492900503946 2.290809100281376 2.879306243594161 0.72157341624259674 0.32339757506930766 0.53635554339761815 -2.8712440139818409 0.053944638567372798 0.50531975099037929 0.054802181974196319 -0.031103099494266685 1.0268689508540685 -0.46029985530331208 -0.21759325072803395 0.24015503875968994 0.10462366590831813 0.96552956825293013 0.67787193973634663 0.64611921322398158 -0.95498389513805304 0.28349862509762486 7.1499295592012215 -0.097623675465546414
decision_type=2 10 10 10 10 2 10 2 2 10 2 10 8 8 10 10 2 2 2 8 10 8 10 10
left_child=1 2 4 -4 5 9 -7 8 -6 11 -2 18 13 15 -15 -13 -17 -14 -1 -9 22 -22 -21 -23
right_child=10 -3 3 -5 7 6 -8 19 -10 -11 -12 12 17 14 -16 16 -18 -19 -20 20 21 23 -24 -25
leaf_value=0.0050470037535568389 -0.0066340954460965863 -0.0046894258509292434 0.012105305962523806 0.0011237228042820673 0.007815457478264445 0.0029472591054946402 -0.0050415988860545314 -0.0035463336135673567 0.00074852219428317391 -0.0034217894955822759 -0.00098725927149221054 0.009138394321055697 0.0089739866916903645 -0.006049237385852094 0.0022012533883171408 -0.0035248868536037156 0.0059874640519597859 0.0015243575221520278 -0.0029446286918599828 -0.0017057624270374642 -0.0024671057704218559 0.0069075802931595331 0.0024560744628740598 -0.00016814297845742785
leaf_weight=17.962456785142422 39.460362881422043 38.447573788464069 18.80481082201004 30.573937185108662 28.135224297642708 30.623915910720825 39.921262249350548 88.465445898473263 238.26339264214039 22.062039352953434 111.07219833135605 28.539678893983364 58.60967767983675 21.05589409917593 35.084125883877277 18.234566055238247 18.551377348601818 25.095616161823273 39.202034905552864 82.423834666609764 314.22922547161579 16.167055673897266 232.51226680725813 226.11843033134937
leaf_count=107 417 336 124 204 161 204 282 682 1482 142 1051 159 370 133 219 100 100 164 252 555 2528 114 1544 1680
internal_value=0.000113762 0.000360325 0.000487956 0.00575614 0.000312779 0.00182668 -0.00157999 -0.00012779 0.00157321 0.0026825 -0.00256955 0.00323083 0.00420912 0.00224837 -0.00101835 0.00499603 0.00133208 0.00687553 -0.000296589 -0.000604156 -0.000293773 -0.00123257 0.00135816 0.000374451
internal_weight=1819.62 1669.08 1630.64 49.3787 1581.26 354.943 70.5452 1226.31 266.399 284.397 150.533 262.335 205.171 121.466 56.14 65.3256 36.7859 83.7053 57.1645 959.916 871.451 556.515 314.936 242.285
internal_count=13110 11642 11306 328 10978 2232 486 8746 1643 1746 1468 1604 1245 711 352 359 200 534 359 7103 6421 4322 2099 1794
is_linear=0
shrinkage=0.01


Tree=166
num_leaves=25
num_cat=0
split_feature=120 160 21 5 294 62 294 106 319 299 124 244 154 132 120 271 289 105 141 83 234 39 93 160
split_gain=11.5617 10.524 14.0594 9.73662 16.5263 16.0024 10.1838 12.506 9.67989 9.63256 10.3228 9.55127 8.91068 10.5824 9.13569 15.9172 8.48573 8.42351 16.4667 13.008 12.2038 10.7005 10.1526 9.60968
threshold=0.80910960197290394 0.067583317583317606 -0.045888030781597887 -1.7775656290376916 -0.1333807416772019 220.50000000000003 -0.027129296920437636 0.3823993100370226 -0.17129120879120877 -0.01185111200500316 3.5000000000000004 0.0056944444444444456 0.018214996682149969 0.040064205457463892 0.9693728670085614 0.099018210541406748 -0.0092677398258575443 1.0801467272519485 0.08262807292037079 3.5013525619451138 0.047216261325703397 0.11193894609148472 -0.050420772771041317 0.20025062656641607
decision_type=8 10 10 2 2 2 2 10 2 2 2 2 10 2 10 2 2 10 2 10 2 2 10 10
left_child=3 -2 12 4 8 -5 -6 11 -1 16 -11 -8 14 -14 15 -3 -9 20 -19 -20 23 22 -22 -4
right_child=1 2 17 5 6 -7 7 9 -10 10 -12 -13 13 -15 -16 -17 -18 18 19 -21 21 -23 -24 -25
leaf_value=0.0021656030746206997 -0.001597575329295306 0.010863935337035693 -0.0038319911461972512 -0.0022997235290710656 -0.00077469152172932043 0.0072361315056489938 0.0049566425374400185 0.012125826856177914 0.013885293984198679 -0.0016447641406407212 0.0039167126483732875 -0.0029191410560063203 0.011805295209624462 0.00086596713670409416 -0.0014869257922338508 -0.00053780072166753656 0.0026290064242420119 0.003753170650066679 -0.0033564557908776099 0.0051220852212872777 0.00024895435410838998 -0.0050234153473704248 0.0066613269931383081 0.005131979753366378
leaf_weight=14.148774199187757 479.95671287924051 19.292758904397488 160.0790056809783 126.62623841315508 141.2549709007144 17.538540236651897 17.705887459218502 20.505043692886829 14.882455416023729 41.918509475886822 135.4552052244544 58.791226714849472 19.484286680817604 15.793228931725023 47.558621324598789 26.484509535133839 19.662158004939556 116.63340772688389 85.058835431933403 20.038533508777618 161.17792370915413 28.931590989232063 26.455949351191521 10.390537820756434
leaf_count=87 3592 118 1359 896 884 113 110 126 90 298 838 386 118 100 319 156 128 801 686 151 1279 216 212 88
internal_value=0.000112597 -0.000449365 0.000299898 0.00123537 0.00193826 -0.00101535 0.00141644 0.00246979 0.00890728 0.00368134 0.00259156 -0.000971298 0.00326677 0.00736389 0.00153595 0.00460063 0.00798121 -0.000337518 0.0012048 -0.00163827 -0.00122604 0.00034813 0.00124424 -0.00320463
internal_weight=1825.82 1217.34 737.379 608.489 464.324 144.165 435.293 294.038 29.0312 217.541 177.374 76.4971 128.613 35.2775 93.3359 45.7773 40.1672 608.766 221.731 105.097 387.035 216.565 187.634 170.47
internal_count=13151 9195 5603 3956 2947 1009 2770 1886 177 1390 1136 496 811 218 593 274 254 4792 1638 837 3154 1707 1491 1447
is_linear=0
shrinkage=0.01


Tree=167
num_leaves=25
num_cat=0
split_feature=5 5 109 99 277 126 105 221 119 213 99 116 85 95 137 221 62 33 38 105 184 108 282 137
split_gain=13.5234 17.2981 9.81619 16.556 8.83723 9.73906 11.9814 12.2049 10.4936 10.315 9.76342 9.31502 12.3381 11.3503 9.14973 9.97502 9.053 8.68177 8.6085 17.2923 10.5803 10.2672 8.51191 8.49123
threshold=-2.8943022876294049 -2.8712440139818409 2.290809100281376 1.2242135538382042 -0.014360941538799977 0.38791758301785384 0.49179146466653806 -0.25427596793766233 -0.024501964845755859 -0.4220064376146514 0.0054181308974560532 -0.05829358854692987 62.109537271533753 -1.0743599505560957 0.25009593246354572 -0.32071504643994664 172.50000000000003 0.029609009711065823 0.31670709947596837 -0.024899233788778934 0.87645001711824444 0.22649738235189765 0.00051448994123092656 0.15695333870099129
decision_type=2 2 10 8 8 8 10 2 10 2 10 10 2 10 2 2 2 2 2 10 10 8 10 2
left_child=17 -2 4 -4 14 8 10 9 16 23 11 12 18 -13 -3 -16 -6 -1 19 -7 21 -20 -10 -8
right_child=1 2 3 -5 5 6 7 -9 22 -11 -12 13 -14 -15 15 -17 -18 -19 20 -21 -22 -23 -24 -25
leaf_value=-0.0045456161679560663 0.00299197614518836 -0.0014980045781992032 0.0072165056895198325 -0.0042718842308250883 0.006634392665580106 -0.0025099762909300233 -0.006073049458862825 -0.00072351242513565448 0.0054998084527995835 0.0061352027894130802 -0.0038931155531494715 0.0074361461241080219 -0.0049768023780106399 -0.003313784885890641 -0.0031887308309812802 0.0056324994380209234 -0.00092377785858345984 -0.00051056012320104547 -0.0039821508094546572 0.0070818181165684547 -0.0075826319625675312 0.0059161817535981192 -0.0027604507158352221 0.0022394458507350389
leaf_weight=87.914991348981857 229.07678440213203 510.64469116181135 41.016040958464146 15.271269202232359 68.48149262368679 31.607193253934383 11.621693849563597 137.76313574612141 14.431801877915857 69.231452092528343 98.670594349503517 27.420399345457554 54.402228698134422 12.401158131659029 16.786824695765972 35.823722690343857 19.265000626444817 132.89559423178434 18.130839385092258 39.42554596811533 20.076152980327606 18.136996664106846 42.013433732092381 79.476595968008041
leaf_count=844 1253 3698 274 127 408 222 91 983 109 487 850 179 350 87 123 251 111 1200 123 266 142 123 317 573
internal_value=0.000145034 0.000464663 3.97655e-05 0.00402703 -0.000137 0.000563077 1.13373e-05 0.00144867 0.0028764 0.00330141 -0.00132431 -0.000141215 -0.00111695 0.004067 -0.00108465 0.00278046 0.00498689 -0.00215895 0.000596419 0.00286771 -0.00225013 0.00101219 -0.000469128 0.00101667
internal_weight=1831.99 1611.18 1382.1 56.2873 1325.81 762.556 618.364 298.093 144.192 160.33 320.271 221.601 181.779 39.8216 563.255 52.6105 87.7465 220.811 127.377 71.0327 56.344 36.2678 56.4452 91.0983
internal_count=13191 11147 9894 401 9493 5421 4476 2134 945 1151 2342 1492 1226 266 4072 374 519 2044 876 488 388 246 426 664
is_linear=0
shrinkage=0.01


Tree=168
num_leaves=25
num_cat=0
split_feature=271 32 310 115 158 5 137 294 109 16 238 275 229 304 42 293 120 209 52 53 89 323 216 316
split_gain=15.1597 9.75153 8.71135 10.9695 15.5019 11.7639 12.4121 12.0361 10.7749 10.8522 11.798 12.2312 10.5819 9.3347 12.493 12.6592 9.28963 9.14016 15.3632 10.829 10.8554 9.96128 10.8565 9.69229
threshold=0.067822972005887092 0.0016992365706893964 -0.20602793278338757 -0.46602931590100183 0.32730542838456517 -2.8935132521978844 0.19309643958508552 -0.13667565238805349 2.4357253669081698 1.7138019242861062 -0.13451112877348795 0.15239865462887534 -0.21728037164487288 0.00030184091713586497 94.500000000000014 -0.0038634916212235797 1.2744119018788094 0.68438714235252573 60.500000000000007 90.500000000000014 2.357221033321967 405.50000000000006 1.4989969583772524 0.01584070077027824
decision_type=2 2 2 8 10 2 2 2 10 2 2 2 2 2 2 2 10 2 2 2 8 2 2 2
left_child=1 -1 3 4 5 6 13 -7 9 10 -4 -12 -5 16 -15 -16 -2 -9 -19 20 23 -22 -23 -20
right_child=2 -3 8 12 -6 7 -8 17 -10 -11 11 -13 -14 14 15 -17 -18 18 19 -21 21 22 -24 -25
leaf_value=-0.00098632475413854307 -0.0058566338936225197 -0.0062299241585924486 -0.0015651838294483294 0.0016572590070966257 -0.0028290925523334343 0.0070863421995390223 0.0081052070320741538 -0.00055144029460060394 0.0064829379000197786 -0.0043103766095759751 0.0011529151405132701 0.011002940589509867 0.0087592503587965807 -0.0073473199009889698 0.0089342798202109962 -0.00083637952315470418 0.0026007875778346467 -0.004673342343460442 0.0025975877455681417 -0.0034310578137305924 -0.00028676422120611496 0.00035877114836353595 0.0075027908022298065 0.0074790355862453953
leaf_weight=434.29566291719675 63.786821074783802 36.128192827105522 196.71894687414169 56.710556119680405 100.21322866529226 39.422792494297028 10.422355614602564 153.51643981784582 17.611638680100441 74.559180527925491 95.677560783922672 11.919674232602118 32.646052159368992 11.95117089897394 18.91225777566433 32.451284162700176 14.199071258306502 27.017113335430622 88.045744322240353 23.840497717261314 117.44771133363247 40.745138175785542 43.107508152723312 82.792741000652313
leaf_count=3483 540 386 1328 395 723 244 91 967 123 569 663 83 220 106 157 279 127 193 530 139 779 255 285 474
internal_value=0.000114407 -0.00142614 0.000652365 0.00116799 0.000815198 0.00130093 -0.00117258 0.00191444 -0.000589418 -0.000966611 -0.000111796 0.00250818 0.00445282 -0.00201016 0.000818197 0.00302223 -0.00426699 0.00152603 0.00228102 0.00278794 0.00321202 0.00159635 0.00416856 0.00505271
internal_weight=1824.14 470.424 1353.72 957.228 867.872 767.659 151.723 615.936 396.487 378.875 304.316 107.597 89.3566 141.301 63.3147 51.3635 77.9859 576.513 422.996 395.979 372.139 201.3 83.8526 170.838
internal_count=13139 3869 9270 6504 5889 5166 1300 3866 2766 2643 2074 746 615 1209 542 436 667 3622 2655 2462 2323 1319 540 1004
is_linear=0
shrinkage=0.01


Tree=169
num_leaves=25
num_cat=0
split_feature=32 5 234 119 157 319 107 244 165 288 162 267 87 105 119 309 308 298 144 48 217 118 317 5
split_gain=13.2764 12.0684 9.68098 8.78422 12.3132 12.8311 9.94683 11.1352 8.24858 11.9343 12.1652 10.3903 14.6356 8.7507 14.9208 11.486 10.8003 11.1744 10.1398 8.1505 8.14351 9.55903 11.695 8.14137
threshold=0.0014316399604838677 -2.8712440139818409 0.069006568144499195 0.44062539308307441 0.17661913250148548 -0.1957463650377036 0.25521975655414714 0.010972222222222225 179.61707175925929 -0.0019398660344697822 0.0032733311903996574 0.58549323525620678 1.8439635047403631 0.28992395043123026 -0.26126052086294377 -0.03082297423250618 -0.0021588004932686943 -0.0034934524463320271 0.088416582102454247 58.500000000000007 0.80308995466475797 45.500000000000007 -0.0026333125303377018 -2.8935132521978844
decision_type=2 2 2 8 10 2 10 2 2 2 10 2 8 10 10 2 2 2 10 2 2 2 2 2
left_child=1 23 -2 6 5 -5 8 -8 11 13 -11 -3 -13 18 -15 -16 -17 -18 -10 -12 21 22 -4 -1
right_child=2 3 20 4 -6 -7 7 -9 9 10 19 12 -14 14 15 16 17 -19 -20 -21 -22 -23 -24 -25
leaf_value=-0.00058074031335534628 -0.0052416445234222857 0.0014874365830409852 -0.0016416128097662568 -0.0051118320473082322 -0.0026638937673660584 0.0011680773448206391 -0.0018724436303344924 0.004585954064356009 -0.0056109533807781999 0.0010605445131987646 -0.00023884789176468015 0.00053959728045082809 -0.0043165953663335272 0.0087944674275859287 -0.0079258100609953721 -0.0036600298685415984 0.0088178381307122758 -0.0016356594623749751 0.0014024689750548453 0.00875479563164973 -0.0035780926004317015 -0.0019604751097773198 0.012287930547544797 0.0030831970380776068
leaf_weight=82.778111755847931 77.310206778347492 107.90271823108196 8.7824380174279231 34.688165664672852 268.38035131245852 241.18844735622406 33.96882937848568 100.38135020434856 52.412432909011841 116.07055123895407 12.553731791675089 108.98017616569996 138.59221698343754 18.25379404425621 14.378422692418097 24.26843886077404 21.428970433771607 16.109512284398082 31.052278503775597 41.674698032438755 37.625622279942036 21.792668186128139 12.415840037167071 212.04736941307783
leaf_count=613 782 706 82 275 2273 1867 203 618 368 770 86 710 985 101 98 165 133 107 185 253 368 199 116 1161
internal_value=-3.36376e-05 0.000228582 -0.00277941 -0.000163734 -0.00115025 0.000330781 0.000477477 0.0029407 -1.31746e-06 0.00108672 0.00295805 -0.00107008 -0.00219301 -0.000717367 0.00134465 -0.000679462 0.00126483 0.00450724 -0.00302969 0.00674683 -0.000308021 0.00257628 0.00696283 0.00205535
internal_weight=1835.04 1677.11 157.927 1382.29 544.257 275.877 838.028 134.35 703.678 348.203 170.299 355.475 247.572 177.904 94.4391 76.1853 61.8069 37.5385 83.4647 54.2284 80.6166 42.9909 21.1983 294.825
internal_count=13224 11677 1547 9903 4415 2142 5488 821 4667 2266 1109 2401 1695 1157 604 503 405 240 553 339 765 397 198 1774
is_linear=0
shrinkage=0.01


Tree=170
num_leaves=25
num_cat=0
split_feature=5 121 147 109 65 162 120 147 144 94 315 116 185 122 149 308 232 144 23 149 45 12 3 215
split_gain=12.0802 11.8875 10.5241 14.0566 16.9919 12.3957 13.8014 11.6944 11.5849 12.56 10.9 10.5423 13.7621 10.8015 10.1306 10.1223 9.54403 9.52558 9.08057 8.9381 9.22918 13.3558 13.3145 12.1513
threshold=-2.9065284865735039 -2.2749236555014396 0.14696020140339602 1.1685457581177501 2.5534132878413618 0.0191635091809968 0.69217055993776011 0.18692975401425443 0.087029349646784659 0.37905463998279049 -0.6653848566818884 -0.16900300018275616 0.87766439909297056 -0.036444640190500595 0.26988996007400917 -0.00076696088352419263 1.6859463524459046 0.011326099738093967 -0.31725025665578482 0.2203668599464764 4.5000000000000009 0.26950985162064284 3.1020720641497497 -0.48029821685620383
decision_type=2 8 10 10 8 8 10 10 10 10 2 8 8 10 10 2 2 10 8 10 2 2 2 2
left_child=-1 -2 5 4 7 6 18 -4 11 -10 -5 13 -13 -9 -8 17 -11 -12 -3 20 21 23 -23 -17
right_child=1 2 3 10 -6 -7 14 8 9 16 15 12 -14 -15 -16 19 -18 -19 -20 -21 -22 22 -24 -25
leaf_value=-0.0029035720067845916 0.0059602273154444694 0.0050571882673815403 -0.0025435576961421093 0.006731097948392422 -0.0035909059231193446 0.00064463712109076587 -0.0042009807159885046 0.00021636832305504968 -0.0037134549115351691 0.0086523355112575057 0.0033990099876532159 0.0039447007026674561 -0.0040476470759364096 -0.0052616507971514808 0.0036982697260745608 0.0051526690850379267 0.00080672593580146854 -0.0021806959327468787 -0.0018785950965331084 -0.0017822616737524263 -0.0035894994139836997 0.0014925601588001919 0.01166419572675228 0.00015453782520742212
leaf_weight=121.81238386780024 33.751327648758888 33.039368964731693 96.165605403482914 42.001577593386173 119.31862642616034 257.97795676440001 201.70012150704861 154.883864171803 13.431848302483557 47.297502972185612 39.633674010634422 115.11435736715794 23.814698062837124 43.851516306400299 15.346454627811907 85.401676341891289 23.791313178837299 106.50466448813677 37.255946256220341 39.261080220341682 16.343488842248917 21.7861522808671 33.415212869644165 109.75935932993889
leaf_count=1174 197 181 675 257 922 1992 1676 990 82 283 269 773 174 353 122 502 145 679 288 270 119 144 231 706
internal_value=0.000101473 0.00032048 0.000196494 0.000746366 -0.000233822 -0.00094084 -0.00236015 0.000552362 0.00127222 0.00451996 0.00200749 0.000425384 0.00251391 -0.00104447 -0.0035973 0.00152715 0.00617219 -0.000624707 0.00143727 0.00255449 0.0032087 0.00369176 0.00793669 0.00238934
internal_weight=1832.66 1710.85 1677.1 1131.78 637.669 545.32 287.342 518.351 422.185 84.5207 494.107 337.664 138.929 198.735 217.047 452.105 71.0888 146.138 70.2953 305.967 266.706 250.362 55.2014 195.161
internal_count=13204 12030 11833 7574 4397 4259 2267 3475 2800 510 3177 2290 947 1343 1798 2920 428 948 469 1972 1702 1583 375 1208
is_linear=0
shrinkage=0.01


Tree=171
num_leaves=25
num_cat=0
split_feature=271 11 197 298 311 311 107 33 127 94 102 283 47 311 251 114 42 114 27 271 307 271 294 27
split_gain=10.4767 10.4903 8.69147 13.3397 11.6832 11.5883 10.9437 9.47367 10.2113 9.93827 14.3654 9.45869 9.04146 10.7263 9.75608 8.83463 13.092 8.74096 15.9731 8.79735 10.6186 12.9873 14.071 8.71571
threshold=0.10952046704805242 0.71515915193318114 -0.41797896019969361 -0.0054298687003695245 -0.31216919191051379 -0.35853216377057145 -0.3876250088910464 0.044146362488147316 0.62054203399578822 0.49367109552251387 -0.047386589081134141 -0.0047142031691001611 10.500000000000002 -0.10613982047150776 982.03736111111118 0.81519068780975845 101.50000000000001 0.97490369833359791 0.69705950817218965 0.068500714677074415 -0.0046366743657284088 0.091133030735451967 0.0086665373938509833 0.7860125898026088
decision_type=2 10 10 2 2 2 8 2 10 8 10 8 2 2 2 10 2 10 2 2 2 2 2 2
left_child=1 2 3 23 5 11 15 8 12 10 -9 -5 13 14 -8 -4 -17 19 -19 -13 -21 22 -22 -1
right_child=-2 -3 6 4 -6 -7 7 9 -10 -11 -12 17 -14 -15 -16 16 -18 18 -20 20 21 -23 -24 -25
leaf_value=0.00010096634642024932 0.00099708853490972191 -0.0041526975071201492 -0.0036331769591078996 -0.0070215659330459526 -0.005574572978620981 0.0059630173021875737 0.01150165416072179 0.0006033001812213736 -0.0020246982525612581 0.0018276167730877653 0.014495932520395461 -0.0044813477799727202 -0.0004249757715502735 0.00090179665953378561 0.0024580870950816048 -0.0042602840124442848 0.0073727634284162695 -0.0052181484984796253 0.007487762339528423 -0.0035940746609801418 0.011968658120667691 -0.0022514749255128893 -0.00034275229180756584 0.0080571703663961138
leaf_weight=38.816199325025082 790.84806614369154 71.362776733934879 90.97913771122694 26.933069854974747 73.99496853351593 18.504449956119061 22.269101150333881 13.427465289831163 109.37771536409855 76.62692629545927 15.103097721934317 74.436863340437412 108.99299217760563 69.99716554582119 27.225273124873638 15.076355107128618 18.489609196782112 12.632678896188734 25.630107708275318 46.158600337803364 17.90610421448946 28.925447851419449 16.242590896785259 18.788329839706421
leaf_count=303 5071 594 727 217 615 144 166 86 872 569 101 624 797 550 212 126 146 97 187 352 128 216 122 151
internal_value=0.00013145 -0.000528093 -0.000248048 -0.00137469 -0.00212913 -0.00112328 0.000545055 0.00128257 0.000450996 0.00386284 0.00863642 -0.00171555 0.00165081 0.00351838 0.00694979 -0.00204052 0.00219523 -0.000986535 0.00319754 -0.00189902 -6.1292e-05 0.00255219 0.00650886 0.00296936
internal_weight=1828.75 1037.9 966.534 398.969 341.365 267.37 567.565 443.02 337.862 105.157 28.5306 248.865 228.485 119.492 49.4944 124.545 33.566 221.932 38.2628 183.67 109.233 63.0741 34.1487 57.6045
internal_count=13173 8102 7508 3156 2702 2087 4352 3353 2597 756 187 1943 1725 928 378 999 272 1726 284 1442 818 466 250 454
is_linear=0
shrinkage=0.01


Tree=172
num_leaves=25
num_cat=0
split_feature=150 109 160 152 235 108 24 114 302 228 15 228 308 210 87 151 109 308 257 189 245 229 213 109
split_gain=11.7896 16.6132 15.848 12.4586 14.9093 11.5086 11.1146 10.7342 10.5619 11.0866 15.9619 13.0977 10.8806 9.83397 12.5146 9.67101 9.3568 9.20675 9.15696 9.0786 8.89925 15.4563 8.71432 8.68454
threshold=0.048826334128002941 1.2469916402469974 0.20025062656641607 0.12185120558375635 0.01112141826427541 1.3790018892373621 -0.57062974936625432 0.47499818936807098 0.004500075115074346 0.25513722730471505 -1.5088868964573321 0.22417658883562705 -0.0025667480793781145 0.090274072277467879 1.1704175051557713 0.0057224723700368407 0.86198586046282977 0.0088891507823599808 107.50000000000001 -0.35053890471370458 -0.6043557335840003 -0.28416020435376882 -0.37386284311343115 2.4357253669081698
decision_type=8 10 10 8 2 10 2 8 2 2 2 2 2 2 8 10 10 2 2 8 2 2 2 10
left_child=7 2 17 5 23 6 -3 22 15 11 18 13 -12 -10 -15 16 -9 -2 -11 -17 21 -18 -1 -5
right_child=1 3 -4 4 -6 -7 -8 8 9 10 12 -13 -14 14 -16 19 20 -19 -20 -21 -22 -23 -24 -25
leaf_value=-0.005867002585090794 -0.0028784614956080391 0.0040121592018516885 0.0080504859953908665 -0.0046589714794646768 0.0066961288145269554 0.0047921272748134205 -0.00014236379962829739 -7.8603220784017932e-05 0.0083463823195356387 0.0055711955289034585 0.00012670270720106149 -0.0035568498718584873 0.010328846612702058 0.0072731387689178272 -0.0027684391330880108 -0.0048034388440269735 0.00011609207410328567 0.0036294857452709569 -0.0029672968750698195 0.0013157309744766808 -0.00062885816241782186 0.013537547924857833 3.7988184982754344e-05 0.0017321016725494259
leaf_weight=30.122056536376476 404.40543170273304 70.45946080237627 11.85897260904312 107.78136229515076 13.493606247007845 62.42873615026474 525.79530438780785 82.553309515118599 24.032113999128342 19.490238092839718 13.089757673442362 37.867928944528103 55.052969634532928 16.188666924834251 32.850565828382969 52.361177496612072 14.702754840254782 20.468967147171497 25.875974468886852 41.117502391338348 16.435454718768597 18.470894083380699 101.827690936625 24.477915540337563
leaf_count=206 3316 456 94 948 109 407 3759 536 157 123 82 239 324 102 221 341 83 163 166 268 96 99 655 192
internal_value=-8.60187e-05 -0.000636926 -0.0022005 0.000215453 -0.00240031 0.000803615 0.000363585 0.00108442 0.00181854 0.00334063 0.00550239 0.00103777 0.00846681 0.00347616 0.000743693 0.000277373 0.00200511 -0.00254055 0.000792174 -0.00214195 0.0053083 0.00809545 -0.00139776 -0.00345712
internal_weight=1823.21 1241.17 436.733 804.436 145.753 658.684 596.255 582.039 450.089 224.448 113.509 110.939 68.1427 73.0713 49.0392 225.641 132.162 424.874 45.3662 93.4787 49.6091 33.1736 131.95 132.259
internal_count=13142 9444 3573 5871 1249 4622 4215 3698 2837 1414 695 719 406 480 323 1423 814 3479 289 609 278 182 861 1140
is_linear=0
shrinkage=0.01


Tree=173
num_leaves=25
num_cat=0
split_feature=3 114 73 29 256 149 284 114 29 145 149 315 160 184 276 120 114 300 244 244 181 146 155 272
split_gain=10.8654 11.1315 11.7357 12.2481 10.7153 10.0422 8.8204 11.9211 14.4362 10.8136 11.1969 11.2014 9.64252 8.8559 15.9382 11.3491 11.0851 12.4704 8.78704 11.9237 10.3606 10.3197 8.43422 8.95155
threshold=2.5471693845014545 0.78992007196464942 315.53479370826329 0.25541372348669961 149.50000000000003 0.26401991614255771 0.12337893123814787 0.72620955713536361 0.31373774509803926 0.0051151229722658301 0.092335018445142789 -0.096559334601391475 0.036477341849148422 -0.11963706109500513 4.4029218173361686 0.54515546181929897 0.48196944355420329 0.27430807530985807 0.011805555555555557 0.0068055555555555569 0.069235890607395281 0.23660018057949606 0.12156129263532443 0.032498160318212392
decision_type=2 10 2 2 2 10 8 8 2 10 10 2 10 8 2 10 10 2 2 2 2 10 8 2
left_child=6 5 -3 4 -4 -2 7 9 22 -1 11 13 -12 14 -11 -15 17 -17 19 21 -20 -18 23 -9
right_child=1 2 3 -5 -6 -7 -8 8 -10 10 12 -13 -14 15 -16 16 18 -19 20 -21 -22 -23 -24 -25
leaf_value=0.0083713803350356844 -0.0018871437506264375 -0.00062753727236037357 0.00092000831664060018 0.0036271449853122928 -0.0088433503260322097 0.0036585025001478946 -0.0025603467484710796 0.0048308135947906531 -0.0014474746429734382 0.0040103453865629043 -0.0041877937215419742 -0.0039932037336523531 0.000407339356044103 0.0076377430679713913 -0.0070629691726500059 -0.0072991411143002848 0.01002596750134052 0.0037575348645803729 0.00057550347540693549 -0.0029886798042262413 0.010704628828829965 7.3763375864833715e-05 -2.0421990483312905e-05 0.012566211283235098
leaf_weight=14.324671342968939 521.5695004016161 379.30845895409584 36.928041525185108 161.01867267489433 12.960305847227572 32.115839809179306 58.746640361845493 81.629861585795879 39.628034889698029 23.40675975382328 79.030096367001534 29.455016165971756 101.45004621148109 42.424839898943901 23.021568335592747 21.507411450147629 17.061413794755936 15.085257209837435 16.879095315933228 34.220229558646679 24.549180909991264 22.390531279146671 23.34213849902153 18.730638615787029
leaf_count=101 4053 2855 268 1128 92 239 424 511 258 144 611 189 711 240 150 142 112 95 106 213 155 128 150 110
internal_value=6.4674e-05 -0.00053138 0.000422175 0.00229802 -0.00193696 -0.00154663 0.00105688 0.00140678 0.00370768 0.000578488 0.000277555 0.00156207 -0.00163301 0.00228513 -0.00155051 0.00321678 0.00185615 -0.00277309 0.00336778 0.00118456 0.00690227 0.00478589 0.00536254 0.00659042
internal_weight=1830.78 1143.9 590.215 210.907 49.8883 553.685 686.883 628.137 163.331 464.806 450.481 270.001 180.48 240.546 46.4283 194.118 151.693 36.5927 115.1 73.6722 41.4283 39.4519 123.703 100.361
internal_count=13185 8635 4343 1488 360 4292 4550 4126 1029 3097 2996 1674 1322 1485 294 1191 951 237 714 453 261 240 771 621
is_linear=0
shrinkage=0.01


Tree=174
num_leaves=25
num_cat=0
split_feature=271 76 106 77 114 100 108 121 108 106 114 237 100 213 101 34 287 266 136 266 94 237 301 185
split_gain=13.2816 12.4392 11.2898 11.7814 11.9557 14.2546 11.2591 10.9984 16.5318 10.5211 11.4041 10.2201 13.8246 11.0068 10.1081 9.63922 11.8335 10.1992 9.46734 11.0074 9.46314 9.23387 9.95609 12.5599
threshold=0.067822972005887092 0.707009975630013 0.73049192520027495 3.3306078288263756 0.72620955713536361 0.74296912099549617 1.0111039690802206 -0.62494514080794816 0.081715075581360472 0.24627883232131662 0.68817831782585726 -0.20586597297393225 1.0507101935605185 -0.61491131286028899 -0.42247889415326312 0.21344783527446068 -0.017172678947428733 2.7828759398496246 0.31806755819087879 4.2804099462365599 0.70790151671688939 -0.092276355989559175 0.7790497255624228 0.83796653796653808
decision_type=2 8 10 10 10 8 10 10 10 8 8 2 8 2 8 2 2 2 2 2 10 2 2 10
left_child=1 -1 3 4 5 6 14 8 -4 -3 -11 13 20 -12 15 16 17 -2 19 -18 -13 -7 23 -23
right_child=2 9 7 -5 -6 21 -8 -9 -10 10 11 12 -14 -15 -16 -17 18 -19 -20 -21 -22 22 -24 -25
leaf_value=0.0034354324112886359 -0.0069075837530399422 0.0053151140638923499 -0.0042223170084014399 -0.0022671550754915903 0.0021804552186677445 -0.0025566725034489443 0.0093574476324370087 -0.00053962065266083704 0.0052946641960037091 -0.0050996234982283555 0.00033458820707658583 0.0013642530638937648 -0.0025055636903357709 -0.0059806915766162242 -0.0065760659098691556 0.0063148790483272847 0.0049498881836117876 0.00034765965682820001 -0.0023097319389513826 -0.00041547198770153698 0.009826781115251414 0.01080180773391645 -0.001777979812303061 -0.0021052859450938601
leaf_weight=45.695558436214924 30.307194828987122 16.564509190618992 18.737601779401302 167.35796170681715 313.55170020461082 252.63602985441685 13.484952785074709 75.111240394413471 136.02152898907661 101.91671106219292 43.609567485749722 83.819125525653362 95.315571390092373 69.69896487891674 14.669955372810362 30.557710967957973 100.23304829001427 45.429653815925121 40.427200347185135 59.608001746237278 13.273859046399592 16.437704302370552 35.637524969875813 10.887327477335928
leaf_count=314 199 134 134 1293 1986 1884 79 571 886 883 369 641 836 600 109 183 596 296 272 366 100 118 268 85
internal_value=7.114e-05 -0.00137278 0.00057219 0.000158181 0.000585766 -0.00018771 0.00124317 0.00257845 0.00408064 -0.00191251 -0.00224342 -0.00124979 0.000156933 -0.00359266 0.000820391 0.00123472 0.000610054 -0.00268752 0.00188224 0.00297051 0.00277772 -0.00170599 0.001655 0.00591164
internal_weight=1830.99 469.894 1361.1 1131.23 963.868 650.316 334.718 229.87 154.759 424.198 407.634 305.717 192.409 113.309 321.233 306.563 276.005 75.7368 200.268 159.841 97.093 315.599 62.9626 27.325
internal_count=13202 3877 9325 7734 6441 4455 2100 1591 1020 3563 3429 2546 1577 969 2021 1912 1729 495 1234 962 741 2355 471 203
is_linear=0
shrinkage=0.01


Tree=175
num_leaves=25
num_cat=0
split_feature=233 3 71 146 109 200 105 35 14 62 121 307 116 31 206 182 10 71 261 71 103 187 38 29
split_gain=9.73505 10.3975 14.032 11.9574 10.8382 12.918 9.64772 12.8805 12.6525 10.3185 10.1007 9.73343 12.1445 12.1359 10.7406 11.3793 9.28987 9.23749 11.5448 8.98304 9.50483 8.77691 8.67159 18.0256
threshold=0.87513213530655409 2.5471693845014545 1.2456346911122256 0.27205442176870759 1.4995743721814618 0.96225156342871043 1.4910714491559707 0.0066305669944458296 0.49163350504349185 90.500000000000014 -0.25643877825685213 -0.0038181799396602048 0.5378836790278011 0.0016273403776383042 145.50000000000003 70.500000000000014 1.0643586738396056 2.1315451451127223 -0.31519715575867052 1.5220518976495025 1.7512229283331431 0.016807909604519777 0.34769459366784777 0.27908831274804352
decision_type=2 2 8 10 10 2 10 2 2 2 10 2 10 2 2 2 2 8 10 10 10 8 2 2
left_child=1 4 3 -3 -1 -6 7 17 -8 10 -10 12 13 16 15 19 -9 -4 -19 -13 -21 22 23 -20
right_child=-2 2 6 -5 5 -7 8 11 9 -11 -12 14 -14 -15 -16 -17 -18 18 21 20 -22 -23 -24 -25
leaf_value=0.00095104461748176555 -0.0022049944423279105 -0.0049693982510517218 -0.0021840908322252523 0.0044982762297606652 -0.0012777399785069035 0.0097598956300423752 0.011256501192275017 0.005787108052051528 -0.0089597703294664894 0.0055080688034273564 0.0024625667145997399 -0.0037469746792226501 0.0074039352900164765 -0.0039484048506005917 -0.0031349967829143034 0.011444671621859186 -0.0024239569670102437 0.0075027397025820711 -0.002442001950089462 0.007095453894817548 -0.0011938622528073341 0.0043062836446904826 -0.0015121760437869663 0.01027045229052898
leaf_weight=543.99795108288527 170.51399901509285 92.975349798798561 305.7288671657443 13.120403401553629 15.041890166699885 27.918405011296272 14.009110443294047 29.569671496748924 11.846400737762451 24.485595874488354 14.185729384422302 13.205985851585863 15.960571855306624 67.590481378138065 16.431598044931889 19.964219823479652 21.601303562521935 17.496533259749413 22.836400270462036 44.063644111156464 18.306257627904415 34.608447790145874 256.75240200012922 17.335756316781044
leaf_count=3583 1314 736 2418 82 91 160 90 187 89 178 115 99 108 511 120 143 146 112 180 296 150 249 1900 129
internal_value=4.94704e-05 0.000285163 -0.00030003 -0.00370254 0.00135202 0.00603361 8.23923e-05 -0.00018876 0.00373369 0.00114043 -0.00307047 0.00174491 -6.9517e-05 -0.00123168 0.0038845 0.00515768 0.002357 -0.000923236 0.000187041 0.00312962 0.00470093 -0.000256475 -0.000827429 0.00333636
internal_weight=1829.55 1659.03 1072.07 106.096 586.958 42.9603 965.979 901.452 64.5268 50.5177 26.0321 246.694 134.722 118.761 111.972 95.5401 51.171 654.758 349.03 75.5759 62.3699 331.533 296.925 40.1722
internal_count=13186 11872 8038 818 3834 251 7220 6748 472 382 204 1760 952 844 808 688 333 4988 2570 545 446 2458 2209 309
is_linear=0
shrinkage=0.01


Tree=176
num_leaves=25
num_cat=0
split_feature=32 143 99 105 314 299 253 99 25 160 150 215 105 142 171 297 5 116 178 314 213 82 273 121
split_gain=11.8354 11.186 10.2283 11.1011 11.1652 8.7455 8.67861 9.07237 13.7951 10.3397 15.0917 12.6253 10.7543 14.67 10.6813 10.2419 9.92675 10.6825 9.7585 9.93371 9.95181 9.58994 8.76822 11.2872
threshold=0.0014316399604838677 0.17907926583299719 1.2242135538382042 1.3824999942590697 -0.0054914898493383666 -0.04535265071378252 211.50000000000003 0.42651121584415264 0.88306087140849099 0.064915910048653422 0.049926686217008805 -0.48029821685620383 0.70258762480934067 0.0016652800887409875 42.873205555555565 0.017448536155455562 -2.7896573550751058 0.04738131217307421 0.5746491395186385 -0.0043446800478197942 -0.13790123490948086 0.80291656719444415 3.7714818476522729 -0.58147130912899714
decision_type=2 10 10 10 2 2 2 10 2 8 8 2 10 2 10 2 2 8 2 2 2 10 8 8
left_child=1 2 3 6 -5 -2 7 9 16 10 -1 21 13 22 -12 18 -9 -18 -14 -20 -21 -11 -13 -24
right_child=5 -3 -4 4 -6 -7 -8 8 -10 11 14 12 15 -15 -16 -17 17 -19 19 20 -22 -23 23 -25
leaf_value=0.00072329947368752589 0.0018577495463213938 0.0060184668030910217 -0.0045097540193455923 0.010767502802509019 0.0018159024188562803 -0.0037900761868278733 0.0049697456721500581 0.0025157271936931619 0.0071198059698904118 0.0027220080589716957 -0.0027821723026538797 -0.0011346693185700662 -0.0053213163512274607 -0.0055841226556751708 0.0062713296600371083 0.0077584850888351032 -0.0064861353980911873 -0.0016122582054670016 0.0054829307221817567 -0.0017216263001835295 0.0057021329746230389 0.0096876884959697946 0.010991287901161259 -0.001443140967012486
leaf_weight=443.17881596833467 32.831137433648109 30.234991431236267 43.074026808142662 15.283150866627691 69.757597088813782 124.01729170233011 32.53915186226368 40.140279568731785 14.78844730556011 106.83213552087545 243.00382443517447 60.228863000869751 18.218577586114407 53.3409688398242 11.062950938940046 24.120634116232395 55.518688917160034 215.26455326378345 48.952954277396202 73.633641131222248 20.797101691365242 23.007850639522076 13.507430262863634 11.902531988918783
leaf_count=2706 316 155 378 99 478 1228 213 314 122 675 1811 437 127 417 86 150 501 1723 295 472 132 141 90 91
internal_value=1.08788e-05 0.00025994 0.000142807 0.000276871 0.00373216 -0.00258954 7.49703e-05 -4.14743e-05 -0.00150817 0.000375106 -0.000388755 0.00154418 0.000474197 -0.00160689 -0.00231904 0.00203762 -0.00198251 -0.0026722 0.00105831 0.00196345 2.17352e-05 0.00414492 0.000958692 0.00557152
internal_weight=1825.24 1668.39 1638.15 1595.08 85.0407 156.848 1510.04 1477.5 325.712 1151.79 697.246 454.543 324.703 138.98 254.067 185.723 310.924 270.783 161.602 143.384 94.4307 129.84 85.6388 25.41
internal_count=13157 11613 11458 11080 577 1544 10503 10290 2660 7630 4603 3027 2211 1035 1897 1176 2538 2224 1026 899 604 816 618 181
is_linear=0
shrinkage=0.01


Tree=177
num_leaves=25
num_cat=0
split_feature=21 171 105 235 152 176 4 319 189 309 148 66 97 52 294 36 27 262 219 118 36 109 254 252
split_gain=10.4812 14.1523 12.85 13.9856 12.0427 11.7624 12.8768 10.9524 9.23242 10.739 13.7278 8.94907 8.87296 9.13999 12.6038 8.83195 8.40173 8.3884 9.06416 8.39441 8.885 10.9322 14.5861 11.7403
threshold=0.23707008905035606 3.7646744378738588 1.0360819281542752 0.010849945063569301 0.12185120558375635 11.721009879432374 -359.61008248421024 -0.22348051039639824 -0.43377525795757982 0.014176849309028463 0.229275030319364 87.350582297928781 0.8468909599430231 66.500000000000014 -0.10185799675254285 0.0054377395089180115 0.67760090301073916 -0.99788036317089934 0.028235450438479939 154.50000000000003 0.02094606452367721 1.1685457581177501 99.500000000000014 82.500000000000014
decision_type=8 8 10 2 8 2 2 2 8 2 10 2 8 2 2 2 2 10 2 2 2 8 2 2
left_child=5 -2 -3 4 7 6 -1 -4 -8 10 -10 -6 13 14 -7 -15 -13 -17 19 20 -19 -22 23 -23
right_child=1 2 3 -5 11 12 8 -9 9 -11 -12 16 -14 15 -16 17 -18 18 -20 -21 21 22 -24 -25
leaf_value=-0.0036543858427112801 0.0082908205581470312 -0.0029025186089539777 -0.0063045332427852877 0.0071975655996241571 -0.0062347923971615114 0.0036845634339676358 0.0014756527267040986 0.0024807736833733032 0.012798627758098131 0.00076898694208754517 0.00109622009306813 -0.0041725057867366471 0.0053989133242131225 0.0064077140291768806 -0.0048578747929823593 0.0052515460028963743 0.0036427399271695029 -0.00096945335311610494 -0.0050886243930688083 -0.0051906498568895319 6.7603622739768182e-05 0.0029650427567989601 0.0066072891251057683 -0.0037292430904395635
leaf_weight=23.063069269061089 12.491321653127669 282.61939490586519 13.376661606132982 22.894220493733883 46.330288551747799 19.856157474219799 73.475728914141655 113.09639426320791 31.067345857620239 22.682856634259224 15.322092115879057 24.105289109051228 27.834613315761089 19.777432434260845 74.145954094827175 27.619173631072044 25.242450855672359 345.3182680234313 31.967775300145149 26.096227683126926 366.87978336215019 77.774213947355747 68.344845205545425 35.979892380535603
leaf_count=149 94 2464 98 160 403 137 496 797 202 161 106 197 180 142 556 169 208 2448 223 171 2488 488 407 234
internal_value=-2.46618e-05 -0.00119068 -0.00146022 0.00021335 -0.000583711 0.000465399 0.00292954 0.00142569 0.0040523 0.00661261 0.00924019 -0.00321464 9.41717e-05 -5.35397e-05 -0.00298787 0.000229036 -0.000174794 8.51545e-05 -7.87876e-05 0.000109244 0.000280969 0.00107028 0.00305288 0.000799738
internal_weight=1827.36 540.156 527.665 245.045 222.151 1287.21 165.611 126.473 142.548 69.0723 46.3894 95.678 1121.59 1093.76 94.0021 999.758 49.3477 979.98 952.361 920.393 894.297 548.979 182.099 113.754
internal_count=13178 4421 4327 1863 1703 8757 1114 895 965 469 308 808 7643 7463 693 6770 405 6628 6459 6236 6065 3617 1129 722
is_linear=0
shrinkage=0.01


Tree=178
num_leaves=25
num_cat=0
split_feature=271 109 83 83 282 3 109 192 71 36 239 165 161 128 10 123 83 278 149 117 232 178 61 161
split_gain=10.8791 8.81526 9.7673 12.7744 9.86673 8.51949 15.6807 12.7225 11.8026 16.6372 14.6943 10.353 10.172 14.1844 12.4963 9.71805 14.0332 8.93282 8.74519 9.23913 13.5622 10.0064 11.1243 8.41678
threshold=0.052674495872370851 2.2163455206291207 3.0738447926172645 3.5013525619451138 -0.038311614411897697 2.5184403364723793 1.5322344754976167 0.96103719037383317 1.8620673714001119 0.029888180909545231 0.78996002545266364 179.44409722222227 0.089023165746252617 0.9939954440762433 2.0999749604778279 0.64124283147438754 1.432647723045628 -0.0020060200722730594 0.20017730496453903 0.52109632555326413 1.2001113783006911 0.84458247066942727 193.72956981569948 0.054696047592997822
decision_type=2 10 10 10 10 2 10 10 10 2 10 2 10 8 2 10 10 8 10 8 2 2 2 10
left_child=-1 5 4 -4 -3 6 18 -8 11 12 -11 17 13 -10 -14 16 -13 -7 19 20 21 -2 -23 -12
right_child=1 2 3 -5 -6 8 7 -9 9 10 23 15 14 -15 -16 -17 -18 -19 -20 -21 -22 22 -24 -25
leaf_value=-0.0015498321929946015 -0.00039244029446387026 0.0013830669400118421 -0.0053027765419534209 0.0057851572275703176 0.011232507947800448 -0.0012630661351711191 6.8332635046820789e-05 0.012400024190573351 0.0013167905697681413 0.0007923435086947964 0.014391379808953346 -0.00056803244191575984 0.00619516453421908 -0.0026498050360284188 -0.00214322404199582 -0.0012463629230518546 0.010451048312668122 -0.0058731216581015544 -0.0037000239236842855 0.0030501544055286864 -0.0015156411071006856 0.0117637705252777 0.0026448868728836551 0.0034584898307762975
leaf_weight=309.19921088218689 60.470406703650951 19.646985299885273 19.303307011723518 16.731485925614834 21.208990961313248 93.686503395438194 13.803567357361315 19.198386661708355 170.73752316832542 38.635649397969246 16.400307551026348 27.692754834890366 47.5974957421422 184.75067088752985 25.887588031589985 162.91144277900457 16.478494867682457 77.643661484122276 36.593960173428059 171.35169857740402 190.09644055366516 16.027476146817207 56.737140215933323 15.282645732164381
leaf_count=2599 398 129 134 118 140 711 83 108 1171 247 104 184 320 1377 215 1265 97 620 282 1071 1267 93 346 98
internal_value=0.000150597 0.000499666 0.00373819 -8.19623e-05 0.00691698 0.000319269 0.00127504 0.00768447 -0.000296181 0.000710669 0.00511848 -0.0016227 -3.84494e-05 -0.000746532 0.00327401 -0.000104933 0.00390432 -0.00341977 0.000836256 0.00119306 0.000187798 0.00260655 0.00503332 0.00986548
internal_weight=1828.07 1518.87 76.8908 36.0348 40.856 1441.98 564.279 33.002 877.705 499.292 70.3186 378.413 428.973 355.488 73.4851 207.083 44.1712 171.33 531.277 494.683 323.331 133.235 72.7646 31.683
internal_count=13177 10578 521 252 269 10057 3648 191 6409 3532 449 2877 3083 2548 535 1546 281 1331 3457 3175 2104 837 439 202
is_linear=0
shrinkage=0.01


Tree=179
num_leaves=25
num_cat=0
split_feature=153 109 194 65 106 263 209 323 19 210 194 185 65 259 280 121 62 106 158 114 235 208 114 197
split_gain=12.0035 15.15 11.5525 10.3119 9.8873 10.029 9.79373 10.9795 15.8895 12.165 13.1518 17.8607 10.3534 13.7972 19.3217 10.3404 10.1037 8.53877 10.7323 8.51587 13.0377 8.45102 8.44028 8.15913
threshold=0.049443833272216117 1.9109651622609172 0.14232409381663116 2.7487325202582356 0.607821316257386 0.74587800597927589 0.7563382541720155 129.50000000000003 0.099145183721337501 0.073968855218855226 0.082413583990297162 0.68976429506765624 1.1999052292424699 -0.61083211164238105 0.056747172704442225 -0.81779174186967485 41.500000000000007 0.69161455562449514 0.27794408980849666 0.72620955713536361 0.0045274491014281847 1.8340962159488405 0.91368398041902088 -0.32954952144953481
decision_type=10 10 10 8 8 8 2 2 10 2 8 10 10 10 2 10 2 10 10 10 2 2 10 8
left_child=1 3 4 6 5 -3 7 8 15 19 11 -11 -12 -14 -15 -1 -8 -5 -19 -9 -21 22 -18 -6
right_child=-2 2 -4 17 23 -7 16 9 -10 10 12 -13 13 14 -16 -17 21 18 -20 20 -22 -23 -24 -25
leaf_value=0.0042033713527255771 -0.0034024528235141781 0.011510282237363053 0.011196238522678727 -0.002061163039214187 0.0028494502906129633 0.00035098989962862491 -0.003147337131100581 -0.0017726905629486679 0.012816899452924047 0.0012126214120088458 0.0074747943068176996 0.015869967517058194 -0.0040213125061805384 -0.0052117106410086754 0.0066317192140755623 -0.0051524274349369148 0.00047093969552166389 0.0024983950657734306 -0.0041122611932384 -0.00065437530994099497 0.00693661883949545 -0.0027909648744413422 0.0070525722005873228 -0.0022077985378626645
leaf_weight=53.587791346013546 92.216038674116135 17.197512671351433 13.167715713381765 357.69653509557247 78.015795178711414 14.09380202740431 107.07690726220608 174.47730991244316 16.387611076235771 17.717789754271511 20.505061291158199 14.036647506058214 43.827565670013428 17.163487821817398 42.971417009830475 12.283927649259565 367.40051992982626 99.207020051777363 29.522274374961853 66.620179809629917 30.94491421431303 74.553735807538033 17.81874617934227 49.888959340751171
leaf_count=336 824 112 83 2796 528 100 831 1204 114 116 119 88 282 113 279 90 2510 772 256 436 189 558 108 345
internal_value=5.71684e-05 0.000246764 0.00303542 -6.49058e-05 0.00216974 0.00696116 0.000480053 0.00148131 0.00476741 0.000820529 0.00301876 0.00849196 0.00145617 9.2407e-05 0.00315276 0.0023031 -0.000422825 -0.00126977 0.000918605 -0.000456292 0.00187134 0.000224933 0.000827378 0.000864044
internal_weight=1828.38 1736.16 172.364 1563.8 159.196 31.2913 1077.37 510.524 82.2593 428.264 156.222 31.7544 124.468 103.962 60.1349 65.8717 566.85 486.426 128.729 272.042 97.5651 459.773 385.219 127.905
internal_count=13189 12365 1168 11197 1085 212 7373 3366 540 2826 997 204 793 674 392 426 4007 3824 1028 1829 625 3176 2618 873
is_linear=0
shrinkage=0.01


Tree=180
num_leaves=25
num_cat=0
split_feature=153 96 144 209 297 209 232 35 188 22 123 304 309 71 147 140 156 122 280 253 165 35 189 53
split_gain=9.59761 11.8365 9.758 9.35469 12.7944 12.7003 10.8456 9.7926 11.1645 9.79152 13.5388 12.3065 11.7592 10.2657 10.0645 11.2317 9.59424 9.36205 12.6645 9.19479 8.87488 9.00819 8.84957 13.7257
threshold=0.049443833272216117 -0.045498286392428436 0.0061539044156631072 0.76013698630136994 0.015624016665511132 0.7024941497082261 0.8741378299646545 0.0058041115849225052 0.22068372803666922 0.82417387768974704 1.5570185258375355 -0.0042577309457179626 0.012098015473196945 0.939876329578199 0.21612376412429382 0.010328800443805923 0.075793479821915852 0.71689744197132632 0.12507309941506531 189.50000000000003 179.70700810185187 0.0056683999421646503 -0.38333975581613877 37.500000000000007
decision_type=10 8 10 2 2 2 2 2 8 10 8 2 2 10 10 2 10 10 2 2 2 2 10 2
left_child=1 2 -1 4 6 7 -4 8 -6 10 11 13 20 -5 -15 -16 17 18 -8 -18 -13 -22 -7 -24
right_child=-2 -3 3 9 5 22 16 -9 -10 -11 -12 12 -14 14 15 -17 19 -19 -20 -21 21 -23 23 -25
leaf_value=-0.0020045286626296384 -0.0031494570359959736 0.002764828374772555 0.0061747040821569571 -0.0059421220963062609 -0.0015042027088986649 0.0025485698032914851 0.0067287215335813319 -0.002420264111510612 0.0070290976099341585 0.0044276488492308126 -0.0035839736644816041 0.00067524508287088061 -0.00080666092594061862 -0.0031515035129989605 -0.00062507351192952619 0.0094443284552424532 -0.0011227821576572825 -0.0034720534432896985 -0.0036429470399083814 0.0062899939289674106 0.0080158939806095203 0.00054344302843151117 0.01397235358209213 0.0014930586987857489
leaf_weight=234.82273638993502 91.761201255023479 151.50921017676592 25.72530160844326 51.448411680757999 24.263632193207741 37.461945481598377 51.894202373921871 45.698961578309536 34.567133389413357 33.04991389811039 145.52172480523586 82.536480806767941 172.38950247317553 60.762186601758003 30.319713428616524 14.185967728495596 385.34723631292582 15.943426892161368 12.896362133324144 14.650837913155554 45.675906211137772 25.276739411056042 23.239803351461887 14.735881492495535
leaf_count=1812 822 1094 159 349 169 252 337 301 232 232 1254 568 1173 439 200 95 2660 134 90 93 303 161 154 91
internal_value=-4.7315e-05 0.000121155 -0.000135829 0.000192582 0.00100885 0.003277 0.000187104 0.000956248 0.00358613 -0.000654036 -0.000941751 -0.000126624 0.000978013 -0.00240648 -0.000558408 0.0029372 -0.000165607 0.00291628 0.00458304 -0.000806328 0.00296715 0.00549093 0.00632845 0.0095956
internal_weight=1825.68 1733.92 1582.41 1347.59 686.425 179.967 506.457 104.53 58.8308 661.167 628.117 482.595 325.879 156.716 105.268 44.5057 480.732 80.734 64.7906 399.998 153.489 70.9526 75.4376 37.9757
internal_count=13174 12352 11258 9446 4672 1199 3473 702 401 4774 4542 3288 2205 1083 734 295 3314 561 427 2753 1032 464 497 245
is_linear=0
shrinkage=0.01


Tree=181
num_leaves=25
num_cat=0
split_feature=5 5 201 76 70 183 85 70 120 287 315 162 319 106 76 87 293 38 100 89 221 70 177 192
split_gain=11.8266 16.2392 10.5439 10.4666 10.2184 9.29398 8.51592 7.78026 8.3626 14.2698 11.8363 11.6135 9.66373 12.7558 10.2743 9.43209 8.61113 10.3188 8.56901 11.5187 15.3601 11.5733 9.25833 10.195
threshold=-2.8935132521978844 -2.8712440139818409 0.4839989759344599 1.068299876964433 0.77475936064444073 0.87581847944458635 181.26176811803586 0.86364657274290024 0.62097112523439313 0.018395734440993766 -0.1054916123311533 1.0000000180025095e-35 -0.14636907919666539 0.54586151302237174 0.75578360053243021 1.7737222370613359 -0.0035056994500261159 0.26542530048403773 0.90256682948562361 3.413209836300132 -0.25851130486902896 0.6289390324654176 7.2570134822450294 1.2141276387026008
decision_type=2 2 2 8 10 8 2 10 8 2 2 10 2 10 10 10 2 2 10 8 2 10 10 10
left_child=6 -2 -3 5 -5 7 -1 8 9 11 15 -4 -10 14 -14 -11 -16 -18 19 20 21 -15 23 -20
right_child=1 2 3 4 -6 -7 -8 -9 12 10 -12 -13 13 18 16 -17 17 -19 22 -21 -22 -23 -24 -25
leaf_value=-0.0027130509349521672 0.0028282148163235139 0.0039195480597842029 -0.0019202912463001833 -0.0048614392030809604 -0.0006763790845059881 0.0071367322430093607 0.0036425022506825044 0.004377425613580105 -0.0021376079870263913 0.01034303879299482 -0.002325145538440872 0.0058484852381920117 0.0010926461719989696 0.0034811309334730352 -0.0059283905909832948 0.00058433286258536415 0.0058615245179757108 -0.0022362477717229644 -0.0028542555710371099 2.0671440530387531e-05 0.00062994207661173907 0.013947118352204208 -0.0022713091400251798 0.007712025863256017
leaf_weight=217.63468345999718 209.85112969577312 58.251320421695709 92.188535325229168 86.763579159975052 172.52465521544218 15.673628374934195 20.725215323269367 36.046788886189461 272.10813914984465 34.655537761747837 13.593361102044581 21.278111211955547 118.92544923722744 22.055696494877338 53.364652320742607 14.248256884515284 15.210054017603396 121.54173155874014 12.589112766087053 57.825434751808643 34.263626843690872 24.013704098761082 72.951610423624516 21.317093953490257
leaf_count=1977 1144 407 591 757 1358 121 174 229 1943 198 90 126 764 156 400 93 115 912 90 417 235 145 549 152
internal_value=-5.66551e-05 0.000256963 -0.000140789 -0.000329746 -0.00211815 0.000113826 -0.00211986 -1.04132e-05 -0.000181176 0.00177943 0.00550367 -0.000347494 -0.000604648 0.000153465 -0.00119114 0.00770749 -0.00262002 -0.0012274 0.00184772 0.00346714 0.00585041 0.00945035 -0.000272416 0.00384398
internal_weight=1819.6 1581.24 1371.39 1313.14 259.288 1053.85 238.36 1038.18 1002.13 175.964 62.4972 113.467 826.166 554.058 309.042 48.9038 190.116 136.752 245.016 138.158 80.333 46.0694 106.858 33.9062
internal_count=13143 10992 9848 9441 2115 7326 2151 7205 6976 1098 381 717 5878 3935 2191 291 1427 1027 1744 953 536 301 791 242
is_linear=0
shrinkage=0.01


Tree=182
num_leaves=25
num_cat=0
split_feature=123 116 82 105 76 122 71 137 99 116 99 131 97 246 132 313 186 58 43 305 119 118 246 239
split_gain=9.47305 11.5332 12.2412 10.792 14.8458 12.4028 10.6474 10.1376 16.7052 10.2317 10.0393 10.1325 9.77947 10.2095 9.47425 11.0317 10.2927 12.3643 11.294 9.17058 9.05727 9.58878 9.37268 9.04702
threshold=1.3125116102006729 -0.16481085231936971 0.62864348710507134 0.95325439068398365 1.2093069039219426 0.62680524993752162 1.8389733079629436 0.22420726744649958 0.017080608603624294 0.011606271233652427 -0.48221118374138638 1.804052230354825 0.63272898415041723 0.71434503279970685 0.018884134085456788 -0.06235710101046759 0.18544973544973548 0.93313267683802081 83.500000000000014 0.36717363028138739 0.13462108565626096 81.500000000000014 0.64426736981899768 0.76781123940148099
decision_type=10 10 10 10 10 10 10 2 10 10 10 10 10 10 2 2 8 10 2 2 8 2 10 10
left_child=1 10 12 6 5 -5 -2 8 23 -10 11 -1 13 20 16 -16 17 18 -8 -7 22 -22 -3 -4
right_child=3 2 7 4 -6 19 14 -9 9 -11 -12 -13 -14 -15 15 -17 -18 -19 -20 -21 21 -23 -24 -25
leaf_value=0.0016256209266711605 -0.0033878015780239722 0.001640324492746259 0.0020897206622489954 0.0045733628000867157 -0.0029958410719405182 -0.0042551939197075471 0.0066766304848641612 0.012604290061283569 0.0038928337547277994 -0.0069890588278075337 -0.001602693119858058 -0.0037514222851643578 0.0084717601157764354 -0.002131556837796267 0.0087044839142314655 0.00029391152586597289 0.0058010842957332224 -0.0049269072078094289 -0.0012997950675889714 0.0013316113335610216 -0.0029435699769584118 0.005818897700649384 0.0082038849206880725 0.011216793799289962
leaf_weight=297.96120743453503 205.33027830719948 68.176001980900764 21.787019282579422 97.495963230729103 82.539749853312969 34.639460049569607 17.872349925339222 13.489043109118937 13.202529765665533 16.211914025247097 259.72557007521391 36.862713679671288 13.787707611918448 89.398139603435993 18.166527718305588 62.43186154961586 15.318380452692507 86.887458510696888 121.12732776254416 132.99317838251591 50.023402512073517 13.520535677671431 30.944873414933681 23.399771943688393
leaf_count=1866 1820 419 127 594 678 274 145 84 87 106 1838 252 85 561 129 502 120 751 932 1031 365 84 184 131
internal_value=2.37654e-05 0.000715512 0.00213707 -0.000724987 0.000637565 0.00179225 -0.00162416 0.00531099 0.00356527 -0.00216076 -0.000135199 0.00100406 0.00103659 0.00053606 -0.00047594 0.00243351 -0.00146928 -0.00203265 -0.000153911 0.000119567 0.00201967 -0.000894717 0.00387079 0.00722103
internal_weight=1823.29 948.49 353.941 874.803 347.668 265.129 527.134 88.0903 74.6012 29.4144 594.549 334.824 265.851 252.063 321.804 80.5984 241.206 225.887 139 167.633 162.665 63.5439 99.1209 45.1868
internal_count=13165 6189 2233 6976 2577 1899 4399 535 451 193 3956 2118 1698 1613 2579 631 1948 1828 1077 1305 1052 449 603 258
is_linear=0
shrinkage=0.01


Tree=183
num_leaves=25
num_cat=0
split_feature=122 107 142 208 76 114 76 29 88 29 208 254 185 11 64 186 307 16 268 160 140 230 91 88
split_gain=11.8216 15.5661 11.9331 11.5654 13.2217 10.2591 16.7277 11.6738 11.342 14.0418 12.6455 9.98961 9.80295 9.68907 10.9841 9.67745 10.4593 11.6349 10.8185 10.6624 9.51834 8.74235 8.68216 8.56713
threshold=0.62680524993752162 0.25521975655414714 0.0063512232508420577 1.8805227600925309 1.0133567153271976 0.72620955713536361 0.76679084420215182 0.34741021888909218 0.92724669937972959 0.27277337267195284 0.92290211786879039 136.50000000000003 0.82070417145044028 0.32419108099127647 0.91254359163690923 0.099194939620471559 0.0087722818427634942 0.62812600224381521 0.52391898640748635 0.01152747325759086 0.037288369525211633 494.50000000000006 55.638143386018946 0.41092051961702597
decision_type=10 10 2 2 8 8 10 2 8 2 2 2 10 10 10 8 2 2 2 10 2 2 2 10
left_child=1 2 5 -3 20 6 21 8 9 10 -7 -10 -2 -12 -15 -8 18 19 -17 -18 -5 22 -1 -11
right_child=12 3 -4 4 -6 7 15 -9 11 23 13 -13 -14 14 -16 16 17 -19 -20 -21 -22 -23 -24 -25
leaf_value=0.00094012289316112877 -0.00041075067733816958 0.0010621082617027421 -0.0038398410429105333 0.0017229072852292832 0.0011539980800869005 0.013863585594742125 -0.0034616796476982774 -0.0027526429248820169 7.2132576121309538e-06 -0.004614574077205732 0.0080569515243817339 0.0064353353074821235 -0.00371191719137771 0.0058946918299885385 -0.0058241881895389862 -0.00020476280592197693 -0.0020885611727151031 -0.0060212803601960045 0.0094696086961985251 0.0081711515478571379 0.011785947328754104 0.0059811822412016973 -0.0057862850410508784 0.0031429127338808856
leaf_weight=308.88570509105921 316.49526505917311 138.40136561542749 71.125809364020824 14.454194836318491 38.334209986031055 19.044083282351494 197.18178425729275 52.556409083306789 201.86867170780897 17.657462596893311 29.901063591241837 24.674815490841866 123.80705048888922 12.855702698230745 13.464359126985071 26.88243030756712 25.858814634382725 35.778232991695404 17.030301347374916 12.904022455215452 33.80114358663559 29.639741718769073 17.600787170231342 43.790510319173336
leaf_count=1946 2618 887 561 85 257 109 1558 370 1381 114 177 152 1109 80 98 198 188 289 124 92 196 179 118 270
internal_value=6.21799e-05 0.000517035 4.61987e-05 0.00290659 0.00571608 0.000310607 -0.00045227 0.00154018 0.00218057 0.0044265 0.00724361 0.000782779 -0.00135912 0.00442519 -4.89677e-05 -0.00211999 0.000133869 -0.00211709 0.00387293 0.00162727 0.00905482 0.0010281 0.000527657 0.00079264
internal_weight=1823.99 1383.69 1158.7 224.991 86.5895 1087.57 671.762 415.813 363.257 136.713 75.2652 226.543 440.302 56.2211 26.3201 315.636 118.454 74.5411 43.9127 38.7628 48.2553 356.126 326.486 61.448
internal_count=13156 9429 8004 1425 538 7443 4692 2751 2381 848 464 1533 3727 355 178 2449 891 569 322 280 281 2243 2064 384
is_linear=0
shrinkage=0.01


Tree=184
num_leaves=25
num_cat=0
split_feature=153 81 116 58 193 231 151 144 20 115 141 310 183 270 118 193 79 81 116 25 34 300 15 107
split_gain=10.2764 12.5003 10.6347 10.4086 10.0638 10.7279 9.41895 8.90398 8.48816 8.36806 14.8426 13.851 11.4955 10.4093 9.38182 11.3291 10.555 13.9594 13.7731 11.8143 11.401 15.1306 9.95318 9.52139
threshold=0.01564247762863535 1.3887417712346466 0.37942754127063949 0.90944577424459438 0.82376470588235307 0.23337229384804559 0.099627528230169529 0.0059084323890314363 0.92375180086261122 -0.51655126540875618 0.0076394238625487323 -0.28404327500039783 -0.35664401151542602 0.097585268681372087 154.50000000000003 0.76011695906432764 82.795235970020755 -0.11406978961354282 -0.18656697569531164 -0.39678979222782429 0.18352972962254241 0.30168187068235403 -0.72640936038834603 -0.1953427257427339
decision_type=10 10 8 10 8 2 10 8 10 10 2 2 8 2 2 8 2 10 10 2 2 2 2 10
left_child=1 7 -2 -3 5 -4 -7 8 -1 14 -11 12 -12 -13 15 16 17 -9 19 20 21 23 -20 -18
right_child=2 3 4 -5 -6 6 -8 9 -10 10 11 13 -14 -15 -16 -17 18 -19 22 -21 -22 -23 -24 -25
leaf_value=-0.0020287279835858223 -0.0033444702497389244 -0.0010456846857345551 0.0093772177892602511 0.0087525587872317873 -0.0042646587544517261 -0.0058312210701848208 0.0020801108328809968 -0.00042245756062740767 0.0052898204999688673 0.0086867519452767748 -0.001160180600594527 -0.0062068593915243974 0.010514284708842752 0.0039491579904054703 -0.005123139726459394 -0.00045632502467952946 -0.0016666313983068094 0.0084395223299848551 0.0030886281025422338 -0.0063070457564097238 -0.0022232883839161401 0.009302178554307353 -0.0036512601733431306 0.0069334615261062438
leaf_weight=210.96230240911245 153.54614321142435 15.220344617962835 13.664300434291361 29.476419791579247 31.497411407530308 15.731627851724623 76.39183471351862 28.080031767487526 14.347828961908816 32.046924859285355 13.768421962857245 28.417107604444027 16.555513292551044 12.463310442864893 27.119500502943993 561.3476699963212 56.210482843220234 43.482267811894417 247.42024312913418 30.751814126968384 97.550212316215038 22.084909938275814 21.509572096168995 13.615358278155325
leaf_count=1593 1394 101 106 187 269 120 611 179 98 206 97 209 116 80 177 3971 394 260 1633 230 651 153 163 87
internal_value=0.000152266 0.000482358 -0.0015602 0.00553164 0.000455541 0.00194501 0.000584472 0.000318632 -0.0014982 0.000648933 0.00333814 0.000676355 0.00553772 -0.00303205 0.000398801 0.000545761 0.00154803 0.00506525 0.00100513 -0.000840722 0.000121329 0.00261252 0.00251331 0.000201869
internal_weight=1813.26 1522.43 290.831 44.6968 137.285 105.788 92.1235 1477.73 225.31 1252.42 103.251 71.2044 30.3239 40.8804 1149.17 1122.05 560.705 71.5623 489.143 220.213 189.461 91.9108 268.93 69.8258
internal_count=13085 10585 2500 288 1106 837 731 10297 1691 8606 708 502 213 289 7898 7721 3750 439 3311 1515 1285 634 1796 481
is_linear=0
shrinkage=0.01


Tree=185
num_leaves=25
num_cat=0
split_feature=73 299 155 151 11 65 124 208 105 93 257 142 169 274 289 70 217 50 213 24 76 246 301 196
split_gain=10.8242 11.4995 10.2432 11.2958 10.1791 10.1742 10.9248 9.66828 14.1835 17.6765 10.8903 9.74568 9.30519 9.08102 8.98224 10.2283 8.4536 10.6601 11.4163 10.9571 9.96659 14.2694 12.7298 9.38185
threshold=315.53479370826329 -0.05604583296183379 0.0019920397773042389 0.090034642032332579 0.41228268097248599 2.7026611383887675 27.500000000000004 1.2294057175470108 0.4269124416497973 -0.54854893623663348 85.500000000000014 0.0026075663620539606 33.500000000000007 5.8080480757837725 0.053236358458797102 0.67142024536667255 0.78208709353960759 26.500000000000004 -0.22130732050620008 -0.36043582062853197 0.69607573271969081 0.70470297550666305 0.77714061128017831 0.25872210953346864
decision_type=2 2 10 10 10 8 2 2 8 10 2 2 2 2 2 8 2 2 2 2 10 10 2 10
left_child=5 4 3 -3 -2 16 14 10 -9 -10 -4 13 -6 -12 15 -7 17 18 19 20 22 -22 -1 -23
right_child=1 2 7 -5 12 6 -8 8 9 -11 11 -13 -14 -15 -16 -17 -18 -19 -20 -21 21 23 -24 -25
leaf_value=0.00077612870655023331 0.0084653958501968492 0.0086026646361884191 0.0095824864188272171 -0.0011075754053376423 -0.005802022067577314 -0.0059514674208008831 0.006890424361496973 -0.0044494546075459704 0.01049392197246295 -0.00024763156712369208 0.00048535572302317939 -0.0063488149127421999 0.005083300350367183 0.0081506351312445307 0.00046900753685728895 -0.0016743966251612685 -0.00079248478884919114 -0.0039036812972993236 0.0037804929242155421 -0.0024329804240716259 -0.003026567263194373 0.0061114341901005696 0.01141827552245623 0.00020895251343899861
leaf_weight=24.872569315135479 37.331972874701023 29.400555580854416 16.570096641778946 17.860372506082058 10.989726819097998 71.660232275724411 12.152674444019793 72.664114601910114 13.836301550269125 185.29140622913837 58.097315728664398 11.632923893630503 15.314627327024935 18.584455713629723 123.71350811421871 245.69129993766546 386.40533857047558 35.496771186590195 154.30506762117147 89.615349158644676 65.962887465953827 44.980251766741276 18.72775960713625 62.970305651426315
leaf_count=146 241 192 108 136 86 593 78 566 83 1341 380 87 115 128 996 1965 2750 216 1027 646 460 307 104 410
internal_value=0.000152738 0.00142398 0.000808873 0.00505815 0.00529689 -0.000312291 -0.0015258 0.000239194 -0.000755691 0.000630825 0.0027786 0.00123212 0.000378605 0.00258058 -0.00180258 -0.00268757 0.000312086 0.00117263 0.0015868 0.000456864 0.00166808 0.000553122 0.00578782 0.00277112
internal_weight=1824.13 487.574 423.938 47.2609 63.6363 1336.55 453.218 376.677 271.792 199.128 104.885 88.3147 26.3044 76.6818 441.065 317.352 883.336 496.931 461.434 307.129 217.514 173.913 43.6003 107.951
internal_count=13161 3463 3021 328 442 9698 3632 2693 1990 1424 703 595 201 508 3554 2558 6066 3316 3100 2073 1427 1177 250 717
is_linear=0
shrinkage=0.01


Tree=186
num_leaves=25
num_cat=0
split_feature=271 286 149 262 39 148 234 113 63 89 23 209 233 313 271 94 71 3 279 71 323 307 323 162
split_gain=10.0425 11.5498 11.3685 8.45593 9.22785 10.337 10.1548 11.0557 12.9301 16.8 12.7576 10.873 11.2608 10.2852 10.0472 11.1468 9.19016 13.2988 12.7336 10.7537 10.6527 12.3667 10.5214 11.0527
threshold=0.052674495872370851 0.57278480941076615 0.1967542300348937 -0.99788036317089934 0.079655293964861526 0.029133423866915639 0.092241966108981485 -0.3029927347282978 -0.16936839764127928 2.2673776922265105 -0.47772379312298469 0.86692708333333346 0.77231747565000408 0.062192093332178247 0.11512896874504785 0.37905463998279049 3.0537523790089782 2.5471693845014545 0.037299230449915351 1.0298751579809631 351.50000000000006 -0.023553842211347497 486.50000000000006 0.00404176536252008
decision_type=2 2 8 8 2 10 2 8 10 10 10 2 2 2 2 10 10 2 8 10 2 2 2 10
left_child=1 2 -1 -2 5 -5 7 10 9 -9 13 12 -8 -7 -6 -16 17 18 -10 -19 -21 -22 -23 -24
right_child=3 -3 -4 4 14 6 11 8 16 -11 -12 -13 -14 -15 15 -17 -18 19 -20 20 21 22 23 -25
leaf_value=-0.00095665629980351487 0.0057611242982712231 -0.0023054809813432527 0.010448717435596385 0.0086845161606584308 -0.0043542663549403782 -0.00065196377694906095 0.0017790369351712092 0.001003387162451345 0.0046942659315996581 0.012018486748279732 -0.0040909417564843646 -0.0025886711806606694 0.012893316231660026 0.0065776375841399438 -0.0046295627980779607 0.00032624783315118562 0.0042890561012027669 -0.0088729167430146721 -0.0012539392995289864 -0.0019409784013952067 -0.0048170026089491462 0.004616434453825635 -0.0051874142141529658 0.0020002974482954475
leaf_weight=19.822474233806137 25.407994970679283 275.15380417555571 12.031992606818674 13.467024482786654 69.055079512298107 117.29248413443565 19.202608250081539 34.989268712699413 104.14067137986422 20.981015764176846 100.91925331950188 12.521202147006987 17.096054390072823 20.685206368565559 49.028119839727879 359.39889430254698 59.162209138274193 12.570138327777384 52.370708763599396 210.2548650354147 26.649391107261181 87.265127718448639 27.508376330137253 69.61901593953371
leaf_count=166 150 2335 93 79 594 790 131 203 677 126 717 97 123 136 312 2366 391 102 361 1602 200 642 218 498
internal_value=2.66034e-06 -0.00163691 0.00382496 0.000339219 0.000234894 0.000777885 0.000645207 0.000406612 0.00103653 0.00553073 -0.0014398 0.00496506 0.0075953 0.000535517 -0.000905644 -0.000294063 0.000625326 0.000237699 0.00271071 -0.000663918 -0.000358825 0.00121755 0.00215494 -0.000114847
internal_weight=1816.59 307.008 31.8545 1509.58 1484.18 1006.69 993.228 944.408 705.511 55.9703 238.897 48.8199 36.2987 137.978 477.482 408.427 649.541 590.378 156.511 433.867 421.297 211.042 184.393 97.1274
internal_count=13109 2594 259 10515 10365 7093 7014 6663 5020 329 1643 351 254 926 3272 2678 4691 4300 1038 3262 3160 1558 1358 716
is_linear=0
shrinkage=0.01


Tree=187
num_leaves=25
num_cat=0
split_feature=271 270 96 227 105 5 308 3 308 247 189 310 254 125 172 151 105 258 113 234 105 308 310 136
split_gain=10.8055 9.01013 9.84161 9.80021 13.9673 12.3553 11.0482 9.8107 10.3497 9.71828 11.3013 9.38421 9.29563 8.91627 8.81605 8.78988 13.9669 10.535 15.4771 10.1109 11.6034 9.73029 10.9562 9.12511
threshold=0.1356211670607653 0.08922119374401534 0.22052780443661013 0.0046765422018749921 0.58164540142383669 -2.1833469155505028 0.0048653058842623763 2.069898939409752 -0.0014693435211033518 2.0489474544396304 -0.41923737094771085 -0.25042220652182018 223.50000000000003 0.23074821556410621 6.1743750000000004 0.088094314213325434 0.87052827010023404 -0.53523849766292175 -0.24422786098591684 0.078444409678765134 0.94044813610939582 -0.001290196730216417 -0.48427390639341733 0.14917770995119065
decision_type=2 2 10 2 10 2 2 2 2 2 8 2 2 10 10 10 8 2 10 2 10 2 2 2
left_child=1 2 3 6 7 9 12 13 -9 10 -6 -7 15 -5 -13 16 17 18 -1 20 -17 -20 -23 -22
right_child=-2 -3 -4 4 5 11 -8 8 -10 -11 -12 14 -14 -15 -16 19 -18 -19 21 -21 23 22 -24 -25
leaf_value=-0.0022234239636710648 0.0013613169696190231 -0.0029998072094557637 0.0064079733506634045 6.2939428909310183e-05 0.0043110793336458174 -0.0041473610272046556 0.0061480324616485565 0.0055244035451018202 -0.0019639423045413979 0.0022035980909558411 0.016121381750664798 0.0086144281217538279 0.0047502234037782674 0.0080250845164441757 -0.002309039639056625 -0.0062480909570304787 0.0021360442770462103 -0.0031620585934887778 -0.00081854395437756561 0.0046739094128017593 -0.005033981051095919 0 0.0085944718202803569 0.0006414707204714684
leaf_weight=137.13797526806593 475.14072448760271 117.50641050934792 19.744595855474472 34.079374626278877 21.206318400800228 24.109170742332935 19.110806867480278 17.656257420778275 185.97987871617079 31.44443815946579 14.670049548149107 14.446587152779104 24.014604106545448 21.477527298033237 11.006108097732065 86.020243398845196 140.15957009792328 196.27948122471571 41.721085794270039 13.770689770579336 41.304730407893658 23.992050834000111 36.352122887969017 76.888653554022312
leaf_count=997 2938 952 157 230 148 179 141 131 1446 236 95 100 165 137 83 798 953 1501 293 117 351 169 238 629
internal_value=6.84751e-05 -0.000387678 -0.00013151 -0.000253526 0.00108096 0.00390649 -0.00085614 -0.000217879 -0.00124271 0.00660666 0.00999491 6.02091e-05 -0.0010418 0.00339892 0.00409765 -0.00123464 -0.000578585 -0.00146277 -4.34913e-05 -0.00293283 -0.00350774 0.0028568 0.00533643 -0.00140516
internal_weight=1825.22 1350.08 1232.57 1212.83 376.076 116.883 836.752 259.193 203.636 67.3208 35.8764 49.5619 817.641 55.5569 25.4527 793.627 575.642 435.483 239.203 217.984 204.214 102.065 60.3442 118.193
internal_count=13184 10246 9294 9137 2785 841 6352 1944 1577 479 243 362 6211 367 183 6046 4151 3198 1697 1895 1778 700 407 980
is_linear=0
shrinkage=0.01


Tree=188
num_leaves=25
num_cat=0
split_feature=153 105 151 99 294 240 121 271 82 170 156 51 292 136 16 33 253 53 271 304 157 165 3 65
split_gain=12.5657 13.9028 17.3346 11.1916 10.0451 10.3147 11.5897 9.57037 8.87306 8.51601 12.3016 11.3677 9.9529 8.4924 13.0939 8.80291 7.85905 9.05255 8.39688 8.43246 8.45113 8.80857 12.0136 8.79432
threshold=0.050059665871121727 0.98768677836844943 0.083200212992545278 0.88496945625909362 -0.1333807416772019 0.59115194008998528 -1.2046178331393291 0.10547321059522384 0.78568021794202847 1.8632779504534105 0.0099875311720698263 85.500000000000014 -0.02241479350552384 0.17274237390516464 2.1301321958404729 0.028649564231136584 153.50000000000003 92.500000000000014 0.1356211670607653 -0.059490090335055416 0.47975489422857848 179.21388310185188 2.1290832942394426 2.8431174836186961
decision_type=10 10 10 10 2 2 8 2 10 10 10 2 2 2 2 2 2 2 2 2 10 2 2 10
left_child=1 2 4 8 5 6 -1 -7 -4 11 -11 12 -3 14 -12 -15 17 18 -6 -20 21 -21 -23 -24
right_child=-2 9 3 -5 16 7 -8 -9 -10 10 13 -13 -14 15 -16 -17 -18 -19 19 20 -22 22 23 -25
leaf_value=0.0022377696375737838 -0.0034192964853161974 -0.00054692727829525826 -0.0050670287347195121 0.003724593436715573 -0.00042215406840932247 -0.0045932033573371587 0.013054059473133379 0.0053115246955563623 -0.00038152272217246421 0.011969914802328268 -0.0016961367913420713 -0.0048798850897217921 0.007228530462456668 0.0093748018145471488 0.0070795216049138587 0.0027074673084705237 0.0035716129127609762 -0.0053599240515043427 -0.0040661519849313809 -4.0065926905636524e-05 -0.0042752602267912216 0.0004504199939348116 0.0073955744745676988 0
leaf_weight=24.431509390473366 89.046414785087109 46.030246183276176 121.29145696014166 21.563067398965359 762.52742459625006 19.156466007232666 16.109823517501354 14.679617196321486 61.376605421304703 13.146525405347345 69.017812609672546 30.934420429170132 22.308705560863018 26.130162999033928 19.423757627606392 77.903411865234375 61.467395097017288 28.07867594063282 21.76825013756752 87.032249785959721 16.995188012719154 64.906037032604218 81.037902355194092 20.081529520452023
leaf_count=151 808 322 1057 196 5559 141 109 95 533 85 489 228 154 178 132 498 409 185 135 543 105 389 482 126
internal_value=0.000183584 0.000375203 -4.09452e-05 -0.00271687 0.000412096 0.00390374 0.00713241 -0.000189977 -0.00352809 0.0023025 0.00345063 -9.55287e-05 0.00216428 0.00269796 0.000380448 0.00459621 0.000175077 -2.57129e-05 0.000129408 0.00156424 0.00205939 0.00253151 0.00386353 0.00597244
internal_weight=1816.44 1727.4 1422.5 204.231 1218.27 74.3774 40.5413 33.8361 182.668 304.895 205.622 99.2734 68.339 192.475 88.4416 104.034 1143.89 1082.43 1054.35 291.821 270.053 253.058 166.025 101.119
internal_count=13109 12301 10215 1786 8429 496 260 236 1590 2086 1382 704 476 1297 621 676 7933 7524 7339 1780 1645 1540 997 608
is_linear=0
shrinkage=0.01


Tree=189
num_leaves=25
num_cat=0
split_feature=271 274 202 71 287 71 55 75 270 89 194 161 43 147 185 300 194 80 292 235 154 107 273 316
split_gain=15.679 10.0763 8.01582 7.70419 7.64704 11.6829 12.7298 12.3876 12.1902 11.8381 11.2313 10.8278 9.39951 8.89616 10.3554 11.5281 9.46592 8.7303 8.69709 8.32705 8.94315 9.79509 8.59152 8.92243
threshold=0.052674495872370851 4.1822574941140749 0.26201372997711675 1.6532682000145271 0.029549825903760936 1.9131861841659281 3.1282763340786017 -0.5942421881215717 0.030962571971555379 2.1829915751571876 0.069848755895267539 0.078236580034005368 287.50000000000006 0.16843038447181788 0.78969482529854063 0.30608904772909351 0.14232409381663116 45.500000000000007 0.055538030143708381 0.010535565627601518 0.0066740905716406842 -0.035467811759677344 2.9548359356175302 -0.022722753185321656
decision_type=2 2 2 10 2 10 2 10 2 8 10 10 2 10 10 2 10 2 2 2 10 8 10 2
left_child=1 3 4 -1 5 7 9 -2 -9 -7 -6 12 -8 14 15 18 17 -16 -12 20 21 -11 -23 -24
right_child=2 -3 -4 -5 10 6 11 8 -10 19 13 -13 -14 -15 16 -17 -18 -19 -20 -21 -22 22 23 -25
leaf_value=-0.00033155399509989317 0.0016645045689801239 -0.0030107571666434818 -0.005091481281559348 0.0079676112659977164 0.0092313376853293792 -0.0013307207540419347 -0.0035726123639461117 0.0057870405704826587 -0.0019252265563672231 -0.0030564162124666738 -0.0040653910593977712 0.0019120562728005953 0.0044904008322661998 0.0025599712044114221 -0.0031689455346393426 0.0083614990345230993 -0.0067305773139748615 0.0069011320374292489 0.0038426351771205518 0.0092058687618709698 0.0058821113532637158 -0.0016382274764626635 0.00091819566281393179 0.0083370158849960657
leaf_weight=52.750069200992584 150.09264567494392 243.25156546384096 23.455870874226093 11.220428965985773 16.201124273240566 56.654918201267719 106.49695809930563 18.659408450126648 468.48349446058273 34.189024724066257 28.005633771419525 95.056541480123997 14.08486548066139 214.28193640708923 20.268453441560272 17.533675745129585 35.801676221191883 10.875469557940958 22.468983665108681 22.647122129797935 65.419265478849411 26.351923912763596 31.537726640701294 33.164835512638092
leaf_count=407 925 2115 175 80 113 356 844 124 3428 240 204 695 103 1414 159 126 267 80 158 139 411 177 195 206
internal_value=-3.85092e-05 -0.00208772 0.000380409 0.00138585 0.00047686 6.56272e-05 0.00123104 -0.000822412 -0.00159592 0.00266753 0.00172742 -0.00057403 -0.00254094 0.00130477 -0.000692607 0.00200726 -0.00341987 0.00060069 -0.000508976 0.00373767 0.00295733 0.00132515 0.00302379 0.00492653
internal_weight=1818.95 307.222 1511.73 63.9705 1488.28 1122.84 485.603 637.236 487.143 269.965 365.437 215.638 120.582 349.236 134.954 68.0083 66.9456 31.1439 50.4746 213.31 190.663 125.244 91.0545 64.7026
internal_count=13141 2602 10539 487 10364 7843 3366 4477 3552 1724 2521 1642 947 2408 994 488 506 239 362 1368 1229 818 578 401
is_linear=0
shrinkage=0.01


Tree=190
num_leaves=25
num_cat=0
split_feature=153 96 122 105 291 132 294 193 127 113 176 317 139 69 88 308 297 170 127 255 155 114 2 29
split_gain=9.65448 14.9721 9.28627 15.9513 9.65217 11.7589 9.97152 13.9008 11.1715 10.8778 13.5382 9.45011 9.26936 14.4153 8.892 8.88175 10.2294 14.3325 11.7267 8.23606 9.89028 8.23085 13.7095 11.86
threshold=0.049443833272216117 -0.045498286392428436 0.26025589624797435 1.3824999942590697 0.36515182169387733 0.0043399644013046587 -0.064643035876605179 0.59476565172767715 0.11993490945976608 0.12544681386703876 11.921893381735069 -0.0032025641025641024 0.11769583455272657 -0.3407061021439784 1.9665429633597087 -0.0015910909035674865 -0.026044385949646122 1.6059853092015495 0.50593836301059258 118.50000000000001 0.032762490241998447 0.72620955713536361 0.88734537876235053 0.27325247643713463
decision_type=10 10 8 10 2 2 2 10 8 10 2 2 2 8 8 2 2 8 10 2 10 8 8 2
left_child=1 2 21 4 12 11 7 -7 -9 19 -11 14 13 -4 -6 -3 18 -18 -17 -8 -21 -1 23 -23
right_child=-2 15 3 -5 5 6 9 8 -10 10 -12 -13 -14 -15 -16 16 17 -19 -20 20 -22 22 -24 -25
leaf_value=-0.00023995100077390353 -0.0031394047369770299 -0.00055410695219669005 -0.0038673253593141626 0.0051039336980735674 -0.0022204075804399116 -0.0027612372517799074 -0.0049147215150054718 0.013054951798099101 0.0010354656752074505 0.0077793874915079329 -0.00078787693406563513 -0.00464252475817074 -0.0046640539801166619 0.0090584270188772097 0.0054984917757957535 0.0071806039499909139 -0.00060551690033643925 0.010249975549349335 -0.0034183532628045202 -0.0055345257924395994 0.0040815488234222591 0.0058933935527262339 -0.00039083327000871985 0.00090123293058501049
leaf_weight=604.03170961886644 91.936297900974751 41.916077978909016 10.503291189670561 36.252228923141956 63.388423956930637 19.632490426301956 87.829322963953018 14.530510216951368 15.253701016306879 20.617860846221447 83.763975895941257 180.43112037330866 10.223354361951349 24.75110174715519 16.416243895888329 14.238638147711752 15.924469269812105 42.864438593387604 24.008873306214809 14.271088913083075 25.662169881165028 96.704412788152695 171.32695247977972 94.548470064997673
leaf_count=4043 835 298 89 254 500 159 790 118 125 145 645 1474 81 188 135 100 119 304 173 124 214 563 1124 561
internal_value=-3.12597e-05 0.000138296 -0.000138495 -0.00108779 -0.00149444 -0.00186966 -0.000440428 0.00351071 0.00755634 -0.00131808 0.00105619 -0.00339071 0.00280185 0.00517973 -0.000485958 0.00325227 0.00487559 0.00740071 0.000726424 -0.00324637 0.000482078 0.000474213 0.00165934 0.00347996
internal_weight=1821.03 1729.09 1590.14 623.527 587.275 541.797 281.561 49.4167 29.7842 232.144 104.382 260.236 45.4777 35.2544 79.8047 138.952 97.0364 58.7889 38.2475 127.763 39.9333 966.612 362.58 191.253
internal_count=13161 12326 11332 5041 4787 4429 2320 402 243 1918 790 2109 358 277 635 994 696 423 273 1128 338 6291 2248 1124
is_linear=0
shrinkage=0.01


Tree=191
num_leaves=25
num_cat=0
split_feature=153 109 119 149 71 157 52 148 240 320 71 75 161 280 28 81 81 96 160 210 171 62 120 160
split_gain=12.7045 12.1126 11.9542 12.471 12.0287 9.91674 10.9347 9.37677 9.72727 12.6416 9.03915 11.2068 11.762 9.5253 8.95 8.66175 10.0034 8.78441 8.64295 11.4857 8.27119 8.08888 8.03536 7.92579
threshold=0.01564247762863535 1.7751702418613615 -0.036547619058593418 0.26401991614255771 1.4978344337882457 0.19274917853231108 202.50000000000003 0.23731771526606918 1.2156734629036527 -0.067298421043784959 1.2456346911122256 0.42798048920673565 0.090109422727448499 0.11149526957137181 0.22667389732465656 0.59248343375151258 1.0325531488149748 -0.37496086394824174 0.099431359245258644 0.012875773651635723 51.995303204688682 111.50000000000001 1.1373875247494587 0.089241848201469118
decision_type=10 10 10 10 8 10 2 10 2 2 10 10 10 2 2 10 10 10 8 2 10 2 10 10
left_child=1 2 -1 10 -5 18 -7 8 -3 21 20 13 -13 15 -8 17 22 23 19 -2 -4 -10 -17 -12
right_child=5 7 3 4 -6 6 14 -9 9 -11 11 12 -14 -15 -16 16 -18 -19 -20 -21 -22 -23 -24 -25
leaf_value=0.00097713441495210821 0.01136701941748308 -0.0010410684065390321 -0.0049340796259887678 -0.0020666387223328363 0.0076353412638625945 -0.006924268038877488 -0.005248704277401926 0.0089018946929713301 0.012127418224402737 -0.00058625302709693766 -0.00057886885327627664 -0.0044857179369758218 0.0040414500655267197 -0.0024414582800332718 0.0046816414128534019 0.0040929921981548243 -0.0038213323762620859 -0.0057235681695178096 -0.0014364989198743115 -0.0016828162717159203 0.0028915859089326539 0.0029395644982133035 -0.0025591863867013417 0.0074294186012497021
leaf_weight=665.54931181669235 10.244635738432409 60.343787923455238 93.155396103858948 19.332087568938732 29.333770155906677 62.263646960258484 13.554426252841951 20.168615937232971 19.104606695473194 30.147745698690414 104.301772557199 110.14876581728458 16.485577575862408 110.46272499859333 17.474138498306274 137.70478309690952 20.261863566935062 27.067745514214039 174.05803266167641 12.38807078450918 13.633042857050894 21.992856584489346 18.7056789919734 11.12221074849367
leaf_count=4245 87 373 769 159 206 591 121 119 122 197 837 958 119 827 153 903 127 213 1459 102 108 133 140 83
internal_value=-5.0496e-05 0.000313835 1.51436e-05 -0.000883341 0.00386027 -0.0019594 -0.00459515 0.00296796 0.00188208 0.00431658 -0.00124801 -0.000724409 -0.00330352 5.01622e-05 0.000237486 0.00092958 0.0023943 -0.000890845 -0.000656554 0.00479333 -0.00387677 0.00774152 0.00325963 0.000344167
internal_weight=1819.01 1529.02 1377.26 711.715 48.6659 289.983 93.2922 151.758 131.589 71.2452 663.05 556.261 126.634 429.627 31.0286 319.164 176.672 142.492 196.691 22.6327 106.788 41.0975 156.41 115.424
internal_count=13151 10638 9694 5449 365 2513 865 944 825 452 5084 4207 1077 3130 274 2303 1170 1133 1648 189 877 255 1043 920
is_linear=0
shrinkage=0.01


Tree=192
num_leaves=25
num_cat=0
split_feature=131 302 127 308 76 277 277 93 323 306 108 109 149 159 240 109 304 76 84 139 304 284 229 294
split_gain=10.0576 9.99206 11.3568 12.882 11.9978 8.88202 13.3816 13.4029 14.5382 11.9532 10.4885 9.09909 10.1793 14.2777 10.9203 10.6438 9.58017 9.59071 8.18197 10.5688 7.99342 7.87674 7.71259 7.61079
threshold=1.7967942003397843 0.00024095555631198018 -0.3793853459476671 0.0039828389577284623 0.60353986255165892 0.095545771754851655 0.054219461156830066 -0.61935920593368332 274.50000000000006 0.76294515277518837 0.25742282728592319 2.1525822659375815 0.26401991614255771 0.25226594375530548 0.71607532858454592 1.5128385791993686 -0.027352061769475185 1.3107520968483986 9.6167070107631023 0.11868276449191241 -0.017270301113837091 0.019286756043756518 -0.20973088523317859 -0.1333807416772019
decision_type=8 2 10 2 10 10 8 8 2 2 10 10 8 8 2 8 2 8 2 2 2 8 2 2
left_child=1 21 -3 4 -4 6 11 8 -8 -10 -9 12 23 14 -14 -15 -13 -18 -12 22 -6 -1 -20 -2
right_child=5 2 3 -5 20 -7 7 10 9 -11 18 16 13 15 -16 -17 17 -19 19 -21 -22 -23 -24 -25
leaf_value=0.0013572588811803558 0.0020128445429382657 0.00050165874210883151 0.010451671131846748 0.011202803258080696 0.0055540761899756739 -0.0032859048919804392 -0.00043903098989594297 -0.0049260127559917731 0.0030788455609313359 0.016107281822774207 -0.0027301664876190051 0.007226365145219682 0.0054382051057808899 0.0012802172076709611 -0.0061969834480711371 0.013232794614579046 0.0024948950165801036 -0.0056978854654715465 0.0028625501952808719 -0.0026098334524394247 -0.0020263375883095677 -0.0041152589448575838 0.013488281346523117 -0.0010644805774180021
leaf_weight=69.111727297306061 84.061153881251812 86.829091243445873 13.753043219447134 25.876939959824085 18.746794946491718 89.488571479916573 16.697711765766144 22.930077917873859 14.102220788598062 16.279576413333416 17.244356140494347 27.269662000238895 10.667625337839128 14.486824959516523 17.36493942886591 14.687057361006739 54.284531407058239 16.205340497195721 17.108231142163277 11.319131679832934 36.268466114997864 38.603472389280796 11.860747419297697 1071.5968430563807
leaf_count=440 608 575 74 159 122 680 115 197 97 104 136 190 87 105 137 95 375 139 122 84 238 256 80 7924
internal_value=4.50166e-05 0.00174607 0.00316197 0.00550649 0.00298956 -0.00027898 -8.50671e-05 0.0029698 0.00704242 0.0108706 0.000415857 -0.000388897 -0.000627948 0.00338699 -0.00164358 0.00796927 0.00250086 0.000449879 0.00269323 0.00506494 0.000685134 -0.000650209 0.00806076 -0.000835381
internal_weight=1816.84 289.19 181.474 94.6452 68.7683 1527.65 1438.17 127.542 47.0795 30.3818 80.4625 1310.62 1212.86 57.2064 28.0326 29.1739 97.7595 70.4899 57.5325 40.2881 55.0153 107.715 28.969 1155.66
internal_count=13139 1864 1168 593 434 11275 10595 935 316 201 619 9660 8956 424 224 200 704 514 422 286 360 696 202 8532
is_linear=0
shrinkage=0.01


Tree=193
num_leaves=25
num_cat=0
split_feature=76 94 11 309 185 88 256 136 188 73 106 73 29 159 254 234 221 312 112 279 227 162 44 121
split_gain=10.5894 11.8142 11.6333 9.83508 9.38458 10.1993 11.912 8.84248 8.6272 8.22572 10.6422 12.0178 10.2538 10.1895 10.0969 9.42389 8.7213 8.44722 8.21635 8.75254 10.0097 14.7178 16.7701 10.3619
threshold=0.70338746342682812 0.48387176013116745 0.67739926196260336 -0.00074627625975504086 0.73854895104895124 0.79935594771015128 172.50000000000003 0.3328013832624323 0.33436853002070399 322.47232286924384 0.69672962988274478 399.72039028070486 0.26144671705160055 0.12978934233705228 189.50000000000003 0.034949766390814437 -0.46840971624147465 -0.276067725983769 90.500000000000014 0.0048698984138299548 0.0049566371029162474 0.010786519032752238 16.500000000000004 -1.7321825151226324
decision_type=10 10 10 2 8 8 2 2 8 2 10 2 2 10 2 2 2 2 2 10 2 10 2 8
left_child=1 4 9 -3 7 6 8 -1 -6 18 13 15 -13 14 -11 -12 -17 -14 19 -2 -21 23 -23 -22
right_child=2 3 -4 -5 5 -7 -8 -9 -10 10 11 12 17 -15 -16 16 -18 -19 -20 20 21 22 -24 -25
leaf_value=0.0043440651087822751 0.00064281846296726551 0.0011740046628771256 -0.0041810710827706312 0.010940305726478595 0.0056098042260258234 -0.0034151012604671251 -0.0037839526696749237 -0.0023367917033890206 -0.0022654992143661791 0.0069820958327468097 0.00023508050837146811 -0.0041212036744399903 0.0051365881088868649 -0.0010219334188952347 -0.0024832699740479003 0.0024281967663355476 0.013031700365772976 -0.0031244221087486207 -0.0032790142988338841 -0.0022672606639894174 0.0043213497566898882 0.012031100619299337 -0.00027510510556581557 -0.0032141608464346248
leaf_weight=96.391169458627701 490.0882021188736 20.168045371770859 70.527411222457886 20.695130355656147 52.464074343442917 70.683828227221966 27.626345202326775 22.604269228875637 16.616750687360764 31.972658015787601 15.373453915119169 25.102521017193794 46.794197432696819 212.54983182251453 14.704562798142431 13.648084856569762 23.079405583441261 14.195018418133257 98.20388001203537 309.51068393886089 21.90600348263979 18.813579469919205 22.090250574052334 67.152225621044636
leaf_count=576 3610 121 626 123 319 495 167 151 102 215 122 190 330 1535 103 100 157 103 680 2395 145 128 170 513
internal_value=5.92408e-05 0.00168102 -0.00029743 0.00653284 0.000927881 -0.000594607 0.00149538 0.00304179 0.00368677 -9.66007e-05 0.0011194 0.00333026 0.000950695 -7.86635e-05 0.00400845 0.00699144 0.0095741 0.00314456 -0.000569578 -0.000273138 -0.00129444 0.00101371 0.00577568 -0.00127335
internal_weight=1822.96 327.25 1495.71 40.8632 286.386 167.391 96.7072 118.995 69.0808 1425.18 397.42 138.193 86.0917 259.227 46.6772 52.1009 36.7275 60.9892 1027.76 929.561 439.473 129.962 40.9038 89.0582
internal_count=13176 2054 11122 244 1810 1083 588 727 421 10496 2855 1002 623 1853 318 379 257 433 7641 6961 3351 956 298 658
is_linear=0
shrinkage=0.01


Tree=194
num_leaves=25
num_cat=0
split_feature=153 109 93 75 5 33 57 136 320 5 154 221 205 186 111 65 154 125 237 19 109 120 235 127
split_gain=11.4525 15.5702 10.2082 14.0746 12.1031 10.9278 11.289 10.7546 10.5757 10.539 13.1054 11.2085 11.7471 9.48606 9.4441 10.1374 9.26681 9.03302 8.5121 8.39482 8.33379 13.6036 10.7539 9.13106
threshold=0.049443833272216117 2.290809100281376 -0.08924937722685243 0.42798048920673565 -2.7841589122720416 0.058584855852327367 0.2362790740208365 0.28615739553960529 -0.15510016634815801 -2.8935132521978844 0.023083754611285697 -0.23094813689757074 -0.45811726066054559 0.093178294573643419 3.4170547455434144 3.0665820970670965 0.0037914726007705142 1.6961879119077055 -0.19786925337177944 0.53772437287643959 1.1685457581177501 0.80910960197290394 0.0031872530196365265 -0.11151087696943067
decision_type=10 10 8 8 2 2 10 2 2 2 10 2 2 8 10 8 10 8 2 10 10 8 2 10
left_child=1 2 3 9 8 6 -4 -6 -5 -1 20 12 13 -12 15 17 -10 19 -14 -8 21 -11 -22 -24
right_child=-2 -3 5 4 7 -7 14 -9 16 10 11 -13 18 -15 -16 -17 -18 -19 -20 -21 22 -23 23 -25
leaf_value=-0.0018868626114396858 -0.0033133971776726501 0.0060012419276302695 0.0069894906314565512 -0.003236826329726375 -0.0041768544648828551 0.010287496420564753 0.0032563651595939741 0.0046318713147989092 -0.0019598930020174052 0.00073049764741749427 -0.00027098591124325697 -0.0016975241450402313 0.0025369233417726518 0.008389962401871235 0.0059031545299713028 -0.0031311327196608309 0.0090788697065002973 0.0087643228167760823 0.012658041029167873 -0.0065206506612849671 -0.00010880442562738944 -0.0023431648922584763 -0.0002257754996996312 0.0049413598413407516
leaf_weight=191.46090895682573 91.529495291411877 43.206042356789112 28.339287079870701 21.37160125374794 176.69819464534521 13.062749586999415 21.323545590043068 12.600366055965422 9.9402085095644015 360.85736029595137 43.912146463990211 28.8412926197052 14.850244410336016 14.710923694074152 22.255071274936199 72.229080259799957 19.820766024291515 13.598675034940241 24.343261785805225 10.946741513907908 198.43930457532406 235.4332577586174 48.417651280760765 108.86031261086464
leaf_count=1700 833 273 197 190 1519 85 142 106 89 2284 262 173 88 79 165 560 170 101 139 84 1261 1747 303 654
internal_value=7.87341e-05 0.000263335 0.000106435 -0.000163918 -0.002368 0.00232675 0.00154427 -0.00352545 0.00185831 0.000256867 0.000642265 0.00362767 0.00521145 0.00217325 0.000320916 -0.000836617 0.00551139 0.00272767 0.0092778 -0.00029063 0.00023441 -0.000486745 0.00144038 0.00336857
internal_weight=1827.05 1735.52 1692.31 1510.56 240.431 181.755 168.692 189.299 51.1326 1270.13 1078.67 126.658 97.8166 58.6231 140.353 118.098 29.761 45.869 39.1935 32.2703 952.008 596.291 355.717 157.278
internal_count=13204 12371 12098 10764 2074 1334 1249 1625 449 8690 6990 741 568 341 1052 887 259 327 227 226 6249 4031 2218 957
is_linear=0
shrinkage=0.01


Tree=195
num_leaves=25
num_cat=0
split_feature=150 105 147 105 311 5 302 157 114 302 202 91 76 127 19 114 290 150 294 36 77 158 73 165
split_gain=9.52269 12.3202 11.1676 12.1127 11.7745 17.0832 13.4107 11.7613 10.4629 13.1325 12.4818 13.0795 10.2529 10.2699 9.68871 8.74593 8.60645 9.83001 8.14737 7.8392 7.80078 9.01312 12.0356 8.4981
threshold=0.048826334128002941 0.23464298433839029 0.088416582102454247 0.96109023611504363 -0.67797880513208952 -2.3991657462768252 -0.005335101048174049 0.23522425597317315 0.4783292139629774 0.004500075115074346 0.09441390580894371 24.285109802702504 1.2093069039219426 0.96795329670132968 -0.32475685225388368 0.61372622539196053 0.029956435901952235 0.20808921933085503 0.017278560853226491 0.013340748980348538 3.0938428310635673 0.27438333056799963 315.53479370826329 179.42101851851854
decision_type=8 8 8 10 2 2 2 10 8 2 2 2 8 10 10 8 2 10 2 2 10 8 2 2
left_child=8 -2 -3 4 5 6 -4 -8 -1 -10 11 14 13 15 -11 -5 18 20 -6 -14 -18 22 -22 -24
right_child=1 2 3 12 16 -7 7 -9 9 10 -12 -13 19 -15 -16 -17 17 -19 -20 -21 21 -23 23 -25
leaf_value=-0.0012609439327041037 -0.0031423647003674848 -0.0027974573442803713 -0.00040599484066182733 -0.0031116346780170113 0.009776945132918163 -0.0059303337068773009 0.0022609445783000697 0.013385267018050742 0.00016127579821695662 0.0051287057613130403 0.0014893170079512603 -0.00026467734896871433 0.0021937750536510196 -0.00071215673335276255 0.013317564882113083 0.0046102387664483683 -0.00060900953772118007 0.006197999940924904 -0.00052730199356853657 -0.0049024351330007659 -0.003896858959994985 -0.0064623215287462734 -0.0027688544469195693 0.0058918040872286328
leaf_weight=136.73008390516043 142.95491477102041 127.44041427224874 25.105741828680038 13.899052262306212 11.426987871527674 14.34154339134693 18.416790515184402 21.184894874691963 224.71122073382139 46.617046169936657 127.59684579074383 22.596739664673805 25.740001700818539 60.00226441770792 24.3342245221138 172.68598820269108 373.60830919444561 14.605778709053991 15.637542396783827 31.831618525087833 75.332542225718498 54.158799029886723 16.209262378513813 26.198028042912483
leaf_count=888 1248 1098 178 96 84 109 128 147 1417 289 801 146 208 429 147 1104 2714 123 119 253 640 474 130 200
internal_value=8.35847e-05 -0.000411016 -4.72398e-05 0.000320018 -0.000434364 0.00311879 0.0053044 0.00873324 0.00113558 0.00187611 0.00358994 0.00631632 0.00196443 0.00284795 0.00835546 0.00399166 -0.000927133 -0.00120218 0.0043049 -0.00175905 -0.00143324 -0.00317985 -0.00154491 0.00259312
internal_weight=1823.37 1240.78 1097.83 970.385 666.226 79.049 64.7074 39.6017 582.586 445.856 221.145 93.548 304.159 246.587 70.9513 186.585 587.177 560.113 27.0645 57.5716 545.507 171.899 117.74 42.4073
internal_count=13170 9482 8234 7136 5046 562 453 275 3688 2800 1383 582 2090 1629 436 1200 4484 4281 203 461 4158 1444 970 330
is_linear=0
shrinkage=0.01


Tree=196
num_leaves=25
num_cat=0
split_feature=271 126 286 106 33 234 27 114 73 174 316 127 29 283 122 109 118 107 79 5 302 29 114 132
split_gain=10.9812 10.9035 12.8468 12.6154 12.5162 10.1606 9.521 8.62293 8.42552 16.8912 9.92485 11.5884 9.67902 9.8383 9.30184 12.3718 9.48728 10.9139 9.72813 11.8282 10.8567 9.86123 9.22834 8.77617
threshold=0.067822972005887092 0.76311618645867674 0.57278480941076615 0.25773757020957266 0.038316544241270387 0.077934422991457225 0.79906903176414523 0.71627378100974004 315.53479370826329 58.931805555555563 -0.02550971239271194 0.34395689806012536 0.24865072925119117 0.0094217258317346609 0.62680524993752162 2.2683624778100966 9.5000000000000018 0.58682313342388548 103.22663011641714 -2.8935132521978844 0.0098101851023342113 0.28372416469903294 0.47499818936807098 0.014819806329240294
decision_type=2 10 2 8 2 2 2 10 2 10 2 10 2 10 8 8 2 10 2 2 2 2 8 2
left_child=1 2 6 -4 5 7 -1 -5 14 -10 11 -11 -12 -14 15 16 -2 18 19 -18 21 -21 -20 -16
right_child=8 -3 3 4 -6 -7 -8 -9 9 10 12 -13 13 -15 23 -17 17 -19 22 20 -22 -23 -24 -25
leaf_value=0.0084848030996801313 -0.0032936564249713934 -0.0044678664177126648 0.0061526038785238522 -0.0058935045706701395 0.0012182976462883977 0.0054446303101167029 -0.00096077016558393448 -0.0017385118316465115 -0.00087050312098842285 -0.0046945875471237561 -0.0015074106108051077 0.0038925414387665611 0.0071451164891759558 -0.00013849024177152357 -0.0031569172858733085 0.0083581350851672249 -0.0030723449999216813 0.006112491235178057 -0.0045551833119816089 0.0034377144111447933 0.0058260206389913402 -0.0037073355129815782 1.0372768070320769e-05 0.0027833133884920739
leaf_weight=22.62901122123003 67.248951300978661 87.063772939145565 18.916195169091225 87.905079081654549 98.030487701296806 10.799538664519785 17.162457071244717 121.15533240884542 140.82748497277498 25.46541652828455 18.839008159935474 32.482958912849426 106.50987620651722 21.877773478627205 140.66128340363503 16.316339112818241 32.298377454280853 30.905120983719826 45.834794886410236 44.744564898312092 81.40830098092556 29.659974679350853 484.58773996680975 27.60264927148819
leaf_count=172 469 768 150 760 752 98 146 1029 947 167 132 211 702 152 1154 92 261 185 318 263 459 183 3291 233
internal_value=-1.25948e-05 -0.00133578 -0.000581006 -0.00122875 -0.00172173 -0.00303597 0.00459456 -0.00354594 0.000443883 0.00178228 0.00359497 5.92725e-05 0.00495243 0.00592013 -2.13466e-05 0.000412559 0.000224166 0.000552416 0.000288742 0.00222548 0.00336538 0.000544804 -0.000404413 -0.00214653
internal_weight=1810.93 463.662 376.598 336.807 317.89 219.86 39.7915 209.06 1347.27 346.003 205.175 57.9484 147.227 128.388 1001.27 833.004 816.688 749.439 718.534 188.111 155.813 74.4045 530.423 168.264
internal_count=13094 3875 3107 2789 2639 1887 318 1789 9219 2311 1364 378 986 854 6908 5521 5429 4960 4775 1166 905 446 3609 1387
is_linear=0
shrinkage=0.01


Tree=197
num_leaves=25
num_cat=0
split_feature=120 114 189 2 312 129 268 116 154 120 261 28 155 193 79 89 193 4 4 299 215 164 233 194
split_gain=8.98193 14.0732 14.7118 13.8404 10.5459 10.4114 10.2681 9.88442 13.1284 12.0436 9.63911 9.60779 13.8806 9.38988 11.1131 11.3096 8.96952 10.5872 13.4104 8.90924 8.47222 9.81185 8.44071 8.12173
threshold=0.80910960197290394 0.73460786348361962 -0.29249853955970134 0.88734537876235053 -0.71755082504091894 1.4189126268143541 0.63625536114033487 0.32527398595925777 0.010212773354657026 1.2459523765234779 -0.075399879074413922 0.22980933926192496 0.11944992021026941 0.6254032258064518 670.8485060155158 2.9081845669797128 0.75782013685239502 -565.4129708908531 -767.10001968698464 -0.034700391520743161 -0.2470201078194158 0.01677215189873418 0.86389336353051893 0.1220443120461739
decision_type=8 8 8 8 2 8 2 10 8 10 8 2 8 8 2 8 8 2 2 2 2 10 2 8
left_child=16 2 6 4 -3 22 -2 8 -5 20 -4 -10 -13 -12 15 -15 -1 18 -18 -11 -9 -22 23 -6
right_child=1 3 10 7 5 -7 -8 9 11 19 13 12 -14 14 -16 -17 17 -19 -20 -21 21 -23 -24 -25
leaf_value=0.0021007966261938145 -0.0043119352601864247 -0.0025759021028388001 -0.0019977561657561474 -0.0034824957505041831 0.0085050751790518801 0.00039479185484807852 0.0012994622399352968 0.0079192231084653994 -0.0018703849286450533 0.0035015968128828761 -0.0028369109505049102 0.0034156989774858613 -0.007058534375044603 -0.00057827724615600235 -0.0021374901571295933 0.010734957641426162 -0.0026820482925741717 -0.0011153591653181997 0.0079717794104512511 -0.0048440693278709807 0.00054652335063491632 0.0090913422683046984 -0.00069302777585665391 0
leaf_weight=308.43629113584757 222.26316967606544 30.831320397555828 78.835080169141293 174.25964258611202 62.879930451512337 61.898289628326893 36.498656995594501 23.532882034778595 114.85792306065559 15.359158903360365 18.653329037129879 101.66015209257603 11.659620389342306 11.721290163695814 14.586439736187456 28.269148901104924 17.109505467116833 255.94777303934097 28.071878679096699 42.333626970648766 112.23117147386074 12.554779969155787 16.292529463768005 13.806141227483748
leaf_count=1937 1825 197 618 1417 385 412 292 152 877 118 147 747 88 96 130 232 103 1756 165 347 817 81 113 84
internal_value=-7.61556e-05 -0.000576749 -0.00207265 0.00020046 0.00256933 0.00362794 -0.00351106 -0.000529483 -0.00143928 0.00123834 0.000388006 0.000140385 0.00218305 0.00294835 0.00498576 0.00757699 0.000909848 -0.000314908 0.00399629 -0.00254552 0.00273704 0.00159734 0.00569428 0.0070403
internal_weight=1814.55 1204.98 410.827 794.157 185.708 154.877 258.762 608.449 402.437 206.012 152.065 228.178 113.32 73.2302 54.5769 39.9904 609.565 301.129 45.1814 57.6928 148.319 124.786 92.9786 76.6861
internal_count=13136 9175 3340 5835 1191 994 2117 4644 3129 1515 1223 1712 835 605 458 328 3961 2024 268 465 1050 898 582 469
is_linear=0
shrinkage=0.01


Tree=198
num_leaves=25
num_cat=0
split_feature=209 79 180 178 253 127 217 146 146 117 274 206 198 85 273 131 33 204 204 308 220 113 277 152
split_gain=9.44344 13.1732 9.77047 11.1822 9.15827 9.07024 8.80172 12.8225 8.61985 8.04489 12.2058 8.75543 8.82164 8.54984 7.90132 8.46395 11.2278 8.88815 8.54571 9.46529 10.5302 8.17037 7.70595 7.59127
threshold=0.78593890386343224 94.443941843654088 4.2176670668267322 0.96121853898097009 211.50000000000003 -0.67453726681881798 0.64158805031446553 0.16004926108374387 0.29059046731460531 1.4565039338038972 6.6811230384363318 62.500000000000007 62.500000000000007 33.818003886006331 5.8336926995573881 2.5311958074488641 0.033920716244889515 0.17250131279537897 0.32620137299771174 -0.00071384073142420395 0.27917452336056992 -0.11116559401935089 0.05184501529679196 0.12185120558375635
decision_type=2 2 2 2 2 8 2 10 10 10 2 2 2 2 8 8 2 2 2 2 2 8 8 10
left_child=1 5 8 -4 14 -1 -7 -8 9 11 -11 -2 -13 -14 15 16 22 -18 19 -19 21 -21 -3 -17
right_child=2 4 3 -5 -6 6 7 -9 -10 10 -12 12 13 -15 -16 23 17 18 -20 20 -22 -23 -24 -25
leaf_value=-0.0022714536623755946 -0.0031293102726665137 0.0073665622584257323 0.0033747126305973098 -0.0014950102622216075 0.0065499676401863903 0.00074324821052401213 0.011534602653086227 0.003180518985998357 0.0036322402928119081 0.0036652727458510448 -0.0051578159738150118 0.0050533934247990551 0.0055252283200533251 -0.0032494447571972912 -0.0071324280288040214 7.6798183707022758e-05 -0.0058204691985242474 -0.0014239531642191207 -0.0010386489824185971 -0.0022246097010437792 0.010473636435833001 0.007298448985809905 -0.001109223954345872 -0.0028803100254285066
leaf_weight=22.030771374702454 324.38700289279222 45.527201429009438 99.944470413029194 84.484259210526943 19.616648375988007 44.899242483079433 27.9139144718647 55.223530992865562 27.957223117351532 52.847604863345623 19.024092882871628 25.453049413859844 11.015753887593744 54.34064818918705 12.076699353754519 610.6935550943017 16.760606780648232 25.073344469070435 77.384263515472412 19.716130070388317 23.473050758242607 12.294936701655386 12.657724395394323 98.223959654569626
leaf_count=140 2559 311 697 601 128 297 184 332 174 388 162 183 89 405 86 4369 122 161 495 131 150 78 87 854
internal_value=9.97943e-05 0.000667561 -0.000809809 0.00114972 0.000237134 0.00339689 0.00440807 0.00628561 -0.00151592 -0.00183283 0.00120902 -0.00236643 0.00036017 -0.00158714 8.7193e-05 0.000202007 0.00184452 0.000538977 0.00131102 0.00353876 0.00575886 0.00170078 0.00554035 -0.000341363
internal_weight=1823.02 1123.57 699.454 184.429 973.498 150.067 128.037 83.1374 515.025 487.068 71.8717 415.196 90.8095 65.3564 953.881 941.805 232.887 174.702 157.942 80.5575 55.4841 32.0111 58.1849 708.918
internal_count=13183 7925 5258 1298 6972 953 813 516 3960 3786 550 3236 677 494 6844 6758 1535 1137 1015 520 359 209 398 5223
is_linear=0
shrinkage=0.01


Tree=199
num_leaves=25
num_cat=0
split_feature=42 178 313 147 157 5 98 97 150 286 299 210 109 76 242 105 297 13 215 208 120 240 309 296
split_gain=9.2697 17.0968 12.2368 11.8461 12.0302 10.9694 10.4897 10.4656 11.834 12.8476 10.4116 10.7218 10.0934 9.83891 12.4657 12.8629 12.031 11.9658 10.0117 9.84191 9.79846 14.6032 9.51132 13.3732
threshold=125.50000000000001 0.89518823075934739 -0.046324604750688884 0.14913119318372417 0.055867665418227221 -2.8996003220412478 132.50000000000003 0.44688387967079352 0.045540960940200492 3.4983739515546231 0.014811714154583768 0.088335334133653479 0.60812320615139193 0.76679084420215182 0.16250000000000003 1.0710196877332849 -0.016928789189634568 0.63006503548486192 -0.73134860194229379 1.9895502680422184 0.56124464904561633 0.18883776372588867 -0.041509464189876603 1.0700339068464728
decision_type=2 2 2 8 10 2 2 10 8 2 2 2 10 10 2 8 2 10 2 2 10 2 2 2
left_child=3 2 -2 4 -1 -4 -6 8 9 12 11 -10 -5 17 15 -15 -17 20 -16 -19 21 -3 -9 -24
right_child=1 13 5 7 6 -7 -8 22 10 -11 -12 -13 -14 14 18 16 -18 19 -20 -21 -22 -23 23 -25
leaf_value=0.0035272143828612291 0.0080703754431899252 -0.001464745271812706 -0.0059801026786881388 -0.0027204992235891259 -0.0014327915983270417 0.0031792999480150497 -0.0052804960218447985 0.0076606002254421867 -0.0016685554224799184 0.0076795963083791854 -0.0041947294734232107 0.0039853954501548119 0.0020297878088725691 -0.0023332078012650854 0.0070373994316011218 -0.002076314481368849 0.0072588340330770095 0.0055906428018013656 -0.00052884117504942184 -0.0030447142426493949 -0.0034878394498398971 0.0093513222491315561 0.0034825592201647789 -0.0031740227521062604
leaf_weight=34.823382839560509 45.86821573972702 31.497323401272297 12.692989632487295 65.975010141730309 287.62933756411076 82.45519608259201 93.395838901400566 26.434531569480896 131.53146696090698 24.76080746948719 107.71545269340277 41.837949775159359 124.82930863648653 291.76876106858253 30.84623920917511 23.603107370436192 26.996971778571606 85.686852194368839 35.132834307849407 13.488395832478998 50.76548370718956 17.057653300464153 88.267548426985741 42.396249085664749
leaf_count=271 305 185 124 452 2368 542 766 176 989 155 837 307 768 2154 212 159 180 511 259 89 333 100 614 298
internal_value=1.92941e-05 0.000872068 0.00397191 -0.000576752 -0.00189045 0.00180918 -0.00241066 0.000261913 -0.000450441 0.00129986 -0.00179589 -0.000256147 0.000366236 0.000134931 -0.0007508 -0.00152286 0.00300651 0.00194697 0.00313827 0.00435421 -0.000501087 0.00262216 0.00248827 0.00129356
internal_weight=1817.46 747.86 141.016 1069.6 415.849 95.1482 381.025 653.748 496.65 215.565 281.085 173.369 190.804 606.844 408.348 342.369 50.6001 198.496 65.9791 99.1752 99.3205 48.555 157.098 130.664
internal_count=13154 5153 971 8001 3405 666 3134 4596 3508 1375 2133 1296 1220 4182 2964 2493 339 1218 471 600 618 285 1088 912
is_linear=0
shrinkage=0.01


Tree=200
num_leaves=25
num_cat=0
split_feature=153 153 189 162 153 105 28 76 106 96 304 289 273 170 62 154 95 174 11 123 113 76 234 308
split_gain=9.9897 11.2394 9.49755 9.49074 14.024 12.012 10.2897 7.38362 12.6801 9.36988 11.1736 11.2541 8.44125 10.8303 8.42227 11.111 17.3036 8.12852 10.3438 8.34498 8.60622 8.71062 8.65342 8.04254
threshold=0.049443833272216117 0.045084975438992723 0.14235330340037658 0.043557312252964435 0.01564247762863535 1.3997196495424571 0.23241888857033641 0.79026277708250248 0.58247575831392961 -0.061137914507563465 -0.099565556009470105 -0.13204598667721931 5.4713495324663919 6.3285412762311646 41.500000000000007 0.024423382820784736 -1.6875103094497264 61.535972222222227 0.55529367233827209 1.2960309669010199 0.008642315602726611 0.97958364558544386 0.044963259593328413 -0.001940980138807882
decision_type=10 10 10 10 10 10 2 10 10 10 2 2 10 10 2 10 10 10 10 8 8 10 2 2
left_child=1 3 -2 4 5 7 -6 12 17 10 -10 -12 13 -1 -13 -16 -17 -9 19 -19 -21 -22 -23 -14
right_child=2 -3 -4 -5 6 -7 -8 8 9 -11 11 14 23 -15 15 16 -18 18 -20 20 21 22 -24 -25
leaf_value=0.00076944969269487256 -0.0043378554699559473 0.0083595085987389177 0.0050335686379946887 0.0030703897637528298 -0.0055803222765473375 0.0065196949265349212 -0.00020416371171728384 -0.0048387521308985342 -0.0083795879774116542 0.0079697799938489942 0.0065686531226268 -0.004686891333372128 -0.0081830100722317008 0.0049723650401537634 -0.00021189614184157838 -0.0013592652655741941 0.0080870392213232226 0.00086860705402122887 -0.0055929022686575201 -0.0055827350900819186 -0.0028253858365169509 -0.0025941712562053887 0.0067712945437471339 -0.00011148734775164298
leaf_weight=407.84112451225519 81.612539023160934 13.672893360257147 9.8902852535247785 96.406600803136826 74.375846095383167 26.414291478693485 67.219218321144581 67.37171421200037 11.299489438533781 14.029482506215571 27.123633563518524 29.465746238827705 15.125184111297129 69.893618725240231 311.27315180748701 32.795647859573364 41.713300861418247 190.99405778199434 42.541019663214684 48.775081299245358 58.641782328486443 14.042491212487219 22.34052400290966 40.554131783545017
leaf_count=2642 753 115 86 652 665 165 586 510 80 99 184 237 101 417 2244 224 270 1314 370 422 451 119 172 269
internal_value=-2.4107e-05 0.000148493 -0.00319316 6.85064e-05 -0.000115274 0.000175473 -0.00308931 4.63139e-05 -0.000498984 0.000647467 0.000370636 0.000648448 0.000978636 0.0014122 0.000217329 0.000626028 0.00401889 -0.00170343 -0.001109 -0.000493997 -0.00229246 -0.000480257 0.00320472 -0.00261213
internal_weight=1815.41 1723.91 91.5028 1710.24 1613.83 1472.24 141.595 1445.82 912.407 467.7 453.671 442.371 533.414 477.735 415.248 385.782 74.5089 444.707 377.335 334.794 143.8 95.0248 36.383 55.6793
internal_count=13147 12308 839 12193 11541 10290 1251 10125 6696 3338 3239 3159 3429 3059 2975 2738 494 3358 2848 2478 1164 742 291 370
is_linear=0
shrinkage=0.01


Tree=201
num_leaves=25
num_cat=0
split_feature=153 109 119 277 71 121 71 227 204 65 299 29 320 315 120 109 297 194 147 239 81 177 307 21
split_gain=9.38156 15.8401 10.9587 13.4973 10.4125 9.35667 9.14345 14.0809 12.4012 11.8939 10.5809 9.44471 8.50923 8.43272 9.21276 11.1154 12.3286 12.0824 9.45593 11.4538 8.88218 8.32349 8.90176 9.66077
threshold=0.01564247762863535 1.7588197241736621 0.54161073278635652 -0.088935969868173245 2.9913326147244166 -1.5012706050586926 2.1315451451127223 0.0053003699021398143 0.24948979591836737 2.5457529374021313 0.066010655947161281 0.2787039609768146 -0.06598186101399911 -0.079008926638856017 0.80642948675526294 1.1825368859594807 0.0057838870207785444 0.09065228556753982 0.21845871454383806 0.70527986925080965 0.62914162569349308 7.5412866419077789 1.0000000180025095e-35 -0.3639698857891292
decision_type=10 10 10 10 10 8 10 2 2 8 2 2 2 2 10 8 2 8 10 10 8 10 2 10
left_child=1 2 6 -4 5 -2 9 11 -9 13 -11 -8 -3 14 21 18 -17 -18 -16 -20 -15 -1 23 -23
right_child=4 12 3 -5 -6 -7 7 8 -10 10 -12 -13 -14 20 15 16 17 -19 19 -21 -22 22 -24 -25
leaf_value=0.0013225678439366406 0.0047444540206010421 0.0048249443581811335 0.0076788321036861812 -0.0027449804793163784 0.0013766759038434098 -0.003320221381739789 -0.0022251377846716782 3.7394456601034686e-05 0.0090057568085485391 -0.0030351859628025596 0.0040313919820127251 0.0033037112050573678 -2.6930998892326989e-05 -0.004336557712043586 -0.0028223097612324107 -0.00030450050522359682 0.012335746028530993 0.00014986191901655832 -0.0015814690833435424 0.0061019007400685043 0.0017181163722553849 0.0056685407036812024 0.008882993590461059 -0.004569653263688374
leaf_weight=321.39437194913626 12.972185656428335 112.77535828202963 10.525478675961493 189.23345318436623 84.294246755540371 192.28986927121878 63.963128954172134 23.470218695700169 43.54740796238184 169.04954969137907 21.561773560941219 54.603170663118362 51.942412585020065 62.374710932374001 155.35557352006435 50.495718263089657 17.545734494924549 13.941340379416941 47.636686317622662 28.797241978347301 36.280346594750881 18.567804366350178 30.692576348781586 13.405359871685503
leaf_count=2005 109 693 80 1626 634 1775 408 153 256 1313 166 347 330 444 1179 323 109 92 345 204 242 106 187 93
internal_value=9.95571e-05 0.000411709 5.64742e-05 -0.0020908 -0.001542 -0.00274789 0.000427276 0.00244598 0.00600864 4.07906e-05 -0.00218314 0.000330456 0.00331439 0.000580142 0.000969523 -0.00029845 0.00280292 0.00742856 -0.00142035 0.00141548 -0.00211423 0.00200264 0.00526652 0.00132435
internal_weight=1826.72 1537.16 1372.44 199.759 289.556 205.262 1172.68 185.584 67.0176 987.099 190.611 118.566 164.718 796.487 697.832 313.772 81.9828 31.4871 231.79 76.4339 98.6551 384.06 62.6657 31.9732
internal_count=13219 10701 9678 1706 2518 1884 7972 1164 409 6808 1479 755 1023 5329 4643 2252 524 201 1728 549 686 2391 386 199
is_linear=0
shrinkage=0.01


Tree=202
num_leaves=25
num_cat=0
split_feature=45 109 113 36 280 291 147 7 299 288 211 180 160 150 108 24 299 271 83 2 144 257 188 219
split_gain=7.95795 11.6094 11.2151 12.5821 10.7022 10.0374 11.2672 9.01767 8.35172 13.1023 16.5129 10.8713 16.2697 15.9363 13.1609 11.8966 9.91197 9.62055 9.60359 12.0488 12.0604 12.0914 9.32297 9.54754
threshold=2.5000000000000004 1.7947628682549939 0.45646758171130924 0.024157126618763451 0.019607843137211558 1.5130982503977679 0.13191546095344095 -1.116680028927058 -0.04770368072787428 0.0039792152084399878 0.021089696071163826 3.8580192813321652 0.058314648729446944 0.048826334128002941 0.54824147975719506 -0.57062974936625432 0.023570895919882432 0.10770597378102754 1.0402058046671585 0.8814858313298608 0.075974683544303812 115.50000000000001 0.39159811985898946 0.012848024650599759
decision_type=2 10 10 2 2 2 10 2 2 2 2 2 10 10 8 2 2 2 8 10 10 2 8 2
left_child=1 8 4 -4 -2 6 -3 -8 9 -1 -11 13 16 18 -15 -14 -13 -17 -10 20 -20 -22 23 -16
right_child=2 5 3 -5 -6 -7 7 -9 11 10 -12 12 15 14 22 17 -18 -19 19 -21 21 -23 -24 -25
leaf_value=0.00067481964297089626 0.004506030330993783 -0.0040797858970422997 -0.00071563061792872531 0.0059005734543713375 -0.003159065591956064 0.0075112976811733349 -0.0014073756059126068 0.0074082453049291895 -0.0016787756197001883 0.011774242565067596 0.00034325235943843529 -0.0015973462788297611 0.011219887478025237 -0.0043073502526696627 -0.0034588453187905095 0.005142388370237473 0.0027584605570335225 -0.0015827335379916259 0.0010274348510428944 -0.0056659381489486032 0.0096604253402208639 -0.00033057440442827671 0.0016127916839054699 0.0043992142560143072
leaf_weight=256.03678563982248 17.282494060695171 23.828217044472694 112.29955940693617 35.49033086001873 217.33971742540598 37.790453970432281 17.420626431703568 27.018197454512119 96.412252955138683 23.40591849386692 25.07415359467268 167.93190590292215 18.257395379245281 175.03633249551058 111.61036492139101 53.71522431820631 72.391086332499981 32.062582023441792 111.46103037148714 15.104272052645682 37.840845994651318 16.714614443480968 99.046663649380207 15.287800088524817
leaf_count=1778 139 173 864 245 1868 239 102 156 645 152 167 1134 109 1484 856 379 479 197 724 100 230 103 705 107
internal_value=8.13967e-05 0.000424114 -0.00119429 0.000947787 -0.00254305 0.00356355 0.00115124 0.0040541 0.000165442 0.00161157 0.00622798 -0.000267368 0.00117237 -0.00100138 -0.00227071 0.00441919 -0.000264222 0.00264707 0.000833367 0.00218137 0.00298461 0.00671692 -0.00065465 -0.00242879
internal_weight=1815.86 1433.45 382.412 147.79 234.622 106.057 68.267 44.4388 1327.39 304.517 48.4801 1022.87 344.358 678.514 400.981 104.035 240.323 85.7778 277.533 181.121 166.016 54.5555 225.945 126.898
internal_count=13135 10019 3116 1109 2007 670 431 258 9349 2097 319 7252 2298 4954 3152 685 1613 576 1802 1157 1057 333 1668 963
is_linear=0
shrinkage=0.01


Tree=203
num_leaves=25
num_cat=0
split_feature=73 174 65 277 88 88 83 122 246 71 152 41 31 318 169 189 221 121 273 253 232 109 150 185
split_gain=9.95683 12.87 11.3947 9.97683 9.42258 11.5227 9.21752 9.27088 8.72718 9.07478 9.55395 8.29088 8.21646 8.1573 9.12103 8.06122 10.1 10.2543 7.98958 9.0692 8.43778 7.80489 11.5326 14.0095
threshold=315.53479370826329 58.931805555555563 2.7026611383887675 -0.052391349552921594 0.71314605644686357 0.63577389684365049 1.9783032789015595 1.1134043640678077 0.68156009939327067 1.5355940089790749 0.0059347703578472811 469.50000000000006 0.0013271405976447879 0.98372824584039043 23.500000000000004 -0.4852180639150207 -0.16279397239936685 -0.80389711499894678 3.2532318663701933 125.50000000000001 2.1665923935460953 1.5585715578217496 0.048826334128002941 0.66794871794871802
decision_type=2 10 8 10 8 10 10 10 10 10 10 2 2 2 2 8 2 8 10 2 2 10 10 8
left_child=2 8 21 13 5 18 12 15 9 -2 -11 -5 -6 14 -4 -8 17 -17 -3 20 -20 22 -1 -24
right_child=1 4 3 11 6 -7 7 -9 -10 10 -12 -13 -14 -15 -16 16 -18 -19 19 -21 -22 -23 23 -25
leaf_value=0.00097616400902444326 -0.0014562553261813524 0.0093080175339474904 0.00078884281745765148 -0.0019331568180684662 0.0011424284556837997 0.012140916408768004 0.001159235794804353 -0.0021708496305378449 -0.0023754093785416965 0.010111256623594037 -0.00015808167448627385 -0.0071131052175917196 -0.0058130948050753931 -0.0028507910815280513 0.0089095388764564125 0.0018959073660551502 -0.00018923953527015988 0.01275698514607123 0.0040107138158685229 0.0078643055167243268 -0.0035919090535384236 0.0028017112660204992 0.0015930924320912659 -0.0028458395883600301
leaf_weight=450.2585615888238 35.23760449141264 14.916184738278387 55.243118941783905 312.65344479680061 38.926501698791981 16.350072577595711 53.434863172471523 28.313946425914764 118.88696366548538 17.459817804396152 15.861016280949114 32.435825444757938 26.076765976846218 34.103100426495075 16.070920094847679 14.635104231536387 15.407950319349764 24.994494304060936 22.585249334573746 14.85768151283264 31.405964002013206 105.76746199280024 100.40267107635736 227.20820309966803
leaf_count=2835 243 94 438 2572 263 114 365 248 864 99 116 252 215 273 113 98 104 169 148 99 233 673 734 1834
internal_value=7.81239e-05 0.00129446 -0.000369061 -0.0016584 0.00256424 0.00503555 0.00128031 0.00273854 -0.000753127 0.0020285 0.00556657 -0.00247703 -0.00175952 0.00100678 0.00290368 0.00405178 0.00664792 0.00916487 0.00328429 0.00164806 -0.000352347 0.000290353 -5.87748e-05 -0.00148039
internal_weight=1823.49 489.35 1334.14 450.506 301.905 100.115 201.79 136.786 187.445 68.5584 33.3208 345.089 65.0033 105.417 71.314 108.472 55.0375 39.6296 83.7651 68.8489 53.9912 883.637 777.869 327.611
internal_count=13196 3472 9724 3648 2150 688 1462 984 1322 458 215 2824 478 824 551 736 371 267 574 480 381 6076 5403 2568
is_linear=0
shrinkage=0.01


Tree=204
num_leaves=25
num_cat=0
split_feature=5 5 181 256 131 282 107 36 177 122 113 318 107 200 103 272 14 284 114 38 292 197 213 312
split_gain=10.3593 11.8102 9.63409 11.4164 9.22078 13.548 11.1569 12.58 10.4188 10.3032 9.85673 9.03185 8.88923 12.2256 11.6837 8.5577 8.45496 8.36241 7.91939 7.86451 11.3405 13.3306 8.70158 7.73822
threshold=-2.8996003220412478 -2.8712440139818409 0.053944638567372798 57.500000000000007 1.6306762194233919 0.02040462691076796 -0.097197664706450512 0.0050633235912423734 7.4031481717352845 0.61895094870825862 1.1762808601389261 0.9188878754096147 0.25521975655414714 1.556940417379902 0.92553158022046189 0.009626888081560413 -0.36079354221538767 0.11000843331480338 0.76145707133522034 0.5391097852270198 -0.0034691164778374085 -0.47951124054281508 -0.58635398319346288 0.1096386937165104
decision_type=2 2 2 2 8 10 8 2 10 10 8 2 10 2 10 2 2 8 10 2 2 10 2 2
left_child=-1 2 -2 -4 5 8 7 11 18 12 -11 -6 14 -14 17 -15 -7 -8 -3 20 21 -5 -22 -9
right_child=1 4 3 19 6 16 9 23 -10 10 -12 -13 13 15 -16 -17 -18 -19 -20 -21 22 -23 -24 -25
leaf_value=-0.0021916209411261349 0.0071130017796037451 -0.00021420706452767951 -0.0041027272966023135 0.0011302974957186659 0.0093649178945941075 0.0012387255887466844 0.0035944478329564388 -0.0022672316168909808 -0.0047909211174227426 -0.0016073386905299833 0.0052327344533084855 -0.0018367188706180952 0.00054108125225578072 0.0092453368257204502 -0.0016238119602501439 0.0026852276955417259 0.0088296307240693147 -0.0044766243158517547 0.0081002338755483076 -0.0035748767293283085 0.005921253076023255 0.010333700996301532 -0.0004887472422995347 0.0041418992694885835
leaf_weight=195.16561409085989 31.853439658880234 36.749702505767345 29.718753829598427 29.670895352959633 14.641118369996549 26.739008352160454 96.695001862943172 436.95935850590467 30.757076501846313 276.48475151509047 19.975325211882591 10.666261047124861 100.2321844547987 35.965700693428516 156.81518041342497 49.073489762842655 33.974213905632496 12.171214379370211 13.56979365646839 18.07130978256464 24.682424992322922 33.406839072704315 89.386618763208389 17.034348398447037
leaf_count=1899 167 234 180 161 114 146 617 3193 197 2302 151 88 644 230 1121 297 218 88 85 107 133 180 499 127
internal_value=-3.14236e-05 0.000230724 0.00218637 0.00140427 -0.000139272 0.00224838 -0.000420627 -0.00160719 -0.000435154 0.00034215 -0.0010978 0.00489896 0.00129195 0.00295552 0.000109123 0.00568035 0.00570716 0.00259217 0.00232197 0.00229454 0.00294588 0.00625512 0.00099978 -0.00200028
internal_weight=1820.46 1625.29 256.79 224.937 1368.5 141.79 1226.71 479.301 81.0766 747.413 296.46 25.3074 450.953 185.271 265.681 85.0392 60.7132 108.866 50.3195 195.218 177.147 63.0777 114.069 453.994
internal_count=13178 11279 1427 1260 9852 880 8972 3522 516 5450 2453 202 2997 1171 1826 527 364 705 319 1080 973 341 632 3320
is_linear=0
shrinkage=0.01


Tree=205
num_leaves=25
num_cat=0
split_feature=73 174 150 88 126 138 147 140 162 107 3 12 165 292 283 95 98 131 96 97 78 10 232 294
split_gain=8.62996 13.6238 11.391 10.9331 10.6439 9.97502 12.1539 12.2513 11.6624 9.90247 15.155 10.5309 9.80458 9.92134 9.22465 8.61726 11.2404 10.4038 12.1142 8.09364 10.1461 9.97475 10.5325 9.75978
threshold=315.53479370826329 62.646527777777784 0.048826334128002941 0.89102236133386048 0.2592823427746227 0.14319667848215675 0.1461861667744021 0.11920840787119859 0.0039735169045513876 0.27914872946086139 3.1318112252507393 0.10080579860298519 172.33752314814816 0.045777183034251274 -0.0068441104217845687 -1.0777216405182306 42.500000000000007 1.9687943312585747 -0.53256960582629842 0.087048621603932494 -34.974615093012602 0.84191831876976952 2.0786222034032975 -0.052625424646743184
decision_type=2 10 10 10 10 2 10 2 10 8 2 2 2 2 10 8 2 8 8 8 2 2 2 2
left_child=2 14 19 4 -3 15 7 12 -8 11 -11 -10 -7 -14 -2 16 -4 18 -18 20 -1 22 23 -21
right_child=1 3 5 -5 -6 6 8 -9 9 10 -12 -13 13 -15 -16 -17 17 -19 -20 21 -22 -23 -24 -25
leaf_value=0.00084508741443743208 0.0058776479415699268 -0.0023613559748840471 0.00331389440843044 -0.00089461096564261578 0.0045013135596530486 0.0045516733307569626 -0.0020404861918346235 0.0033140787625283098 0.0081211107183789162 0.0010387906754334422 0.010883961782462728 -0.0012975952824293782 -0.0044938846573695122 0.0036083995168926966 -0.0014171158139191834 -0.0048337851219368766 -0.0012956415739945851 -0.0028187161283615642 0.009067073373876345 -0.00021628110075298351 -0.0033363993701902572 -0.0025728255472055568 -0.0013075120322023741 0.0099497406363278605
leaf_weight=348.24630133807659 16.147712752223015 23.728498570621014 41.271558232605457 67.434051476418972 183.53985483199358 13.734790802001951 50.762130841612816 37.439296916127205 12.234861977398394 30.533943228423595 31.28894829005003 53.00565730035305 132.51108271628618 14.742012731730936 196.70464330911636 93.438064597547054 31.681147173047066 272.12692362070084 14.10097550600767 11.989610366523264 66.657807908952236 18.903499998152256 16.846925489604473 36.779093645513058
leaf_count=2158 105 192 331 491 1277 110 385 296 78 186 193 395 1115 119 1399 787 242 2166 101 74 479 131 107 240
internal_value=-3.20137e-05 0.00110147 -0.000450284 0.00256295 0.00368955 -0.00116808 3.39373e-05 -0.00165374 0.00191912 0.00351879 0.00629634 0.000719028 -0.00285264 -0.00362307 -0.000788911 -0.00216349 -0.00143357 -0.00207693 0.00221854 0.000738866 0.00015276 0.00350598 0.00530609 0.00755653
internal_weight=1815.85 487.555 1328.29 274.702 207.268 828.871 376.253 198.427 177.826 127.063 61.8229 65.2405 160.988 147.253 212.852 452.619 359.181 317.909 45.7821 499.423 414.904 84.5191 65.6156 48.7687
internal_count=13157 3464 9693 1960 1469 6504 2877 1640 1237 852 379 473 1344 1234 1504 3627 2840 2509 343 3189 2637 552 421 314
is_linear=0
shrinkage=0.01


Tree=206
num_leaves=25
num_cat=0
split_feature=5 5 109 147 151 162 123 149 144 208 123 174 27 275 270 127 201 34 39 251 11 277 312 205
split_gain=12.3826 12.4593 9.15349 10.3791 10.2104 13.3701 11.7841 10.1096 9.91489 10.283 13.2132 10.7969 10.1655 9.8288 9.10086 8.3612 11.0462 13.3628 8.22047 9.63593 7.98912 9.76548 7.74767 9.56107
threshold=-2.8943022876294049 -2.8712440139818409 2.2683624778100966 0.10162870762711866 0.071330724070450116 0.003669737125619479 0.42827496119539338 0.26177377077512465 0.0061539044156631072 1.6635440919588076 1.0218350804739009 56.462638888888897 0.70813816692446796 0.11299136732671415 0.054133196238459406 -0.22461294850403979 0.76689497716894983 0.18395900206164048 0.080019286403085838 0.027083333333333338 0.37825738106892898 0.018578768394553333 0.062703777111204409 -0.11757543038191685
decision_type=2 2 10 10 10 8 8 10 8 2 8 10 2 2 2 10 2 2 2 2 10 10 2 2
left_child=14 -2 4 -4 5 6 15 8 -7 12 -11 -12 -10 -13 -1 16 17 -3 19 -8 21 -16 23 -21
right_child=1 2 3 -5 -6 7 18 -9 9 10 11 13 -14 -15 20 -17 -18 -19 -20 22 -22 -23 -24 -25
leaf_value=-0.0055342873652118405 0.0025911659885833509 0.0065953145600098706 -0.00012290563683950369 0.0078309872687129575 -0.0013909821153971242 -0.0027458909963978531 0.0041595317568233559 0.0090787532783923128 -0.0022584439423923501 0.01210660737776971 -0.0039064957757201143 0.0067101432108536965 0.0028597418399326602 -0.00089201576807824729 4.0787600167937193e-05 0.0039166534467862529 -0.0035163771447767455 -0.0040223932348661283 -0.0042220206141190047 -0.00096595850026392073 0.0020586783987255912 -0.0060663129799305498 0.0047187049577101419 -0.0067173638155914464
leaf_weight=53.593231432139874 232.88973914086819 31.668251156806946 33.059055380523205 29.092265285551548 406.48784989863634 41.337581008672714 34.338846109807491 17.067028671503067 65.337173387408257 17.228885352611542 16.367907419800758 54.926626056432724 87.214737065136433 22.926120653748512 62.896015755832195 85.367506325244904 49.849876247346401 15.608478538691996 77.747143283486366 235.53139532357454 58.073126666247845 41.578004203736782 17.478957541286945 30.500592552125454
leaf_count=560 1260 178 257 178 3366 287 241 110 402 92 107 356 575 158 567 497 308 90 550 1737 545 377 127 234
internal_value=0.000162877 0.000467512 0.000100926 0.0037642 -8.02882e-05 0.000512759 -0.000396512 0.00213546 0.00166398 0.00238015 0.00465102 0.00296291 0.000659935 0.00450634 -0.00206723 0.00168656 -0.000319027 0.00304041 -0.00136517 -0.000632015 -0.000842583 -0.0024765 -0.0012514 -0.00169311
internal_weight=1818.17 1602.03 1369.14 62.1513 1306.98 900.497 578.091 322.406 305.339 264.001 111.45 94.2207 152.552 77.8527 216.14 182.494 97.1266 47.2767 395.597 317.85 162.547 104.474 283.511 266.032
internal_count=13159 11110 9850 435 9415 6049 3962 2087 1977 1690 713 621 977 514 2049 1073 576 268 2889 2339 1489 944 2098 1971
is_linear=0
shrinkage=0.01


Tree=207
num_leaves=25
num_cat=0
split_feature=32 5 313 281 283 230 312 116 123 34 257 36 241 282 36 282 99 101 121 177 42 267 144 101
split_gain=10.0287 12.0583 11.1792 9.08068 10.1664 8.55065 8.28425 10.4838 11.4811 11.5667 11.2305 10.574 16.849 9.34272 9.15572 8.69021 8.41094 8.23802 10.0763 9.56805 7.84097 7.72772 7.48195 7.26759
threshold=0.0016625115394608102 -2.8712440139818409 -0.06235710101046759 3.6530280049931618 -0.006469004575382211 349.50000000000006 -0.45578497165560977 0.3166692606237696 1.2790148736411326 0.086506531253132013 80.500000000000014 0.016140874425654875 0.89444444444444449 -0.025867736068782211 0.0043072527581259597 0.020834992302383604 1.2991274216249038 -1.8116415550071967 -0.7776937913333114 7.4730297540455775 96.500000000000014 0.36718880482721233 0.050662077816018204 -0.69328150357250384
decision_type=2 2 2 2 10 2 2 8 8 2 2 2 2 10 2 8 10 10 10 10 2 2 10 10
left_child=1 3 20 4 -1 -6 7 8 9 -3 15 -9 13 23 -10 22 -8 19 -19 -5 -2 -15 -11 -13
right_child=2 6 -4 17 5 -7 16 11 14 10 -12 12 -14 21 -16 -17 -18 18 -20 -21 -22 -23 -24 -25
leaf_value=0.0085848721118640513 -0.0032311155490614917 -0.0081580948562609765 -0.0038411599628881466 -0.00047259019549262832 0.0038915153783952616 -0.0019286018020356439 0.0006735874103492933 -0.0022997170199003801 0.0034547587430569797 0.0046720500426644159 -0.0012783566690633813 0.0063734202105138991 -0.0049920964886810476 0.0031428422639662146 -0.0044709952803722664 0.0095664527543962395 -0.0056829181744066102 -0.0030324215218330733 0.0041761949200777391 0.008016927746487686 0.0065080937671453502 0.0143970309587134 -0.0033710207828674538 -0.0029196643441387073
leaf_weight=32.455517560243607 11.129245534539224 13.865888424217699 110.85640520602465 26.97320431470871 92.896931052207947 32.045052267611027 872.04725647717714 43.114683769643307 13.807448029518126 24.515445992350578 113.38285548985004 14.159717656671999 14.71038071811199 12.593608953058721 158.72778415679932 16.580134600400925 18.476156137883663 76.696338005363941 22.872144542634487 22.371587574481964 18.443310707807541 15.351421400904654 17.295244976878166 14.078612528741361
leaf_count=188 108 103 1135 148 561 203 6183 336 120 159 716 91 109 84 1318 104 169 495 166 120 172 100 111 105
internal_value=0.000142021 0.000359925 -0.00239653 0.00214303 0.00379619 0.00238118 -4.37673e-05 -0.0011114 -0.00195007 -0.000207716 0.000550534 0.00149815 0.00382118 0.00627504 -0.00378528 0.00401292 0.000522925 0.000350665 -0.00129674 0.00358383 0.00284974 0.010116 0.00131956 0.00186432
internal_weight=1809.45 1669.02 140.429 306.311 157.398 124.942 1362.71 472.183 358.175 185.64 171.774 114.008 70.8937 56.1834 172.535 58.3908 890.523 148.913 99.5685 49.3448 29.5726 27.945 41.8107 28.2383
internal_count=13104 11689 1415 1881 952 764 9808 3456 2631 1193 1090 825 489 380 1438 374 6352 929 661 268 280 184 270 196
is_linear=0
shrinkage=0.01


Tree=208
num_leaves=25
num_cat=0
split_feature=233 254 176 13 317 65 162 170 85 53 258 9 317 303 235 2 307 270 227 221 113 209 282 184
split_gain=9.44497 9.96889 9.23603 9.3594 8.86301 8.8219 14.4156 10.6807 9.11431 11.3629 10.3321 9.94481 9.38646 9.72938 8.31711 11.6121 11.533 9.99454 10.7969 8.64684 8.16121 7.69822 8.7287 7.63773
threshold=0.87513213530655409 223.50000000000003 12.829046545429577 0.83568660743341983 -1.0000000180025095e-35 2.52594198954016 0.0191635091809968 7.0354553357545511 74.223280289374557 38.500000000000007 -0.75230869256942612 0.5644987652743928 -0.010854836809237656 -0.0083682171145796035 0.0071460487680326829 0.78548631109038569 0.012807604798369275 0.088753698224852087 0.018912635249932936 -0.29620593525748612 -0.56252327250695067 0.82154231119199284 -0.0085040955293251719 -0.072240938208095684
decision_type=2 2 2 8 2 10 8 10 2 2 2 2 2 2 2 10 2 2 2 2 10 2 10 8
left_child=1 5 -2 -4 -3 8 14 -8 12 11 20 -10 -1 -14 16 -16 -7 18 21 -18 -11 22 -17 -15
right_child=2 4 3 -5 -6 6 7 -9 9 10 -12 -13 13 23 15 17 19 -19 -20 -21 -22 -23 -24 -25
leaf_value=-0.0062455487231745715 -0.0035741562145834909 0.0067593174969570301 0.007023628434491112 -0.0020232736446852842 -0.0023549810011502625 -0.0032093011043752336 0.0014254904452586203 -0.0053071403245429465 0.012314204220954635 -0.0018534749066198848 -0.0010787292057200042 0.001431827153208016 0.007160833920448007 -0.002501884220611436 -0.0049934807889477142 0.0023513380015483813 0.0063869979508544127 -0.0029246249344005593 -0.0037754018402613816 -0.0029582190162567553 0.0063143561090694602 -0.00069261748722844853 0.012726939574527165 0.00071368674771548322
leaf_weight=18.435964904725552 124.87088595330715 38.36912178248167 16.496814891695976 25.488218896090984 12.575006723403929 305.18760874122381 306.92797780781984 22.676265254616737 18.341551333665848 14.497158862650393 71.742450274527073 15.688708394765852 18.408125177025795 82.693162500858307 24.454290106892586 15.289927028119559 21.179046891629696 21.62977959215641 10.11472115665674 14.451035045087336 47.428812734782696 10.239034086465834 20.288042604923252 536.93036253750324
leaf_count=124 965 252 120 220 88 2435 2294 168 102 86 440 97 119 569 184 117 169 166 85 117 277 91 148 3714
internal_value=1.86876e-05 0.000250201 -0.00222727 0.00172872 0.00448521 0.000106715 -0.000659132 0.00091787 0.000825513 0.00288613 0.00148567 0.00782139 0.000287417 0.000504608 -0.00183354 0.000649674 -0.002579 0.00255502 0.00473022 0.00263189 0.0043892 0.00673949 0.00879775 0.000273464
internal_weight=1814.4 1647.55 166.856 41.985 50.9441 1596.6 772.438 329.604 824.166 167.699 133.668 34.0303 656.468 638.032 442.833 102.016 340.818 77.5615 55.9317 35.6301 61.926 45.817 35.578 619.624
internal_count=13147 11842 1305 340 340 11502 5974 2462 5528 1002 803 199 4526 4402 3512 791 2721 607 441 286 363 356 265 4283
is_linear=0
shrinkage=0.01


Tree=209
num_leaves=25
num_cat=0
split_feature=32 313 234 270 13 79 73 174 29 94 11 185 302 300 195 84 151 42 309 94 313 197 124 298
split_gain=10.2088 10.4745 7.3615 14.1753 6.9405 6.83839 12.0801 10.1178 11.3129 11.9026 14.8164 10.0339 10.0103 8.99355 8.94982 8.87439 8.79881 10.0411 8.53252 9.72174 13.2249 9.83465 8.28316 8.05128
threshold=0.0015637226134585292 -0.06235710101046759 0.074506557589923403 0.081544631838749507 0.90927077235698361 96.439319725669733 315.53479370826329 62.015555555555558 0.24629810995307774 0.45438319374378938 0.44347104739143778 0.7956864564007422 0.0047638552699006834 0.24751487124711177 0.012861869313482219 24.980096215005432 0.090034642032332579 178.50000000000003 0.036352341555012831 0.55928699772949408 0.014607336237430284 -0.35797143344840282 5.5000000000000009 0.0035720086615225058
decision_type=2 2 2 2 10 2 2 10 2 10 10 8 2 2 10 2 10 2 2 10 2 8 2 2
left_child=5 4 -3 -4 -2 11 -7 14 -9 -10 12 -1 -11 -12 16 -15 17 -8 19 20 -13 -21 -22 -19
right_child=1 2 3 -5 -6 6 7 8 9 10 13 18 -14 15 -16 -17 -18 23 -20 21 22 -23 -24 -25
leaf_value=0.0035031753389767328 -0.0036888323786511009 -0.0059253860848910858 0.0067603139172274654 -0.0041706635468556552 0.0057672316376312814 -0.0006636923249329368 0.0069076538985732771 -0.0028251902711682016 0.0095272514975201575 0.0021679159227093172 -0.0054308421426796172 -0.0038654806999304059 0.0076945719387330512 -0.0023791464645944072 -0.004729972183255134 0.0083444261133043818 -0.0035299865390279266 -0.0009600360977961665 -0.0054148816043613568 -0.0001992844657022665 -7.0436607764198927e-05 0.011151514564745994 0.0089094386164472478 0.006655627579177913
leaf_weight=144.80247002840042 9.2798002138733882 65.984154783189297 14.372276820242403 35.348700262606144 19.970996268093586 934.03275385499001 27.633323468267918 31.520012065768242 25.198193788528442 100.58481081575155 29.37041225284338 53.004938900470734 49.08982127904892 15.88310754299164 35.763228356838226 10.51494677364826 36.108604304492474 81.510807484388351 23.118312381207943 13.96209232509136 24.970592372119427 13.312203317880632 14.302493162453173 13.767536573112009
leaf_count=883 87 701 142 345 189 6740 185 228 161 652 246 370 301 139 252 79 293 526 169 97 167 87 76 86
internal_value=5.71786e-05 -0.00246199 -0.00380211 -0.000797169 0.00267484 0.000279135 -1.14804e-05 0.00131536 0.00258798 0.00335746 0.00247626 0.00167515 0.0040967 -0.00184332 -0.000404938 0.00225342 0.000627443 0.00190898 -0.000205416 0.000895991 -0.00068435 0.0058366 0.00355621 0.000290931
internal_weight=1823.41 144.956 115.705 49.721 29.2508 1678.45 1390.98 456.945 262.161 230.641 205.443 287.473 149.675 55.7685 194.784 26.3981 159.02 122.912 142.671 119.552 92.278 27.2743 39.2731 95.2783
internal_count=13201 1464 1188 487 276 11737 9888 3148 1806 1578 1417 1849 953 464 1342 218 1090 797 966 797 613 184 243 612
is_linear=0
shrinkage=0.01


Tree=210
num_leaves=25
num_cat=0
split_feature=271 39 39 271 307 189 297 136 307 105 51 299 193 209 184 3 128 23 62 319 193 38 297 297
split_gain=9.48572 10.0107 8.53652 11.4882 10.2983 10.1788 9.79522 9.1358 9.78778 11.7466 9.40002 10.3915 9.18876 16.8268 15.092 12.3228 10.7211 10.3316 9.09377 13.588 8.65647 8.61364 10.7129 12.5192
threshold=0.052674495872370851 0.024270660407109242 0.079184234541233023 0.17783687877158652 0.032893559060222712 -0.031996346613608416 0.067884150030248044 0.32339757506930766 -0.020828566852871638 0.94659944463895329 226.50000000000003 0.014811714154583768 0.7649616368286446 0.69162772585669796 2.304044164484488 2.4993481399758042 -0.35601067602610764 -0.48592762090330072 117.50000000000001 -0.10594411400300589 0.78056648308418575 0.29741075917546511 0.015624016665511132 0.054966916831826231
decision_type=2 2 2 2 2 8 2 2 2 10 2 2 10 2 8 2 10 8 2 2 10 2 2 2
left_child=1 -1 4 21 7 -5 -6 8 -2 12 -11 -12 13 14 -10 18 -14 -17 -15 -20 -18 -4 -23 -24
right_child=2 -3 3 5 6 -7 -8 -9 9 10 11 -13 16 15 -16 17 20 -19 19 -21 -22 22 23 -25
leaf_value=4.8418565985973281e-05 -0.0016272798925495195 -0.0035774861939825639 -0.0042345187890228597 0.00071808268781878716 0.010934646454007262 0.009176826234507645 0 -0.0032600731177948213 -0.0012048348200781607 0.0017321049059421303 0.0099236256321483512 0.0010309795899071572 -0.0067532956620205411 0.011045076364743799 0.0085805548363809929 0.009413413861463724 -0.0051874294554735299 0.00032348049560232926 -0.0026108811345390997 0.0085650353101098704 0.00062403832661549359 -0.0018334961034599606 0.0057089464788972165 -0.0033648673190976829
leaf_weight=170.01114678382874 125.78757826238871 134.17245665937662 92.458412021398544 129.61819656938314 16.656134895980362 13.292931132018564 14.005245022475718 52.119424685835838 162.91605953872204 90.362923592329025 37.030610032379627 21.076301261782646 22.349603340029716 31.737698003649712 14.572635278105734 11.941168986260889 25.578727066516876 84.422267004847527 18.014337807893753 20.851390570402145 258.13493130356073 204.27472576498985 43.31714403629303 20.260500594973564
leaf_count=1385 910 1222 669 761 119 83 104 365 1103 641 232 144 174 204 106 85 182 621 109 124 1869 1479 298 150
internal_value=3.61726e-05 -0.00156594 0.000361747 -0.000698195 0.000892607 0.00167531 0.00635173 0.000702315 0.000936019 0.00134516 0.00385818 0.00691307 0.000755784 0.00187013 -0.000273306 0.00412105 -0.000500737 0.00169735 0.00722171 0.00353573 5.03426e-05 -0.00164813 -0.000716551 0.00278191
internal_weight=1814.96 304.184 1510.78 503.222 1007.56 142.911 30.6614 976.896 924.776 798.989 148.47 58.1069 650.519 344.456 177.489 166.967 306.063 96.3634 70.6034 38.8657 283.714 360.311 267.852 63.5776
internal_count=13139 2607 10532 3440 7092 844 223 6869 6504 5594 1017 376 4577 2352 1209 1143 2225 706 437 233 2051 2596 1927 448
is_linear=0
shrinkage=0.01


Tree=211
num_leaves=25
num_cat=0
split_feature=99 20 32 284 122 105 103 113 42 165 147 165 114 229 120 304 27 97 176 123 287 261 48 181
split_gain=8.47131 11.8208 9.53188 9.37 8.89737 8.55669 8.41777 11.0561 8.3964 8.52968 8.27333 8.19061 10.2917 12.118 11.0744 9.76107 9.18435 13.8199 9.46865 10.923 10.9148 12.4294 13.1812 9.83812
threshold=1.2991274216249038 1.0800916303881238 0.0014316399604838677 0.0015741334061282755 0.8026133364221909 1.134171490328989 1.6428132559348676 0.60298437638816826 92.500000000000014 179.75082175925928 0.11073791463318419 179.69227430555557 0.74812142738541942 -0.42113916590296713 0.80910960197290394 0.035452357925762241 0.8115188167831292 -0.38374580034258771 12.49647391275524 1.0128990582630806 -0.020236088864127023 0.080206109232986281 81.500000000000014 0.14085597174377537
decision_type=10 10 2 8 10 10 10 10 2 2 10 2 8 2 10 2 2 10 2 8 2 8 2 2
left_child=1 2 4 -4 5 6 11 -8 10 -10 -7 16 14 -14 -13 -16 17 -1 20 23 -19 22 -22 -20
right_child=-2 -3 3 -5 -6 8 7 -9 9 -11 -12 12 13 -15 15 -17 -18 18 19 -21 21 -23 -24 -25
leaf_value=0.0065733059161846444 -0.0046369338049671487 0.0050869538681849206 8.3803372516494767e-05 -0.0048913110236338316 -0.0014859901603215156 -0.0057990229028652808 -0.0029486531775355963 0.006529175628245577 0.0092420382831689112 0.00063257274421576386 0.0025689458321993463 0.0020598009757817623 -0.0022340942931214081 0.0050272124418804503 -0.0028079064595815978 0.0044219137333550195 -0.0021158877836739941 -0.0011068553364244407 -0.0012149868179199548 -0.0034978748456606775 0.0050710227396109321 0.0085518816116177242 -0.0015637292584245917 0.0057317914931255144
leaf_weight=33.520619571208954 32.826956383883953 46.990215122699738 79.757683336734772 68.391985058784485 218.54324702173471 12.195246152579783 115.15637446194887 10.998709090054033 30.954823821783066 18.519001856446266 52.374125726521015 215.24379264563322 25.926362067461014 128.47927571833134 108.56191283464432 19.706969864666462 158.09874060750008 96.905248366296291 56.395120240747929 111.01796227693558 53.43476115167141 30.725380830466747 61.535990387201309 28.323098719120026
leaf_count=188 304 336 790 703 1906 88 952 73 183 106 319 1331 150 757 797 149 1093 644 348 800 354 201 390 167
internal_value=0.000187512 0.000284202 0.000145424 -0.00225503 0.00037383 0.000674128 0.000430952 -0.00198893 0.00326401 0.00624799 0.000795739 0.000706831 0.0016615 0.0037832 0.00068169 -0.00161769 -5.02129e-05 0.000648294 0.000153502 -0.0014685 0.00146814 0.00317603 0.00155923 0.00120653
internal_weight=1814.58 1781.76 1734.77 148.15 1586.62 1368.07 1254.03 126.155 114.043 49.4738 64.5694 1127.88 497.918 154.406 343.513 128.269 629.957 471.858 438.338 195.736 242.601 145.696 114.971 84.7182
internal_count=13129 12825 12489 1493 10996 9090 8394 1025 696 289 407 7369 3184 907 2277 946 4185 3092 2904 1315 1589 945 744 515
is_linear=0
shrinkage=0.01


Tree=212
num_leaves=25
num_cat=0
split_feature=153 20 153 46 39 262 217 209 302 51 209 153 105 311 81 65 114 100 70 198 323 176 90 190
split_gain=11.2637 14.3556 11.1775 8.85103 10.0868 9.03957 8.68171 17.3278 10.5423 7.45782 7.38033 8.95478 11.1205 9.5058 9.10878 10.855 9.43813 12.1801 11.1102 12.0502 9.52704 9.51622 9.32721 9.6895
threshold=0.050059665871121727 1.1191073177564022 0.045084975438992723 1.0000000180025095e-35 0.051631920373783328 -0.99788036317089934 0.78389189189189201 0.70980054173848817 -0.0036312424010965304 460.50000000000006 0.45346320346320351 0.01564247762863535 1.3824999942590697 -0.13322798990769361 -0.15220359321469745 0.92917897485939605 0.71170873479357177 0.72973387752102048 0.47474714348821306 84.500000000000014 405.50000000000006 12.023412418761259 6.1636785579990905 77.500000000000014
decision_type=10 10 10 2 2 8 2 2 2 2 2 8 10 2 8 10 10 10 10 2 2 2 2 2
left_child=1 2 3 5 -5 -1 7 -6 -9 -8 -7 12 13 14 -12 -16 17 18 -17 -20 -18 -19 -23 -24
right_child=-2 -3 -4 4 6 10 9 8 -10 -11 11 -13 -14 -15 15 16 20 21 19 -21 -22 22 23 -25
leaf_value=0.0064232665419593831 -0.0034023156618307594 0.0066403862140667572 0.0084221296544752487 -0.0060588583402565238 -0.0027073070624530501 0.0046300307675519519 -0.0056620345796821016 0.0133736417487432 0.0016279365469832332 0.0013543334677728917 -0.0035824427620645277 -0.0022801502536695093 0.0057223386387912703 -0.0014956950560649823 0.0059205580358682912 -0.001277097442035149 0.00041167480416027819 -0.0049168176929765672 0.0014463971603313223 0.008607040102926183 0.0033615336535816327 0.00099392956808203297 -0.0066215932697756266 0.0012036649639863418
leaf_weight=20.683634482324123 86.730021372437477 31.452309370040894 13.163774028420447 44.339936628937721 36.494855396449566 33.423620387911797 40.38756375014782 12.133689142763616 17.947401903569698 21.580467656254768 46.496917344629765 143.99168565869331 34.246091865003109 268.79078291356564 37.270159989595413 94.880209788680077 267.74882289767265 70.6412523239851 102.499751098454 28.519189953804016 184.5731168910861 120.04491678625345 38.577421084046364 24.060523010790348
leaf_count=101 805 213 114 472 335 221 405 112 166 203 291 1210 205 1934 216 614 1719 541 643 164 1133 904 294 172
internal_value=5.51596e-05 0.000233962 0.000104152 2.47106e-05 -0.00209946 0.000271016 -0.000624553 0.00183829 0.00714153 -0.00325072 0.000173254 6.19208e-05 0.000322842 0.000165744 0.000609526 0.000821638 0.000599176 -0.000376568 0.00130051 0.00316218 0.00163107 -0.00187387 -0.000634488 -0.0036785
internal_weight=1820.68 1733.95 1702.5 1689.33 172.884 1516.45 128.544 66.5759 30.0811 61.968 1495.76 1462.34 1318.35 1284.1 1015.31 968.815 931.545 479.223 225.899 131.019 452.322 253.324 182.683 62.6379
internal_count=13187 12382 12169 12055 1693 10362 1221 613 278 608 10261 10040 8830 8625 6691 6400 6184 3332 1421 807 2852 1911 1370 466
is_linear=0
shrinkage=0.01


Tree=213
num_leaves=25
num_cat=0
split_feature=233 152 105 280 72 302 105 116 92 312 291 77 245 287 162 100 251 297 299 76 136 217 155 103
split_gain=8.85796 8.47263 14.7088 12.0779 10.7228 13.6834 12.1674 12.0049 20.5513 15.7024 11.789 12.923 11.503 10.7084 10.6989 13.4052 13.4016 10.6627 9.97159 9.91593 11.7046 9.8062 9.50214 8.9403
threshold=0.87513213530655409 0.12185120558375635 1.1704585881849976 0.068085106382877333 -147.02482690730196 0.05696097958175466 0.33926448388465269 -0.16900300018275616 453.50000000000006 -0.40834204814212888 0.36515182169387733 3.0938428310635673 -0.91692353527494352 0.026881872374803759 0.0025806494578971208 0.64388791173500859 0.044583333333333343 0.050972326266765178 -0.0011874003680319432 0.73133158150270239 0.24172100915758624 0.85990654205607486 0.019590398436954856 0.23162048250293341
decision_type=2 10 10 2 2 2 8 10 2 2 2 8 2 2 10 10 2 2 2 10 2 2 10 10
left_child=1 2 4 22 5 7 -6 21 9 12 -8 13 -9 14 -12 -16 -17 19 -14 -15 -21 -1 -4 -23
right_child=-2 -3 3 -5 6 -7 10 8 -10 -11 11 -13 18 17 15 16 -18 -19 -20 20 -22 23 -24 -25
leaf_value=-0.00038492446957812208 -0.0021102800280783872 -0.0019338222388500313 -0.0044964560569662028 0.0059735485000436362 -0.002955137782883502 0.0096314314788298258 0.0049770460349751492 0.008426666722257295 -0.003036842485034684 0.010740655053644372 -0.0021542960229842274 -0.0021937420308890542 0.0040316380030377278 -0.001171273583783958 0.0095990223368484645 -0.0038602015570012812 0.0020386643796877863 -0.0029566964981885564 -0.0069570863418690065 0.0025563983619147214 0.012401936381252919 -0.00077990497750036808 0.0037497637525843943 0.0087382051716958439
leaf_weight=340.06985272467136 167.94785241782665 153.45695175230503 23.937711104750633 81.67735893279314 158.22103972733021 16.450625404715538 43.319861546158791 14.097913347184656 29.536221638321877 39.3603555560112 138.88351196795702 223.22345563769341 12.945879906415939 15.093055814504622 15.331388935446737 47.960545264184475 156.31425831466913 15.830902732908724 14.683383017778397 25.705892667174339 24.273016750812531 15.783848367631434 26.364924609661102 21.021198526024818
leaf_count=2258 1318 1354 158 521 1233 108 303 85 204 260 1013 1801 87 96 86 317 1028 111 104 173 166 97 166 155
internal_value=5.74715e-05 0.000281498 0.000512021 0.00366397 0.000200258 0.00135597 -0.000474789 0.00102048 0.00387263 0.00641906 8.93196e-05 -0.000248587 0.00189518 0.000745063 -4.18526e-06 0.00136119 0.000614878 0.00396467 -0.00187923 0.00571663 0.00776695 0.000157927 -0.000185973 0.00486745
internal_weight=1821.49 1653.54 1500.09 131.98 1368.11 503.949 864.157 487.499 110.624 81.0875 705.936 662.616 41.7272 439.393 358.49 219.606 204.275 80.9029 27.6293 65.072 49.9789 376.875 50.3026 36.805
internal_count=13202 11884 10530 845 9685 3358 6327 3250 740 536 5094 4791 276 2990 2444 1431 1345 546 191 435 339 2510 324 252
is_linear=0
shrinkage=0.01


Tree=214
num_leaves=25
num_cat=0
split_feature=233 218 234 147 114 282 127 123 64 280 11 76 114 11 115 155 28 306 1 125 127 200 97 169
split_gain=9.57408 8.5616 8.9987 10.2028 9.9331 12.0703 9.61461 11.1483 12.763 8.74698 9.15833 7.74996 12.7626 12.6185 10.7469 10.1315 10.0543 10.5146 9.7912 8.73313 8.61849 8.14167 8.08404 8.83281
threshold=0.87513213530655409 0.094392033542976955 0.10496913580246915 0.17057449147883455 0.66994751735971381 0.055806825709021728 -0.64040771505060723 0.12904842761423452 0.69188988090829795 0.048307115324433152 0.29083536182923059 0.70338746342682812 0.41528944977898302 0.49322738183345821 -0.45884382004409979 0.010217130330393029 0.2454349477155057 0.84739875736507142 0.5881324398340263 0.45567154127320558 -0.75491937851436697 0.46230900709749195 0.087048621603932494 57.500000000000007
decision_type=2 2 2 10 8 10 8 10 10 2 10 10 8 10 10 8 2 2 2 10 8 2 10 2
left_child=1 11 6 -4 5 -5 -3 -8 -9 10 -10 12 -1 20 15 -14 18 -18 -15 21 -13 -17 23 -22
right_child=-2 2 3 4 -6 -7 7 8 9 -11 -12 13 14 16 -16 19 17 -19 -20 -21 22 -23 -24 -25
leaf_value=-0.0035345266175039508 -0.0022027308869791767 -0.0019388457313209376 -0.0026984370546450131 -0.0067616754999396131 0.0069195183238624919 0.0040664808532175365 0.010335351851522076 -0.0022734753309937108 0.0053627776013301914 0.0058953729919489365 -0.0038053750504660755 0.0045743291162824292 -0.0018539586376128626 -0.0046165850879226781 0.0075111853108821795 0.0046518653712477424 -0.0020523070760432652 0.0067607179450349508 0.0048606221849107293 0.0074934201911049702 -0.0037922358596041857 -0.0025219747987757475 0.00032657233988818576 0.0015552419209881288
leaf_weight=36.945397645235062 167.35017734766006 32.872307553887367 78.038512125611305 15.860092848539351 26.666534587740898 20.072083123028278 20.422692887485027 36.545045338571072 16.533104099333286 91.237781465053558 22.039851374924183 37.995719403028488 55.10879784822464 142.88763716071844 34.74351828545332 28.332414165139198 36.829721041023731 17.731453657150269 9.4066650718450529 31.536252461373806 103.27796353399754 29.353830397129059 679.94426164031029 41.408268623054028
leaf_count=245 1310 238 548 106 159 131 113 240 106 644 173 279 366 1234 216 165 316 148 83 178 714 175 4972 274
internal_value=5.48002e-05 0.000288367 0.00164442 -0.000322949 0.00261159 -0.000832113 0.00289666 0.00376932 0.00279729 0.00425057 0.000198167 -9.36978e-05 0.00162043 -0.000444244 0.0027281 0.0014471 -0.0026446 0.000986993 -0.00394642 0.00349128 8.91755e-05 0.0010377 -0.000131254 -0.0022545
internal_weight=1813.14 1645.79 360.288 140.637 62.5987 35.9322 219.651 186.778 166.356 129.811 38.573 1285.5 216.02 1069.48 179.075 144.331 206.855 54.5612 152.294 89.2225 862.626 57.6862 824.63 144.686
internal_count=13133 11823 2458 944 396 237 1514 1276 1163 923 279 9365 1345 8020 1100 884 1781 464 1317 518 6239 340 5960 988
is_linear=0
shrinkage=0.01


Tree=215
num_leaves=25
num_cat=0
split_feature=32 85 63 204 55 73 122 29 168 29 155 104 116 172 244 208 153 79 126 216 91 108 85 217
split_gain=9.14766 8.83058 8.53592 8.70136 10.1444 8.52362 10.6084 9.23703 10.3541 12.2419 14.9122 9.40829 8.55867 11.94 11.6615 8.76554 9.2213 8.69903 9.87155 9.45135 8.36141 8.27647 7.9618 7.60181
threshold=0.0014316399604838677 181.26176811803586 -0.092984054768521077 0.3244428639165482 2.0203578848688579 322.47232286924384 0.2472210926949053 0.25491683775179269 162.50000000000003 0.26809081056414358 0.019298811903313517 14.500000000000002 -0.026514319359317896 10.684305555555559 0.015694444444444448 3.354358141951169 0.050059665871121727 108.44633656916089 0.85290495940224276 1.4671400702158548 81.65857070217595 1.5496582370002019 133.29614935120773 0.74427347438363356
decision_type=2 2 10 2 2 2 10 2 2 2 10 2 8 8 2 2 10 2 8 2 2 10 2 2
left_child=5 2 3 4 -2 6 -1 22 11 10 -10 -9 -8 15 -15 21 -17 19 -19 -16 -13 -14 23 -7
right_child=1 -3 -4 -5 -6 7 12 8 9 -11 -12 20 13 14 17 16 -18 18 -20 -21 -22 -23 -24 -25
leaf_value=0.000652307355175844 -0.0018262253682320103 0.0057990100048926621 -0.0053896115078185015 -0.0058106396028491623 0.0065064151370439272 0.0054975152901468429 -0.0033943077848547221 -0.00034786045729719628 -0.00019972973098383076 4.8328934191936633e-05 0.0095982471762674597 0.0093674824812156384 -0.0030423806144217035 0.010018040368645271 6.7378228293132016e-05 0.0072068957660915787 -0.0038782305491317443 0.0025645784103944104 -0.0034592496360957205 0.011315126184632927 0.00047552176285095923 0.004765019079433685 -0.0045087502370464048 -0.0015503103151222311
leaf_weight=719.95208200067282 34.290589407086372 9.9866843894124013 68.188674315810204 19.563300617039204 21.377612181007862 21.679331727325916 131.84334307909012 20.801550082862377 28.021703369915485 197.64185808598995 31.166204355657101 44.48956748098135 196.55620218068361 12.641831725835798 15.759496591985227 17.510756514966491 9.4982024654746038 49.697673097252846 53.54851858317852 11.745424166321753 14.337548568844793 11.973703555762766 39.159949228167534 38.056634671986103
leaf_count=4493 333 90 724 193 214 145 1143 164 199 1336 201 291 1547 94 123 133 87 391 462 85 99 86 267 284
internal_value=8.04422e-05 -0.00223269 -0.00290062 -0.000517689 0.00151692 0.00029747 -0.000127919 0.00149537 0.0022819 0.00127057 0.00514651 0.00537544 -0.00122716 -0.00045085 0.00179912 -0.00182996 0.00327666 0.000800792 -0.000559118 0.00551335 0.00733841 -0.00253129 -0.00115961 0.00112477
internal_weight=1819.49 153.407 143.42 75.2315 55.6682 1666.08 1230.73 435.354 336.458 256.83 59.1879 79.6287 510.775 378.932 143.393 235.539 27.009 130.751 103.246 27.5049 58.8271 208.53 98.8959 59.736
internal_count=13184 1554 1464 740 547 11630 8644 2986 2290 1736 400 554 4151 3008 1155 1853 220 1061 853 208 390 1633 696 429
is_linear=0
shrinkage=0.01


Tree=216
num_leaves=25
num_cat=0
split_feature=32 270 118 73 11 106 175 155 75 48 315 294 312 109 84 28 126 321 216 245 270 118 290 11
split_gain=9.31774 8.96856 8.4047 8.02293 11.6283 11.3489 11.3385 11.1364 10.2462 15.0569 17.6717 10.393 10.2255 9.64554 9.54672 9.48999 10.0437 9.40839 9.11524 8.98514 8.78575 9.21607 8.11622 9.18282
threshold=0.0014316399604838677 0.054802181974196319 20.500000000000004 315.53479370826329 0.50121577162652076 0.73642470740470445 6.5147306834537391 0.0040040080160320653 -0.51264193702449345 116.50000000000001 -0.11366927539157171 0.019439081939082007 -0.23258198919317688 0.63011493046225919 -5.1590611489947795 0.21822407091199933 0.62610668587231233 7.5000000000000009 0.84070781487182134 -0.96028648476678569 0.10640931114388036 153.50000000000003 0.029956435901952235 0.70524050297330809
decision_type=2 2 2 2 10 10 10 10 8 2 2 2 2 8 2 2 8 2 2 2 2 2 2 10
left_child=3 -2 -3 8 5 20 -7 12 9 10 14 -11 -6 -9 -1 18 -17 -8 -16 -10 21 -5 -21 -24
right_child=1 2 -4 4 7 6 17 13 19 11 -12 -13 -14 -15 15 16 -18 -19 -20 22 -22 -23 23 -25
leaf_value=0.00013693346462607432 -0.0062925458288144026 -0.0055622934194503159 0.00061741496581497535 0.0024058884148763014 -0.0014031494782932295 -0.00072384149466459696 0.003624567595738125 0.0043931117726686963 -0.005495747002542105 -0.0056702468367734928 -0.0040929511448261485 0.00360420137855786 0.0090229313596532929 -0.0052657053548171321 -0.0038364225161804134 0.0094962622463733749 0.0020591274132348942 0.011979512423158707 0.0058048801077103009 0.0035541433695271815 -0.0044630164508915977 -0.0037380692855121024 -0.00041027468635835217 -0.0042666220001767279
leaf_weight=45.237401187419891 39.259654827415943 26.033895865082741 89.875971578061581 222.54410531371832 21.00521644949913 21.238099873065948 33.783009871840477 9.9917337596416456 34.594502784311771 38.314802907407284 28.641034536063671 14.708257563412188 13.142051517963408 60.7308499366045 17.394672900438309 59.316664300858974 28.884109064936638 25.390217252075672 16.200331024825573 44.238721929490566 22.228364109992981 24.710810743272305 811.98588943481445 64.194105207920074
leaf_count=250 444 274 857 1461 158 141 226 73 229 213 183 83 90 513 100 326 163 157 88 326 142 163 5967 537
internal_value=-9.70958e-06 -0.00233074 -0.000861915 0.000210455 0.00133794 0.00221093 0.00544739 -0.00154687 -0.000216822 0.00157875 0.00285735 -0.00302704 0.00296692 -0.00377043 0.00410357 0.00553205 0.00721207 0.00761032 0.000875207 -0.00068876 0.00119475 0.00175234 -0.00049064 -0.000706837
internal_weight=1813.64 155.17 115.91 1658.47 454.764 349.895 80.4113 104.87 1203.71 248.697 195.674 53.0231 34.1473 70.7226 167.033 121.796 88.2008 59.1732 33.595 955.013 269.483 247.255 920.419 876.18
internal_count=13164 1575 1131 11589 3124 2290 524 834 8465 1406 1110 296 248 586 927 677 489 383 188 7059 1766 1624 6830 6504
is_linear=0
shrinkage=0.01


Tree=217
num_leaves=25
num_cat=0
split_feature=254 299 131 274 70 14 11 109 150 109 161 216 184 268 202 256 197 240 256 321 256 87 89 28
split_gain=11.09 9.43559 8.81307 7.23251 11.7615 8.38393 11.786 13.2996 8.26749 15.9761 14.093 11.8431 9.97794 9.40598 9.1289 8.86687 10.4373 8.59671 8.38602 8.35544 8.34481 8.80144 8.27601 8.1791
threshold=227.50000000000003 -0.05604583296183379 0.37530696854581952 5.353059782939285 0.76267077761012991 0.067657022381074503 0.24753830367926466 1.7412026458923391 0.048826334128002941 1.2750833874298624 0.0038535788535788542 1.7565580267163361 -0.072240938208095684 0.21271249071477796 0.065318976026005698 116.50000000000001 -0.18052143743122567 -0.26609585683746523 104.50000000000001 3.5000000000000004 176.50000000000003 1.8439635047403631 1.7742347428024206 0.23626830739975502
decision_type=2 2 8 2 10 2 10 8 10 10 10 2 10 2 2 2 10 2 2 2 2 8 8 2
left_child=1 -1 -3 4 8 -6 7 -7 10 -10 11 13 -12 -4 -15 16 -11 -16 19 -14 21 22 -19 -5
right_child=-2 2 3 23 5 6 -8 -9 9 15 12 -13 18 14 17 -17 -18 20 -20 -21 -22 -23 -24 -25
leaf_value=0.0013529595135216108 0.0043380823639695924 0.0054775205862704355 0.0063142386934487505 -0.0022763079761025382 0.0087608421869631008 -0.0021464027239511073 -0.0051743591334420212 0.011063571449669825 -0.0034805047228400965 -0.0025839230955580438 -0.0040642856058874062 -0.006732847813036423 0.0131941658576559 -0.0032085113489396739 -0.0022877646075504204 0.0050292900015478682 0.0040233561156941813 0.0018912166177259943 0.001465190832048893 0.0042251090216716396 -0.0035401580286559156 -0.0018194969473464342 0.0097566082873760673 1.6919523984249675e-05
leaf_weight=344.71642061322927 54.703948326408863 21.51260782033205 19.505247548222542 387.20471924543381 21.733826749026775 12.496667869389059 15.152706421911715 13.69898948818445 175.35833525657654 72.907398499548435 12.741298571228979 25.25871355086565 14.811394087970255 76.056581102311611 46.625727444887161 36.824516482651234 32.078942343592644 27.460670568048958 48.401088386774063 38.240816161036491 14.211082138121126 16.552006416022778 27.748043149709698 257.15810975432396
leaf_count=2448 361 130 125 3041 132 89 113 88 1445 527 79 177 87 525 303 228 223 166 277 233 89 110 171 1975
internal_value=1.76314e-05 -0.000122979 -0.000485567 -0.000589397 7.8852e-05 0.00411457 0.00124334 0.00513344 -0.00030691 -0.0014842 0.000709697 -0.000606085 0.00358213 0.000142262 -0.000506978 0.000997247 -0.000502873 0.00106993 0.00463665 0.00729048 0.00291723 0.00429566 0.00614576 -0.00136349
internal_weight=1813.16 1758.46 1413.74 1392.23 747.864 63.0822 41.3484 26.1957 684.782 317.169 367.613 253.418 114.195 228.159 208.654 141.811 104.986 132.598 101.453 53.0522 85.9718 71.7607 55.2087 644.363
internal_count=13142 12781 10333 10203 5187 422 290 177 4765 2423 2342 1666 676 1489 1364 978 750 839 597 320 536 447 337 5016
is_linear=0
shrinkage=0.01


Tree=218
num_leaves=25
num_cat=0
split_feature=153 153 32 39 65 105 21 160 207 100 313 303 276 156 260 262 14 5 146 106 235 108 111 144
split_gain=9.36962 11.7959 10.183 8.56453 7.86854 8.84365 13.8936 9.72562 11.7409 11.7995 10.3334 9.3729 12.9756 13.114 13.7663 12.0182 10.7499 9.04094 11.0453 11.4976 11.9332 8.88316 8.48981 8.47761
threshold=0.049443833272216117 0.045084975438992723 0.0014316399604838677 0.051631920373783328 0.92917897485939605 0.96109023611504363 0.23707008905035606 0.067583317583317606 -0.64359811553209212 0.87440435996824928 0.031378777686424005 0.0012459811876928603 2.4417036130297878 0.098637879911045237 -0.044300898777936019 0.15154663684440603 0.11407222096979837 -2.7896573550751058 0.066752356469580124 0.65632701250066894 0.0043715899209769435 0.64431209913274734 0.62467366733815721 0.018209450124343742
decision_type=10 10 2 2 8 10 8 8 2 8 2 2 2 8 8 10 2 2 10 10 2 10 8 10
left_child=1 2 4 -4 -1 6 7 22 9 -9 -11 12 -10 14 -14 -16 -13 -8 19 -19 -21 -17 -6 -18
right_child=-2 -3 3 -5 5 -7 17 8 11 10 -12 16 13 -15 15 21 23 18 -20 20 -22 -23 -24 -25
leaf_value=0.0031961844428431471 -0.0029982871004142261 0.0086175671603853487 -0.0064981013398850221 -0.00087377578725942912 0.0054620444400667731 0.001714842924410595 0.0028100108620184483 -0.0016302319908009391 0.0069721520171054955 0.003804840101049858 0.013071435989531146 0.008098293894396133 -0.004728083607138233 -0.0046179628488181874 0.0098274750240372466 -0.0050706472117219101 0.004532608812514871 -0.0031814394266643123 -0.0059612737038770222 -0.0013623468253759722 0.011233434977181047 0.003511588776935986 -0.00059637198817733504 -0.0044343479924455797
leaf_weight=92.912116371095181 89.639473721385002 13.923846773803232 34.529019393026829 104.53873547911644 21.157012969255451 315.14902977645397 24.804888047277927 18.073405019938946 17.775248132646084 37.59016590565443 18.345107577741146 28.793871335685253 26.625631041824818 70.125801287591457 17.834881730377674 15.295813016593454 18.554290033876896 62.631479226052761 82.646156474947929 15.352268375456335 10.765438430011271 33.145783111453056 629.82091344892979 17.938600189983845
leaf_count=562 836 116 387 1018 128 2121 208 110 119 239 111 181 184 490 117 117 126 540 752 143 91 212 4143 122
internal_value=0.000102272 0.000268321 0.000185781 -0.00237947 0.000416752 0.000236089 -0.000165484 0.000326022 0.00174567 0.00516158 0.00734602 0.000667139 -0.000511507 -0.00143898 0.00101589 0.00343754 0.00383131 -0.00257316 -0.00339114 -0.000876071 0.00438721 0.000651221 -0.000375052 9.71714e-05
internal_weight=1817.97 1728.33 1714.41 139.068 1575.34 1482.43 1167.28 971.077 320.099 74.0087 55.9353 246.09 180.803 163.028 92.9021 66.2765 65.2868 196.2 171.395 88.7492 26.1177 48.4416 650.978 36.4929
internal_count=13173 12337 12221 1405 10816 10254 8133 6399 2128 460 350 1668 1239 1120 630 446 429 1734 1526 774 234 329 4271 248
is_linear=0
shrinkage=0.01


Tree=219
num_leaves=25
num_cat=0
split_feature=153 153 109 103 109 150 69 114 77 184 303 111 290 103 97 309 232 97 106 174 289 119 196 40
split_gain=8.82852 15.9826 12.7562 9.72612 14.1779 12.7116 12.6067 11.1039 8.59483 10.1512 10.6813 10.3373 8.57414 8.50222 8.44755 10.3372 10.7649 8.32114 13.3661 10.7817 9.57852 8.90529 8.10007 8.97949
threshold=0.049443833272216117 0.045084975438992723 2.290809100281376 1.6428132559348676 1.5514969909512419 0.048826334128002941 0.1486960484291491 1.0397670966135726 3.1187112803743831 1.178830451084772 -0.0026030373662908348 3.382800620142238 0.029956435901952235 2.0119178091557894 0.087048621603932494 -0.0030218230735931102 2.0955701674590856 0.16793645071814264 0.62381666173014849 152.95000000000002 -0.076032454721102746 0.053422557383256332 0.28514963297571999 0.0026402651767322058
decision_type=10 10 10 10 10 10 10 10 10 8 2 8 2 10 8 2 2 10 8 10 2 8 8 2
left_child=1 2 3 4 5 14 7 12 9 11 -11 -6 -5 -9 -1 -16 -17 20 -19 22 -7 -21 -20 -24
right_child=-2 -3 -4 6 8 17 -8 13 -10 10 -12 -13 -14 -15 15 16 -18 18 19 21 -22 -23 23 -25
leaf_value=0.00040311831000416063 -0.0030052949884804415 0.0099250477045915338 0.005490733537488416 0.0042778619534029703 0.0047372640220271914 0.001818818686140444 0.00191888205535588 0.005296711247735118 -0.00044559418884888803 0 0.008196453170222948 -0.0040545304462578213 -0.0039936463422516524 -0.0030907126683166037 9.6707452565496588e-05 0.0094083096781874907 -0.00026562044867407413 -0.0015979653223845956 0.0013539366762027275 0.0046502062636004397 -0.0039583026820607095 -0.0052653215566449661 0.0014027226072221932 0.011146244270572845
leaf_weight=481.91926960647106 88.507038176059723 13.844286166131495 39.794703155755997 10.949323728680609 24.653813175857067 33.353732787072659 78.024606823921204 26.124577723443508 54.448937714099884 20.601056031882763 63.874837107956409 23.183833681046963 206.60898193717003 18.138531677424908 46.389139614999294 35.68329781293869 15.896391712129114 260.2799611017108 51.802711561322212 10.689055316150187 148.92864575982094 25.360447727143764 16.931549735367298 22.620769612491131
leaf_count=3061 826 116 246 90 140 254 566 181 349 121 366 146 1847 148 281 226 100 1962 390 70 1218 209 122 159
internal_value=2.40939e-05 0.000184324 8.88927e-05 -4.7801e-05 0.000336273 -8.04524e-05 -0.00155158 -0.00259911 0.00287005 0.00422265 0.00625287 0.000468071 -0.003523 0.00185907 0.000958685 0.00359319 0.00655008 -0.00113895 -0.000300834 0.00231843 -0.00288407 -0.00217438 0.00411416 0.00737253
internal_weight=1818.61 1730.1 1716.26 1676.46 1336.62 1149.85 339.846 261.821 186.762 132.314 84.4759 47.8376 217.558 44.2631 579.888 97.9688 51.5797 569.967 387.684 127.405 182.282 36.0495 91.355 39.5523
internal_count=13194 12368 12252 12006 9174 8052 2832 2266 1122 773 487 286 1937 329 3668 607 326 4384 2912 950 1472 279 671 281
is_linear=0
shrinkage=0.01


Tree=220
num_leaves=25
num_cat=0
split_feature=153 109 70 65 234 39 114 176 95 109 122 165 244 245 149 305 20 19 147 3 140 128 35 309
split_gain=8.1906 13.8884 11.1764 8.58418 9.7693 7.69523 11.2058 9.84654 7.68343 7.68087 12.5 9.47751 22.6201 11.4608 14.45 10.2422 9.95358 7.77914 12.4113 10.084 12.9287 8.2795 8.86628 7.40195
threshold=0.01564247762863535 1.7588197241736621 0.79321924527543086 2.7487325202582356 0.055605425892679035 0.069461862644305108 0.78362945522339567 12.520713491180677 -0.48631771212215347 1.2469916402469974 -0.036444640190500595 179.53714699074078 0.011527777777777781 -0.57585496989784601 0.26401991614255771 0.31245328848516779 0.59041057567308541 -0.12750518137435699 0.23763317396378422 2.5184403364723793 0.0065181985554454052 0.42620823976910377 0.005293340244796556 -0.054750643108190604
decision_type=10 10 8 8 2 2 10 2 10 8 10 2 2 2 8 2 10 10 10 2 2 10 2 2
left_child=1 3 -2 9 -5 6 -6 -7 23 10 -1 13 -13 -11 16 -14 -15 -12 21 20 -20 22 -19 -4
right_child=2 -3 8 4 5 7 -8 -9 -10 11 17 12 15 14 -16 -17 -18 18 19 -21 -22 -23 -24 -25
leaf_value=0.00080989988654205439 -0.0043767064972870104 0.0030210636933910035 0.0058202144472731662 -0.0031106357610823439 -0.00073348639092406817 0.0011956381064005858 0.0082922818256302433 -0.0046049110244793454 0.0068592222720884766 0.0047474139149490486 -0.0043384091493992505 -0.00088229203347407064 0 -0.0044626783560668569 0.0066256607580243891 0.0096480704557107486 0.0039680325446139883 -0.0019050781025082585 -0.0014043994801682448 -0.0021726624690383066 0.010835468042673498 -0.0043322669292922894 0.0078037498758443602 -0.0012944323992914858
leaf_weight=515.10164972394705 90.196246072649956 165.70444735884666 13.115791417658327 165.68147699534893 28.917175523936749 70.884982891380787 22.393555961549282 45.792880646884441 11.615098886191843 37.040019370615482 83.677303463220596 53.586499437689781 13.92358288168907 77.811204575002193 15.642055898904799 52.392879657447338 14.51220331341028 26.426609352231026 12.496599584817885 19.743262946605682 20.653462335467339 75.654720716178417 11.064631924033163 172.13235501199961
leaf_count=3278 867 1020 108 1346 238 508 159 348 89 219 695 329 90 552 104 332 101 235 89 146 145 627 92 1459
internal_value=2.07686e-05 0.000312963 -0.00152001 -2.10315e-05 -0.00140875 0.000287656 0.00341531 -0.0011278 -0.000162478 0.000430302 -7.84509e-05 0.00188815 0.00393347 0.000146988 -0.00150341 0.00771583 -0.00304797 -0.00190339 -0.000617928 0.00326446 0.00644664 -0.00247707 0.00128299 -0.000705048
internal_weight=1816.16 1529.1 287.059 1363.4 333.67 167.989 51.3107 116.678 196.863 1029.73 764.818 264.908 119.903 145.005 107.965 66.3165 92.3234 249.717 166.039 52.8933 33.1501 113.146 37.4912 185.248
internal_count=13176 10653 2523 9633 2599 1253 397 856 1656 7034 5307 1727 751 976 757 422 653 2029 1334 380 234 954 327 1567
is_linear=0
shrinkage=0.01


Tree=221
num_leaves=25
num_cat=0
split_feature=233 73 79 29 314 233 126 127 150 148 114 174 92 11 319 100 68 273 107 156 147 107 262 28
split_gain=9.22602 9.41292 11.9791 9.1819 10.6708 9.63178 10.4747 9.29387 9.31047 8.98202 8.51092 8.50009 10.0574 14.8358 10.9879 11.3456 9.20515 10.5433 8.08891 9.907 12.3319 8.98289 9.40215 8.22289
threshold=0.87513213530655409 315.53479370826329 164.21965336454022 0.25491683775179269 -0.0059985007496251861 0.83520076161781021 0.76928555164084533 0.12740196280659563 0.17165780539363271 0.20919434719494495 0.47499818936807098 62.015555555555558 355.50000000000006 0.34018972811671239 0.054272714987161595 0.9475277682787705 519.50000000000011 3.91190065265693 1.2167163954600615 0.0067570652422042649 0.1461861667744021 -0.072705541491798018 0.58789970611022457 0.24046948859551168
decision_type=2 2 2 2 2 2 8 8 10 10 8 10 2 10 2 10 2 10 10 8 10 10 8 2
left_child=1 2 -1 4 -3 11 -7 9 -9 -6 -4 16 13 14 15 -13 17 -5 19 -12 -21 -22 23 -23
right_child=-2 3 10 5 7 6 -8 8 -10 -11 18 12 -14 -15 -16 -17 -18 -19 -20 20 21 22 -24 -25
leaf_value=0.0010774227437589181 -0.0021345230594246806 -0.0062964244002150687 -0.0058213056244559424 -0.001000936411056852 0.00047077701861810719 0.010639589050715119 -0.00039656197485949985 -0.004908588674198776 0.0046672626913039006 0.01082124429877023 0.004826194153344664 0.00061767711936814673 0.0070915608017376912 -0.001685018075580769 -0.0029640458857213186 0.0096628491340278663 -0.0030913456609385792 0.0067725452026262843 0.0055334976581703742 -0.0030911499842276036 -0.0016767738600550926 -0.0010373689744703134 0.0068648610089559791 0.0030698379173923667
leaf_weight=475.33483044058084 167.33974685519934 25.663900703191757 31.589404001832008 40.943011954426765 21.610562831163406 23.350078724324703 12.252794146537779 31.389892302453518 11.777014218270777 11.390046656131743 26.141541190445423 22.135019846260548 44.131446897983551 66.963092282414436 13.318666122853754 37.49634463340044 59.085142843425274 26.575441062450409 17.294028893113136 215.15518792718649 205.76857316493988 131.2633865699172 23.081417456269264 73.692746914923191
leaf_count=3196 1319 179 235 283 160 165 98 226 92 76 196 129 293 521 88 236 408 177 136 1864 1534 896 161 491
internal_value=8.17454e-05 0.000310768 -0.00015122 0.00154271 -0.00106763 0.00231574 0.00706652 0.000844392 -0.00214724 0.00464587 -0.000960336 0.00170894 0.00306489 0.00167189 0.0047143 0.00650222 -0.000278402 0.00219426 -0.000714232 -0.000898283 -0.00115045 -0.000171765 0.00118582 0.000456307
internal_weight=1814.74 1647.4 1199.32 448.082 101.831 346.251 35.6029 76.1675 43.1669 33.0006 723.986 310.648 184.045 139.913 72.95 59.6314 126.604 67.5185 692.397 675.103 648.961 433.806 228.038 204.956
internal_count=13159 11840 8709 3131 733 2398 263 554 318 236 5513 2135 1267 974 453 365 868 460 5278 5142 4946 3082 1548 1387
is_linear=0
shrinkage=0.01


Tree=222
num_leaves=25
num_cat=0
split_feature=201 208 96 193 183 100 2 119 105 31 316 224 316 253 308 278 232 70 87 58 221 222 255 246
split_gain=7.90351 8.40641 8.11574 8.0786 11.838 8.15686 9.51056 9.94618 11.3355 11.2913 15.9354 8.31882 7.99669 7.56999 7.06515 8.22873 10.4651 7.65734 6.98147 6.8556 11.6165 11.9865 9.11215 8.19014
threshold=0.49800000000000005 0.93421525780731829 -0.23881835344121452 0.56440422322775274 0.46092736833996889 0.74927762090911698 0.75862351144894158 0.42839276224925532 1.3170776672811495 0.022620779391662221 -0.010502279063592515 1.4707616781737785 -0.008352072171776876 140.50000000000003 -0.0028732536339027208 -0.0066611203549639484 2.7720464925027533 0.94551642784708345 3.0791400874011989 0.81532751300797679 -0.51201752566206393 178.50000000000003 61.500000000000007 0.72741459299275812
decision_type=2 2 10 8 8 8 8 8 10 2 2 2 2 2 2 10 2 10 10 10 2 2 2 10
left_child=1 -1 -3 4 -2 13 11 14 -9 10 -10 -7 -11 -5 -8 16 -16 18 19 20 -17 22 -22 -21
right_child=3 2 -4 5 -6 6 7 8 9 12 -12 -13 -14 -15 15 17 -18 -19 -20 23 21 -23 -24 -25
leaf_value=0.0069473561960750963 -0.0039780556805730036 -0.0040249525435363132 0.0040568904049376872 0.00084431309463541069 0.0047733247613512917 -0.00040876158035924981 -0.0016233556243247255 -0.0016974046855341058 0.00026300656535271374 0.0014904176915440212 0.011689836027386052 -0.004365718470555854 -0.0068647805500348545 0.0056843021811848202 0.0079052909380920178 -0.0047124254350787197 -0.0013593703548223552 0.007074528565953293 0.0063556646471138291 -0.0060263618775387526 0.00040885929808102717 -0.0010297867416299926 0.0081806173182247394 -4.6262837682125642e-05
leaf_weight=30.391083508729935 97.504770413041115 20.618822410702705 23.554340951144695 385.22478642314672 15.695765942335127 115.69655548036098 81.497784845530987 396.24371182918549 27.44427502155304 31.635423861443996 19.609887391328812 97.456850215792656 14.388098299503325 32.767223708331585 36.9239432066679 18.306195452809334 16.266387812793255 16.891725167632103 17.484986081719398 23.208547115325928 22.452077351510525 38.258827328681946 47.161299645900726 192.9416382163763
leaf_count=196 689 147 171 2467 120 824 558 3450 190 253 133 726 122 199 246 128 111 103 120 168 158 253 308 1352
internal_value=1.88133e-05 0.00314619 0.000247757 -0.000119133 -0.00266879 6.14462e-05 -0.000353089 5.65151e-05 -0.000958765 0.00213233 0.00543979 -0.00225624 -0.00134816 0.00126194 0.00102987 0.00154255 0.00512871 0.00099893 0.000657744 0.00031388 0.00214233 0.00340578 0.00580227 -0.000762811
internal_weight=1819.63 74.5642 44.1732 1745.06 113.201 1631.86 1213.87 1000.71 489.321 93.0777 47.0542 213.153 46.0235 417.992 511.393 429.896 53.1903 376.705 359.814 342.329 126.178 107.872 69.6134 216.15
internal_count=13192 514 318 12678 809 11869 9203 7653 4148 698 323 1550 375 2666 3505 2947 357 2590 2487 2367 847 719 466 1520
is_linear=0
shrinkage=0.01


Tree=223
num_leaves=25
num_cat=0
split_feature=254 3 162 289 184 174 122 296 128 128 22 152 225 225 222 117 146 105 122 289 323 302 117 159
split_gain=9.81415 8.84313 10.9661 8.58951 8.5685 10.3597 9.33174 8.5543 8.31563 9.1197 10.5076 11.9003 10.7772 9.48738 13.6158 8.4828 8.12408 8.07985 8.02816 7.9416 10.004 9.93395 9.83181 12.0769
threshold=227.50000000000003 2.5471693845014545 0.018893421723610405 0.021400763441559837 -0.60892150893203179 162.91444444444446 1.1607232034631416 0.90124074205799409 0.46903809028814691 1.1298087280341169 0.76702220097240492 0.16796946564885498 0.81313546266817305 0.78385169088686679 118.50000000000001 2.2731317814046714 0.086559274059274063 0.78380643706932218 0.70130597976261499 0.11117526299862897 100.50000000000001 0.025099132960259025 0.78697879031558216 0.15627492025518344
decision_type=2 2 10 2 10 10 10 2 8 10 10 10 2 2 2 10 10 10 8 2 2 2 10 10
left_child=1 19 4 7 -3 18 -7 -2 -4 13 12 -12 -11 14 17 -13 -15 -10 -6 20 21 -1 -22 -24
right_child=3 2 8 -5 5 6 -8 -9 9 10 11 15 -14 16 -16 -17 -18 -19 -20 -21 22 -23 23 -25
leaf_value=0.0062682883222578058 -0.0040535389411420538 0.0061504040833459698 -0.0051573831124957807 0.0084876330611166392 -0.00039683321986453996 -0.0051029403093239903 0.0025433801972732264 0.0052920333978755474 0.0017764403432481346 -0.0043882246957803869 0.0029806462844775023 -0.0063620955008204172 0.0057155529166379561 -0.0072655492480444318 0 0.0037509178912509857 0.0031232226838884447 0.0099862693073786823 -0.0034841615882699501 -0.0026856920744538484 -0.00010851048660010741 -0.0018329490452623936 0.0071848713291886657 0.00066661889582351021
leaf_weight=60.75740272551775 16.703940831124783 11.985657617449759 19.807318031787872 22.237976081669331 472.16408355534077 112.26308608055115 16.575652331113815 16.786547414958477 19.09698373824358 69.517006911337376 116.32074598968029 25.112372145056725 9.7689777985215169 11.884143479168417 39.070542603731155 9.4661262333393079 12.841136775910853 39.935384184122086 100.23669824004173 57.061310574412346 415.266676671803 18.20262173563242 42.892978556454182 77.907911852002144
leaf_count=395 114 89 158 144 3461 919 157 112 151 542 805 227 79 106 261 73 89 283 941 410 2769 124 251 496
internal_value=2.75754e-05 -0.000105846 -0.000663652 0.00405504 -0.00138874 -0.00154333 -0.00407789 0.000650476 0.000720811 0.001092 -8.55288e-05 0.00145375 -0.00297639 0.00325885 0.00463171 -0.00349201 -0.00206759 0.00755019 -0.000953766 0.000793029 0.00112828 0.00438956 0.000625428 0.00310113
internal_weight=1813.86 1758.13 1086.05 55.7285 713.225 701.24 128.839 33.4905 372.821 353.013 230.185 150.899 79.286 122.828 98.1029 34.5785 24.7253 59.0324 572.401 672.089 615.028 78.96 536.068 120.801
internal_count=13156 12786 8341 370 5567 5478 1076 226 2774 2616 1726 1105 621 890 695 300 195 434 4402 4445 4035 519 3516 747
is_linear=0
shrinkage=0.01


Tree=224
num_leaves=25
num_cat=0
split_feature=5 123 71 72 115 52 120 100 106 232 189 82 11 37 225 262 248 126 65 109 262 225 62 298
split_gain=9.4104 8.59597 16.1742 10.14 9.64028 11.5106 12.2344 9.27439 10.9659 12.1081 10.6393 10.3935 12.203 9.38397 8.99212 9.91615 8.62084 8.57988 8.307 9.68801 13.3859 10.1227 8.74685 8.64271
threshold=-2.9065284865735039 0.64124283147438754 1.2661053434956357 -348.01773991842623 -0.52880457469916731 58.500000000000007 0.9916230630438404 0.6178551401206176 0.57833112906406392 2.7241120743786311 0.29383244763437261 0.50968404453294081 0.4345530334492298 0.56274266541430817 0.65186029826269676 0.60734483846528164 0.54027027027027041 0.39388219281606218 2.4318024173339388 0.60812320615139193 -0.99788036317089934 0.86116780045351493 172.50000000000003 0.0040279651265730495
decision_type=2 10 8 2 10 2 10 10 10 2 8 10 10 2 2 8 2 10 10 10 10 2 2 2
left_child=-1 4 3 -3 5 -2 18 -4 10 14 11 12 -9 17 -10 -16 -11 -14 19 20 -7 23 -21 -22
right_child=1 2 7 -5 -6 6 -8 8 9 16 -12 -13 13 -15 15 -17 -18 -19 -20 22 21 -23 -24 -25
leaf_value=-0.0026337157739520253 -0.003267891271228869 0.0057123397811975687 0.0058428862055949476 -0.0034978995781285885 0.0072959817817079761 0.007247976369486122 0.0093520533698147629 0.0023125042792863106 -0.0013821186294064533 0.0059863101844041975 0.0076863277775576265 -0.0024712844609663053 -0.0039936283262187273 -0.006727309988923247 0.0026989207699328931 0.010271102302706853 -0.00066202290741902345 0.0057118734087620348 -0.0043406980843825682 0.0048715129037606329 -0.0016914175834802209 -0.0061028871137413943 -0.00049959755255412849 0.0045153419938345979
leaf_weight=115.12976346164942 49.158058524131775 10.248451583087443 26.940924763679504 168.48051834851503 24.501787357032299 18.424872100353241 17.386357977986336 128.26126851886511 46.205826036632061 17.95903230458498 10.991745948791502 268.99320997297764 15.554624453186991 30.206855177879333 220.06459277868271 16.69484406709671 308.43143011629581 15.213754974305628 21.502195872366428 112.78212856501341 67.180320307612419 30.09271302074194 39.981137752532959 30.15159285068512
leaf_count=1150 355 76 170 1351 159 91 105 906 305 129 83 2023 128 260 1496 118 2360 113 134 635 405 190 217 175
internal_value=9.67137e-05 0.000286818 -0.000116149 -0.00288311 0.00154007 0.00112219 0.00178653 0.000336517 0.000183057 0.0010665 -0.000961601 -0.00121731 0.000570104 -0.00301899 0.0025698 0.00335252 -0.000244651 0.00085245 0.00129386 0.00174001 -0.00010297 -0.0013085 0.00347584 0.000294748
internal_weight=1810.54 1695.41 1284.25 178.729 411.161 386.659 337.501 1105.52 1078.58 609.356 469.221 458.23 189.237 60.9752 282.965 236.759 326.39 30.7684 320.115 298.613 145.849 127.425 152.763 97.3319
internal_count=13134 11984 9518 1427 2466 2307 1952 8091 7921 4408 3513 3430 1407 501 1919 1614 2489 241 1847 1713 861 770 852 580
is_linear=0
shrinkage=0.01


Tree=225
num_leaves=25
num_cat=0
split_feature=99 20 122 81 279 38 182 39 31 71 131 120 181 141 126 61 35 273 120 170 64 256 39 29
split_gain=7.69905 13.4958 9.54677 10.094 9.66196 11.657 10.5464 12.7356 8.51658 8.28455 10.0687 10.5094 9.65085 10.5045 9.57037 8.08869 8.84111 8.02409 9.48186 11.0944 9.1348 10.7414 8.12372 8.07221
threshold=1.2577492900503946 0.9050387478887475 0.62680524993752162 1.3887417712346466 0.0057694344935970152 0.55005330490405135 15.500000000000002 0.051631920373783328 0.0063512232508420577 1.8389733079629436 2.4859027537237481 0.80910960197290394 0.040848822955494968 0.0017050310772075284 0.23579372413924976 545.1204157376626 0.0033241007432726097 5.4713495324663919 0.54515546181929897 3.4037446827010984 0.66757733429036781 52.500000000000007 0.070068343484122941 0.26904754102906003
decision_type=10 10 10 10 10 2 2 2 2 8 10 8 2 2 10 2 2 10 10 10 8 2 2 2
left_child=1 2 3 8 5 6 7 -4 9 10 11 12 13 -1 -14 -8 -17 18 19 -16 22 -22 -20 -23
right_child=-2 -3 4 -5 -6 -7 15 -9 -10 -11 -12 -13 14 -15 17 16 -18 -19 20 -21 21 23 -24 -25
leaf_value=0.00103188534315954 -0.0042947326669998285 0.0038271064047737673 -6.0481465065888482e-05 0.0060413005583407507 -0.0033116722305118881 -0.004738211986022864 -0.0044184624502814603 0.011174244596072209 -0.0026676957812217183 0.0016096073602944402 -0.004148465574980738 -0.0010983523224626134 -0.0025858267758491916 0.012633610971561815 0 0.0062800791278505609 -0.0010283255615925568 -0.002831575493461946 0.0015037880999391622 0.0095745122661619938 -0.0048513596282253177 0.0073713676846726443 -0.0034653820784314371 0.0016761690015370126
leaf_weight=18.020402818918232 38.09087847918272 88.917334251105785 19.161142021417618 26.758674971759319 165.47631458193064 36.462180092930794 29.973214581608772 17.995664641261101 97.374208696186543 369.42127446830273 56.563760705292225 374.77169938385487 68.172815106809139 12.04950702190399 19.335155315697193 22.8414111956954 44.298008017241955 35.971044160425663 73.073494464159012 28.961366891860962 12.276239633560179 44.045437529683113 55.207906104624271 59.096536807715893
leaf_count=119 355 633 171 160 1494 310 270 139 765 2355 444 2809 455 82 119 199 377 237 477 159 83 263 343 359
internal_value=-6.25728e-06 9.18506e-05 -0.000110492 0.000264838 -0.00161137 5.79943e-05 0.001439 0.00576256 0.000134682 0.000363553 -0.000175601 0.000117365 0.00118891 0.00640073 0.000748012 -0.000321906 0.0015976 0.00146031 0.00201464 0.00594259 0.0011726 0.00318026 -0.000655809 0.00425014
internal_weight=1814.32 1776.22 1687.31 1351.1 336.208 170.732 134.269 37.1568 1324.34 1226.97 857.545 800.982 426.21 30.0699 396.14 97.1126 67.1394 327.967 291.996 48.2965 243.7 115.418 128.281 103.142
internal_count=13177 12822 12189 9229 2960 1466 1156 310 9069 8304 5949 5505 2696 201 2495 846 576 2040 1803 278 1525 705 820 622
is_linear=0
shrinkage=0.01


Tree=226
num_leaves=25
num_cat=0
split_feature=5 5 321 189 109 131 244 102 102 193 149 185 79 289 313 140 298 108 217 283 273 254 201 201
split_gain=9.02094 11.9024 9.41964 11.6722 12.7921 12.4181 14.0268 10.4828 9.65435 8.9633 9.88481 8.92178 14.2563 9.0919 8.83611 9.14968 9.30545 8.29877 8.02305 7.69543 7.84541 7.56492 7.56278 11.4398
threshold=-2.8935132521978844 -2.8712440139818409 4.5000000000000009 -0.827344357701568 2.3896462823042781 2.4962584442498819 0.011527777777777781 1.0198662082558918 -0.040798542599642468 0.44728485233407439 0.29671336206896554 0.90501253132832093 80.539392312401915 -0.06516861090361363 -0.049999999999999989 0.015540024921998012 0.00064022786415792821 0.65095966785300796 0.76942339797097736 -0.0073022324390937523 4.3129845270886946 190.50000000000003 0.79112678366409717 0.87460691823899384
decision_type=2 2 2 8 10 8 2 8 10 8 10 10 2 2 2 2 2 10 2 8 10 2 2 2
left_child=14 -2 11 -4 5 6 8 -6 18 -7 -11 12 13 -3 15 -1 -17 -8 -5 -16 -21 22 -14 -24
right_child=1 2 3 4 7 9 17 -9 -10 10 -12 -13 21 -15 19 16 -18 -19 -20 20 -22 -23 23 -25
leaf_value=-0.0032635670054203311 0.0024673494930427791 0.00079078348792780881 -0.0049527156763134999 0.0040039506882917691 0.011577564014193655 0.0044690788052683186 0.00251867459354598 -0.00062031286354902865 -0.0049849474820006304 -0.0017262443087515381 0.0061120647291266405 -0.002824196990297238 -0.00030967718451171354 0.0098469726559621568 0.0019980424846866352 0.0004615310632766278 0.0099350046384825228 0.0096613641736165191 -0.0025575067570548526 -0.0051572789215829128 0.0006268296906146684 0.0071326658489382641 0.0046419618443941492 -0.0035696624126888388
leaf_weight=26.799767918884754 212.07867237925529 18.344217590987682 56.663684397935867 42.143368370831013 13.183091729879377 23.325454756617546 59.923233799636364 11.81774275749922 33.396619990468025 584.92557584494352 13.760504424571989 49.933369807898998 270.79906016588211 28.590305559337139 23.408334143459797 29.887695461511612 13.489578410983084 21.676526799798012 29.121178865432739 110.33401822298765 28.476617932319641 15.56004114449024 76.208089835941792 19.19185333698988
leaf_count=227 1143 118 431 246 78 160 395 95 243 4361 102 390 1926 178 209 279 119 136 183 1054 264 102 566 152
internal_value=7.43981e-06 0.000279431 -6.32902e-05 -0.000671847 -0.000363698 -0.000592413 0.0016535 0.00630037 -0.000765281 -0.00127103 -0.00151639 0.00106342 0.0015342 0.0065748 -0.00181925 0.001104 0.003859 0.00468922 0.00131382 -0.00308722 -0.00397478 0.000867881 0.000546098 0.00292428
internal_weight=1813.04 1580.64 1368.56 889.937 833.273 808.272 186.261 25.0008 104.661 622.012 598.686 478.627 428.694 46.9345 232.396 70.177 43.3773 81.5998 71.2645 162.219 138.811 381.759 366.199 95.3999
internal_count=13157 11005 9862 6430 5999 5826 1203 173 672 4623 4463 3432 3042 296 2152 625 398 531 429 1527 1318 2746 2644 718
is_linear=0
shrinkage=0.01


Tree=227
num_leaves=25
num_cat=0
split_feature=299 21 147 155 105 151 93 315 307 43 105 15 10 127 70 147 204 49 136 147 216 192 272 278
split_gain=8.97997 10.1978 9.54403 10.2338 9.7044 9.58162 14.8451 9.75334 11.1277 12.8009 10.9527 10.072 9.00889 9.34922 8.49595 10.62 12.6558 8.94453 8.58517 11.6347 8.3658 8.79751 7.87273 11.0012
threshold=-0.057290772317237885 -1.2855602656030263 0.089769754055468345 0.017974841683539401 1.0801467272519485 0.083200212992545278 -0.08924937722685243 -0.096559334601391475 -0.0041489980275007518 276.50000000000006 0.74235299716803116 -1.1554764044778314 2.0999749604778279 0.75135898931542011 0.84000601126765584 0.19568541417364715 0.47087104072398195 7.5000000000000009 0.25116824980893121 0.23878832786422502 0.71451106574654621 1.5498119131983279 0.059182787672038502 -0.0016680578742348357
decision_type=2 8 8 10 10 10 8 2 2 2 10 2 2 8 10 10 2 2 2 10 2 10 2 10
left_child=-1 -2 3 -3 5 6 7 8 9 -4 -9 -11 22 -14 15 -10 17 18 -17 -20 -21 -22 23 -6
right_child=1 2 4 -5 12 -7 -8 10 14 11 -12 -13 13 -15 -16 16 -18 -19 19 20 21 -23 -24 -25
leaf_value=0.0014732521751962008 0.0060700161417970898 -0.00068243149716131662 -0.0021427414835548395 -0.0063327031635344614 -0.0022380766746693016 -0.0026825647834950016 0.0065249176235921968 -0.0049065568397505758 -0.0011371229349959771 0.010095310697803507 0.0027957111415569825 -0.00066056189020733357 0.0038419309337777052 -0.0060567398898861511 0.0065453158022514644 0.0052401864817993062 -0.0059149879265204385 -0.0018042706172164999 -0.0027459918504286187 -0.0017385192804574468 0.0066116582728858123 -0.0020253761549061714 0.0081145294779535887 0.0042134503584388304
leaf_weight=339.94011687487364 21.675497904419899 81.663827016949654 284.54652688652277 51.303946241736412 38.430446401238441 168.73158233612776 29.67473690956831 79.968524590134621 203.93444799631834 13.277936130762102 21.55047370493412 17.876396872103214 12.973730199038981 21.872651413083076 22.611880853772163 102.22318361699581 17.159190133213997 42.183785691857338 43.668241590261459 22.714888833463192 57.936029024422169 13.01979563385248 24.001008875668049 71.937100738286972
leaf_count=2415 126 693 1979 455 242 1500 196 604 1528 82 144 120 98 176 147 662 110 269 333 151 372 87 152 474
internal_value=1.54294e-05 -0.000324368 -0.000432834 -0.00295681 -0.000170092 -0.000503488 -0.000117604 -0.000346749 9.76462e-06 -0.00146531 -0.00323025 0.00435434 0.00204345 -0.00233274 0.000901041 0.000609889 0.00180466 0.0023327 0.00307794 0.00138778 0.00334947 0.00499619 0.0032105 0.00195829
internal_weight=1804.88 1464.94 1443.26 132.968 1310.29 1141.08 972.346 942.671 841.152 315.701 101.519 31.1543 169.215 34.8464 525.451 502.84 298.905 281.746 239.562 137.339 93.6707 70.9558 134.369 110.368
internal_count=13115 10700 10574 1148 9426 8284 6784 6588 5840 2181 748 202 1142 274 3659 3512 1984 1874 1605 943 610 459 868 716
is_linear=0
shrinkage=0.01


Tree=228
num_leaves=25
num_cat=0
split_feature=153 153 162 153 22 309 315 107 120 136 193 184 277 3 220 178 148 228 109 39 150 71 290 301
split_gain=8.22022 15.3207 9.63303 14.1931 11.8289 9.31049 7.767 13.1365 11.6934 11.4907 11.4587 9.38476 9.72227 10.0598 8.56287 9.55281 8.15383 8.82215 8.47143 11.0318 9.08685 10.0028 9.02468 12.2464
threshold=0.049443833272216117 0.045084975438992723 0.043557312252964435 0.015611460138648182 1.2556739911584909 -0.041509464189876603 -0.096559334601391475 0.091021018587620905 0.56902338150885712 0.32339757506930766 0.52419984387197516 -0.072240938208095684 -0.021264510775260852 2.6220429743786049 0.13025804171085192 0.83816526610644271 0.31314824515453127 0.17048072894847091 1.6322669066613535 0.046954841387181291 0.049926686217008805 0.63937021480617962 0.13996758449383165 0.74611623384251102
decision_type=10 10 10 10 10 2 2 10 10 2 8 8 8 2 2 2 8 2 10 2 10 10 2 2
left_child=1 2 3 4 6 -4 8 10 11 14 -8 -1 -13 -14 15 -10 17 -16 20 22 21 -19 23 -20
right_child=-2 -3 5 -5 -6 -7 7 -9 9 -11 -12 12 13 -15 16 -17 -18 18 19 -21 -22 -23 -24 -25
leaf_value=-0.0023157307222892542 -0.0027828644264832002 0.0098204343123712654 0.0096676042146244309 -0.0029937296837430705 0.0075191367544708331 0.0016813508163676511 0.0039884702525019508 0.00153036043523502 -0.0073485378928234415 -0.0049840908956028333 -0.0047238915977107212 -0.0011886507970778123 0.008322565197779009 -0.0010077896036602009 0.0051838242915581015 0.0010243765176979089 0.007399991196786985 -0.0025487668639675464 0.0066750151682662988 0.00024633369709910663 -0.0010091895060881698 0.0018156425239201962 0.011168992484567214 -0.0038536959214605245
leaf_weight=20.2415771484375 88.544831179082394 13.884061872959135 15.601952493190764 140.24544367194176 19.550744511187077 81.782448649406433 15.10261472314596 79.711146019399166 26.644206538796425 38.615747943520546 109.70257515460253 19.366514675319195 57.449091121554375 13.357656136155127 35.274232797324657 23.84988883882761 14.411162972450255 60.607178777456284 26.03455862402916 94.632717907428741 485.18706746399403 303.81159680336714 17.847701884806156 15.406571693718432
leaf_count=123 832 114 99 1266 122 551 101 550 214 286 841 123 329 91 269 178 97 404 167 578 3742 1868 116 106
internal_value=0.000139425 0.000294043 0.000200191 1.30794e-05 0.000304504 0.00320863 0.00019258 -0.00159976 0.000488952 0.000183683 -0.0035964 0.00355445 0.00491349 0.0065777 0.000377732 -0.00353088 0.000575072 0.0004595 0.000278272 0.00241455 -0.000114324 0.00107294 0.00568956 0.00274182
internal_weight=1816.86 1728.32 1714.43 1617.05 1476.8 97.3844 1457.25 204.516 1252.74 1142.32 124.805 110.415 90.1733 70.8067 1103.71 50.4941 1053.21 1038.8 1003.53 153.922 849.606 364.419 59.2888 41.4411
internal_count=13167 12335 12221 11571 10305 650 10183 1492 8691 8025 942 666 543 420 7739 392 7347 7250 6981 967 6014 2272 389 273
is_linear=0
shrinkage=0.01


Tree=229
num_leaves=25
num_cat=0
split_feature=5 5 224 156 204 182 53 313 286 148 116 76 34 88 234 286 121 259 239 177 88 162 164 78
split_gain=7.23281 10.6898 9.5315 11.6414 8.76238 9.77489 8.57598 7.51988 10.8472 10.617 10.8001 17.2908 10.1857 13.8331 11.9169 9.21312 10.6041 9.09205 12.2092 11.0152 9.05391 8.89596 8.67956 10.8195
threshold=-2.8935132521978844 -2.8712440139818409 2.1491274908476417 0.11907206414393275 0.35198226395409499 81.500000000000014 26.500000000000004 0.021083160337037502 0.28542913363363553 0.15599583577330994 -0.16900300018275616 0.86168713089314408 0.15083525298343722 0.68406797315830847 0.0048313688878515587 2.1921060085186386 -0.5564491877337493 0.52511165241490609 0.53854271130532216 7.3300049057599805 0.58853319004315674 0.034975228852779879 0.0097800095648015329 61.275528792823557
decision_type=2 2 2 10 2 2 2 2 2 10 8 10 2 10 2 2 10 8 10 10 10 10 10 2
left_child=6 2 4 -4 5 -2 -1 12 -9 17 -11 15 -3 14 -14 16 -12 18 -10 -20 21 -13 23 -16
right_child=1 7 3 -5 -6 -7 -8 8 9 10 11 20 13 -15 22 -17 -18 -19 19 -21 -22 -23 -24 -25
leaf_value=-0.0045597574698091987 0.00085309292997819781 -0.0019309165798954927 0.0036915286297260945 -0.0041792041211319506 0.008050168483445622 0.0087389879941107921 -0.00038942130063873394 0.0093406808956591359 -0.0015985566223070992 -0.0029700923816317567 0.0046137301545084034 -0.004971101145125896 0.0083900721736356442 -0.0026280975268307655 0.0017689093209055989 0.0071819613407607388 -0.0035947038922962875 -0.003745582663406469 0.0020048572677219866 0.0091125547748895259 0.0022960478142352008 0.0038418838341568958 0.0071545243898009526 -0.001681964174353405
leaf_weight=68.364222884178162 91.949610628187656 362.06298065185547 31.014572888612747 39.391531959176064 33.589597508311272 16.430652014911175 164.43771757930517 12.002962082624434 28.804098561406136 103.35885881632566 33.952988542616367 67.333397343754768 18.654513880610466 125.54168244451284 221.60675883293152 43.726962737739086 24.719646915793419 15.318605735898016 45.276820056140423 44.244350984692574 35.813506372272968 11.373913273215292 17.103260368108749 149.72058077156544
leaf_count=708 480 2793 184 229 167 83 1454 83 176 747 211 524 139 882 1413 288 185 130 310 306 264 76 112 1171
internal_value=-2.40463e-05 0.000219774 0.00229092 -0.000689574 0.00376053 0.00225034 -0.00165856 -0.000106866 0.000919039 0.000637435 -0.00035204 0.000913084 -0.000643468 0.000235412 0.00113305 0.00384958 0.00113267 0.00297411 0.0039198 0.00570087 -0.00173362 -0.0035957 0.000723571 0.000372598
internal_weight=1805.79 1572.99 212.376 70.4061 141.97 108.38 232.802 1360.62 465.926 453.923 320.279 216.92 894.69 532.627 407.085 102.4 58.6726 133.644 118.325 89.5212 114.521 78.7073 388.431 371.327
internal_count=13115 10953 1143 413 730 563 2162 9810 3300 3217 2295 1548 6510 3717 2835 684 396 922 792 616 864 600 2696 2584
is_linear=0
shrinkage=0.01


Tree=230
num_leaves=25
num_cat=0
split_feature=32 153 105 83 117 76 309 300 306 311 292 288 225 215 310 213 113 114 76 144 260 113 114 88
split_gain=9.51187 8.27586 11.7386 9.44487 8.97873 9.70557 8.13893 8.71175 7.39244 7.28038 7.24969 7.70773 11.3426 8.11415 6.80019 12.8538 14.1729 11.262 11.599 13.2028 10.8488 11.4964 8.5564 9.3431
threshold=0.0015637226134585292 0.015611460138648182 1.3824999942590697 2.3561597536457959 1.8090174116250464 1.3030542097483317 0.021571262097751901 0.31205610248816557 0.82218723406335903 0.12235607554725991 -0.057507831972742444 0.0036179111559496752 0.75680027853940912 -0.94072380175279213 -0.26007514413738847 -0.37904380120578157 0.60298437638816826 0.47499818936807098 0.69607573271969081 0.007001176393699759 0.12831626762494433 0.26477367783031797 0.66820638668215748 1.0342139606631706
decision_type=2 10 10 10 10 10 2 2 2 2 2 2 2 2 2 2 10 8 8 10 8 10 10 8
left_child=1 2 14 -4 9 6 7 8 -6 -3 -2 13 -13 -12 15 16 17 -1 -19 -20 22 -22 -21 -24
right_child=10 4 3 -5 5 -7 -8 -9 -10 -11 11 12 -14 -15 -16 -17 -18 18 19 20 21 -23 23 -25
leaf_value=-0.0057905027411034619 0.0051199232762818656 -0.0030620565552162489 6.7866207111246297e-06 0.0096603386595178371 -0.00067673409125400849 -0.0037515329889362499 0.0093445784682890491 -0.0044436739186765181 0.0095087808294136485 0.0050119350789892729 -0.00053817076584650636 0.007803678775655327 -0.00323848159367718 -0.0064457601391346821 -0.00038995315559886611 0.00271043374340784 0.00822721786137217 0.0049824721768157157 -0.005566640587562819 -0.0028016978152462487 -2.3827497757765677e-05 0.010205805122469318 0.0026863647757264519 -0.0011563521878074391
leaf_weight=31.301500007510185 9.3802037686109525 169.10257519036531 17.238675877451897 22.518171094357967 13.079262495040895 22.329830706119537 14.958146944642065 14.888420708477495 11.553827270865439 9.3362602442502958 37.353516049683094 12.328179411590098 21.270285792648792 63.175368122756481 571.27696634829044 289.22629565745592 17.712252981960773 42.241598092019558 40.756059654057026 98.572060346603394 22.314893431961536 18.406691588461399 115.6974009796977 132.82954702526331
leaf_count=217 91 1530 109 126 92 179 109 112 83 84 368 116 220 681 3967 1857 108 242 331 717 171 123 692 864
internal_value=9.18261e-05 0.000305441 0.000604284 0.00577782 -0.00134163 0.00147131 0.00370947 0.00106927 0.00455304 -0.00256212 -0.00235258 -0.00297789 0.00107793 -0.00433556 0.000442984 0.00103167 8.60514e-05 -0.00024379 0.000155353 -0.00034775 0.000234603 0.00494087 -0.000350271 0.00063868
internal_weight=1818.85 1675.34 1420.09 39.7568 255.248 76.8095 54.4797 39.5215 24.6331 178.439 143.508 134.127 33.5985 100.529 1380.34 809.058 519.832 502.12 470.818 428.577 387.821 40.7216 347.099 248.527
internal_count=13189 11713 9524 235 2189 575 396 287 175 1614 1476 1385 336 1049 9289 5322 3465 3357 3140 2898 2567 294 2273 1556
is_linear=0
shrinkage=0.01


Tree=231
num_leaves=25
num_cat=0
split_feature=99 109 32 284 254 289 65 84 181 160 247 293 144 323 138 197 120 313 317 114 136 280 313 177
split_gain=8.33129 9.04711 7.29692 9.89122 7.3673 9.09791 8.70079 9.79124 10.023 9.18453 10.2458 9.713 8.67707 9.08241 8.28244 7.55696 7.12629 6.91918 9.33684 9.01541 6.90083 8.10365 9.74218 10.4593
threshold=1.2991274216249038 2.290809100281376 0.0016625115394608102 0.0023796042014664902 227.50000000000003 0.021400763441559837 2.7487325202582356 20.772437843246983 0.051496330413947924 0.067583317583317606 0.95552814356067362 0.010799494844210293 0.04171016005567154 422.50000000000006 0.13205409959510964 -0.47951124054281508 1.235352529746677 -0.055237721621062032 0.010408989996373576 0.79241585973515105 0.32339757506930766 0.12088732163333404 0.0075309197702670078 7.6786457086685358
decision_type=10 10 2 8 2 2 8 2 2 8 2 2 10 2 2 8 8 2 2 8 2 2 2 10
left_child=1 2 4 17 6 15 7 20 -9 -8 -11 12 14 -14 -12 -6 -3 19 -19 -4 21 -1 -23 -24
right_child=-2 16 3 -5 5 -7 9 8 -10 10 11 -13 13 -15 -16 -17 -18 18 -20 -21 -22 22 23 -25
leaf_value=-0.00011238977526183946 -0.0047894796794903313 0.0064058449254591719 -0.0011233497635438226 -0.0050864642589234345 -0.004841671680396932 0.0083741490525065503 -0.0036123887896207896 0.00994597868337007 0.0019141292993166334 0.0063158938654960719 -0.0054533944075886897 0.0039675357072269058 -0.00094478793105502105 0.0077502754665379264 -0.0010469349385307187 0.0044406346437680221 -0.0008206162223795484 -0.0041751057877413948 0.0048491752930748654 0.01114388344419907 -0.00290534696380218 0.00028694389816346744 0.0072920760289534869 -0.0015240317667409029
leaf_weight=604.4523891210556 32.34857277572155 36.870589360594749 11.174490742385389 61.304179131984711 13.689428977668284 21.317625492811203 103.01499870419502 14.958924278616903 151.73292560130358 19.24134986102581 48.092615112662315 37.941633030772209 26.270102009177208 18.246328182518482 284.62241204828024 15.837701857089998 19.545476615428925 37.261489428579807 13.314830973744391 8.7378907650709134 64.764504946768284 97.082340613007545 51.883148953318596 16.462826281785965
leaf_count=4054 307 234 108 648 95 135 804 88 903 136 408 286 180 118 2228 99 146 389 132 81 470 655 333 107
internal_value=2.82527e-05 0.000123982 -7.66816e-06 -0.00224369 0.000180755 0.00382254 5.29442e-05 0.000604015 0.00279543 -0.000969716 -0.000321339 -0.000672188 -0.00116767 0.00284889 -0.00172765 5.8708e-05 0.00396584 0.000316155 -0.00164892 0.00493449 0.000157151 0.000425817 0.00236706 0.00517823
internal_weight=1810.17 1777.82 1721.4 131.793 1589.61 50.8448 1538.77 1001.34 166.692 537.429 434.414 415.173 377.231 44.5164 332.715 29.5271 56.4161 70.4887 50.5763 19.9124 834.645 769.881 165.428 68.346
internal_count=13144 12837 12457 1358 11099 329 10770 6610 991 4160 3356 3220 2934 298 2636 194 380 710 521 189 5619 5149 1095 440
is_linear=0
shrinkage=0.01


Tree=232
num_leaves=25
num_cat=0
split_feature=73 65 35 69 21 218 162 174 194 174 107 289 106 280 13 2 109 150 233 263 305 306 281 57
split_gain=8.31054 10.326 10.1884 13.2793 11.1526 11.3376 10.564 9.83151 12.2554 9.66253 9.40157 9.38174 9.23389 9.34173 8.92436 10.3564 8.66577 12.6107 11.7135 10.7909 9.20052 11.641 8.38947 8.3843
threshold=322.47232286924384 2.7026611383887675 0.0027797094730335347 0.41942247597798948 0.44133479035911932 0.058195981034093479 0.0088170510494946907 119.87986111111113 0.037123169681309222 58.931805555555563 0.26236729118430246 0.053236358458797102 0.49503135617650434 0.062846973839435369 0.9397450943263792 1.0521527867239429 1.5585715578217496 0.048826334128002941 0.72659060251798568 -0.09612380616752815 0.34219019475235252 0.73874812391700428 2.884615380454882 -0.3917498136720774
decision_type=2 8 2 10 8 2 8 10 10 10 8 2 8 2 10 10 10 10 2 8 2 2 2 10
left_child=1 16 4 11 6 -6 23 8 -8 -2 -7 14 -13 -14 -4 -16 17 -1 19 -19 -21 -22 -18 -3
right_child=9 2 3 -5 5 10 7 -9 -10 -11 -12 12 13 -15 15 -17 22 18 -20 20 21 -23 -24 -25
leaf_value=0.0010838471981463808 -0.0004986998704497584 0.0052771920471782578 -0.0070642628759394043 0.0055778881797938261 -0.0046626367212827821 0.0085115499804565616 0.013780118701809937 0.001020897864697178 0.0014240439929974359 0.0024443254937662018 -0.0016385541136329841 0.0071368180995176767 0.0045529908532163568 -0.0056152487486365848 0.0011248133869206185 -0.0052939224765167015 -0.00079596477269730016 -0.0051377443667736753 -0.0030367370030013816 0.0072077427684903508 -0.0072766266926910621 0.0020918307328714803 0.004976846847803305 -0.0037505849166856705
leaf_weight=462.2854206636548 179.35338189452887 11.141258820891379 77.441467024385929 14.695227615535257 66.492985188961029 11.755211375653742 16.31210179626942 40.09758884459734 15.418647550046442 286.62779615074396 22.141143940389156 11.890506654977797 11.141509480774401 23.382479622960091 43.970741592347622 52.753590047359467 36.83749084174633 22.423981182277203 192.5877088457346 24.022049397230148 13.178542166948317 74.140844017267227 70.536063380539417 36.597040720283985
leaf_count=2897 1270 90 612 107 619 110 113 298 110 2029 181 92 89 194 342 451 234 173 1595 173 103 541 442 319
internal_value=0.000165643 -0.000231295 -0.00145335 -0.00288688 9.27458e-05 -0.0023247 0.00213756 0.00449695 0.00841557 0.00131326 0.00223992 -0.00351908 0.000437388 -0.00221007 -0.00456927 -0.00241698 0.000391094 2.26596e-05 -0.00147385 0.000785275 0.00208514 0.000482003 0.00301768 -0.00144565
internal_weight=1817.22 1351.24 455.232 235.276 219.956 100.389 119.567 71.8283 31.7307 465.981 33.8964 220.58 46.4145 34.524 174.166 96.7243 896.012 788.639 326.353 133.765 111.341 87.3194 107.374 47.7383
internal_count=13184 9885 3727 1887 1840 910 930 521 223 3299 291 1780 375 283 1405 793 6158 5482 2585 990 817 644 676 409
is_linear=0
shrinkage=0.01


Tree=233
num_leaves=25
num_cat=0
split_feature=117 152 105 122 148 62 209 58 81 136 148 184 114 60 35 64 65 72 303 282 114 29 202 186
split_gain=6.31236 9.21788 10.926 8.86438 7.9671 6.84031 16.9403 9.81943 8.09294 7.64384 9.74037 7.99207 7.85701 9.22952 13.8869 10.9431 8.66678 12.8109 9.91472 12.1123 11.403 8.89313 8.4203 12.6243
threshold=2.368833019097448 0.12185120558375635 1.3997196495424571 0.66995566521647709 0.079008567931456566 41.500000000000007 0.76145104895104898 0.81719784366538106 0.39786768410093681 0.32339757506930766 0.31314824515453127 -0.68724403558389435 0.97490369833359791 -144.59514149190406 0.0030418268541264758 1.1025892040055822 2.7026611383887675 46.047859730150883 7.2496058656933401e-05 -0.038311614411897697 0.79930931836628771 0.28372416469903294 0.071259309410968183 0.085188850404090397
decision_type=10 10 10 8 10 2 2 10 10 2 10 10 8 2 2 10 10 2 2 10 10 2 2 10
left_child=1 2 5 -4 -3 6 7 8 -1 10 11 -7 16 -14 15 -15 21 18 -18 -20 -21 22 -13 -24
right_child=-2 4 3 -5 -6 9 -8 -9 -10 -11 -12 12 13 14 -16 -17 17 -19 19 20 -22 -23 23 -25
leaf_value=0.00075104379535654035 0.0044249184273952458 0.0039082244022370189 0.0082043784377936763 -0.00015168588015115298 -0.0033170091876483405 0.0059562611442663064 -0.0039235594064714529 -0.001594878602582383 0.010111195063740338 -0.0028693128225804744 0.0069101531209628912 0.00010384824220207773 0.0091441295747613817 -0.00013243461145443956 -0.0017398290631776769 0.0090744308054186082 -0.0029438504166892426 0.0062343123628705735 0.0065368297179740301 -0.0037473109385186181 0.0027974299825392753 -0.00075867767566297156 0.0071099929787193476 0.0014621499001665858
leaf_weight=18.82639529556036 28.92712090164423 14.762649931013582 27.034285664558411 21.494884096086025 126.80501921474934 21.704925984144211 125.08791414648294 34.854269869625568 16.827347278594971 71.885298267006874 19.888849809765816 237.24039442837238 15.438613995909689 21.887180335819721 61.618655733764172 27.635555014014244 234.37917983531952 18.553485974669456 23.719331346452236 60.479815453290939 43.150059871375561 311.24411601573229 49.836445383727551 171.40302781760693
leaf_count=129 201 137 151 152 1165 138 1018 266 113 504 132 1600 86 135 410 200 1902 121 173 502 327 2099 318 1121
internal_value=6.06792e-06 -7.22988e-05 0.000140881 0.00467985 -0.00249451 -5.51736e-06 -0.00174315 0.00211346 0.00561508 0.000241316 0.00041752 0.000302413 0.000192485 0.0025287 0.00139591 0.00519959 -6.93802e-05 -0.00129972 -0.00173448 0.000499204 -0.00101075 0.000539703 0.00142256 0.00281289
internal_weight=1804.68 1775.76 1634.19 48.5292 141.568 1585.66 195.596 70.508 35.6537 1390.06 1318.18 1298.29 1276.59 126.58 111.141 49.5227 1150.01 380.282 361.728 127.349 103.63 769.724 458.48 221.239
internal_count=13100 12899 11597 303 1302 11294 1526 508 242 9768 9264 9132 8994 831 745 335 8163 3025 2904 1002 829 5138 3039 1439
is_linear=0
shrinkage=0.01


Tree=234
num_leaves=25
num_cat=0
split_feature=99 113 76 70 232 101 253 253 272 162 308 111 174 76 222 122 213 277 316 234 234 66 234 177
split_gain=9.0154 7.91151 8.47677 9.22752 10.3957 9.05771 8.72865 8.36754 8.23195 7.64463 9.16725 11.4475 8.9487 8.8895 8.75978 8.58771 9.76363 18.7708 8.84464 8.28104 7.97533 7.7834 7.52383 8.75517
threshold=1.2991274216249038 1.1762808601389261 0.70338746342682812 0.50979323915175256 1.0099873551992979 -1.3021162656976448 148.50000000000003 56.500000000000007 0.028231762741196303 0.003669737125619479 0.00096434995150460154 0.68216790160730423 58.410138888888895 1.0762297653184087 220.50000000000003 1.0161894934791156 -0.12148365655229523 -0.0051307255435695835 -0.022025874086878932 0.050878274268104783 0.046891657782516 -14.007064329680247 0.067178927496902852 7.4833894296576711
decision_type=10 10 10 10 2 10 2 2 2 10 2 10 10 10 2 10 2 8 2 2 2 2 2 10
left_child=1 2 3 4 5 -1 -6 -5 -9 21 13 19 -13 15 -14 16 -11 18 -18 -12 -15 -4 23 -22
right_child=-2 -3 9 7 6 -7 -8 8 -10 10 11 12 14 20 -16 -17 17 -19 -20 -21 22 -23 -24 -25
leaf_value=0.0060540411572470136 -0.0049659590596703284 0.0065760614328639177 0.00011059013363947783 0.0012603302341870624 -0.0016562041552592821 -0.0011358754804426511 0.0059593995414301661 0.011499588587258478 0.0024089266973713131 0.00046710854881226667 0.0013662217419563119 -0.0034999547281271515 0.0011807180673539693 -0.0039206456066895393 0.0085440262346922011 -0.0036888007742626517 0.0032046210940316418 -0.0013781900198656563 0.015071330040168309 0.01090079118448203 9.0083497624227101e-05 -0.0021359633781779922 -0.0020284590395590728 0.0090692484434615958
leaf_weight=47.126904025673866 31.7608582675457 16.341045565903187 295.08518505096436 48.95344677567482 148.55538166314363 25.447183817625046 13.881346240639685 20.665724404156208 21.192720003426075 280.53630537539721 17.033170841634274 32.659299619495869 144.47691940516233 96.826942749321461 15.672715850174425 36.894733920693398 13.232061035931112 23.743799574673176 14.618632756173609 20.206571064889431 36.021115303039551 317.75504302233458 78.901094198226929 12.887366801500319
leaf_count=282 302 111 2038 296 964 175 84 107 113 1906 126 238 1036 843 106 325 88 162 97 135 287 2613 617 101
internal_value=8.87429e-05 0.000187341 0.000117045 0.0015663 0.000497252 0.00357176 -0.000908052 0.0042231 0.00736519 -0.0002134 0.000414548 0.00209659 0.00106246 -0.000242441 0.00204385 0.000709374 0.0012281 0.00510701 0.0102847 0.00697085 -0.00179983 -0.00105708 -0.000135082 0.00284355
internal_weight=1810.48 1778.71 1762.37 325.823 235.011 72.5741 162.437 90.8119 41.8584 1436.55 823.711 230.049 192.809 593.662 160.15 369.026 332.131 51.5945 27.8507 37.2397 224.637 612.84 127.81 48.9085
internal_count=13152 12850 12739 2021 1505 457 1048 516 220 10718 6067 1641 1380 4426 1142 2578 2253 347 185 261 1848 4651 1005 388
is_linear=0
shrinkage=0.01


Tree=235
num_leaves=25
num_cat=0
split_feature=99 20 151 48 108 291 99 165 113 178 291 111 296 315 28 5 12 165 209 79 165 291 114 108
split_gain=7.05189 12.493 8.19456 7.78097 8.16835 8.81492 7.70699 7.38675 7.36257 11.842 8.04214 7.61435 10.0838 8.19235 7.35759 10.4378 7.30048 7.20231 12.7377 10.1134 9.10765 11.5315 8.91698 9.69089
threshold=1.2991274216249038 1.0800916303881238 0.088094314213325434 211.50000000000003 1.3507260831866736 0.36515182169387733 0.97251736983517223 179.25344328703707 0.41337272913284018 0.82809007232084164 1.5623224651611929 0.62467366733815721 0.73784765376389261 -0.34319537060707522 0.21769185202170757 -1.9775726446157584 0.38443016829388788 179.69227430555557 0.79555335968379459 147.92501177521817 178.17532986111112 1.5944489755424742 0.66455273238886692 1.098906846719454
decision_type=10 10 10 2 10 2 10 2 10 2 2 8 2 2 2 2 2 2 2 2 2 2 10 10
left_child=1 2 8 4 5 -4 -7 -8 11 16 -11 12 -1 -14 -6 -16 -10 18 19 -13 21 -21 -22 -24
right_child=-2 -3 3 -5 14 6 7 -9 9 10 -12 17 13 -15 15 -17 -18 -19 -20 20 22 -23 23 -25
leaf_value=-0.0023174927891374255 -0.0043908165035496521 0.0049569385296249066 0.0040224861104081536 0.0064290186258020637 0.0057930433189095111 -0.0034485093921651161 0.0063019187527997775 -0.0034364363959253652 0.0033480789651590785 0.0089948582948751708 4.1648249963557826e-05 0.0024765135648872651 0.0014774485887696688 0.012808584137306718 0.0023498803451909834 -0.007133237303518225 -0.0041209734691844881 0.00088026100978942851 -0.0023797633617072124 0.0070988371342033153 -0.0040445761317599331 -0.0024117528403076907 -0.0011049388686589323 0.0056712705168510593
leaf_weight=13.240416586399077 31.828464180231094 49.901375435292721 17.46012669801712 9.6636116504669172 22.25365599244833 229.97808554768562 14.677466653287413 11.438116021454332 22.391981020569801 32.503274746239185 14.364126987755297 150.04168722033501 12.799983464181421 12.411340773105623 31.604379281401634 14.674025490880011 24.324408739805222 547.14574343711138 261.97950284183025 27.510232284665108 84.953056037425995 19.845769412815571 133.60600037872791 22.12356822937727
leaf_count=92 305 349 144 72 167 2027 137 111 144 181 85 971 87 78 233 114 170 3724 1944 184 626 143 942 138
internal_value=7.5179e-05 0.000162428 1.57333e-05 -0.00133983 -0.00161336 -0.00238384 -0.00286385 0.00208311 0.000364219 0.00303008 0.00643035 0.000163134 0.0043881 0.00782382 0.0014204 -0.000875086 -0.000533834 2.23935e-05 -0.0006475 0.000394788 -0.00069972 0.00318211 -0.00149585 -5.15671e-05
internal_weight=1812.72 1780.89 1730.99 351.749 342.086 273.554 256.094 26.1156 1379.24 93.5838 46.8674 1285.66 38.4517 25.2113 68.5321 46.2784 46.7164 1247.21 700.06 438.08 288.039 47.356 240.683 155.73
internal_count=13168 12863 12514 3005 2933 2419 2275 248 9509 580 266 8929 257 165 514 347 314 8672 4948 3004 2033 327 1706 1080
is_linear=0
shrinkage=0.01


Tree=236
num_leaves=25
num_cat=0
split_feature=153 94 81 2 120 219 210 123 161 256 62 93 151 304 162 262 259 64 53 73 115 227 3 150
split_gain=9.41916 8.83787 8.83529 8.75337 8.5686 7.75949 7.83706 7.13613 6.89822 6.48338 8.01513 6.18108 6.11737 7.44953 9.18158 5.92253 9.43201 8.10815 6.8302 8.50072 9.91666 20.4826 9.16193 8.63324
threshold=0.015611460138648182 0.74834815010658418 1.3887417712346466 0.95064886410643912 1.0724955392208038 0.0066445916114790298 0.014760348583877998 2.3926618426822559 0.090109422727448499 57.500000000000007 242.50000000000003 0.047465788099938594 0.13255293902884266 0.0094086072075800792 0.032551259116554293 -0.99788036317089934 -1.2171174354972099 0.7274146899634456 92.500000000000014 327.17862094722165 -1.1220171580164733 0.0033167587071791607 2.5471693845014545 0.20604537840718748
decision_type=10 10 10 10 10 2 2 10 10 2 2 10 10 2 10 10 10 10 2 2 10 2 2 10
left_child=2 5 15 -4 8 6 11 -7 -3 -6 12 -2 13 14 -11 17 -17 -1 19 22 21 -21 -18 -22
right_child=1 4 3 -5 9 7 -8 -9 -10 10 -12 -13 -14 -15 -16 16 18 -19 -20 20 23 -23 -24 -25
leaf_value=0.0005040495542767597 -0.003384874937841429 -0.00023312529621886011 -0.00050755705884180562 0.0081315844679770918 -0.0036515872876689676 -0.0034325358485136248 -0.0069592397686744894 0.0068593892647223521 0.0095402530055239635 0.00041317509621836558 -0.006344016845599698 0.004684360828362601 -0.0028632602527230468 -0.00079792232395387204 0.01094788340685294 -0.0057725800244532166 0.0008514977035672007 0.0082886164759173372 -0.0034376022489468641 0.011243495969068163 0.00042607787995340216 0 -0.0010234967609825312 0.0082867560195596865
leaf_weight=37.779466174542904 32.485570706427097 13.059124924242498 18.987785942852497 25.764449410140514 54.034640319645405 11.14354281127453 59.528024472296238 10.308248616755007 12.456116229295729 14.884202606976034 10.772261172533034 10.193850353360174 16.991453416645527 21.967105939984322 17.106117941439152 23.777704134583473 526.66168157756329 18.498874679207802 45.992348164319992 27.73429986089468 242.88274133205414 34.408504903316498 510.20075963437557 12.046390295028685
leaf_count=256 316 109 120 159 482 102 551 96 92 140 89 90 151 187 126 162 3507 120 300 174 1659 235 3831 93
internal_value=7.7638e-05 -0.00158141 0.000390693 0.00463335 -2.26062e-05 -0.00356019 -0.00468885 0.00169524 0.00498017 -0.00105296 0.000718265 -0.00126333 0.00200716 0.00362516 0.0065088 0.000253091 0.000123319 0.00335525 0.000235667 0.000368126 0.00179327 0.00528765 -7.04199e-05 0.000888666
internal_weight=1809.67 284.93 1524.74 44.7522 161.271 123.659 102.207 21.4518 25.5152 135.756 81.7211 42.6794 70.9489 53.9574 31.9903 1479.98 1423.7 56.2783 1399.93 1353.93 317.072 62.1428 1036.86 254.929
internal_count=13147 2531 10616 279 1376 1155 957 198 201 1175 693 406 604 453 266 10337 9961 376 9799 9499 2161 409 7338 1752
is_linear=0
shrinkage=0.01


Tree=237
num_leaves=25
num_cat=0
split_feature=32 313 99 217 162 122 155 156 70 293 107 177 138 128 171 52 162 82 9 215 277 217 239 115
split_gain=8.00209 8.73319 8.41236 7.43623 7.0868 9.62208 9.4881 9.17342 8.52231 7.97562 7.29712 8.84748 8.55085 7.44275 9.72974 11.2348 7.83842 7.55794 9.07686 13.0479 7.55186 6.92406 6.83405 7.35203
threshold=0.0014316399604838677 -0.06235710101046759 1.2242135538382042 0.78389189189189201 0.0191635091809968 0.71689744197132632 0.064839839839839861 1.0000000180025095e-35 0.52792439052202556 0.011994404649408605 0.79206313013225027 7.1449085755635968 0.16657773034507295 1.1153281437730718 7.7765688039818492 352.50000000000006 0.022042627623736724 0.53037772936629002 0.82536623333989423 -0.073767011761544668 -0.0047172259367381361 0.69056183624528955 1.2212079659191784 -0.3639235922450848
decision_type=2 2 10 2 8 10 10 8 10 2 10 8 2 8 10 2 8 10 2 2 10 2 10 10
left_child=2 3 4 21 5 22 8 -6 -7 -10 13 -12 -13 17 15 20 -16 -9 -19 -20 -15 -2 23 -1
right_child=1 -3 -4 -5 7 6 -8 10 9 -11 11 12 -14 14 16 -17 -18 18 19 -21 -22 -23 -24 -25
leaf_value=1.8470275861336694e-05 -0.00026689475052247007 -0.0033793035886768279 -0.004019672220297945 -0.0031409708160177203 0.0077039485592047333 0.0031077796212374983 0.005660426261971073 0.0081786791226313438 -0.0050477411299971464 0.0035575031805460296 0.011396544785797238 -0.0035623381476465816 0.0066965851339254728 0.0011235202078568906 0.0045270233757163754 -0.0015120704100356258 -0.0031904516464514809 -0.0019438976715007385 0.010377312149509561 -3.8605408446193182e-05 0.010428139064120545 0.011097433166191559 0.0051075831067775085 0.0038376580890142537
leaf_weight=1057.5956754237413 9.1218114495277458 117.40939728915691 41.941698148846626 12.23064326494932 20.462844341993332 16.220600463449955 10.574166826903818 17.838004536926746 101.70945051312447 9.8559444248676282 11.814052179455755 14.036631599068643 12.932263001799582 17.438775010406971 12.336150698363779 36.473625734448433 106.71733144670725 41.574540436267853 17.715156964957714 28.472873777151108 16.978153146803379 9.2063468694686872 26.340353287756443 50.118289686739445
leaf_count=7010 85 1236 391 121 136 139 94 117 942 89 78 105 84 122 95 247 798 261 117 210 118 85 183 329
internal_value=5.57126e-05 -0.00214983 0.000255156 0.00242931 0.000372774 2.23526e-05 -0.00243889 0.00161653 -0.00322534 -0.00420925 0.00117919 0.00510559 0.00149252 0.000616862 -0.000564381 0.00230581 -0.00229563 0.00271001 0.00136578 0.00430551 0.00618577 0.00611686 0.000328868 0.000201552
internal_weight=1817.11 147.968 1669.15 30.5588 1627.2 1272.41 138.36 354.79 127.786 111.565 334.328 38.7829 26.9689 295.545 189.944 70.8906 119.053 105.601 87.7626 46.188 34.4169 18.3282 1134.05 1107.71
internal_count=13192 1527 11665 291 11274 8786 1264 2488 1170 1031 2352 267 189 2085 1380 487 893 705 588 327 240 170 7522 7339
is_linear=0
shrinkage=0.01


Tree=238
num_leaves=25
num_cat=0
split_feature=153 105 70 318 234 198 83 16 299 262 185 71 147 144 115 14 22 61 245 217 83 274 301 308
split_gain=7.40545 12.9539 11.169 9.50923 8.18675 9.83378 8.69185 7.88097 7.75924 9.03779 8.81116 8.43919 15.2825 11.2596 12.4061 8.00505 13.6824 8.06007 9.34108 8.35068 7.50089 8.77141 14.0719 9.46931
threshold=0.01564247762863535 0.96109023611504363 0.79321924527543086 0.54959438467291888 0.022489974348784279 18.500000000000004 3.0123048151610519 1.4245172436200111 -0.052933153802719006 -0.99788036317089934 0.58366666666666678 0.939876329578199 0.25022202486678513 0.042693776581893945 -0.46602931590100183 -0.26346317291143589 -0.79658890682980454 234.3644473702031 -0.93508452809556131 0.8304328087167071 3.5013525619451138 5.7583007306671501 0.68045098738416809 0.00091327714572481654
decision_type=8 10 8 2 2 2 10 2 2 8 8 10 10 10 8 2 8 2 2 2 10 2 2 2
left_child=1 8 3 -2 5 -3 -6 -7 -1 -10 -11 15 -13 14 -14 16 -12 18 -18 -19 21 22 -4 -23
right_child=2 4 20 -5 6 7 -8 -9 9 10 11 12 13 -15 -16 -17 17 19 -20 -21 -22 23 -24 -25
leaf_value=0.0014284657743129934 0.001552620656749481 -0.0052014025691252928 -0.0027651762609986787 -0.0060858112640890284 0.0043559207907658219 -0.0026616156271803012 -0.0032931145858383754 0.0066170006184707976 0.0057190410776826392 -0.0048127033577954484 -0.0053023888687383546 -0.00064244985319542188 -0.0006893526075947877 0.0066526844401928343 0.0080773755487822795 -0.0060209555703058127 0.0089906464697132055 -0.0049098560169747634 5.5514061417704653e-05 0.0023938207470605207 0.0045173143115457629 -0.0032885152417430979 0.010404468203733934 0.002458206252442014
leaf_weight=263.64388109743595 19.616959877312183 24.465058043599129 14.11850678175688 68.011191673576832 149.0744109377265 13.573914878070353 14.252041205763815 18.785670690238476 20.124570243060589 45.078077010810375 49.680804021656513 624.59776293486357 86.530037671327591 49.342955350875854 16.869372494518757 41.471461683511734 18.171850465238094 30.365968599915504 27.000804387032986 26.993310272693634 26.811600334942341 113.1487597450614 13.454652883112429 35.579549886286259
leaf_count=1808 188 170 113 671 910 84 83 128 120 313 357 4664 555 290 102 341 111 196 180 166 208 998 110 290
internal_value=7.06509e-06 0.000287956 -0.0014466 -0.0043696 0.00251492 -0.000714247 0.00363749 0.00279548 -9.30958e-05 -0.000484041 -0.000623489 -0.000414504 5.21e-05 0.00285864 0.000909125 -0.00226602 -0.00114489 0.000948626 0.00399018 -0.00150518 -0.000137762 -0.000911737 0.00399942 -0.00188678
internal_weight=1810.76 1520.02 290.741 87.6282 220.151 56.8246 163.326 32.3596 1299.87 1036.23 1016.1 971.024 777.34 152.742 103.399 193.684 152.213 102.532 45.1727 57.3593 203.113 176.301 27.5732 148.728
internal_count=13156 10578 2578 859 1375 382 993 212 9203 7395 7275 6962 5611 947 657 1351 1010 653 291 362 1719 1511 223 1288
is_linear=0
shrinkage=0.01


Tree=239
num_leaves=25
num_cat=0
split_feature=122 113 239 31 131 119 321 138 5 229 239 321 28 139 29 17 302 275 39 111 218 92 273 274
split_gain=8.35867 9.49641 11.7352 13.2894 11.3755 9.98361 7.28624 13.9193 13.826 10.7193 8.74557 7.33908 9.75917 7.79661 7.02942 9.73059 9.76947 9.06456 8.65171 8.2543 9.48594 6.75787 6.67 6.63865
threshold=0.62680524993752162 0.41337272913284018 1.3264003220036897 0.0083420320111343097 1.710539853373888 0.53403725152827974 4.5000000000000009 0.15190709496179125 -2.6843108905290429 -0.40858104071953755 0.7178272391507734 1.5000000000000002 0.22322238786621731 0.12823082061559019 0.28372416469903294 3.7087314045832844 0.059830053436191549 0.18181818180578516 0.098480875396819378 0.76125034472216002 0.069057226705796046 203.50000000000003 3.9468945938775799 5.7161673568225408
decision_type=10 10 10 2 10 10 2 2 2 2 8 2 2 2 2 2 2 2 2 8 2 2 8 2
left_child=1 2 3 14 5 -3 7 10 -9 -10 -2 -11 23 -14 17 16 -16 18 19 20 -1 -17 -19 -13
right_child=6 4 -4 -5 -6 -7 -8 8 9 11 -12 12 13 -15 15 21 -18 22 -20 -21 -22 -23 -24 -25
leaf_value=-0.00011921484473451732 0.0027334688641980961 -0.0014245953020237307 0.0072968127174381807 -0.0047881330125072123 0.0079753021487221631 0.0067763336153709094 -0.0021812851736476677 0.012065725450478189 0.0095503678622857521 -0.005683664687456986 -0.005232959600500733 0.010803413565227959 0.0031827956957082349 -0.0059090150607303453 -0.0013767397673635662 0.0088933163983742364 0.0056815824877467658 0.011007012267594997 -0.0028259536921985068 0.00070014043702913351 0.010522954041040835 -0.0001585329635981175 0.00098737370501253505 4.2344321090434961e-05
leaf_weight=14.662916943430902 16.995396003127098 50.70178197324276 19.58832423388958 52.602217674255371 31.668400511145592 17.708489969372749 279.20996959507465 11.408794082701204 10.371114999055861 15.879706852138041 45.709479041397572 11.297126077115538 14.654328443109987 17.949616841971874 442.59374499320984 14.359271585941316 17.695924483239651 12.115432411432268 63.262324139475822 597.63810048252344 15.951136536896227 15.246833756566046 13.504513837397097 10.000193767249582
leaf_count=106 160 309 141 439 173 111 2438 92 86 130 432 87 123 142 3042 91 125 82 411 4067 102 102 103 82
internal_value=-1.72158e-05 0.000363175 0.000126951 0 0.00328597 0.000869605 -0.0012244 0.000509185 0.00296432 0.00128804 -0.00303345 -0.000251539 0.00153541 -0.00186648 0.000218674 -0.000701111 -0.00107002 0.000848697 0.000616776 0.000976205 0.00581823 0.00459478 0.00638671 0.00639198
internal_weight=1812.78 1379.3 1279.22 1259.63 100.079 68.4103 433.476 154.266 91.5609 80.1521 62.7049 69.781 53.9013 32.6039 1207.03 489.896 460.29 717.134 691.514 628.252 30.6141 29.6061 25.6199 21.2973
internal_count=13176 9404 8811 8670 593 420 3772 1334 742 650 592 564 434 265 8231 3360 3167 4871 4686 4275 208 193 185 169
is_linear=0
shrinkage=0.01


Tree=240
num_leaves=25
num_cat=0
split_feature=73 174 65 124 160 57 115 83 196 258 24 21 105 292 238 317 232 185 256 294 75 69 29 97
split_gain=8.67921 11.3405 9.30129 11.4127 9.83781 11.1096 14.1448 9.20639 8.96331 8.82051 9.37969 9.08777 9.50893 11.4114 12.6362 10.1189 10.9963 10.3269 10.0217 8.86631 9.30066 8.79117 8.75453 8.53624
threshold=315.53479370826329 58.931805555555563 2.7026611383887675 27.500000000000004 0.074756914943830841 0.25920061017081625 -0.79057487054669773 1.8387482531061701 0.55028089887640463 0.15409091647914924 0.54082527482294074 -0.0042273032734976628 0.22340093594002777 0.030585174131086034 -0.76828314891834559 0.00926172561907233 0.98086897047011734 0.84021276595744687 86.500000000000014 -0.059720065663061421 -0.61985804470846728 0.47554237681451444 0.24865072925119117 0.61014300931742949
decision_type=2 10 8 2 8 10 8 8 10 2 2 10 8 2 2 2 2 8 2 2 10 10 2 8
left_child=2 -2 9 4 -4 6 -6 -7 -8 11 -11 12 15 -14 -15 16 18 19 -1 -17 -21 -9 -3 -13
right_child=1 22 3 -5 5 7 8 21 -10 10 -12 23 13 14 -16 17 -18 -19 -20 20 -22 -23 -24 -25
leaf_value=-0.0027293925407977553 -0.0007656483254275475 -0.0017228529481142566 -0.0043128440653265624 0.0071082547347341733 -0.001496176730457225 0.0038792968381803987 0.0021483144937897037 -0.0044237587053110377 0.010786046080484833 0.0083015516738812276 -0.00024969954990997626 -0.00095734382361280029 0.00083801605178766868 0.011692265243747585 0.0018388650774604474 -0.0013698459518304994 -0.0030838024097928859 -0.0022906592052197774 0.0045850622055552785 0.010034663911069179 0.00067958288095991653 0.0023687418558338441 0.0030383964671303275 -0.006604135236423365
leaf_weight=29.853002943098545 185.83652244508266 43.053133547306061 115.94057524204254 11.884850025177 85.482357159256935 16.735653050243858 44.650571137666702 128.43326960504055 14.961761862039564 24.081434689462185 23.768811844289303 140.28355164080858 263.44519390910864 19.492191955447197 35.115819558501244 17.937715716660023 173.5060077086091 33.533180519938469 41.366207726299763 27.189056105911732 17.501310206949711 20.241861023008823 261.14997646957636 30.858280442655087
leaf_count=208 1313 319 980 76 689 154 362 1087 105 163 180 1152 1670 114 222 119 1221 229 253 158 127 155 1839 238
internal_value=3.70994e-05 0.00116977 -0.000385436 -0.00157035 -0.00186 -0.000910113 0.00109436 -0.00266319 0.00472439 0.000208173 0.00425795 -3.77894e-05 0.000495775 0.00173293 0.0057778 -0.000660359 -0.00173837 0.00204408 0.00151832 0.00437916 0.0066519 -0.00346523 0.00235155 -0.00207251
internal_weight=1806.3 490.04 1316.26 438.331 426.446 310.505 145.095 165.411 59.6123 877.932 47.8502 830.082 658.94 318.053 54.608 340.886 244.725 96.1613 71.2192 62.6281 44.6904 148.675 304.203 171.142
internal_count=13133 3471 9662 3608 3532 2552 1156 1396 467 6054 343 5711 4321 2006 336 2315 1682 633 461 404 285 1242 2158 1390
is_linear=0
shrinkage=0.01


Tree=241
num_leaves=25
num_cat=0
split_feature=294 120 109 77 122 162 314 122 235 235 126 168 251 125 109 245 237 321 38 109 122 106 193 70
split_gain=8.12311 10.1004 7.48403 12.086 11.8351 11.1605 11.8141 11.5337 10.8012 10.6986 12.8147 10.1448 9.82053 8.38869 11.8546 8.59246 8.52189 8.23588 11.5996 8.18771 8.01684 7.82387 7.70408 8.37475
threshold=-0.1333807416772019 0.97464007493063265 1.1685457581177501 3.0808778457217838 -0.0077558681737471989 0.019362649379051789 -0.0034812907135282531 1.1438855723623849 0.004656583726351169 0.0030627943190559281 1.2312654525491644 55.500000000000007 0.019583333333333338 1.2303402325310613 1.7588197241736621 -0.81442591082187643 -0.21109661012424119 4.5000000000000009 0.27739747936792275 1.0213859543395061 0.6933283558112896 0.89922406537728528 0.59476565172767715 0.7645471790999061
decision_type=2 10 8 8 10 10 2 10 2 2 8 2 2 10 10 2 2 2 2 10 10 10 8 8
left_child=1 -1 4 9 22 8 -7 20 12 13 -11 -6 -5 14 15 -4 -17 18 -13 -19 -8 -9 -2 -24
right_child=2 -3 3 5 11 6 7 21 -10 10 -12 17 -14 -15 -16 16 -18 19 -20 -21 -22 -23 23 -25
leaf_value=0.0047961257180490378 -0.0045866830945151772 -0.00073175605940485687 0.0056300155614362061 0.0038484678144105563 0.0062304500651193112 -0.0015928705950821939 0.0014000570035224919 -0.0041312814710823863 0.0012640273225158723 0.0043561640146414903 -0.0042741160028421836 0.0051850581515427265 -0.0045907982926939924 -0.0030521717058122418 0.0066415984504045594 -0.0045054721037846917 0.0007664790700508252 -0.0056941799483185918 -0.0025884344336270728 -0.0010277083527844017 0.0072149135128999429 0.0053301758318073725 0.00012544705229137196 0.0064046387569861515
leaf_weight=75.464094564318657 30.020679868757725 55.561745181679726 22.342928618192673 13.076982237398623 10.133957937359808 110.05575726181269 46.343736186623573 30.24358918517828 58.009205169975758 169.203204408288 16.736461766064167 24.007303945720196 132.15293785184622 53.278112918138504 31.836012102663517 39.301588326692581 109.67409025877714 112.75438438355923 64.440593056380749 58.752081677317619 50.909748122096062 9.129548177123068 465.50301429629326 19.445827730000019
leaf_count=493 193 433 132 102 88 820 325 278 484 1043 124 213 1144 373 189 277 744 1002 556 488 405 84 3021 132
internal_value=0.000107849 0.00247868 -8.06242e-05 0.000544473 -0.000791792 -0.000606424 0.000817389 0.00275905 -0.00232693 0.00171368 0.00352138 -0.00247547 -0.00376483 0.000374804 0.00130814 0.00021907 -0.000675945 -0.00288237 -0.000371735 -0.00414419 0.00457244 -0.00170246 9.80364e-05 0.000415134
internal_weight=1808.38 131.026 1677.35 892.294 785.058 449.922 246.682 136.627 203.239 442.372 185.94 270.088 145.23 256.433 203.155 171.319 148.976 259.954 88.4479 171.506 97.2535 39.3731 514.97 484.949
internal_count=13143 926 12217 6524 5693 3642 1912 1092 1730 2882 1167 2347 1246 1715 1342 1153 1021 2259 769 1490 730 362 3346 3153
is_linear=0
shrinkage=0.01


Tree=242
num_leaves=25
num_cat=0
split_feature=294 237 227 71 224 270 257 44 60 144 111 270 105 209 280 87 186 18 204 147 114 280 69 103
split_gain=8.28238 9.55176 7.75732 14.6431 10.3566 11.2571 9.3334 8.86367 8.78403 8.66181 10.5328 10.0977 9.36958 8.2937 9.58258 7.90546 10.3821 7.75426 7.53591 7.30654 11.0616 9.41643 12.4941 8.02767
threshold=-0.1333807416772019 -0.015369730000126107 0.0046765422018749921 1.8457526843982881 1.5698997494015836 0.072299781135122518 19.500000000000004 14.500000000000002 -558.35489949117857 0.12254524451289951 1.3394261057926766 0.090979236812570155 0.69283247971697637 0.61416040100250646 0.052542001292281836 1.7654360646845011 0.058578431372549027 -0.29024586108364253 0.18127053669222346 0.14976909489454981 1.0048084074135291 0.070687862929138298 -0.31779680469173455 1.59269864313126
decision_type=2 2 2 10 2 2 2 2 2 10 8 2 10 2 2 10 10 8 2 8 10 2 8 10
left_child=1 -1 8 4 5 -4 -5 18 -2 10 -6 12 15 -9 -15 16 -12 -18 -8 21 -21 -10 -23 -24
right_child=2 -3 3 6 9 -7 7 13 19 -11 11 -13 -14 14 -16 -17 17 -19 -20 20 -22 22 23 -25
leaf_value=0.0035487984653061883 0.0052855985941564574 -0.0040843963726191488 0.0050482703848435907 0.0086416292257889289 -0.0075088577059405229 -0.00038704003821566881 -0.0013694864320111084 0.0057917245464243483 -0.0037731645060933711 0.0042055169117690338 -0.0040598032480760179 -0.0050791875613446728 0.0061872750545468374 0.0039935309718604093 -0.0030527883773480424 -0.0030578161936382158 -0.00018432861589106058 0.010093435897830414 0.0052681845528901872 -0.00043393204610304444 0.0043704980467430829 -0.0047835214801605457 0.005025128017978278 -0.00028573138309114171
leaf_weight=117.30183712393045 22.372635163366795 16.440624795854092 56.513211995363235 21.947109803557396 30.579026907682419 104.59002321213484 19.470134638249874 17.940357066690922 144.98396746069193 19.652297891676426 14.009901009500025 48.48273753374815 18.808747611939907 23.612401746213436 68.953927338123322 67.642777614295483 12.166988901793955 14.618037149310114 89.308970354497433 619.28825149685144 49.075203493237495 49.336242437362671 32.858480103313923 137.71090762317181
leaf_count=820 136 123 379 158 239 658 138 121 1225 127 108 340 133 172 552 546 81 105 557 4343 301 416 248 1184
internal_value=0.000169235 0.00253764 -2.22294e-05 0.000854671 -0.000350138 0.00156787 0.00277353 0.00207868 -0.000545998 -0.00172453 -0.00234368 -0.00133407 0.000164848 6.02029e-05 -0.0011794 -0.00100194 0.00236093 0.00582064 0.00406645 -0.000687387 -6.26546e-05 -0.00181963 -0.000495437 0.000797079
internal_weight=1817.66 133.742 1683.92 628.297 387.064 161.103 241.233 219.286 1055.63 225.961 206.308 175.729 127.246 110.507 92.5663 108.438 40.7949 26.785 108.779 1033.25 668.363 364.89 219.906 170.569
internal_count=13210 943 12267 4414 2716 1037 1698 1540 7853 1679 1552 1313 973 845 724 840 294 186 695 7717 4644 3073 1848 1432
is_linear=0
shrinkage=0.01


Tree=243
num_leaves=25
num_cat=0
split_feature=321 278 288 128 193 79 138 108 37 87 138 227 29 151 64 219 202 7 193 172 122 240 106 1
split_gain=7.34287 9.28234 10.1636 9.40012 9.21126 11.6291 10.1579 11.9825 12.6483 10.4012 10.3627 9.06136 8.87593 8.59055 8.97599 8.04507 11.8372 8.96571 9.81331 7.90006 7.05371 14.8418 12.3836 10.9571
threshold=4.5000000000000009 -0.0081543903822966137 -0.0092095219247406053 1.0225774826776284 0.90029239766081881 82.795235970020755 0.14901133009202991 0.64431209913274734 0.46842600355820946 4.2447345919105866 0.18710853290479365 0.016315439219165933 0.31660415326278907 0.057943036203905778 1.0231147502265567 0.0099256194276144041 0.052015692640692647 -1.2524007836229278 0.8034250585480095 3.0154166666666673 -0.021594023724452922 1.5243161021288303 0.56477797512565553 0.51579199301854606
decision_type=2 8 2 8 8 2 2 8 2 8 2 2 2 10 10 2 2 2 10 10 8 2 8 2
left_child=4 2 -2 -4 5 12 11 -8 10 -10 -9 13 -1 14 15 17 -17 18 -7 -6 -3 22 -22 -23
right_child=1 20 3 -5 19 6 7 8 9 -11 -12 -13 -14 -15 -16 16 -18 -19 -20 -21 21 23 -24 -25
leaf_value=0.0074463249071897858 4.3480292611220116e-05 0.00036908293302971546 0.0091705637326415356 -0.00091535581443887471 0.0041106996139554193 -0.0049381117152514373 -0.0038913507114692759 0.0044453923606211625 0.011210011280300851 0.0008163685998774377 -0.0020062126716919059 -0.0055431896471996155 -0.00043755522263136669 -0.0023565536177586831 0.0074933338035183955 0.011717280017232211 0.00061414750425567519 0.0018077207403947547 0.0028418501891146431 -0.0039326553196014757 -0.0042062383133230985 0.0027153865108371341 -0.00090691196500617484 -0.0018430407972007358
leaf_weight=46.727660767734051 77.187042042613029 381.58979026973248 27.289266236126423 12.386546187102793 12.644145123660563 55.175341308116913 20.551317073404789 55.661347895860672 30.319647558033466 14.541383557021616 40.852275170385838 26.141532368957996 19.303292170166969 84.551752328872681 18.644997224211693 12.10062290728092 28.422506995499134 87.676040202379227 20.1795599386096 58.946504175662994 197.1135887876153 126.05163663625717 271.06200690567493 86.447209388017654
leaf_count=294 553 2416 179 87 95 360 173 406 216 117 291 194 123 725 127 81 195 589 128 469 1537 998 2104 721
internal_value=4.64768e-05 -0.000419033 0.00222089 0.00614725 0.000913962 0.00134818 0.000804859 0.00283611 0.00387845 0.00811139 0.0017251 -0.000195811 0.00520391 0.000303309 0.00133691 0.000672735 0.0045033 -0.000334113 -0.00281422 -0.00239583 -0.000715556 -0.0013241 -0.00231514 0.000856419
internal_weight=1811.57 1179.13 116.863 39.6758 632.44 560.849 494.818 161.926 141.375 44.861 96.5136 332.892 66.031 306.751 222.199 203.554 40.5231 163.031 75.3549 71.5906 1062.26 680.674 468.176 212.499
internal_count=13178 8595 819 266 4583 4019 3602 1203 1030 333 697 2399 417 2205 1480 1353 276 1077 488 564 7776 5360 3641 1719
is_linear=0
shrinkage=0.01


Tree=244
num_leaves=25
num_cat=0
split_feature=76 70 232 254 80 54 302 254 147 105 204 117 212 289 82 314 121 227 308 121 83 212 95 39
split_gain=7.92881 9.10464 10.056 11.7841 7.99933 12.6324 17.9395 7.91059 7.57064 10.8367 8.613 8.47739 7.66173 6.88174 7.44725 6.97671 6.72472 6.61192 11.6465 7.94484 10.9103 9.60202 11.0894 9.25195
threshold=0.70338746342682812 0.50979323915175256 0.84865645009030544 199.50000000000003 57.500000000000007 3.5000000000000004 0.006976475143713543 90.500000000000014 0.089769754055468345 1.1601474030460397 0.69604037267080754 2.368833019097448 0.5946829182123301 -0.020036917513479576 0.45964404390596542 -0.0041131116271004358 -0.61159403919952759 0.0051948402417962012 0.0049483074724006549 -1.6535914861196137 0.95789991897239235 0.20521310918661914 -1.6875103094497264 0.078032947282959439
decision_type=10 10 2 2 2 2 2 2 10 10 2 10 2 2 8 2 10 2 2 8 10 2 10 2
left_child=1 2 -1 4 5 7 -7 -4 11 17 12 -2 -11 15 -15 -3 -16 18 -10 20 -19 -22 -23 -21
right_child=8 13 3 -5 -6 6 -8 -9 9 10 -12 -13 -14 14 16 -17 -18 19 -20 23 21 22 -24 -25
leaf_value=0.0041631472745635141 -0.0030559788146333994 -0.0042307336256765197 -0.0039866806640417437 0.007003500088122663 -0.0052874956516945808 -0.0031690722387600523 0.010128848131491524 0.0022405225621672633 -0.0010338743310344526 0.002307435360230513 -0.0034444813454318881 0.0047566446198057371 0.0088387651327345995 0.0011565410498382851 0.012193369344524474 0.0039001420586120433 0.0026116290195672522 -0.0035806762025611992 0.0063528809333801119 0.0011792448778904826 -0.001745756300608782 -0.0011608803534661934 0.0089853508527589013 -0.0022907653039339463
leaf_weight=54.245577767491341 133.1914544031024 14.305183246731756 66.194137066602707 15.422320835292338 38.344893828034401 15.766199022531508 20.771969027817249 26.575507462024689 718.08322584629059 120.88882890343666 18.788208775222301 12.831603378057478 19.413267582654953 19.942484818398952 21.369688019156456 24.622871972620487 13.672551937401293 16.282981909811497 19.160104759037495 229.64321028441191 15.454368643462656 12.904170274734495 45.070244945585728 111.91763291507959
leaf_count=343 1194 78 464 91 230 101 119 176 5457 811 130 97 123 116 114 139 86 126 137 1724 109 84 291 786
internal_value=0.000168158 0.00155943 0.000494178 -0.000634507 -0.00144802 -0.000212645 0.00455045 -0.00217865 -0.000146277 9.25776e-05 0.0025177 -0.00228501 0.00337568 0.00414737 0.00634151 0.000803522 0.00895763 -0.000242038 -0.00081689 0.000737236 0.0033362 0.00495951 0.00676161 2.97937e-05
internal_weight=1804.86 331.233 237.321 183.075 167.653 129.308 36.5382 92.7696 1473.63 1327.61 159.09 146.023 140.302 93.9128 54.9847 38.9281 35.0422 1168.52 737.243 431.273 89.7118 73.4288 57.9744 341.561
internal_count=13126 2057 1524 1181 1090 860 220 640 11069 9778 1064 1291 934 533 316 217 200 8714 5594 3120 610 484 375 2510
is_linear=0
shrinkage=0.01


Tree=245
num_leaves=25
num_cat=0
split_feature=297 32 121 89 225 120 36 297 157 144 81 302 115 122 57 60 309 283 304 290 33 204 89 115
split_gain=8.23048 10.2479 9.40345 9.84212 10.2607 8.80227 11.4278 11.505 10.9566 10.5743 12.2838 10.719 10.2961 10.6147 10.5648 9.59223 8.65695 9.57409 8.35383 10.0219 8.32656 8.20628 8.3343 8.16465
threshold=-0.02818055814104518 0.00071761760225600238 -2.2749236555014396 0.96340297422267074 0.85731835731835748 0.62097112523439313 0.0471148132784735 0.036759252283248368 0.38098610549035483 0.0051948402417962012 0.33740181848649575 0.0057404473361401731 -0.66388052047224322 0.64870977457523193 0.42794057259843155 -282.90224411287517 -0.0035183411573841967 0.013882849426549881 -0.041901087271693831 0.11418366501604675 0.023828450299038538 0.16606714628297364 3.0286427280058232 -0.72219997763633181
decision_type=2 2 8 8 2 10 2 2 8 10 10 2 10 10 10 2 2 8 2 2 2 2 10 8
left_child=-1 2 -2 -4 5 6 7 8 20 -7 21 12 15 -14 -15 -12 -6 -18 19 -3 -5 -11 -23 -17
right_child=1 18 3 4 16 9 -8 -9 -10 10 11 -13 13 14 -16 23 17 -19 -20 -21 -22 22 -24 -25
leaf_value=-0.0012751537629322215 0.006150175842725614 -0.0021906710234761667 0.0049775955928431283 -0.0010882188913308103 -0.0056760577734859584 -0.0022236046052472296 -0.0039342201539668466 0.0098936601801133603 -0.0015588231971497093 -0.0046832359197160351 0.006426518029726519 0.0038163251686105051 0.006294978725116058 -0.0047225909338043173 0.0053171955421537614 -0.00015914474867587917 0.00050874410230586494 -0.0069076663769732137 -0.0030325065425214123 0.009807646780626237 0.0071480771917925524 0.00068818939690368935 -0.0061234548527255355 -0.0061427367369033337
leaf_weight=375.41632393747568 27.875535547733307 13.90500093996525 45.305239252746105 15.396823249757288 41.581388391554356 130.66948660463095 18.030145108699799 24.701166376471519 39.628666117787361 48.041430667042732 17.332245767116547 156.98691930621862 54.208013318479061 22.048023141920567 15.257003694772719 246.51931016892195 117.98617926239967 17.489730127155781 129.63343232870102 9.4868697449564916 44.355586849153042 152.23931925743818 17.470365472137928 22.356885649263859
leaf_count=2759 145 137 290 106 301 1063 110 147 246 348 92 1059 344 187 119 1710 898 135 1319 91 258 977 125 164
internal_value=3.61868e-05 0.000383364 0.000678427 0.00054167 0.000362338 0.000747784 0.00303319 0.00411896 0.00243874 0.000370332 0.000828792 0.00164252 0.000714662 0.00358024 -0.000505662 -0.000224269 -0.00184052 -0.00056359 -0.00203707 0.00317196 0.00505656 -0.00116024 -9.6422e-05 -0.000719408
internal_weight=1803.92 1428.5 1275.48 1247.6 1202.3 1025.24 142.112 124.082 99.3811 883.129 752.46 534.708 377.721 91.513 37.305 286.208 177.057 135.476 153.025 23.3919 59.7524 217.751 169.71 268.876
internal_count=13130 10371 8824 8679 8389 7055 867 757 610 6188 5125 3675 2616 650 306 1966 1334 1033 1547 228 364 1450 1102 1874
is_linear=0
shrinkage=0.01


Tree=246
num_leaves=25
num_cat=0
split_feature=153 153 162 153 22 28 297 189 316 299 304 106 59 219 304 248 291 321 125 289 15 186 89 129
split_gain=7.39888 12.513 8.55074 14.3346 11.9248 9.40251 9.31891 8.78298 7.40789 7.17007 9.81149 8.02276 9.9564 7.81971 7.7998 8.8637 8.06095 9.43422 10.1599 8.75364 8.73231 8.39342 9.85697 9.00491
threshold=0.049443833272216117 0.045084975438992723 0.043557312252964435 0.015611460138648182 1.2556739911584909 0.23241888857033641 -0.042148496811418155 -0.15265582845962009 0.0035127715199983621 -0.047063516272085264 -0.007553285422008226 0.60379971418589251 3.5545638490760978 0.013378076062639823 -0.099565556009470105 0.65954545454545466 1.6745369752204693 5.5000000000000009 -0.29017911332983065 -0.16288162433546385 -0.86294334439781517 0.064665471923536458 2.6787975449874382 1.3709044804846398
decision_type=8 10 10 10 10 2 2 8 2 2 2 10 10 2 2 2 2 2 10 2 2 8 10 8
left_child=1 2 3 4 9 -5 -7 -8 -2 14 11 -11 13 -13 15 -1 17 21 -19 -20 -18 22 23 -16
right_child=8 -3 -4 5 -6 6 7 -9 -10 10 -12 12 -14 -15 16 -17 20 18 19 -21 -22 -23 -24 -25
leaf_value=-0.0057767728700369083 -0.00087313753044304795 0.008829480785646427 0.003031858096985085 -0.0054495205296910178 0.0075111207892016064 0.0064985729605124233 -0.0040880306308774253 0.005208851608351669 -0.0072294644560334763 -0.0026139852951034006 0.00044952602460688289 -0.0020682165200609538 0.0070318548193532013 0.00526803631770335 -0.00014814731392133134 0.0031728704120983025 0.0010905639653158476 -0.006131063851986608 0.0077343024905453571 0.0007995256837545463 -0.0072385454384194031 0.0080269233464113528 -0.0045799711049219708 0.0093576901157367016
leaf_weight=26.051698811352253 74.393602974712849 14.190472468733786 98.376853704452515 71.654524818062782 19.921705603599548 13.062509559094904 44.314293272793293 10.270131424069403 22.159069374203682 232.80634504556656 778.14070151746273 75.774071954190731 17.269673831760883 14.983159147202967 19.015556663274769 15.463966853916643 44.067358449101448 14.217546433210371 19.813928261399269 99.442101560533047 14.40393854677677 49.474735088646412 13.381419792771338 17.443575792014595
leaf_count=175 686 117 657 667 122 108 410 88 219 1644 5510 533 122 98 124 110 298 103 130 666 107 320 98 121
internal_value=0.00014532 0.000298369 0.000212427 3.45938e-05 0.000327513 -0.0029976 -0.000271138 -0.00215009 -0.00250701 0.000213767 -0.00016952 -0.00157781 0.000655873 -0.00072316 0.00149612 -0.00243068 0.00207735 0.00290549 0.00111808 0.00211311 -0.00118506 0.00519988 0.00209292 0.00472176
internal_weight=1820.09 1723.54 1709.35 1610.97 1471.67 139.301 67.6469 54.5844 96.5527 1451.75 1118.97 340.833 108.027 90.7572 332.776 41.5157 291.26 232.789 133.474 119.256 58.4713 99.3153 49.8406 36.4591
internal_count=13233 12328 12211 11554 10281 1273 606 498 905 10159 7907 2397 753 631 2252 285 1967 1562 899 796 405 663 343 245
is_linear=0
shrinkage=0.01


Tree=247
num_leaves=25
num_cat=0
split_feature=20 99 99 29 107 149 160 151 246 71 121 210 120 208 199 82 41 252 29 125 17 148 59 200
split_gain=7.19634 11.5704 9.37435 9.53306 8.04455 8.24551 12.7772 14.7903 9.80466 9.71988 8.70133 8.3494 9.90072 8.77201 8.16333 7.99773 10.7541 11.4166 9.907 8.95161 10.4891 8.94012 9.47219 12.9644
threshold=0.9050387478887475 1.182594468309764 0.66616782519403228 0.37589326731662503 0.29080678368324925 0.11512051460900567 0.037056654111738863 0.023482055644830958 0.85975698017239899 1.7114801990196333 -1.3460748522409411 0.025078616352201263 1.1956319374475337 0.97007352686206261 -0.5716408167542103 0.56885629636168666 498.50000000000006 81.500000000000014 0.27823033030134875 0.64325442831871238 2.7597547267073357 0.19429311621021469 2.6226724028016055 1.921140767670102
decision_type=10 10 10 2 10 10 8 10 10 10 8 2 10 2 2 8 2 2 2 8 2 10 10 2
left_child=2 -2 4 -4 5 8 11 10 -1 -10 -8 13 -13 -7 -11 19 18 -18 21 20 -9 -17 -23 -24
right_child=1 -3 3 -5 -6 6 7 15 9 14 -12 12 -14 -15 -16 16 17 -19 -20 -21 -22 22 23 -25
leaf_value=0.00030322794075962834 0.0043608774922403492 -0.003025549789348846 -0.0028727700460776189 0.0056208328761696994 0.0018656471667935176 -0.003365711806857288 -0.0032319881891948211 -0.0043595512445211669 0.0001141152228674761 0.010623326209336138 0.0042047370678669769 -0.0062702214003894346 0.0032078898171152498 0.0076739071528051815 0.0002495061089012245 -0.0017731897354783821 0.0074437124408903909 0.00037639615021323918 -0.0035297822543050514 -0.0053989843913913342 0.0060740644340150371 0.0079917951378439562 -0.0043486510252831101 0.0077482224207605088
leaf_weight=510.21893272548914 83.68829969316721 25.684210285544395 161.75415871292353 11.679900780320166 246.36753694713116 14.516494005918505 16.44715266674757 16.733058176934719 31.016885936260223 24.439667217433453 94.09918986260891 82.847904548048973 10.725196823477743 9.5046395063400251 10.980062171816824 76.892601832747459 27.547071948647499 95.016345135867596 119.13286279141903 69.188997566699982 16.143284790217876 22.406610228121281 22.464746505022049 10.788764439523218
leaf_count=3263 587 227 1478 102 1641 124 102 142 220 153 601 687 98 75 82 626 185 721 953 548 130 162 174 82
internal_value=0.000131719 0.00258462 -2.94613e-05 -0.00221368 0.000221529 -9.72882e-05 -0.000822352 -0.000210606 0.000786412 0.004318 0.00303614 -0.00378995 -0.00511087 0.00131437 0.00769113 -0.000979773 -0.000290498 0.00210551 -0.00147173 -0.00342125 0.000811 0.000405749 0.00337309 -9.50568e-05
internal_weight=1810.28 109.373 1700.91 173.434 1527.48 1281.11 704.455 586.861 576.656 66.4366 110.546 117.594 93.5731 24.0211 35.4197 476.314 374.249 122.563 251.686 102.065 32.8763 132.553 55.6601 33.2535
internal_count=13163 814 12349 1580 10769 9128 5410 4426 3718 455 703 984 785 199 235 3723 2903 906 1997 820 272 1044 418 256
is_linear=0
shrinkage=0.01


Tree=248
num_leaves=25
num_cat=0
split_feature=157 76 136 120 104 287 262 156 221 306 106 108 137 219 125 212 3 189 210 224 232 120 94 94
split_gain=6.05242 8.89743 10.7936 11.6153 10.2181 10.0738 11.1303 9.9365 8.91475 7.53081 6.87625 13.7709 12.6218 12.6097 14.2355 13.3928 11.6542 9.4511 10.2012 11.2303 16.8906 9.15548 8.6757 12.4377
threshold=0.50531975099037929 0.68390980734582163 0.32339757506930766 0.53635554339761815 44.500000000000007 -0.030238997431888067 -0.56761150682118722 0.36456343264315594 -0.14190674335112938 0.90248300413687199 0.69672962988274478 0.055818057584020184 0.10286196097325946 0.0064725596983661515 0.46940352665371771 0.39940476190476198 2.5780544862012449 -0.28474837785925106 0.079042029534267325 0.442070443943405 1.4316154138842518 1.235352529746677 0.45438319374378938 0.50382179587838272
decision_type=10 8 2 8 2 2 10 10 2 2 10 10 2 2 10 2 2 8 2 2 2 10 10 10
left_child=1 2 4 -4 5 -1 7 -7 -8 -6 17 -12 -13 16 -15 -16 -14 18 22 -20 -21 -19 -3 -24
right_child=-2 10 3 -5 9 6 8 -9 -10 -11 11 12 13 14 15 -17 -18 21 19 20 -22 -23 23 -25
leaf_value=-0.00037302696978010224 -0.0044741363853616723 0.0029299206694845675 0.0031076130571846745 -0.0055038606294005648 -0.0036742101979052571 -0.0032290484501204357 0.0099671859878909912 0.0065518047422221549 0.001666540022786692 0.0041601908857027067 -0.0043904707737667846 0.010966823242403749 0.0050269293989384772 -0.0023818841987723873 0.0095821142930370418 -0.001482903029497523 -0.00068888001488590859 0.0010498222150196047 -0.0078241382107489023 0.0057301849584132604 -0.00056994489857928158 -0.0041630767686158853 -0.0070879182385160397 -0.0018854349221928926
leaf_weight=34.54241705685854 26.653500586748123 28.540547288954258 24.852354377508163 33.628503017127514 32.119807675480843 20.929049037396908 53.436158426105976 15.644375719130037 18.892943307757378 16.087112672626972 40.964725904166698 10.904307283461092 38.990543060004711 19.733793362975121 44.423409320414066 13.136273689568041 239.09464050084352 382.24246846139431 13.068268142640589 52.023063488304615 186.99312110245228 34.0728899538517 50.544958256185055 377.67645783722401
leaf_count=215 176 213 162 239 183 119 312 85 118 87 343 76 243 148 322 93 1850 2782 92 353 1381 310 376 2882
internal_value=1.82404e-05 9.29898e-05 0.00183094 -0.00185337 0.00297102 0.0042899 0.00574985 0.00109976 0.00795733 -0.000953991 -0.000192898 0.000915495 0.00154086 0.00116416 0.00465977 0.00708915 0.000151666 -0.000596267 -0.00129718 0.000312605 0.000848325 0.000595447 -0.00218425 -0.00254451
internal_weight=1809.2 1782.54 250.133 58.4809 191.652 143.445 108.903 36.5734 72.3291 48.2069 1532.41 407.248 366.283 355.379 77.2935 57.5597 278.085 1125.16 708.846 252.084 239.016 416.315 456.762 428.221
internal_count=13160 12984 1520 401 1119 849 634 204 430 270 11464 3075 2732 2656 563 415 2093 8389 5297 1826 1734 3092 3471 3258
is_linear=0
shrinkage=0.01


Tree=249
num_leaves=25
num_cat=0
split_feature=271 182 106 120 108 176 128 109 158 66 307 116 295 72 185 298 298 297 257 204 309 307 257 291
split_gain=8.48638 8.86409 8.48512 9.81005 9.18718 8.24649 9.36294 10.5179 15.347 13.6105 8.72688 8.60112 8.57572 8.32522 7.64144 13.4001 8.25105 14.3691 10.9257 10.9914 8.31875 8.19652 8.14284 8.06768
threshold=0.052674495872370851 102.50000000000001 0.25773757020957266 0.66737432174277223 1.4994854544011738 12.713090103741697 0.37168005271399113 1.4800153312732556 0.25900090738220244 -14.656457689933577 -0.013827840310540121 -0.26495340738686746 0.19018404907897679 -397.75258606676221 0.82910783055198978 -0.00096572267391867967 -1.0000000180025095e-35 -0.02818055814104518 110.50000000000001 0.32826914206642072 0.020578214291664624 -0.014596140401417929 165.50000000000003 1.5362247142966865
decision_type=2 2 8 10 10 2 8 8 10 2 2 10 2 2 10 2 2 2 2 2 2 2 2 2
left_child=1 2 -1 -4 -5 14 11 9 -9 -8 -10 13 -13 -7 16 -16 18 -18 -2 -20 21 -21 -23 -19
right_child=5 -3 3 4 -6 6 7 8 10 -11 -12 12 -14 -15 15 -17 17 23 19 20 -22 22 -24 -25
leaf_value=0.0045474143399064897 0.0018858865623643606 0.0063949675404928194 0.0017480380869397533 -0.0037741776129333192 0.0031818481162568012 0.0049773614045404884 0.0014281444020771709 -0.0022304354100587689 -0.000575774562751632 -0.0051022814135916151 0.0078630861101692314 -0.00058137301578696846 0.0088871364195127461 -0.0019935611333021788 0.0015707589072552772 -0.0025698570988423376 -0.0010345168004296779 0.0026548310883873338 -0.0033486559592271689 -0.0020251040393886913 -0.0045353801578213691 0.0079753633124109609 -0.00027920628545554093 0.0070153024505145668
leaf_weight=16.77777399122715 224.93326462060213 10.892471477389334 47.510656379163265 204.7347324937582 18.602068081498146 19.84199133515358 41.078804589807987 85.205651015043259 18.951767347753048 122.7246428206563 29.08613134175539 14.654932893812655 22.144192263484001 67.057639628648758 152.32248540222645 154.58125045150518 87.902849778532982 218.91063770651817 111.91910135000944 21.917814053595066 16.547116920351982 30.520630523562431 17.969871528446674 53.1374152302742
leaf_count=136 1549 87 371 1849 161 118 257 610 139 953 202 107 160 453 1093 1138 622 1481 747 142 112 200 113 359
internal_value=5.16362e-05 -0.00148033 -0.00184166 -0.00228422 -0.00315765 0.00035709 -0.000827245 -0.00178678 0.000294613 -0.00346208 0.00466768 0.00145736 0.00531944 -0.000283453 0.000815858 -0.000515966 0.00133864 0.00244641 0.000385382 -0.00130939 0.00132698 0.00284097 0.00505048 0.0035739
internal_weight=1809.93 298.518 287.625 270.847 223.337 1511.41 420.746 297.047 133.244 163.803 48.0379 123.699 36.7991 86.8996 1090.66 306.904 783.759 359.951 423.808 198.875 86.9554 70.4083 48.4905 272.048
internal_count=13159 2604 2517 2381 2010 10555 2999 2161 951 1210 341 838 267 571 7556 2231 5325 2462 2863 1314 567 455 313 1840
is_linear=0
shrinkage=0.01


Tree=250
num_leaves=25
num_cat=0
split_feature=121 200 147 60 33 115 177 276 200 280 168 10 235 82 43 315 292 235 212 147 176 65 200 299
split_gain=7.18931 10.1329 7.9972 11.3814 9.95844 9.82398 11.9095 9.40078 11.5037 10.1234 8.683 8.45403 7.5247 8.9849 10.1979 9.55803 8.0916 7.70473 7.54506 10.6967 7.34398 9.85879 11.1768 7.93694
threshold=-2.2749236555014396 0.32996119418792852 0.14696020140339602 7.950999303125978 0.03450079353628626 -0.19103366324770896 7.3975527019125868 8.7163523549956476 1.5994654867579676 0.070687862929138298 140.50000000000003 1.2779092698371082 0.010999092650468801 1.0716265989411917 150.50000000000003 0.028067511643870943 -0.0293357486332619 0.013913085559427024 0.25866357865843204 0.086996779388083742 11.579043592341467 1.8822248275618219 0.21887163498183113 -0.057290772317237885
decision_type=8 2 8 2 2 8 10 2 2 2 2 2 2 8 2 2 2 2 2 10 2 8 2 2
left_child=1 -1 12 11 5 6 10 8 -6 -10 -5 20 13 14 15 -2 -17 -14 19 -15 21 -4 -23 -22
right_child=2 -3 3 4 7 -7 -8 -9 9 -11 -12 -13 17 18 -16 16 -18 -19 -20 -21 23 22 -24 -25
leaf_value=-0.0010999584127804327 -0.0035916146016437729 0.0079799933645841297 0.0072536001394025804 -9.6622750087371105e-05 -0.0021098250369147487 -0.0028387980359710881 0.012423117443206453 -0.0028667951037813278 0.00018230158957284056 0.010932550221499606 0.0071713814318224789 -0.0035783948262027234 0.0061811159192564236 -0.00051660577393824157 0.00012263890920690234 -0.0031048997456955287 0.0077455709350778548 -0.00046390871664296016 -0.00088928556093338749 0.012100018979125476 0.0020292626029820983 -0.0068661600804882294 0.0035324149835035457 -0.00044962431910758159
leaf_weight=21.115005098283291 257.72424974292517 24.176808200776577 31.000723205506802 31.368269011378288 23.892952166497707 12.319542452692984 20.13330639898777 45.236057721078396 15.120296120643614 18.984989769756794 30.915018551051617 58.490982219576836 24.797966241836548 11.9704627096653 157.7004763931036 10.370502837002279 12.101084575057028 45.691797077655792 31.841552250087261 11.473128005862234 154.63757513463497 12.978184036910532 26.975720904767513 715.49863133579493
leaf_count=140 2180 167 204 233 155 85 139 312 98 117 205 435 188 110 1222 87 101 351 280 99 1016 96 182 4934
internal_value=9.77619e-05 0.00391083 -5.86186e-06 0.000455746 0.00262825 0.00492051 0.00614815 0.00043972 0.0030487 0.0065743 0.00365086 1.8239e-05 -0.000985726 -0.00142483 -0.00190689 -0.00304249 0.00291172 0.00200888 0.00228264 0.00625979 0.000252944 0.00328179 -5.32722e-05 -2.7585e-06
internal_weight=1806.52 45.2918 1761.22 1197.55 197.97 94.7361 82.4166 103.234 57.9982 34.1053 62.2833 999.582 563.671 493.181 437.896 280.196 22.4716 70.4898 55.2851 23.4436 941.091 70.9546 39.9539 870.136
internal_count=13136 307 12829 8211 1344 662 577 682 370 215 438 6867 4618 4079 3590 2368 188 539 489 209 6432 482 278 5950
is_linear=0
shrinkage=0.01


Tree=251
num_leaves=25
num_cat=0
split_feature=73 123 80 22 147 78 151 184 39 193 97 246 131 149 224 224 82 97 106 79 188 88 85 240
split_gain=8.11258 8.80556 8.79873 8.08815 11.0134 9.18243 10.7749 8.86254 9.11297 9.34078 7.98238 7.94221 7.84259 7.13805 9.92501 8.69523 10.9303 11.8701 8.8519 9.36561 8.14433 7.13531 9.48886 8.03518
threshold=315.53479370826329 0.90577760478196123 94.500000000000014 0.12426531407915478 0.1461861667744021 18.759740880351057 0.094627394384675947 0.37274852551773724 0.038809377768690798 0.84188596491228085 0.39049538073423284 0.6773896081162637 0.95806053949105319 0.12691331511128467 1.3553211926530042 2.2161746517178531 0.6751914420968036 0.36183032209088956 0.62591838554480606 413.69876180345432 0.60172413793103463 0.82402117473193026 54.506078027306863 0.73583759770937418
decision_type=2 10 2 10 10 2 10 8 2 10 10 10 8 10 2 2 10 10 10 2 10 10 2 2
left_child=1 10 21 7 5 -5 -7 8 -3 -10 -1 -6 -9 -13 -15 18 17 -17 19 -16 -19 22 23 -2
right_child=2 3 -4 4 11 6 -8 12 9 -11 -12 13 -14 14 15 16 -18 20 -20 -21 -22 -23 -24 -25
leaf_value=0.00032800881617141623 0.0023544428864964427 -0.0055841869287441828 -0.0033498204599079085 0.0038616917673060642 -0.0032345939348770803 -0.0055992043112070332 -0.00093529491990653206 0.0043789382226575519 0.006411258020589115 -0.0027100953070168811 0.0058628043060524361 -0.0020635224442792852 -0.003819641484172361 -0.0056048497370657932 -5.9944458295787592e-05 -0.0037613331957979841 -0.0026601620489085684 0.0079676256664917792 0.01009561087844192 0.0088054581447497577 -0.00072105740242579515 -0.00043382483564131198 0.00322431160215073 -0.0042254471463944437
leaf_weight=505.04574162513018 34.659569665789604 12.939630210399626 37.545059867203236 23.182867929339409 34.274275176227093 70.50344055891037 159.43199569731951 9.9553250223398191 28.324818924069405 15.348489470779894 24.7101776227355 38.679363615810871 201.8461944013834 11.465650573372839 35.609023295342922 14.617348939180372 42.124803200364113 39.496574722230434 26.163272947072983 14.874408416450022 13.605276733636854 130.20193535834551 249.87491236627102 33.951822519302368
leaf_count=3209 269 120 253 165 245 577 1405 73 228 134 159 268 1754 82 249 111 306 270 169 96 92 953 1702 278
internal_value=2.87828e-05 -0.000376966 0.00112997 -0.00104319 -0.000313586 -0.00180477 -0.00242057 -0.00244568 0.0010155 0.0032142 0.000617964 0.00108024 -0.00337673 0.00174038 0.00250734 0.00308803 0.00121717 0.00365339 0.00561717 0.00286311 0.00579985 0.00152578 0.00232679 -0.000925963
internal_weight=1808.43 1322.2 486.233 792.443 524.028 253.118 229.935 268.414 56.6129 43.6733 529.756 270.91 211.802 236.636 197.956 186.491 109.844 67.7192 76.6467 50.4834 53.1019 448.688 318.486 68.6114
internal_count=13167 9712 3455 6344 4035 2147 1982 2309 482 362 3368 1888 1827 1643 1375 1293 779 473 514 345 362 3202 2249 547
is_linear=0
shrinkage=0.01


Tree=252
num_leaves=25
num_cat=0
split_feature=299 73 5 154 253 208 156 170 70 123 66 262 114 120 193 36 90 321 33 89 106 24 257 118
split_gain=7.99062 9.17318 9.00209 12.8954 8.47042 10.0055 9.83893 15.4643 9.36063 8.77104 11.9851 10.2266 9.03606 12.7775 8.45885 9.34654 9.72809 8.35674 10.3121 7.96543 7.85305 10.5651 9.5035 9.15217
threshold=-0.052933153802719006 327.17862094722165 -2.8935132521978844 0.0065861769809138241 148.50000000000003 1.5413090480531311 1.0000000180025095e-35 2.0776197188257997 0.83086595391063045 1.0880700560198571 17.628273088560235 -0.026163092469903459 0.47499818936807098 0.50641174665346289 0.59476565172767715 0.025689886499619254 3.6811016081940027 4.5000000000000009 0.028797905759162305 2.2901301169179935 0.89135001665029701 -0.43857741300348513 60.500000000000007 23.500000000000004
decision_type=2 2 2 10 2 2 8 10 8 10 2 10 8 10 8 2 2 2 2 8 10 2 2 2
left_child=1 -1 -2 4 6 -6 7 8 -4 12 -11 -12 13 19 -5 16 20 18 -13 -8 21 23 -23 -16
right_child=2 -3 3 14 5 -7 9 -9 -10 10 11 17 -14 -15 15 -17 -18 -19 -20 -21 -22 22 -24 -25
leaf_value=0.00064524603314664269 -0.0022625594263428208 0.0046949539715596383 -0.0053534097645728017 -0.0040710991159438846 0.0075448674096397121 -0.00080547829999180038 0.0054315723583453681 0.011616236950368149 0.0046196402122309719 -0.0048824833605417743 0.0062344402078804411 0.0048967795766234898 0.0010878318491953853 -0.0056685716682577086 0.0080161227065114558 0.0047601460134981052 -0.0011828906145019481 -0.0027147203375053265 -0.0014263389168012925 -0.0037071078523616525 0.007512686555123934 -0.0050646146476264154 0.0020832216757194579 0.00069073069954766076
leaf_weight=308.57679834961891 188.42938303202391 66.088018894195557 16.114293679594997 22.135109543800354 24.110509134829044 29.233412273228168 21.651849798858166 12.992811314761637 15.83785869181156 110.29226219654083 15.272271633148192 35.833071477711201 240.5927032455802 51.692915201187134 31.436974063515663 87.329990059137344 114.281947940588 198.28690229356289 74.581299535930157 12.987075865268705 24.531896457076073 30.807027481496334 38.883842878043652 35.779127009212971
leaf_count=2202 1779 447 129 144 149 201 125 87 118 925 117 288 1501 353 204 516 729 1558 566 89 180 243 284 214
internal_value=9.73176e-05 0.00139221 -0.000242597 6.68498e-05 -0.000613699 0.00314137 -0.000873588 0.00353115 -0.000407416 -0.00114715 -0.00207388 -0.00108051 8.80478e-05 -0.00263276 0.00158136 0.00195768 0.00102693 -0.00149918 0.000688144 0.001957 0.00259082 0.00156688 -0.00113717 0.00431734
internal_weight=1807.76 374.665 1433.09 1244.67 859.479 53.3439 806.135 44.945 31.9522 761.19 434.266 323.974 326.925 86.3318 385.186 363.051 275.721 308.701 110.414 34.6389 161.439 136.907 69.6909 67.2161
internal_count=13148 2649 10499 8720 6206 350 5856 334 247 5522 3454 2529 2068 567 2514 2370 1854 2412 854 214 1125 945 527 418
is_linear=0
shrinkage=0.01


Tree=253
num_leaves=25
num_cat=0
split_feature=232 299 277 109 113 66 323 116 128 147 278 11 257 239 205 221 318 175 253 254 310 125 302 39
split_gain=5.82363 12.0963 12.3434 11.6649 10.4669 11.3601 10.3371 10.1947 9.6563 9.62921 9.39133 10.3766 8.61597 10.0003 8.18517 12.82 12.6575 13.0215 11.2801 10.2761 8.14774 9.58208 11.5355 8.76304
threshold=0.98086897047011734 0.045193141410533717 0.08718045294316483 1.0213859543395061 0.42196489788352937 -7.6222926302596532 100.50000000000001 -0.16900300018275616 0.42620823976910377 0.14976909489454981 -0.0074019285557747087 0.50121577162652076 92.500000000000014 0.68737204964150089 -0.39630030056116167 -0.25427596793766233 1.1227349478588518 14.756882039721285 72.500000000000014 31.500000000000004 -0.28404327500039783 0.69500749064491452 0.00024095555631198018 0.054424237038792296
decision_type=2 2 8 10 10 2 2 10 8 10 10 10 2 10 2 2 2 10 2 2 2 10 2 2
left_child=1 2 6 4 5 7 -1 12 -9 -5 11 -11 -2 -14 20 16 17 18 -16 -17 21 22 -12 -23
right_child=3 -3 -4 9 -6 -7 -8 8 -10 10 14 -13 13 -15 15 19 -18 -19 -20 -21 -22 23 -24 -25
leaf_value=0.011927963825241805 0.0017087626739870638 -0.0037190833212130399 -0.0046109747681434485 -0.00059356543527561481 0.0055648479567777798 -0.0033371518296012731 0.0030952260408056297 0.0090145289556593042 -0.0010420463701177407 0.007367160910724712 -0.0055473359243861245 -0.0010491713580725625 -0.0035502202045701705 0.0006977747332203441 0.013488084696278891 0.0056660341706475607 -0.00080739074205773336 0.00039599407926986795 0.0032534400082614981 -0.00032971080623547875 -0.0057189104739846742 0.0049451105977618868 0.0012054291376719234 -0.00025654806680029522
leaf_weight=13.710929930210112 85.137904867529869 27.697448164224625 14.639330491423605 449.13868536055088 19.010775610804558 207.09085064381361 92.031509414315224 18.323011800646782 16.135994486510754 45.09853545576334 47.812858864665031 19.887398116290569 144.68011633306742 86.904002778232098 29.325019910931587 30.782575413584709 27.316363282501698 21.486601188778877 20.101502254605293 187.66005210578442 23.574868366122246 52.544260606169701 48.491957619786263 76.540978856384754
leaf_count=83 595 195 105 3724 153 1761 582 113 98 272 319 145 973 601 184 208 185 147 125 1239 169 351 317 495
internal_value=7.96588e-05 0.00196059 0.00333118 -9.08868e-05 -0.00123547 -0.00149584 0.00453188 -0.000389101 0.00455754 0.000521754 0.0013168 0.00484057 -0.000966178 -0.00196267 0.000888009 0.00194823 0.00489548 0.00705247 0.00974805 0.000572519 -0.000463301 0.00014632 -0.00219983 0.00191402
internal_weight=1805.12 148.079 120.382 1657.04 577.283 558.272 105.742 351.181 34.459 1079.76 630.623 64.9859 316.722 231.584 565.637 316.672 98.2295 70.9131 49.4265 218.443 248.965 225.39 96.3048 129.085
internal_count=13139 965 770 12174 4294 4141 665 2380 211 7880 4156 417 2169 1574 3739 2088 641 456 309 1447 1651 1482 636 846
is_linear=0
shrinkage=0.01


Tree=254
num_leaves=25
num_cat=0
split_feature=153 109 153 153 148 262 175 311 270 157 102 239 109 57 119 183 210 240 237 103 1 268 116 140
split_gain=9.55306 11.0364 10.9113 9.02993 8.72328 7.45748 9.60186 7.3217 7.5169 9.60129 6.98009 8.75655 6.49617 11.9832 11.0984 11.7584 9.18958 10.4003 8.56786 8.31625 8.20032 8.10545 8.64489 11.9238
threshold=0.049443833272216117 2.3175888047283166 0.045084975438992723 0.015177108927108929 0.16827701020662189 0.99770353471292206 15.305897137627403 -0.20079367116383579 0.072928921568627472 0.19167997870074552 0.57787102115227229 0.8471534171530154 1.2469916402469974 -0.31200748645074544 -0.045626134209986811 -0.32125935732090111 0.073968855218855226 -0.26609585683746523 -0.23911457686211882 0.24929860742108362 -0.16451119667317235 0.45647243081219674 -0.075349296024951232 0.025441247264327647
decision_type=8 10 10 10 10 8 8 2 2 10 10 10 10 10 10 8 2 2 2 10 2 2 8 2
left_child=1 2 3 5 7 12 -7 10 9 -9 11 -5 14 18 15 16 19 -18 -14 -1 -15 22 -16 -24
right_child=-2 -3 -4 4 -6 6 -8 8 -10 -11 -12 -13 13 20 21 -17 17 -19 -20 -21 -22 -23 23 -25
leaf_value=0.0012820037915397399 -0.0029844396045935312 0.0053431162271695863 0.0088212564428731197 -0.0053631340077223656 -0.0051991972616676832 0.010351294492311085 0.00053992901050251116 0.0099796924362617022 -0.0024224136089001464 -0.001676120399979591 -0.0052125416736170495 0.004862817938379423 0.00010354735089809518 -0.0038079321564634056 -0.0030435843838985364 0.0078825565812742342 -0.0015511033627354329 0.0025595595104759626 0.0067855159246383179 -0.0025658262831299485 0.00077949560667974318 -0.0040459545751866718 0.0034329602771507777 -0.0022694772275266835
leaf_weight=83.77860876172781 95.1081907376647 38.310697250068188 11.383160039782522 10.618512161076071 57.926145374774933 13.73358181118965 26.493380352854729 16.200170569121841 15.81769512593746 9.8862664848566038 37.114452667534351 19.38651592284441 30.00974202901125 39.911598518490791 93.604337826371193 17.917527765035629 83.797222591936588 211.57573959231377 52.421258881688118 157.91496656835079 435.07268185913563 106.11873190104961 76.950574308633804 65.034205168485641
leaf_count=503 895 236 98 98 519 89 197 141 131 99 340 164 177 255 804 118 538 1329 304 1077 2979 950 557 545
internal_value=5.23377e-05 0.000226399 9.97439e-05 2.4422e-05 -0.0021605 0.000272836 0.0043748 -0.000445927 0.00271473 0.0057966 -0.00246374 0.00106234 0.000150356 0.000995877 -0.000375611 0.000495906 0.000207429 0.00138631 0.00444922 -0.00122852 0.000371568 -0.00178643 -0.000728343 0.000820776
internal_weight=1806.09 1710.98 1672.67 1661.28 166.95 1494.33 40.227 109.024 41.9041 26.0864 67.1195 30.005 1454.11 557.415 896.692 554.984 537.067 295.373 82.431 241.694 474.984 341.708 235.589 141.985
internal_count=13143 12248 12012 11914 1492 10422 286 973 371 240 602 262 10136 3715 6421 3565 3447 1867 481 1580 3234 2856 1906 1102
is_linear=0
shrinkage=0.01


Tree=255
num_leaves=25
num_cat=0
split_feature=103 5 154 247 146 306 192 113 237 59 310 147 200 111 319 100 136 39 82 129 156 147 260 291
split_gain=7.32882 6.83543 10.7509 12.2509 15.8806 8.77427 8.11796 7.9228 7.26614 7.38131 8.69309 12.3461 9.79858 7.76168 7.67115 6.77235 11.9744 13.1052 11.5765 11.0328 9.43888 8.88748 12.3663 14.5832
threshold=2.7178624488030203 -2.8935132521978844 0.019116981657443185 2.7971076406057027 0.18091278091278093 0.95654163502910083 1.4030146475392102 -0.43686590246684803 -0.052601020264534053 3.9615003098759272 -0.5906781722273291 0.16843038447181788 0.26544015929399228 2.714174058076535 -0.19136937481123525 0.67990093796261097 0.32339757506930766 0.080019286403085838 0.33134055000409374 1.0268689508540685 1.0000000180025095e-35 0.1461861667744021 0.083037502494765617 1.329378530614642
decision_type=10 2 10 2 8 2 8 10 2 10 2 10 2 8 2 10 2 2 8 10 8 10 8 2
left_child=1 8 15 4 5 6 7 -4 9 10 11 14 -13 -11 -1 16 17 19 -18 -3 -17 -22 -23 -24
right_child=-2 2 3 -5 -6 -7 -8 -9 -10 13 -12 12 -14 -15 -16 20 18 -19 -20 -21 21 22 23 -25
leaf_value=0.0024856993617663361 -0.0039201641958441901 0.0020118724756757749 0.0087466186433101719 -0.0041291151670943124 -0.0005967304132211465 0.00023851858923010165 0.011064926407029069 0.0011408835204906322 0.0044883180621266474 0.0079900971983570528 -0.004109774948316559 -0.0020910021477535653 0.0095622762403885456 -0.0018101693686375601 -0.0077401993222635402 0.0045008101118705658 0.0050265339330427903 -0.0011723133651255989 -0.004533279513736577 0.0075436145340634399 -0.001924228834134574 -0.00060913881215318168 0.0054824009535008877 -0.00049521235233527909
leaf_weight=9.9342531710863131 42.994443163275719 107.81775719672441 21.697140574455261 21.789458580315113 61.971179507672787 24.256791889667511 31.520403951406479 34.118625193834305 16.028582260012627 11.542789645493029 129.09425467252731 10.084420628845693 16.035993523895741 16.298596836626533 16.257337458431721 36.122734665870667 13.926361024379728 68.799954667687416 50.919802598655224 54.460994511842728 307.54821310192347 547.67146372795105 79.611024364829063 79.403298363089561
leaf_count=89 417 678 123 170 342 155 201 210 153 109 1204 89 141 161 154 264 92 397 361 327 2541 3714 532 555
internal_value=2.70846e-05 0.000129842 0.000368819 0.0025434 0.0034398 0.00564941 0.00708618 0.00439505 -0.00148535 -0.00200169 -0.00273987 0.000659967 0.00526453 0.00258355 -0.00396308 4.78356e-05 0.00137725 0.00244061 -0.00234051 0.00397228 -0.000328454 -0.000513535 0.000104217 0.00253495
internal_weight=1809.91 1766.91 1541.64 195.354 173.564 111.593 87.3362 55.8158 225.276 209.248 181.406 52.312 26.1204 27.8414 26.1916 1346.28 295.925 231.079 64.8462 162.279 1050.36 1014.23 706.686 159.014
internal_count=13179 12762 10662 1201 1031 689 534 333 2100 1947 1677 473 230 270 243 9461 1855 1402 453 1005 7606 7342 4801 1087
is_linear=0
shrinkage=0.01


Tree=256
num_leaves=25
num_cat=0
split_feature=83 10 120 105 83 129 17 165 30 234 296 114 28 148 91 109 165 98 35 35 184 120 71 307
split_gain=7.15084 11.7137 10.2691 9.72073 14.8567 14.1804 10.894 12.5276 8.77808 10.3368 9.57794 9.55379 9.96186 16.1033 10.6452 9.31088 10.1491 11.2102 10.0278 11.3873 11.9162 9.40847 11.4564 12.3542
threshold=3.5013525619451138 2.0999749604778279 0.98273075575786872 1.0801467272519485 3.0498209718993059 2.1744160316400869 3.2381181195521669 179.67134259259262 0.020705187946567259 0.046891657782516 0.34058134389124767 0.78992007196464942 0.225713556965254 0.17724395857307254 38.989152431685312 1.1685457581177501 179.59273726851856 66.500000000000014 0.0014357509193753198 0.0050686380296646469 1.8872035305918933 0.80910960197290394 2.1964470663411553 0.016280741739898096
decision_type=10 2 10 10 10 8 2 2 2 2 2 8 2 8 2 10 2 2 2 2 10 8 10 2
left_child=1 3 -3 8 5 -5 -7 -8 15 10 -10 -11 14 -14 -13 21 17 -17 -18 -20 -21 -1 23 -23
right_child=-2 2 -4 4 -6 6 7 -9 9 11 -12 12 13 -15 -16 16 18 -19 19 20 -22 22 -24 -25
leaf_value=0.00071291187138493837 0.0044641118801225614 0.0032907890551983772 -0.0049125665461873143 0.00088855869407728047 -0.005923076327299201 0.0011184676923995697 0.013340409524719052 0.0012657697568940183 0.0049943260618654089 -0.0028504909000217006 -0.0040178059712544061 -0.0054055108052787583 0.0073685139120945285 -0.0010323990318411582 0.0031994979377600887 -0.0059191938429529224 0.0092632829155409411 0.0011089986160332766 -0.0010318187453686859 0.0025523629611917502 0.012197236668179913 -0.0031364027451151132 0.0042564344459214342 0.0011073924266676049
leaf_weight=422.05271166563034 32.188993975520134 16.468155398964882 79.628071777522564 114.06834595650434 17.753577046096325 23.90183699131012 27.009247213602066 13.242610141634939 10.281694404780863 75.77892042696476 152.51309362053871 31.36267002671957 46.627237416803837 40.863973461091518 22.186605282127857 24.348604246973991 23.15878040343523 134.3848233371973 56.103925600647926 59.704705223441124 14.537160210311411 249.23083408921957 29.374624840915203 92.154953770339489
leaf_count=2723 249 136 714 742 121 165 186 90 85 661 1388 252 355 281 173 169 148 858 352 362 83 1967 203 706
internal_value=-9.62684e-06 -9.82409e-05 -0.00344242 9.78588e-05 0.00217485 0.00306737 0.0067244 0.00973665 -0.000179254 -0.0014856 -0.00336664 -4.33953e-05 0.00148429 0.00352448 -0.00184078 0.000271258 0.00172614 -4.79296e-05 0.00353465 0.0023334 0.00483388 -0.000304575 -0.00146214 -0.0019882
internal_weight=1808.93 1776.74 96.0962 1680.64 195.976 178.222 64.1537 40.2519 1484.67 379.614 162.795 216.819 141.04 87.4912 53.5493 1105.05 312.238 158.733 153.505 130.346 74.2419 792.813 370.76 341.386
internal_count=13169 12920 850 12070 1304 1183 441 276 10766 3195 1473 1722 1061 636 425 7571 1972 1027 945 797 445 5599 2876 2673
is_linear=0
shrinkage=0.01


Tree=257
num_leaves=25
num_cat=0
split_feature=241 146 160 302 323 217 176 197 88 33 185 90 96 263 149 109 84 258 51 34 201 220 106 313
split_gain=6.0714 9.45997 14.1114 7.92726 11.9737 10.2456 9.76436 15.5339 11.4269 9.62625 8.4303 13.403 8.24572 8.63513 13.8161 13.257 11.6779 8.46851 9.17266 8.29467 7.5514 11.0522 8.16818 9.32787
threshold=0.84523809523809534 0.28626306760699677 0.0052784379501439075 0.0075207368931446321 420.50000000000006 0.65229016507788906 11.836472474247904 -0.26474396435758785 0.71706178401467291 0.013407837967401727 0.84021276595744687 8.6874630052633606 -1.0951095386950602 -0.41160269729520577 0.083449396471680606 1.0213859543395061 15.039229553576432 -0.6404101266762966 246.50000000000003 0.11198172478716439 0.8097619047619049 0.25337899543379 0.81677460622001663 -0.025929380873410703
decision_type=2 10 10 2 2 2 2 10 10 2 10 2 10 10 10 8 2 2 2 2 2 2 10 2
left_child=3 20 -3 10 9 -6 -7 8 -8 -5 12 -12 -1 -14 16 19 17 18 -15 -16 -2 -22 23 -23
right_child=1 2 -4 4 5 6 7 -9 -10 -11 11 -13 13 14 15 -17 -18 -19 -20 -21 21 22 -24 -25
leaf_value=0.0059012488283813258 -0.0032208344390592288 -0.0021219848397998511 0.0090818308545178843 0.0065819331893794747 -0.0010697271257486937 -0.00033609367946699448 0.012171560201092795 -0.00012919130548212225 0.002187820313035388 -0.00034341687837618763 -0.0051011076376449825 0.0058051792984498063 -0.003222798257301721 0.0093824765930486855 0.0032834185579083261 0.00049220646067130375 0.010539120574030739 -0.0041188107589015541 -0.00074767336209695487 -0.004490615202020644 -0.0024758927260026486 -0.0021997276752957436 0.0069299295323372459 0.0024245994289128366
leaf_weight=21.502711832523346 139.8735516667366 20.395965106785297 19.784750916063786 19.136953800916672 30.442312218248844 22.887908414006233 42.451234079897404 22.525249913334846 17.638940416276455 227.65318619459867 62.727014862000942 11.053411237895487 72.816355258226395 15.107081346213819 13.873381942510603 561.2274472489953 19.595222979784012 14.816425576806067 16.701010152697563 88.759530626237392 150.10621802508831 75.319881625473499 18.712066285312176 95.780197717249393
leaf_count=133 1022 127 111 143 206 161 286 157 126 1604 502 81 487 89 115 4069 107 103 104 722 1232 576 147 712
internal_value=1.72434e-05 -0.000890615 0.00360661 0.00038772 0.0015873 0.00393791 0.00538232 0.0069369 0.009488 0.000258333 -0.000125721 -0.00329936 0.00016744 -5.12793e-06 0.000325662 -0.000115199 0.00458293 0.00159781 0.00440917 -0.00337006 -0.00128834 -0.000470091 0.001124 0.000380439
internal_weight=1800.89 519.973 40.1807 1280.92 382.736 135.946 105.503 82.6154 60.0902 246.79 898.18 73.7804 824.399 802.896 730.08 663.86 66.2197 46.6245 31.8081 102.633 479.792 339.918 189.812 171.1
internal_count=13122 3927 238 9195 2683 936 730 569 412 1747 6512 583 5929 5796 5309 4906 403 296 193 837 3689 2667 1435 1288
is_linear=0
shrinkage=0.01


Tree=258
num_leaves=25
num_cat=0
split_feature=271 138 177 177 81 174 73 88 60 209 317 317 147 221 90 108 233 208 162 259 29 256 21 268
split_gain=6.34452 9.6168 10.9898 9.29067 8.91389 7.89543 12.9426 11.7656 10.4659 13.5979 15.6656 9.7507 9.69225 9.65454 8.99243 8.82644 11.9765 11.9491 8.33213 14.1645 9.66267 9.41553 9.20751 9.03011
threshold=0.052674495872370851 0.14776178948036525 7.4473413379996503 7.1039347790855674 1.0325531488149748 58.931805555555563 315.53479370826329 0.89630339669247505 38.991747311576162 0.79555335968379459 0.0032867783985102432 0.02783263629297902 0.23408476865923677 -0.13192572914424558 8.7650862974442045 0.26938899299508989 0.76197221098070966 0.73559389267907871 0.007013444827020824 -0.40640288895914684 0.29253856451189159 56.500000000000007 -0.065008899093804043 0.532887082111689
decision_type=2 2 8 10 8 8 2 10 2 2 2 2 10 2 2 8 2 2 8 8 2 2 10 2
left_child=1 -1 3 -3 -4 -2 8 13 9 10 15 12 -12 -8 -10 -7 -17 -18 19 23 22 -22 -20 -11
right_child=5 2 4 -5 -6 6 7 -9 14 18 11 -13 -14 -15 -16 16 17 -19 20 -21 21 -23 -24 -25
leaf_value=-0.0026078989327093976 -0.0014016057929052519 0.0043946219040560614 0.01027098292176544 -0.0035011230161147034 0.00024636671966979227 -0.0015976405545997047 0.0048060281132665294 -0.00097789823393009062 -0.0031092222663025178 -0.0031911100099119806 0.0077956828411853583 -0.0028710831550799293 0.0010861079083645789 -0.001909990438457338 0.0025362545536157513 0.00053965735786133087 0.012338019461825833 0.0022597771314522555 0.010932960500164641 -0.0057146248080915778 0.0033726729711582109 -0.0083327222125564124 0.0010120961428897453 0.0012732412533227925
leaf_weight=198.73399071395397 242.19472538679838 18.323185756802559 16.364676609635353 47.832359962165356 17.143465980887413 125.70021079480648 156.03380119800568 65.299249053001404 150.58616252988577 70.589869819581509 69.697475373744965 13.063889011740683 32.613929890096188 22.946243524551392 32.111352346837521 234.30378030985594 15.631248146295546 38.123413436114788 13.543670162558554 67.769360385835171 10.951614595949652 11.293732941150664 23.941714331507683 115.34813772141933
leaf_count=1742 1660 160 145 426 140 850 1027 466 1190 495 455 89 204 153 236 1585 100 267 81 558 85 83 183 798
internal_value=-2.15108e-05 -0.00134741 0.00115882 -0.0012087 0.00559001 0.000241573 0.000558269 0.00261269 6.19372e-05 0.000534732 0.00151029 0.00472295 0.00575359 0.00392305 -0.00208788 0.000585931 0.00154855 0.00568041 -0.00110775 -0.00189965 0.00217326 -0.00280038 0.00513922 -0.000438775
internal_weight=1810.14 298.398 99.6637 66.1555 33.5081 1511.74 1269.55 244.279 1025.27 842.572 529.134 115.375 102.311 178.98 182.698 413.759 288.058 53.7547 313.438 253.707 59.7307 22.2453 37.4854 185.938
internal_count=13178 2613 871 586 285 10565 8905 1646 7259 5833 3550 748 659 1180 1426 2802 1952 367 2283 1851 432 168 264 1293
is_linear=0
shrinkage=0.01


Tree=259
num_leaves=25
num_cat=0
split_feature=233 176 120 322 297 11 144 116 73 185 174 295 241 120 47 224 105 158 144 304 144 14 304 268
split_gain=7.14093 8.35062 7.77237 12.4436 10.0909 9.97514 11.0803 13.5181 10.3395 12.4043 9.36007 14.4967 11.9876 11.3837 8.72279 9.4596 14.636 15.3222 9.9267 10.1852 9.89021 10.9077 9.90859 9.82768
threshold=0.87513213530655409 12.821720860545085 0.62097112523439313 2.5000000000000004 0.036759252283248368 0.49322738183345821 0.0051948402417962012 1.0433023135775585 315.53479370826329 0.88922056384742965 57.967638888888892 0.24795887763186911 0.89444444444444449 0.75748503378127674 28.500000000000004 2.4982647717905122 0.70855941575970816 0.30098294933101488 0.079382110497990335 -0.050369992856196526 0.015278847725097465 -0.037185727338390637 0.0094086072075800792 0.35892861284815369
decision_type=2 2 10 2 2 10 10 8 2 10 10 2 2 10 2 2 10 10 10 2 10 2 2 2
left_child=2 -2 3 -1 -5 6 7 -4 14 10 13 12 -12 -10 15 16 18 20 19 -8 -18 -22 -23 -20
right_child=1 -3 5 4 -6 -7 8 -9 9 -11 11 -13 -14 -15 -16 -17 17 -19 23 -21 21 22 -24 -25
leaf_value=-0.0006722547065024626 -0.0031485351028620583 0.0018602820422705588 -0.0029673908221976618 0.0027698997472991511 0.010536565825763898 -0.0015854764550187284 0.0032263320008436543 0.0063835732367081852 0.0062256128099213836 0.010448836415000648 0.0054259447021298779 -0.005381804753490844 -0.0011740298944991159 -0.0021265355978101357 -0.0027659309000216919 -0.0014079043884002594 0.0074690939887146939 0.01027646150907467 -0.001461902153332102 -0.002152353964438396 0.0058559326451109936 -0.0056429850096990164 0.0026507313104974918 0.0045579034473360791
leaf_weight=84.998622134327888 123.41529437154531 42.790271282196045 140.62606385350227 89.742412529885769 19.121184624731541 290.76730784773827 41.467867128551006 14.58749248087406 17.283507265150547 15.436629369854925 132.33459114283323 15.296985179185866 33.131423689424992 83.360163256525993 84.079477973282337 166.11190909147263 23.278778783977032 28.887680336833 39.001914218068123 169.38554488867521 21.746169462800026 30.607605561614037 22.82781457901001 77.182052984833717
leaf_count=529 975 349 1103 559 112 2434 291 108 96 103 855 113 222 586 573 1322 159 183 257 1259 120 205 151 491
internal_value=0.000113072 -0.00184343 0.000314657 0.00217991 0.00437635 6.03514e-05 0.00047784 -0.00198324 0.000864827 0.00242104 0.00187711 0.00322209 0.00410091 -0.000550949 0.000200665 0.000615042 0.00136094 0.00419723 0.000226802 -0.00106099 0.00216551 0.000298253 -0.00212697 0.00254196
internal_weight=1807.47 166.206 1641.26 193.862 108.864 1447.4 1156.63 155.214 1001.42 296.843 281.407 180.763 165.466 100.644 704.577 620.497 454.385 127.348 327.037 210.853 98.4604 75.1816 53.4354 116.184
internal_count=13155 1324 11831 1200 671 10631 8197 1211 6986 1975 1872 1190 1077 682 5011 4438 3116 818 2298 1550 635 476 356 748
is_linear=0
shrinkage=0.01


Tree=260
num_leaves=25
num_cat=0
split_feature=5 5 237 121 71 254 42 304 283 103 120 184 88 53 127 299 229 12 285 287 193 214 73 7
split_gain=6.68203 14.7202 9.39133 8.46356 15.4032 8.08821 7.70493 8.34014 10.5826 10.0037 9.02063 8.82678 7.66937 7.18987 7.43165 7.05195 6.89415 6.76825 6.67792 10.9239 9.1419 10.9203 9.8635 7.84093
threshold=-2.8935132521978844 -2.8712440139818409 -0.052601020264534053 -0.85439144271464229 2.6564996371202425 227.50000000000003 85.500000000000014 0.00030184091713586497 -0.0049673025439380498 1.0394235863848145 0.84278926481110472 2.1946268926900747 0.94781346010170842 92.500000000000014 -0.67453726681881798 -0.04770368072787428 -0.1298034605882443 -0.25026783231699218 0.083677738877805066 0.026881872374803759 0.68689867383201875 18.500000000000004 339.95420170541405 -0.71917356539190169
decision_type=2 2 2 8 10 2 2 2 10 10 10 10 10 2 8 2 2 2 2 2 8 2 2 2
left_child=2 3 6 4 16 13 -1 9 17 -8 -10 12 -12 14 -3 -11 -2 -9 23 20 21 -20 -23 -16
right_child=1 5 -4 -5 -6 -7 7 8 10 15 11 -13 -14 -15 18 -17 -18 -19 19 -21 -22 22 -24 -25
leaf_value=-0.0059208355169268869 0.0036230259707929076 -0.0037922434069590895 0.0052103146773223256 0.0070031465055895295 -0.0053679254802432661 0.0045282814075214978 -0.0062103836000649516 0.010285931478242652 0.0064312085303362097 0.0050031850971880652 -0.0077851509203374558 0.0039011904544906874 0.002150466700897192 -0.0054197901491983471 -0.00020191806366964029 -0.002635642841716837 -0.0029587224948822146 -5.6148518082108584e-05 0.0081278110703834616 0.0032137927786364431 -0.00085722707783719471 -0.00023606013789873937 0.0056741500652258258 -0.0032745527339584826
leaf_weight=39.631634205579758 140.47532724589109 49.575529493391514 16.4360082000494 35.694894820451736 23.384963974356651 34.222277447581291 47.49041622877121 13.907472983002664 9.8337252512574178 16.445601299405098 27.441441491246223 11.543038226664065 8.8533573001623136 23.115690834820271 460.23618302494287 29.490610338747501 15.588730193674563 9.8112893477082235 21.247278720140457 136.05558414757252 363.92944757640362 143.54376025497913 32.168245151638985 98.858868002891541
leaf_count=407 716 362 158 212 131 219 408 116 84 148 267 110 80 153 3285 293 89 96 149 961 2714 1024 214 775
internal_value=7.27084e-05 0.000306448 -0.00150489 0.00271943 0.00176595 -7.85674e-05 -0.00208559 -0.00112968 0.00118233 -0.00312979 -0.00115594 -0.00300856 -0.00535557 -0.000207385 -0.000102763 0.000210513 0.0029181 0.00642139 5.02854e-05 0.000702855 7.88569e-05 0.00180115 0.000913337 -0.000760823
internal_weight=1808.98 1578.1 230.885 215.144 179.449 1362.95 214.449 174.817 81.3903 93.4266 57.6716 47.8378 36.2948 1328.73 1305.61 45.9362 156.064 23.7188 1256.04 696.944 560.889 196.959 175.712 559.095
internal_count=13171 11004 2167 1148 936 9856 2009 1602 753 849 541 457 347 9637 9484 441 805 212 9122 5062 4101 1387 1238 4060
is_linear=0
shrinkage=0.01


Tree=261
num_leaves=25
num_cat=0
split_feature=294 284 39 271 237 149 229 83 271 307 121 122 247 307 22 294 72 125 232 154 154 323 147 232
split_gain=8.94937 8.38927 9.56751 8.37259 8.10885 7.94351 8.70107 9.08314 8.41884 8.67369 11.2622 8.39858 12.0727 7.49735 13.2202 11.5631 11.846 10.1859 9.40698 11.653 9.3488 8.46038 8.45439 11.5012
threshold=-0.1333807416772019 -0.13968256466525161 0.099296958015172868 0.20790524970258822 -0.015369730000126107 0.26401991614255771 -0.2475847080394436 1.8606611254800609 0.1356211670607653 0.032893559060222712 -0.98506365331478218 0.64143503934520274 2.0489474544396304 -0.021594624393522648 0.08797565370076145 -0.05384217447991712 -159.25111770402467 0.97481356617423398 2.032684274114946 0.024146260203231722 0.041712454212454217 47.500000000000007 0.22333879712520491 2.7508252930442625
decision_type=2 10 2 2 2 10 2 8 2 2 10 8 2 2 10 2 2 8 2 8 10 2 10 2
left_child=4 -2 5 -4 -1 8 -7 -8 9 13 -11 12 -10 -3 18 17 -17 -16 -15 21 -21 -20 23 -18
right_child=1 2 3 -5 -6 6 7 -9 11 10 -12 -13 -14 14 15 16 22 -19 19 20 -22 -23 -24 -25
leaf_value=0.0033177476363806936 -0.0037855066996739257 -0.0030303041233459768 -0.003446632585120759 0.0014597673149968529 -0.0038180285547458354 -0.0019775294975327416 0.00043590241714857008 0.010597749358549808 0.0012011798344754409 0.0083128763189817129 -0.0026676876980246907 -0.0051139840203879485 0.0078544042816296507 -0.00017857421090991161 0.0094209059798581064 0.0061854048758870385 0.0028455790393389475 0.0015490677536604128 0.004087242754008979 0.0059550755692258477 -0.0046138534509329449 -0.0043581800645167128 -0.0043130141228390987 -0.0011599520312205959
leaf_weight=117.36100779473782 62.27902240306139 106.3307326361537 138.9310765042901 43.960808053612709 15.811475172638891 15.610902331769465 15.193041428923609 19.698855422437187 225.01737064868212 22.066425330936909 12.999004274606703 14.809703968465326 28.599574588239193 302.6409917101264 25.146910458803177 28.426648274064064 112.4518229663372 44.209309637546539 10.392587177455423 21.9435607790947 10.037665694952009 178.12782844901085 41.642948374152184 186.5236951559782
leaf_count=817 458 842 1012 258 119 124 122 135 1315 164 113 106 166 2174 163 189 830 349 85 170 89 1498 265 1565
internal_value=-6.49481e-05 -0.0002663 -0.000122648 -0.00225758 0.00240105 0.000155207 0.00394124 0.00656564 7.18725e-06 -0.000379362 0.00432077 0.00158655 0.00203407 -0.000545695 -0.000261775 0.00101423 0.000292971 0.00467556 -0.00133271 -0.00288984 0.00250311 -0.00383357 -0.000242933 0.000355878
internal_weight=1800.21 1667.04 1604.76 182.892 133.172 1421.87 50.5028 34.8919 1371.37 1102.94 35.0654 268.427 253.617 1067.87 961.544 438.401 369.045 69.3562 523.143 220.502 31.9812 188.52 340.618 298.976
internal_count=13128 12192 11734 1270 936 10464 381 257 10083 8496 277 1587 1481 8219 7377 3361 2849 512 4016 1842 259 1583 2660 2395
is_linear=0
shrinkage=0.01


Tree=262
num_leaves=25
num_cat=0
split_feature=3 71 77 17 6 294 4 227 22 65 27 211 302 156 312 108 266 289 184 308 309 73 122 318
split_gain=6.83747 10.3786 10.4716 11.1175 10.6956 9.25186 9.42126 8.56821 11.0543 10.8949 11.0655 8.77906 8.71458 12.4663 10.5378 8.41205 11.4886 8.7948 7.66163 7.46769 10.382 8.61548 11.5759 11.6671
threshold=2.5471693845014545 1.2456346911122256 1.7925227542363047 1.604761484617433 -0.42870828699430008 0.15737503237503239 57.111324982876603 0.0050378153393228781 -0.25590230832354749 3.3012246255571216 0.79507419043767702 1.0000000180025095e-35 -0.0051112523863378811 0.081110715979137049 -0.55672501472942948 0.8951490013366451 2.7828759398496246 0.11117526299862897 1.594496814718642 0.0026495109828443162 0.0030859667780538951 334.74746907997485 -0.058361561687041368 0.84593613310843663
decision_type=2 10 8 2 2 2 2 2 10 10 2 2 2 10 2 10 2 2 10 2 2 2 10 2
left_child=15 2 3 -2 -5 7 -7 11 -9 10 12 19 14 -14 -10 17 -17 -1 -12 21 -21 -3 -23 -24
right_child=1 5 -4 4 -6 6 -8 8 9 -11 18 -13 13 -15 -16 16 -18 -19 -20 20 -22 22 23 -25
leaf_value=0.00095249264885296353 -0.004358222949240557 -0.0016040638146603723 -0.0056692670673513679 0.0094468869347777013 -0.0022834305123414387 0.010263349396399911 0 -0.0026480822096035402 -0.003316705373558629 -0.00048414726033567997 0.0030115861409036847 -0.0054816301812415438 0.0012542824796313253 0.011451442464630082 0.0051947577512168287 -6.575689586010455e-05 0.0095163044678505324 -0.0033437167412338482 -0.0049517143635564292 0.0077708230602639514 -0.0030268397664743357 0.0083337918686766828 -0.0026112713504876715 0.0028518854795510809
leaf_weight=589.87942714989185 24.300261624157429 413.27145119011402 66.052622936666012 15.003463290631773 11.966106027364729 14.535729236900805 18.391994774341583 59.870171785354614 19.217465586960316 103.37156802415848 23.783065125346184 35.838422633707523 19.057432644069195 34.831969492137432 41.274179115891457 23.816609054803848 22.960965506732464 48.962674170732498 19.270351082086563 20.976524613797665 12.09686531126499 16.585915490984917 75.164879411458969 75.491284757852554
leaf_count=3879 174 3334 583 100 88 109 149 504 130 799 168 265 131 222 270 143 136 356 157 149 94 92 552 573
internal_value=0.00013616 -0.000344393 -0.00312167 0.000267114 0.00448672 -1.06376e-05 0.00498323 -0.000195234 0.00113463 0.00202599 0.00365982 -0.000855531 0.00525403 0.00810649 0.00244733 0.000921066 0.00489279 0.000608301 -0.000616574 -0.000559677 0.00386632 -0.000831167 0.00106769 0.00012176
internal_weight=1805.97 1120.35 117.322 51.2698 26.9696 1003.03 32.9277 970.102 320.676 260.806 157.434 649.425 114.381 53.8894 60.4916 685.62 46.7776 638.842 43.0534 613.587 33.0734 580.514 167.242 150.656
internal_count=13157 8643 945 362 188 7698 258 7440 2381 1877 1078 5059 753 353 400 4514 279 4235 325 4794 243 4551 1217 1125
is_linear=0
shrinkage=0.01


Tree=263
num_leaves=25
num_cat=0
split_feature=153 153 22 151 93 127 307 240 65 126 156 161 106 219 322 315 315 96 209 239 128 25 240 143
split_gain=8.57443 10.5878 6.38397 11.4457 11.1638 10.2124 9.13281 8.42961 7.86136 7.81887 8.871 8.12037 7.99847 11.3781 11.0545 7.69662 8.4796 8.41546 7.85088 7.09108 7.69736 6.88663 6.59004 6.94775
threshold=0.049443833272216117 0.045084975438992723 0.9837764519198372 0.083200212992545278 -0.08924937722685243 0.93714373007140284 -0.021210302302739271 1.4833187423024494 3.8944372390318134 0.49623366643725753 0.040595473522302798 0.036952147264457981 0.66393789982271001 0.0072203107079553764 2.5000000000000004 -0.096559334601391475 -0.12305526710165011 -0.60554461990442432 0.7755756148613292 0.89315957477785257 1.7753643512405564 0.31975447428312731 0.73583759770937418 0.0047506206273978798
decision_type=10 10 10 10 10 10 2 2 10 8 10 8 8 2 2 2 2 8 2 10 10 2 2 10
left_child=1 2 3 4 8 6 -4 -8 15 10 -5 -12 -11 -14 -15 16 -1 -17 -18 -7 -21 -6 -19 -24
right_child=-2 -3 5 9 21 19 7 -9 -10 12 11 -13 13 14 -16 17 18 22 -20 20 -22 -23 23 -25
leaf_value=0.00040872321932990222 -0.0030300454599282117 0.007978017399394936 -0.00053461098107629359 0.0066861620888072947 0.0086774259681409189 -0.0041307106763128531 0.0011667688196171312 0.011049635720659486 -0.0042833868482561339 -0.0045716676910843483 -0.0072178370398979222 0.0022983418710704286 -0.0025002808968614858 0.010828005801459959 -0.0011301669257787717 -0.0046362556219473154 0.00815403503057552 0.0033311732540488265 -6.5138442750040893e-05 -0.0032293678923051832 0.0061632608427487148 0.0006545055844694894 -0.0045671565161234749 0.0016566454755892425
leaf_weight=1027.214767113328 84.501273304224014 14.40724830329418 18.147234499454498 18.172179937362671 22.488310538232327 27.078774854540825 13.966845497488974 24.818058401346207 35.864309042692184 110.57580021768808 12.065675362944605 19.906942687928677 92.526668637990952 11.724368505179884 15.168474018573759 58.952580466866493 24.980187751352787 36.014282301068306 19.466904476284981 12.013584576547148 19.135758504271507 19.892386853694916 37.043819561600685 30.213486336171627
leaf_count=6989 818 119 116 141 136 196 89 157 281 973 115 167 810 96 124 420 158 263 136 85 144 131 270 218
internal_value=2.61281e-05 0.000181442 0.000101924 -6.36672e-05 0.000328402 0.00234646 0.00525335 0.00783746 0.00015335 -0.00188849 0.00160771 -0.00155971 -0.00266541 -0.000826844 0.00458558 0.000292667 0.000601585 -0.00171718 0.00474516 -0.00059133 0.00254387 0.00521167 1.9157e-05 -0.00180303
internal_weight=1806.34 1721.84 1707.43 1592.27 1312.13 115.16 56.9321 38.7849 1269.75 280.14 50.1448 31.9726 229.995 119.42 26.8928 1233.89 1071.66 162.224 44.4471 58.2281 31.1493 42.3807 103.272 67.2573
internal_count=13152 12334 12215 11428 9002 787 362 246 8735 2426 423 282 2003 1030 220 8454 7283 1171 294 425 229 267 751 488
is_linear=0
shrinkage=0.01


Tree=264
num_leaves=25
num_cat=0
split_feature=153 153 117 212 267 69 320 13 103 150 262 135 320 215 279 165 69 184 184 185 305 101 131 202
split_gain=7.77735 12.0635 8.43401 11.1635 10.2675 8.12957 8.22499 11.6365 8.37534 7.84924 8.44341 12.8513 9.68094 8.07464 7.65624 7.85972 6.98931 6.77169 6.65523 8.21251 6.72436 6.54968 6.17948 7.84433
threshold=0.050059665871121727 0.045084975438992723 2.368833019097448 0.33877632631298321 0.85425927333207574 0.41942247597798948 -0.31441403303167748 1.0626860359446879 1.7512229283331431 0.10251880039865907 0.65647091402293001 0.088584240272782486 -0.066736268657490314 -0.44522777287478915 -0.075926319149293639 178.85312500000003 0.24167653934201402 3.0462040037852769 1.3300160083589276 0.73921502283877527 0.44490006095012302 -0.41373863698114055 0.37530696854581952 0.26201372997711675
decision_type=10 10 8 2 2 10 2 10 10 10 8 2 2 2 10 2 10 10 10 10 2 8 8 2
left_child=1 5 3 4 -2 6 7 -1 16 -10 12 -12 13 -11 -15 -16 22 -14 -17 -20 -21 -7 -8 -24
right_child=2 -3 -4 -5 -6 21 8 -9 9 10 11 -13 17 14 15 18 -18 -19 19 20 -22 -23 23 -25
leaf_value=-0.00038385828394133696 0.0060280262273903545 0.0081877083977670642 0.0035678063463083828 -0.0075620168924586655 -0.0048827007240273132 0.009088533845436262 0.0048625976028352554 0.011599626928097287 -0.0068585852350272983 -0.0036520340226543105 0.00045247785840312675 -0.0073051665408988718 -0.0048314506961638169 0.0085162380276480026 -0.0035694222597214688 -0.002880266857822398 0.0061511151294819924 0.0036057672303972223 -0.00041761958429763029 0.013251912078385327 0.002003059478833918 0.00037476504653762748 0.00011024823870961225 -0.0062627612479601814
leaf_weight=17.484197728335861 13.881071820855142 15.746520318090914 14.200450152158735 40.252751857042313 14.95979733020067 15.046985842287539 24.014795973896984 11.748724602162836 24.303783282637596 17.922191709280014 39.284967415034771 42.569296218454838 42.667947448790073 18.759321302175522 18.75092875212431 10.05937387794256 16.613851189613342 9.6555862352251989 14.063204087316988 12.342273212969305 10.360351860523222 17.644372791051865 1329.3299975767732 16.756577655673027
leaf_count=128 136 131 114 399 160 91 137 81 210 173 314 361 370 154 174 90 100 83 117 102 89 118 9207 127
internal_value=2.75573e-05 0.000174252 -0.0029045 -0.00433712 0.000406363 8.63831e-05 -1.33017e-05 0.00500155 -0.000111354 -0.00174588 -0.00114093 -0.00367974 0.000239149 0.00202155 0.00331855 0.00152504 0.000198193 -0.00315067 0.00367291 0.00556939 0.00895164 0.00481985 0.000112695 1.71452e-05
internal_weight=1808.42 1725.13 83.2941 69.0936 28.8409 1709.38 1676.69 29.2329 1647.45 260.739 236.435 81.8543 154.581 102.258 84.3355 65.5761 1386.72 52.3235 46.8252 36.7658 22.7026 32.6914 1370.1 1346.09
internal_count=13166 12357 809 695 296 12226 12017 209 11808 2237 2027 675 1352 899 726 572 9571 453 398 308 191 209 9471 9334
is_linear=0
shrinkage=0.01


Tree=265
num_leaves=25
num_cat=0
split_feature=73 179 270 294 115 87 155 17 181 76 10 272 97 65 82 81 262 87 239 12 274 95 201 62
split_gain=5.81675 8.93124 8.94402 7.81792 7.0687 17.2347 9.81809 10.0856 8.20545 6.87038 6.39018 8.67954 6.37546 6.35184 10.608 10.496 8.02692 6.77343 6.76374 10.4836 7.07173 7.95833 10.03 10.589
threshold=315.53479370826329 2.4875383670963784 0.10640931114388036 0.086357189448295693 -1.1220171580164733 2.3439124185238005 0.0019920397773042389 2.9690922308142267 0.050368772991682229 0.96817036828444103 1.0709134404940646 0.033602339893764654 0.10676441405436221 0.92917897485939605 0.41458150621191614 -0.11406978961354282 -0.5032451938251663 1.6229847167284277 1.3730132164743296 0.40729053586828695 5.5690922628477209 -0.55113866874152762 0.80658715098942813 38.500000000000007
decision_type=2 2 2 2 10 8 10 2 2 10 2 2 10 8 8 8 8 8 10 2 2 10 2 2
left_child=13 -2 3 4 5 10 7 -6 -8 -5 11 12 -3 14 17 -16 -17 -1 20 -20 -15 22 -22 -24
right_child=1 2 -4 9 6 -7 8 -9 -10 -11 -12 -13 -14 18 15 16 -18 -19 19 -21 21 -23 23 -25
leaf_value=0.001460963955920769 0.0065413459939617103 0.00034572974332570185 -0.0043414024307790924 0.00077957676780835859 0.0076280436408498733 0.0092574121612239921 0.0059164991491351872 -0.002487415656624371 -0.0012398318369011383 0.0099189653447574189 -0.0054661256440916555 -0.0022289307302894089 0.0099584520524484341 -0.00010515869360494151 -0.001371701241563211 0.012929655318021434 0.0030987488826375838 -0.0059108400993607563 0.0082998452548886641 -0.0011905950384451787 -0.0030598831573877506 0.0052258530295205873 -0.0058934645187357906 0.0021409089343366987
leaf_weight=31.894334115087986 24.48835826665163 13.323243454098703 30.597820788621902 16.709231063723568 26.737303078174591 27.31626433134079 14.243545539677141 12.896478466689585 255.96015346050262 15.020341515541075 13.120346352457998 25.978322327136993 12.517570540308951 800.92682582139969 16.208958126604557 15.24408385157585 20.522585414350033 16.677061349153519 18.986748732626438 23.292165860533714 265.48525565862656 12.944237142801283 17.418730825185776 83.294762916862965
leaf_count=189 184 87 207 111 173 189 103 94 1851 107 107 171 81 5639 115 89 139 115 141 211 2129 102 170 694
internal_value=4.8705e-05 0.000977995 0.000644503 0.00102443 0.000624568 0.00300984 -0.000103319 0.00436655 -0.000801268 0.00559477 8.91295e-05 0.00172514 0.00556254 -0.000295335 0.00208414 0.00510968 0.00795794 -0.00123723 -0.000496266 0.00330321 -0.000640851 -0.00176064 -0.00204866 0.000618041
internal_weight=1811.8 488.909 464.421 433.823 402.093 92.2557 309.837 39.6338 270.204 31.7296 64.9395 51.8191 25.8408 1322.9 100.547 51.9756 35.7667 48.5714 1222.35 42.2789 1180.07 379.143 366.199 100.713
internal_count=13198 3465 3281 3074 2856 635 2221 267 1954 218 446 339 168 9733 647 343 228 304 9086 352 8734 3095 2993 864
is_linear=0
shrinkage=0.01


Tree=266
num_leaves=25
num_cat=0
split_feature=157 100 136 120 270 226 81 87 109 120 102 93 145 144 115 308 260 292 23 126 109 79 61 144
split_gain=8.1073 9.18951 14.6795 10.6839 10.31 9.56786 11.1816 7.2499 7.18627 12.9723 7.98905 10.8708 11.4849 9.93457 8.76148 8.44413 8.17716 7.92007 8.29401 7.34391 7.10576 12.9547 9.83781 9.24417
threshold=0.50531975099037929 0.67990093796261097 0.32339757506930766 0.52767844983253542 0.095515158695903615 0.087639134184909859 0.33740181848649575 1.4436148443501866 2.290809100281376 1.235352529746677 0.64910327237399745 -0.08924937722685243 0.058898944193061846 0.0024184115101181431 -0.51655126540875618 -0.0010447637406713565 -0.48754641225928508 0.058242644237885374 -0.20051887774354918 0.49623366643725753 1.2469916402469974 277.44660224753767 388.55193902692264 0.079382110497990335
decision_type=10 8 2 8 2 2 10 8 10 8 10 10 10 8 10 2 10 2 8 8 10 2 2 10
left_child=1 2 4 -4 5 6 -1 -6 10 -10 11 13 15 16 17 -13 -3 18 -12 -16 21 22 23 -15
right_child=-2 8 3 -5 7 -7 -8 -9 9 -11 14 12 -14 20 19 -17 -18 -19 -20 -21 -22 -23 -24 -25
leaf_value=2.4490196588602149e-05 -0.0051806514248982248 0.0032409167943923461 0.0028143184425028049 -0.0056246852809579504 0.0025190183381107764 0.0097759245097992845 0.0056316852109394048 -0.0049594483493729307 0.005930763623709724 -0.0026825973038287969 0.0025253256140864056 -0.0037905312121496067 0.0099011068971120685 -0.0020261822136395276 0.0051853837880651236 0.0038248728603672557 -0.0054318647687575349 0.0035918632591563156 -0.00567832516689455 -0.0013412145356351771 0.00085873290205095473 -0.0030247797003189738 0.0031172399075182215 0.0011825028660762704
leaf_weight=66.858617261052132 27.024380847811699 11.120051793754099 21.483056470751762 37.54295452684164 24.265327304601669 23.521735943853855 74.096459858119488 22.079628683626652 44.88424227386713 25.308252684772015 12.228669434785841 19.811250075697899 18.007491588592529 197.85046220570803 19.595137715339661 38.10254018753767 57.352402932941914 10.5717301890254 97.443216972053051 71.503698103129864 459.00865626335144 178.99467042833567 86.294238276779652 159.57370758801699
leaf_count=409 181 85 141 271 128 130 447 136 299 201 116 140 118 1519 161 259 480 103 929 610 3123 1483 601 1075
internal_value=-1.31116e-05 7.30262e-05 0.00176292 -0.00254871 0.00299265 0.00415215 0.0030321 -0.00110398 -0.000231518 0.00282779 -0.00038689 -7.45831e-05 0.00351893 -0.000320742 -0.00216902 0.00114773 -0.00393623 -0.00390947 -0.00471396 0.000166227 -8.12423e-05 -0.000776477 0.00014169 -0.000592816
internal_weight=1804.52 1777.5 269.848 59.026 210.822 164.477 140.955 46.345 1507.65 70.1925 1437.46 1226.12 75.9213 1150.19 211.342 57.9138 68.4725 120.244 109.672 91.0988 1081.72 622.713 443.718 357.424
internal_count=13145 12964 1662 412 1250 986 856 264 11302 500 10802 8883 517 8366 1919 399 565 1148 1045 771 7801 4678 3195 2594
is_linear=0
shrinkage=0.01


Tree=267
num_leaves=25
num_cat=0
split_feature=109 10 109 239 152 157 210 109 191 185 185 149 82 126 160 304 88 126 283 108 94 313 300 72
split_gain=6.93092 8.71551 10.648 7.93141 7.2571 8.7675 6.57409 10.0779 13.2994 9.77941 12.5588 9.14607 11.6489 12.4605 9.67897 9.2143 9.61746 11.6607 8.82862 8.28118 11.6683 10.7844 9.87096 9.30789
threshold=2.3487247349341756 2.0999749604778279 1.3131153165078089 1.3264003220036897 0.17785686041913804 0.1729039295429449 0.07479814355648802 1.6620855197605064 0.3226782283344844 0.758774630541872 0.73097601323407779 0.11512051460900567 0.44817741600832101 0.35344620661239184 0.038324347007807937 -0.0054910345193872603 1.1655508090928355 0.67274882465286645 -0.0014920148594985076 1.0288364496148787 0.66306615937855373 -0.038427197802197798 0.27999999999869102 -229.7913139963531
decision_type=10 2 10 10 8 10 2 10 8 10 8 10 8 8 10 2 8 10 10 10 8 2 2 2
left_child=1 3 -3 6 5 -2 7 -1 -9 10 19 12 13 -11 -13 -14 17 -17 -12 20 23 -22 -21 -8
right_child=4 2 -4 -5 -6 -7 9 8 -10 11 18 14 15 -15 -16 16 -18 -19 -20 22 21 -23 -24 -25
leaf_value=-0.0010547738696074138 0.0090188512971578778 0.0055152324456396 -0.0045485425831205822 0.0045124798851228828 -0.0019589209960526178 -0.0003272096354250101 -0.001969412446803116 0.0024120505951094042 -0.0046664319771944898 0.002893156446541248 0.0022374963049786502 -0.0064194158371479113 -0.00090115709746718827 -0.005070196141789606 -0.00068734572120658644 0.010147122089541048 -0.00097141763190584777 -8.4648486301705183e-05 0.010486105806315231 -0.00033120329519649444 0.0028993449134123634 -0.0070156634813643348 0.011270666533097884 0.0031328319136942093
leaf_weight=804.43931351602077 24.234314367175102 9.6605304479598981 73.006154879927635 36.174966260790825 16.217326916754246 15.321057312190531 48.670697301626205 180.26257712393999 28.275965087115765 30.73034293949604 29.393226057291031 37.501791879534721 34.993090659379959 45.066157147288322 114.2248080894351 37.162538200616837 17.65329721570015 15.101743116974829 24.346070259809494 12.831575185060503 14.010874032974241 31.658688426017761 13.328456096351145 115.71311032772064
leaf_count=5999 151 95 660 283 145 102 303 1234 210 188 193 324 225 297 892 230 128 105 162 84 95 232 80 771
internal_value=9.95608e-06 -0.000102347 -0.00321652 5.62577e-05 0.00339322 0.0055956 -4.93522e-05 -0.000546403 0.00139768 0.000756824 0.00209036 -0.000411141 0.00109831 -0.00184086 -0.00220259 0.00322376 0.00525671 0.00732035 0.00633113 0.00105758 0.000355928 -0.00396137 0.00607001 0.00160833
internal_weight=1809.98 1754.21 82.6667 1671.54 55.7727 39.5554 1635.36 1012.98 208.539 622.386 289.953 332.434 180.707 75.7965 151.727 104.911 69.9176 52.2643 53.7393 236.213 210.053 45.6696 26.16 164.384
internal_count=13188 12790 755 12035 398 253 11752 7443 1444 4309 1920 2389 1173 485 1216 688 463 335 355 1565 1401 327 164 1074
is_linear=0
shrinkage=0.01


Tree=268
num_leaves=25
num_cat=0
split_feature=109 246 42 239 76 11 224 70 311 313 257 307 213 298 29 100 58 224 65 205 144 323 273 184
split_gain=7.04451 8.45067 8.2599 6.96766 7.09267 9.13845 8.68272 8.40924 8.49655 9.67903 9.21699 7.97009 9.49515 9.55695 10.435 8.12055 9.04713 9.67134 9.74747 8.60008 8.38485 8.33892 8.00157 13.037
threshold=2.3487247349341756 1.2063877331835864 126.50000000000001 1.3973778411931259 0.70338746342682812 0.56191740169546167 0.47392928090255421 0.50504237825409326 -0.093525278701074258 -0.053937246491677929 101.50000000000001 -0.0042911020800931723 -0.13401273720868187 -0.0067510596599972645 0.27236368406011002 1.1867665269233747 0.73065142874446221 1.4028187005833168 1.6786834235365027 -0.63817019189487401 0.044039010334413882 328.50000000000006 4.3731454640228176 1.6072686795631748
decision_type=10 10 2 10 10 10 2 10 2 2 2 2 2 2 2 8 10 2 10 2 10 2 10 8
left_child=1 3 -2 4 7 6 -6 -1 9 -9 -11 12 13 14 -8 16 17 18 21 -17 -19 -13 -15 -24
right_child=2 -3 -4 -5 5 -7 11 8 -10 10 -12 15 -14 22 -16 19 -18 20 -20 -21 -22 -23 23 -25
leaf_value=0.00032932775304974222 0.0011021932413224215 -0.0036530511003087696 0.009627209012972095 0.0054585815625206677 -0.0046896675081956616 -0.0024541208928061616 0.0079838597027900842 0.00014945229263924558 -0.0013850300973177819 0.011773458924473455 0.0029779509643155949 0.00065231033373078522 0.0023531559434885273 -0.0022299464087267447 -0.0014460145504834158 0.0028713996109586619 0.0021992047497128471 0.00048776592244542915 -0.0019859216927015965 -0.005324025685821434 -0.0052189530531873678 0.0084367136531150067 -0.002133015515115284 0.0096380460368313478
leaf_weight=233.66588862240314 41.59925489127636 57.295366793870926 13.479268103837965 21.638549596071243 34.343202911317348 161.04740642011166 19.386193551123142 25.027341954410076 22.970294527709484 25.241506084799767 25.851313665509224 29.080577731132507 82.65280631929636 357.72748909145594 23.018844038248062 16.766288854181767 385.44466837495565 46.777996949851513 36.874738030135632 35.889187596738338 52.473542734980583 24.771693147718906 21.288319729268551 12.852066181600092
leaf_count=1501 301 516 92 170 241 1459 125 135 142 144 140 195 592 2642 161 142 2785 338 258 315 358 168 155 97
internal_value=0.000144356 3.02975e-05 0.00357577 0.000161319 8.30723e-05 -0.000241321 6.51672e-05 0.00138377 0.00378188 0.0053476 0.00773316 0.000219916 -0.000696503 -0.00129076 0.00307326 0.000975494 0.00132354 -0.00045406 0.00186931 -0.00268287 -0.0025807 0.0044942 -0.00178428 0.00267078
internal_weight=1807.16 1752.09 55.0785 1694.79 1673.15 1340.4 1179.35 332.756 99.0905 76.1202 51.0928 1145 516.926 434.273 42.405 628.079 575.423 189.979 90.727 52.6555 99.2515 53.8523 391.868 34.1404
internal_count=13172 12779 393 12263 12093 10031 8572 2062 561 419 284 8331 3772 3180 286 4559 4102 1317 621 457 696 363 2894 252
is_linear=0
shrinkage=0.01


Tree=269
num_leaves=25
num_cat=0
split_feature=99 109 321 122 109 174 111 258 23 312 138 245 117 256 33 226 237 273 309 273 120 239 280 113
split_gain=7.76198 9.63156 7.43288 9.03869 14.269 10.219 8.53945 8.47152 10.1603 8.32738 8.29281 15.8598 12.8281 10.5062 9.95727 8.99497 8.63533 10.2919 10.0885 9.9562 9.25008 8.98751 8.24001 8.02123
threshold=1.2577492900503946 2.3487247349341756 4.5000000000000009 -0.021594023724452922 1.0213859543395061 118.31597222222224 0.81348002142991893 -0.76256079200333782 -0.2331997255339319 -0.2390604645675643 0.15580917441814193 -0.02200071587889384 1.1899112984831832 108.50000000000001 0.033745055519837856 0.043419347236950637 -0.087335234314167579 2.9985135000013057 -0.017211087218923168 3.303637824792963 0.95123662816720034 0.52856370684596421 0.010688047521458204 -0.33891385040497196
decision_type=10 10 2 8 8 8 8 2 10 2 2 2 8 2 2 2 2 10 2 8 8 8 2 8
left_child=1 2 10 23 5 -5 -6 8 -8 22 11 16 13 -12 15 -14 17 20 -19 -18 -1 -21 -9 -4
right_child=-2 -3 3 4 6 -7 7 9 -10 -11 12 -13 14 -15 -16 -17 19 18 -20 21 -22 -23 -24 -25
leaf_value=0.0086308966800689862 -0.0044200380041900409 0.0045930622930366602 -0.00066547938333567978 -0.0066652690609977595 0.0070043950906418465 -0.0011192121629555901 -0.0015017352909127253 0.0057317541059729773 0.0084317467689384914 0.00063622979144283096 -0.003766872616079248 -0.0059851731431727825 0.013717506132908655 0.0049501047551026326 0.0019579487754202247 0.0037228768795842062 -0.0021758806381284453 -0.0034548729638145042 0.00054068866344584199 0.00020161510459540464 -0.00037596574082515699 0.0085642496145168657 -0.0023268160840588408 0.0020440132076538975
leaf_weight=21.995007216930389 36.296946801245213 43.266055069863796 229.51505989581347 70.658886015415192 11.887055501341818 64.04508613049984 18.128193221986294 10.502619013190268 18.605346359312534 183.58341302722692 37.356178797781467 35.291951216757298 17.664126209914684 18.240197628736496 47.436739169061184 22.04241968691349 19.327649757266045 84.720498755574226 224.05437035113573 19.659372851252556 20.280129462480545 36.530861519277096 313.0735659301281 203.3167861327529
leaf_count=141 353 282 1504 632 90 568 136 74 127 1389 309 297 130 137 325 153 137 593 1590 134 153 253 2433 1242
internal_value=-1.45244e-05 8.2121e-05 -3.75992e-05 -0.000518999 -0.00122776 -0.00411331 -0.000509222 -0.000710821 0.00374806 -0.00105483 0.000853399 0.000193834 0.00293518 -0.000788096 0.00527171 0.00881185 0.000743614 7.01255e-05 -0.000573855 0.00374545 0.00453611 0.005806 -0.00201456 0.000609977
internal_weight=1807.48 1771.18 1727.92 1123.32 690.484 134.704 555.78 543.893 36.7335 507.16 604.6 461.86 142.74 55.5964 87.1433 39.7065 426.568 351.05 308.775 75.5179 42.2751 56.1902 323.576 432.832
internal_count=13182 12829 12547 8195 5449 1200 4249 4159 263 3896 4352 3298 1054 446 608 283 3001 2477 2183 524 294 387 2507 2746
is_linear=0
shrinkage=0.01


Tree=270
num_leaves=25
num_cat=0
split_feature=108 171 120 153 93 308 144 197 107 55 93 76 197 2 14 138 117 222 283 99 124 144 23 293
split_gain=5.9675 11.8165 13.5671 7.0796 9.15924 10.5264 7.58593 7.9684 7.84367 14.3602 9.13077 8.85034 11.303 9.14605 12.438 9.78032 13.6026 8.97765 8.89715 9.63978 8.51023 8.71032 12.9885 7.81411
threshold=1.4994854544011738 15.388083333333336 1.235352529746677 0.01564247762863535 -0.08924937722685243 -0.0017285423509968687 0.0061539044156631072 -0.42550378929832583 0.25521975655414714 1.7725139934074294 -0.36326761280766939 0.79473510866991104 -0.19204928508801583 0.75178696448868709 0.0958766413149401 0.033136870247560853 0.76879888202839075 160.50000000000003 -0.003387917511573631 0.21715561932432106 21.500000000000004 0.050662077816018204 -0.38910479288418132 -0.0061002190231143798
decision_type=10 10 10 10 10 2 10 10 10 2 10 10 8 10 2 2 10 2 10 10 2 10 10 2
left_child=3 2 -2 4 6 -6 7 -1 11 -10 -11 12 -8 -13 15 -15 17 -17 19 -16 21 -18 -23 -9
right_child=1 -3 -4 -5 5 -7 8 23 9 10 -12 13 -14 14 18 16 20 -19 -20 -21 -22 22 -24 -25
leaf_value=-0.005043843245624304 0.0097475788922044577 -0.0010624247642983188 -0.0024303159740460267 -0.0016520666057105657 -0.0020088159405086 0.0049573207196443288 0.0022126569206502435 -0.0065146579465763209 0.0098437347871426703 -0.0018743327340920788 0.0034780739002111516 -0.0029798573790358013 -0.0018298126490565139 0.0082772468899968005 -0.0043010983837100452 0.00023073687166237663 0.0051098161916558601 -0.0043753875051828319 -0.004182852942344213 0.0035257388803683412 -0.0046196320523734661 -0.0031569176192837965 0.0042978712732796758 0.00037918775682946315
leaf_weight=51.95136721432209 29.023819707334042 40.529374808073044 11.306125663220881 224.7597251906991 27.91770251840353 75.716916732490063 286.03038488328457 16.052770026028156 19.721017077565193 54.602664262056351 68.977033823728561 133.13371244072914 88.302337296307087 14.34054524451494 22.39030709117651 117.17393628507853 90.549966938793659 62.831263169646263 100.27825820446014 38.951164245605469 13.42746628820896 42.649352893233299 45.222193405032158 123.54040139913559
leaf_count=429 198 305 93 2080 190 513 1736 121 118 358 450 1012 558 98 157 921 609 494 802 307 83 272 290 936
internal_value=0.000118028 0.00272547 0.00637493 -8.36478e-06 0.000240947 0.00306772 2.36581e-05 -0.00180838 0.000320859 0.00249217 0.00111619 1.91556e-05 0.00124979 -0.000658256 -7.97491e-05 0.000893439 0.000545398 -0.00141451 -0.00238662 0.0005892 0.00238331 0.00298004 0.000682921 -0.000520596
internal_weight=1799.38 80.8593 40.3299 1718.52 1493.76 103.635 1390.13 191.545 1198.58 143.301 123.58 1055.28 374.333 680.948 547.814 386.195 371.854 180.005 161.62 61.3415 191.849 178.422 87.8715 139.593
internal_count=13130 596 291 12534 10454 703 9751 1486 8265 926 808 7339 2294 5045 4033 2767 2669 1415 1266 464 1254 1171 562 1057
is_linear=0
shrinkage=0.01


Tree=271
num_leaves=25
num_cat=0
split_feature=5 5 181 137 253 128 101 224 47 236 228 224 233 253 28 147 90 221 185 294 95 176 112 165
split_gain=7.39675 8.98257 8.49598 6.96544 6.79227 8.67143 8.81675 8.49736 6.46739 7.12177 8.43174 8.06739 7.80373 8.71982 6.71763 6.85986 6.27052 7.49458 6.94874 8.88994 6.811 6.34949 9.36563 6.96495
threshold=-2.8935132521978844 -2.8712440139818409 0.054460838240686822 0.19903147131935653 138.50000000000003 0.93195365506839611 -0.83397173544024583 2.0156351143878743 6.5000000000000009 0.51834597713430941 0.25652371227592469 1.5368185630582067 0.67190587944664049 110.50000000000001 0.21822407091199933 0.19482906799083274 14.967404181715287 -0.17232225754498184 0.6802061855670104 -0.070072205048796785 -1.3318423490020865 11.861800188779425 116.50000000000001 179.70700810185187
decision_type=2 2 2 2 2 8 10 2 2 2 2 2 2 2 2 10 2 2 10 2 10 2 2 2
left_child=3 2 -2 16 -3 7 -7 -6 -4 10 11 -10 -12 14 -14 -16 17 18 -1 -20 -19 23 -23 -21
right_child=1 4 8 -5 5 6 -8 -9 9 -11 12 -13 13 -15 15 -17 -18 20 19 21 -22 22 -24 -25
leaf_value=-0.0070602847268083826 0.0069662008937552223 -0.00018845386331738014 -0.0036357394647151963 0.0039061734472578776 0.00066059894169881006 -0.0062774213073697746 0.0029790109160235351 0.0095005055123474642 0.0032335296338424288 -0.0034512807427861496 -0.0017852440115119917 -0.0043101575261735407 0.0021168428569990532 -0.00030511181039532881 0.012570307309779328 0.0036014077866532782 0.0035764855169649135 -0.0015412902821307507 0.0059037633191634728 0.0062618572558940933 0.0083164510322629587 -0.005254546014698807 0.002865744520483925 -0.0041806970917380951
leaf_weight=37.923553302884102 29.027985118329525 1285.0679370462894 20.442209415137768 18.10066145658493 20.099738903343678 14.297784231603144 22.915120862424374 22.843541741371155 25.652503900229931 18.610792890191078 15.425525493919848 25.354075856506824 20.201300695538521 18.6882508918643 25.951289385557175 16.994571894407272 15.033738777041433 16.520320154726509 9.663355924189089 11.870769947767259 8.3721642866730672 86.088757805526257 14.851369850337504 8.601437605917452
leaf_count=356 145 9347 122 179 120 99 169 150 132 108 80 149 105 98 132 87 133 160 82 115 81 827 126 83
internal_value=4.82203e-05 0.000291891 0.00217105 -0.00162754 -9.0517e-06 0.00276298 -0.00074519 0.00568271 0.00132971 0.00199458 0.00273687 -0.000527042 0.00442504 0.00562819 0.007337 0.00948679 -0.0021577 -0.00265267 -0.00340593 -0.00221376 0.00224996 -0.00298816 -0.00400433 0.00185625
internal_weight=1808.6 1581.57 216.349 227.026 1365.22 80.1562 37.2129 42.9433 187.321 166.878 148.268 51.0066 97.2609 81.8354 63.1472 42.9459 208.925 193.892 168.999 131.076 24.8925 121.412 100.94 20.4722
internal_count=13185 11043 1158 2142 9885 538 268 270 1013 891 783 281 502 422 324 219 1963 1830 1589 1233 241 1151 953 198
is_linear=0
shrinkage=0.01


Tree=272
num_leaves=25
num_cat=0
split_feature=153 96 165 116 256 114 61 25 274 228 121 200 114 65 252 138 163 235 209 119 309 115 188 147
split_gain=6.87297 8.27265 10.6886 7.30021 8.53626 7.5908 9.17536 7.53457 7.36972 7.26225 6.2043 10.671 6.2068 10.2055 10.0893 9.20809 7.54008 6.77275 9.59447 11.8278 7.71412 8.83202 8.02365 8.08355
threshold=0.01564247762863535 -0.045498286392428436 179.67134259259262 0.37942754127063949 38.500000000000007 0.83746698935452935 710.74526000860135 0.98785592873026773 5.769020963790858 0.53095903836730007 -2.2749236555014396 0.32996119418792852 0.72439208681671763 2.5457529374021313 205.50000000000003 0.03924693325427122 0.0019417768577902957 0.0086331113981913971 0.78593890386343224 -0.72867107674464637 0.04677442345842054 -0.45884382004409979 0.17883795309168446 0.17198016894791526
decision_type=10 10 2 8 2 8 2 2 2 2 8 2 10 8 2 2 8 2 2 10 2 10 10 10
left_child=1 10 9 -2 8 -6 -7 -8 -5 -3 11 -1 13 17 16 -14 -15 20 19 -19 21 22 23 -12
right_child=3 2 -4 4 5 6 7 -9 -10 -11 12 -13 15 14 -16 -17 -18 18 -20 -21 -22 -23 -24 -25
leaf_value=-0.0013137456017251056 -0.0028291621794884047 0.0086595561286770678 -0.0020758053424379933 0.0018865980445291421 -0.0026826047745250317 0.01040899771401917 -0.00036786729804660863 0.0078406837315446488 -0.0061581806491328248 0.0014927203362302536 -0.0021054117622070173 0.0079616261376529232 0.0078840002197298632 -0.0043439105186251865 0.0051273276299100071 0.00064751670706854445 0.00091976359661286337 0.0074204993822207582 -0.0040643000971618513 -0.001379367645656066 -0.0043963163551926018 0.0050515964818276561 -0.00022014351202832836 0.0047330094921262918
leaf_weight=21.456086233258247 145.27449186146259 32.075709789991379 23.412420704960823 16.483109563589096 22.489888548851013 13.264786571264265 43.663751229643822 11.994657203555105 26.842381149530411 26.788898937404156 20.70454827696085 24.02131561934948 15.373607814311979 130.02083916962147 13.00312542170286 576.25747360289097 32.739078208804131 17.569701455533504 78.501513175666332 57.918380066752434 24.966526821255684 45.986356839537621 314.00236241519451 68.959982596337795
leaf_count=142 1412 217 159 142 205 101 342 97 235 170 166 162 91 1118 101 3885 256 94 569 396 190 309 2124 485
internal_value=0.000135565 0.000401155 0.00343162 -0.00129565 0.000374702 0.00209952 0.00371844 0.00167866 -0.00314791 0.0056332 0.000221074 0.00374465 9.81942e-05 -0.000472263 -0.00258202 0.000874029 -0.00328141 0.000124998 -0.00167668 0.000850703 0.000718162 0.00103018 0.000537477 0.00312686
internal_weight=1803.77 1523.76 82.277 280.013 134.739 91.4131 68.9232 55.6584 43.3255 58.8646 1441.48 45.4774 1396 804.372 175.763 591.631 162.76 628.609 153.99 75.4881 474.62 449.653 403.667 89.6645
internal_count=13168 10634 546 2534 1122 745 540 439 377 387 10088 304 9784 5808 1475 3976 1374 4333 1059 490 3274 3084 2775 651
is_linear=0
shrinkage=0.01


Tree=273
num_leaves=25
num_cat=0
split_feature=99 69 184 30 210 239 253 29 111 305 315 296 304 75 291 301 239 297 225 323 231 81 224 149
split_gain=6.34738 10.0154 10.5197 9.37239 8.70695 8.65553 7.25606 6.98083 6.17659 11.5944 8.07106 10.2904 6.1486 6.13885 5.86136 7.83799 6.78365 7.24251 11.2289 8.67027 7.41379 6.64243 7.01084 6.90761
threshold=1.2991274216249038 0.31959780962330558 1.7440883394490216 0.11907206414393275 0.02339261285909713 1.3730132164743296 53.500000000000007 0.24265535785420264 0.76125034472216002 0.33870967741707864 -0.33490035452220318 0.92504556909237667 -0.017270301113837091 0.87278003711100938 0.53860143614415079 0.42388758766384399 1.0877344608481909 -0.0074565505448482205 0.67884695270310369 220.50000000000003 0.043704626469195478 -0.30979867747672118 0.76322786152049282 0.11774608833432364
decision_type=10 10 8 2 2 10 2 2 8 2 2 2 2 10 2 2 10 2 2 2 2 10 2 8
left_child=1 3 -3 5 -4 8 -7 -5 9 -1 11 -11 -6 -14 16 -16 17 18 -10 -19 -21 22 -17 -23
right_child=-2 2 4 7 12 6 -8 -9 14 10 -12 -13 13 -15 15 21 -18 19 -20 20 -22 23 -24 -25
leaf_value=-0.004736879028103335 -0.0042334907731120018 -0.0026948654930763027 0.012141532532220221 0.0025297731370229311 0.0081222394369777282 0.0085625726541308303 -0.0010473113279224511 -0.0058927004939019704 -0.0013851378109103832 0.0060510625339630286 0.0086782040228962354 -0.0050558224426891394 0.0048312181633886567 -0.0038061909412565121 -0.0075956964243964102 0.0011967754417704407 -0.0045497593773013842 0.0062203455771277765 0.0069356101418867932 -0.0024281149827323207 0.0053443343348676346 0.00089049654489144203 -0.0072813935644649285 -0.00061130867742939651
leaf_weight=13.040352329611776 29.872234120965004 16.865851812064648 13.72367926687002 10.795920781791208 12.729128658771513 19.298557564616207 11.03769541531801 40.193994887173176 21.674988396465778 15.322517856955526 26.442141525447372 12.605986595153807 12.516944244503977 14.867759540677069 11.628090277314184 14.142290465533732 13.64099434763193 17.345430426299572 51.478125222027302 67.364472791552544 12.058994516730307 475.47506695985794 23.286868646740913 848.17996903508902
leaf_count=92 296 111 101 100 84 149 83 372 149 107 175 93 76 113 88 101 106 116 357 474 89 3047 194 6493
internal_value=0.000130387 0.000211011 0.00382441 5.4468e-05 0.00591725 0.000188377 0.0052453 -0.00405128 8.42798e-05 0.00298492 0.00499782 0.00100102 0.00310222 0.000191354 -4.59244e-05 -0.000271974 0.00161748 0.00218508 0.00449729 0.000348612 -0.00109195 -0.000192977 -0.00419444 -7.03263e-05
internal_weight=1805.59 1775.72 70.7034 1705.01 53.8375 1654.02 30.3363 50.9899 1623.69 67.411 54.3706 27.9285 40.1138 27.3847 1556.28 1372.71 183.563 169.922 73.1531 96.7689 79.4235 1361.08 37.4292 1323.66
internal_count=13166 12870 485 12385 374 11913 232 472 11681 467 375 200 273 189 11214 9923 1291 1185 506 679 563 9835 295 9540
is_linear=0
shrinkage=0.01


Tree=274
num_leaves=25
num_cat=0
split_feature=73 174 283 232 129 158 179 239 302 127 234 208 118 129 79 5 143 284 195 109 215 92 315 5
split_gain=7.00937 10.032 7.82684 7.59379 13.0749 9.86 9.47001 7.55381 9.48602 7.76931 9.00768 7.43394 8.3821 9.16092 7.06895 10.5165 10.109 9.30987 10.7245 9.16779 9.01029 14.3068 10.2718 11.3809
threshold=315.53479370826329 62.015555555555558 -0.0070526012554998048 2.8854045615281341 1.3709044804846398 0.21880896226415097 2.4875383670963784 0.82868803179936668 -0.00026724039081250922 0.32675040857729987 0.053443615158367201 0.36770338563636118 43.500000000000007 0.70020469258260909 103.22663011641714 -2.9065284865735039 0.15843327290475531 0.027156609053484829 0.026201372997711674 1.0213859543395061 -0.50517038982857809 222.50000000000003 -0.38487678484325843 -2.8833772195811451
decision_type=2 10 10 2 8 10 2 10 2 8 2 2 2 10 2 2 10 8 10 10 2 2 2 2
left_child=14 2 -2 5 -5 -3 -6 8 -8 -9 -11 -7 13 -13 15 -1 19 18 -17 -16 22 -22 -21 -24
right_child=1 3 -4 4 6 11 7 9 -10 10 -12 12 -14 -15 16 17 -18 -19 -20 20 21 -23 23 -25
leaf_value=-0.0062094353367478971 0.0055959033014068259 0.0099718061494542404 -0.0012915646143245984 -0.0065129875952210396 0.0084455308131223157 -0.0041855200713539946 -0.0057393269288226476 -0.0023161627347087709 0.0037858196834970933 0.0099349980766842688 8.6955347823744318e-05 0.006162641816386245 0.0051276339064261055 -0.0033301039181387053 -0.0024376567848819084 0.001557191476325096 0.0074010378542619902 -0.0011108364044815472 0.0083327172218936457 -0.00023510276199895525 -0.0005542537600274881 -0.0074976733063838756 -0.0024436016875292845 0.0072532573135092914
leaf_weight=17.364239536225796 15.196549735963343 18.949041865766048 190.67742384970188 20.120296038687229 15.046852268278597 12.162530012428759 28.071542926132679 16.999873906373978 13.293078169226645 17.899452082812786 17.29096893966198 12.028383024036883 81.945139557123184 29.26293970644474 299.70621327310801 188.99390015751123 11.722206242382525 110.10218025743961 24.368093386292458 102.86296789348125 469.72264372557402 28.937404572963715 14.40657966583967 45.245041400194168
leaf_count=172 98 117 1370 166 108 85 202 135 99 136 123 90 517 218 2323 1205 84 761 139 713 3660 230 106 280
internal_value=-5.62894e-05 0.0009618 -0.00070909 0.00217553 0.000357527 0.0036514 0.00177303 0.000472144 -0.00260886 0.00294105 0.00549058 0.00257284 0.00332712 -0.00032326 -0.000437313 0.000795862 -0.000871549 0.0012258 0.00243501 -0.000995034 -0.00033195 -0.000999381 0.00169187 0.00489056
internal_weight=1802.38 488.944 205.874 283.07 128.722 154.348 108.602 93.5549 41.3646 52.1903 35.1904 135.399 123.236 41.2913 1313.43 340.828 972.603 323.464 213.362 960.881 661.175 498.66 162.515 59.6516
internal_count=13137 3464 1468 1996 969 1027 803 695 301 394 259 910 825 308 9673 2277 7396 2105 1344 7312 4989 3890 1099 386
is_linear=0
shrinkage=0.01


Tree=275
num_leaves=25
num_cat=0
split_feature=317 291 283 255 174 81 123 315 125 92 66 126 175 114 120 283 83 192 244 320 237 310 208 205
split_gain=6.61969 7.17375 6.36915 5.89316 10.8021 11.0997 9.21052 11.5454 13.2295 6.53178 8.73115 10.2711 8.29308 10.5107 10.5771 10.3983 8.68032 10.6662 8.64491 8.24468 8.67857 8.61953 15.0647 7.99037
threshold=0.02902604245069999 1.3930045567445346 0.056983048179946906 68.500000000000014 58.931805555555563 1.6406388964342338 2.2051222156898223 -0.086069246106181357 0.69500749064491452 368.50000000000006 17.156011023091466 0.64150137264863372 10.848640165234221 0.62130180800815749 0.59674867227356954 0.0047543821985712763 1.1431827792929294 1.2637093083067605 0.028194444444444449 -0.07374751475314538 -0.11412918190951214 -0.30457216639061729 2.0142301761363339 -0.3719518345101544
decision_type=2 2 10 2 10 10 8 2 8 2 2 10 10 10 10 10 10 8 2 2 2 2 2 2
left_child=2 -2 3 -1 -5 6 7 9 -9 12 11 -11 19 14 -14 16 -15 18 -18 21 -21 22 23 -6
right_child=1 -3 -4 4 5 -7 -8 8 -10 10 -12 -13 13 15 -16 -17 17 -19 -20 20 -22 -23 -24 -25
leaf_value=-0.00066237410203352266 -0.0064532140651525297 0.0011196038832467223 0.006167463563131699 -0.001244854112690731 -0.0019897244862472933 0.0094187473301529032 -0.0022058396624226526 -0.0084550678748644865 0.0010114200775551401 0.0041468933008584861 0.0088005610760650867 -0.0036389727283845626 0.005489981419314535 -0.0040627040106260845 -0.0027144183328524129 0.01027355343736492 0.0086098236862843999 0.00019805923208849656 0.0016015089663162854 0.0075644735440294191 0.00067816750363415242 -0.0041464725018735046 0.0068354168893516231 0.0038029786286254709
leaf_weight=664.03152826428413 28.878157168626785 19.112550757825375 14.504984587430952 256.91058563441038 129.3857401907444 12.930643841624258 81.436856761574745 22.364670716226101 33.982090696692467 62.185797542333603 24.873383074998856 20.333435252308846 18.712507046759129 13.562711663544176 55.094310484826565 20.602504059672356 46.887480676174164 52.563434198498726 30.251986354589462 23.667364001274109 62.50141903012991 55.50295727699995 26.573317721486092 26.230999134480953
leaf_count=5130 219 131 105 1809 869 94 742 162 231 397 172 146 108 103 410 134 307 381 207 152 404 383 184 165
internal_value=3.35871e-05 -0.00352339 0.000136959 7.61583e-05 0.000533174 0.00109409 0.000926824 0.00128719 -0.00295431 0.00165696 0.00389379 0.0021593 0.00120993 0.00261691 -0.00049478 0.00400904 0.00291904 0.00372814 0.00602847 0.000160516 0.00276197 -0.000799844 0.000262225 -0.000956254
internal_weight=1803.08 47.9907 1755.09 1740.59 1076.55 819.644 806.713 725.276 56.3468 668.929 107.393 82.5192 561.537 237.675 73.8068 163.868 143.266 129.703 77.1395 323.862 86.1688 237.693 182.19 155.617
internal_count=13145 350 12795 12690 7560 5751 5657 4915 393 4522 715 543 3807 1650 518 1132 998 895 514 2157 556 1601 1218 1034
is_linear=0
shrinkage=0.01


Tree=276
num_leaves=25
num_cat=0
split_feature=294 237 102 122 313 113 122 192 193 22 255 43 195 5 317 39 234 165 201 246 39 274 147 11
split_gain=8.40324 8.85115 7.19627 10.7971 9.23293 6.14928 9.53369 8.65679 8.19953 10.5703 8.46489 14.6436 9.62873 9.36522 8.31846 9.82772 9.33533 12.2507 8.19121 8.0227 11.2095 7.86397 7.60063 7.40189
threshold=-0.1333807416772019 -0.015369730000126107 0.18288412813406216 1.1607232034631416 0.024428900908816355 1.1762808601389261 1.1607232034631416 3.8493410212205421 0.59476565172767715 0.47819767413607178 79.500000000000014 127.50000000000001 0.020204081632653064 -2.8899067947708557 0.014417303631674499 0.079184234541233023 0.074506557589923403 179.14877893518522 0.81649659863945589 0.77316002482234769 0.051300849687946466 4.8002901186728897 0.18543823648291519 0.68656555777505679
decision_type=2 2 10 8 2 10 10 10 8 8 2 2 10 2 2 2 2 2 2 10 2 2 10 10
left_child=1 2 -1 4 -4 6 7 8 9 -2 14 13 -13 -12 15 16 23 -18 -14 -15 -21 -19 -16 -10
right_child=5 -3 3 -5 -6 -7 -8 -9 10 -11 11 12 18 19 22 -17 17 21 -20 20 -22 -23 -24 -25
leaf_value=0.0056797192132269003 -0.0045750096633718354 -0.0039717933928363758 -0.0044108105738767554 0.0087751950488587499 0.0049799033307542928 0.0052830424257687397 -0.0032337310166541877 0.0067545290943471824 -0.00052721856761052529 0.00097266128196054312 0.011445250731835829 0.00074770304436308607 -0.00013045540302567926 0.0058323991607858909 -0.00089853148837439804 -0.003541177189593184 -0.0015445153050628073 0.0017013061740530366 -0.0062515283951683851 0.005346374639011056 -0.0057658140630498476 0.012293847226894014 0.0063693975423155351 -0.0056005666450350353
leaf_weight=62.083332493901253 83.739152282476425 16.119737140834332 31.292311996221542 9.980595223605631 12.349846139550207 17.816106975078583 95.019528783857822 15.818786941468714 313.42562702298164 55.092315249145031 14.183811970055102 656.16380889713764 52.223341450095177 37.607764132320881 26.421431720256805 129.29350278526545 25.743122681975365 14.27890055626631 35.358093172311783 13.583493351936342 17.465466849505901 13.960658542811869 26.728107824921608 29.021304287016392
leaf_count=389 601 121 238 87 90 127 914 124 2420 371 119 4509 347 246 203 937 194 96 257 95 123 107 180 259
internal_value=5.46114e-05 0.00245825 0.00343628 0.000665922 -0.00158977 -0.000138035 -0.000205948 -1.53511e-05 -9.76243e-05 -0.00239104 0.000132568 0.000781555 0.000327807 0.00469761 -0.00079169 -0.00117787 -0.000384846 0.00337059 -0.00273156 0.00289016 -0.000833925 0.00761537 0.00287606 -0.00100263
internal_weight=1804.77 131.826 115.706 53.6228 43.6422 1672.94 1655.13 1560.11 1544.29 138.831 1405.46 826.586 743.745 82.8405 578.873 525.723 396.43 53.9827 87.5814 68.6567 31.049 28.2396 53.1495 342.447
internal_count=13154 925 804 415 328 12229 12102 11188 11064 972 10092 5696 5113 583 4396 4013 3076 397 604 464 218 203 383 2679
is_linear=0
shrinkage=0.01


Tree=277
num_leaves=25
num_cat=0
split_feature=201 102 114 102 183 108 103 135 71 177 39 64 156 18 310 107 31 114 193 222 65 88 208 291
split_gain=6.95407 6.85443 7.35742 6.67768 9.79046 7.17507 9.47609 11.4689 9.28119 8.90504 9.54541 16.8623 7.88242 9.58913 8.0655 7.86831 10.9111 10.9293 9.91974 9.37172 9.07212 8.40721 9.38568 8.23312
threshold=0.46201923076923085 0.097783688091546209 0.75928835639781378 1.2690202641496808 1.2569258466949755 1.3645177348671844 1.7207734991037873 0.13416177832664405 3.1915454155904079 7.476177590311246 0.088988012543166767 1.0109301147056164 0.04701934465061193 0.51739009705980377 -0.28404327500039783 0.29080678368324925 0.0064594277786687642 0.72620955713536361 0.59476565172767715 364.50000000000006 2.5457529374021313 0.98792604940290785 1.676264568417636 1.8564102557254534
decision_type=2 8 8 8 8 10 10 2 10 10 2 8 10 10 2 8 2 8 10 2 10 8 2 2
left_child=1 -1 -3 4 5 6 15 9 -9 12 11 -11 -8 14 -14 16 17 18 -2 20 -20 -22 -23 -21
right_child=3 2 -4 -5 -6 -7 7 8 -10 10 -12 -13 13 -15 -16 -17 -18 -19 19 23 21 22 -24 -25
leaf_value=0.0078123560370278291 -0.0048105034516119907 -0.0050275462231213174 0.0035293872800278136 -0.0041044119489402073 0.0073518555705686861 0.0024198437463336668 0.0014858259384400083 -0.0055348387312998647 0.004074901649367582 -0.0027887329171856416 -0.0030891945973901659 0.011073914059585872 0.0049127618502891801 -0.0062392713446266356 -0.0047539514871171888 0.0019500988223263083 -0.0053110064243361193 0.0012462438596752444 -0.00020453355124511543 0.008629767474896367 -0.0061376772973663401 -0.0038325008226739008 0.0047743785296823658 -0.0008142627593658437
leaf_weight=18.841437131166458 54.436802208423615 12.156439632177351 27.612180113792419 38.726082742214203 14.855945311486719 101.15477873384953 44.876000873744488 92.852084539830685 9.0569716989994031 12.364428758621214 14.631899334490297 20.540725700557232 17.265223778784279 49.147488482296467 12.288341037929056 186.22536735981703 38.268902465701103 401.15517132729292 508.84857100993395 17.820545494556427 52.03458745777607 28.233428359031677 18.538214772939682 15.550152257084845
leaf_count=112 381 94 198 378 116 696 361 917 70 109 117 186 137 436 111 1230 313 2633 3525 114 432 248 162 108
internal_value=-2.73256e-05 0.00327854 0.000729217 -0.000143829 -4.68948e-05 -0.000124514 -0.000290614 -0.00197646 -0.00458381 -0.000368328 0.00318639 0.00602895 -0.0017846 -0.00364862 0.000797755 6.05156e-05 -0.000252756 -6.20529e-05 -0.000820149 -0.000459986 -0.000752658 -0.00348094 -0.000322713 0.00448244
internal_weight=1807.48 58.6101 39.7686 1748.87 1710.15 1695.29 1594.13 273.023 101.909 171.114 47.5371 32.9052 123.577 78.7011 29.5536 1321.11 1134.89 1096.62 695.462 641.025 607.655 98.8062 46.7716 33.3707
internal_count=13184 404 292 12780 12402 12286 11590 2444 987 1457 412 295 1045 684 248 9146 7916 7603 4970 4589 4367 842 410 222
is_linear=0
shrinkage=0.01


Tree=278
num_leaves=25
num_cat=0
split_feature=321 4 244 174 185 209 321 244 209 33 151 314 109 126 294 76 256 271 322 183 133 278 87 109
split_gain=6.91601 10.8653 8.71918 10.6743 10.1542 9.40033 8.97538 11.2354 8.77786 10.3485 8.81567 8.77576 8.77258 8.67005 9.48835 10.3045 8.34942 8.42634 8.66162 10.8398 9.54214 8.23976 8.70026 8.16421
threshold=4.5000000000000009 446.23297683631364 0.0068055555555555569 56.462638888888897 0.88253449527959338 0.66046390860308135 3.5000000000000004 359.9544444444445 0.83793300342596122 0.029778619600644075 0.093785755148741434 -0.0081614150646659375 1.162712221484822 0.2592823427746227 -0.14496847621387043 0.91102089653937968 159.50000000000003 0.047136473867697516 1.5000000000000002 -0.82651219217888017 0.027877802676061814 -0.0099900199600798396 1.8290872441133801 0.90147181748469196
decision_type=2 2 2 10 10 2 2 2 2 2 10 2 8 10 2 10 2 2 2 10 2 8 10 10
left_child=1 2 8 -4 5 6 7 -5 10 -10 12 -7 23 21 15 -15 17 -13 -19 -20 -21 -2 -23 -1
right_child=13 -3 3 4 -6 11 -8 -9 9 -11 -12 16 -14 14 -16 -17 -18 18 19 20 -22 22 -24 -25
leaf_value=0.0022806803757782867 0.00462392525049989 0.008572110462448242 -0.0063041872738145814 -0.0042307938470982163 -0.0030927641632603909 -0.002470563132810116 0.0036675811813938995 0.0054958438066694338 0.0019049145572869171 0.013103678216181823 -0.0057118709650920202 -0.0010317248631655715 0.0054822876396705715 0.008675692940305622 -0.00020876470366137549 -0.00023578592351121067 -0.0029909782216930338 0.00043488839605961173 0.010569123214205009 0.0059651490360856027 -0.00063733400567274139 -0.0015350989536251265 -0.0063828295887145567 -0.0054118123413029896
leaf_weight=38.433201991021633 14.48802564293146 15.095299020409582 22.709929399192333 77.428260393440723 69.217824872583151 34.452516242861748 24.772941268980503 11.341507151722906 19.910797715187073 13.205647423863409 12.698679156601427 34.06574247777462 45.789337620139122 22.929700188338757 890.15245119482279 25.410107530653477 20.288340136408806 43.914135873317719 31.270726166665554 60.532524921000004 32.267609737813473 183.42299397289753 44.932750567793846 17.871007479727268
leaf_count=251 110 115 164 563 549 245 168 81 150 91 108 303 297 136 6396 185 135 316 206 436 232 1450 369 130
internal_value=4.29829e-05 0.000891639 0.000661141 -1.76429e-05 0.000343266 0.00100684 -0.00136071 -0.00284519 0.00274962 0.00708104 0.00135065 0.002061 0.00236957 -0.000406408 3.02407e-05 0.00421847 0.00278998 0.00340881 0.0043174 0.00564314 0.00370808 -0.00207883 -0.00256004 -0.000286485
internal_weight=1806.6 625.266 610.171 462.262 439.552 370.334 113.543 88.7698 147.909 33.1164 114.792 256.792 102.094 1181.34 938.492 48.3398 222.339 202.051 167.985 124.071 92.8001 242.844 228.356 56.3042
internal_count=13186 4540 4425 3398 3234 2685 812 644 1027 241 786 1873 678 8646 6717 321 1628 1493 1190 874 668 1929 1819 381
is_linear=0
shrinkage=0.01


Tree=279
num_leaves=25
num_cat=0
split_feature=235 109 302 3 49 149 315 96 268 225 294 227 99 98 79 131 308 282 225 111 28 70 11 117
split_gain=5.94683 6.1063 10.4982 11.2608 11.0972 9.13333 11.8646 11.6095 10.1284 8.89282 8.94826 8.81724 9.53951 8.80509 8.21339 7.68248 9.44275 8.94328 8.32624 11.9839 10.0307 7.65091 7.6499 7.63357
threshold=0.033021954056411749 1.2469916402469974 -0.064238605799344151 2.5184403364723793 2.5000000000000004 0.087889098349349409 -0.096559334601391475 -0.76561608348992027 0.21271249071477796 0.78269011561634927 -0.00075281505080188038 0.0046765422018749921 0.035367736976623619 88.500000000000014 80.539392312401915 1.7967942003397843 0.0016656599678602508 0.051298585851744578 0.70431393391797326 1.9922046556895012 0.22513450579965869 0.48696175380380075 0.29083536182923059 0.49913048071881438
decision_type=2 10 2 2 2 10 2 8 2 2 2 2 10 2 2 10 2 10 2 8 2 10 10 10
left_child=1 5 -3 4 9 6 8 -7 -1 10 -4 -5 -13 -11 -9 16 18 -18 -10 22 -21 -17 -20 -16
right_child=-2 2 3 11 -6 7 -8 14 15 13 -12 12 -14 -15 23 21 17 -19 19 20 -22 -23 -24 -25
leaf_value=0.0060592671080849985 0.0063343476859190487 -0.0055906892832163456 0.0060251579904523865 -0.00036058964277898523 -0.00090382495766779631 -0.0057019518453918887 -0.0033795986743203983 0.0029369768835678933 -0.0023286916151731328 0.0028783364131554608 -0.0029658360557686825 0.0061953555254186136 0.00096440387153114333 0.014805567149465364 -0.0040497488622893828 -0.0078903107517158764 -0.0028972535645794628 0.003693928476004622 0.0012035730403486397 -0.0072542610844457027 0.0025203261743298624 0.00059302781119912034 0.0069511648005206239 -0.00068188809096730667
leaf_weight=36.652498178184032 12.101057812571524 23.554528087377548 27.461415745317936 502.3894662335515 32.325320594012737 53.706192269921303 61.77068829536438 47.399130001664162 26.399576760828495 12.371904917061331 15.095658995211123 41.490715615451336 173.86630652099848 15.131995841860769 81.087005294859409 16.766859650611877 74.65307554602623 25.254319310188293 35.492367304861546 13.726231552660463 25.909676618874073 21.987313859164715 75.446829721331596 354.87567445635796
leaf_count=226 84 174 159 3814 178 439 441 364 158 83 93 239 1297 87 694 117 457 155 220 93 167 144 442 2855
internal_value=5.1655e-05 -8.41068e-08 0.000617569 0.000815781 0.00387233 -0.000549234 0.000563037 -0.00140707 0.00127869 0.0060392 0.00282763 0.000364818 0.00204436 0.0102454 -0.000897271 0.000671294 0.00126474 -0.00116526 0.0026389 0.00354342 -0.00109964 -0.00334115 0.00519719 -0.00133276
internal_weight=1806.92 1794.81 843.687 820.133 102.386 951.127 414.059 537.068 352.289 70.061 42.5571 717.746 215.357 27.5039 483.362 315.636 276.882 99.9074 176.975 150.575 39.6359 38.7542 110.939 435.963
internal_count=13180 13096 6124 5950 600 6972 2620 4352 2179 422 252 5350 1536 170 3913 1953 1692 612 1080 922 260 261 662 3549
is_linear=0
shrinkage=0.01


Tree=280
num_leaves=25
num_cat=0
split_feature=294 284 313 149 109 119 58 200 128 273 239 83 313 263 244 108 146 294 270 146 170 192 186 178
split_gain=6.63327 9.1418 11.0622 7.6092 8.94991 14.1604 11.8438 9.79433 9.63692 11.8918 9.51332 9.21491 8.91314 8.88273 8.36727 8.21138 11.3741 8.05532 7.92543 7.91523 8.70791 11.1566 11.0637 9.26
threshold=-0.1333807416772019 -0.14348368769091588 -0.058584703343836371 0.26401991614255771 1.9109651622609172 0.44062539308307441 1.0372680344409921 1.4567083150807554 1.0755588088584724 3.2103431079476308 0.79351190094185753 1.282798091272529 0.087661717130348385 0.439075792793236 0.017361111111111115 0.65095966785300796 0.074912634179102794 -0.055179710037266787 0.10640931114388036 0.2690691661279897 4.614460943966983 0.62180502965652062 0.027118955690384267 0.79457321559970573
decision_type=2 8 2 10 10 10 8 2 10 8 10 8 2 8 2 8 10 2 2 10 8 8 8 2
left_child=-1 2 -2 4 5 11 10 17 9 13 -6 -3 18 -9 -12 -11 -17 -7 19 20 23 -22 -23 -13
right_child=1 3 -4 -5 6 7 -8 8 -10 15 14 12 -14 -15 -16 16 -18 -19 -20 -21 21 22 -24 -25
leaf_value=0.0022654142118728919 0.0030651478145624043 -0.0010863487177801769 -0.0067036724329012642 0.003587528395228455 0.0003837608511258468 0.0019199075167781765 -6.8272567834995644e-05 0.00012547464559962149 -0.0026517853643929956 -0.0044120268822152994 0.010709990188461407 -0.00084763081256674516 0.0035788608154425062 0.011227566535241094 0.0017761544042950142 -0.0044292149820846453 0.006377239817587841 -0.005616188964569592 -0.003702800012772216 0.0056496755650178067 0.0045916042812808753 0.0026409256019723866 -0.0037800666265078941 0.0025674293449666589
leaf_weight=131.56609480828047 14.039667740464209 342.10616216808558 38.35030921548605 57.153278797864914 29.812305711209774 14.969880640506743 116.29844141751528 12.499591365456579 128.06646903604269 30.726544857025146 28.992159336805344 120.03301523625851 103.53636308014393 15.026711687445642 18.041674129664898 13.146838292479513 22.661645829677582 93.582251485437155 40.24759130179882 28.319432727992535 24.217986442148685 32.07079055160284 118.34822100400925 223.32816395908594
leaf_count=927 96 2350 293 426 190 131 913 110 1127 308 181 841 679 129 118 121 195 875 262 158 170 221 812 1476
internal_value=0.000128276 -4.35034e-05 -0.00404449 9.26883e-05 -4.13325e-05 -0.000328664 0.00195639 -0.00212043 -0.000888454 0.00150929 0.0049264 0.000248618 0.000913603 0.00670272 0.00759965 -0.000811189 0.00234965 -0.0045454 0.000426456 0.00075008 0.000450924 -0.00135026 -0.00238088 0.00137351
internal_weight=1797.14 1665.58 52.39 1613.19 1556.03 1362.89 193.145 330.68 222.128 94.0613 76.8461 1032.21 690.102 27.5263 47.0338 66.535 35.8085 108.552 586.565 546.318 517.998 174.637 150.419 343.361
internal_count=13109 12182 389 11793 11367 9965 1402 2996 1990 863 489 6969 4619 239 299 624 316 1006 3940 3678 3520 1203 1033 2317
is_linear=0
shrinkage=0.01


Tree=281
num_leaves=25
num_cat=0
split_feature=153 153 162 153 309 22 112 180 294 62 185 240 262 64 114 232 40 204 169 240 228 238 29 29
split_gain=8.5225 11.6292 8.95698 11.3431 10.7522 10.5521 7.31795 9.90765 7.73206 6.99859 11.3483 8.5167 8.07789 10.4525 7.53714 11.9584 10.4384 15.8374 12.0652 11.8358 10.0371 10.0821 9.63828 8.77242
threshold=0.050059665871121727 0.045084975438992723 0.043557312252964435 0.015611460138648182 -0.048320207488332149 1.2556739911584909 80.500000000000014 3.5927034819250392 -0.057262852863988016 41.500000000000007 0.64334637964774966 0.88542763985671769 -0.99788036317089934 0.7061868026666781 0.72620955713536361 2.7128062515281814 0.0040342925034992363 0.16740412979351035 59.500000000000007 0.20824105269735679 0.22230984928145814 -0.27116776676387749 0.27626688839989161 0.30167239190768863
decision_type=10 10 10 10 2 10 2 2 2 2 8 2 10 10 10 2 2 2 2 2 2 2 2 2
left_child=1 2 3 5 -4 9 7 8 -5 10 11 -1 13 -11 20 16 23 -18 19 22 21 -14 -19 -16
right_child=-2 -3 4 6 -6 -7 -8 -9 -10 12 -12 -13 14 -15 15 -17 17 18 -20 -21 -22 -23 -24 -25
leaf_value=0.0079083436188285231 -0.003031917333128316 0.0079476283891504115 0.010488825040298758 0.0019537905591602771 0.0015280295598875048 0.0068770694243694766 -0.0071355574331260782 0.0052591568993008552 -0.0044164596473674732 -0.00016113061142739599 -0.0029541229718695211 -0.0019447924189441789 0.00099932428275378328 0.010809636055175896 0.0020240846671811031 -0.00087986813998831934 -0.0031527051260865674 0.0069004874147753307 -2.7639813648088369e-05 0.0097039062933812446 -0.00099771367022634329 0.0096203775878474836 -0.0033509258906572422 -0.0026561959733728243
leaf_weight=16.3813645914197 81.122985422611237 16.472725033760071 13.504531756043432 23.795396603643894 84.968133084475994 20.582447744905949 27.565319932997227 15.566872671246527 69.111071426421404 17.505479730665687 142.13536271452904 14.22317875921726 128.24705684930086 13.901422187685965 137.94195238500834 185.52104947715998 22.396515116095543 15.930307261645796 28.701554298400879 63.848542414605618 588.58706666529179 12.532809466123579 15.334202602505682 53.125299267470837
leaf_count=107 798 138 83 216 569 126 256 141 657 103 1133 101 944 87 890 1322 157 90 174 388 4160 99 95 352
internal_value=7.87582e-05 0.000230123 0.000142205 -3.82724e-05 0.0030265 0.000217623 -0.00277129 -0.00149939 -0.00276479 0.000109607 -0.00176244 0.00352271 0.000365662 0.00515908 0.000233224 0.00114692 0.00226277 0.00424894 0.00563647 0.00730723 -0.000422229 0.00194893 0.00198256 0.000697699
internal_weight=1809 1727.88 1711.41 1612.93 98.4727 1476.9 136.039 108.473 92.9065 1456.31 172.74 30.6045 1283.57 31.4069 1252.17 522.799 337.278 146.211 123.815 95.1131 729.367 140.78 31.2645 191.067
internal_count=13186 12388 12250 11598 652 10328 1270 1014 873 10202 1341 208 8861 190 8671 3468 2146 904 747 573 5203 1043 185 1242
is_linear=0
shrinkage=0.01


Tree=282
num_leaves=25
num_cat=0
split_feature=321 235 209 234 106 122 240 121 115 284 62 126 89 192 84 209 71 120 314 107 155 160 69 29
split_gain=5.35528 7.89592 10.7839 10.3926 8.14851 11.809 11.5133 9.52143 12.1516 10.0629 9.59849 7.84972 8.43713 7.79217 7.7115 7.43134 7.47487 7.4252 8.42627 7.80833 7.20979 9.65367 7.08219 6.83282
threshold=4.5000000000000009 0.022284295468653015 0.79329085457271376 0.14600857374580004 0.73642470740470445 -0.036444640190500595 1.5110344674075751 -0.42742378384296947 -0.82315925134265766 -0.022441112711233332 189.50000000000003 0.52699277517015253 2.7709373651046576 1.9948132300607548 53.061176805951995 0.61416040100250646 2.2950420393142559 0.68155039720904365 -0.0087944313750765359 -0.57109450933883166 0.064839839839839861 0.067583317583317606 -0.15815110107450911 0.31103020567245154
decision_type=2 2 2 2 10 8 2 8 8 10 2 8 8 8 2 2 8 8 2 10 10 10 8 2
left_child=14 3 -3 4 5 -2 15 8 10 -9 20 13 -13 -8 17 16 -7 18 -1 -20 -6 -22 -14 -19
right_child=1 2 -4 -5 7 6 11 9 -10 -11 -12 12 22 -15 -16 -17 -18 23 19 -21 21 -23 -24 -25
leaf_value=-0.0035727503306914759 0.00062255197040837914 0.01018073505434447 -0.0020328701151760896 -0.0061719588047789067 -0.0030079593369426809 -0.0014566709901265476 0.010331658925820266 0.0033373410661360482 0.0073958647866826498 -0.0056000870355862684 0.0063924064876289847 -0.0060830181651898721 0.0049012442718441773 0.00083013626989967475 0.0045984484803920219 -0.0031895294893264136 0.0060320682001687225 0.0005610184541943702 0.0098627614978441403 0.0023819086946198172 -0.0010872615872791426 0.0078906379981258552 -0.0009652821328697016 -0.0021879196158947813
leaf_weight=15.878659553825853 364.35940188169479 13.355332128703596 11.4123522862792 28.876743607223034 49.991720393300056 47.852579936385155 11.748485922813414 17.566427886486053 37.179995827376842 30.971025183796883 23.072373010218143 20.202316030859947 25.281764820218086 23.148001834750175 45.176006637513638 331.05496072769165 15.233404919505118 357.42029050737619 15.086550801992415 81.985941581428051 30.18475216627121 16.255019903182983 73.79977148771286 117.83004841953516
leaf_count=98 2308 86 88 209 376 359 84 147 256 285 152 167 215 190 301 2644 96 2697 92 505 208 114 609 900
internal_value=2.2615e-06 -0.000397474 0.00488626 -0.000524259 -0.000362199 -0.000768067 -0.00169241 0.00142381 0.00261704 -0.00234015 0.000984812 0.000611298 -0.000624897 0.00459264 0.000741706 -0.00259405 0.000518293 0.000423109 0.00269432 0.003802 -0.000444725 0.00230839 0.000616589 -0.000127369
internal_weight=1804.92 1171.55 24.7677 1146.78 1117.9 912.681 548.321 205.221 156.684 48.5375 119.504 154.18 119.284 34.8965 633.377 394.141 63.086 588.201 112.951 97.0725 96.4315 46.4398 99.0815 475.25
internal_count=13186 8593 174 8419 8210 6672 4364 1538 1106 432 850 1265 991 274 4593 3099 455 4292 695 597 698 322 824 3597
is_linear=0
shrinkage=0.01


Tree=283
num_leaves=25
num_cat=0
split_feature=65 81 71 100 119 93 96 282 117 35 278 277 62 191 263 303 3 127 11 244 81 10 136 263
split_gain=6.17736 9.36842 9.16224 11.9708 9.26517 8.67657 8.35882 7.79409 14.9869 11.6428 9.56186 11.854 8.81023 8.11022 7.15358 7.08731 7.42456 7.4432 7.08563 7.0723 9.6591 6.88078 11.0963 6.62841
threshold=0.92917897485939605 -0.061502103013034513 1.3026925464564936 0.66064017829613142 0.1139320758811037 -0.14255909048120277 -0.72735169282858092 0.022262776163492138 0.16768839382185682 0.013722167302170128 -0.0082587788602544124 0.042915512322640965 133.50000000000003 -0.8539497058026152 -0.67086514413819809 0.005775222172263267 1.8291897987735888 -0.22461294850403979 0.75435644668881852 0.0045833333333333342 0.42760746914865078 1.0185931407229127 0.32339757506930766 -0.80157891762479316
decision_type=8 8 10 8 8 10 10 8 10 2 10 10 2 10 10 2 2 10 8 2 10 2 2 8
left_child=1 23 4 21 7 -6 -3 9 14 15 -10 -12 13 -13 -9 16 17 -2 -5 -18 -21 22 -4 -1
right_child=2 6 3 18 5 -7 -8 8 10 -11 11 12 -14 -15 -16 -17 19 -19 -20 20 -22 -23 -24 -25
leaf_value=0.0026671500527417073 -0.0021412555957006788 0.0078659002767962147 0.0095633584478791687 0.00020017607788076931 -0.0047633095526158145 0.0034998505639762985 2.3792233397244259e-05 0.0017372962265083242 0.010275597773855037 0.006394700462184124 0.0071918683422140528 0.0017791407994966943 0.0044898626648117003 -0.0080786620872882412 -0.0057368276963449365 -0.0066547355358746695 0.0024033551396291019 0.0053066716548126674 -0.0051118446922631807 -0.006179887795962017 0.0010288261982402921 -0.00058883306604819434 -0.00071957106117073678 -0.0043404015529728565
leaf_weight=24.23908793181181 24.025143139064312 34.827225424349308 31.020361445844173 1169.9993816912174 100.33422012627125 12.271132960915564 21.698013432323933 18.728557251393795 15.599452905356882 13.432104900479315 24.910708472132683 12.519049115478991 15.853168949484823 17.349941380321983 30.66686075925827 30.448051646351814 18.059299863874912 24.276140995323658 22.814013384282589 61.868355587124825 24.743971712887287 18.662975028157234 14.407120555639265 24.09838180243969
leaf_count=140 156 203 168 8683 905 98 151 114 102 82 162 84 100 121 212 207 120 150 221 447 168 115 92 176
internal_value=2.76904e-05 0.00235076 -0.000118524 0.000317812 -0.00134717 -0.00379013 0.00501779 -0.00049168 0.00133227 -0.00175448 0.00380847 0.00202441 -0.00102614 -0.00412035 -0.00294326 -0.0024451 -0.00149468 0.00166913 8.58297e-05 -0.00296956 -0.00414189 0.00443337 0.00643081 -0.000853684
internal_weight=1806.85 104.863 1701.99 1256.9 445.086 112.605 56.5252 332.481 135.628 196.853 86.2323 70.6329 45.7222 29.869 49.3954 183.421 152.973 48.3013 1192.81 104.672 86.6123 64.0905 45.4275 48.3375
internal_count=13177 670 12507 9279 3228 1003 354 2225 895 1330 569 467 305 205 326 1248 1041 306 8904 735 615 375 260 316
is_linear=0
shrinkage=0.01


Tree=284
num_leaves=25
num_cat=0
split_feature=20 293 173 152 32 284 13 17 315 35 321 136 147 287 256 295 134 220 18 136 163 197 165 237
split_gain=6.94521 9.61511 14.1053 7.2568 8.31101 8.64861 7.77248 12.5045 11.3605 8.26758 7.73599 8.82332 8.1533 9.17826 11.5697 9.79051 9.27458 8.81719 7.85933 8.12618 9.07294 7.48572 11.1239 7.53286
threshold=1.1532480022213498 -0.003399760847610287 1.0000000180025095e-35 0.12185120558375635 0.0015637226134585292 0.0023796042014664902 1.1241828908359073 4.4660113366598155 -0.28045134654768411 0.0033927081235072373 5.5000000000000009 0.32074493841358237 0.22095200766483761 0.028187043589980459 28.500000000000004 0.15913710971121101 0.14817287247193792 0.31096096096096099 -1.004646586337804 0.17836116371148222 0.012618422100151265 -0.55016475858936975 179.25344328703707 -0.18109278321341268
decision_type=10 2 8 10 2 8 10 2 2 2 2 2 10 2 2 2 2 2 10 2 10 8 2 2
left_child=3 -2 -3 4 6 -6 10 8 9 -8 18 12 17 14 -14 16 -15 -12 -1 20 -20 22 -5 -23
right_child=1 2 -4 21 5 -7 7 -9 -10 -11 11 -13 13 15 -16 -17 -18 -19 19 -21 -22 23 -24 -25
leaf_value=0.0077601002444687489 -0.0016801821104952034 0.013290557789477438 0 0.0047067407034739554 4.6063817290043174e-05 -0.005121071197342065 0.012358917129015028 -0.0026490364134015921 0.00040666582081371784 0.0026327736411938625 -0.0022273991846218557 -0.0044015746059368347 -0.0073134031401560252 0.0055056992286621666 0.0010214555598758016 0.0093851647528422066 -0.0039127450277812717 0.00035407640801824049 -0.0039023264798374187 0.0012722405414800539 0.0030706994445419966 -0.0086017739860739083 -0.0048624221504682368 -0.0019772057410043999
leaf_weight=13.825844153761862 19.336130946874619 14.098237171769144 15.359637960791586 27.255100063979626 69.651478484272957 57.018880993127823 21.832520313560963 25.836880594491959 29.472584679722786 16.975444093346596 258.43753623962402 51.921627841889858 15.860486201941965 19.593499042093754 149.1180919110775 22.727575875818729 16.794842913746834 265.5479805842042 63.981084667146206 496.81265354901552 23.326598890125751 23.519171722233295 17.541297324001789 58.219128340482712
leaf_count=70 141 102 113 250 711 619 140 172 213 114 1866 385 108 120 939 137 102 1850 442 3402 153 233 174 546
internal_value=2.09417e-05 0.00363589 0.00699753 -8.52902e-05 9.60934e-05 -0.00233335 0.000307061 0.0030455 0.00523422 0.00859846 0.000116171 -0.000525472 -0.000239468 0.00134443 0.000103928 0.00462659 0.00116436 -0.000922373 0.000974744 0.000775641 -0.00199004 -0.00236467 0.00087195 -0.00412015
internal_weight=1794.06 48.794 29.4579 1745.27 1618.74 126.67 1492.07 94.1174 68.2805 38.808 1397.95 800.002 748.08 224.094 164.979 59.1159 36.3883 523.986 597.946 584.12 87.3077 126.535 44.7964 81.7383
internal_count=13102 356 215 12746 11543 1330 10213 639 467 254 9574 5507 5122 1406 1047 359 222 3716 4067 3997 595 1203 424 779
is_linear=0
shrinkage=0.01


Tree=285
num_leaves=25
num_cat=0
split_feature=73 174 147 256 82 312 115 94 11 307 97 281 156 284 282 282 148 276 180 49 114 96 101 156
split_gain=6.46384 9.11631 8.01353 7.34548 13.3061 9.1404 7.74699 7.22714 13.179 9.24998 10.0656 8.46593 10.2313 8.42411 7.96464 7.8767 7.69762 7.12006 6.28988 8.02708 6.24264 6.88358 6.16125 11.6533
threshold=315.53479370826329 62.015555555555558 0.22233992467043315 131.50000000000003 0.74916106010992756 -0.079217537460694196 -1.3735392858634967 0.45675452549354506 0.4345530334492298 -0.0051892257353584022 0.61995512753145843 3.6888586945937991 0.094261067998090267 0.004632287423622484 -0.050638708070693705 0.022262776163492138 0.20527087513505174 5.3438118855482593 3.1339521516234279 5.5000000000000009 0.56599814670000026 -0.62859630626671981 -0.68681816343910274 0.04280095367663897
decision_type=2 10 10 2 10 2 10 10 10 2 10 2 10 10 10 8 10 2 2 2 10 10 10 8
left_child=22 2 3 4 -2 6 -5 17 9 10 16 12 -11 -13 -12 -14 -9 -3 -10 -20 -4 -22 23 -1
right_child=1 7 20 5 -6 -7 -8 8 18 11 14 13 15 -15 -16 -17 -18 -19 19 -21 21 -23 -24 -25
leaf_value=0.0044184217148007772 -0.0026617256601853541 0.0014514367635028913 -0.0012619270482039668 0.0028808140936408965 0.0095970667135953387 0.004613734874338726 -0.0051980687340506624 -0.0075293358908494357 0.0043210099600123454 0.0020185010169837961 -0.0026647661507585752 0.0053497751067056558 0.014636751570464053 -0.0035280508752991192 0.0060242469199653119 0.0043966008612149991 0.0013329117165065676 0.011204978309517961 -0.0049957311664862378 0.0028075393380437336 0.0092154791969116974 0.00073513993320380763 -0.0016943977051132001 -0.00024969619996145288
leaf_weight=53.673258811235428 20.713324911892414 15.828896887600424 27.81106199324131 11.685065917670725 11.478889077901838 10.977104760706423 85.669150747358799 17.91768391430378 11.098698638379572 25.803040735423565 13.003678515553473 19.216408245265484 18.992518976330757 17.948190852999687 32.009042024612427 17.252203300595284 16.882354937493801 13.862557277083395 49.481080062687397 15.375369064509867 15.874050892889498 21.286489471793175 266.69500507041812 992.3176924996078
leaf_count=381 155 102 184 83 89 83 653 121 103 169 89 122 111 127 217 105 104 86 431 123 91 126 2242 7066
internal_value=1.92033e-05 0.000996277 -0.000600966 -0.00193726 0.00210431 -0.00317043 -0.00416413 0.00214733 0.00155577 0.00302482 0.000444079 0.00502089 0.0072084 0.001091 0.0034838 0.0104621 -0.00342705 0.00661703 -0.00187816 -0.00309072 0.00223441 0.00478013 -0.000346239 1.94252e-07
internal_weight=1802.85 490.167 205.495 140.524 32.1922 108.331 97.3542 284.672 254.98 179.025 79.8128 99.2124 62.0478 37.1646 45.0127 36.2447 34.8 29.6915 75.9551 64.8564 64.9716 37.1605 1312.69 1045.99
internal_count=13163 3474 1464 1063 244 819 736 2010 1822 1165 531 634 385 249 306 216 225 188 657 554 401 217 9689 7447
is_linear=0
shrinkage=0.01


Tree=286
num_leaves=25
num_cat=0
split_feature=153 153 109 103 259 107 205 189 309 299 183 315 66 270 317 288 237 149 109 128 109 101 246 149
split_gain=6.58353 11.9855 8.09711 7.79508 10.2276 9.64079 11.2434 18.6513 9.82301 9.11705 9.07286 8.90507 8.69734 9.40206 11.3123 8.42095 7.78579 9.63149 11.4667 11.4339 11.2287 11.9063 11.9229 10.8335
threshold=0.049443833272216117 0.045084975438992723 2.290809100281376 1.552535438303742 -0.5200448881214067 0.2846008771425243 -0.2431048242484172 -0.33932559599750295 -0.012758384769266882 0.027033155005164348 0.87581847944458635 -0.054835087797135862 17.628273088560235 0.10720189589003416 -0.0058445373558506852 -0.0063668931689544912 -0.13330725478252614 0.086628386253162409 1.0213859543395061 0.51307243635574262 0.52180854258275178 -1.2318167297506866 0.6773896081162637 0.076239759083676348
decision_type=10 10 10 10 10 10 2 8 2 2 8 2 2 2 2 2 2 10 8 10 8 10 10 10
left_child=1 2 3 5 -5 11 7 9 -8 -7 12 16 -6 14 15 -14 17 20 19 -19 -1 22 -22 -24
right_child=-2 -3 -4 4 10 6 8 -9 -10 -11 -12 -13 13 -15 -16 -17 -18 18 -20 -21 21 -23 23 -25
leaf_value=-0.001217442057876669 -0.002531314632202838 0.0085825983839174762 0.0043850530091741544 0.0055340617278464054 -0.004750259821994428 0.0058328649918613822 0.0005945783122188865 -0.00636337515500049 0.0085603445764423931 -0.0015279340778575718 0.0053060622719779326 -0.0028297013017046266 0.00081721780952479688 -0.0054443300630053646 -0.0010799363427595914 0.011371101335596981 0.0016176644552377483 -0.0009502804215364176 0.00013695676828161198 -0.0063679408287687766 0.0073449429589104373 -0.0042831563308618767 -0.0010416270233056689 0.007760150733999994
leaf_weight=99.065907754004002 85.278400830924511 14.340871766209601 41.893281422555447 19.01171813160181 77.843797352164984 43.298884324729443 24.735507234930992 25.846988938748837 42.09982992708683 24.649396017193794 15.907752759754656 90.65733341127634 19.232299692928795 38.396057948470116 222.76971792429686 10.43196155130863 341.73050945997238 95.795609094202518 268.63780944049358 64.894058100879192 59.052599132061005 16.730961620807648 52.725309930741787 15.883830673992632
leaf_count=661 836 117 254 164 690 266 151 162 256 163 125 674 156 280 1888 80 2303 786 1820 533 332 104 310 94
internal_value=0.000134124 0.000270374 0.000186021 7.27731e-05 -0.00113187 0.000459336 0.00272631 0.000440336 0.00577117 0.00319417 -0.00150216 0.000122788 -0.00183697 -0.00101535 -0.00028465 0.0052291 0.00039478 -0.000229059 -0.00112891 -0.00321697 0.00134841 0.00310519 0.00415338 0.00120944
internal_weight=1810.91 1725.63 1711.29 1669.4 403.593 1265.8 160.631 93.7953 66.8353 67.9483 384.582 1105.17 368.674 290.83 252.434 29.6643 1014.52 672.786 429.327 160.69 243.459 144.393 127.662 68.6091
internal_count=13205 12369 12252 11998 3383 8615 998 591 407 429 3219 7617 3094 2404 2124 236 6943 4640 3139 1319 1501 840 736 404
is_linear=0
shrinkage=0.01


Tree=287
num_leaves=25
num_cat=0
split_feature=5 313 109 10 120 111 157 157 294 154 136 248 53 253 60 23 312 212 312 227 144 113 266 224
split_gain=6.94204 8.73095 6.79896 10.0052 11.4747 8.3853 7.357 13.1871 9.97095 7.7332 8.21014 12.5688 7.64554 8.88697 8.02462 7.31098 6.93922 6.89415 6.74408 9.86671 9.66883 13.2608 8.98477 10.8502
threshold=-2.909244062127478 -0.06235710101046759 2.3487247349341756 2.0999749604778279 0.97745826062666707 3.4170547455434144 0.12310562571756603 0.11558704453441297 0.075769619887267006 0.022870219025825436 0.19005502184259651 0.6984848484848486 92.500000000000014 142.50000000000003 -537.21913325019671 -0.63019587387588394 -0.24747231745989207 0.1924501424501425 -0.45578497165560977 0.0047961906514538107 0.0054397143533496421 0.25476169762705453 4.2514705882352954 1.2546393774357183
decision_type=2 2 10 2 10 8 8 10 2 10 2 2 2 2 2 10 2 2 2 2 10 10 2 2
left_child=1 -1 3 6 -5 -4 7 8 -2 12 -11 -12 14 -14 15 -8 -7 -13 20 -20 -16 -22 23 -21
right_child=2 -3 5 4 -6 16 9 -9 -10 10 11 17 13 -15 18 -17 -18 -19 19 22 21 -23 -24 -25
leaf_value=0.0033783588691903388 0.0027509208624019923 -0.0047197623948329846 0.0097508391811962723 0.0049414014537680576 -0.0049211393447288372 0.0041726160444649895 0.0002112056015654678 0.010485018793747986 -0.0056228432995394199 9.5631604289328679e-05 -0.001928127122990004 0.011441092143054162 -0.0083261035726488707 0.00070089425232261221 -0.0051358903941298622 0.0087597999793245819 -0.0037198026887285459 0.003848263776551964 -0.00047982091704656179 0.0092165778600916091 -0.0015182750988854174 0.0030316424592793786 -0.00071791576808547225 0.0021001115673221276
leaf_weight=14.832376942038534 68.242943592369556 55.936382636427879 13.158098854124544 11.692122437059878 67.458993501961231 25.25211825966835 21.514192678034306 15.742966607213019 14.961108006536959 106.67206433415413 22.212295658886433 18.153154537081718 21.547390833497047 18.643937595188618 51.490277469158173 16.523266091942787 15.666656218469141 41.331518605351448 503.5554902292788 22.500851273536682 323.70489490032196 76.836655430495739 90.738193288445473 167.8721848577261
leaf_count=141 466 589 84 100 629 175 120 104 115 709 141 130 142 116 436 95 122 268 3662 128 2368 523 672 1150
internal_value=6.33586e-05 -0.00294389 0.000191179 7.53708e-05 -0.00333122 0.00359075 0.000249884 0.00285199 0.00109756 7.28865e-05 0.00195259 0.00428059 -0.00019925 -0.00434532 -5.83672e-05 0.00430003 0.00108243 0.00659743 -0.000202781 0.0003567 -0.00117235 -0.000627749 0.00184853 0.00306959
internal_weight=1806.24 70.7688 1735.47 1681.39 79.1511 54.0769 1602.24 98.947 83.2041 1503.3 188.369 81.697 1314.93 40.1913 1274.74 38.0375 40.9188 59.4847 1236.7 784.667 452.032 400.542 281.111 190.373
internal_count=13185 730 12455 12074 729 381 11345 685 581 10660 1248 539 9412 258 9154 215 297 398 8939 5612 3327 2891 1950 1278
is_linear=0
shrinkage=0.01


Tree=288
num_leaves=25
num_cat=0
split_feature=321 193 79 144 235 227 33 144 40 289 201 253 115 294 36 121 113 132 120 20 201 176 148 40
split_gain=7.32041 9.13122 9.31233 12.6352 10.791 15.729 10.9748 10.6732 10.0989 9.42917 13.0175 8.43244 8.27663 8.1353 10.3299 8.77189 10.9634 12.187 9.93478 12.7842 9.71511 9.2876 10.1656 8.93652
threshold=4.5000000000000009 0.8948992852501626 80.539392312401915 0.032090078045960403 0.004744965158559513 0.015180320313400162 0.04502210987976811 0.0063613334520350616 0.0068688058751846786 -0.066570203234690914 0.78273291925465849 138.50000000000003 -1.2735748427073921 -0.14496847621387043 0.010031049055591228 -1.1609115336492144 -0.15092417366910774 0.016059651449836045 1.2210103494030953 1.1191073177564022 0.88921188630490966 12.628855680587909 0.15109512390087934 0.0073554003541215825
decision_type=2 8 2 10 2 2 2 10 2 2 2 2 10 2 2 8 8 2 10 10 2 2 10 2
left_child=1 2 9 4 11 6 7 -6 -9 -1 -11 -4 -5 14 -2 23 20 18 19 -18 -17 22 -19 -15
right_child=13 -3 3 12 5 -7 -8 8 -10 10 -12 -13 -14 15 -16 16 17 21 -20 -21 -22 -23 -24 -25
leaf_value=-0.00017437954326943021 -0.0027932702694574581 -0.0022035872845178055 0.00030779478375487216 0.0017467614605191041 0.001792876234735306 -0.0023976590117756658 0.0011841672447867001 0.016229583835835556 0.003572825348853012 0.012455691035730477 0.0010861240316313117 0.0077078885422755487 -0.0024555455316370585 -0.00034485998852942584 0.0051308137043925822 -0.0049330774263258558 -0.0010274056913832142 -0.0003529100707227302 -0.0054934321917132992 0.0066762424574281429 0.001396195415544918 -0.001506307901012145 0.010095722231643367 0.0029462123598819291
leaf_weight=22.725860625505447 21.17779278755188 76.071490705013275 183.61249484121799 69.814881801605225 13.614137455821036 20.095351010560989 22.059941612184048 22.830062761902809 11.251185536384581 21.955008335411549 18.304537013173103 14.038568705320357 129.53257381916046 280.19767344743013 52.049673654139042 116.18964929133654 434.02376777306199 13.821565128862856 44.120563708245754 19.816417366266251 28.814194053411484 21.362477667629719 23.53675489872694 113.58356291800737
leaf_count=144 159 605 1421 469 99 153 153 167 82 125 122 94 902 1875 351 911 3271 117 418 138 239 173 164 751
internal_value=0.000111917 0.000982625 0.00143434 0.000948272 0.00228178 0.0051028 0.00728674 0.00986409 0.0126749 0.004973 0.00772206 0.000940195 -0.000974965 -0.000354789 0.00280711 -0.000573782 -0.00124281 -0.00059444 -0.00110932 -0.00064939 -0.00366587 0.00360517 0.00645309 0.000616181
internal_weight=1794.6 625.906 549.835 486.849 287.502 89.8507 69.7553 47.6954 34.0812 62.9854 40.2595 197.651 199.347 1168.69 73.2275 1095.47 701.685 556.682 497.961 453.84 145.004 58.7208 37.3583 393.781
internal_count=13103 4536 3931 3540 2169 654 501 348 249 391 247 1515 1371 8567 510 8057 5431 4281 3827 3409 1150 454 281 2626
is_linear=0
shrinkage=0.01


Tree=289
num_leaves=25
num_cat=0
split_feature=121 200 192 5 154 28 162 76 188 246 253 53 278 28 42 11 184 193 312 36 294 116 193 165
split_gain=6.65102 7.45915 7.70365 7.21195 8.41633 9.93991 10.2825 11.335 9.34763 9.15699 8.12757 8.13923 8.06756 7.16584 7.13882 7.00477 6.87456 8.56277 6.32376 7.05519 10.7232 10.2554 13.7883 8.95603
threshold=-2.2749236555014396 0.32996119418792852 0.82127542442357038 -2.8935132521978844 0.019116981657443185 0.23241888857033641 0.007013444827020824 1.0736084699161303 0.2669211195928754 1.1226900165912046 148.50000000000003 92.500000000000014 -0.003097574392958575 0.22876187092428518 89.500000000000014 0.37378265496717189 1.453415425842181 0.73294573643410865 -0.88618553808229505 0.024920430804332348 -0.14090000654003407 0.4858563364558941 0.58380149812734095 179.89323495370374
decision_type=8 2 8 2 10 2 10 10 8 8 2 2 10 2 2 10 8 10 2 2 2 8 10 2
left_child=1 -1 -3 14 10 9 8 -8 -7 15 11 18 -12 -14 -2 16 17 -6 -5 23 -21 22 -22 -20
right_child=3 2 -4 4 5 6 7 -9 -10 -11 12 -13 13 -15 -16 -17 -18 -19 19 20 21 -23 -24 -25
leaf_value=-0.00067119291735905095 -0.005164076544358959 0.011958393759840329 0.00094154772601952623 -0.0030388879205226088 -0.0044193477371166062 0.0047062711097465527 0.014474515251942682 0.0037754162980500106 -0.003794649171056561 -0.0061893999959153232 0.0066472734582041539 -0.005604281870477278 0.0038233727814393106 -0.0038019418723330657 -0.0007053564329165227 -0.0024003545276794864 0.0083460582205687559 0.0050347002478782973 -0.0010365218350101 0.0068307601956857965 -0.005089514243964555 0.0051905546076345243 0.00077735222194716738 0.0018837487328095116
leaf_weight=20.208083808422089 44.449855342507362 12.410861507058142 12.142127051949503 66.421457432210445 14.84713965654373 26.837207734584808 14.02837463468313 32.435070089995861 20.12636935710907 16.890488296747208 32.402426488697529 24.633009850978851 23.014641404151917 20.690792508423328 157.43504786118865 28.126907989382744 16.553739093244076 18.061147011816502 611.87683836370707 27.085109025239944 42.324899330735207 41.463041640818119 351.02939776331186 123.77222019433975
leaf_count=135 466 79 89 482 85 157 76 219 120 137 201 158 145 143 1480 192 101 102 4635 169 290 266 2323 892
internal_value=0.00011444 0.00380277 0.00720969 1.37736e-05 0.000246543 0.00221415 0.00447584 0.007674 0.00103425 -7.73184e-05 -2.76734e-05 -0.000218757 0.0030863 0.000180013 -0.00175001 0.00141226 0.00361227 0.000728845 -0.000100673 6.82565e-05 0.00103411 0.000628737 0.000111565 -0.000538465
internal_weight=1799.27 44.7611 24.553 1754.51 1552.62 187.906 93.427 46.4634 46.9636 94.4794 1364.71 1288.61 76.1079 43.7054 201.885 77.5889 49.462 32.9083 1263.97 1197.55 461.902 434.817 393.354 735.649
internal_count=13142 303 168 12839 10893 1189 572 295 277 617 9704 9215 489 288 1946 480 288 187 9057 8575 3048 2879 2613 5527
is_linear=0
shrinkage=0.01


Tree=290
num_leaves=25
num_cat=0
split_feature=201 323 299 145 254 289 296 45 114 310 118 84 305 239 36 112 73 106 284 145 201 145 310 185
split_gain=6.38756 9.55625 7.6269 6.62777 6.05973 8.07534 9.46344 5.98346 9.5562 13.9635 8.85099 7.92233 10.8276 10.1105 7.75551 9.31771 11.8495 8.65823 12.1782 7.59206 9.80832 7.57364 8.84459 7.52085
threshold=0.46201923076923085 512.50000000000011 -0.18194795829684626 0.045635264976413244 227.50000000000003 0.021400763441559837 0.90124074205799409 2.5000000000000004 0.97490369833359791 -0.30457216639061729 154.50000000000003 22.825693747376764 0.47952511801394354 0.78996002545266364 0.028173423761101362 82.500000000000014 345.1687231325123 0.64677242512075261 0.0054538733206415677 0.039615500011539621 0.75331140350877202 0.037672672988372832 -0.44389419839428157 0.758774630541872
decision_type=2 2 2 8 2 2 2 2 10 2 2 2 2 10 2 2 2 8 10 10 2 10 2 8
left_child=1 3 -2 -1 7 6 -6 8 10 -10 11 23 13 21 15 16 -9 -18 -19 -15 -21 -13 -23 -4
right_child=2 -3 4 -5 5 -7 -8 14 9 -11 -12 12 -14 19 -16 -17 17 18 -20 20 -22 22 -24 -25
leaf_value=0.00091511596965045583 -0.0061174508992598376 -0.0034177069202554027 0.00063151557621702659 0.0086752327094845021 -0.0050273699623390343 0.007451396602908179 0.0048789319042248855 -0.0021050818714558927 0.0065997079187279442 -0.00091233635825076686 -0.0067427841839921149 -0.0024875683446672079 -0.0020261401847890674 0.012269364772928977 0.002859199339318197 -0.004983249146395992 -0.0023650305461556903 0.011164728952884435 0.00027575298119326361 0.0074143419266802704 -0.0022464233522263141 -0.0019562162364057277 0.0056823460947884874 -0.0010880990912552266
leaf_weight=20.352978594601154 17.747935436666012 14.17132844775915 469.6898131147027 24.195283241569996 16.416597589850426 22.285178869962692 16.471579380333424 179.24408598989248 51.426080241799355 43.977647475898266 16.550836332142353 33.822055533528328 51.084959976375103 14.447517983615397 37.477678194642067 68.570440627634525 18.375562898814678 17.293963633477688 21.669031530618668 24.23399943113327 15.22735273838043 20.763052925467491 42.527397885918617 547.39835353940725
leaf_count=154 134 98 3268 152 111 142 108 1617 321 290 108 223 344 93 283 555 150 128 173 143 95 123 247 4128
internal_value=4.40083e-05 0.00321027 -6.6895e-05 0.00541851 4.56308e-06 0.00318253 -4.42181e-05 -0.000104805 0.000198478 0.00320038 -3.92713e-05 6.63646e-05 0.00186099 0.00319556 -0.00127795 -0.00181102 -0.000839164 0.00301396 0.00556328 0.00655979 0.00376204 0.00118457 0.00318477 -0.000293446
internal_weight=1805.42 58.7196 1746.7 44.5483 1728.95 55.1734 32.8882 1673.78 1331.15 95.4037 1235.75 1219.19 202.106 151.021 342.631 305.153 236.583 57.3386 38.963 53.9089 39.4614 97.1125 63.2905 1017.09
internal_count=13188 404 12784 306 12650 361 219 12289 9383 611 8772 8664 1268 924 2906 2623 2068 451 301 331 238 593 370 7396
is_linear=0
shrinkage=0.01


Tree=291
num_leaves=25
num_cat=0
split_feature=299 262 303 317 85 228 129 125 113 33 269 70 109 150 103 278 234 210 60 78 272 309 139 148
split_gain=5.85093 8.90294 8.06719 12.9641 10.4285 7.74555 8.86386 11.2291 10.8067 12.7822 7.85929 9.93497 7.49052 13.3129 10.5475 11.1145 9.30286 10.1055 15.6353 11.4332 10.5441 9.32291 8.89216 8.27394
threshold=-0.057290772317237885 -0.99788036317089934 0.0091299976470094277 0.0089145472885443517 75.451306616236181 0.34045086119554208 1.0352839720454696 0.90083645773970222 0.30146745398226243 0.030079711915166982 1.7123820754716983 0.69686087958522902 1.1685457581177501 0.048826334128002941 1.6190982465179145 -0.01560470779220779 0.13240163615114922 0.074211758226628136 -232.43174709159902 -34.974615093012602 0.029201850100099531 -0.016844839942666053 0.015739184287357343 0.10570896457863259
decision_type=2 8 2 2 2 2 8 10 10 2 2 10 8 10 10 10 2 2 2 2 2 2 2 10
left_child=2 -2 3 5 -5 10 -7 -8 -9 -10 -1 -12 13 16 -14 -16 17 20 -19 -20 21 -3 -21 -15
right_child=1 12 -4 4 -6 6 7 8 9 -11 11 -13 14 23 15 -17 -18 18 19 22 -22 -23 -24 -25
leaf_value=-0.0037185849470709625 0.0056550016512780625 -0.0048630969317568539 -0.0036865683059712578 0.010912082440007145 0 -0.0029657136667287439 0.0074797029774771161 -0.0022583937843674404 -0.0019098476913061947 0.0098259733932369465 -0.00082787463493013899 0.0070013288573732516 0.0013187096406056043 0.0045958821690348772 0.0086196373884580308 -0.0013242539890170699 -0.0055409082933732378 0 0.0094715403142741593 -0.0049770791306739236 -0.0037013248689314326 0.002892416316047839 0.0055981346537750335 -0.0033325320295302871
leaf_weight=53.151548512279987 21.993771463632584 17.175656951963902 28.390297763049603 22.169967845082283 13.335116162896155 22.42498391866684 43.342087812721729 40.83074963092804 14.233491085469721 19.672165498137474 63.706598624587059 18.620108380913734 431.77508137375116 11.383232787251471 8.7868612557649595 342.61782896518707 25.446797907352448 133.83920491486788 35.564217180013657 11.860617481172087 88.44924970716238 66.350580677390099 14.48144745826721 245.53865849599242
leaf_count=392 129 112 199 146 90 149 299 316 108 127 436 142 2811 105 66 2893 167 847 208 87 588 430 98 2178
internal_value=-3.14673e-06 -0.000280046 0.00117201 0.00164737 0.00710409 0.000876516 0.00250065 0.00359244 0.00113374 0.00510501 -0.000817324 0.00110547 -0.000382828 -0.00117421 0.00027465 -0.00100563 -1.08922e-05 0.000408605 0.00195143 0.00598568 -0.00134486 0.00117845 0.000781001 -0.00293095
internal_weight=1795.14 1455.26 339.877 311.487 35.5051 275.982 140.503 118.078 74.7364 33.9057 135.478 82.3267 1433.27 650.09 783.18 351.405 393.168 367.721 195.745 61.9063 171.975 83.5262 26.3421 256.922
internal_count=13123 10719 2404 2205 236 1969 999 850 551 235 970 578 10590 4820 5770 2959 2537 2370 1240 393 1130 542 185 2283
is_linear=0
shrinkage=0.01


Tree=292
num_leaves=25
num_cat=0
split_feature=321 257 297 4 0 193 79 193 11 106 298 108 136 149 215 295 162 220 121 289 201 171 197 151
split_gain=6.30659 10.6635 13.416 9.58241 8.63311 7.4246 9.46596 9.84516 11.4865 13.618 12.5957 9.77442 8.61596 7.65054 12.9427 9.49471 7.62256 10.9023 7.16365 7.10507 12.2389 6.9595 6.88195 7.00804
threshold=4.5000000000000009 186.50000000000003 -0.011691163198215912 446.23297683631364 791.50000000000011 0.8948992852501626 80.539392312401915 0.81096096096096104 0.42018230887762165 0.46991788740124185 -0.0013907238784998013 0.34494465826677412 0.21919238138816602 0.17723635747851491 -0.53893989530677799 0.13846153846100595 0.020020040080160322 0.4119713459154154 -1.6687355942052611 -0.066570203234690914 0.78273291925465849 5.9745380304497457 -0.63517918453811884 0.053352059925093641
decision_type=2 2 2 2 2 8 2 10 10 8 2 8 2 10 2 2 10 2 10 2 2 10 10 10
left_child=3 -2 -3 5 -4 6 19 11 10 -10 -9 18 16 14 -14 -15 22 -18 -8 -1 -21 -7 -13 -24
right_child=1 2 4 -5 -6 21 7 8 9 -11 -12 12 13 15 -16 -17 17 -19 -20 20 -22 -23 23 -25
leaf_value=0.00018833414489084652 -0.00067745665642188527 0.0084649015837074248 0.0067141993743219221 0.008090247983644756 -0.0013663617291233799 0.0028276207031249236 0.0019119926280794796 0.0055517880674087142 0.014187838645727957 0.0025269559776721108 -0.0036434328345960184 0.002474243894836161 0.0056899113556502364 0.00015391289220454543 -0.0029788281425657983 0.0092490448045014946 0.0064166256264122394 -0.0011921529647564851 -0.0040829152869402922 0.011582325700713322 0.00053952366898493752 -0.0038620718545222085 7.3032053516483997e-05 -0.0067641157248721755
leaf_weight=24.117114417254925 1077.1861900649965 26.152614332735538 14.019700743257998 14.976143062114714 58.308099657297134 18.343420803546906 23.87250068038702 22.885354124009609 14.155952222645281 28.997461043298244 32.529310815036297 16.954331830143929 26.482780009508133 18.710291482508183 38.884116441011429 28.256916128098965 26.207491084933281 51.164403006434441 82.622312232851982 21.986501812934875 17.668966837227345 58.625539116561413 22.762260317802429 39.18015643209219
leaf_count=152 7972 167 88 113 397 135 161 154 98 241 247 131 156 129 259 204 196 375 614 125 118 477 146 330
internal_value=4.5159e-05 -0.000386579 0.00271489 0.000851343 0.000381024 0.00063684 0.00105607 0.000553712 0.00331887 0.0070141 0.000222237 -0.000189725 0.000825724 0.00290432 0.000609111 0.00586151 -0.000687308 0.00150846 -0.00271506 0.00458944 0.00705078 -0.00221121 -0.00283059 -0.004343
internal_weight=1805.05 1175.67 98.4804 629.383 72.3278 614.407 537.438 473.666 98.5681 43.1534 55.4147 375.098 268.603 112.334 65.3669 46.9672 156.269 77.3719 106.495 63.7726 39.6555 76.969 78.8967 61.9424
internal_count=13185 8624 652 4561 485 4448 3836 3441 740 339 401 2701 1926 748 415 333 1178 571 775 395 243 612 607 476
is_linear=0
shrinkage=0.01


Tree=293
num_leaves=25
num_cat=0
split_feature=99 108 82 151 93 25 25 320 42 71 74 306 317 82 155 320 119 122 154 157 297 104 65 163
split_gain=6.85022 8.74683 8.30362 7.61516 9.29703 9.85803 9.20482 7.41577 12.5148 9.39526 7.62565 7.95093 10.4781 9.66634 8.37621 7.56277 8.78682 12.0595 7.44453 7.17666 7.12618 6.64501 6.26772 5.52209
threshold=1.2577492900503946 1.3645177348671844 0.81772541207806937 0.083200212992545278 -0.08924937722685243 0.31975447428312731 0.88306087140849099 -0.064697876716985125 17.500000000000004 1.7438241143935358 169.50000000000003 0.70096128525219215 -0.004804806537999814 0.97816795451107852 0.028595478595478601 -0.16119779328021741 0.5049617091543549 0.8914485550603749 0.006182394985284563 0.19482610786958618 -0.021786663115263515 21.500000000000004 4.0655394903241113 0.0042872503699074556
decision_type=10 10 10 8 10 2 2 2 2 10 2 2 2 8 10 2 10 10 10 10 2 2 10 8
left_child=1 3 20 4 22 -6 7 9 -9 -5 11 -11 -13 14 -14 18 -17 21 -12 -4 -3 -18 -1 -22
right_child=-2 2 19 6 5 -7 -8 8 -10 10 15 12 13 -15 -16 16 17 -19 -20 -21 23 -23 -24 -25
leaf_value=0.00032812080834695621 -0.0040359980032080005 -0.0019595195515393813 0.010404698856929418 -0.0046616547525930004 0.0088129139873724324 -0.00016988889758057812 0.0053527255216509681 0.0051167079083441567 -0.0053780755570796094 -0.0034619733772091373 -0.0070631796485842238 -0.0029989711477303228 0.012544692071628945 -0.0016523306097275127 0.0018093896388437286 -0.0062284478704939181 0.00034336200120273366 -0.0022161570481979255 0.00050579387295213163 0.00068566219921399271 0.0083403219229142445 0.0097031754210048157 -0.0045126194208217636 0.00088881432108204109
leaf_weight=1235.8798695877194 35.681207977235317 38.225028537213802 19.428450115025047 45.011983171105385 23.566575571894646 22.136906325817108 17.011612631380558 10.741569094359873 81.443330489099026 13.479267530143259 29.644508793950081 12.490727283060549 21.469148963689804 9.5980876758694631 12.262718066573141 11.379510082304476 12.156554386019709 27.594880543649197 20.669293127954006 12.530589036643503 14.062788777053354 19.502262763679028 24.483765155076981 26.956171028316021
leaf_count=8502 352 264 133 443 142 145 138 84 718 123 251 110 182 88 117 85 105 251 175 87 98 144 202 182
internal_value=0.000134656 0.00022606 0.00290463 4.03013e-05 0.000390108 0.00468584 -0.00127549 -0.00166597 -0.00402818 -0.000699102 0.00028798 0.00287265 0.00451309 0.00675175 0.00911329 -0.00121675 0.000883535 0.00248808 -0.00407391 0.00699007 0.0010598 0.0064626 0.000223349 0.00384119
internal_weight=1797.41 1761.73 111.203 1650.52 1306.07 45.7035 344.455 327.444 92.1849 235.259 190.247 69.2999 55.8207 43.33 33.7319 120.947 70.6332 59.2537 50.3138 31.959 79.244 31.6588 1260.36 41.019
internal_count=13121 12769 764 12005 8991 287 3014 2876 802 2074 1631 620 497 387 299 1011 585 500 426 220 544 249 8704 280
is_linear=0
shrinkage=0.01


Tree=294
num_leaves=25
num_cat=0
split_feature=76 71 131 119 17 322 36 181 246 71 227 293 79 60 103 174 279 120 11 273 66 40 280 78
split_gain=6.52901 9.48734 9.59757 6.04747 7.34803 6.87071 7.56297 6.16524 5.9616 5.95163 8.57812 11.2718 10.3062 9.59085 9.075 8.87839 9.80608 8.96978 13.9192 10.9621 11.1675 8.6222 8.5311 8.89893
threshold=0.70338746342682812 1.295347410432907 1.7967942003397843 0.029659376566529293 1.8946072177538522 2.5000000000000004 0.02094606452367721 0.10639848644625025 0.61756573889590027 1.8620673714001119 0.0053003699021398143 1.0000000180025095e-35 636.62730000241402 -142.14674005776331 1.0744902803832537 85.451250000000016 0.047914201207428293 0.94122290118493002 0.33385269680057023 3.1980183875376658 17.628273088560235 0.0062143983522672417 0.061966535576347313 167.12846741351271
decision_type=8 10 10 10 2 2 2 2 10 10 2 2 2 2 10 10 10 8 10 10 2 2 2 2
left_child=1 2 3 4 5 7 -7 -1 -3 -2 11 13 15 14 -11 16 21 18 -17 -19 -21 -12 23 -14
right_child=9 8 -4 -5 -6 6 -8 -9 -10 10 12 -13 22 -15 -16 17 -18 19 -20 20 -22 -23 -24 -25
leaf_value=-0.0039511152623443778 -0.00094188016183489008 0.0060100114214540132 -0.0047555991610056534 -0.0032702946862239214 0.0075881354481259593 -0.0027480385852106243 0.0044245704760762601 0.0020294303124129471 0.00087970076427455344 0.00050681587818035795 -0.0058581862241724519 -0.0064977035225809599 -0.0024388131587860223 -0.00052226862479178915 0.0088338083016819349 0.0071128921473645051 0.0074320801296312716 0.0019969602348779577 -0.0046703066678403723 0.0039790604919083964 0.016857210625460469 0.0024496809289319644 -0.0031586341357052977 0.007703186173488503
leaf_weight=37.612962573766708 741.18852556869388 53.119710557162762 31.395411424338818 25.600864075124264 16.188320070505142 16.655446417629719 62.76998545974493 27.434656701982021 40.803563579916954 33.375130526721478 22.466671355068684 25.69110844284296 13.625380232930185 442.38645633682609 19.409877069294453 17.562043845653534 12.279873214662073 20.647534318268299 16.937514185905457 14.369151078164579 16.084185339510441 22.133043542504311 53.840507514774799 16.344384230673313
leaf_count=226 5750 303 223 202 95 103 353 156 241 193 149 195 99 3386 132 99 73 143 116 106 119 147 433 121
internal_value=-3.16731e-05 0.0012773 0.000112819 0.000997863 0.00172916 0.000932143 0.00286525 -0.00143449 0.00388291 -0.000308293 0.000320076 -0.00038571 0.00193367 -3.132e-05 0.00388168 0.0035472 0.000423621 0.00553105 0.00138568 0.00809064 0.011669 -0.00181421 -0.000824081 0.0032495
internal_weight=1799.92 311.581 217.658 186.262 160.661 144.473 79.4254 65.0476 93.9233 1488.34 747.153 520.863 226.29 495.171 52.785 142.48 56.8796 85.6004 34.4996 51.1009 30.4533 44.5997 83.8103 29.9698
internal_count=13163 1902 1358 1135 933 838 456 382 544 11261 5511 3906 1605 3711 325 952 369 583 215 368 225 296 653 220
is_linear=0
shrinkage=0.01


Tree=295
num_leaves=25
num_cat=0
split_feature=109 120 103 109 308 30 78 110 307 138 307 289 216 299 319 114 76 74 297 29 64 94 255 177
split_gain=6.68635 10.541 6.50447 12.6608 9.12614 7.9186 7.78332 7.76665 8.95884 7.71434 7.65372 7.40319 8.80805 8.60734 8.11519 7.3773 10.6654 7.92443 11.9553 9.18209 11.4584 7.25659 7.25318 9.67062
threshold=2.290809100281376 1.235352529746677 1.7512229283331431 1.5195776906739467 3.2647307425254762e-05 0.043781099343646546 9.6907031944650743 2.5000000000000004 -0.0044489534910275713 0.21010530794596324 -0.027157204117935093 -0.1548136645962733 1.1091172963172862 -0.10698615143429129 -0.21156795604261305 0.47499818936807098 0.47388580314883622 340.50000000000006 -0.016014357424929741 0.27626688839989161 0.62216921429972283 0.73911110191754081 105.50000000000001 7.0121644519896131
decision_type=10 8 8 8 2 2 2 2 2 2 2 2 2 2 2 8 10 2 2 2 10 10 2 10
left_child=2 -2 3 6 9 -4 11 8 -6 10 -5 12 14 -13 -1 16 -15 19 -19 -17 -21 -22 -8 -24
right_child=1 -3 5 4 7 -7 22 -9 -10 -11 -12 13 -14 15 -16 17 -18 18 -20 20 21 -23 23 -25
leaf_value=6.8822897910312427e-05 0.0057651597485206289 -0.0021534042821049347 -0.0043117067271985325 -0.0046194044871640094 0.0027092871331125829 -0.00052731284636544555 -0.0029307725967735098 -0.00028466290950831348 0.010664252315246311 0.0067287622752819718 0.0011141601619936671 -0.0053205214923262734 -0.0022588578804041536 0.0032320915651757503 0.010250899699978729 0.0022456669497067159 -0.0035435321099251326 0.0039954842275319088 -0.0051088158052807588 0.0052554267639012622 -0.0014899066826158153 0.005750570423641607 -0.0071505183779940109 0.0012469074904448148
leaf_weight=12.269898436963553 45.113457299768925 23.783082462847233 67.300730250775814 24.710160128772259 32.485375449061394 270.4190436154604 172.73089623451233 20.838341407477856 27.344442546367645 17.626101061701775 147.04318043589592 26.223879247903824 13.925340473651884 27.782733641564846 20.012781456112865 298.91473993659019 96.056436687707901 17.681624330580235 47.501647338271141 29.84294268488884 224.35008416324854 11.921648815274237 12.762868762016295 110.11442735046148
leaf_count=80 298 191 620 157 192 2401 1475 126 163 109 957 173 90 161 121 1993 660 105 306 186 1544 80 103 868
internal_value=4.86077e-05 0.00304056 -7.47611e-05 0.000227231 0.00215956 -0.0013141 -0.000241192 0.00492005 0.00667968 0.000923117 0.000221753 0.000256777 0.00402529 1.85246e-05 0.00672823 0.000224807 -0.00197709 0.000666013 -0.00256061 0.00105097 -0.000296765 -0.00105637 -0.00162603 0.000224807
internal_weight=1798.76 68.8965 1729.86 1392.14 270.048 337.72 1122.09 80.6682 59.8298 189.379 171.753 826.484 46.208 780.276 32.2827 754.052 123.839 630.213 65.1833 565.029 266.115 236.272 295.608 122.877
internal_count=13159 489 12670 9649 1704 3021 7945 481 355 1223 1114 5499 291 5208 201 5035 821 4214 411 3803 1810 1624 2446 971
is_linear=0
shrinkage=0.01


Tree=296
num_leaves=25
num_cat=0
split_feature=154 232 192 70 121 309 183 111 76 237 246 204 309 114 76 274 106 115 148 234 309 147 200 208
split_gain=5.87499 5.87537 13.5089 9.8016 11.0766 8.03901 7.89146 7.87575 8.45357 8.37731 7.67513 7.962 7.08631 6.25875 13.9816 7.88603 7.94083 8.5555 7.79103 7.83855 7.26309 8.2223 9.95707 8.53694
threshold=0.060737812911725968 0.98086897047011734 -0.28980412262473265 0.4267320825801259 -2.2749236555014396 -0.016098698597193258 1.2569258466949755 1.2675073238356072 0.51029855182996264 -0.087335234314167579 0.49659871795014116 0.25595575723199099 0.00057005423045747305 0.71170873479357177 0.7497525819723857 4.0256414653391372 0.59392169451405274 -0.44865704651027877 0.24974849094567406 0.08728455616867635 -0.065686217121009291 0.089769754055468345 3.9176731737376103 2.7345629742100246
decision_type=10 2 10 10 10 2 8 10 8 2 10 2 2 8 10 2 10 10 10 2 2 10 2 2
left_child=1 2 -1 7 -5 -4 10 -3 -9 -10 11 -6 -7 14 -12 -16 -17 18 19 -18 -15 -22 23 -23
right_child=-2 3 5 4 6 12 -8 8 9 -11 13 -13 -14 20 15 16 17 -19 -20 -21 21 22 -24 -25
leaf_value=-0.0028232150309708505 -0.0036252327135926563 -0.0066071789174004629 0 0.006413636624207038 -0.00054616143666794082 0.0096180261120254618 0.0056905072328466049 0.0037051043755972944 -0.0065587282482465524 0.0028564987249528684 0.0011527033217191972 0.0098581048011580318 0.0028355311060594373 0.0048279370730878067 0.0035727676642981726 -0.0034347252290334641 -0.0043189805679085293 0.0053068561187728088 0.0044381676453831521 0.0030865216893228588 -0.0026080489619414371 0.00085137664794807306 0.0079645338571780327 -0.0022669534475777495
leaf_weight=37.155299805104733 38.197768248617649 35.040797807276249 33.525794878602028 25.5871592015028 12.810135275125505 28.153533525764942 22.089594677090645 23.352320700883865 25.949553795158863 11.918779104948042 213.02595334500074 13.099772080779074 38.835558913648129 33.589046813547611 20.961540333926678 237.92646047472954 64.047776896506548 19.828340668231249 15.47617034614086 15.806946553289889 86.314531937241554 631.06325137615204 15.121469877660273 99.017600260674953
leaf_count=265 272 247 208 185 90 175 174 142 181 84 1339 79 250 241 159 1959 574 162 122 125 791 4399 116 792
internal_value=0.000114111 0.000201566 0.00216333 3.09475e-05 0.000229093 0.00404331 0.000111015 -0.00301606 -0.000743016 -0.00357799 1.61947e-05 0.00513323 0.00597576 -8.42521e-05 -0.000879449 -0.00203944 -0.00240131 -0.000226358 -0.00150778 -0.00278521 0.000455328 0.000261651 0.000604032 0.000419926
internal_weight=1797.9 1759.7 137.67 1622.03 1525.77 100.515 1500.18 96.2615 61.2207 37.8683 1478.09 25.9099 66.9891 1452.18 587.073 374.047 353.086 115.159 95.3309 79.8547 865.106 831.517 745.202 730.081
internal_count=13131 12859 898 11961 11307 633 11122 654 407 265 10948 169 425 10779 4440 3101 2942 983 821 699 6339 6098 5307 5191
is_linear=0
shrinkage=0.01


Tree=297
num_leaves=25
num_cat=0
split_feature=174 255 185 202 323 234 123 70 283 283 11 259 315 315 165 307 65 308 27 323 86 135 222 97
split_gain=5.45845 11.2502 8.87972 10.2019 11.6939 9.56698 9.843 10.4956 10.4152 9.52661 8.85418 8.64927 9.81406 14.6255 10.5287 11.7854 8.67433 13.5635 8.90411 8.47456 9.0791 7.66913 8.45045 9.42165
threshold=58.931805555555563 121.50000000000001 0.76957113682777412 0.15638586956521741 249.50000000000003 0.13240163615114922 0.89470576355673559 0.63670853674402395 -0.0041173454035337538 0.0047543821985712763 0.87900469079852228 -0.62969964221327401 -0.45893624556897178 -0.84524503399770878 179.69227430555557 -0.013356904918670273 1.858738737663751 0.0015720894019173916 0.78885046324964081 95.500000000000014 4.5000000000000009 0.15856798372309164 56.500000000000007 0.46510415615275535
decision_type=10 2 10 2 2 2 8 10 10 10 8 10 2 2 2 2 10 2 2 2 2 2 2 10
left_child=-1 2 3 4 -2 6 7 10 -9 -6 19 16 13 -13 -14 -16 17 18 -3 -4 -21 22 -8 -24
right_child=1 11 5 -5 9 -7 21 8 -10 -11 -12 12 14 -15 15 -17 -18 -19 -20 20 -22 -23 23 -25
leaf_value=-0.0012205194441934307 0.0019674409001795637 -0.00023181613960870492 0.004434958972585972 0.0045415979632169295 -0.0013800304035253611 -0.0064197561582257229 -0.0033934789407239012 0.011893147582099139 0.0012304364524486301 0.00319406050072995 0.0071464368089560549 0.0094752913898858947 0.0017215111997197746 -0.0013394265484336194 -0.00053018156535302471 0.0098168654658914601 -0.0038078635356405474 -0.0041999699881110041 0.0094538714258060735 -0.0037876637514227839 0.0041351918815111825 -0.0032136192756207155 0.0081524836796137753 0.00012407237732758712
leaf_weight=287.74798775464296 235.04175793379545 15.375755831599234 19.386281751096249 56.311852522194386 362.79066866263747 29.770342938601971 46.470461428165436 13.236902609467505 23.626749351620674 49.184275299310684 11.605771012604235 12.16803666949272 58.641248553991318 72.023903988301754 13.341277733445166 49.674768015742302 41.181226260960102 19.705615505576134 20.634395033121109 78.519912615418434 15.019943870604036 173.96805224195123 15.492599532008169 73.916742388159037
leaf_count=2046 1715 91 126 382 2650 220 410 77 151 328 79 81 410 514 91 330 280 126 120 535 97 1501 121 636
internal_value=3.39881e-05 0.000276025 -0.000157644 0.000565394 0.000199439 -0.00117212 -0.000802 0.00118312 0.00566155 -0.000813378 -0.00023133 0.00198992 0.00313734 0.000470215 0.00492215 0.00768254 -0.000457465 0.00206625 0.00557765 -0.00115503 -0.00242061 -0.00184061 -4.56426e-05 0.00173435
internal_weight=1794.84 1507.09 1204.34 703.329 647.017 501.014 471.243 161.396 36.8637 411.975 124.532 302.746 205.849 84.1919 121.657 63.016 96.897 55.7158 36.0102 112.926 93.5399 309.848 135.88 89.4093
internal_count=13117 11071 9028 5075 4693 3953 3733 1065 228 2978 837 2043 1426 595 831 421 617 337 211 758 632 2668 1167 757
is_linear=0
shrinkage=0.01


Tree=298
num_leaves=25
num_cat=0
split_feature=99 262 11 234 282 144 29 65 93 315 282 205 52 228 128 220 193 169 209 282 315 93 127 193
split_gain=7.98256 9.91832 10.7484 6.05635 6.04163 5.57554 5.56094 8.16687 10.2566 9.77621 9.50561 10.2866 8.48299 8.35632 12.4733 8.17462 8.98987 9.15431 13.342 10.4065 9.85138 7.7992 7.71709 8.76065
threshold=1.2991274216249038 1.0202925994437153 0.29709911280346774 0.1431009263773769 -0.031738124454865978 0.22864741641337388 0.28044576118838116 3.336125361416705 -0.31584364259943076 -0.19195373456853684 -0.012799106750485029 -0.21942632644889851 62.500000000000007 0.52437500000000015 0.76276055144501431 0.58225356732819433 0.5885620915032681 18.500000000000004 0.80708020050125329 -0.03278462719595357 -0.22571916893172853 -0.099149592331258904 -0.83677700918042353 0.63178947368421057
decision_type=10 10 10 2 10 10 2 8 10 2 8 2 2 2 8 2 10 2 2 10 2 8 8 10
left_child=1 3 -3 5 -4 6 7 9 -9 12 11 -11 -1 14 -13 16 -14 18 -18 -19 22 -12 -21 -24
right_child=-2 2 4 -5 -6 -7 -8 8 -10 10 21 13 15 -15 -16 -17 17 19 -20 20 -22 -23 23 -25
leaf_value=-0.0042764067786335794 -0.0048488401637276904 0.0074142876846824222 0.0038009088511105605 -0.0033300768851672459 -0.0054545366691325205 0.0049321084381159196 -0.00063360234247260782 -0.0043145793008955158 0.00057343305202930039 -0.0024086246052121346 -0.0033238460463118524 -0.00045957501767327673 -0.0023957408488173111 -0.0022854997787270419 0.010182462449295633 0.0083705023256579417 0.0095217472413499059 -0.00234893726656355 1.9984228988452026e-06 -0.0039753859687463736 0.0081263384437768316 0.0036893090098309368 0.0080811956673697474 0.001606011118347041
leaf_weight=19.7964026927948 29.969893760979176 34.675953306257725 10.594430632889273 50.440319627523422 12.070601947605608 20.653772220015526 717.2536912150681 68.896456159651279 104.75269892439246 35.388077951967716 117.60631437599659 16.868744611740116 45.269145958125591 13.26714191585779 26.802075557410713 16.801411412656307 34.501172952353954 55.196683868765831 24.656994096934795 19.488280862569809 23.720280036330223 15.734345592558382 20.311108246445656 264.43217635154724
leaf_count=162 301 253 86 349 104 112 5252 589 850 265 849 118 309 91 185 103 234 376 179 152 158 107 139 1819
internal_value=3.78837e-05 0.000128875 0.00411903 -1.07953e-05 -0.00114712 9.48832e-05 2.49588e-05 0.000537914 -0.00139842 0.00099126 -0.000739342 0.00169023 0.0017382 0.00424804 0.00627301 0.00199889 0.00173006 0.00216719 0.00575211 0.00157281 0.00225042 -0.00242918 0.00171806 0.00214666
internal_weight=1799.15 1769.18 57.341 1711.84 22.665 1661.4 1640.74 923.49 173.649 749.84 225.667 92.326 524.174 56.938 43.6708 504.377 487.576 442.307 59.1582 383.149 327.952 133.341 304.232 284.743
internal_count=13142 12841 443 12398 190 12049 11937 6685 1439 5246 1615 659 3631 394 303 3469 3366 3057 413 2644 2268 956 2110 1958
is_linear=0
shrinkage=0.01


Tree=299
num_leaves=25
num_cat=0
split_feature=317 317 323 126 228 323 174 314 84 149 160 165 192 21 139 139 102 42 307 190 296 42 169 186
split_gain=6.87944 9.61959 7.63048 7.75506 8.55873 8.54076 9.4165 6.97178 7.17289 12.925 12.0814 7.67396 7.61098 6.97847 10.1174 8.40713 8.35287 7.96308 10.371 9.8322 9.79055 9.18812 8.93096 11.4554
threshold=0.02902604245069999 0.015153460695270907 590.50000000000011 0.76311618645867674 0.28039855609949071 441.50000000000006 89.281944444444463 0.086798536075287577 15.404150418197963 0.092335018445142789 0.21063505872118313 179.51780092592597 0.93866729480308486 0.54564108450313331 0.15889661667753388 0.039069438277087039 0.90464537322308003 92.500000000000014 -0.0039649471182876149 104.50000000000001 1.1800517399837298 47.500000000000007 67.500000000000014 0.062696540880503152
decision_type=2 2 2 8 2 2 10 2 2 8 10 2 10 10 2 2 10 2 2 2 2 2 2 8
left_child=1 7 3 5 -5 6 -3 8 10 11 -1 -10 -13 15 16 -11 -15 21 20 22 -19 -17 23 -20
right_child=-2 2 -4 4 -6 -7 -8 -9 9 13 -12 12 -14 14 -16 17 -18 18 19 -21 -22 -23 -24 -25
leaf_value=-0.0010190863852206006 -0.0037131389455845364 -0.00093812321618752623 -0.0030752277957879206 0.0042385989978477607 -0.0050575495084370023 0.011293380886602662 0.0071647562122171393 0.0037275380811257492 0.010032570202836695 -0.0033153928646344429 0.0054479032377402472 0.0063168613595101031 -0.0028168505737911622 -0.0074032776930405154 0.0019066061964519744 0.0053406569319417027 -0.00080744359585859589 0.0014462031301999379 0.0068044603889431433 -0.0029815134302730783 -0.0040901178639742982 -0.002491567744659853 0.0099694932034075749 -4.1071352884491092e-05
leaf_weight=904.70019273459911 46.782803103327751 26.500714667141438 16.906839072704315 18.093110643327236 15.946256905794142 17.140311934053898 26.550950214266777 42.417409859597683 18.230910554528236 45.074837476015091 27.00312515348196 15.784436419606211 15.326618537306784 36.461841635406017 40.518680475652218 15.023613579571245 39.823701612651348 161.91153319180012 44.894865043461323 15.933839090168474 36.766196705400944 91.085897400975227 25.396327383816242 49.437753655016422
leaf_count=6843 345 182 118 146 122 112 182 292 108 288 212 82 82 333 319 101 358 1076 296 119 270 637 169 337
internal_value=-4.1202e-05 6.24231e-05 0.00274792 0.00375842 -0.000143042 0.00559624 0.0032571 -0.000141497 -0.000252272 0.00055018 -0.000814587 0.0053251 0.00192824 0.000134198 -0.00202889 0.000665421 -0.00412538 0.00109372 0.00184902 0.00395071 0.000373458 -0.00126304 0.00492922 0.00331013
internal_weight=1793.71 1746.93 121.138 104.231 34.0394 70.192 53.0517 1625.79 1583.37 651.671 931.703 49.342 31.1111 602.329 116.804 485.525 76.2855 440.45 334.341 135.663 198.678 106.11 119.729 94.3326
internal_count=13129 12784 862 744 268 476 364 11922 11630 4575 7055 272 164 4303 1010 3293 691 3005 2267 921 1346 738 802 633
is_linear=0
shrinkage=0.01


Tree=300
num_leaves=25
num_cat=0
split_feature=317 102 109 307 294 137 193 185 300 195 109 275 176 23 157 270 182 226 226 127 126 115 21 115
split_gain=5.90711 6.42592 8.83731 7.66927 9.66135 10.7274 8.8359 21.5387 17.1126 10.4061 11.8701 10.0962 9.9781 12.235 11.5289 10.9475 11.1506 10.6931 9.96104 9.79029 9.02315 8.06893 10.5612 9.69681
threshold=0.02902604245069999 1.228056852784827 2.3175888047283166 -0.0042911020800931723 -0.11421207765498652 0.049467787114845944 0.76376262626262637 0.72427368992669028 0.24070766244357261 0.0097324177125266403 0.67134528837709306 0.036324703197157492 12.621691639826357 0.58636785609267628 0.24982269503546103 0.054133196238459406 48.500000000000007 0.091081921880400984 0.14568232778849666 0.12740196280659563 0.82155971732470767 -0.66912441969164438 0.0078377853436528543 -0.76334288571324904
decision_type=2 10 10 2 2 2 8 10 2 10 10 2 2 10 10 2 2 2 2 10 10 8 10 10
left_child=1 2 3 4 -1 -6 7 8 -5 10 -9 19 13 15 17 -10 -17 -14 -13 -8 -12 23 -23 -7
right_child=-2 -3 -4 6 5 21 11 9 12 -11 20 18 14 -15 -16 16 -18 -19 -20 -21 -22 22 -24 -25
leaf_value=0.0026729483144523059 -0.003332698027250934 -0.0036471688394435755 0.004407470224630906 -0.0022301811290534072 0.0069344517611762916 -0.0014126382264548311 0.005194570942799715 -0.0023487491166585177 0.0012413318121115473 0.011136565551672592 0.007573612712657443 -0.00044181271182635576 0.00534675147685784 -0.0025591972767216717 -0.0030641176682661094 0.011962021609359368 0.0016820609595350562 -0.0040679022132196043 -0.0065091628666102252 -0.0017532411667834668 -0.0014410784573441651 0.0048722314943877533 -0.00075722646084113376 -0.005886046405889577
leaf_weight=75.543181881308556 46.850365564227104 40.306972805410624 47.04521706700325 138.14712496101856 13.608239084482191 382.29642737656832 56.318109069019556 22.434021554887295 31.044508956372738 23.497270040214062 51.59000526368618 373.12821873649955 46.919453956186771 18.195984229445457 54.0358607172966 34.021473258733749 16.5926743298769 13.494218386709688 26.443239651620388 28.832605384290218 12.701808452606199 39.514547511935234 153.25625537335873 53.592545904219151
leaf_count=523 344 401 305 953 79 2802 403 159 223 153 353 2840 330 136 370 217 109 100 196 215 103 249 1175 415
internal_value=6.65667e-05 0.000163259 0.000259438 0.000134337 -0.000643134 -0.00104479 0.000724626 0.00170893 0.000483402 0.00550819 0.00366715 -0.000217321 0.00224361 0.0045072 0.000198735 0.00612686 0.00887933 0.00313965 -0.000888965 0.00284986 0.00579196 -0.00124952 0.000445539 -0.00199949
internal_weight=1799.41 1752.56 1712.25 1665.21 717.811 642.268 947.397 462.674 352.451 110.223 86.7258 484.722 214.304 99.8546 114.45 81.6587 50.6141 60.4137 399.571 85.1507 64.2918 628.66 192.771 435.889
internal_count=13153 12809 12408 12103 5243 4720 6860 3206 2438 768 615 3654 1485 685 800 549 326 430 3036 618 456 4641 1424 3217
is_linear=0
shrinkage=0.01


Tree=301
num_leaves=25
num_cat=0
split_feature=189 65 161 76 11 64 317 60 321 177 65 147 22 73 22 94 146 185 65 103 22 137 144 123
split_gain=5.93695 5.66758 7.88498 12.1685 9.44337 9.7647 10.9985 9.22838 11.5786 10.7868 9.6302 8.92202 9.61782 8.7526 8.47164 10.2514 8.11121 8.4537 7.89901 11.1173 7.63219 7.46615 7.44492 7.40932
threshold=0.29383244763437261 0.86679602364484187 0.0030349083540572907 0.65435495390415099 0.56191740169546167 0.93218249112503504 -0.0028922647080966675 -358.53416000066682 5.5000000000000009 7.0636749081108485 1.8822248275618219 0.1461861667744021 0.9837764519198372 136.22104372531192 0.26172892137690912 0.42074875097012504 0.27205442176870759 0.79425508521165489 1.6652402419624079 0.26376956383798972 -0.75157397458698705 0.11913020330484604 0.0024184115101181431 2.2333534923665437
decision_type=10 8 10 8 8 10 2 2 2 10 10 10 10 2 10 10 8 8 10 10 8 2 10 8
left_child=1 20 7 14 11 -6 23 9 16 -3 18 -5 22 -8 15 -4 17 -9 19 -11 -1 -22 -13 -7
right_child=-2 2 3 4 5 6 13 8 -10 10 -12 12 -14 -15 -16 -17 -18 -19 -20 -21 21 -23 -24 -25
leaf_value=-0.00070992836507618204 0.0047047167525600423 -0.0067822825257754264 0.0022385598475067386 -0.00089325521119485265 -0.0046247088166732411 0.0098012198682968319 0.0037747319055099517 0.0011784310212426348 -0.004558547869590107 -0.00031512787803948108 -0.0031036109885497231 -0.0034045473847377269 0.0064346718378086492 -0.0059404610746143158 -0.00036861599361993631 0.012047964711843731 0.0046936416006885685 -0.0052352195816338723 0.0093708288167894845 0.0091135514251805012 0.0079270098173062804 -0.00014013531881409096 0.00097691408105546004 -0.0012473031862705421
leaf_weight=40.047945886850357 24.615029975771904 13.72232825309038 25.8745057284832 392.42788703367114 80.290923468768597 13.561844445765017 11.700465053319929 44.788955375552177 128.96188797801733 53.88732435554266 26.796366661787033 38.324819549918175 28.095318853855133 23.91441198438406 25.006857000291348 17.957955658435822 24.001101687550545 33.626141399145126 15.636702761054037 13.304754436016081 29.53143634647131 17.243124537169933 667.22495076805353 8.4802689440548438
leaf_count=261 189 94 160 3273 696 123 115 326 977 323 194 283 161 254 149 97 147 275 97 86 171 121 4478 91
internal_value=8.99799e-05 1.79777e-05 -0.000111432 0.000241186 1.30622e-05 -0.00242822 0.000687359 -0.00143059 -0.00259849 0.00076136 0.00186206 0.000318379 0.000968802 -0.00267942 0.00424936 0.00676771 -6.43882e-05 -0.00164631 0.00352997 0.00183134 0.00246846 0.00509498 0.000724794 0.00585276
internal_weight=1799.02 1774.41 1687.59 1332.86 1264.02 137.948 57.657 354.726 231.378 123.347 109.625 1126.07 733.645 35.6149 68.8393 43.8325 102.416 78.4151 82.8288 67.1921 86.8225 46.7746 705.55 22.0421
internal_count=13141 12952 12399 9880 9474 1279 583 2519 1725 794 700 8195 4922 369 406 257 748 601 506 409 553 292 4761 214
is_linear=0
shrinkage=0.01


Tree=302
num_leaves=25
num_cat=0
split_feature=121 200 317 276 307 271 148 315 38 114 113 83 71 120 136 315 76 114 17 303 64 323 32 108
split_gain=6.06689 8.02415 5.59377 7.40509 5.62238 6.95308 11.8805 10.6142 9.51509 9.16229 8.34962 10.9882 5.82754 9.10246 11.6624 7.80755 7.44649 8.15879 7.83353 9.74593 7.66931 7.83242 11.698 9.25273
threshold=-2.2749236555014396 0.32996119418792852 0.02902604245069999 7.5646925177828281 -0.020828566852871638 0.14746059681151077 0.12197778840533505 -0.27049249470637521 0.52503298153034306 0.91671617358690771 -0.20673894703297593 2.7873675264760123 0.57217672700860522 0.51606109358650698 0.32339757506930766 -0.11648283290408694 0.68003819572316204 0.69788140040703606 1.9791742418524498 -0.0040948941639757002 0.80193311237226739 387.50000000000006 0.0015372799243766988 1.1613323336363639
decision_type=8 2 2 2 2 2 10 2 2 10 10 10 8 8 2 2 8 8 2 2 8 2 2 10
left_child=1 -1 4 -4 5 6 -2 8 -8 -10 -7 -12 -6 15 16 -14 -15 18 19 -18 -19 23 -23 -22
right_child=2 -3 3 -5 12 10 7 -9 9 -11 11 -13 13 14 -16 -17 17 20 -20 -21 21 22 -24 -25
leaf_value=-0.00086010224506810281 0.0037887236370455031 0.0071774499035405209 -0.0065444081920825251 0.0014024480845059304 -0.0019915181321018402 -0.004560380125383106 -0.0034052904565992164 -0.0059833670223497504 -0.0013125618462221547 0.0094923040742346185 0.00553794128351001 -0.0032638618781984981 0.0072596525215473341 0.0030655345683160283 -0.0041350125722159781 -0.0013027351623905062 -0.0046883506839441765 0.0039211724882397929 -0.0016854868335744932 0.0030397166077752464 -0.0011449031028991743 0.0024411339856287937 -0.0041412611862212305 0.0025055724219739429
leaf_weight=21.384352929890156 24.08748634904623 24.513526655733585 26.182681031525135 17.950597360730171 97.353854544460773 16.898867070674896 44.577166736125946 76.325379699468613 15.385084651410581 11.762983523309229 43.078864313662052 18.145438075065613 32.333028346300125 104.46823994070292 52.753889985382557 13.911508187651632 17.562957264482975 73.380871057510376 291.46493380889297 80.181101411581039 312.58466470614076 268.48911108076572 27.297744773328304 86.147527985274792
leaf_count=143 202 166 203 123 645 106 345 611 127 81 253 121 200 608 394 96 129 443 2374 559 2421 1874 295 630
internal_value=9.99406e-05 0.00358005 2.56575e-06 -0.00340127 9.65991e-05 -0.00127875 -0.00239131 -0.00345588 -0.000627269 0.00379104 0.0011581 0.00288447 0.000335404 0.000506447 0.000346936 0.00473696 0.000544019 0.000308547 -0.000865565 0.00154789 0.000905951 0.000571249 0.00179666 -0.000341545
internal_weight=1798.22 45.8979 1752.32 44.1333 1708.19 250.261 172.138 148.051 71.7252 27.1481 78.1232 61.2243 1457.93 1360.58 1314.33 46.2445 1261.58 1157.11 389.209 97.7441 767.9 694.519 295.787 398.732
internal_count=13149 309 12840 326 12514 1846 1366 1164 553 208 480 374 10668 10023 9727 296 9333 8725 3062 688 5663 5220 2169 3051
is_linear=0
shrinkage=0.01


Tree=303
num_leaves=25
num_cat=0
split_feature=73 174 29 40 323 15 40 33 79 94 11 302 301 310 79 210 212 73 27 301 114 109 256 138
split_gain=6.98072 9.89368 9.66817 9.53273 7.76382 8.05286 8.80897 8.17755 9.38698 7.35168 10.4425 10.0678 9.50195 8.95909 7.15924 11.5459 12.4982 10.6638 9.27177 9.26451 9.33923 8.68256 10.5587 11.9633
threshold=315.53479370826329 58.931805555555563 0.24629810995307774 0.0081348080922669704 606.50000000000011 -0.45853203741181231 0.0095313801196154155 0.028022307290940185 203.86442201031443 0.45438319374378938 0.44347104739143778 0.0047638552699006834 0.73313083780253796 -0.33610901693070722 301.71439693501873 1.0000000180025095e-35 0.53950419118958448 217.00342411631448 0.70456549623216302 0.82441728854125806 0.47499818936807098 1.6941320483692801 59.500000000000007 0.17059357318244905
decision_type=2 10 2 2 2 2 2 2 2 10 10 2 2 2 2 2 2 2 2 2 8 8 2 2
left_child=3 -2 -3 14 5 6 7 -5 -9 13 11 -11 -12 -4 19 16 17 -16 -19 20 -1 22 23 -21
right_child=1 2 9 4 -6 -7 -8 8 -10 10 12 -13 -14 -15 15 -17 -18 18 -20 21 -22 -23 -24 -25
leaf_value=-0.0046669466778306388 -0.00083954331237530227 -0.0025145070550070554 0.00066716314970303807 -0.000728803192529461 0.0063849751032565997 0.0079403547898416332 -0.0013108158885116678 0.0099812437513006492 -1.6903895312574777e-05 0.001574683102805287 -0.0048687636173030671 0.0066367193551610474 0.0024719047288155548 0.011624853179243071 -0.0040788929963713706 -0.0029740749142154188 0.0061798020486870629 -0.0033232945397664803 0.0067445986633316093 -0.0033229260339521266 -0.0004546788445202315 0.0060844143005120005 0.0025791460872493354 0.0059205522491187533
leaf_weight=58.508311942219734 180.54702185839415 37.462308004498482 13.104741707444193 30.127974346280098 25.143079735338688 11.655150182545183 128.92371125519276 21.267181187868118 15.037055142223833 115.87717214226723 32.708394519984722 59.306786179542542 32.285338580608368 16.435281351208687 48.838367279618979 273.72820444777608 28.753555469214916 12.477318607270716 20.99444156140089 81.606935244053602 382.65648701786995 30.988551080226898 118.90672252327204 14.038456685841082
leaf_count=411 1295 282 84 222 165 87 910 125 105 758 288 369 280 101 442 2200 243 100 167 620 2740 212 782 110
internal_value=-1.04447e-05 0.00100612 0.00209193 -0.000392898 0.00143126 0.000746504 0.000204568 0.00309319 0.00611351 0.00275498 0.00211571 0.00337261 -0.00125661 0.00727988 -0.000791807 -0.00187867 0.00081905 -0.00118544 0.00299736 -0.000176094 -0.00104188 0.00136952 0.000613285 -0.00182432
internal_weight=1791.38 487.727 307.18 1303.65 232.154 207.011 195.356 66.4322 36.3042 269.718 240.178 175.184 64.9937 29.54 1071.5 384.792 111.064 82.3101 33.4718 686.705 441.165 245.541 214.552 95.6454
internal_count=13098 3457 2162 9641 1614 1449 1362 452 230 1880 1695 1127 568 185 8027 3152 952 709 267 4875 3151 1724 1512 730
is_linear=0
shrinkage=0.01


Tree=304
num_leaves=25
num_cat=0
split_feature=157 35 10 239 216 108 151 93 114 302 243 299 201 77 299 295 263 309 315 274 224 279 317 121
split_gain=6.05872 12.4696 7.27807 8.26822 7.83892 7.05495 12.8284 11.5519 10.1875 9.29034 8.90247 8.75231 8.57927 9.43572 8.57687 8.21969 7.59237 7.68821 7.20114 8.09139 8.1315 8.10904 9.43854 8.07525
threshold=0.055867665418227221 0.0019138773506809377 2.1217621823095576 1.3730132164743296 3.0844493116224392 1.1508305125076885 0.083200212992545278 -0.08924937722685243 0.75928835639781378 -0.0073705774033159662 1.0000000180025095e-35 0.0085753032497703514 0.78859696641386789 3.8718521655731295 -0.042841764180223722 0.21698113207419237 0.73685797501091355 0.0011598131535655034 -0.096559334601391475 4.0866117361453282 0.36005800978868879 0.11598968321138171 -0.001555213714904897 -2.2749236555014396
decision_type=8 2 2 10 2 10 10 10 10 2 2 2 2 10 2 2 8 2 2 2 2 8 2 8
left_child=1 -1 3 5 -5 6 7 18 -9 12 15 14 13 -7 -11 16 -8 -18 19 -2 -21 23 -23 -22
right_child=2 -3 -4 4 -6 9 10 8 -10 11 -12 -13 -14 -15 -16 -17 17 -19 -20 20 21 22 -24 -25
leaf_value=-0.00087291930072783282 0.0024945533147953196 0.0095828511805383862 -0.0027265274102855237 0.0088431517747013227 -0.0011372708347439275 -0.0035034160831121895 -0.002978991402638151 0.00055993012731945775 0.011478963770618907 0.0014795850624297129 0.0061394562939801446 0.0004421857390816765 0.0044581662115684107 0.0051115064517640897 0.011998340538843575 -0.0066983084611693371 0.0057372708953647234 -0.0021845170882884659 -0.0019994405422565911 -0.0052846922808001007 0.0046358684566887654 0.0069025578451670745 -0.0005592408694793683 -0.00033066763391145483
leaf_weight=25.232726193964481 145.1988647505641 17.136320948600769 92.376002356410027 17.800299398601059 11.510747194290159 58.004028372466564 132.3632837459445 18.425420977175236 13.970347493886946 13.498674906790255 9.0249715298414213 25.164113335311413 29.023554846644402 13.337725371122358 19.847063601016998 41.275765113532543 21.006526544690132 22.668818168342113 149.46793780475855 25.642058752477169 31.285632610321045 33.87418294698 30.327732115983963 796.75527917966247
leaf_count=193 913 117 834 127 97 376 1234 119 86 89 78 178 201 98 130 384 173 197 1094 171 211 235 217 5571
internal_value=5.52924e-05 0.00366999 -3.73537e-05 0.000116137 0.0051381 1.64407e-05 -0.000200478 0.000198588 0.00584308 0.00199973 -0.00237515 0.00506585 0.000112263 -0.00174514 0.00821855 -0.002808 -0.00179831 0.00172158 3.36498e-05 0.000325013 -2.37225e-05 0.000142634 0.00348832 -0.000126596
internal_weight=1794.22 42.369 1751.85 1659.47 29.311 1630.16 1471.29 1244.95 32.3958 158.875 226.339 58.5099 100.365 71.3418 33.3457 217.314 176.039 43.6753 1212.55 1063.08 917.885 892.243 64.2019 828.041
internal_count=13123 310 12813 11979 224 11755 10683 8617 205 1072 2066 397 675 474 219 1988 1604 370 8412 7318 6405 6234 452 5782
is_linear=0
shrinkage=0.01


Tree=305
num_leaves=25
num_cat=0
split_feature=83 239 9 96 165 176 189 225 319 176 67 184 25 277 209 37 109 247 108 111 184 109 123 29
split_gain=5.64561 8.09455 7.7445 11.0426 14.8725 7.68392 11.3745 12.4602 9.00658 8.35766 7.92964 8.96548 7.6703 7.03019 6.66567 8.56683 12.7137 11.8174 10.5664 10.324 9.6232 10.0741 13.3462 8.45221
threshold=3.5013525619451138 0.97061204948047552 1.2344835232567635 -0.045498286392428436 179.56274305555559 11.721009879432374 -0.43377525795757982 0.85731835731835748 -0.06807980677300858 11.886203203349401 58.731457936185656 1.0309727292810236 -0.8471980735619381 -0.032439694269109989 0.7755756148613292 0.57379100069730249 1.5322344754976167 0.55677339941049475 0.24453203894057432 0.87617171862960419 1.6579341195178445 1.0946586135553009 1.0413950493814235 0.24732329137721534
decision_type=10 10 2 8 2 2 8 2 2 2 2 10 2 8 2 2 10 2 10 8 8 10 10 2
left_child=2 -2 3 5 -5 6 8 -8 10 12 -1 -12 -7 -3 15 17 19 18 -11 -17 23 -22 -23 -19
right_child=1 13 -4 4 -6 9 7 -9 -10 14 11 -13 -14 -15 -16 16 -18 20 -20 -21 21 22 -24 -25
leaf_value=0.0041194638561636654 0.0099185142190476427 0.0052290318001237592 -0.0021754221848692434 0.0064194537142318788 -0.0020751598844926103 0.0018248627741111513 0.0059754520627766788 -0.0034039226183934308 0.0046415797724564719 -0.00049968159815257909 -0.0050689862117261663 0.0035943731291121568 -0.004221233909154961 -0.0049932724369906849 -0.00090832066354541274 0.0072833891602341553 0.008296642745867085 0.0015664501737464446 0.010367727379067878 0.00048258218537834284 -0.004874978295434121 0.010474879970230172 0.00092498061066419754 -0.0030280130525099308
leaf_weight=14.78969970345497 11.141496516764162 10.547127984464167 151.40625275298953 57.783460848033428 29.292762845754623 25.183185964822769 75.643859729170799 15.182953119277952 24.17107630521059 16.167458735406399 56.590584609657526 12.632778100669382 88.593873001635075 10.678277403116228 525.17496417090297 22.259159661829472 25.948741301894188 48.619412869215012 16.097786657512188 211.07409813255072 22.073637887835503 13.72582847625017 135.77867060154676 185.36394369602203
leaf_count=106 80 82 1289 400 210 166 521 123 161 104 409 88 663 88 3992 147 177 332 90 1462 185 70 992 1271
internal_value=4.4496e-05 0.00401 -3.36008e-05 0.000169142 0.00357532 -2.96616e-05 0.00178846 0.0043411 -0.000401755 -0.000304452 -0.00196873 -0.00339461 -0.00286249 6.19552e-05 -5.94262e-05 0.000579746 0.00201019 -0.000272571 0.00529367 0.00121543 -0.000751616 0.00103369 0.00198733 -0.00206173
internal_weight=1805.92 32.3669 1773.55 1622.15 87.0762 1535.07 199.011 90.8268 108.184 1336.06 84.0131 69.2234 113.777 21.2254 1222.28 697.109 259.282 437.827 32.2652 233.333 405.561 171.578 149.504 233.983
internal_count=13208 250 12958 11669 610 11059 1408 644 764 9651 603 497 829 170 8822 4830 1786 3044 194 1609 2850 1247 1062 1603
is_linear=0
shrinkage=0.01


Tree=306
num_leaves=25
num_cat=0
split_feature=174 73 180 270 11 62 320 320 122 84 247 84 29 273 184 105 263 57 11 183 297 82 311 92
split_gain=5.50261 11.4376 8.91313 8.45559 9.48016 12.9337 8.48723 6.99867 6.73823 9.21372 10.1612 8.78176 8.95668 11.7085 8.14213 8.09791 9.07639 8.35478 9.81834 10.4542 9.80339 10.4691 8.85197 8.1557
threshold=58.931805555555563 331.94907686362473 2.7924453595185308 0.10640931114388036 0.49856884427982234 218.50000000000003 -0.032649933062320648 -0.063356634774443102 0.2472210926949053 15.404150418197963 1.1106857077432817 11.73614760266517 0.27626688839989161 3.9468945938775799 1.1909336655216796 0.61450920700043143 0.74587800597927589 0.1791810015141683 0.086986888332578463 -0.16527546223075876 0.0073631872381588201 0.64470753453810425 -0.27806095018313365 52.500000000000007
decision_type=8 2 2 2 10 2 2 2 10 2 2 2 2 10 8 10 8 10 10 8 2 8 2 2
left_child=-1 8 -3 4 6 7 -4 -6 9 11 -11 12 13 -2 -12 16 -10 18 -17 22 21 -21 -20 -19
right_child=1 2 3 -5 5 -7 -8 -9 15 10 14 -13 -14 -15 -16 17 -18 23 19 20 -22 -23 -24 -25
leaf_value=-0.001251406739325063 0.0030522856553822039 0.0092692926998083312 0.0038518980181833028 -0.0044375021140961712 -0.0062513373455710067 0.007509535308030009 -0.0039259162435381478 0.0023353506701450336 -0.0038125927583083723 0.0066176520898208573 -0.0035943814959935724 -0.0035834714238142536 -0.00095672123912461464 -0.0011999362741690063 0.0026998605066780651 0.0089140621608417691 0.0036002516262138829 0.00077970895974784115 0.0012405754653928239 0.011058176367748774 -0.0029290608912535899 3.9431796635158958e-05 -0.0053349754356284531 -0.0029398122572426352
leaf_weight=268.98326931893826 186.09632858633995 13.904070019721983 170.69382403045893 18.223935253918171 31.110839121043679 9.8034859672188741 12.875819601118563 11.243439652025701 131.54765206947923 44.081677757203579 26.271551996469498 59.613158077001572 259.8509825207293 96.193745583295822 67.158789724111557 13.986165121197699 16.421727873384953 101.86795076727867 48.298553362488747 20.451343454420567 11.757617570459841 14.017254859209059 31.483286745846272 132.93606212362647
leaf_count=1904 1257 98 1128 120 281 71 90 92 1284 252 159 389 1775 661 395 92 156 828 384 152 87 113 258 1132
internal_value=5.92546e-05 0.000292245 0.00215767 0.00166614 0.00218946 -0.00149786 0.00324942 -0.00394603 -0.000106832 0.000506091 0.00281337 -3.02338e-05 0.000375262 0.00160223 0.000865664 -0.000973564 -0.0029309 -0.000181906 0.00172787 0.00074348 0.00439139 0.00694844 -0.00143622 -0.00133184
internal_weight=1798.87 1529.89 267.855 253.951 235.727 52.1578 183.57 42.3543 1262.03 739.266 137.512 601.754 542.141 282.29 93.4303 522.768 147.969 374.798 139.994 126.008 46.2262 34.4686 79.7818 234.804
internal_count=13158 11254 1880 1782 1662 444 1218 373 9374 4888 806 4082 3693 1918 554 4486 1440 3046 1086 994 352 265 642 1960
is_linear=0
shrinkage=0.01


Tree=307
num_leaves=25
num_cat=0
split_feature=241 201 5 5 129 6 143 235 196 176 302 176 101 108 153 117 115 93 205 109 246 72 21 71
split_gain=5.53458 14.3031 10.1727 9.81869 11.6387 9.1944 15.5552 11.6239 10.0822 8.17112 7.32212 7.14079 8.76937 9.2613 13.9541 9.7708 9.44576 7.26418 6.6834 6.46828 7.55477 9.2304 11.7926 12.5164
threshold=0.84523809523809534 0.8097619047619049 -2.8983711643309662 -2.0088940873055212 1.737639130744933 -0.412099179710328 0.03510584312019719 0.0054274184046188296 0.34391801075268824 12.579937106918241 0.018238919576394227 12.713090103741697 -2.0234719017854013 1.0703481779642676 0.04766844497134954 1.2857217349749457 -0.71636951683797923 -0.070294214272408367 -0.43794378160451786 2.4357253669081698 0.96100700785286086 -52.099171339239504 -0.019378887369149261 1.5050510566353907
decision_type=2 2 2 2 10 2 8 2 10 2 2 2 10 8 10 10 10 10 2 10 8 2 8 10
left_child=11 10 -3 4 5 6 7 -4 -8 -5 -2 19 -13 15 16 -14 -15 -17 -6 20 21 -1 -23 -24
right_child=1 2 3 9 18 -7 8 -9 -10 -11 -12 12 13 14 -16 17 -18 -19 -20 -21 -22 22 23 -25
leaf_value=0.00037290256303599173 -0.0043553042042301909 -0.0039401201351879859 0.011635193351691967 -0.0044564489788004816 0.010746814727734989 -0.001362143812081015 -0.0023318275516366438 0.0011616029976495008 0.0063208660836846292 0.0017384657327666237 0.0014033729047611629 0.0047305906330666336 -0.0011054686651268985 -0.00058978677184205123 -0.0067701958159394398 -0.0083070645418061931 0.0068260583216145001 -1.3542498465162418e-05 0.0019899442387437071 0.0058049549477546441 -0.0010875971743062353 0.0063332343502460206 -0.0041558742272539192 0.0025888561300214763
leaf_weight=468.64861039072275 124.29175563901663 46.961811516433954 23.869645528495312 49.938172079622746 18.602611623704433 91.251992024481297 51.596017569303513 19.099621884524822 15.045740224421023 33.362051129341125 24.995486497879028 24.218903705477715 210.92854273319244 29.016427837312222 12.974281407892702 34.737204968929291 37.051532030105591 15.042738050222395 17.908966794610023 23.369663216173649 176.62730025500059 64.907193258404732 30.709045793861151 151.95697981119156
leaf_count=3190 904 507 153 409 131 718 308 125 83 280 174 155 1559 210 125 269 243 121 141 165 1414 395 261 1103
internal_value=7.31785e-05 -0.000796803 0.000265778 0.000914027 0.00194813 0.000953419 0.00287584 0.00736248 -0.000185227 -0.00198812 -0.00337627 0.00042624 -0.000753206 -0.00118304 0.00176382 -0.0020897 0.00366437 -0.0059561 0.0069309 0.000896756 0.000749158 0.00120603 0.00275697 0.00140324
internal_weight=1797.11 516.924 367.637 320.675 237.375 200.863 109.611 42.9693 66.6418 83.3002 149.287 1280.19 363.97 339.751 79.0422 260.708 66.068 49.7799 36.5116 916.219 892.849 716.222 247.573 182.666
internal_count=13143 3933 2855 2348 1659 1387 669 278 391 689 1078 9210 2682 2527 578 1949 453 390 272 6528 6363 4949 1759 1364
is_linear=0
shrinkage=0.01


Tree=308
num_leaves=25
num_cat=0
split_feature=299 195 195 109 109 30 30 71 310 156 252 309 82 126 149 286 29 106 149 83 255 82 221 221
split_gain=6.96408 8.12824 13.4382 8.05215 8.25129 8.24297 10.1969 7.98282 7.29646 7.15254 12.6975 7.47869 7.60326 8.48357 10.6996 7.29767 13.7785 10.1948 7.54594 7.27402 6.78938 6.74825 6.7114 6.742
threshold=-0.04770368072787428 0.011142147734326507 0.027973395931142415 2.1734121837302172 1.7843739337936133 0.051818783068783077 0.035361655136574757 2.1785091137497643 -0.29235084589124333 1.0000000180025095e-35 36.500000000000007 -0.018405039587807977 1.0140346205866766 0.5063463267934033 0.22474898418348502 0.78301483869674005 0.28372416469903294 0.71898117600600087 0.22235513024986711 1.3782477009697323 110.50000000000001 0.46453550484994011 -0.46550719720062889 -0.15128977235517974
decision_type=2 10 10 10 8 2 2 10 2 8 2 2 8 8 10 2 2 10 8 10 2 8 2 2
left_child=1 3 -3 4 5 6 7 -1 -7 10 -2 12 13 -11 19 16 21 -18 -17 -15 -6 -13 -23 -24
right_child=9 2 -4 -5 20 8 -8 -9 -10 11 -12 15 -14 14 -16 18 17 -19 -20 -21 -22 22 23 -25
leaf_value=0.00012419461345943714 -0.00016723856851062012 0.0088822818903804557 -0.00060588556378055145 0.0061066480993558457 -0.0052996377393962979 0.010002903823816247 -0.0065877795987995657 0.0055551570841450293 0.00024871518302345961 0.00045166550378983913 0.010508323199692526 -0.00079076174705360546 0.00506040272905014 -0.0094009263404319886 0.0037762912010111927 -5.1722076114020174e-05 -0.0038359039245942899 0.0056372146839888376 -0.0029627461246527187 -0.0034088965801265768 0.0030750524369936626 0.0022694187454721302 0.013892175020168039 0.0031151170906086583
leaf_weight=203.58150042593479 31.920235313475132 30.323397591710091 26.184818394482136 22.15023909509182 38.865192510187626 14.717731252312662 17.130694150924683 28.476690046489239 14.266869597136973 65.490546427667141 14.057888299226759 13.103327974677084 11.443529654294251 25.144059382379055 14.321301989257334 907.09128636494279 40.59487522393465 12.596910141408442 96.012884818017483 106.00513009727001 10.385130055248736 21.180356413125988 15.972100928425787 11.791494287550455
leaf_count=1386 249 198 174 152 301 130 148 178 130 433 93 93 98 195 113 6673 309 89 776 784 69 147 107 90
internal_value=7.57949e-05 0.00122321 0.00465005 0.000633388 0.000210727 0.000889461 0.000269979 0.000854064 0.00568414 -0.000261296 0.00349763 -0.000398074 -0.00206064 -0.00251375 -0.00383866 -6.21556e-05 0.00228874 -0.0014024 -0.000338936 -0.00474017 -0.00344293 0.00539151 0.00701874 0.010062
internal_weight=1792.81 406.082 56.5082 349.574 327.424 278.173 249.189 232.058 28.9846 1386.73 45.9781 1340.75 222.405 210.961 145.47 1118.34 115.239 53.1918 1003.1 131.149 49.2503 62.0473 48.944 27.7636
internal_count=13115 2866 372 2494 2342 1972 1712 1564 260 10249 342 9907 1623 1525 1092 8284 835 398 7449 979 370 437 344 197
is_linear=0
shrinkage=0.01


Tree=309
num_leaves=25
num_cat=0
split_feature=73 174 313 79 288 303 270 60 93 239 23 60 188 263 23 285 82 95 133 262 259 313 259 136
split_gain=6.60942 8.84844 7.82012 9.91148 7.60919 8.84584 8.17621 7.38396 13.1018 8.40512 8.28539 8.12121 7.47937 6.80523 8.71795 9.19639 7.69769 6.4396 6.36876 6.3421 6.37265 6.29511 9.18234 6.15943
threshold=315.53479370826329 76.264305555555566 -0.044236915918331836 938.4764753028868 0.0094843134816233309 0.0039365032549765304 0.10640931114388036 38.991747311576162 -0.15846420266700698 1.3730132164743296 0.70215441315904259 21.230394058163593 0.76533166458072599 -0.09612380616752815 1.3133783167923212 0.11864406779602367 0.60936037707668111 -0.72575680524325692 0.011055835329780474 -0.99788036317089934 -1.2171174354972099 0.026989708206897358 0.042651949839066595 0.27334092634776014
decision_type=2 10 2 2 2 2 2 2 10 10 8 2 8 8 8 2 10 10 2 8 8 2 10 2
left_child=7 4 -3 21 5 6 13 8 9 19 -10 17 -9 16 -15 -16 23 -12 -14 -1 -21 -4 -23 -2
right_child=1 2 3 -5 -6 -7 -8 12 10 -11 11 -13 18 14 15 -17 -18 -19 -20 20 -22 22 -24 -25
leaf_value=0.0042074583877558993 -0.0028645083555736799 0.0055199135839387537 -5.9200013899467497e-05 -0.0034426839750283716 -0.0036989373770151667 0.0055095419502341186 -0.0069628994552604871 -0.0025169578562633803 0.011335263736857715 0.0064258193989717438 0.0097731640424223946 -0.0028718907740881588 0.0066002419394894816 -0.0017157896216092078 -0.0004605092218673646 0.009413857937535304 0.0095711150356788365 0 -0.0024616458108295027 -0.0056780657595882 -0.00033711667401672426 0.002331532865225968 0.01152540257960114 0.0053244006746557991
leaf_weight=27.09182333946228 17.634804822504524 63.091468274593353 44.061516031622887 31.339500665664673 44.915720589458942 29.826505094766617 13.129312783479689 211.3865953348577 11.746365770697592 15.936634436249731 13.115428656339644 16.332719370722771 15.420309290289881 127.80273547023535 21.407375440001488 13.435870721936224 12.760133847594259 11.574232034385206 11.244380623102186 20.088333420455456 957.57489104196429 43.417161256074905 12.905326887965201 13.831156119704245
leaf_count=157 114 425 319 255 332 208 93 1758 76 124 95 133 120 915 166 101 82 87 91 134 6933 293 87 86
internal_value=7.01241e-05 0.00105864 0.00269569 0.00124751 -3.53954e-05 0.00065344 -6.22232e-05 -0.00029959 5.44175e-05 -0.000201612 0.00478223 0.00227027 -0.00188195 0.000459293 -0.000496112 0.0037429 0.00381225 0.00565395 0.00287554 -0.000325552 -0.00046402 0.002776 0.00490743 0.000848365
internal_weight=1801.07 489.559 194.815 131.724 294.744 249.828 220.001 1311.51 1073.46 1020.69 52.7687 41.0224 238.051 206.872 162.646 34.8432 44.2261 24.6897 26.6647 1004.76 977.663 100.384 56.3225 31.466
internal_count=13184 3476 1379 954 2097 1765 1557 9708 7739 7348 391 315 1969 1464 1182 267 282 182 211 7224 7067 699 380 200
is_linear=0
shrinkage=0.01


Tree=310
num_leaves=25
num_cat=0
split_feature=20 102 10 109 239 82 121 118 180 98 109 239 100 151 170 279 75 5 315 143 83 126 275 193
split_gain=6.01376 9.70903 9.09534 8.04737 7.22426 7.99253 6.91035 6.09744 6.83174 10.9789 14.8406 10.275 13.1786 9.20041 8.85804 8.48536 8.37876 11.8653 9.32821 11.0063 11.8426 10.448 8.09389 7.86206
threshold=0.9050387478887475 1.228056852784827 2.0999749604778279 2.290809100281376 1.3264003220036897 0.67962103228685267 0.25760494401506989 155.50000000000003 3.8387948882701513 157.50000000000003 1.0643274172656956 0.8145882610024876 0.72973387752102048 0.090034642032332579 5.0538991866263752 0.016655546175841366 -0.51264193702449345 -2.9058552442747305 -0.11648283290408694 0.023280449349625545 1.0402058046671585 0.39734801215685628 0.038461538461471899 0.85206228956228969
decision_type=10 8 2 10 10 8 10 2 2 2 10 10 10 10 10 10 10 2 2 10 10 8 2 8
left_child=2 -2 3 4 7 -6 -4 8 16 14 15 12 -12 -13 22 -11 17 -1 19 -19 21 -21 -10 -18
right_child=1 -3 6 -5 5 -7 -8 -9 9 10 11 13 -14 -15 -16 -17 23 18 -20 20 -22 -23 -24 -25
leaf_value=-0.00584440442224873 0.0038296812731581265 -0.0032094602415335266 -0.0055225517304027276 0.0052610190716870699 0.0091688228125161187 -0.00014733632212380552 0.0032537575107669759 -0.003980098142931373 0.00012316100991662568 -0.0032061903219071626 0.005915956919265164 0.0064115327592280729 -0.001258913244428155 -0.00086918311444899807 -0.00040001307632147703 0.0011021175251042126 -0.00044403443881894656 0.0082785683935179735 -0.0025141968814496726 0.0035270515285571852 0.0046079166078564519 -0.005041350031779474 0.0093955380244639692 -0.0027837447157104049
leaf_weight=18.0008180513978 85.375898957252502 22.686940439045429 46.141583058983088 26.07677111774683 14.827232748270033 18.614561542868614 8.8449721448123437 37.937153391540051 13.181824550032614 128.99845889955759 29.911312200129032 66.264268539845943 114.2528235912323 22.035458229482174 24.066182911396027 67.757212199270725 661.27067562937737 30.686648309230804 32.771078146994114 20.958587124943733 61.079128965735435 32.929005585610867 32.930135652422905 181.75398794934154
leaf_count=183 598 205 445 161 108 154 87 258 90 890 170 425 793 186 174 465 4964 164 220 121 338 206 224 1540
internal_value=4.21047e-05 0.00229841 -0.000105074 3.20007e-05 -6.11691e-05 0.00434979 -0.00400287 -0.000163014 -6.10962e-05 0.000896374 0.000282111 0.00198374 0.000308407 0.00461306 0.00448234 -0.0017229 -0.000523266 0.00132164 0.00213043 0.00321035 0.00168199 -0.00168128 0.00692647 -0.000957319
internal_weight=1799.35 108.063 1691.29 1636.3 1610.23 33.4418 54.9866 1576.78 1538.85 499.398 429.22 232.464 144.164 88.2997 70.1781 196.756 1039.45 196.425 178.424 145.653 114.967 53.8876 46.112 843.025
internal_count=13169 803 12366 11834 11673 262 532 11411 11153 3417 2929 1574 963 611 488 1355 7736 1232 1049 829 665 327 314 6504
is_linear=0
shrinkage=0.01


Tree=311
num_leaves=25
num_cat=0
split_feature=153 153 162 153 105 28 25 309 311 34 248 263 316 304 3 234 307 3 93 282 261 307 117 109
split_gain=5.62253 11.8318 8.05155 10.3235 11.1074 10.6306 8.58973 8.12401 7.82389 7.36084 11.8841 7.92634 7.09587 8.12852 8.13026 6.60738 7.69159 9.23238 7.07682 8.75268 7.6886 8.1774 7.25002 7.91947
threshold=0.049443833272216117 0.045084975438992723 0.043557312252964435 0.015611460138648182 1.3997196495424571 0.23241888857033641 -0.10183174219851922 -0.043320894926611724 0.0099262589826881204 0.18352972962254241 0.8190909090909092 0.75639737454748646 0.0035127715199983621 -0.037920586068347466 4.4035675581654079 0.1431009263773769 0.033982183102838452 2.401475771084669 0.017248282577013527 -0.010808143427402587 0.48729149531377108 -0.0033439261358933809 1.8325390079881558 1.2469916402469974
decision_type=10 10 8 10 10 2 2 2 2 2 2 8 2 2 2 2 2 2 10 10 10 2 8 10
left_child=1 2 3 4 15 -5 -4 -8 -9 10 11 -7 13 -2 -15 16 18 -18 20 -20 22 -22 23 -1
right_child=12 -3 6 5 -6 9 7 8 -10 -11 -12 -13 -14 14 -16 -17 17 -19 19 -21 21 -23 -24 -25
leaf_value=-0.00039904217819045919 0.0048871022514072717 0.0084551737132761012 0.0094925470110437844 -0.0052813846535826117 0.0061694816252468821 0.00894347119963468 0.0077606999616339272 -0.0013830302538379807 0.0061510562480340206 -0.0044953873874749714 -0.0044281108485069642 -0.0010800131199817094 -0.0070152896797818056 0.003157526103494943 -0.0054529894106547438 -0.0039567041589063569 0.00019379009120324808 0.0091994891297688414 -0.00021011836992989222 0.010458028308945447 -0.0070224903698783616 0.0011873536065859776 -0.0059451566697718439 0.0012573905869548878
leaf_weight=815.33409935608506 16.66536682471633 14.431367196142672 13.459467798471449 70.12360904365778 27.706341102719307 20.964679084718231 14.32011792808771 64.573074772953987 14.478920355439184 19.712793901562691 14.76198824867606 10.7117867693305 21.234807636588812 13.767839103937147 31.289446879178286 36.689727932214737 26.359655909240246 17.692492954432964 15.817162550985815 11.613291896879671 28.610800959169865 18.272590927779675 16.749552130699158 442.87909126654267
leaf_count=5867 152 118 85 679 163 191 91 443 97 171 149 94 221 139 310 252 184 132 113 81 232 141 120 2937
internal_value=9.38975e-05 0.000219051 0.000134595 -4.50248e-05 0.00020234 -0.00264844 0.00275561 0.00152241 0.000150038 0.000230487 0.00240057 0.00571469 -0.00240363 -0.00056257 -0.00276962 7.40221e-05 0.000188718 0.00417041 4.9486e-05 0.00483061 -5.91125e-05 -0.00391738 9.03669e-05 0.000184724
internal_weight=1798.22 1715.26 1700.83 1594 1457.72 136.275 106.832 93.3721 79.052 66.1512 46.4385 31.6765 82.9575 61.7227 45.0573 1430.02 1393.33 44.0521 1349.28 27.4305 1321.85 46.8834 1274.96 1258.21
internal_count=13162 12340 12222 11506 10222 1284 716 631 540 605 434 285 822 601 449 10059 9807 316 9491 194 9297 373 8924 8804
is_linear=0
shrinkage=0.01


Tree=312
num_leaves=25
num_cat=0
split_feature=294 310 117 303 27 113 284 313 149 109 159 127 64 183 138 109 121 302 183 233 218 28 121 238
split_gain=6.79847 11.005 9.0319 7.32218 8.23179 7.50828 6.80299 10.9899 6.54765 6.83859 8.63638 7.29778 6.78022 10.0329 6.73868 8.87454 9.98453 11.5619 9.34972 8.87871 9.3904 8.8096 8.3946 8.31961
threshold=-0.1333807416772019 -0.019062037900472211 0.3880836303992905 -0.0041991363507802764 0.68981139559056848 0.28349862509762486 -0.14348368769091588 -0.058584703343836371 0.26401991614255771 1.5195776906739467 0.25226594375530548 0.34395689806012536 1.3334064819775147 1.2569258466949755 0.18710853290479365 1.6322669066613535 -0.60586652369565774 0.01226721925394164 -0.028561065114006051 0.87513213530655409 0.14314988290398128 0.26987638713302436 -1.6535914861196137 -0.24171024145980161
decision_type=2 2 10 2 2 10 8 2 10 8 10 10 8 8 2 10 10 2 10 2 2 2 10 2
left_child=1 2 -1 -4 -5 -6 7 -2 12 11 -11 -10 13 14 15 16 17 18 21 20 -19 -8 -21 -18
right_child=6 -3 3 4 5 -7 8 -9 9 10 -12 -13 -14 -15 -16 -17 23 19 -20 22 -22 -23 -24 -25
leaf_value=0.0083186308610584837 0.0034110170625607028 -0.0049366259262842369 0.0067560982787188582 -0.0041701129574716923 9.2958045957375655e-05 0.0087477893121025146 -0.0011369709499454181 -0.0062872956336008654 0.0048501981619391435 0.00045110980463108029 0.01176609916521233 -0.0041464956753855886 -0.0033786011870820293 0.0079268352459724994 -0.002364347041552417 0.0017687233573707207 -0.0039730044107978832 0.0034371090951844231 0.005021819732209022 0.0025374978367336833 -0.0012487055016465094 0.0048757995013310428 -0.0050401041887460961 0.00037107718239881462
leaf_weight=25.552336536347866 14.252089008688925 15.806004412472246 19.395649716258049 25.043377950787544 34.809311658143997 11.41263238340616 558.25553410127759 37.116550393402576 14.033420190215113 12.46905939280987 13.044755995273588 16.518095806241035 56.469239473342896 13.231875427067278 110.1778776049614 276.33556703478098 113.75160055235028 209.91987635195255 25.307911619544029 22.985851265490055 51.590631902217865 22.64556473493576 31.383010596036911 69.523393742740154
leaf_count=163 97 120 131 175 253 80 3899 286 117 93 82 126 509 101 825 1967 1015 1411 197 164 343 158 238 630
internal_value=0.000118649 0.00227853 0.00336271 0.00174482 0.000160635 0.00263324 -5.51748e-05 -0.00354015 6.08791e-05 0.00333405 0.00687105 1.68035e-05 -6.18318e-05 6.80676e-05 -1.5889e-05 0.000175116 -0.000225879 0.000198964 -0.000608011 0.00174243 0.00250539 -0.000878257 -0.00185189 -0.00233918
internal_weight=1801.03 132.019 116.213 90.661 71.2653 46.2219 1669.01 51.3686 1617.64 56.0653 25.5138 30.5515 1561.58 1505.11 1491.88 1381.7 1105.36 922.088 606.209 315.879 261.511 580.901 54.3689 183.275
internal_count=13180 922 802 639 508 333 12258 383 11875 418 175 243 11457 10948 10847 10022 8055 6410 4254 2156 1754 4057 402 1645
is_linear=0
shrinkage=0.01


Tree=313
num_leaves=25
num_cat=0
split_feature=83 121 83 101 32 39 272 121 127 146 39 284 303 254 5 121 137 137 292 115 313 146 157 133
split_gain=5.78536 8.73234 7.67413 11.5014 7.55962 7.99967 6.57866 8.85751 8.53855 7.10995 6.45681 11.4798 6.53182 8.50173 6.24754 11.9022 8.23429 12.0467 11.91 13.0011 10.5901 10.6093 9.03759 7.47782
threshold=3.5013525619451138 -0.68225548616456144 3.0738447926172645 -1.2104441231535312 0.0016625115394608102 0.051631920373783328 0.11159550484372684 -1.6235685789764243 0.42096399525279143 0.072383305548940249 0.080978787705993052 -0.047905749338136953 -0.00065090566154574062 73.500000000000014 -2.8712440139818409 -0.79778273194974003 0.16937129690585914 0.19309643958508552 -0.0034691164778374085 -1.4641876806571501 -0.0021279003961516695 0.23465463108320253 0.31483813788599685 0.054807468213481113
decision_type=10 10 10 8 2 2 2 8 10 10 2 10 2 2 2 8 2 2 2 8 2 10 10 2
left_child=2 -2 4 -4 6 -6 14 -8 -9 -10 11 -7 13 -12 15 16 18 -18 19 -1 -20 22 -22 -21
right_child=1 -3 3 -5 5 10 7 8 9 -11 12 -13 -14 -15 -16 -17 17 -19 20 23 21 -23 -24 -25
leaf_value=8.0221131181762288e-05 0.0098822948390704241 -2.7458788667573875e-05 0.0052405286891366899 -0.0055411356156117066 -0.0064261581889516872 0.0082462739465218281 0.0046064083778053185 -0.0061557282190253942 0.0054497428273664458 -0.0034711096991883344 -0.0049805918649078228 -0.001442594518326531 -0.0064789398796830646 0.0071860072159514185 0.00018190475178499755 0.0067142896077678517 -0.0057052862972103904 0.0034281725499999359 -0.0040352017464757714 0.0024796607631605702 0.0009448959722879103 -0.0039606483150444096 0.0087736935940748734 0.012234540182350283
leaf_weight=28.450617648661137 12.219160005450247 21.181591995060444 9.8545660972595197 47.086080461740494 30.370954673737288 15.050868779420851 13.263829573988913 46.207519620656967 13.250886335968973 17.227284356951714 8.7735833227634448 36.256126217544079 24.940958149731159 8.5530691817402822 1219.3195748925209 39.759612686932087 35.383049510419369 20.682276576757431 39.129661232233047 14.240846663713453 37.656914480030537 18.947679258882999 22.655212685465813 22.955397740006447
leaf_count=151 82 176 74 377 374 145 80 355 104 130 90 380 255 83 8794 280 228 125 233 91 207 108 137 126
internal_value=0.000105071 0.00406039 2.34775e-05 -0.00349794 0.000146711 -0.00220262 0.000334186 -0.00224913 -0.00356976 0.000511004 -0.000672393 0.00166445 -0.00345758 0.0011414 0.000493815 0.00183371 0.000952304 -0.002316 0.00197344 0.00529276 4.36653e-05 0.0021396 0.004164 0.00896594
internal_weight=1803.42 33.4008 1770.02 56.9406 1713.08 123.946 1589.13 89.9495 76.6857 30.4782 93.5746 51.307 42.2676 17.3267 1499.18 279.861 240.102 56.0653 184.036 65.6469 118.389 79.2598 60.3121 37.1962
internal_count=13185 258 12927 451 12476 1327 11149 669 589 234 953 525 428 173 10480 1686 1406 353 1053 368 685 452 344 217
is_linear=0
shrinkage=0.01


Tree=314
num_leaves=25
num_cat=0
split_feature=73 88 109 61 319 64 283 147 268 92 308 270 239 111 90 177 40 314 225 129 111 111 118 294
split_gain=5.80251 8.26716 9.37222 9.8003 11.6821 9.44567 8.12825 7.74369 7.61059 8.46375 6.76078 8.88444 10.5362 7.17234 6.7125 6.41978 6.26991 9.67725 10.8942 6.85494 9.80874 13.0464 8.33932 8.51116
threshold=315.53479370826329 0.82402117473193026 1.9359330962660362 852.43960632806886 0.080249514740282371 0.94323969667479479 -0.0053968970572529822 0.22013751994743266 0.17469844359723116 239.50000000000003 0.00031304837264563968 0.033042687087724627 0.55440972962770307 1.5407310955276157 4.1262808483387863 7.2866501933059764 0.0073904630125727613 -0.0075805462973604553 0.82615323435843069 0.60949275355220711 1.4975559207246936 1.7475701032007627 50.500000000000007 0.0027750183159575008
decision_type=2 10 10 2 2 10 10 10 2 2 2 2 10 10 2 10 2 2 2 8 10 8 2 2
left_child=16 2 3 4 5 10 -5 14 -4 -10 11 -2 -13 -14 -3 -7 -1 19 -19 20 -18 -22 -21 -24
right_child=1 7 8 6 -6 15 -8 -9 9 -11 -12 12 13 -15 -16 -17 17 18 -20 22 21 -23 23 -25
leaf_value=-0.00075423501885797119 -0.003784230352498284 0.00442782727304034 -0.0011712148560440937 0.0046214952790692501 0.008911648084089549 0.010121275457358532 -0.0028872474073852556 0.0037763435323923118 0.011214243525955155 0.0016053974931802542 -0.0019829189896154098 -0.0018262791215757038 0.00061979840606035284 0.0094605557668595245 -0.0030386528699214354 0.0011935402204542715 -0.00027207349240687163 0.007855200124965411 -0.0018144229535529428 -0.0025657134795925968 0.012868071556356813 -0.00053743208736455321 -0.0016765211350607478 0.0065724397253783809
leaf_weight=1024.6506179533899 16.646797053515911 10.938314579427241 11.896861195564268 14.709249742329119 20.561208553612232 15.531905539333822 80.190681122243404 23.423561312258244 22.606169901788235 16.456006109714508 69.664920940995216 19.812955647706985 14.163910858333109 27.294673383235931 104.36546823382378 16.394049882888794 46.492316506803036 33.448629468679428 15.593141742050646 112.48733697086573 13.83865189552307 12.221264377236368 23.522416345775127 21.544832266867161
leaf_count=7702 124 78 86 100 129 105 629 145 149 116 478 130 87 168 797 121 300 225 115 835 84 94 153 145
internal_value=-4.40814e-05 0.000886405 0.00171081 0.00099589 0.00224341 0.00134716 -0.00161259 -0.00115527 0.00555921 0.00757359 0.000230852 0.00222277 0.00396592 0.00669641 -0.00223237 0.00603799 -0.000391916 0.000928639 0.0048302 4.40208e-05 0.0025346 0.00711142 -0.00112114 0.00240175
internal_weight=1788.46 484.657 345.929 294.97 200.07 179.509 94.8999 138.727 50.959 39.0622 147.583 77.9183 61.2715 41.4586 115.304 31.926 1303.8 279.149 49.0418 230.107 72.5522 26.0599 157.555 45.0672
internal_count=13095 3442 2422 2071 1342 1213 729 1020 351 265 987 509 385 255 875 226 9653 1951 340 1611 478 178 1133 298
is_linear=0
shrinkage=0.01


Tree=315
num_leaves=25
num_cat=0
split_feature=308 317 73 219 312 5 266 90 190 209 9 239 78 131 105 270 137 307 317 177 118 273 74 111
split_gain=6.29292 6.65 7.12372 10.3879 10.3965 9.23955 8.32368 7.99996 7.75177 13.8297 7.60572 8.18216 10.2512 7.45259 7.34208 8.06263 6.99894 6.87413 6.75228 6.74875 6.64028 10.8388 7.09999 6.64068
threshold=0.019127368121765614 0.02902604245069999 261.07690684314315 0.01330383480825959 -0.025440680632504997 -2.3530289627661252 6.003875968992249 5.4684502170228066 87.500000000000014 0.7038255360623783 1.5318543266003608 1.3730132164743296 61.275528792823557 2.0352178728191466 1.4910714491559707 0.10720189589003416 0.16110980637753775 -0.0003421517345419608 -0.010854836809237656 7.4864937209414917 80.500000000000014 4.0778093169294412 360.50000000000006 1.6236556213347451
decision_type=2 2 2 2 2 2 2 2 2 2 2 10 2 10 10 2 2 2 2 10 2 10 2 10
left_child=1 2 8 4 14 16 13 -7 10 -10 11 18 -13 17 15 20 -6 -5 -1 -3 22 -22 -4 -23
right_child=-2 19 3 6 5 7 -8 -9 9 -11 -12 12 -14 -15 -16 -17 -18 -19 -20 -21 21 23 -24 -25
leaf_value=-0.0047480489903101311 0.0067244032999492533 -0.0058136594479007899 -0.00042888752830082223 0.0021946965888733302 0.0053350852563316779 0.0026221004523175164 -0.0029000010245880882 0.013311421837186064 -0.0041956679462929981 0.0072378570695182508 -0.004321576277879248 0.010461694476661934 -0.0016699656756191839 0.00022853999609244056 0.0059372283823544763 -0.0051271104136565724 -0.0040595560593451405 0.010405318760635152 -0.00035261296182473333 0.002599215260523282 -0.00029742884915986436 0.0096877998093865894 -0.0065912402461495946 0.0025511978286916243
leaf_weight=33.545137375593185 11.198345050215719 33.514432720839977 267.33323985338211 18.051345095038414 11.286133244633676 16.550233721733097 11.764555387198923 12.658176660537718 13.317183308303354 29.699320524930954 48.466361604630947 12.492040269076826 11.296334095299242 19.296929195523262 17.16723295301199 28.798575237393379 15.232454210519789 29.746806085109711 946.93262785673141 10.865835808217524 118.13830070197582 16.704737029969692 17.363779671490192 51.383277721703053
leaf_count=240 76 257 1995 120 81 117 94 85 92 191 444 94 99 139 116 200 122 194 6998 71 795 107 129 343
internal_value=5.52848e-05 2.45869e-06 0.000102934 0.000929275 0.000449004 0.00444209 0.0042674 0.0080553 -0.000388578 0.00363556 -0.000563309 -0.000369253 0.00509919 0.00560533 -1.47965e-06 -0.000239909 3.36578e-05 0.0076215 -0.000517303 -0.00370005 8.57745e-05 0.00154285 -0.000869644 0.00463418
internal_weight=1802.8 1791.61 1747.22 651.476 572.616 55.727 78.8596 29.2084 1095.75 43.0165 1052.73 1004.27 23.7884 67.0951 516.889 499.722 26.5186 47.7982 980.478 44.3803 470.923 186.226 284.697 68.088
internal_count=13199 13123 12795 4637 4090 405 547 202 8158 283 7875 7431 193 453 3685 3569 203 314 7238 328 3369 1245 2124 450
is_linear=0
shrinkage=0.01


Tree=316
num_leaves=25
num_cat=0
split_feature=233 210 117 99 148 129 124 147 141 145 279 11 131 11 193 145 145 146 216 39 239 1 148 113
split_gain=7.54994 7.40689 8.86691 14.2119 11.1041 12.2516 12.0456 10.4369 12.1203 9.09817 8.79596 8.58965 8.49227 10.2352 8.87361 8.47061 8.40117 8.18991 7.70595 9.43321 7.51258 11.0011 7.71176 7.0431
threshold=0.87513213530655409 0.07479814355648802 0.30049970236228019 -0.13947884185834766 0.22427227063664976 1.1858834238064107 13.500000000000002 0.17758813553206079 0.0012746977772000521 0.16480394605394608 -0.011409242788600614 0.44592947987614279 1.1977225184868721 0.35479152280972676 0.77154105736782908 0.037672672988372832 0.050670297444491003 0.093798076923076942 2.2325333573446935 0.086367998604083077 1.3730132164743296 0.37152736991114016 0.029133423866915639 -0.070563108492907908
decision_type=2 2 10 10 10 8 2 10 2 10 10 10 10 10 10 10 10 10 2 2 8 2 10 8
left_child=1 20 9 4 5 6 7 -4 -9 -3 17 15 13 14 -11 -12 -17 -5 19 -19 22 -22 -1 -24
right_child=-2 2 3 10 -6 -7 -8 8 -10 12 11 -13 -14 -15 -16 16 -18 18 -20 -21 21 -23 23 -25
leaf_value=0.0054591398122390625 -0.0019476971369464615 -0.0043382500638895882 0.00013791546624404219 0.004967796422334185 0.0098083723462335081 -0.0012864191449263229 -0.0014193059677940843 0.0027072358001790772 0.012905698397548869 0.0040307694402395913 -0.0030843686918089058 -0.0050352128208897241 -0.0035137850270753465 0.0070002799271097239 -0.0060967688419921477 0.007682332580779219 0.00024094924300983547 -0.00077695961306479839 -0.0052093637999243046 0.0080509756387230052 0.0090979479737368241 -0.00061062222083639486 -0.0015111476889838116 0.00019088915377323324
leaf_weight=19.28966698795557 161.99449292942882 49.191914327442646 17.487535931169987 61.552748579531908 26.969482518732548 45.040475212037563 21.278987817466259 21.213978834450245 30.480294838547707 14.450016349554064 43.696640759706497 38.015450678765774 26.220233149826527 28.868862368166447 14.518318064510821 18.343886442482471 55.216856382787228 37.451536580920219 17.672306083142757 14.638200148940085 18.145962566137314 25.150906041264534 409.10760369151831 589.79591818153858
leaf_count=116 1317 366 120 471 162 290 126 123 178 85 333 342 173 154 99 126 379 260 132 96 129 217 3001 4420
internal_value=9.21404e-05 0.000296791 0.00120043 0.00187088 0.00420734 0.00290674 0.00498096 0.00694192 0.00909803 -0.00104348 0.00051452 -0.00108474 0.000951832 0.00306267 -0.00110435 0.000276411 0.00232646 0.00239602 7.37915e-06 0.0019735 -0.000199857 0.00374601 -0.000378591 -0.000507491
internal_weight=1805.79 1643.8 582.308 449.058 162.471 135.501 90.4608 69.1818 51.6943 133.249 286.588 155.273 84.0574 57.8372 28.9683 117.257 73.5607 131.315 69.762 52.0897 1061.49 43.2969 1018.19 998.904
internal_count=13215 11898 4015 3138 999 837 547 421 301 877 2139 1180 511 338 184 838 505 959 488 356 7883 346 7537 7421
is_linear=0
shrinkage=0.01


Tree=317
num_leaves=25
num_cat=0
split_feature=73 180 65 124 289 229 246 165 35 220 39 11 155 229 118 316 257 316 218 34 239 289 85 258
split_gain=6.46237 8.47262 8.33093 10.5912 8.21047 10.6714 8.73932 8.5 8.26925 8.15173 8.09173 8.40156 9.90279 8.95431 8.00038 7.94715 9.65376 8.29873 10.2743 8.79158 8.12374 7.91406 7.94162 7.14299
threshold=315.53479370826329 2.8039878113407526 2.7026611383887675 29.500000000000004 0.053236358458797102 0.069879898085185591 1.2156163930028259 179.80125578703706 0.0022792030191972532 0.12552521008403364 0.10503580130276964 0.49322738183345821 0.0019920397773042389 -0.16838666298098395 153.50000000000003 -0.02550971239271194 186.50000000000003 0.0035127715199983621 0.010554163185742134 0.1875359608745685 0.90360624941495049 -0.034157276160727383 24.114814523146617 0.15409091647914924
decision_type=2 2 8 2 2 2 10 2 2 2 2 10 10 2 2 2 2 2 2 2 10 2 2 2
left_child=2 -2 9 4 5 8 7 -6 21 -1 11 14 13 -13 15 16 20 18 -17 -20 -3 22 -4 -11
right_child=1 10 3 -5 6 -7 -8 -9 -10 23 -12 12 -14 -15 -16 17 -18 -19 19 -21 -22 -23 -24 -25
leaf_value=-0.0033521766686718654 0.0075063572920931387 -0.0053371855432473945 -0.0048437987455120955 0.0074432104781630226 0.0030452535630765723 0.0054834033534359892 -0.006159261760040129 -0.0037495425731247649 -0.0044062843932719262 0.0002401001460818459 -0.0049264250212137373 -0.0018658102882337148 -0.0029507496865440832 0.0093398326348546074 -0.0030373762498195791 -0.0023763059748861757 0.0063472406346650355 0.0015180498859440855 0.0032218545692304619 0.0098752617779115908 0.0022165557374028695 -0.0032910271524197649 0.0037282753347838648 0.0042440983441377573
leaf_weight=56.916762836277485 16.46283296495676 35.080919086933136 11.378257267177103 10.120314575731753 80.855140760540962 12.908163160085676 14.128030732274054 20.895906064659357 171.96825271099806 777.9960798509419 21.208151519298553 12.187240920960905 85.356397606432438 11.739403955638407 28.652726761996746 13.434327609837053 12.531837381422518 145.12501662224531 45.983940623700619 39.977460354566574 20.535705015063286 63.196885507553816 43.45426332578063 44.521123506128788
leaf_count=442 120 240 112 65 675 110 131 179 1438 5326 144 91 741 75 194 96 73 966 316 253 148 553 351 320
internal_value=2.2357e-05 0.00100126 -0.00034358 -0.0014816 -0.00174836 -0.00260839 0.000499833 0.00157626 -0.00302171 0.000213278 0.00072859 0.00102617 -0.00135665 0.00400208 0.00179693 0.0022665 -0.000718233 0.00310113 0.00529626 0.00654438 -0.0025586 -0.000939885 0.00178102 0.000471912
internal_weight=1796.62 488.276 1308.34 428.905 418.785 302.906 115.879 101.751 289.998 879.434 471.813 450.605 109.283 23.9266 341.322 312.669 68.1485 244.521 99.3957 85.9614 55.6166 118.029 54.8325 822.517
internal_count=13159 3457 9702 3614 3549 2564 985 854 2454 6088 3337 3193 907 166 2286 2092 461 1631 665 569 388 1016 463 5646
is_linear=0
shrinkage=0.01


Tree=318
num_leaves=25
num_cat=0
split_feature=153 200 189 259 109 153 151 148 90 275 177 101 181 291 281 295 259 320 309 175 161 230 83 307
split_gain=6.05007 9.64477 6.78413 6.66012 6.33007 7.9443 7.31753 10.976 7.4465 7.33479 7.63717 13.2753 6.93899 6.77525 7.72328 6.82772 6.75819 9.70115 11.0616 6.59894 13.8618 11.5265 11.2944 9.95056
threshold=0.049443833272216117 3.8029952987661342 0.14235330340037658 0.72232752856367288 2.290809100281376 0.019635382242784757 0.087447625420191508 0.091854763106656107 13.962694772362875 0.17159763313533319 7.6786457086685358 -1.0222473636829503 0.16711069644681578 0.40797624854419662 3.1492673977014176 0.21575663728147573 0.012224472415051847 -0.0789139803520746 -0.0014997969493287797 14.11505985259736 0.083491761723700889 151.50000000000003 1.3457192077222799 -0.0039649471182876149
decision_type=8 2 10 10 10 10 10 10 2 2 10 8 2 2 2 2 10 2 2 8 10 2 10 2
left_child=1 3 -2 4 6 -6 9 -8 13 12 11 -11 19 -9 -15 16 -16 18 -18 20 21 22 -1 -23
right_child=2 -3 -4 -5 5 -7 7 8 -10 10 -12 -13 -14 14 15 -17 17 -19 -20 -21 -22 23 -24 -25
leaf_value=-0.0015610770050620334 -0.0033518111656459745 0.0067989793255251313 0.0044244422211377876 0.0041248091559553694 0.0079320002133277962 -0.0011925235154768101 0.0073834274373077713 0.0028096103877982182 0.0039507611139474649 0.012936565313641804 -0.00023618331972748431 -0.0006869507171469644 -0.0039403099854261568 -0.0052050623915203152 -0.0037649876383508557 -0.0047369690916835502 0.010668824265468954 -0.0018852049526651025 -0.00025320786911046353 -0.00075443520553854281 0.0091393392598296905 -0.0011827278237952538 0.0097026529057970198 0.0011644287171192677
leaf_weight=12.294523850083349 81.559076618403196 19.268351383507252 10.334864385426043 38.268969714641571 19.448731228709221 15.245300620794294 10.380104422569273 20.161888420581818 17.117638379335403 14.433222703635691 23.429035320878029 11.511962771415712 38.127295814454556 87.959500379860401 28.673893593251705 39.315180599689484 16.258230142295361 33.956090934574604 17.432366959750652 432.15240165218711 16.503207832574844 284.03080964833498 23.016784183681011 484.35266231372952
leaf_count=88 804 146 92 285 103 103 93 161 131 95 163 86 264 772 280 353 135 292 150 3128 90 1895 152 3285
internal_value=9.88498e-05 0.000235812 -0.00236015 0.000148798 4.8786e-05 0.00410875 -4.50935e-05 -0.00153455 -0.00196892 0.000258304 0.00393333 0.00738535 0.000108586 -0.00242945 -0.00293564 -0.00138005 7.63998e-05 0.00180511 0.00540956 0.000241295 0.000767954 0.000563221 0.00593017 0.000294338
internal_weight=1795.23 1703.34 91.8939 1684.07 1645.8 34.694 1611.11 271.255 260.875 1339.85 49.3742 25.9452 1290.48 243.757 223.595 135.636 96.3206 67.6467 33.6906 1252.35 820.198 803.695 35.3113 768.383
internal_count=13146 12250 896 12104 11819 206 11613 2367 2274 9246 344 181 8902 2143 1982 1210 857 577 285 8638 5510 5420 240 5180
is_linear=0
shrinkage=0.01


Tree=319
num_leaves=25
num_cat=0
split_feature=237 286 2 245 189 159 206 150 144 319 106 67 79 22 165 240 176 144 296 33 209 323 323 106
split_gain=5.51805 5.99545 7.1325 7.74037 6.99052 9.78782 8.37097 7.33184 5.99015 9.00308 9.63537 7.4249 13.2533 12.3193 8.72744 10.5385 8.19806 7.58098 11.4354 7.41544 7.10032 6.89491 8.53679 6.70687
threshold=-0.44957940684880376 0.59539473652305996 1.3217320876908865 1.0653462687853901 -0.55056029690154407 0.18002770083102496 18.500000000000004 0.04630604288499026 0.0051948402417962012 -0.16685205217944638 0.29434723176168104 45.67651765433677 80.539392312401915 -0.85404529697937803 179.73064236111114 -0.16838318898426716 12.838134755977082 0.0078278186274509821 0.62645159562587971 0.028176953490957019 0.78736702127659586 560.50000000000011 529.50000000000011 0.25773757020957266
decision_type=2 2 8 2 8 10 2 8 10 2 8 2 2 10 2 2 2 10 2 2 2 2 2 8
left_child=-1 4 3 8 6 7 -2 -6 9 -3 -11 14 13 -13 20 -16 -15 18 -14 -20 -10 22 23 -19
right_child=1 2 -4 -5 5 -7 -8 -9 11 10 -12 12 17 16 15 -17 -18 21 19 -21 -22 -23 -24 -25
leaf_value=-0.0038244958664511541 -0.0031332340044962423 -0.0049418451182238901 -0.0047935007162411333 0.0067957864702366221 0.0047754833171479872 0.0080989403737596714 0.0051164092743341454 -0.0028012080185994084 1.1721702289826337e-05 0.0065817380980098122 -0.0010136602528324796 -0.00091367279861126873 -0.0042748734647603684 0.0092068643964099538 -0.0041295348897301461 0.0062781433172917405 0.00054591642293917188 0.0066818911837238813 0.010898421788403331 0.0027293255187718374 -0.0059352300018192632 0.0019349334127817372 -0.0046707559099853913 -0.00018404322802340986
leaf_weight=31.895744282752275 36.62063604593277 51.778921142220497 27.202672753483057 14.365201875567434 22.286148615181446 31.979886569082737 15.022511377930639 23.17790974676609 31.140389211475849 15.397555965930222 194.59557253867388 28.918397426605225 12.889906622469423 40.148715607821941 13.998172864317892 20.57666589319706 15.497718393802641 11.625015467405317 15.050739593803881 38.480761855840683 51.937398537993431 162.5738143324852 39.478779770433903 851.38848262280226
leaf_count=248 275 421 262 116 144 235 97 181 205 114 1545 179 99 236 95 142 89 87 118 291 396 1125 298 6160
internal_value=0.000121515 0.000199376 3.34236e-05 0.000123913 0.00225025 0.00409938 -0.000573315 0.00095433 5.12393e-05 -0.00132275 -0.000371581 0.000323912 0.000558017 0.00431083 -0.00204352 0.00204382 0.00695569 0.000266558 0.00347261 0.00547746 -0.00376766 5.69656e-05 -0.000285222 -6.87739e-05
internal_weight=1798.03 1766.13 1637.04 1609.84 129.087 77.4439 51.6431 45.4641 1595.48 261.772 209.993 1333.7 1216.05 84.5648 117.653 34.5748 55.6464 1131.49 66.4214 53.5315 83.0778 1065.07 902.492 863.013
internal_count=13158 12910 11978 11716 932 560 372 325 11600 2080 1659 9520 8682 504 838 237 325 8178 508 409 601 7670 6545 6247
is_linear=0
shrinkage=0.01


Tree=320
num_leaves=25
num_cat=0
split_feature=99 135 1 96 176 72 226 88 297 312 151 315 312 100 136 106 104 307 220 220 88 220 128 258
split_gain=5.89987 6.67838 9.10862 8.76907 8.03421 8.75169 9.22009 10.3648 8.35323 9.33652 8.10029 7.55906 8.65118 7.65399 10.5319 9.72244 8.78513 7.62764 7.49712 9.37712 11.1935 10.543 7.3748 8.50166
threshold=1.2577492900503946 0.085670598514635224 0.47885442130425698 -0.016970847903395769 11.721009879432374 -270.90168186336808 0.024440019910403187 0.44755469478114868 0.053634912887512064 -0.43065964912418214 0.016021390374331555 -0.096559334601391475 0.11958019955761175 0.67631806094587998 0.32339757506930766 0.45201526700811362 44.500000000000007 -0.0042911020800931723 0.14759599515898342 0.18208556149732621 0.32327517368500042 0.19967320261437912 1.3544156544889392 0.055702562492224099
decision_type=10 2 2 10 2 2 2 8 2 2 8 2 2 10 2 8 2 2 2 2 10 2 8 2
left_child=1 22 3 4 5 -3 10 -8 9 -9 -7 12 13 14 15 16 -6 -15 -19 20 -20 -21 -1 -24
right_child=-2 2 -4 -5 11 6 7 8 -10 -11 -12 -13 -14 17 -16 -17 -18 18 19 21 -22 -23 23 -25
leaf_value=-0.00081066592270725871 -0.003869167299270536 -0.003368827358161559 -0.0035168723153470843 0.0057808646894194817 0.0032731633758276745 0.0051302126931198613 -0.0033075172324494462 0.003204254874706886 -0.00063687944762083593 0.0097824976198672038 -0.0038529519540473961 -0.0022656677551853581 0.0053979058885990231 -0.0016006038874372341 -0.0027078497807732364 0.0066347621435111515 -0.002487072354260266 -0.0032589922117091342 0.0094839983072682182 -0.0053254464561425562 3.8411369550515157e-05 0.00057407673834674764 -0.0031159645427385049 0.0048451643071917537
leaf_weight=54.789282381534576 34.869827020913363 25.067395806312561 70.091463305056095 23.856227196753025 68.647834680974483 11.418149642646311 14.976054433733223 53.032197773456573 20.544564001262188 40.34927449375391 31.330589793622494 164.98805689811707 26.166890844702721 377.87394568324089 40.797828771173954 44.857697106897831 39.318686373531818 52.576891079545021 22.028722196817398 29.730683401226997 25.802646137773991 428.62485546991229 13.634682066738604 85.768394365906715
leaf_count=395 350 165 596 166 402 74 103 371 154 273 245 1238 183 2789 281 254 225 437 170 230 199 3121 112 637
internal_value=4.398e-05 0.000127893 -6.31498e-05 9.93636e-05 0 0.00186995 0.00268318 0.00399796 0.00502404 0.00626202 -0.00126125 -0.000282419 4.51908e-06 -0.000132671 0.00166154 0.0028626 0.00115633 -0.000508548 0.000232536 0.000613342 0.00469629 0.000158779 0.00209669 0.00368706
internal_weight=1801.14 1766.27 1612.08 1541.99 1518.13 196.718 171.651 128.902 113.926 93.3815 42.7487 1321.41 1156.43 1130.26 193.622 152.824 107.967 936.638 558.764 506.187 47.8314 458.356 154.192 99.4031
internal_count=13170 12820 11676 11080 10914 1385 1220 901 798 644 319 9529 8291 8108 1162 881 627 6946 4157 3720 369 3351 1144 749
is_linear=0
shrinkage=0.01


Tree=321
num_leaves=25
num_cat=0
split_feature=317 176 283 29 3 253 163 184 190 247 77 117 150 129 3 138 129 35 196 317 245 244 149 184
split_gain=6.04052 6.39691 5.08043 6.91303 5.6541 8.17173 8.25159 8.10792 7.87457 9.02582 7.64627 11.17 8.75461 10.4963 12.5379 9.37315 8.69597 9.49125 8.24647 7.90375 11.0712 9.56689 7.8655 7.0957
threshold=0.02902604245069999 12.381632066849461 0.032189862442522026 0.28332510694307339 2.5471693845014545 211.50000000000003 0.098476102516739786 -0.072240938208095684 33.500000000000007 -0.093718668903261484 0.84223981782463231 0.54123223793484521 0.096992311171415671 0.68106675749227275 2.0809494283823398 0.11303514909212062 0.9276637851416617 0.0090943552277896484 0.15674462556106783 0.014860812761911472 -1.275934224327447 0.038750000000000007 0.092335018445142789 -0.79716597214367135
decision_type=2 2 10 2 2 2 10 10 2 2 8 10 8 10 2 2 10 2 10 2 2 2 10 10
left_child=2 -2 4 -4 7 6 23 8 9 -1 -9 19 13 14 -13 -14 -15 18 -18 20 -12 22 -22 -6
right_child=1 -3 3 -5 5 -7 -8 10 -10 -11 11 12 15 16 -16 -17 17 -19 -20 -21 21 -23 -24 -25
leaf_value=0.0059853398252371019 -0.0066211827267430691 0.00053381477965772247 0.007051694694174499 -0.00075713949044933782 0.0058242628155891017 0.0045818728614196013 0.0060889108343996591 0.0042859056794586859 -0.0067044880866638694 -0.0016862957430039982 0.0061636267365511302 0.001663837523111931 -0.005893507463828605 -0.0032983889139667107 0.012511435953130758 0.0017035326503249475 -0.0023012732437328242 -0.0028648967427740285 0.0058248145005031773 0.005029213712394333 -0.0011759759669689904 0.0039400744524789996 -0.0057273570999919823 -0.00076037410657629658
leaf_weight=15.995025932788847 24.563290931284428 21.80042914301157 21.692239999771118 19.758055716753006 13.792393386363981 29.31835849583149 15.627403154969214 72.501489244401455 20.971753381192684 79.539283454418182 14.824438281357287 20.973006352782249 20.619482487440109 22.968238890171051 21.791731059551239 49.909327909350395 13.115991897881029 19.046620525419712 74.242325305938721 18.130443058907986 101.28667419403791 20.30947557836771 60.621878229081631 1006.3362704403698
leaf_count=109 188 158 144 142 103 196 110 408 137 559 105 134 163 144 133 354 85 111 429 122 633 152 488 7872
internal_value=5.51976e-05 -0.00339973 0.000152481 0.00349681 6.52584e-05 -0.000381725 -0.000535346 0.000801252 -0.00155705 -0.000255854 0.00132676 0.000832429 0.00229255 0.00349321 0.0076486 -0.000645909 0.00197718 0.00318135 0.00455951 -0.000818035 -0.00142493 -0.00213289 -0.0029556 -0.000654436
internal_weight=1799.74 46.3637 1753.37 41.4503 1711.92 1065.07 1035.76 646.847 116.506 95.5343 530.341 457.84 242.667 172.138 42.7647 70.5288 129.373 106.405 87.3583 215.173 197.042 182.218 161.909 1020.13
internal_count=13179 346 12833 286 12547 8281 8085 4266 805 668 3461 3053 1553 1036 267 517 769 625 514 1500 1378 1273 1121 7975
is_linear=0
shrinkage=0.01


Tree=322
num_leaves=25
num_cat=0
split_feature=308 102 20 278 120 239 315 189 58 97 308 138 53 237 306 174 171 234 118 300 174 3 284 278
split_gain=6.15376 6.49078 9.40354 11.1944 6.48233 6.33284 9.33394 6.59389 5.54755 7.38815 15.4709 7.10448 7.02435 6.68967 6.87178 7.70947 6.6114 6.51666 6.91876 7.53742 7.02716 8.35011 9.99863 7.30536
threshold=0.019127368121765614 1.228056852784827 1.1191073177564022 -0.0035682454800101851 1.2251812980670682 1.3518965088672987 -0.23972663941156261 -0.11962531162525425 1.1046075832213373 0.78201697933508363 -0.0015101179269378399 0.17452176867192812 56.500000000000007 -0.065742685599389547 0.72208162165672229 99.715555555555582 7.9110121844808203 0.1431009263773769 154.50000000000003 0.30914689740148299 160.1526388888889 2.6636367522669997 0.12668058418919007 -0.0084817703087680923
decision_type=2 10 10 8 10 10 2 10 10 8 2 2 2 2 2 10 10 2 2 2 8 2 10 10
left_child=1 2 5 -4 -3 8 -7 -8 9 17 11 -11 -10 14 -12 -16 -15 18 20 -20 23 -22 -23 -1
right_child=-2 4 3 -5 -6 6 7 -9 12 10 13 -13 -14 16 15 -17 -18 -19 19 -21 21 22 -24 -25
leaf_value=0.003237891900089634 0.0066357923138417362 -0.0004613464438440486 -0.0016236541277163377 0.0086694298908222053 -0.0083563412393141585 0.0076215347021606362 -0.0056069258630371977 0.0038840311505731039 -0.0033505078485990686 0.0019992134593206654 9.3956275553683529e-05 -0.0069031584603337663 0.004311476369087879 0.0049497108282076912 0.0023617007262418991 0.011465459994813042 -0.003286699733954573 -0.0043923999473331954 -0.0077448672723140948 0.0014489156217819524 0.00010204657057174545 -0.0044463256608989147 0.0031910088310863997 0.00017709658938802958
leaf_weight=81.978672422468662 11.244248844683169 25.666809566318989 15.866258606314657 24.111077211797237 15.423786062747238 23.299743577837944 11.823538966476919 11.796740449964998 88.229713674634695 13.202008977532385 13.462309710681437 19.062497921288013 11.183601900935171 16.211376689374447 16.74998015910387 26.358992323279381 17.116879589855671 32.999048382043839 20.796518616378307 12.810482963919638 174.07332847267389 105.15833199769258 18.100825920701027 986.59875031560659
leaf_count=562 76 251 107 161 163 182 99 97 779 93 101 143 83 112 119 186 132 231 142 83 1243 856 146 6985
internal_value=5.18322e-05 0 9.54338e-05 0.00472399 -0.0037965 -2.04477e-05 0.00349393 -0.000920542 -0.000126565 2.11466e-05 0.00235339 -0.00336468 -0.00238286 0.00445667 0.00647354 0.00831484 0.00076577 -0.000181305 -7.25962e-05 -0.00437281 4.13236e-05 -0.00131024 -0.00327014 0.000420818
internal_weight=1793.33 1782.08 1740.99 39.9773 41.0906 1701.01 46.92 23.6203 1654.09 1554.68 122.164 32.2645 99.4133 89.8995 56.5713 43.109 33.3283 1432.52 1399.52 33.607 1365.91 297.332 123.259 1068.58
internal_count=13132 13056 12642 268 414 12374 378 196 11996 11134 886 236 862 650 406 305 244 10248 10017 225 9792 2245 1002 7547
is_linear=0
shrinkage=0.01


Tree=323
num_leaves=25
num_cat=0
split_feature=114 76 234 189 99 39 44 35 302 263 137 177 55 319 165 217 317 209 114 120 189 47 181 121
split_gain=6.79387 10.4437 11.6089 9.59988 9.33752 9.21668 8.62211 8.53331 11.7394 8.77609 8.45131 8.09751 7.88016 7.65504 7.61591 9.07577 9.9231 10.2909 7.45516 8.76651 9.65518 9.44588 8.28307 8.70016
threshold=0.97490369833359791 1.0206999065000713 0.049220705806347416 -0.80643388283472772 0.65756205593711181 0.080978787705993052 80.500000000000014 0.0030418268541264758 0.0042473169821551334 0.066672331199349913 0.17449903439836328 7.1890919706311216 4.6117304081686372 0.085787048265825866 178.85312500000003 0.74304812039019763 -0.0036686032166169439 0.79187293729372954 0.72439208681671763 0.80910960197290394 -0.092852643381664476 5.5000000000000009 0.047403579016179122 -0.42742378384296947
decision_type=8 10 2 10 8 2 2 2 2 10 2 10 2 2 2 2 2 2 10 10 8 2 2 8
left_child=1 18 3 -3 7 13 -6 9 -9 -2 11 -11 -8 14 -4 -16 -17 -18 19 22 -21 -22 23 -1
right_child=4 2 5 -5 6 -7 12 8 -10 10 -12 -13 -14 -15 15 16 17 -19 -20 20 21 -23 -24 -25
leaf_value=0.0067641714511166278 -0.00026620825140577053 0.0024082966929131174 -0.0041524092040397375 -0.0050006708508004254 -0.0025036054837658797 -0.0026791348571581649 0.0092858607792162123 -0.001772191300604834 0.0067365979981542654 0.0021930809402382905 0.0019023922084596739 0.01179812180925534 -0.0015462560218314988 0.0075893745123290285 -0.0021295920595228034 0.0095059064787802062 0.0077647879551741216 -0.0034725657793856462 0.0014039651610828219 -0.0022924918832439726 0.0095338809522215913 -0.00099309070016522557 6.7990876919946913e-05 -0.0020890790789831288
leaf_weight=35.459462955594063 25.242655962705612 18.51370345056057 23.809873841702938 117.66598728299141 77.855875503271818 84.814942739903927 11.052470102906229 61.187439538538456 18.864246152341366 14.349276289343832 28.571379534900188 30.590123623609543 11.402173213660715 15.204963348805903 30.859610840678215 19.996564000844955 9.944277226924898 19.62604559212923 378.6754587739706 262.130560092628 11.603902027010919 19.289563871920109 452.58006051927805 13.849908418953417
leaf_count=226 177 167 215 1123 647 696 77 398 118 101 187 208 100 128 253 169 83 186 2438 2155 89 152 2925 113
internal_value=7.12829e-05 -0.000193204 -0.00172795 -0.00395752 0.00149703 -0.000202693 -0.000921435 0.00285256 0.000382855 0.00477793 0.00646872 0.00906505 0.00418953 0.00156894 0.000503279 0.00198834 0.00454785 0.000624603 0.000254234 -0.000295249 -0.00166194 0.00340083 0.000505546 0.00427977
internal_weight=1793.14 1514.02 340.436 136.18 279.116 204.256 100.311 178.805 80.0517 98.7534 73.5108 44.9394 22.4546 119.441 104.236 80.4265 49.5669 29.5703 1173.59 794.913 293.024 30.8935 501.889 49.3094
internal_count=13131 11118 3020 1290 2013 1730 824 1189 516 673 496 309 177 1034 906 691 438 269 8098 5660 2396 241 3264 339
is_linear=0
shrinkage=0.01


Tree=324
num_leaves=25
num_cat=0
split_feature=5 143 254 273 254 99 20 234 57 286 309 279 240 105 77 161 240 147 193 234 261 244 65 138
split_gain=6.30014 10.112 7.48154 9.17785 7.78667 7.71926 9.71151 9.21282 7.24072 11.1638 8.98248 11.139 8.86272 8.71048 8.64768 10.5649 9.52313 9.11434 9.09782 8.4998 16.7779 10.637 7.6557 7.42233
threshold=-2.8935132521978844 0.18620507399577171 223.50000000000003 5.8336926995573881 271.50000000000006 1.2991274216249038 1.1191073177564022 0.076201473661057964 0.24980177907607112 1.9232481672327126 -0.045159550701708122 0.0532206119162641 1.6051400937810751 0.96109023611504363 0.84223981782463231 0.0019474215153101086 -0.15710242477587402 0.18829810357007012 0.73702570379436971 0.092657252888318373 -0.28841724763601362 0.014583333333333335 2.770693023254696 0.10843554240071361
decision_type=2 10 2 10 2 10 10 2 10 2 2 10 2 10 8 8 2 8 10 2 10 2 10 2
left_child=-1 2 3 5 -4 6 8 -8 13 -10 -11 -12 -13 14 16 18 -2 -17 23 22 -21 -22 -19 -16
right_child=1 -3 4 -5 -6 -7 7 -9 9 10 11 12 -14 -15 15 17 -18 19 -20 20 21 -23 -24 -25
leaf_value=-0.001476943402417175 -0.00028137546469864924 0.0070251218589063918 0.0075720694503381711 -0.0053438741564922213 -0.00022475505946307055 -0.0047527649041258432 0.0098855769850243885 0.00053290798917142738 -0.0038067375920116139 0.0072665002267083738 -0.0024605104290965729 -0.0018347107508145416 0.0080557430149116403 0.0027818648423408266 0.0020539995624002413 -0.00089159959506533595 0.0062756177369130165 0.0014191603887735117 -0.0040036852600070887 0.010340074435460993 -0.0054916044332667937 0.0054014615682747447 -0.0022106734201130891 -0.0059683162283825156
leaf_weight=223.54868035390973 41.477407604455948 19.262642867863178 24.78740256279707 27.694475285708904 23.129018567502499 28.024433672428131 17.438101686537266 23.140299491584301 105.43825364112854 14.416324608027933 80.800027564167976 13.429661765694616 19.71810220927 141.12026106566191 58.22303345054388 318.55144067853689 43.459078870713711 320.29883170872927 112.00930828601122 25.852942571043968 15.907401137053968 14.326986923813818 68.016748800873756 11.371798835694788
leaf_count=2145 231 94 152 190 139 284 120 152 855 106 651 111 160 876 377 2465 243 2045 817 145 103 91 492 89
internal_value=8.20298e-05 0.000307219 0.000210298 8.17453e-05 0.00398671 0.000194526 0.000300308 0.00495915 0.000155243 -0.00143979 0.000537043 -0.000461719 0.00419205 0.000477387 0.000153732 -0.000123881 0.00315661 0.000392855 -0.00227288 0.00131564 0.00486129 -0.000278646 0.000769345 0.000546569
internal_weight=1791.44 1567.89 1548.63 1500.71 47.9164 1473.02 1445 40.5784 1404.42 233.802 128.364 113.948 33.1478 1170.62 1029.49 944.558 84.9365 762.954 181.604 444.403 56.0873 30.2344 388.316 69.5948
internal_count=13133 10988 10894 10603 291 10413 10129 272 9857 1883 1028 922 271 7974 7098 6624 474 5341 1283 2876 339 194 2537 466
is_linear=0
shrinkage=0.01


Tree=325
num_leaves=25
num_cat=0
split_feature=232 284 309 309 63 102 71 138 83 232 225 308 227 36 174 111 125 266 83 64 225 194 187 11
split_gain=5.50399 10.5491 9.83563 7.71449 7.28719 9.52428 7.02109 7.15522 14.5648 8.03806 7.53782 9.15015 7.56403 7.52239 7.96105 7.41875 7.37523 7.86525 6.41348 6.33564 7.10208 6.29796 6.29511 6.49396
threshold=0.98086897047011734 0.12043899675478627 -0.016098698597193258 0.018354971541389657 -0.69089964455610386 -1.1657315747602739 1.2661053434956357 0.067664085789575432 0.93116126291124324 2.1095212024361136 0.83308457711442807 -0.0010799910285417855 0.0077021949772592456 0.035029058418017338 73.734583333333347 1.5600023243841072 1.776780236901339 4.3135791630084883 0.88361969714409516 0.52614980478855822 0.78385169088686679 0.087815693078850995 0.088932806324110686 0.71515915193318114
decision_type=2 8 2 2 10 8 10 2 10 2 2 2 2 2 10 8 8 2 10 8 2 10 8 8
left_child=1 2 -1 4 5 -4 7 8 19 10 11 -10 -12 14 -13 -16 17 -9 -6 -2 21 -21 23 -8
right_child=6 -3 3 -5 18 -7 22 16 9 -11 12 13 -14 -15 15 -17 -18 -19 -20 20 -22 -23 -24 -25
leaf_value=-0.00084079888603514523 0.00089256684230508085 -0.0050891738964125325 0.0075979697898248457 -5.0996821045673972e-05 0.0032087643316921501 -0.0035205918768095317 0.00034540578377697189 -0.0025758337922379229 -0.0042001723114143789 -0.0027304413105450824 0.0088128111424647711 -0.0052106148808564292 0.00075185176591660357 0.0077007476436486647 0.0082404011918143713 -0.0012268760048609498 0.0015194729288922617 -0.0089205533353174746 0.01246007360170371 -0.0052555876292161834 -0.0083381654470272189 0.0035643286887525999 0.0063512651192716828 -0.0035879478986946189
leaf_weight=45.068526446819305 21.390508502721786 16.173832595348358 12.368502639234064 23.36451967805624 14.795869961380957 13.018220216035845 1206.3638315573335 90.044599480926991 23.880426369607449 33.324657373130322 27.511439837515354 14.058943413197992 20.287158466875553 18.013917163014412 12.704911991953852 16.030632145702839 27.171114400029182 24.132468819618225 22.339887045323849 14.751239337027075 31.266960486769676 12.236961245536802 14.091470293700693 40.622663207352161
leaf_count=282 130 121 72 153 92 101 8898 719 161 244 186 94 134 108 77 105 231 215 135 107 238 75 96 375
internal_value=9.70901e-05 0.00193145 0.00289572 0.00483197 0.0065951 0.00208008 -6.91178e-05 -0.00124309 -0.0001977 0.00148453 0.00258725 0.000722414 0.00564553 0.00277263 0.000325859 0.00329165 -0.0030118 -0.00410947 0.00928927 -0.00364266 -0.00528855 -0.001264 0.000292156 0.000208599
internal_weight=1795.01 147.129 130.956 85.887 62.5225 25.3867 1647.88 386.806 245.458 165.812 132.487 84.6888 47.7986 60.8084 42.7945 28.7355 141.348 114.177 37.1358 79.6457 58.2552 26.9882 1261.08 1246.99
internal_count=13149 956 835 553 400 173 12193 2824 1659 1109 865 545 320 384 276 182 1165 934 227 550 420 182 9369 9273
is_linear=0
shrinkage=0.01


Tree=326
num_leaves=25
num_cat=0
split_feature=193 225 62 50 35 35 282 236 224 302 111 81 17 115 224 100 7 57 35 309 249 193 62 218
split_gain=6.13596 8.51075 8.20482 8.80519 9.26405 9.16201 8.40347 7.91181 10.2524 8.07161 9.27746 7.96992 11.2243 7.72472 10.2078 9.7084 7.35642 12.6672 8.55952 7.62186 7.27076 7.20532 9.39415 11.0047
threshold=0.76011695906432764 0.76434951314151856 40.500000000000007 4.5000000000000009 0.0051255779739386303 0.0032077005391612135 -0.033650799995862173 0.22631857137463665 2.1282544752056571 0.003567548270938099 1.7220382466002764 -0.11406978961354282 2.2664826999349015 -0.48039188063018662 1.7922314623367586 1.0032289594982104 -0.53533979815646882 0.26602368680812433 0.0074666687905191233 -0.042330505282312463 0.036375661375661381 0.77293771043771053 170.50000000000003 0.06027123569655507
decision_type=8 2 2 2 2 2 8 2 2 2 8 10 2 10 2 10 2 10 2 2 2 8 2 2
left_child=1 16 13 4 5 6 -4 8 9 -5 11 -11 -13 -2 -15 -16 17 -1 20 -19 -18 -9 -23 -24
right_child=2 -3 3 7 -6 -7 -8 21 -10 10 -12 12 -14 14 15 -17 18 19 -20 -21 -22 22 23 -25
leaf_value=0.00062021781493853576 -0.0038688061444185563 0.0030603578282929569 -0.0021526634201060194 -0.002511733732447204 0.01103555487052648 -0.0050968394072990917 0.0051913976357524415 -0.00462059505550167 -0.0034149406065987322 0.0013406214563301297 -0.00049008540192330586 0.014653680404985291 0.0019593257043131547 -0.0043214312051230372 0.010960939256428874 -0.0012436922316865573 0.0054062536896546665 0.0021255956215922157 0.0083835023080891784 -0.0040036330361321237 -0.0014644622561375208 -0.0013633416335922422 0.0053573276838041863 -0.0010775126328995954
leaf_weight=631.43238252773881 109.95368776842952 132.58867751806974 19.973541259765625 15.084292769432066 9.3295470178127271 14.092199731618164 50.189270682632923 45.938850492238998 24.136991240084171 16.020130716264248 19.942034609615803 18.562702462077144 12.093928694725035 16.318043190985918 11.099764600396158 11.017490506172178 21.700325727462769 23.048573531210423 20.154799364507198 101.29889716207981 38.707032084465027 336.17779798433185 48.794840380549431 52.722904920578003
leaf_count=4310 945 947 166 110 72 124 405 335 218 119 154 113 90 136 84 103 163 185 139 821 284 2492 336 343
internal_value=0.00019307 0.000733272 -0.000435599 2.94399e-05 0.00283305 0.00158291 0.00308448 -0.000425405 0.00201376 0.00369033 0.00515447 0.00747622 0.0102668 -0.00254328 0.00122953 0.00539122 0.000354036 4.1498e-05 0.00317268 -0.0028375 0.0011197 -0.000969918 -0.000557141 0.00206737
internal_weight=1800.38 968.931 831.448 683.059 93.5846 84.255 70.1628 589.474 105.84 81.7031 66.6188 46.6768 30.6566 148.389 38.4353 22.1173 836.342 755.78 80.5622 124.347 60.4074 483.634 437.696 101.518
internal_count=13194 6849 6345 5077 767 695 571 4310 804 586 476 322 203 1268 323 187 5902 5316 586 1006 447 3506 3171 679
is_linear=0
shrinkage=0.01


Tree=327
num_leaves=25
num_cat=0
split_feature=299 158 145 290 261 71 261 203 308 118 120 50 94 294 273 304 201 85 180 41 203 247 240 94
split_gain=6.35074 7.88748 7.73552 8.78772 8.50365 11.5345 7.85836 6.8867 18.9593 7.23624 9.45954 8.43142 10.7889 6.64779 8.36366 8.9901 9.12086 7.78457 7.53869 10.8691 9.34882 10.3533 9.50348 11.5532
threshold=-0.052933153802719006 0.11247489959839359 0.0051151229722658301 0.095668488457231457 0.10868521652060607 1.9131861841659281 0.035060384689436085 0.010362972508591067 0.0029840311390373687 19.500000000000004 0.95362237096164926 10.500000000000002 0.61614342055386107 -0.01945484969909805 3.3514166843057516 0.00030184091713586497 0.76011695906432764 181.26176811803586 3.7441168327796239 400.50000000000006 0.011799512704490081 1.5618745083422025 0.22600358704698001 0.37905463998279049
decision_type=2 10 8 2 8 10 10 2 2 2 8 2 10 2 10 2 2 2 2 2 2 2 2 10
left_child=1 -1 3 -3 6 -6 7 9 -9 10 -4 -11 -13 14 -2 17 -17 -16 -15 -20 21 22 23 -21
right_child=13 2 4 -5 5 -7 -8 8 -10 11 -12 12 -14 18 15 16 -18 -19 19 20 -22 -23 -24 -25
leaf_value=-0.0046447879689872134 0.0006624178264940235 0 0.007843021717314708 0.011712601672615489 -0.0059661211000318747 0.0010568338707184399 0.008212374629361122 0.012010553154270496 -0.0015871936376651258 -0.003888839752545655 -0.00091733746111249265 -0.00052485132596368324 0.0080176270464666962 -0.00042903975312401908 -0.0042998805040425541 -0.0016345742592889943 0.0061377115494201445 0.002558822672227228 0.0096097851266341138 -0.0057198438574287717 -0.0020969552022420484 -0.00080973908714973596 0.0054412601265320165 0.0025715040216896519
leaf_weight=18.535995677113533 133.27599241584539 10.923005223274233 25.040505021810532 12.584276393055914 31.255251578986645 71.912977330386639 17.685777589678764 17.975884042680264 18.834433481097221 44.141667880117893 20.797979962080717 63.638104125857353 16.234226949512959 664.41233384609222 158.00824979692698 49.184601679444313 18.426862273365259 16.385735079646111 12.45352480560541 18.047315523028374 75.584066316485405 99.235476575791836 90.477872028946877 83.413250826299191
leaf_count=125 960 92 163 90 257 535 127 111 124 309 162 409 104 5148 1145 360 138 113 83 114 537 740 606 545
internal_value=0.000105649 0.00126837 0.00161825 0.00685268 0.0011838 -0.00116412 0.00226901 0.00165112 0.00541233 0.00075453 0.00402589 -0.000509747 0.00141492 -0.000198405 -0.0013349 -0.0024339 0.0006314 -0.00361907 0.00021182 0.00133215 0.000976649 0.00179049 0.00313225 0.000971387
internal_weight=1788.47 369.56 351.024 23.5073 327.517 103.168 224.349 206.663 36.8103 169.852 45.8385 124.014 79.8723 1418.91 375.281 242.005 67.6115 174.394 1043.62 379.212 366.758 291.174 191.938 101.461
internal_count=13097 2608 2483 182 2301 792 1509 1382 235 1147 325 822 513 10489 2716 1756 498 1258 7773 2625 2542 2005 1265 659
is_linear=0
shrinkage=0.01


Tree=328
num_leaves=25
num_cat=0
split_feature=103 20 217 45 111 34 268 29 239 20 154 144 151 29 236 2 293 109 10 93 20 137 212 34
split_gain=5.97862 7.27165 6.99756 6.37922 5.79282 7.73358 11.2495 8.69315 6.15264 7.23618 6.25735 5.79892 5.23629 8.27798 7.69792 7.03554 6.98494 5.5917 10.3384 8.87784 11.32 9.3373 9.11473 8.66435
threshold=2.7178624488030203 1.1191073177564022 0.64724736048265474 29.500000000000004 0.76125034472216002 0.18352972962254241 0.45940117791410812 0.2640341758762812 1.3730132164743296 0.42739334581618638 0.060737812911725968 0.10874113152628707 0.12297273603927415 0.37589326731662503 0.21082014433053556 1.2646321980673008 -0.0052479667743525757 1.2469916402469974 1.0940530594998197 -0.54854893623663348 0.26358391564485789 0.1513626542428386 0.3731868824889637 0.17276233929848286
decision_type=10 10 2 2 8 2 2 2 10 8 10 10 10 2 2 10 2 8 2 10 10 2 2 2
left_child=1 4 -3 -2 5 6 -1 -8 10 -10 12 -12 15 14 -14 17 -16 18 -6 21 23 -19 -23 -21
right_child=3 2 -4 -5 8 -7 7 -9 9 -11 11 -13 13 -15 16 -17 -18 19 -20 20 -22 22 -24 -25
leaf_value=0.0094165174231877809 -0.0065573526977780062 -0.00081951022411185545 0.007240477827184004 0.0013767799454019005 -0.00030309993862656773 -0.0030241662118764057 0.006144501246013059 -0.0038385659200638024 0.0072321700180813285 -0.00084053578549473198 -0.0079876846283330714 0.00075964663940926642 0.0042821971972679517 0.0057532859589901298 0.001850124937290795 0.0068553419821697978 -0.004952815742075462 -0.00020685178833728209 -0.0039798053598292926 -0.0040410553351490353 0.0010834080921795454 0.007747721477859194 0.00020876414169293398 0.00033318741867484369
leaf_weight=22.366180822253227 25.56910253316164 16.892464213073254 23.71099678426981 14.147566281259058 734.30347514897585 15.860656462609766 12.072463147342207 18.152840256690979 20.744344234466553 19.602535590529442 17.255838707089428 11.118237264454363 10.632938802242277 9.2566727027297002 16.367029637098312 11.656254082918165 86.574701029807329 53.931068792939186 82.741636544466019 95.704819697886705 321.14778385311365 45.955237902700901 24.544202901422977 82.304199516773224
leaf_count=152 276 108 165 126 5180 106 87 131 160 156 133 73 109 81 142 101 796 369 755 702 2232 285 156 554
internal_value=-0.000100611 -1.01039e-05 0.00402964 -0.00380412 -0.000113002 0.00267687 0.00448129 0.000303573 -0.000234207 0.00348933 -0.000334532 -0.00477049 -0.000245539 -0.00220412 -0.0029859 -7.52133e-05 -0.00384101 -0.000145368 -0.000689168 0.000565417 -3.35171e-05 0.00292313 0.00524657 -0.00203953
internal_weight=1792.61 1752.9 40.6035 39.7167 1712.29 68.4521 52.5915 30.2253 1643.84 40.3469 1603.49 28.3741 1575.12 122.831 113.575 1452.29 102.942 1440.63 817.045 623.587 499.157 124.431 70.4994 178.009
internal_count=13135 12733 273 402 12460 476 370 218 11984 316 11668 206 11462 1128 1047 10334 938 10233 5935 4298 3488 810 441 1256
is_linear=0
shrinkage=0.01


Tree=329
num_leaves=25
num_cat=0
split_feature=209 119 144 319 5 181 240 127 296 128 232 153 153 109 152 78 118 304 309 260 97 246 162 232
split_gain=5.33457 9.29066 6.54311 9.89968 8.53805 8.77695 8.39072 8.21953 8.13531 7.88778 7.03057 7.00428 9.71406 8.01366 10.0983 6.64251 6.93677 7.04101 7.61679 6.71208 8.32465 13.2483 7.56129 6.69361
threshold=0.45346320346320351 0.76828886929816387 1.0000000180025095e-35 -0.16685205217944638 -1.4569509694786624 0.085214533224622926 1.5243161021288303 1.504081682049377 0.56648308346030596 1.1298087280341169 3.3940589536109824 0.049443833272216117 0.043678721329545943 2.290809100281376 0.11867455188391661 306.64103705107715 154.50000000000003 -0.099565556009470105 -0.065686217121009291 0.58082112573285005 0.83675690367237099 1.0657731922190787 0.039812001937216575 0.98086897047011734
decision_type=2 10 10 2 2 2 2 10 2 10 2 10 10 10 10 2 2 2 2 10 8 10 8 2
left_child=1 -1 3 -2 9 8 -7 11 -6 -5 -11 12 13 14 15 16 17 -4 -19 20 23 22 -22 -20
right_child=2 -3 7 4 5 6 -8 -9 -10 10 -12 -13 -14 -15 -16 -17 -18 18 19 -21 21 -23 -24 -25
leaf_value=0.0060695961419104929 -0.0053810545692039155 -0.0032577228337294139 -0.004370073129335141 0.00014339517806921705 0.0034976296006470702 0.0011448431703511277 0.010049152659128677 0.0045706406183082509 -0.005233343304835724 -0.008018534105119348 -0.00015986930734096746 -0.0036703749988945366 0.0082024027549346071 0.0052881413660043428 -0.0048679316126641562 0.0067141000332248723 -0.0041982560785936629 0.0059548491784662374 0.0024911113597202864 -0.0049748904432646689 0.0029755526064645672 -0.003201464616641302 0.013091104452438742 -8.3788852379374241e-05
leaf_weight=32.400822535157204 50.211302816867828 13.043614514172075 29.875898443162441 59.394191887229681 16.156780920922756 26.823368035256863 15.975481376051901 39.211745131760836 21.726533189415932 29.390227574855089 18.19387573748827 45.175904083997011 12.218927271664141 26.612976901233196 38.234365917742252 12.475545980036257 33.852256990969181 20.781910859048367 108.43207737058401 21.538258887827396 19.190430872142318 14.132314004004 12.590136915445326 1081.9686388708651
leaf_count=199 422 113 210 502 134 189 116 340 173 245 162 448 103 151 360 92 224 137 676 165 134 105 75 7703
internal_value=5.81064e-05 0.00333736 -3.15308e-05 -0.00156379 -0.000472115 0.00193879 0.00490925 0.000210655 -0.00150064 -0.00230272 -0.00521206 8.56783e-05 0.000211916 0.000126193 1.62961e-05 0.000164772 8.9105e-05 0.000209646 0.000326891 0.000219899 0.000322411 0.00437344 0.00775736 0.00015528
internal_weight=1799.61 45.4444 1754.16 237.872 187.66 80.6822 42.7988 1516.29 37.8833 106.978 47.5841 1477.08 1431.9 1419.68 1393.07 1354.84 1342.36 1308.51 1278.63 1257.85 1236.31 45.9129 31.7806 1190.4
internal_count=13178 312 12866 1943 1521 612 305 10923 307 909 407 10583 10135 10032 9881 9521 9429 9205 8995 8858 8693 314 209 8379
is_linear=0
shrinkage=0.01


end of trees

feature_importances:
kirim_naqd_q90=202
amt_min=190
kirim_naqd_mean=125
chiqim_bank_otkazmasi_q50=119
chiqim_karta_std=112
chiqim_bank_otkazmasi_q90=111
karta_max=94
cash_share_of_volume=93
chiqim_bank_otkazmasi_std=86
hist_bank_b10=86
chiqim_bank_otkazmasi_mean=82
bank_otkazmasi_std=78
chiqim_karta_q90=78
hist_bank_b6=77
hist_bank_b4=75
share_is_floor=72
chiqim_karta_q50=69
amt_skew=67
kirim_naqd_q50=60
naqd_max=58
hist_karta_b8=58
w90_xalqaro_minus_all=57
karta_expsum=56
chiqim_karta_mean=56
kirim_naqd_std=54
chiqim_max=52
naqd_mean=52
kirim_naqd_q10=50
chiqim_naqd_std=50
w3_share_in=49
chiqim_bank_otkazmasi_q10=48
chiqim_xalqaro_mean=48
kirim_bank_otkazmasi_q90=47
cash_intl_share=47
last50_mean_minus_all=47
z_mean_naqd=46
share_is_naqd=46
gap_max_h=46
z_mean_bank_otkazmasi=45
w60_naqd_minus_all=45
w14_share_in=44
w90_share_naqd=44
w90_naqd_minus_all=44
share_is_weekend=43
sig_days_since_2025=43
kirim_bank_otkazmasi_mean=42
kirim_bank_otkazmasi_std=42
hist_bank_b7=42
w90_max=42
w14_in_minus_all=42
hist_karta_b6=41
bank_otkazmasi_mean=40
chiqim_karta_q10=40
chiqim_naqd_q10=40
hist_bank_b1=40
last10_naqd_minus_all=40
karta_std=39
hour_std=38
w30_naqd_minus_all=38
w90_in_minus_all=38
share_is_night=37
hist_bank_b5=37
span_days=37
w30_in_minus_all=37
amt_max=36
chiqim_bank_otkazmasi_n=36
hist_bank_b8=36
w1_share_in=36
hist_all_b4=35
amt_spike_z=35
hist_bank_b9=34
hist_karta_b3=34
last10_std=34
kirim_bank_otkazmasi_q50=33
share_gap_lt_10m=33
w3_naqd_minus_all=33
kirim_xalqaro_mean=32
w1_max=32
bank_otkazmasi_expsum=31
naqd_sum=31
bucket4_mean=31
w60_in_minus_all=31
share_passthrough_24h=30
naqd_std=30
hist_karta_b7=30
w1_mean_minus_all=30
w3_in_minus_all=30
share_passthrough_1h=29
hour_mean=29
w7_max=29
last10_max=29
z_last30d_minus_all=29
bank_otkazmasi_max=28
xalqaro_max=28
kirim_karta_mean=28
w60_max=28
last50_xalqaro_minus_all=28
share_in_then_out_1h=27
cnt_is_floor=27
chiqim_n=27
kirim_karta_q90=27
chiqim_naqd_q50=27
hist_bank_b3=27
w3_mean_minus_all=27
w90_share_in=27
w1_naqd_minus_all=27
w7_in_minus_all=27
last10_mean_minus_all=27
w7_share_in=26
w90_share_xalqaro=26
amt_range=26
kirim_bank_otkazmasi_q10=25
hist_all_b6=25
hist_karta_b0=25
w14_max=25
w14_naqd_minus_all=25
activity_trend=25
chiqim_std=24
hist_all_b5=24
w30_mean_minus_all=24
last10_span_h=24
bucket1_n=24
w1_in_minus_all=24
karta_sum=23
xalqaro_std=23
chiqim_naqd_q90=23
w14_share_naqd=23
w60_share_xalqaro=23
bucket2_n=23
w60_xalqaro_minus_all=23
last50_naqd_minus_all=23
z_mean_karta=22
bank_otkazmasi_sum=22
w3_max=22
amt_q90=21
cnt_is_night=21
kirim_karta_std=21
kirim_karta_q50=21
chiqim_naqd_n=21
hist_karta_b2=21
hist_karta_b10=21
w90_mean_minus_all=21
bucket4_n=21
net_flow_share=21
w14_rate_ratio=21
share_is_in=20
hist_karta_b1=20
hist_karta_b4=20
w30_share_in=20
w60_mean_minus_all=20
w3_xalqaro_minus_all=20
z_last50_minus_all=20
sig_month=20
amt_q10=19
z_mean_xalqaro=19
kirim_sum=19
naqd_expsum=19
xalqaro_mean=18
chiqim_naqd_mean=18
std_tx_per_day=18
w30_mean=18
w60_share_in=18
last50_std=18
bucket3_n=18
bucket0_mean=18
w1_xalqaro_minus_all=18
share_in_then_out_24h=17
hist_bank_b0=17
w14_share_bank=17
w60_share_naqd=17
last50_max=17
w7_naqd_minus_all=17
amt_std=16
share_is_xalqaro=16
chiqim_expsum=16
hist_bank_b2=16
w14_mean_minus_all=16
w3_share_of_tx=16
w90_rate_ratio=16
cnt_is_bank_otkazmasi=15
chiqim_sum=15
w1_share_naqd=15
w3_share_naqd=15
w7_mean_minus_all=15
bucket5_n=15
bucket1_mean=15
intl_share_of_volume=15
w7_rate_ratio=15
amount_trend=15
cnt_is_naqd=14
chiqim_karta_n=14
tx_per_active_day=14
w7_share_bank=14
w60_share_bank=14
last50_mean=14
bucket5_mean=14
w60_rate_ratio=14
w90_share_of_tx=14
z_median=13
share_is_big3=13
karta_mean=13
xalqaro_sum=13
kirim_karta_n=13
hist_all_b0=13
hist_karta_b9=13
w1_mean=13
w1_share_bank=13
w30_rate_ratio=13
z_std=12
share_is_bank_otkazmasi=12
cnt_in_then_out_24h=12
kirim_std=12
kirim_karta_q10=12
hist_all_b3=12
hist_karta_b5=12
active_day_share=12
w3_share_bank=12
w30_share_naqd=12
w30_share_bank=12
bucket3_mean=12
w3_rate_ratio=12
w30_share_of_tx=12
recent_month_vs_prior=12
z_max=11
kirim_mean=11
kirim_max=11
gap_mean_h=11
gap_std_h=11
w7_share_naqd=11
w30_max=11
w1_share_of_tx=11
w14_xalqaro_minus_all=11
w30_xalqaro_minus_all=11
w60_share_of_tx=11
last10_xalqaro_minus_all=11
amt_sum=10
cnt_passthrough_1h=10
hist_all_b7=10
hist_all_b9=10
w60_n=10
bucket2_mean=10
w14_share_of_tx=10
z_q10=9
z_mean_last50=9
share_is_big2=9
cnt_in_then_out_1h=9
cnt_is_karta=9
kirim_expsum=9
bank_otkazmasi_n=9
hist_all_b8=9
w3_n=9
w30_share_xalqaro=9
last10_mean=9
in_out_count_ratio=9
w7_xalqaro_minus_all=9
amt_q75=8
z_mean_chiqim=8
z_mean_last30d=8
share_is_karta=8
xalqaro_expsum=8
hist_all_b1=8
active_days=8
w90_share_bank=8
bucket0_n=8
in_out_volume_logratio=8
card_vs_bank_ratio=8
z_mean_kirim=7
cnt_passthrough_24h=7
amt_top5_mean=7
kirim_bank_otkazmasi_n=7
max_tx_per_day=7
last50_span_h=7
w7_share_of_tx=7
amt_mean=6
amt_q25=6
cnt_is_weekend=6
chiqim_mean=6
kirim_naqd_n=6
gap_median_h=6
w3_share_xalqaro=6
w14_n=6
w90_mean=6
last10_share_in=6
w1_rate_ratio=6
z_mean=5
z_q90=5
cnt_is_in=5
cnt_is_big2=5
cnt_is_big3=5
w1_n=5
w3_mean=5
w7_n=5
w90_n=5
last50_share_in=5
naqd_n=4
hist_all_b10=4
w1_share_xalqaro=4
w14_share_xalqaro=4
w60_mean=4
last50_share_naqd=4
sig_dow=4
amt_median=3
hist_all_b2=3
tx_per_day=3
amt_n=2
karta_n=2
gap_min_h=2
w7_share_xalqaro=2
w14_mean=2
w30_n=2
last10_share_naqd=2
n_tx=1
cnt_is_xalqaro=1
kirim_n=1
xalqaro_n=1
kirim_xalqaro_n=1
days_since_first=1
w7_mean=1
last10_share_xalqaro=1

parameters:
[boosting: gbdt]
[objective: binary]
[metric: binary_logloss]
[tree_learner: serial]
[device_type: cpu]
[data_sample_strategy: bagging]
[data: ]
[valid: ]
[num_iterations: 330]
[learning_rate: 0.01]
[num_leaves: 25]
[num_threads: 8]
[seed: 42]
[deterministic: 0]
[force_col_wise: 0]
[force_row_wise: 0]
[histogram_pool_size: -1]
[max_depth: -1]
[min_data_in_leaf: 82]
[min_sum_hessian_in_leaf: 0.001]
[bagging_fraction: 0.940095]
[pos_bagging_fraction: 1]
[neg_bagging_fraction: 1]
[bagging_freq: 1]
[bagging_seed: 400]
[bagging_by_query: 0]
[feature_fraction: 0.461733]
[feature_fraction_bynode: 1]
[feature_fraction_seed: 30056]
[extra_trees: 0]
[extra_seed: 12879]
[early_stopping_round: 0]
[early_stopping_min_delta: 0]
[first_metric_only: 0]
[max_delta_step: 0]
[lambda_l1: 0.101037]
[lambda_l2: 2.84043]
[linear_lambda: 0]
[min_gain_to_split: 0.0360256]
[drop_rate: 0.1]
[max_drop: 50]
[skip_drop: 0.5]
[xgboost_dart_mode: 0]
[uniform_drop: 0]
[drop_seed: 17869]
[top_rate: 0.2]
[other_rate: 0.1]
[min_data_per_group: 100]
[max_cat_threshold: 32]
[cat_l2: 10]
[cat_smooth: 10]
[max_cat_to_onehot: 4]
[top_k: 20]
[monotone_constraints: ]
[monotone_constraints_method: basic]
[monotone_penalty: 0]
[feature_contri: ]
[forcedsplits_filename: ]
[refit_decay_rate: 0.9]
[cegb_tradeoff: 1]
[cegb_penalty_split: 0]
[cegb_penalty_feature_lazy: ]
[cegb_penalty_feature_coupled: ]
[path_smooth: 0]
[interaction_constraints: ]
[verbosity: -1]
[saved_feature_importance_type: 0]
[use_quantized_grad: 0]
[num_grad_quant_bins: 4]
[quant_train_renew_leaf: 0]
[stochastic_rounding: 1]
[linear_tree: 0]
[max_bin: 255]
[max_bin_by_feature: ]
[min_data_in_bin: 3]
[bin_construct_sample_cnt: 200000]
[data_random_seed: 175]
[is_enable_sparse: 1]
[enable_bundle: 1]
[use_missing: 1]
[zero_as_missing: 0]
[feature_pre_filter: 1]
[pre_partition: 0]
[two_round: 0]
[header: 0]
[label_column: ]
[weight_column: ]
[group_column: ]
[ignore_column: ]
[categorical_feature: ]
[forcedbins_filename: ]
[precise_float_parser: 0]
[parser_config_file: ]
[objective_seed: 16083]
[num_class: 1]
[is_unbalance: 0]
[scale_pos_weight: 1]
[sigmoid: 1]
[boost_from_average: 1]
[reg_sqrt: 0]
[alpha: 0.9]
[fair_c: 1]
[poisson_max_delta_step: 0.7]
[tweedie_variance_power: 1.5]
[lambdarank_truncation_level: 30]
[lambdarank_norm: 1]
[label_gain: ]
[lambdarank_position_bias_regularization: 0]
[eval_at: ]
[multi_error_top_k: 1]
[auc_mu_weights: ]
[num_machines: 1]
[local_listen_port: 12400]
[time_out: 120]
[machine_list_filename: ]
[machines: ]
[gpu_platform_id: -1]
[gpu_device_id: -1]
[gpu_device_id_list: ]
[gpu_use_dp: 0]
[num_gpu: 1]

end of parameters

pandas_categorical:[]
