tree
version=v4
num_class=1
num_tree_per_iteration=1
label_index=0
max_feature_idx=323
objective=binary sigmoid:1
feature_names=amt_n amt_mean amt_std amt_max amt_sum amt_min amt_median amt_q10 amt_q25 amt_q75 amt_q90 amt_skew z_mean z_std z_median z_q10 z_q90 z_max z_mean_kirim z_mean_chiqim z_mean_karta z_mean_bank_otkazmasi z_mean_naqd z_mean_xalqaro z_mean_last30d z_mean_last50 n_tx share_is_in share_is_night share_is_weekend share_is_big2 share_is_big3 share_is_floor share_in_then_out_1h share_in_then_out_24h share_passthrough_1h share_passthrough_24h share_is_karta share_is_bank_otkazmasi share_is_naqd share_is_xalqaro cnt_is_in cnt_is_night cnt_is_weekend cnt_is_big2 cnt_is_big3 cnt_is_floor cnt_in_then_out_1h cnt_in_then_out_24h cnt_passthrough_1h cnt_passthrough_24h cnt_is_karta cnt_is_bank_otkazmasi cnt_is_naqd cnt_is_xalqaro amt_top5_mean kirim_n kirim_mean kirim_std kirim_max kirim_sum kirim_expsum chiqim_n chiqim_mean chiqim_std chiqim_max chiqim_sum chiqim_expsum karta_n karta_mean karta_std karta_max karta_sum karta_expsum bank_otkazmasi_n bank_otkazmasi_mean bank_otkazmasi_std bank_otkazmasi_max bank_otkazmasi_sum bank_otkazmasi_expsum naqd_n naqd_mean naqd_std naqd_max naqd_sum naqd_expsum xalqaro_n xalqaro_mean xalqaro_std xalqaro_max xalqaro_sum xalqaro_expsum kirim_karta_n kirim_karta_mean kirim_karta_std kirim_karta_q10 kirim_karta_q50 kirim_karta_q90 kirim_bank_otkazmasi_n kirim_bank_otkazmasi_mean kirim_bank_otkazmasi_std kirim_bank_otkazmasi_q10 kirim_bank_otkazmasi_q50 kirim_bank_otkazmasi_q90 kirim_naqd_n kirim_naqd_mean kirim_naqd_std kirim_naqd_q10 kirim_naqd_q50 kirim_naqd_q90 kirim_xalqaro_n kirim_xalqaro_mean chiqim_karta_n chiqim_karta_mean chiqim_karta_std chiqim_karta_q10 chiqim_karta_q50 chiqim_karta_q90 chiqim_bank_otkazmasi_n chiqim_bank_otkazmasi_mean chiqim_bank_otkazmasi_std chiqim_bank_otkazmasi_q10 chiqim_bank_otkazmasi_q50 chiqim_bank_otkazmasi_q90 chiqim_naqd_n chiqim_naqd_mean chiqim_naqd_std chiqim_naqd_q10 chiqim_naqd_q50 chiqim_naqd_q90 chiqim_xalqaro_n chiqim_xalqaro_mean hist_all_b0 hist_all_b1 hist_all_b2 hist_all_b3 hist_all_b4 hist_all_b5 hist_all_b6 hist_all_b7 hist_all_b8 hist_all_b9 hist_all_b10 hist_bank_b0 hist_bank_b1 hist_bank_b2 hist_bank_b3 hist_bank_b4 hist_bank_b5 hist_bank_b6 hist_bank_b7 hist_bank_b8 hist_bank_b9 hist_bank_b10 hist_karta_b0 hist_karta_b1 hist_karta_b2 hist_karta_b3 hist_karta_b4 hist_karta_b5 hist_karta_b6 hist_karta_b7 hist_karta_b8 hist_karta_b9 hist_karta_b10 span_days days_since_first days_since_last active_days max_tx_per_day std_tx_per_day gap_mean_h gap_median_h gap_min_h gap_max_h gap_std_h hour_mean hour_std active_day_share tx_per_day tx_per_active_day share_gap_lt_10m w1_n w1_mean w1_max w1_share_in w1_share_naqd w1_share_xalqaro w1_share_bank w1_mean_minus_all w3_n w3_mean w3_max w3_share_in w3_share_naqd w3_share_xalqaro w3_share_bank w3_mean_minus_all w7_n w7_mean w7_max w7_share_in w7_share_naqd w7_share_xalqaro w7_share_bank w7_mean_minus_all w14_n w14_mean w14_max w14_share_in w14_share_naqd w14_share_xalqaro w14_share_bank w14_mean_minus_all w30_n w30_mean w30_max w30_share_in w30_share_naqd w30_share_xalqaro w30_share_bank w30_mean_minus_all w60_n w60_mean w60_max w60_share_in w60_share_naqd w60_share_xalqaro w60_share_bank w60_mean_minus_all w90_n w90_mean w90_max w90_share_in w90_share_naqd w90_share_xalqaro w90_share_bank w90_mean_minus_all last10_mean last10_std last10_max last10_share_in last10_share_naqd last10_share_xalqaro last10_span_h last50_mean last50_std last50_max last50_share_in last50_share_naqd last50_share_xalqaro last50_span_h bucket0_n bucket1_n bucket2_n bucket3_n bucket4_n bucket5_n bucket0_mean bucket1_mean bucket2_mean bucket3_mean bucket4_mean bucket5_mean no_tx few_tx in_out_count_ratio in_out_volume_logratio net_flow_share card_vs_bank_ratio cash_intl_share cash_share_of_volume intl_share_of_volume amt_spike_z amt_range w1_share_of_tx w1_rate_ratio w1_naqd_minus_all w1_xalqaro_minus_all w1_in_minus_all w3_share_of_tx w3_rate_ratio w3_naqd_minus_all w3_xalqaro_minus_all w3_in_minus_all w7_share_of_tx w7_rate_ratio w7_naqd_minus_all w7_xalqaro_minus_all w7_in_minus_all w14_share_of_tx w14_rate_ratio w14_naqd_minus_all w14_xalqaro_minus_all w14_in_minus_all w30_share_of_tx w30_rate_ratio w30_naqd_minus_all w30_xalqaro_minus_all w30_in_minus_all w60_share_of_tx w60_rate_ratio w60_naqd_minus_all w60_xalqaro_minus_all w60_in_minus_all w90_share_of_tx w90_rate_ratio w90_naqd_minus_all w90_xalqaro_minus_all w90_in_minus_all z_last30d_minus_all z_last50_minus_all last10_mean_minus_all last10_naqd_minus_all last10_xalqaro_minus_all last50_mean_minus_all last50_naqd_minus_all last50_xalqaro_minus_all recent_month_vs_prior activity_trend amount_trend sig_month sig_dow sig_days_since_2025
feature_infos=[1:2279] [-2.1882801181098666:5.0967180964281287] [0.28664728846305904:1.9166176865667646] [-2.1882801181098666:6.691657029911009] [-2005.7977191805578:1271.9979927006964] [-2.9123135044823321:5.0967180964281287] [-2.1882801181098666:5.0967180964281287] [-2.379335604242736:5.0967180964281287] [-2.1882801181098666:5.0967180964281287] [-2.1882801181098666:5.0967180964281287] [-2.1882801181098666:5.0967180964281287] [-1.1394695199989988:2.6730817678190291] [-2.5103516003591837:4.583620595531924] [0.23234585958617826:2.4492739703351982] [-2.5103516003591837:4.583620595531924] [-2.5103516003591837:4.583620595531924] [-2.5103516003591837:4.583620595531924] [-2.5103516003591837:7.1763864973459031] [-2.5103516003591837:3.5339739560466255] [-2.2846459157165686:4.583620595531924] [-2.5103516003591837:4.583620595531924] [-2.09935449813957:4.1383540291805705] [-2.3969441812450736:3.5339739560466255] [-2.1998763561354009:4.3117299946536107] [-2.6705543242670782:4.583620595531924] [-2.5103516003591837:4.583620595531924] [1:2279] [0:1] [0:1] [0:1] [0:1] [0:1] [0:0.05329153605015674] [0:0.29629629629629628] [0:0.29629629629629628] [0:0.16666666666666666] [0:0.16666666666666666] [0:1] [0:1] [0:1] [0:1] [0:1805] [0:548] [0:1032] [0:268] [0:121] [0:49] [0:249] [0:391] [0:34] [0:85] [0:1276] [0:1100] [0:259] [0:21] [-2.1882801181098666:6.3303802870028418] [0:1805] [-2.1882801181098666:4.046036509968709] [0.21336055538131746:2.3065720465257509] [-2.1882801181098666:6.691657029911009] [-1867.9446738790448:827.36848567881145] [0:6249.0094945463425] [0:570] [-2.3203885170359371:5.0967180964281287] [0.056907279467466564:2.3907794659034569] [-2.3203885170359371:6.691657029911009] [-425.09245715249102:548.95177190121649] [0:6120.8044178940982] [0:1276] [-2.1882801181098666:3.779012609978059] [0.094540234208270388:2.4604821660041716] [-2.1882801181098666:4.1834982653003081] [-1265.8131335689495:217.61047387998144] [0:1950.0465930705591] [0:1100] [-2.2473833503188096:5.0967180964281287] [0.16142859898398521:2.1093337235892085] [-1.7183343282845327:6.691657029911009] [-788.86034120398404:1079.8301010440189] [0:10263.395286751353] [0:259] [-1.2961172691222571:3.5496618244420466] [9.0667868281851859e-05:3.2696551027384348] [-1.2961172691222571:4.8627912640490401] [-75.473463215995395:375.64690729964434] [0:1595.6685000000073] [0:21] [-0.36252613018463659:6.4303904919307273] [0.00035675748888616124:3.6383315718778309] [-0.36252613018463659:6.4303904919307273] [-0.36252613018463659:47.322430828454763] [0:1224.6656762636944] [0:1188] [-2.1882801181098666:2.4293271872816766] [0.014819354715281272:2.080307195356768] [-2.1882801181098666:2.4293271872816766] [-2.1882801181098666:2.4293271872816766] [-2.1882801181098666:3.1036200173280606] [0:881] [-2.2528571761143605:3.3412833267715349] [0.10865433225002899:2.3094385490579521] [-2.9068917166668511:3.3412833267715349] [-2.2595518300019237:3.3412833267715349] [-1.9126459174966266:4.3694306419238647] [0:200] [-1.2048968407495082:3.1432143394322423] [9.0667868281851859e-05:3.2696551027384348] [-1.2064939406695492:3.1432143394322423] [-1.2048968407495082:3.220109995887841] [-1.2048968407495082:4.1550905763123627] [0:20] [-0.34518187917643561:6.4303904919307273] [0:351] [-2.2071256280973488:3.779012609978059] [0.0091999209304930701:2.7308834161772935] [-2.2137968212525272:3.779012609978059] [-2.2071256280973488:3.779012609978059] [-2.2071256280973488:4.0828386799682157] [0:391] [-2.4779697040594617:5.0967180964281287] [0.0032079948627512797:2.9460953503924605] [-2.8356377839285352:5.0967180964281287] [-2.6510456439744452:5.0967180964281287] [-2.3203885170359371:5.0967180964281287] [0:111] [-1.3180279385524722:4.7370741850501021] [6.9597039723531354e-05:2.7377258616628044] [-1.3180279385524722:4.7370741850501021] [-1.3180279385524722:4.7370741850501021] [-1.3180279385524722:4.7370741850501021] [0:7] [-0.51840220907071599:6.4303904919307273] [0:1] [0:1] [0:1] [0:1] [0:1] [0:1] [0:1] [0:1] [0:1] [0:1] [0:1] [0:0.8014184397163121] [0:1] [0:1] [0:1] [0:1] [0:1] [0:1] [0:1] [0:1] [0:1] [0:1] [0:1] [0:1] [0:1] [0:1] [0:1] [0:1] [0:1] [0:1] [0:0.5] [0:0.59999999999999998] [0:1] [0:179.99996527777779] [1:180] [0:7] [1:181] [1:808] [0:103.16041345377985] [7.8531681924250585e-05:3786.0733333333333] [0:3786.0733333333333] [0:3786.0733333333333] [0.00055555555555555556:3786.0733333333333] [0.00012814671675266776:2497.2566100557256] [0:23] [0:12.727922061357855] [0.012578616352201259:1] [0.012578616352201259:310] [1:620] [0:0.99838709677419357] [0:811] [-2.9103030872057047:5.0967180964281287] [-2.9103030872057047:6.4303904919307273] [0:1] [0:1] [0:1] [0:1] [-3.061399910173308:2.467357078406784] [0:877] [-2.9103030872057047:5.1173024594390748] [-2.9103030872057047:6.4303904919307273] [0:1] [0:1] [0:1] [0:1] [-3.061399910173308:4.0424734647355089] [1:1016] [-2.9030083296771982:5.0967180964281287] [-2.9030083296771982:6.4303904919307273] [0:1] [0:1] [0:1] [0:1] [-3.061399910173308:2.601378230075774] [1:1224] [-2.9030083296771982:5.0967180964281287] [-2.9030083296771982:6.4303904919307273] [0:1] [0:1] [0:1] [0:1] [-3.061399910173308:2.467357078406784] [1:1530] [-2.9030083296771982:5.0967180964281287] [-2.9030083296771982:6.4303904919307273] [0:1] [0:1] [0:1] [0:1] [-3.061399910173308:1.6571850405619806] [1:1652] [-2.1882801181098666:5.0967180964281287] [-2.1882801181098666:6.5792703269559603] [0:1] [0:1] [0:1] [0:1] [-1.6133709390592901:1.6571850405619806] [1:2004] [-2.1882801181098666:5.0967180964281287] [-2.1882801181098666:6.691657029911009] [0:1] [0:1] [0:1] [0:1] [-1.6848314868169649:1.6571850405619806] [-2.3429751156254532:5.0967180964281287] [0.15424703228627068:2.373535653122143] [-2.1882801181098666:5.9305440779916134] [0:1] [0:1] [0:1] [0:4307.2577777777778] [-2.1882801181098666:5.0967180964281287] [0.22337614487936411:1.8940143002200636] [-2.1882801181098666:6.691657029911009] [0:1] [0:1] [0:1] [0:4319.5627777777781] [1:1520] [0:818] [0:647] [0:679] [0:444] [0:436] [-2.9030083296771982:5.0967180964281287] [-1.8801167760495869:2.4086700148120643] [-2.0588920239713597:4.0489088500611947] [-1.7183001470135923:3.0108021551644555] [-2.1042629849263945:4.1153807865488252] [-2.3203885170359371:3.8459678277847225] none [0:1] [0.375:239] [-5.1028162531861216:4.989097018019085] [-0.99999999999388323:0.99999999999314149] [0.0011547344110854503:13.476190476190476] [0:1] [0:0.99999999995603006] [0:0.99999999998250855] [0.70710678049988451:9.4520380468367957] [0:9.598831916427379] [0:0.99999999999838707] [0:49.666664199889013] [-0.45454545454545453:0.97297297297297303] [-0.058823529411764705:0.99285714285714288] [-0.90000000000000002:0.75] [0:0.99999999999838707] [0:24.833332099944506] [-0.45454545454545453:0.97297297297297303] [-0.058823529411764705:0.99371069182389937] [-0.90000000000000002:0.75] [0.0010204081632642649:0.99999999999838707] [0.0093052109174214474:12.416666049972253] [-0.45454545454545453:0.97297297297297303] [-0.058823529411764705:0.99371069182389937] [-0.90000000000000002:0.75] [0.0016420361247920492:0.99999999999838707] [0.0198139025666344:6.6222218933185353] [-0.45454545454545453:0.97297297297297303] [-0.058823529411764705:0.97727272727272729] [-0.90000000000000002:0.75] [0.0020533880903448598:0.99999999999858957] [0.011922898584716844:3.2278100573868516] [-0.45454545454545453:0.94117647058823528] [-0.058823529411764705:0.375] [-0.79661016949152541:0.69999999999999996] [0.018480492813103738:0.99999999999928157] [0.032786885180327872:2.3256694832421547] [-0.33333333333333331:0.76923076923076916] [-0.058823529411764705:0.20833333333333331] [-0.76923076923076927:0.3928571428571429] [0.084188911704139238:0.99999999999939648] [0.021978021934065936:1.8350829290848181] [-0.33333333333333331:0.5] [-0.041666666666666664:0.125] [-0.59999999999999998:0.3571428571428571] [-2.8470148614041473:1.4380987080436538] [-1.7877183177549898:0.72160909021891484] [-2.2674334294441767:1.0334048073759519] [-0.31950207468879666:0.6333333333333333] [-0.07407407407407407:0.19676375404530747] [-1.4675609402744634:0.76095556580701817] [-0.15604938271604937:0.25746905089408534] [-0.032171581769436998:0.087381703470031546] [0.020366598778004074:710] [-0.50246305418719206:0.84995004995004997] [-0.73531915404577475:0.72810258520401838] [1:12] [0:6] [0:729]
tree_sizes=2753 2859 2899 2843 2869 2876 2870 2883 2885 2879 2885 2876 2884 2878 2875 2881 2872 2899 2886 2870 2866 2872 2894 2889 2903 2890 2874 2886 2897 2910 2903 2893 2899 2891 2882 2902 2891 2881 2904 2881 2859 2885 2906 2901 2882 2895 2868 2877 2906 2891 2889 2867 2878 2885 2906 2891 2900 2907 2872 2902 2892 2903 2876 2889 2903 2892 2876 2891 2895 2895 2896 2893 2876 2898 2897 2885 2886 2892 2897 2903 2872 2886 2888 2916 2887 2906 2916 2877 2882 2883 2882 2899 2888 2897 2889 2900 2897 2892 2900 2893 2889 2901 2887 2895 2890 2900 2909 2895 2896 2902 2885 2882 2906 2865 2893 2873 2891 2892 2871 2878 2902 2908 2886 2903 2894 2901 2896 2887 2893 2912 2889 2899 2892 2911 2887 2892 2898 2900 2908 2900 2899 2889 2859 2900 2895 2899 2895 2909 2887 2897 2895 2854 2890 2896 2898 2898 2891 2880 2904 2896 2878 2893 2913 2902 2894 2904 2888 2893 2871 2905 2901 2883 2879 2903 2900 2913 2895 2904 2896 2882 2913 2899 2873 2886 2915 2881 2906 2917 2912 2899 2897 2905 2895 2889 2898 2885 2879 2881 2894 2888 2899 2878 2895 2890 2912 2906 2902 2902 2883 2898 2895 2905 2891 2901 2888 2907 2878 2904 2890 2899 2908 2896 2892 2889 2904 2897 2923 2881 2884 2851 2889 2909 2888 2892 2883 2886 2865 2886 2896 2894 2894 2900 2911 2923 2914 2897 2904 2868 2893 2901 2876 2873 2894 2891 2895 2913 2916 2906 2900 2899 2891 2891 2900 2885 2920 2890 2902 2887 2893 2907 2899 2891 2899 2867 2894 2907 2887 2906 2891 2899 2902 2888 2902 2885 2895 2898 2877 2864 2891 2884 2903 2892 2898 2897 2880 2904 2907 2893 2892 2888 2914 2908 2900 2885 2882 2897 2880 2889 2876 2902 2888 2905 2904 2888 2884 2890 2898 2896 2905 2893 2886 2886 2894 2878 2896 2889 2921 2891 2889 2909

Tree=0
num_leaves=25
num_cat=0
split_feature=122 5 5 116 122 84 131 73 316 116 105 78 62 205 5 277 105 295 120 277 160 185 18 35
split_gain=100.962 97.1989 53.6286 31.9581 36.0943 30.7741 28.117 23.0953 22.0272 17.6174 15.7944 16.9118 15.8527 18.6019 18.178 18.2275 15.1137 19.5666 14.3109 14.5057 14.2864 13.6077 13.5007 13.0861
threshold=0.2472210926949053 -2.8983711643309662 -2.8712440139818409 0.33230128323152541 0.82141118620789799 20.544132471151432 1.1296400249269674 488.61288700388775 0.022128372421089764 0.133444274047719 0.71506789023083195 -44.237153428135208 153.50000000000003 -0.10360581899694037 -2.6612683811696312 -0.007477098061859185 0.4269124416497973 0.20365833985527068 0.99682136630300899 -0.027179189531447864 0.036477341849148422 0.79321839080459788 -0.035615540135757608 0.0019138773506809377
decision_type=8 2 2 10 10 2 8 2 2 10 10 2 2 2 2 10 10 2 8 10 10 10 10 2
left_child=1 -1 9 -2 7 6 8 -5 -4 23 11 12 13 14 -8 -16 -7 -18 19 -12 -13 -17 -22 -3
right_child=3 2 5 4 -6 16 10 -9 -10 -11 18 20 -14 -15 15 21 17 -19 -20 -21 22 -23 -24 -25
leaf_value=-1.5775524983096247 -1.5765472651889534 -1.5695614341842563 -1.5711624430557536 -1.5708232237637414 -1.5755752552103333 -1.5728626701865656 -1.5731820901471474 -1.5600026062427295 -1.5555446865557319 -1.5745985880985287 -1.5720812522156082 -1.5777617077336952 -1.574594622192228 -1.5778916194923041 -1.571350994267122 -1.5548904505496415 -1.5613351183553887 -1.5733648213414313 -1.5735535472285989 -1.5595134658654775 -1.5687591224580875 -1.5668468220814786 -1.5752638683187592 -1.5607198191888363
leaf_weight=162.19393104314804 639.81237535178661 23.759988144040108 18.922625288367271 122.78365130722523 190.93355742096901 22.764060497283936 32.011960074305534 21.199031338095665 16.219393104314804 11.951131761074064 15.081190079450606 89.206662073731422 64.308470904827118 15.934842348098753 25.040466547012329 20.772205203771591 67.15397846698761 16.361668482422829 24.471365034580231 23.475437387824059 51.219136118888855 24.186814278364182 74.979124262928963 99.02366316318512
leaf_count=1140 4497 167 133 863 1342 160 225 149 114 84 106 627 452 112 176 146 472 115 172 165 360 170 527 696
internal_value=-1.57302 -1.5706 -1.56906 -1.57524 -1.57274 -1.57036 -1.57144 -1.569 -1.56316 -1.56341 -1.57213 -1.57288 -1.57066 -1.56851 -1.56695 -1.56419 -1.56555 -1.56364 -1.56759 -1.564 -1.57476 -1.56055 -1.5726 -1.56231
internal_weight=1873.77 899.038 736.844 974.729 334.916 602.109 495.83 143.983 35.142 134.735 460.688 397.66 182.255 117.946 102.011 69.9995 106.28 83.5156 63.028 38.5566 215.405 44.959 126.198 122.784
internal_count=13170 6319 5179 6851 2354 4232 3485 1012 247 947 3238 2795 1281 829 717 492 747 587 443 271 1514 316 887 863
is_linear=0
shrinkage=1


Tree=1
num_leaves=25
num_cat=0
split_feature=119 32 78 109 113 119 109 168 178 244 119 105 323 117 119 197 116 14 22 170 157 119 117 168
split_gain=89.3959 90.8923 35.393 57.7243 34.1384 23.7137 20.5691 17.2242 17.1621 25.452 20.2929 17.2415 17.2068 17.8225 16.6387 18.7883 15.4817 18.8225 14.0672 13.7025 13.0925 12.3625 15.5952 15.1928
threshold=0.44062539308307441 1.0000000180025095e-35 -52.666328559453433 1.1685457581177501 0.26477367783031797 0.8970801905885476 1.8444239670791003 138.50000000000003 0.79457321559970573 0.020972222222222225 0.25323905104377592 1.0991802722788604 283.50000000000006 0.71169630303894582 -1.2339463540532933 -0.17383494546382103 -0.010703873528272899 0.072527649335972721 -0.92619971507554488 6.4196109542184443 0.47975489422857848 -0.562369857920621 0.51412940550891351 166.50000000000003
decision_type=8 2 2 10 10 10 8 2 2 2 10 10 2 10 10 10 10 2 10 8 10 10 10 2
left_child=1 2 14 16 19 6 -6 -8 11 10 12 -5 -10 -14 -1 18 -4 -18 -16 -2 21 23 -23 -20
right_child=4 -3 3 8 5 -7 7 -9 9 -11 -12 -13 13 -15 15 -17 17 -19 20 -21 -22 22 -24 -25
leaf_value=0.015046416856389981 -0.0054831250534721878 -0.0046545831522678228 -0.002549429959668927 -0.00041910131045673005 -0.00023360472099787858 -0.0027849278880249097 0.0009364424015692414 0.011929783147795818 0.0017512953456218824 0.014045975690276361 7.8708663488981088e-05 0.0080038705203388082 0.00034651484124813026 0.013914911990418036 -0.0028576062620032086 -0.00019789865862769392 0.0065793775998671637 -0.0020612474885887571 0.014488527978662416 0 -0.0011017432260768611 0.0016881943831856805 0.0086988507177994927 0.0048570672369378787
leaf_weight=16.444545581936836 329.06479823589325 180.04048232734203 237.11176835000515 90.261785089969635 110.75915122032166 196.99986481666565 26.616341099143028 29.7845369130373 33.538300693035126 35.941924661397934 58.323062270879745 30.190421462059021 12.709105134010313 42.283877745270729 13.99296675622463 53.155643537640572 46.11654894053936 49.62982015311718 45.446637943387032 53.087977826595306 17.68182684481144 60.586330249905586 69.001764491200447 31.583261281251907
leaf_count=115 2318 1269 1667 634 778 1387 187 209 235 252 410 212 89 296 98 373 324 349 318 374 124 425 483 221
internal_value=2.47417e-05 0.00180509 0.00304842 0.00168581 -0.00265202 -0.000450339 0.00229562 0.00705257 0.00482195 0.00673676 0.00470854 0.00181961 0.00765028 0.0109677 0.00581918 0.00515491 -0.00118496 0.00215994 0.00634141 -0.00472861 0.0069483 0.00764762 0.0055353 0.0108653
internal_weight=1870.35 1124.04 944 636.107 746.313 364.16 167.16 56.4009 303.248 182.796 146.854 120.452 88.5313 54.993 307.893 291.448 332.858 95.7464 238.293 382.153 224.3 206.618 129.588 77.0299
internal_count=13147 7894 6625 4468 5253 2561 1174 396 2128 1282 1030 846 620 385 2157 2042 2340 673 1669 2692 1571 1447 908 539
is_linear=0
shrinkage=0.01


Tree=2
num_leaves=25
num_cat=0
split_feature=123 46 109 119 109 147 178 22 123 109 315 162 31 123 11 79 160 75 160 119 308 315 137 109
split_gain=88.6724 59.0474 36.056 47.0334 30.348 34.3245 25.933 20.9487 18.0267 33.8887 22.1257 15.868 16.2126 15.9749 14.7429 14.5341 13.2607 12.7699 12.678 14.2416 12.4527 15.3352 12.3819 14.5008
threshold=1.3037559528709568 1.0000000180025095e-35 1.1685457581177501 -0.26126052086294377 1.2469916402469974 0.14696020140339602 0.79338717512752022 0.61983493571654436 -0.10896092029255984 0.60812320615139193 -0.13666665479058371 0.019362649379051789 0.0021344741493995231 2.1572257067614959 0.29320050212728194 98.231389568686481 0.2037935994246674 0.42798048920673565 0.037056654111738863 0.14086389800449142 0.0020336052294024107 -0.6653848566818884 0.19209546703993349 2.4357253669081698
decision_type=8 2 10 10 10 10 2 10 10 10 2 10 2 10 10 2 10 10 8 10 2 2 2 10
left_child=1 2 3 8 16 11 14 17 10 -10 -1 12 -6 -13 -4 -11 -2 20 -5 -20 21 -7 23 -15
right_child=4 -3 6 18 5 7 -8 -9 9 15 -12 13 -14 22 -16 -17 -18 -19 19 -21 -22 -23 -24 -25
leaf_value=0.012451166737202056 -0.0050397422996858688 -0.0043162352484087136 0.0070658761689156345 -0.0033524293862012312 0.00047407508712889456 0.0093490573461704838 0.0097901707376894503 0.0060505526639034555 -0.0014463651401690617 0.012104438773288236 -0.00043749332263132027 0.002455264519759318 -0.0064358973775524141 -0.0054509277222272888 -0.0016205669071140227 0.0043200675188355964 0.0047557206587505452 -0.0044253624062585732 0.0036883913563969446 -0.0028272014228243837 0.007248834461975915 -0.00148898789289231 0.0027016170309421385 0.0027404100701853241
leaf_weight=49.831246674060822 304.01022177934647 114.13046169281006 31.801446080207825 125.07900643348694 43.67841000854969 12.248017057776449 121.55808354914188 82.296088114380836 88.827587530016899 32.432243779301643 17.375461235642433 87.538016900420189 140.29659508168697 115.89176192879677 42.606997489929199 97.891929507255554 12.21343472599983 44.972138628363609 79.165927112102509 53.992262065410614 27.341311812400818 94.025717675685883 31.91779151558876 24.397381916642189
leaf_count=347 2144 807 223 880 308 86 847 578 622 227 122 615 990 817 299 684 86 317 555 380 192 661 225 172
internal_value=-7.13244e-05 0.00230032 0.00333397 0.00198829 -0.00205885 -0.000894381 0.00698671 0.00196853 0.00475977 0.00328634 0.00922192 -0.00258169 -0.00480769 -0.000966239 0.00220216 0.00648173 -0.00461928 1.66148e-05 -0.00109947 0.00103518 0.0015801 -1.97901e-05 -0.00272288 -0.00399322
internal_weight=1875.52 854.693 740.562 544.596 1020.83 704.603 195.967 260.883 286.358 219.152 67.2067 443.72 183.975 259.745 74.4084 130.324 316.224 178.587 258.237 133.158 133.615 106.274 172.207 140.289
internal_count=13184 5993 5186 3817 7191 4961 1369 1834 2002 1533 469 3127 1298 1829 522 911 2230 1256 1815 935 939 747 1214 989
is_linear=0
shrinkage=0.01


Tree=3
num_leaves=25
num_cat=0
split_feature=119 32 271 105 122 105 271 117 75 116 52 157 123 52 117 213 221 164 208 302 52 313 284 34
split_gain=92.1511 73.5104 42.3256 26.9692 34.731 31.3888 25.1448 30.0301 17.3674 20.167 15.408 16.2513 19.4175 15.4709 15.9995 12.7166 14.508 12.1954 12.185 13.3229 12.1606 13.5029 11.9384 14.1132
threshold=0.1139320758811037 1.0000000180025095e-35 0.067822972005887092 0.62247916080170207 0.64143503934520274 1.0463492869379472 0.11462643700339314 0.56040334643492828 0.43456008789021972 0.35826011249771611 60.500000000000007 0.41420252295010312 0.52057875608898263 155.50000000000003 0.46196966527139022 -0.15272816709245091 -0.33065836073799432 0.0061539044156631072 2.4350424307994039 0.00250224154829065 349.50000000000006 -0.033550011959534561 -0.046796068184646038 0.12247805104947963
decision_type=8 2 2 8 8 8 2 10 10 8 2 10 10 2 10 2 2 10 2 2 2 2 8 2
left_child=1 6 -2 22 5 8 7 -1 9 -5 -8 12 15 -14 -15 16 -12 18 19 -6 21 -9 23 -4
right_child=2 -3 3 4 17 -7 10 20 -10 -11 11 -13 13 14 -16 -17 -18 -19 -20 -21 -22 -23 -24 -25
leaf_value=-0.0011130580014803578 -0.0042902208214820005 -0.0041035784871140887 0.008928184483486248 0.0008628622661917757 -0.0022895067610151664 0.0092667823110963651 -0.0015275297780137248 0 -0.0046160409935003203 0.010308768036675011 0.0077769803643869921 0.0020109223155419993 0.00032510696548390048 -0.0007152670817871194 0.0096986934573176069 0.0013334417893470295 0.016882294570656854 0.0030386035635747307 -0.0054301227811374801 0.0056994267925830292 0.012872352704536152 0.0063554409268534199 -0.0044638962073138225 -0.0020552313156581184
leaf_weight=150.82296821475029 425.18515586853027 128.75246182084084 13.036347404122351 99.416765108704567 86.726355105638504 69.894808024168015 23.246151238679886 53.684949100017548 35.4592414945364 26.769458636641502 44.576827079057693 61.215835422277451 44.152026608586311 17.854970335960388 69.290812373161316 12.304790824651716 42.104968771338463 43.71656508743763 85.425616025924683 24.368710547685623 15.705058589577673 86.770527049899101 166.33409059047699 41.658661514520645
leaf_count=1058 3003 913 92 698 612 489 163 375 250 187 309 428 309 125 481 86 292 308 603 172 109 606 1174 294
internal_value=0 0.00270497 -0.00181767 -0.000287462 0.0010617 0.00380456 0.0041288 0.002059 0.00131733 0.0030574 0.0061079 0.0067291 0.0079392 0.0052189 0.00759856 0.0112913 0.0126064 -0.00159128 -0.00265489 -0.000429865 0.00509415 0.00397946 -0.00314863 0.000856594
internal_weight=1868.47 750.482 1117.99 692.807 471.778 231.54 621.73 306.984 161.645 126.186 314.746 291.5 230.284 131.298 87.1458 98.9866 86.6818 240.237 196.521 111.095 156.161 140.455 221.029 54.695
internal_count=13136 5254 7882 4879 3319 1624 4341 2148 1135 885 2193 2030 1602 915 606 687 601 1695 1387 784 1090 981 1560 386
is_linear=0
shrinkage=0.01


Tree=4
num_leaves=25
num_cat=0
split_feature=122 32 271 117 119 32 109 47 131 262 114 270 64 109 153 59 166 184 311 119 34 28 122 117
split_gain=90.1898 81.4681 41.4458 30.0246 38.7756 23.9673 21.3738 23.4614 20.0944 19.7419 21.2258 26.9134 19.7641 17.8685 21.6754 16.9149 15.5619 15.32 13.0777 12.713 12.5777 11.852 11.583 12.5635
threshold=0.26025589624797435 1.0000000180025095e-35 0.11462643700339314 1.1899112984831832 0.62455565442850103 0.00062896092095701759 1.1685457581177501 19.500000000000004 0.91822742931087398 -0.99788036317089934 0.72765134955375765 0.069108557799259243 0.88480466915357503 1.9359330962660362 0.014306180925092102 2.515253059433844 139.50000000000003 1.3490283092436306 -0.26201667068169526 0.066678879847630601 0.14211862142666312 0.23079303122619957 -0.36849868177710049 0.54651446141216942
decision_type=8 2 2 8 8 2 8 2 10 8 8 2 8 10 8 8 2 10 2 10 2 2 10 10
left_child=1 2 6 16 5 8 22 15 -5 -4 11 -11 20 -6 -15 -8 -2 21 -19 -9 -12 -14 -1 -24
right_child=3 -3 9 4 13 -7 7 19 -10 10 12 -13 17 14 -16 -17 -18 18 -20 -21 -22 -23 23 -25
leaf_value=0.0028191281068569414 0.0061549490423970692 -0.0045362773496647442 0.017276245168436077 0.002315414907241355 -0.0039980599057333937 -0.0078671400882142691 0.0057234393679855685 0.014212868856158929 0.010794653572159625 0.011657682039316481 0.0050722308684558346 0.0021471219101425053 -0.0043917692815932117 0.008902362725810865 -0.0012985168001589168 -0.0029440179528899815 -0.0043149660250324092 0.015404351505606428 0.0021208359239959697 0.0035865687720382827 0.018273100566580342 0.0058963368013174458 -0.0044193843280229649 0.00062879233296408185
leaf_weight=79.185498863458633 12.163569897413252 149.80612814426422 12.566161125898359 81.431802168488503 215.03171952068806 12.734464064240454 39.992046862840652 26.516761243343353 41.877848908305168 32.645375370979309 13.654714122414587 201.56419490277767 18.580442011356354 23.057543784379959 103.60207855701447 44.719753235578537 464.44014824926853 17.626678302884105 13.552725926041601 22.861029610037804 26.540526658296585 20.65718024969101 86.797266259789467 107.55566036701202
leaf_count=553 86 1065 86 571 1521 90 279 183 293 227 95 1403 129 162 732 312 3288 122 94 159 183 143 612 754
internal_value=-9.4461e-05 0.00214514 0.00346676 -0.00224238 -0.000462791 0.00399838 0.00126952 0.00449552 0.00538132 0.0059403 0.00538652 0.00360082 0.00897382 -0.00226026 0.000705215 0.00118924 -0.00401077 0.00539924 0.0103193 0.00977514 0.0144429 0.00103294 -0.000338177 -0.00165176
internal_weight=1869.16 914.822 765.016 954.339 477.735 136.044 407.628 134.09 123.31 357.388 344.822 234.21 110.612 341.691 126.66 84.7118 476.604 70.417 31.1794 49.3778 40.1952 39.2376 273.538 194.353
internal_count=13142 6399 5334 6743 3369 954 2852 933 864 2482 2396 1630 766 2415 894 591 3374 488 216 342 278 272 1919 1366
is_linear=0
shrinkage=0.01


Tree=5
num_leaves=25
num_cat=0
split_feature=122 32 113 109 75 122 159 160 123 194 105 123 311 102 52 126 108 109 71 63 100 92 89 89
split_gain=92.9065 80.9437 33.1859 32.0478 43.0479 29.0916 24.5399 21.8716 21.3157 28.0944 20.871 21.2157 22.1035 17.8237 17.7728 17.0277 19.5516 15.9546 13.4005 16.8987 12.8317 19.2368 11.756 12.0185
threshold=0.26025589624797435 1.0000000180025095e-35 0.2594736628512177 1.2469916402469974 -0.51264193702449345 0.5831164900693222 0.15886436580089644 0.037565469890634758 0.90577760478196123 0.074179894179894193 0.19873710666551034 -0.10896092029255984 -0.20323144076513991 0.19395091732395103 145.50000000000003 0.27229286845757228 0.6967650970564595 0.40337131699278267 2.8766706320861144 0.83020469687658949 1.0337392342708431 143.50000000000003 2.7608231631564126 3.8477486626808859
decision_type=8 2 10 10 10 8 10 10 10 10 10 10 2 10 2 10 10 8 10 10 10 2 8 8
left_child=1 3 -2 4 10 15 13 -6 9 -9 11 12 -1 -5 -8 -4 -17 -13 -7 -20 21 -16 -18 -24
right_child=2 -3 5 6 7 18 14 8 -10 -11 -12 17 -14 -15 20 16 22 -19 19 -21 -22 -23 23 -25
leaf_value=0.012237433813598795 -0.0037169081404252987 -0.0044018317313484056 -0.0040110701772195015 0.013227965640332526 -0.0022032986701005235 -0.0027703416888364731 -0.0013558378471304395 0.0017148110806526667 -6.9275783525326763e-05 0.014212172404000332 0.012793288823170074 -0.0039155530870404335 -0.0018619561699185422 6.0264283735512744e-05 0.017862225251284933 -0.0013514427289967688 0.0010853967896823043 0.0041093596625164635 0.0076150703643327444 -0.0011660136546147054 -9.4053538824813397e-05 0.004857977370582172 0.017220592550479013 0.0059965893394597469
leaf_weight=46.484058707952499 540.56542040407658 145.98728679120541 16.403713598847389 68.266163229942322 173.93950986862183 222.86727917194366 39.552527949213982 46.594713047146797 113.26559528708458 27.674255311489105 35.420086041092873 32.055408775806427 13.318658381700514 12.227861568331717 15.270911633968351 21.903168678283691 14.090548336505888 83.642976105213165 29.32084459066391 66.505173310637474 20.061647579073906 40.881328359246254 20.455862566828731 24.971470892429348
leaf_count=318 3836 1041 115 471 1222 1577 276 324 793 192 245 224 93 85 105 154 98 580 206 470 139 281 142 174
internal_value=8.53535e-05 0.00236117 -0.00208905 0.00365842 0.00243841 3.20842e-05 0.00712599 0.000329109 0.00268107 0.00673669 0.00599617 0.00443678 0.00913918 0.01131 0.00400707 0.00472557 0.00657359 0.0018369 -0.00143448 0.00165246 0.00675174 0.00910145 0.00943499 0.0117876
internal_weight=1871.73 914.643 957.083 768.656 572.395 416.518 196.26 361.474 187.535 74.269 210.921 175.501 59.8027 80.494 115.766 97.8248 81.4211 115.698 318.693 95.826 76.2139 56.1522 59.5179 45.4273
internal_count=13161 6389 6772 5348 3991 2936 1357 2531 1309 516 1460 1215 411 556 801 683 568 804 2253 676 525 386 414 316
is_linear=0
shrinkage=0.01


Tree=6
num_leaves=25
num_cat=0
split_feature=119 32 271 271 81 73 53 273 52 271 271 58 73 81 147 279 259 128 52 79 154 30 52 61
split_gain=87.5467 75.2176 33.1743 24.8622 27.1418 23.1587 19.0896 18.5482 19.5969 17.6034 16.388 15.5662 13.5217 13.0786 20.6701 13.0742 13.0209 16.112 17.3508 15.9491 11.6057 11.4244 12.2268 11.1545
threshold=0.1139320758811037 1.0000000180025095e-35 0.071142955606522965 0.11462643700339314 0.54560390935795011 310.94171343463051 39.500000000000007 5.4713495324663919 60.500000000000007 0.14839136337378836 0.11512896874504785 0.85684089501004612 331.94907686362473 0.79666510609667862 0.1461861667744021 -0.12490981240981235 -0.85894121453578831 0.31714083938949483 164.50000000000003 274.53609475395285 0.02581835495774313 0.011567383857846286 151.50000000000003 193.72956981569948
decision_type=8 2 2 2 10 2 2 10 2 2 2 10 2 10 10 10 8 10 2 2 10 2 2 2
left_child=1 3 -2 4 20 9 11 8 -5 13 -8 -7 21 -4 -15 -11 -10 -18 23 -20 -1 22 -6 -19
right_child=2 -3 5 7 12 6 10 -9 16 15 -12 -13 -14 14 -16 -17 17 18 19 -21 -22 -23 -24 -25
leaf_value=-0.00053162847231427582 -0.0037729870821827495 -0.0041888501699966947 -0.0048248013837674311 -0.0017818408937679126 0.013587438106437767 0.013980052945121729 -0.0019376323038098311 -0.0015118538263712196 0.011252987660580267 0.0097388962087794403 0.0044596362154117339 0.0026357274965578335 0.015542034765564587 -0.0035516266098369904 0.0026271268737038393 0.0004349553692645341 0.0015849317982098443 0.0089389820342609273 0.015365753751092484 0.0061320857795488272 0.0059117827630490788 -0.00048819322461222156 0.0024608270652989451 -0.00075137223276152754
leaf_weight=201.81311909854412 448.95201693475246 128.06671699881554 144.62192425131798 22.895034685730934 17.529407128691673 19.928613945841789 93.562125876545906 27.839184418320656 74.171349391341209 16.102003335952759 65.657394558191299 30.013583794236183 13.167355895042418 124.83944581449032 91.21260242164135 77.336358308792114 58.676786810159683 15.845224678516386 38.007472470402718 47.641300737857819 29.523975849151611 25.16235788166523 22.747593313455582 31.08568263053894
leaf_count=1412 3190 916 1025 160 122 140 662 193 507 113 460 211 90 884 640 543 406 110 262 326 205 175 157 216
internal_value=9.8539e-05 0.00272346 -0.00168285 0.00415148 0.00210499 -0.000256526 0.0024745 0.00611795 0.00686568 -0.0015242 0.000726104 0.00769035 0.00707053 -0.00252496 -0.000938231 0.00228879 0.00762633 0.00607057 0.00797346 0.0106027 0.000348118 0.00477551 0.00790288 0.0028235
internal_weight=1866.4 754.173 1112.23 626.106 309.944 663.274 209.162 316.162 288.323 454.112 159.22 49.9422 78.6067 360.674 216.052 93.4384 265.428 191.256 132.58 85.6488 231.337 65.4394 40.277 46.9309
internal_count=13125 5257 7868 4341 2161 4678 1473 2180 1987 3205 1122 351 544 2549 1524 656 1827 1320 914 588 1617 454 279 326
is_linear=0
shrinkage=0.01


Tree=7
num_leaves=25
num_cat=0
split_feature=123 32 109 147 271 107 124 78 47 157 109 295 92 162 142 153 109 226 282 228 55 316 79 77
split_gain=83.4085 51.9136 38.1052 50.7487 26.9336 25.0829 21.8029 19.4586 19.4438 20.4704 16.8293 16.4546 15.8655 15.6214 19.8054 16.0822 19.2409 12.7573 12.2577 17.5507 12.068 11.2363 11.1837 10.8458
threshold=1.0218350804739009 0.0013395853297012898 1.2469916402469974 0.1461861667744021 0.10713555011819574 0.25521975655414714 3.5000000000000004 -4.2607753862833695 9.5000000000000018 0.42631807163826874 1.2193365413793029 0.17470735213516572 247.50000000000003 0.0191635091809968 0.0019483687038650398 0.049443833272216117 1.9246718179649769 0.020864427860696522 -0.047610001447387452 0.2778499278499279 2.5442822412044697 -0.011990099009900985 721.26592209263663 0.68802161883403923
decision_type=8 2 10 10 2 10 2 2 2 10 10 2 2 10 2 10 10 2 8 2 2 2 2 10
left_child=1 4 -2 13 10 7 21 12 18 -10 -1 20 -5 14 -4 16 -15 -18 -6 -20 -8 -7 -22 -11
right_child=2 -3 3 5 8 6 11 -9 9 23 -12 -13 -14 15 -16 -17 17 -19 19 -21 22 -23 -24 -25
leaf_value=0.00025007728498702424 -0.0037089327667367174 -0.0047627703682384861 0.0013286265049188668 0.0012571668538609376 -0.0035446882356793097 -0.0045779686577529658 0.0042598484765919292 -0.00050015812175028943 0.0090007276816492596 0.0068645717514770055 0.0072855365337748971 0.0032623048600015046 0.014144555784112977 -0.0018455450502547252 -0.0062472960442550643 -0.0044399244914057516 -0.0032321359770671855 0.0065431595178864791 -0.00071673547686532764 0.0092769273040738415 0.021171280820504582 0.0050935377344185342 0.006706264333189849 -0.0026746770111361852
leaf_weight=194.41876414418221 453.86646945774555 72.361714348196983 43.745607569813728 22.080336213111877 25.832582667469978 19.208833813667297 13.851112946867941 189.36593216657639 183.07158906757832 17.349581450223923 38.512626051902771 28.607651308178902 15.163539364933966 104.48153465986252 143.3736318051815 76.802989020943642 14.742245003581045 62.845848724246025 34.469471722841263 31.88115006685257 19.189333111047748 23.548209562897682 12.220761373639105 26.378685131669044
leaf_count=1362 3225 519 310 153 180 135 96 1330 1255 120 265 199 104 740 1023 546 104 441 239 220 133 165 85 184
internal_value=8.6754e-05 0.00306156 -0.00140994 -7.80154e-05 0.00410837 0.00279842 0.00650896 0.000827431 0.00598623 0.00755001 0.00149136 0.00970066 0.00715986 -0.00229767 -0.00447746 -0.000686716 0.00093493 0.00462468 0.0020175 0.00425428 0.0133161 0.000711889 0.0165957 0.00127626
internal_weight=1867.37 624.276 1243.09 789.228 551.914 343.236 116.626 226.61 318.983 226.8 232.931 73.8689 37.2439 445.992 187.119 258.873 182.07 77.5881 92.1832 66.3506 45.2612 42.757 31.4101 43.7283
internal_count=13133 4344 8789 5564 3825 2400 813 1587 2198 1559 1627 513 257 3164 1333 1831 1285 545 639 459 314 300 218 304
is_linear=0
shrinkage=0.01


Tree=8
num_leaves=25
num_cat=0
split_feature=123 32 32 84 114 75 123 315 114 28 1 60 113 122 254 138 161 319 128 122 184 27 115 216
split_gain=89.4297 44.2439 36.139 31.0849 30.687 36.7138 27.7632 24.4866 21.9153 21.0102 21.1826 17.9959 17.1982 17.2119 16.2355 15.6545 15.1959 13.8935 16.4683 15.5724 13.7127 24.9505 12.3255 12.2022
threshold=1.0218350804739009 0.0013395853297012898 0.00071761760225600238 20.359376455999087 0.75928835639781378 0.40564253358465646 -0.10896092029255984 -0.13666665479058371 0.47499818936807098 0.23128143765649586 0.21722068566013517 -125.76864325390081 0.4462481167389673 1.0391880151081743 62.500000000000007 0.228416149068323 0.0038535788535788542 -0.16685205217944638 -0.2770799036647697 -0.036444640190500595 -0.072240938208095684 0.8115188167831292 -1.00834090433527 1.7846640723398921
decision_type=8 2 2 2 10 10 10 2 8 2 2 2 10 10 2 2 10 2 10 10 10 2 8 2
left_child=1 3 4 6 15 9 7 20 -8 -6 11 -11 -7 14 -14 -2 -5 19 22 -10 -1 -22 -19 -13
right_child=2 -3 -4 16 5 12 8 -9 17 10 -12 23 13 -15 -16 -17 -18 18 -20 -21 21 -23 -24 -25
leaf_value=0.0039843591489666791 -0.0031845141010497556 -0.0041494756378281832 -0.0058418045383849468 0.0010723760148035751 0.00058117513539219351 -0.0034753349515716349 -0.0028055660361954609 -0.00090810880606530578 0.0021409377984148007 0.011964122750488691 0.017243009868487896 0.0059335020597390091 -1.3934727703118208e-06 -0.0023549064859540061 0.0093629569751690848 0.0041902099981224288 0.012496334811086557 -0.0059533584618905898 0.005570977134326833 -0.0066082962183237684 0.023833331692846932 0.0060198331112821003 0.0052007108640451973 -0.0015016951815647139
leaf_weight=17.766595870256424 470.52517533302307 74.217278227210045 172.89166659116745 15.604399815201758 118.91597424447536 188.12765817344189 75.334124132990837 19.080956667661667 84.302993312478065 23.447717756032944 13.616589009761809 42.287704229354858 38.171730697154999 69.998295307159424 32.72090220451355 28.135793074965477 54.023202806711197 22.413273170590401 195.68775643408298 23.69411227107048 16.129544705152512 18.208819210529327 13.550888180732725 41.086848333477974
leaf_count=120 3337 534 1238 108 831 1338 528 133 583 162 94 296 268 498 228 199 367 156 1354 166 109 123 95 287
internal_value=-7.86043e-05 0.00298088 -0.00163722 0.00395108 -0.000941305 0.000645193 0.00301596 0.00867313 0.00199076 0.00360399 0.00649822 0.00470823 -0.00151665 0.00110869 0.00450126 -0.00274502 0.0100924 0.00307197 0.00443894 9.21182e-05 0.0120657 0.015596 -0.00165154 0.00232897
internal_weight=1869.94 630.014 1239.93 555.797 1067.03 568.373 486.169 71.1859 414.983 239.355 120.439 106.822 329.019 140.891 70.8926 498.661 69.6276 339.649 231.652 107.997 52.105 34.3384 35.9642 83.3746
internal_count=13152 4376 8776 3842 7538 4002 3367 485 2882 1670 839 745 2332 994 496 3536 475 2354 1605 749 352 232 251 583
is_linear=0
shrinkage=0.01


Tree=9
num_leaves=25
num_cat=0
split_feature=123 5 71 123 5 135 71 162 123 315 208 71 100 71 318 127 217 291 119 303 65 63 153 114
split_gain=77.8895 52.9207 33.3125 45.0207 28.8066 25.5578 20.3923 17.3747 21.0057 23.7341 19.6067 18.1651 18.0058 17.4104 17.1275 17.2858 15.4749 15.4502 13.8874 13.2544 13.0366 12.504 12.3846 13.544
threshold=1.0218350804739009 -2.8943022876294049 1.8389733079629436 1.9862697771211273 -2.8712440139818409 0.084356174698795194 2.9913326147244166 0.0040941701029199784 -0.10896092029255984 -0.13666665479058371 1.5307789771033751 1.060514704206428 0.66826562358518238 1.7604287300856509 0.56083804841013041 0.8878266460448474 0.78389189189189201 1.3232830602907242 0.48648148478708314 0.0036890080407925804 2.9907670509517681 0.1518324972760054 0.015611460138648182 0.8198029686609144
decision_type=8 2 10 10 2 2 10 8 10 2 2 8 10 8 2 8 2 2 10 2 10 10 10 10
left_child=1 -1 16 5 -3 -4 -5 8 9 -6 13 -10 -13 -9 18 22 20 -14 21 -8 -2 -7 23 -16
right_child=2 4 3 6 7 14 19 10 11 -11 -12 12 17 -15 15 -17 -18 -19 -20 -21 -22 -23 -24 -25
leaf_value=-0.0038583713253270051 -0.00041986828204656839 0.0090833369073379487 0.010708686340611196 -0.0041211127999078194 0.012619138534498959 0.0024541347975645428 -0.00035972194405235801 -0.002557624108372836 -0.0011802254402865891 -0.0015417325858005202 0.015801839505193052 0.0085975996588022116 -0.0020337451419791459 0.0091903115162259488 -0.00042591344000044898 -0.004992363395225019 -0.0054295691250085673 0.0050829953950539278 -0.00068618467119013662 0.0094711609453069744 -0.0049996586874003889 0.01237983869218744 -0.0056267377204019765 0.0044841976185030444
leaf_weight=94.627973645925522 203.1620439440012 95.53660449385643 30.196364760398865 252.09362886846066 33.138782277703285 24.191792637109756 81.406753599643707 21.743691757321358 159.83670891821384 16.616620868444443 18.371002569794655 46.522256910800934 62.077818304300308 24.030859619379044 105.90745162963867 47.427032843232155 208.53081981837749 54.86859418451786 24.013398140668869 13.569170877337454 87.463006198406219 29.54615193605423 19.765798762440681 114.91930963099003
leaf_count=678 1441 647 211 1800 223 169 576 150 1117 116 125 321 429 165 748 335 1487 379 170 96 623 205 140 801
internal_value=7.77447e-05 0.0029427 -0.0013718 -2.58437e-05 0.00416668 0.0022698 -0.00264496 0.00303831 0.00217273 0.00804282 0.00775174 0.00120407 0.0035218 0.00376567 0.00149323 0.000345723 -0.00336189 0.00133819 0.00556949 0.00126872 -0.00183664 0.00827687 0.00144812 0.00214931
internal_weight=1869.56 627.371 1242.19 743.037 532.743 395.967 347.07 437.206 373.061 49.7554 64.1456 323.305 163.469 45.7746 365.771 288.02 499.156 116.946 77.7513 94.9759 290.625 53.7379 240.593 220.827
internal_count=13152 4350 8802 5251 3672 2779 2472 3025 2585 339 440 2246 1129 315 2568 2024 3551 808 544 672 2064 374 1689 1549
is_linear=0
shrinkage=0.01


Tree=10
num_leaves=25
num_cat=0
split_feature=122 46 116 119 84 75 117 141 73 52 41 153 71 266 105 135 226 194 122 156 192 105 284 316
split_gain=83.8108 71.018 31.125 30.648 27.4917 34.7464 23.3664 21.6081 17.4326 23.0687 16.1976 15.5158 19.6146 14.8579 14.6024 16.1453 12.7478 12.4821 14.6119 11.7903 13.486 10.9753 10.7683 12.2291
threshold=0.26025589624797435 1.0000000180025095e-35 0.32527398595925777 0.8871444963249796 20.544132471151432 -0.51264193702449345 0.76879888202839075 0.0090148137828550221 197.5495468324917 60.500000000000007 642.50000000000011 0.011257075272450791 1.9662326046784224 4.056757171345299 0.18541136331338426 0.28732352438197911 0.1011570358480471 0.025751547303271446 -0.22106029468322527 1.0000000180025095e-35 1.2637093083067605 1.180897289190505 -0.032514836469511359 0.039288874841972195
decision_type=8 2 10 10 2 10 8 2 2 2 2 10 8 2 10 2 2 8 10 10 8 8 8 2
left_child=1 4 11 10 5 8 -7 -8 9 -1 13 12 22 19 15 -11 -17 -6 -19 -4 -21 -22 23 -2
right_child=2 -3 3 -5 17 6 7 -9 -10 14 -12 -13 -14 -15 -16 16 -18 18 -20 20 21 -23 -24 -25
leaf_value=-0.0028349633852129785 -0.002599127159079426 -0.0042370669683270022 0.011459065718119783 -0.0026532880194463076 0.013027565518941461 -0.0011573829407284526 0.0072856080848306007 7.0260998799988971e-06 0.0019350095029940092 0.012326745916517879 0.013272901172971349 -0.0057895498814878911 0.00050007374744484719 -0.0052366161854350132 0.017099074677938697 -0.00020072539348069528 0.0091343958267857874 0.012298713065568774 0.0034904346864525248 0.0080732249168397156 -0.0019433810379830638 0.0051546893930248432 -0.0053947696154268022 0.0073784528014987222
leaf_weight=16.080661922693253 75.163277044892311 146.11338673532009 13.862220615148543 170.53096377849579 28.622752666473389 258.28394980728626 79.215884014964104 81.661921292543411 81.791652500629425 37.221999302506447 12.25906167924404 195.68325950205326 152.08135493099689 19.930347487330437 19.808822304010391 34.421755015850067 22.19017119705677 22.596066206693649 91.87450698018074 28.064590528607372 62.732954293489456 29.764867976307869 176.11706139147282 11.753322273492811
leaf_count=112 537 1055 97 1217 194 1806 547 569 559 250 85 1404 1080 141 134 236 151 152 627 196 439 206 1261 84
internal_value=-4.96187e-05 0.00209688 -0.00213368 0.000302084 0.00330536 0.00238451 0.000701899 0.00366138 0.00566076 0.00791045 0.00332667 -0.00347499 -0.00234957 0.00230474 0.00947168 0.00739596 0.00370296 0.00723165 0.00549346 0.00351544 0.00235116 0.000415633 -0.00398872 -0.00104785
internal_weight=1867.83 919.884 947.943 337.145 773.77 630.677 419.162 160.878 211.515 129.723 166.614 610.798 415.115 154.355 113.643 93.8339 56.6119 143.093 114.471 134.425 120.562 92.4978 263.034 86.9166
internal_count=13139 6392 6747 2381 5337 4364 2922 1116 1442 883 1164 4366 2962 1079 771 637 387 973 779 938 841 645 1882 621
is_linear=0
shrinkage=0.01


Tree=11
num_leaves=25
num_cat=0
split_feature=5 5 122 116 122 109 120 232 292 124 131 127 57 185 176 36 22 123 7 116 22 119 277 232
split_gain=82.6183 99.8051 62.3037 31.8654 37.802 24.8962 29.7956 20.818 20.6521 19.6543 19.0321 13.0454 14.4518 17.6773 11.897 11.8117 13.7759 11.7542 11.4663 21.5471 20.5394 17.4615 12.1012 13.9348
threshold=-2.8983711643309662 -2.8712440139818409 0.25427208901150194 0.32527398595925777 0.5767611239695638 1.2469916402469974 0.76375366690251634 2.7508252930442625 -0.00052415566434258268 8.5000000000000018 1.1600207102687075 -0.22461294850403979 -0.28810029746684251 0.78007092198581574 12.54851426890262 0.024157126618763451 0.67088624625016713 2.409372053591273 -1.1349149745181628 -0.026514319359317896 -0.30643077898711552 -0.27954928140862506 -0.019511301442643705 1.0099873551992979
decision_type=2 2 8 10 8 10 8 2 2 2 8 8 10 10 2 2 10 10 2 10 8 8 10 2
left_child=-1 7 5 -4 -5 6 10 8 -2 -9 -3 -7 -13 -14 -10 -6 -17 -18 20 -20 22 -22 -12 -24
right_child=1 2 3 4 15 11 -8 9 14 -11 18 12 13 -15 -16 16 17 -19 19 -21 21 -23 23 -25
leaf_value=-0.005002951850487344 0.014532523442129073 0.011702955565423858 -0.0034813024174470031 0.0073561190239952124 -0.0024741443050833025 -0.00046056847945751391 -0.0014400603404322091 -0.0036294109422439708 0.009039473372802663 0.0079756448409415998 -0.0049320829276659475 0.013907149145840986 0.0078207313792713097 -0.0011884116843615304 0.0013147596605763915 -0.0031282357599380973 0.010099091418618696 -0.0013199831752908403 -0.0033252636657510439 0.0059201734989655546 0.017070256335288421 0.0019617202982764002 0.010813794080203965 0.00098983338340325844
leaf_weight=276.75303500890732 52.282522618770599 23.241480246186256 486.23931790888309 63.030329987406731 178.58122308552265 26.699457257986069 225.6555764824152 27.323944866657257 53.838757023215294 25.648591727018356 17.364134028553963 23.734482899308205 71.339334070682526 29.614753738045692 32.971569463610649 23.537426546216011 23.446751818060875 12.591491550207136 65.106980517506599 37.22966930270195 17.791820257902145 13.728846728801729 17.756265506148338 51.500558391213417
leaf_count=1996 354 157 3481 436 1270 183 1575 191 365 176 120 161 486 204 224 167 164 90 456 257 121 95 121 355
internal_value=1.26095e-05 0.000887974 -3.95119e-05 -0.00190488 0.000645532 0.00232295 0.00116696 0.0075948 0.0095998 0.00209143 0.00357363 0.00581304 0.00714466 0.00520798 0.00625142 -0.00119206 0.00257257 0.00627841 0.0025742 9.76307e-05 0.00465845 0.0112253 0.00197701 0.00384935
internal_weight=1877.01 1600.26 1408.19 787.427 301.187 620.763 469.375 192.065 139.093 52.9725 243.72 151.388 124.689 100.954 86.8103 238.157 59.5757 36.0382 220.478 102.337 118.142 31.5207 86.621 69.2568
internal_count=13205 11209 9899 5608 2127 4291 3257 1310 943 367 1682 1034 851 690 589 1691 421 254 1525 713 812 216 596 476
is_linear=0
shrinkage=0.01


Tree=12
num_leaves=25
num_cat=0
split_feature=122 5 5 105 150 71 122 105 103 105 119 115 11 126 56 149 75 309 157 14 97 99 224 71
split_gain=84.2581 75.3738 37.9801 33.2198 25.4587 23.9421 20.3376 32.1945 19.2851 17.8086 19.3709 16.2072 16.0788 15.6194 16.9387 15.3298 15.0078 17.5022 14.8149 15.0051 15.0645 14.161 14.1511 12.9692
threshold=0.26025589624797435 -2.8983711643309662 -2.8712440139818409 0.77830770584833953 0.048826334128002941 2.9913326147244166 0.66995566521647709 1.0631438680210092 1.6113601096433741 0.28575570516507481 -0.5020204600525231 -0.3639235922450848 0.45381544605699742 0.40757621805745908 549.50000000000011 0.29104278074866313 -0.30922654536565491 -0.0062322299936537475 0.2742989432806841 -0.050105777920539309 0.24725689293809874 1.2242135538382042 2.2790373643131345 1.6532682000145271
decision_type=8 2 2 10 10 10 10 10 10 10 10 10 10 8 2 10 10 2 10 2 10 8 2 8
left_child=1 -1 22 4 9 6 7 11 12 10 13 23 -5 14 -4 -8 -11 -18 19 20 -6 -7 -3 -2
right_child=5 2 3 8 18 21 15 -9 -10 16 -12 -13 -14 -15 -16 -17 17 -19 -20 -21 -22 -23 -24 -25
leaf_value=-0.0040712472072664254 -0.0054538316279188629 0.009509706287248839 0.012846005347657466 0.012942023333273513 -0.00064588889073588323 0.0034509128618915464 -0.0047372181031721701 0.005423026718989715 -0.00083418963518550157 0.010143897184303112 -0.0015770288251742456 0.0037761126200998034 0.0013926621775399426 0.00052281176088338861 0.0006591480419798698 0.0046509022471164637 -0.0030314850439504869 0.0071158647805879792 -0.0037518200701178788 -0.00099672832230574796 0.012713220984021114 -0.0052325969244510382 0.0010215201297507893 -0.0013851094074255955
leaf_weight=157.07142770290375 127.73282477259636 117.80444146692753 29.243408352136612 52.588488191366196 14.210812047123911 105.56464703381062 374.86046539247036 60.728757321834564 18.904285803437233 52.397601425647736 105.09566749632359 37.111942172050476 16.610998019576073 50.252478793263435 18.474232688546181 15.941419333219526 27.408210352063179 36.79214209318161 109.36917471885681 75.925897061824799 16.603870511054993 20.00965316593647 24.663559928536415 205.1592620909214
leaf_count=1138 919 789 198 356 99 742 2695 425 131 356 734 261 114 344 126 114 189 253 766 528 114 143 167 1461
internal_value=3.83103e-05 0.00218488 0.00347876 0.00239087 0.00143159 -0.00205377 -0.00267538 -0.00116154 0.00798635 0.00321363 0.0013829 -0.00227806 0.0103479 0.00452311 0.00844987 -0.0043209 0.00628484 0.00282382 -0.00120723 0.00142048 0.00698783 0.00197423 0.00809591 -0.00298225
internal_weight=1870.53 923.417 766.345 623.877 535.773 947.109 821.535 430.733 88.1038 319.664 203.066 370.004 69.1995 97.9701 47.7176 390.802 116.598 64.2004 216.11 106.741 30.8147 125.574 142.468 332.892
internal_count=13162 6402 5264 4308 3707 6760 5875 3066 601 2200 1402 2641 470 668 324 2809 798 442 1507 741 213 885 956 2380
is_linear=0
shrinkage=0.01


Tree=13
num_leaves=25
num_cat=0
split_feature=271 32 4 32 122 117 71 122 108 182 115 39 308 209 47 126 117 10 117 271 217 315 310 209
split_gain=80.6735 46.1884 34.5414 32.6598 30.8252 26.0755 22.0715 22.084 17.9003 17.4437 16.9258 17.826 17.9311 17.8495 16.4369 16.3241 17.5684 29.3366 16.0718 15.0529 14.3998 13.315 13.0524 12.8243
threshold=0.10952046704805242 1.0000000180025095e-35 -128.89278884073661 0.0015372799243766988 0.22767934043160357 0.65071487348963031 1.8712682238841702 0.62680524993752162 0.52460769437113508 9.5000000000000018 -1.2571930059076639 0.080978787705993052 0.0032874133306974758 0.83136032502101442 19.500000000000004 0.80229571956286561 1.1966157944951494 1.2779092698371082 0.81665728068302534 0.13075222177840684 0.76942339797097736 -0.3142360061740071 -0.47385869407504116 0.68976429506765624
decision_type=2 2 2 2 8 10 10 8 10 2 10 2 2 2 2 8 8 2 10 2 2 2 2 2
left_child=3 2 10 4 5 9 -4 8 -8 -1 23 12 13 20 -7 16 -6 -18 -16 21 -12 -10 -20 -2
right_child=1 -3 6 -5 15 14 7 -9 19 -11 11 -13 -14 -15 18 -17 17 -19 22 -21 -22 -23 -24 -25
leaf_value=0.0059096066240460288 0.0025165599729467187 -0.003806284741099876 -0.0011994055001906781 -0.0063965763894451282 -0.0028519957077792618 0.0015606455879233177 -0.003489638276988033 -0.00015982783440272939 0.007616334722443616 -0.0025598835522443186 0.0090030788079768029 0.0008710586334121583 -0.0020511051095876112 0.017324522350032578 0.0008520568871474819 -0.0039721608159248101 0.011799797049869333 -0.00018623704743188477 0.0021256611038642775 0.010548049880501833 -0.0020032403095452812 -0.0039771382332798987 0.014700797225835964 0.011552227220132343
leaf_weight=25.684877797961235 22.4420275837183 95.708457246422768 162.03154385089874 127.21751905977726 180.11763449013233 112.84771649539471 14.043477058410643 85.040350839495659 18.072714298963547 163.52612394094467 37.430825442075729 83.304064631462097 15.502192601561545 18.63435535132885 22.844220072031021 320.12357224524021 21.576534420251846 123.30471819639206 12.784475192427633 68.588357850909233 15.400758221745489 16.220125794410706 29.639812827110291 74.578035905957222
leaf_count=180 149 695 1135 925 1294 781 98 602 124 1145 254 569 106 127 158 2300 151 877 87 467 105 112 201 496
internal_value=-1.58152e-05 0.00258077 0.0035634 -0.00167536 -0.0010649 0.00123959 0.00153519 0.00372023 0.00648754 -0.00133451 0.00627647 0.00424855 0.00734263 0.00939441 0.00395765 -0.0023783 -0.000784449 0.00178452 0.00784925 0.00791616 0.005838 0.00222078 0.0113048 0.00960331
internal_weight=1866.66 726.997 631.289 1139.67 1012.45 367.327 363.997 201.965 116.925 189.211 267.292 170.272 86.9681 71.4659 178.116 645.122 324.999 144.881 65.2685 102.881 52.8316 34.2928 42.4243 97.0201
internal_count=13138 5039 4344 8099 7174 2552 2538 1403 801 1325 1806 1161 592 486 1227 4622 2322 1028 446 703 359 236 288 645
is_linear=0
shrinkage=0.01


Tree=14
num_leaves=25
num_cat=0
split_feature=271 46 78 147 109 109 122 251 122 160 164 55 244 100 180 180 149 109 75 66 273 147 103 34
split_gain=80.1105 44.2416 34.1852 33.1266 33.57 23.559 23.7185 19.0024 16.6033 17.4886 15.5937 15.4967 15.8746 13.7321 13.599 13.4556 13.1192 12.9461 12.4212 16.6193 11.8 11.5194 11.7915 11.186
threshold=0.10952046704805242 1.0000000180025095e-35 -37.891192729740347 0.14913119318372417 1.4800153312732556 1.2531256835966931 0.62680524993752162 1046.3134722222223 -0.029704994101377648 0.053967053629823424 0.0012699374539687964 3.3466363060872539 0.014583333333333335 0.717675069485746 3.7870395113571296 2.597268829231917 0.17131744058938922 2.1525822659375815 0.041388568563631357 15.791829758649794 5.295194965852132 0.23650050465403163 0.7717389590449254 0.17227306764289876
decision_type=2 2 2 8 10 10 8 2 8 10 8 2 2 10 2 2 10 10 10 2 10 8 8 2
left_child=3 2 20 10 8 21 17 11 9 -5 13 12 23 -1 15 -11 -12 18 -7 -20 -2 -4 -23 -6
right_child=1 -3 5 4 7 6 -8 -9 -10 14 16 -13 -14 -15 -16 -17 -18 -19 19 -21 -22 22 -24 -25
leaf_value=0.0030273898383206504 0.00726981998090392 -0.0035708326377810158 -0.0049827668791235661 -0.00065959924150839398 -0.00040037927877337398 0.0091189812103160961 -0.00052355389685687875 -0.0030670784710215494 -0.0025901896128798564 0.0079217775134804817 -0.0023984044600567534 -0.001493522711386917 0.014812023968662965 -0.0048906723241178927 0.014098999643430319 -0.0031941697028858114 0.0060384715137916179 0.014209490995210589 -0.0037599957542014139 0.0048560139762740488 0.0010316445816998042 -0.0027085759600875034 0.0066466286014345601 0.0089460002815698724
leaf_weight=21.258284538984299 217.72229528427124 97.795733630657196 61.511056914925575 160.41677030920982 22.390864923596382 40.479521661996841 102.61708870530128 23.254028826951981 335.71210262179375 19.269018709659576 51.731411054730415 17.534772276878357 25.12750743329525 373.55405208468437 12.124378904700277 19.007922619581223 24.978764161467552 13.580393925309179 27.704295888543129 83.776977032423019 36.800169542431831 28.587169602513313 20.825578197836876 25.78122241795063
leaf_count=151 1457 712 435 1125 156 274 728 163 2397 133 370 124 174 2693 82 131 177 92 192 575 251 199 146 178
internal_value=3.43681e-05 0.00260873 0.00357581 -0.00163023 -0.000180144 0.00164807 0.00324326 0.00468425 -0.0012164 0.000971892 -0.00364648 0.00671224 0.00867098 -0.00444321 0.00594172 0.00253782 0.00045367 0.00555371 0.0045271 0.00266578 0.00639314 -0.00218411 0.00136192 0.0048015
internal_weight=1863.54 731.4 633.605 1132.14 660.619 379.082 268.158 114.088 546.53 210.818 471.523 90.8344 73.2996 394.812 50.4013 38.2769 76.7102 165.541 151.961 111.481 254.522 110.924 49.4127 48.1721
internal_count=13115 5061 4349 8054 4663 2641 1861 795 3868 1471 3391 632 508 2844 346 264 547 1133 1041 767 1708 780 345 334
is_linear=0
shrinkage=0.01


Tree=15
num_leaves=25
num_cat=0
split_feature=123 5 5 162 123 85 85 32 5 113 123 214 162 22 123 315 99 132 55 28 123 174 53 214
split_gain=84.3909 58.8441 41.0125 29.3928 27.3232 24.0405 21.8356 19.4012 18.5643 18.5595 21.875 17.3088 17.2501 16.595 27.6901 17.4868 16.9965 14.5728 14.0742 12.2892 12.1453 15.165 12.2377 12.1247
threshold=1.3037559528709568 -2.8943022876294049 -2.8712440139818409 0.0040941701029199784 0.64124283147438754 181.26176811803586 25.930688628974288 0.0015186037608792915 -2.8773415074710829 -0.048778802595430291 1.9756384480848397 93.500000000000014 0.0053357058125741404 -0.30643077898711552 -0.068322747739752734 -0.15684355636338113 -0.51255766474928777 0.0047875540784459792 3.284932722388088 0.22199796334012223 2.409372053591273 99.715555555555582 94.500000000000014 76.500000000000014
decision_type=8 2 2 8 10 2 2 2 2 10 10 2 10 10 10 2 10 2 2 2 10 10 2 2
left_child=1 -1 -3 4 13 7 -5 8 11 -10 12 19 -11 14 15 -4 -15 -14 -19 -2 21 22 -7 -18
right_child=5 2 3 6 -6 20 -8 -9 9 10 -12 -13 17 16 -16 -17 23 18 -20 -21 -22 -23 -24 -25
leaf_value=-0.0041134724026678192 -0.0018154255556562145 0.0085048362258071438 0.011196782059953099 -0.00015182910823441592 -0.0013249655306694116 0.003670662617760573 0.0085296673707108937 -0.0066797334893385109 -0.0054706419983160514 -0.0032684946466710989 -0.0038241990757298095 -0.0027669601876074267 -0.00024157836134580541 0.015238326880450849 -0.0015033418900181872 -0.00085095136089773516 0.00047971506184453532 0.0073343668197211435 -0.0037095508972005073 0.00934848770103466 -0.0019756137873095927 0.010924008467601876 -0.0064869120467889955 0.0094547916060138022
leaf_weight=122.49524146318436 12.314115107059477 123.39778688549995 33.939205691218376 39.446109369397163 242.93352349102497 51.244957581162453 102.98277927935123 102.29193866252899 167.71740537881851 89.19165775179863 241.24773965775967 34.395895853638649 113.51434777677059 17.296345919370651 103.11873871088028 17.130128845572472 37.072047904133797 60.65935355424881 12.123188272118567 32.773922741413116 49.483068272471428 21.1568743288517 12.401740804314612 23.186296939849854
leaf_count=891 87 817 224 275 1702 357 698 747 1205 639 1739 245 802 115 714 118 256 425 85 230 355 146 87 157
internal_value=-5.05903e-05 0.00223627 0.00329972 0.00222306 0.0010093 -0.00202488 0.00616239 -0.00263512 -0.00206949 -0.00260184 -0.00164394 0.00243398 0.000281236 0.00344702 0.00148703 0.00730497 0.00714092 0.00200961 0.00541121 0.00635151 0.00187724 0.00412808 0.00148366 0.00421933
internal_weight=1863.51 862.998 740.503 617.105 474.676 1000.52 142.429 866.23 763.938 684.454 516.736 79.4839 275.489 231.743 154.188 51.0693 77.5547 186.297 72.7825 45.088 134.287 84.8036 63.6467 60.2583
internal_count=13116 5967 5076 4259 3286 7149 973 6204 5457 4895 3690 562 1951 1584 1056 342 528 1312 510 317 945 590 444 413
is_linear=0
shrinkage=0.01


Tree=16
num_leaves=25
num_cat=0
split_feature=122 5 116 122 5 114 120 120 254 28 256 145 161 28 309 274 81 312 169 165 89 282 11 22
split_gain=72.7558 69.2865 31.173 28.7033 27.2533 22.2 36.8717 21.7304 18.4143 16.5161 15.3245 14.4757 15.4153 15.292 14.3587 13.7971 13.0758 12.7674 12.2024 12.1205 12.015 12.9277 11.0657 10.8581
threshold=0.26025589624797435 -2.8983711643309662 0.32527398595925777 0.90194551421767188 -2.88221445002109 0.72620955713536361 0.76375366690251634 1.1307563210527884 119.50000000000001 0.22125936160839443 60.500000000000007 0.15983421129172998 0.0030349083540572907 0.21584272089665915 -0.005916751040998979 5.8349399602508676 0.30429120704022311 -0.035028943843454861 39.500000000000007 179.74605902777782 2.0745556555020719 -0.011625262801626931 0.62705046368393236 -0.019051341167152697
decision_type=8 2 10 10 2 8 10 8 2 2 2 10 10 2 2 2 10 2 2 2 8 10 10 8
left_child=1 -1 22 8 10 6 11 9 -4 19 -3 12 -6 -14 -15 23 20 -8 -9 -7 21 -13 -2 -11
right_child=2 4 3 -5 5 7 17 18 -10 15 -12 16 13 14 -16 -17 -18 -19 -20 -21 -22 -23 -24 -25
leaf_value=-0.0040982740710119861 -0.0028056111775928492 -0.0015902999360841957 0.0016383483079978663 -0.0024948832260035152 -0.001566275300975086 -0.0015156025124785466 -0.0032887555999514821 -0.0041659873963757043 0.0098885847556420686 0.0058549248435303151 0.0090231600233724191 -0.00030027748833486094 -0.0034101909753641523 0.0011356493973836788 0.010536014392865558 0.0020641837981737205 0.01522605136270473 0.0043059962893688564 0.0065292014107766107 0.0082471124957671834 0.00038411830015216617 0.010973059820264424 -0.0069409976042640667 0.013704485468476354
leaf_weight=154.39154362678528 528.70003898441792 14.611791476607321 140.04619659483433 166.03342188894749 77.406668767333031 35.234188288450241 162.17525158822536 33.12192015349865 31.357762232422829 37.838700219988823 99.56363245844841 13.561790779232977 17.219788745045662 28.987250745296478 37.362644270062447 26.122555047273636 12.565319180488585 22.957795381546021 12.341174945235251 16.385175108909607 37.248434156179428 34.34264974296093 73.754225626587868 50.131168767809868
leaf_count=1130 3814 98 977 1196 540 241 1129 231 216 258 655 91 118 198 254 176 83 160 85 110 254 229 537 337
internal_value=-2.94381e-05 0.0019603 -0.00198571 0.000443606 0.0031883 0.00237925 0.00109272 0.00502806 0.00329009 0.00668503 0.00765062 0.00351652 0.00161532 0.00452859 0.00665896 0.00877365 0.00650431 -0.00229074 -0.00102859 0.00183327 0.00475588 0.00792349 -0.00334374 0.010628
internal_weight=1863.46 923.569 939.892 337.437 769.178 655.002 443.828 211.175 171.404 165.712 114.175 258.695 160.976 83.5697 66.3499 114.092 97.7182 185.133 45.4631 51.6194 85.1529 47.9044 602.454 87.9699
internal_count=13117 6377 6740 2389 5247 4494 3056 1438 1193 1122 753 1767 1110 570 452 771 657 1289 316 351 574 320 4351 595
is_linear=0
shrinkage=0.01


Tree=17
num_leaves=25
num_cat=0
split_feature=119 5 5 113 105 78 113 207 119 109 247 123 108 279 194 269 229 122 39 100 162 172 117 172
split_gain=67.7715 68.0299 42.4307 28.1875 24.9143 25.247 27.7842 30.5894 16.5702 21.4401 18.6564 15.4971 21.7504 13.9345 13.4285 13.2835 12.1222 11.8844 14.475 11.5208 12.2573 11.1691 11.1631 11.0376
threshold=0.44062539308307441 -2.8983711643309662 -2.8712440139818409 0.26477367783031797 0.76680161198624253 -52.666328559453433 0.039649101722718981 -0.50797328869966163 1.1620850402445735 1.5195776906739467 1.7971461712346246 -0.10896092029255984 0.22649738235189765 0.0057694344935970152 0.018957771787960469 1.3469987995198081 -0.12258380723715763 -0.22106029468322527 0.051631920373783328 0.75487243431528139 0.0030698406415802025 4.8394444444444451 2.368833019097448 2.7959722222222227
decision_type=8 2 2 10 10 2 10 2 10 8 2 10 10 10 8 2 2 10 2 8 10 8 10 10
left_child=1 -1 16 13 5 11 -7 -8 9 -5 21 -4 -13 -2 -12 -6 23 18 -14 20 -9 -11 -10 -3
right_child=3 2 4 8 15 6 7 19 22 10 14 12 17 -15 -16 -17 -18 -19 -20 -21 -22 -23 -24 -25
leaf_value=-0.0040275428154955212 -0.0025272403601182998 0.0015862667930536586 0.0088547462747436065 -0.0028735144979739921 0.0067320895184509837 -0.002325934786515257 0.010727519575257249 -0.0011458828180724286 -0.0048695128599798871 0.015296788245277462 -0.0024292347505336298 -0.00091867871576217222 0.0013677257727149567 -0.0064867059700732975 0.0039226997938051188 -0.00057818711572869223 -0.00086876293422671273 0.00033138226851142075 0.01255010385548205 -0.0028137886365479361 0.010454575493621969 0.0023110863469121817 0.0042064670317057381 0.0092492690919260094
leaf_weight=185.90949322283268 200.96978747844696 24.067240446805954 40.340081453323364 90.589783191680908 117.32511265575886 303.46267758309841 35.35808938741684 17.772785410284996 94.946684747934341 15.153606966137888 51.754293173551559 101.93447351455688 18.820587739348412 167.77531038224697 82.928615003824234 30.488524496555328 16.168109133839607 25.413262039422989 31.938769623637199 53.803235292434692 14.564074680209158 12.675351709127424 13.382693439722059 122.23851506412029
leaf_count=1363 1461 158 265 647 798 2137 244 125 689 105 367 703 128 1222 581 210 109 173 211 377 100 89 96 808
internal_value=-5.91973e-05 0.00146302 0.00254317 -0.0024328 0.00157237 0.000710048 -0.000709938 0.00327909 -0.000437733 0.000962948 0.00312026 0.00345067 0.00210131 -0.00436729 0.00147475 0.00523507 0.00715641 0.00604321 0.00871495 -1.17657e-05 0.00447237 0.0101769 -0.00366038 0.0080497
internal_weight=1869.78 1139.61 953.696 730.176 791.222 643.408 424.961 121.498 361.431 253.102 162.512 218.447 178.107 368.745 134.683 147.814 162.474 76.1726 50.7594 86.1401 32.3369 27.829 108.329 146.306
internal_count=13166 7909 6546 5257 5471 4463 2983 846 2574 1789 1142 1480 1215 2683 948 1008 1075 512 339 602 225 194 785 966
is_linear=0
shrinkage=0.01


Tree=18
num_leaves=25
num_cat=0
split_feature=271 32 153 115 22 119 150 71 215 120 114 55 300 311 155 118 48 55 108 116 255 159 60 120
split_gain=75.9673 34.6039 29.2839 25.6247 24.3541 26.7692 18.955 18.5612 16.9342 15.8861 18.4294 15.68 13.6325 15.8681 13.5741 12.5527 12.1622 15.3308 14.8612 12.0245 11.6265 13.2299 12.5638 11.5734
threshold=0.10952046704805242 0.001215809514799617 0.0088574028745371253 -1.2681320351967533 0.08797565370076145 0.094232411356755724 0.048826334128002941 2.1964470663411553 -0.62201508775411796 0.81192409402787991 0.76145707133522034 2.8009711993991133 0.32352941176388467 -0.27806095018313365 0.019078769473968846 25.500000000000004 93.500000000000014 3.222338697695442 0.95378826382692872 -0.41714252504657096 128.50000000000003 0.11374347904299335 -93.682331492366671 0.79705437128283152
decision_type=2 2 8 8 10 10 10 10 2 8 10 2 2 2 10 2 2 2 8 10 2 10 2 8
left_child=2 3 4 8 6 23 20 -8 19 14 -11 -9 13 -12 -5 -16 -7 18 -18 -2 21 -1 -23 -6
right_child=1 -3 -4 9 5 16 7 11 -10 10 12 -13 -14 -15 15 -17 17 -19 -20 -21 -22 22 -24 -25
leaf_value=-0.00021619959750250367 0.0067924013048275859 -0.0033847344540715979 -0.0039284364459763414 0.0020754178832427831 0.00050660744101518451 -0.0014647499173884478 -0.0046057902248232479 0.0066339130891642549 -6.3788100493741698e-05 -0.0020155301723697649 0.0084343523623682491 -0.0051359248645016439 -0.0015371329804397379 0.00096743579156911104 0.0012453555932731516 0.0093675302910453829 0.0020304446486454782 -0.0055370745303890837 0.011678086275928827 0.015493964396784264 -0.0035585085159915903 0.010066918027855306 -0.00031539881964405715 0.01059706463588485
leaf_weight=88.663772061467171 85.238466024398804 85.445184215903282 365.42051747441292 130.99284413456917 16.313532814383507 153.82369647920132 241.02138930559158 27.805678248405457 25.739176467061043 132.65642566978931 56.481805995106697 15.299614265561102 45.847339868545532 56.961397305130959 27.943316727876663 66.718643590807915 59.860595896840096 14.882323965430258 19.996451154351234 21.40456685423851 47.035822659730911 28.407843247056007 18.026799634099007 38.962397038936615
leaf_count=624 558 629 2651 902 110 1098 1733 196 177 929 384 109 318 394 190 446 424 106 139 141 330 197 127 263
internal_value=1.13723e-05 0.00251026 -0.00160839 0.0032981 -0.000495805 0.0016959 -0.0019278 -0.00353016 0.00718885 0.00226726 0.000709837 0.00237514 0.00298129 0.00480901 0.00424391 0.00708643 0.000260083 0.00303208 0.0047766 0.0089048 0.000582204 0.00207475 0.00622996 0.00780677
internal_weight=1870.95 735.429 1135.52 649.984 770.1 303.839 466.261 284.127 132.382 517.602 291.947 43.1053 159.291 113.443 225.655 94.662 248.563 94.7394 79.857 106.643 182.134 135.098 46.4346 55.2759
internal_count=13175 5068 8107 4439 5456 2140 3316 2038 876 3563 2025 305 1096 778 1538 636 1767 669 563 699 1278 948 324 373
is_linear=0
shrinkage=0.01


Tree=19
num_leaves=25
num_cat=0
split_feature=123 32 271 158 114 73 174 162 84 123 315 123 229 123 84 273 89 89 91 114 151 101 81 148
split_gain=72.1338 46.957 27.2454 25.9513 19.9316 23.5544 19.5539 17.6444 16.6077 23.4745 19.0168 15.0952 15.0162 14.2539 14.1732 12.657 14.6987 12.2594 11.8692 16.0467 18.7275 11.6356 11.352 11.148
threshold=1.3125116102006729 0.0011648227597005247 0.067822972005887092 0.31985617181846382 0.78992007196464942 307.81832137636098 58.931805555555563 0.0015071598611641139 16.839520206418953 -0.10896092029255984 -0.13666665479058371 1.7702711294634084 -0.22439206280878024 2.1229473152974885 4.2439116408856767 3.3871513433155012 2.0859670459830912 3.3916893554612266 12.359652205969498 0.7294133139056892 0.0057224723700368407 -1.0664706098139729 1.0576920626758766 0.18496203816116116
decision_type=8 2 2 10 8 2 10 10 2 10 2 10 2 8 2 10 10 10 2 10 10 10 10 10
left_child=1 3 -2 8 -4 13 -7 -5 9 10 -1 -8 -13 15 23 16 22 -16 -10 20 -20 -9 -6 -11
right_child=2 -3 4 7 5 6 11 21 18 14 -12 12 -14 -15 17 -17 -18 -19 19 -21 -22 -23 -24 -25
leaf_value=0.011015823979775767 -0.0039328238494854726 -0.0042671390619457563 -0.0025820398634926797 -0.0021851136823198896 -0.0037870871772013059 -0.0015244165133191309 0.013553869697742412 -0.0022389166764243979 0.01280948363170307 0.0017394091820643282 -0.00082535968370121523 0 0.0099070231005522931 -0.0040690712876260632 0.0045518323315130197 -0.0027834231399739757 0.0080379249530078984 -0.0050167775069841726 0.0084952374195490163 0.0091209382085191502 -0.0047299326555818319 0.0070097721359749275 0.0049621531457098127 -0.0033897145282678347
leaf_weight=54.585782244801521 387.09213933348656 101.0380892008543 267.17399320006371 138.14109858870506 31.68753407895565 35.555047407746315 23.725200235843658 17.851551190018654 28.764718696475029 132.63304354250431 17.060058116912842 36.573026850819588 23.228714808821678 83.579488158226013 190.94451874494553 51.576653823256493 35.510728523135185 11.988268524408339 14.646469399332998 43.956426978111267 24.763477325439453 41.153088226914406 23.151903495192528 58.804606944322586
leaf_count=351 2815 748 1921 970 225 250 162 122 189 909 117 259 163 603 1300 364 246 83 96 287 169 282 162 414
internal_value=-3.11855e-05 0.00205868 -0.00186634 0.00289694 -0.000545005 0.00103968 0.00458373 -0.000230035 0.00396087 0.00309163 0.00825872 0.00716012 0.00410783 -0.000861117 0.00209803 0.00106381 0.00328876 0.00392021 0.00739903 0.00515994 0.000401899 0.00422098 -1.33859e-05 0.000132153
internal_weight=1875.19 876.331 998.854 775.293 611.762 344.588 119.082 197.146 578.147 466.016 71.6458 83.5269 59.8017 225.506 394.37 141.927 90.3502 202.933 112.131 83.3664 39.4099 59.0046 54.8394 191.438
internal_count=13207 6037 7170 5289 4355 2434 834 1374 3915 3174 468 584 422 1600 2706 997 633 1383 741 552 265 404 387 1323
is_linear=0
shrinkage=0.01


Tree=20
num_leaves=25
num_cat=0
split_feature=123 84 117 123 161 123 114 83 123 127 257 268 72 78 217 77 81 290 36 122 81 135 172 73
split_gain=69.6035 36.4365 24.6558 28.2884 24.1589 29.0607 16.4414 16.3181 17.163 17.8488 16.7938 16.0587 14.367 14.2709 14.2148 17.9666 16.246 13.7891 13.845 13.0101 12.9994 13.9733 12.5451 13.8042
threshold=1.322882153155492 20.544132471151432 1.4565039338038972 2.1824077074834012 0.039745225509852773 0.49098143399321797 0.71627378100974004 1.0522255815543915 -0.10896092029255984 -0.66369643774992049 127.50000000000001 0.5536189427652124 32.043712743528786 -36.294805016246379 0.7858656174334141 3.0938428310635673 1.0487190210193176 0.13372976602785222 0.030247428506078079 -0.0077558681737471989 1.4706715786395981 0.1185297759765845 4.6909027777777785 329.7582749325249
decision_type=8 2 10 10 8 10 10 10 10 10 2 2 2 2 2 10 10 2 2 10 10 2 10 2
left_child=1 4 14 12 5 7 -7 8 9 -1 13 -11 20 -9 15 16 -2 18 22 -8 21 -4 23 -3
right_child=2 17 3 -5 -6 6 19 10 -10 11 -12 -13 -14 -15 -16 -17 -18 -19 -20 -21 -22 -23 -24 -25
leaf_value=-0.0024793546735275983 -0.00095527064175569961 -0.0036328249223237948 -0.0041960534756093279 -0.0024065181219910105 0.0080548073072192247 -0.0024350544025952187 0.0039787137336138173 0.011000241888468241 -0.0023400028145220205 0.013456111830962712 0.0011329587634157693 0.0015585215068194139 0.010119556844238042 0.0010519142892279826 -0.0048116986204185357 -0.0037217992192581772 0.0063175693526834652 0.001099067862952571 0.01313459230784623 -0.0024532703652565429 0.010591139152852407 0.0034522960520680752 0.012458579100205421 0.0063932924630353627
leaf_weight=23.4930459856987 173.99672365188599 19.877250701189041 34.480648279190063 152.09294697642326 43.354282259941101 284.41412754356861 88.334969654679298 56.664025455713272 79.607535749673843 22.133084326982498 52.072837680578232 22.726738467812538 26.031528666615486 20.189963296055794 253.46657612919807 231.36537237465382 34.319935366511345 36.470344007015228 37.472631096839905 45.463631749153137 12.715452894568442 63.51905120909214 15.489689812064169 32.730488181114197
leaf_count=161 1250 133 240 1099 298 2011 603 379 555 145 351 151 178 140 1845 1677 242 246 250 319 88 441 102 218
internal_value=-8.30815e-05 0.00195458 -0.00191154 0.000536778 0.00104893 0.000579514 -0.00108115 0.00307692 0.000773633 0.00436282 0.00563892 0.0079015 0.00379998 0.00853008 -0.00293124 -0.00182099 0.000307001 0.00654313 0.00833646 0.00178022 0.00208925 0.000708854 0.00526169 0.00259478
internal_weight=1862.48 880.495 981.988 288.84 738.454 695.1 418.213 276.887 147.96 68.3529 128.927 44.8598 136.747 76.854 693.149 439.682 208.317 142.04 105.57 133.799 110.715 97.9997 68.0974 52.6077
internal_count=13122 6062 7060 2046 5113 4815 2933 1882 1012 457 870 296 947 519 5014 3169 1492 949 703 922 769 681 453 351
is_linear=0
shrinkage=0.01


Tree=21
num_leaves=25
num_cat=0
split_feature=271 5 5 123 81 123 109 100 5 185 292 5 114 58 235 55 73 11 39 321 136 109 55 114
split_gain=76.6824 44.1637 34.8976 30.9507 31.7007 19.2571 23.5661 16.6693 18.7124 16.4743 15.1958 14.0818 14.161 17.8923 13.8718 17.3228 13.7851 16.7402 15.2328 15.4118 13.2213 15.0042 15.3286 12.945
threshold=0.10952046704805242 -2.8983711643309662 -2.8712440139818409 1.4747309707504359 0.66289556045042453 1.0218350804739009 1.4088891440721518 1.0477679750985656 -2.1327030294265645 0.758774630541872 -0.0052398798331560184 -2.908964877275698 0.72439208681671763 0.67174095219653651 0.010849945063569301 3.3022474961326109 331.94907686362473 0.41228268097248599 0.071385386077042687 8.5000000000000018 0.32607378129117265 0.60812320615139193 1.7641439794121603 0.75017914261225738
decision_type=2 2 2 10 10 8 10 10 2 10 2 2 10 10 2 2 2 10 2 2 2 10 2 10
left_child=3 -2 -3 4 11 9 -7 8 -6 10 -4 -1 13 20 -8 -16 -5 18 19 -18 21 -13 -23 -11
right_child=1 2 5 16 7 6 14 -9 -10 23 -12 12 -14 -15 15 -17 17 -19 -20 -21 -22 22 -24 -25
leaf_value=-0.0083219394918721511 -0.0036351039115713408 0.0082424935497115576 0.0027214981095405881 -0.0043096321639370288 0.011051726842530942 -0.0032666553028749723 0.0014327255480758414 -0.003903667149416958 0.0022097721749468674 0.0005307526454171389 0.010339021325250504 -0.0016661927962730826 0.0021626457463842122 -0.005005100522204836 0.015655149273611592 -9.0749770258276657e-05 0.0070193418676454556 -0.0037185891835636517 -0.0058161917160001308 -0.0022378007188933544 -0.0045956947045431148 0.0097051065697504393 -0.00037272015211104587 0.010115826855251321
leaf_weight=23.578638046979904 101.30606722831726 118.26722234487534 49.448117598891258 405.36399388313293 41.997326746582985 103.513198107481 153.02266345918179 17.29050175845623 56.042113870382309 111.21030336618423 61.467882603406906 57.399535089731216 113.58033414185047 111.85315333306789 13.825497999787332 11.756114885210989 50.312647148966789 108.1404425650835 17.373681679368019 25.281986102461815 39.498877048492432 32.153350800275803 25.853556379675865 13.409071877598761
leaf_count=175 745 769 329 2956 283 732 1061 120 390 751 409 408 788 800 95 82 358 789 125 181 281 224 183 89
internal_value=-8.2101e-05 0.00241903 0.00339695 -0.00172294 6.8716e-05 0.00224902 0.000471863 0.00462948 0.00621196 0.00434243 0.00710464 -0.00125426 -0.000755033 -0.00201077 0.00266137 0.00909761 -0.00325174 -0.00108412 0.00198914 0.00394156 0.000196154 0.00191575 0.00538911 0.00177248
internal_weight=1862.95 737.226 635.92 1125.72 519.247 517.653 282.117 115.33 98.0394 235.535 110.916 403.917 380.339 266.758 178.604 25.5816 606.473 201.109 92.9683 75.5946 154.905 115.406 58.0069 124.619
internal_count=13123 5062 4317 8061 3652 3548 1970 793 673 1578 738 2859 2684 1896 1238 177 4409 1453 664 539 1096 815 407 840
is_linear=0
shrinkage=0.01


Tree=22
num_leaves=25
num_cat=0
split_feature=271 46 151 123 270 109 58 70 135 58 123 161 180 107 70 123 78 172 275 271 10 237 321 241
split_gain=79.8333 37.1102 29.0715 28.9946 26.7917 23.7478 23.7767 22.872 22.179 16.9303 15.8768 17.1728 15.0734 14.7811 14.7131 18.9648 14.308 13.5208 12.9658 12.5447 12.0945 11.7508 12.6205 11.6015
threshold=0.10952046704805242 1.0000000180025095e-35 0.087447625420191508 0.64124283147438754 0.069108557799259243 1.5128385791993686 0.93313267683802081 0.66035556419628094 0.29706027782142169 0.81532751300797679 1.322882153155492 0.014167670279673493 3.8222271553115923 -0.053508391912753354 0.83086595391063045 2.0825147777715949 -39.394433616130044 8.6679166666666685 0.13294797687803639 0.13733715287959605 1.1070765402475626 -0.13441979105528742 5.5000000000000009 0.84523809523809534
decision_type=2 2 10 8 2 10 10 10 2 10 10 8 2 10 10 8 2 10 2 2 2 2 2 2
left_child=2 3 5 4 -2 10 13 19 16 20 11 21 18 -7 -11 -16 -6 -8 23 -5 -9 -1 -23 -13
right_child=1 -3 -4 7 8 6 17 9 -10 14 -12 12 -14 -15 15 -17 -18 -19 -20 -21 -22 22 -24 -25
leaf_value=-0.0034198809849021214 0.013462845833534878 -0.0032509692384929782 -0.0039384743844487619 -0.0033483329195251182 0.010683573050864538 -0.00047619907707886994 0.0024085560340415348 0.01475799765239404 0.0012592852653817929 0.00026202603516702874 -0.0033141619998668789 0.0014685383841963246 0.0087693792191538243 0.010591763226829521 0.0089404302172053449 0.00029890054478187017 0.00019683381637764289 -0.0070612555596294094 0.0084222750246630024 0.0019917671009107916 0.0019922805137054618 0.0042755195731016757 -0.0019364364949977265 -0.0070016266618600559
leaf_weight=141.43280079960823 41.105607718229294 93.469600319862366 375.43482255935669 93.702530682086945 59.234040930867195 15.666720509529112 40.205037489533424 19.467931240797043 96.563128978013992 118.22373230755329 241.44545416533947 54.030119493603706 30.680835917592049 44.311920151114464 59.638278782367706 43.547808885574341 16.847261160612106 20.379037454724312 15.384457558393477 78.038202553987503 12.927903458476065 54.238586813211441 73.752749353647232 19.772941723465919
leaf_count=1004 268 692 2741 654 378 109 284 128 644 813 1757 374 207 303 399 308 115 146 109 538 88 382 522 138
internal_value=-6.78135e-06 0.00255638 -0.00167685 0.00341765 0.00640333 -0.000534769 0.00347902 0.00188309 0.00452603 0.00377507 -0.00131574 -5.86791e-05 0.00304503 0.00779386 0.00270321 0.00540867 0.00846488 -0.00093451 0.000854971 -0.000923102 0.0102636 -0.00146061 0.000723939 -0.000962945
internal_weight=1859.5 732.766 1126.74 639.296 213.75 751.301 120.563 425.546 172.644 253.806 630.738 389.292 119.868 59.9786 221.41 103.186 76.0813 60.5841 89.1875 171.741 32.3958 269.424 127.991 73.8031
internal_count=13101 5025 8076 4333 1405 5335 842 2928 1137 1736 4493 2736 828 412 1520 707 493 430 621 1192 216 1908 904 512
is_linear=0
shrinkage=0.01


Tree=23
num_leaves=25
num_cat=0
split_feature=123 117 123 84 123 162 300 109 131 34 107 83 123 151 107 176 109 296 102 109 123 260 109 102
split_gain=67.762 29.3998 29.7788 26.7694 21.9815 23.9497 18.2186 16.5774 15.0586 14.802 14.0384 14.0085 13.8801 13.4868 17.0101 16.1669 14.2414 13.173 12.9056 13.3848 16.2134 12.8693 12.3297 19.5356
threshold=1.3037559528709568 1.1966157944951494 2.0825147777715949 20.544132471151432 0.45950110428691843 0.0039024427387914233 0.28095555132786609 1.0643274172656956 1.2573718371155094 0.087799655298480189 -0.39823303285400963 1.3525932364888018 0.66412419852244964 0.088518620943952811 0.25521975655414714 12.718859393411611 2.118288161929645 1.1914267278655493 -0.49696000182923095 0.60812320615139193 -0.10896092029255984 0.11618691924602211 1.3900812720103872 0.28989508513946965
decision_type=8 10 10 2 10 8 2 10 10 2 8 10 10 8 8 2 8 2 10 10 10 10 8 8
left_child=3 22 13 4 8 -6 -7 12 9 -1 -8 -10 -5 14 15 -3 -15 -9 19 20 -11 -16 -2 -24
right_child=1 2 -4 7 5 6 10 17 11 18 -12 -13 -14 16 21 -17 -18 -19 -20 -21 -22 -23 23 -25
leaf_value=-0.00010551184215503886 -0.0047273405566629909 0.0046959062139170929 -0.0022258562736883285 0.007846436591399544 -0.0012983656463491937 0.00084113966441491401 -3.8567893501918834e-05 0.0099017661030541375 -0.0029235691067391245 0.0092559802381780559 0.012338234428429113 0.0078131725383251624 -0.0033401685053768494 -0.0022354465942833269 0.0011889875143547243 -0.0046833589289158196 0.006574741782555754 -0.00016793715433120897 0.00062784483775370128 0.012490698427786382 0.00069558480962708517 0.012633756062711356 0.002715931900908396 -0.00341330611208626
leaf_weight=44.944803819060326 276.13241225481033 58.558726608753204 246.93163485825062 14.700553506612776 340.93656899034977 76.518369808793068 12.474722221493719 81.873432323336601 51.818107157945633 45.007091522216797 29.912925347685814 12.781787797808645 27.336620971560478 73.066772282123566 14.667266979813574 23.536789283156395 21.351916566491127 15.001457318663595 32.594529703259468 40.003837034106255 42.592222437262535 33.165856674313545 71.15254732966423 173.36107335984707
leaf_count=310 2024 405 1795 96 2402 522 86 535 355 294 203 85 189 518 101 165 146 100 223 261 294 226 504 1269
internal_value=0.000130072 -0.00165299 0.000155904 0.00216645 0.00138588 4.95396e-05 0.00386278 0.00614908 0.00363603 0.00494685 0.00889973 -0.000544608 0.000798336 0.00277693 0.00483179 0.00192828 -9.88873e-05 0.00837193 0.00634767 0.00775549 0.00525752 0.0094077 -0.00328427 -0.00161493
internal_weight=1860.42 991.925 471.279 868.497 729.585 459.843 118.906 138.912 269.742 205.142 42.3876 64.5999 42.0372 224.347 129.929 82.0955 94.4187 96.8749 160.198 127.603 87.5993 47.8331 520.646 244.514
internal_count=13108 7153 3356 5955 5035 3213 811 920 1822 1382 289 440 285 1561 897 570 664 635 1072 849 588 327 3797 1773
is_linear=0
shrinkage=0.01


Tree=24
num_leaves=25
num_cat=0
split_feature=271 5 32 151 78 105 180 162 154 99 113 270 202 308 151 273 95 273 307 2 136 107 114 141
split_gain=67.8363 44.1458 29.0855 29.4306 28.1866 22.2355 19.4368 19.0567 16.6082 13.2848 13.539 13.0574 17.5374 13.5209 19.8367 12.6209 12.5713 12.1735 11.0199 10.5516 20.0223 14.5593 14.395 10.5183
threshold=0.11102039330474796 -2.8983711643309662 0.0015372799243766988 0.087447625420191508 -30.52073519187595 0.8044675547616541 2.4139097744360907 0.0032733311903996574 0.022870219025825436 0.07652706231149374 0.30146745398226243 0.09212004730928447 0.10265191429574992 0.0015273871077435654 0.0060362417411581821 5.1983602407803788 -1.3492416207929574 3.8498794019625593 0.0048848417431207542 0.66621357149836669 0.32607378129117265 -0.3876250088910464 0.71170873479357177 0.015503887471066534
decision_type=2 2 2 10 2 10 2 10 10 10 10 2 2 2 10 10 10 10 2 8 2 8 8 2
left_child=2 -2 3 5 11 8 16 -6 19 18 -11 13 -13 14 -3 -14 -7 -15 -9 20 21 -1 -21 -24
right_child=1 4 -4 -5 7 6 -8 9 -10 10 -12 12 15 17 -16 -17 -18 -19 -20 22 -22 -23 23 -25
leaf_value=-0.0014005509744628988 -0.0037505697781143772 0.012769565860208582 -0.0059988686121514824 -0.0033340661360513279 -0.0017393424766769059 0.0074920843273367675 0.0072836974053664769 0.0095208896482194133 0.0045122900460555513 -0.0015229237302223201 0.0039552241084748951 -0.0019954459669969914 0.0080929323751298271 0.0082509888023055405 0.0031473939175754779 -0.0021661067246713512 -0.0032575066990978901 -0.00098822255910951473 -0.00079611870420051752 -0.0040566535323006596 -0.0042011975315790458 0.0066784707752975828 0.0017066280614002069 -0.0030328864526727008
leaf_weight=33.252269864082336 98.031619146466255 69.345984593033791 125.14000950753689 338.72592651844025 117.59226717054844 11.637419357895849 72.407607898116112 43.713222354650497 54.387055560946465 73.215734526515007 109.09861336648464 41.273688212037086 55.59207671880722 23.535509496927261 34.21136562526226 13.602387547492979 40.89946611225605 29.52036939561367 12.553438439965246 178.93322265148163 43.734573021531105 59.087557926774025 118.30143025517464 73.463120222091675
leaf_count=234 724 450 934 2478 827 82 497 292 375 510 750 270 363 152 223 91 289 195 85 1288 311 412 826 528
internal_value=5.54921e-06 0.00240479 -0.00150065 -0.000935332 0.0033872 0.000256308 0.00402293 0.00152194 -0.000596592 0.00313511 0.00176018 0.00582872 0.00306442 0.00768288 0.00976915 0.00605627 -0.000595973 0.00330322 0.00727436 -0.00116896 0.00119025 0.00380356 -0.00204014 -0.000121608
internal_weight=1871.26 721.286 1149.97 1024.83 623.255 686.104 124.944 356.173 561.159 238.581 182.314 267.081 110.468 156.613 103.557 69.1945 52.5369 53.0559 56.2667 506.772 136.074 92.3398 370.698 191.765
internal_count=13186 4932 8254 7320 4208 4842 868 2464 3974 1637 1260 1744 724 1020 673 454 371 347 377 3599 957 646 2642 1354
is_linear=0
shrinkage=0.01


Tree=25
num_leaves=25
num_cat=0
split_feature=122 46 84 123 116 119 109 77 119 109 48 153 109 284 151 108 126 28 28 232 314 279 162 232
split_gain=68.0159 58.857 26.8835 27.1996 26.006 21.1437 20.1506 18.2081 17.0029 24.663 15.9283 14.7041 27.3299 18.6698 14.0307 22.3767 13.2695 11.4864 11.2765 11.2083 16.1592 14.232 11.1722 12.1433
threshold=0.26025589624797435 1.0000000180025095e-35 20.544132471151432 -0.10896092029255984 0.38956065798126122 0.95925621946640438 1.2469916402469974 2.541182802161901 -0.26126052086294377 0.59239582540214719 61.500000000000007 0.015401558793629281 1.6710350872666908 0.01446104337280091 0.088518620943952811 1.1069743826178897 0.16043545005025217 0.20934145148744146 0.24939613174246625 2.6427665836056371 -0.0030372075217585822 0.031029261059489669 0.0052424729631309185 2.0878065429028063
decision_type=8 2 2 10 10 8 8 10 10 10 2 10 10 8 10 10 10 2 2 2 2 10 8 2
left_child=1 2 3 16 11 10 8 17 9 -5 -6 12 13 22 -12 -16 -1 -8 -19 20 -14 -21 -2 -24
right_child=4 -3 -4 6 5 -7 7 -9 -10 -11 14 -13 19 -15 15 -17 -18 18 -20 21 -22 -23 23 -25
leaf_value=-0.00083550718166756693 -0.0033449498663920786 -0.0039607567194603803 0.0068169480453533224 -0.0019470848437208191 -0.0002112742272329169 -0.0022207697000802312 -0.00012220416773293992 0.00032849889401580581 -0.0016629089172058161 0.0048447505010272545 0.0104560666623814 -0.0054278339381527889 0.014803293311520872 -0.0057004709090750609 -0.0050198184590099235 0.0090739105043989698 0.0095893029186969268 0.012642614496280633 0.0028418775027770592 -0.0038400896825398702 0.0013673299546499798 0.0063109420671966163 0.0070255494734155289 -0.00078651918160612571
leaf_weight=14.354924291372297 113.94270148873329 141.47021333873272 146.71825827658176 84.733742132782936 70.892478436231613 133.24519672989845 14.180961564183233 55.027360633015633 220.35156311094761 135.80989716947079 37.441636428236961 178.02533775568008 12.89308714866638 165.83577789366245 20.592794790863991 18.961797311902046 60.873687088489532 40.229415059089661 19.308568581938744 34.425436317920685 22.728078976273537 19.10149709880352 23.597800016403198 77.976610109210014
leaf_count=97 835 1057 960 579 498 974 96 376 1548 902 252 1317 90 1214 145 129 386 266 130 246 161 135 170 565
internal_value=1.72254e-05 0.00192223 0.0029853 0.0020859 -0.00189369 0.000639422 0.00131786 0.00475276 0.000288557 0.0022392 0.0032164 -0.00299134 -0.00204026 -0.00320411 0.00628023 0.00186792 0.0076291 0.00790733 0.00975451 0.00287263 0.00699084 -6.42156e-05 -0.00122943 0.00116045
internal_weight=1862.72 933.059 791.588 644.87 929.66 281.134 569.642 128.746 440.895 220.544 147.889 648.526 470.501 381.353 76.9962 39.5546 75.2286 73.7189 59.538 89.1481 35.6212 53.5269 215.517 101.574
internal_count=13128 6397 5340 4380 6731 1998 3897 868 3029 1481 1024 4733 3416 2784 526 274 483 492 396 632 251 381 1570 735
is_linear=0
shrinkage=0.01


Tree=26
num_leaves=25
num_cat=0
split_feature=119 32 114 120 207 164 99 22 153 20 170 62 238 174 290 21 214 76 310 310 310 4 257 188
split_gain=64.0178 59.1251 31.7325 40.4569 24.0398 21.8154 21.4385 24.8689 18.5823 16.9006 13.6525 13.1505 13.0716 15.8038 12.8604 12.5321 12.2804 11.2808 11.0145 11.0077 14.6534 12.5226 10.9204 14.8185
threshold=0.44062539308307441 0.0014316399604838677 0.72620955713536361 0.80910960197290394 -1.1886768756811807 0.0012699374539687964 0.07652706231149374 0.82417387768974704 0.011257075272450791 0.55520194645580634 2.4333523795352288 117.50000000000001 -0.6529490943972226 59.983333333333341 0.05686739150617507 0.5536663729080239 42.500000000000007 0.69266998154519122 -0.50804323261283979 -0.25766354029404759 -0.29752181293967905 -162.36294819828831 51.500000000000007 0.38841936159810025
decision_type=8 2 8 10 2 8 8 10 10 10 10 2 2 10 2 8 2 8 2 2 2 2 2 8
left_child=1 2 3 4 -1 8 10 11 9 -2 -4 -8 -13 -14 -12 18 -9 -11 -7 20 -6 -22 23 -19
right_child=5 -3 6 -5 19 15 7 16 -10 17 14 12 13 -15 -16 -17 -18 22 -20 -21 21 -23 -24 -25
leaf_value=0.0092867338710034726 -0.0027769661470512792 -0.0043974157438750692 0.0027768667084102933 -0.0022711668755010122 0.0021676451231918922 -0.0025476001024212149 -0.00318647638363818 0.015904162009993492 -0.0049557119347347417 0.010151261374615606 0.015893145657140388 -0.0044437638509915002 -0.0033094849711434449 0.0091290234854241384 0.0068542514110095185 -0.0011597741311845484 0.0019701952359615998 -0.0023734581651565496 0.0076353698620533084 0.00016021001945935599 0.014331445558791763 0.0019492799852207942 -0.0022721395735285661 0.010446149797898315
leaf_weight=49.861034139990807 245.04269273579121 142.08840571343899 74.794632703065872 232.03574794530869 132.49101495742798 12.393657609820364 67.377509236335754 13.297304391860964 264.79291561245918 12.14281517267227 17.815471395850182 14.763947188854216 12.44426655769348 32.919681221246719 148.15513762831688 68.72077614068985 12.207736283540724 14.302997291088102 39.870624184608459 168.54582144320011 18.734429225325584 15.129152178764341 48.800602704286575 17.750491932034492
leaf_count=319 1794 1066 506 1631 902 87 472 90 1959 85 115 102 85 222 976 497 82 103 278 1154 125 104 346 126
internal_value=0.000118956 0.00158181 0.00243347 0.00100712 0.00298889 -0.00220629 0.00464189 0.00166305 -0.00298266 -0.00140575 0.00648939 -0.000208042 0.00310664 0.00570197 0.00808158 0.00163366 0.0101362 0.00217201 0.00519545 0.00197804 0.00378024 0.00940598 0.000657752 0.00496924
internal_weight=1876.48 1152.66 1010.57 616.797 384.761 723.818 393.776 153.01 602.833 338.04 240.765 127.505 60.1279 45.3639 165.971 120.985 25.505 92.9969 52.2643 334.9 166.355 33.8636 80.8541 32.0535
internal_count=13226 7951 6885 4235 2604 5275 2650 1053 4413 2454 1597 881 409 307 1091 862 172 660 365 2285 1131 229 575 229
is_linear=0
shrinkage=0.01


Tree=27
num_leaves=25
num_cat=0
split_feature=46 271 123 60 114 73 160 123 11 149 113 135 201 84 11 320 215 140 224 124 3 259 17 271
split_gain=65.6535 68.2165 29.0741 21.7671 21.0156 23.8844 19.6988 18.0029 16.5388 16.0086 15.4854 15.379 14.8098 14.203 13.7821 14.1559 13.246 12.8702 12.4631 11.7493 11.7457 12.5675 10.8782 10.7162
threshold=1.0000000180025095e-35 0.12795834151016353 1.322882153155492 -118.05640877832334 0.78992007196464942 307.81832137636098 0.037565469890634758 0.69162209642705619 0.56191740169546167 0.29104278074866313 -0.3079230719319685 0.28190327158618461 0.72238278741168926 -6.4370618964045958 0.4345530334492298 -0.048181259866305622 -1.1210784972696417 0.087147578545614876 1.4931601072171288 2.5000000000000004 2.9872500329043086 -0.16418423757663883 2.35821351406587 0.070026645919202962
decision_type=2 2 8 2 10 2 8 10 10 10 10 2 2 2 10 2 2 2 2 2 2 10 2 2
left_child=1 2 6 11 9 -6 7 10 19 -4 16 -3 -5 -13 15 17 -1 -7 -15 -8 21 -21 -10 -16
right_child=-2 3 4 12 5 14 8 -9 22 -11 -12 13 -14 18 23 -17 -18 -19 -20 20 -22 -23 -24 -25
leaf_value=0.0061830940324869724 -0.0047482771379917825 0.0095409661123528298 -0.004070423962884465 0.0041069559524381186 -0.0020531254310293778 0.0097269825485587075 0.00081346937114498382 -0.0038501669517746694 0.0032633144742768056 0.0056154526500366278 0.0069046827826620564 -0.0033758717645816149 -0.0007847272191826109 0.0081732157779325458 -0.0050695026037975589 -0.0034430676582021557 -0.0026153608458796117 0.00020222567753297856 0.00073435344482381925 0.0056724975773174077 0.010238221461420985 -0.002364453489058168 -0.0071722924185171023 0.0053699229901866801
leaf_weight=19.525682955980301 245.84625044465065 89.266866058111191 325.20956289768219 140.92285987734795 219.1838681101799 52.692256063222885 68.458949610590935 101.32917669415474 14.964631810784338 15.503904059529303 37.219354301691055 20.11888299882412 106.78521639108658 59.700587511062622 25.577633813023567 12.856965526938437 69.92261116206646 19.512262374162674 36.638161927461624 83.342690214514732 42.180694252252579 23.184531673789024 20.695995435118675 12.264953941106794
leaf_count=128 1843 569 2385 959 1590 366 473 717 105 112 256 131 737 388 189 91 478 140 243 560 280 158 146 87
internal_value=3.51975e-05 0.000770118 -0.00051294 0.00404769 -0.00183687 -7.86989e-05 0.00136479 -0.000760145 0.00327213 -0.00358395 0.00173418 0.00643659 0.00200916 0.00387806 0.00340125 0.00558166 -0.000552608 0.00727159 0.00545642 0.0043057 0.00586133 0.00389812 -0.00284917 -0.00152251
internal_weight=1862.9 1617.06 1163.63 453.433 682.801 342.088 480.824 227.997 252.827 340.713 126.668 205.724 247.708 116.458 122.904 85.0615 89.4483 72.2045 96.3387 217.167 148.708 106.527 35.6606 37.8426
internal_count=13131 11288 8261 3027 4960 2463 3301 1579 1722 2497 862 1331 1696 762 873 597 606 506 631 1471 998 718 251 276
is_linear=0
shrinkage=0.01


Tree=28
num_leaves=25
num_cat=0
split_feature=271 32 32 119 107 123 117 124 273 120 64 183 314 71 117 4 267 87 129 153 121 212 129 142
split_gain=70.2634 32.9666 29.0374 28.8241 26.1871 25.9135 24.4221 17.6941 17.9273 18.4329 19.8052 14.4388 12.4096 12.1571 12.0115 20.1483 13.4115 13.0486 12.205 11.929 11.3102 11.4707 11.2455 14.9838
threshold=0.11102039330474796 0.0011648227597005247 0.0015637226134585292 0.4649171857249334 0.25521975655414714 1.0218350804739009 0.70584783778875149 5.5000000000000009 5.4713495324663919 0.56124464904561633 0.6553916392720428 -1.004200617346463 -0.0064637763912873932 3.1488082928064669 0.76146564380055637 -116.81703294435657 0.66934691370663135 2.4217424621987251 1.5570686530080455 0.011257075272450791 -0.75799473685632135 0.24423042783596663 1.9323775691538185 0.03730078421452062
decision_type=2 2 2 8 10 8 10 2 10 10 10 10 2 10 10 2 2 8 10 10 10 2 10 2
left_child=2 5 3 4 14 7 -7 12 9 -9 -11 -8 -2 19 -1 -16 18 -18 -17 -5 21 -14 -15 -24
right_child=1 -3 -4 13 -6 6 11 8 -10 10 -12 -13 20 22 15 16 17 -19 -20 -21 -22 -23 23 -25
leaf_value=-0.0017355001513566046 -0.0033321978144128599 -0.0033811431547536124 -0.0061095680035557973 -0.0017314672635835677 0.0056492355796800946 -0.0047192016644237505 0.011849318456558967 0.015010284410821003 -0.00098783516586793858 0.00044408051084574777 0.0082094368837178182 0.0018367472532033408 -1.2312496070085839e-06 -0.0047744890764017433 0.0064039455824012985 0.0060384250837486712 0.0012000906626966764 -0.0068378946036733871 -0.0031086697055689423 -0.005079066517458858 -0.0035594572042890482 0.0099414017152828424 0.010577365074948761 -0.0021388064059895311
leaf_weight=261.95739513635635 32.524148985743523 83.616557031869888 121.41872236132622 240.15649962425232 83.757429987192154 55.16923201084137 12.671029046177862 28.279553055763245 26.063302397727966 44.53943644464016 129.21901325881481 251.09746032953262 18.014504432678223 14.456932619214056 56.390712752938271 39.160298049449921 34.979057282209396 42.166272267699242 20.006816908717155 197.20561230182648 12.976669967174528 28.760851621627808 18.06835013628006 14.997182697057722
leaf_count=1852 217 628 918 1757 573 392 85 180 174 294 827 1728 120 104 380 271 244 298 140 1470 90 188 128 110
internal_value=-2.60103e-07 0.00243446 -0.00154097 -0.000982493 0.000608208 0.00320825 0.00116994 0.00520616 0.00668893 0.00768414 0.00626383 0.00244264 0.00143994 -0.00274414 -0.000347549 0.00153184 -0.000565998 -0.00326751 0.00292841 -0.00326622 0.00408698 0.006311 0.00195385 0.00506875
internal_weight=1867.65 722.932 1144.72 1023.3 538.418 639.315 318.938 320.377 228.101 202.038 173.758 263.768 92.2762 484.885 454.661 192.703 136.312 77.1453 59.1671 437.362 59.752 46.7754 47.5225 33.0655
internal_count=13168 4923 8245 7327 3758 4295 2205 2090 1475 1301 1121 1813 615 3569 3185 1333 953 542 411 3227 398 308 342 238
is_linear=0
shrinkage=0.01


Tree=29
num_leaves=25
num_cat=0
split_feature=271 46 147 22 78 150 22 149 97 197 119 138 273 95 132 126 271 189 117 153 209 131 76 70
split_gain=66.9201 37.6381 26.9778 32.972 21.8214 18.3559 16.4066 14.4093 14.2931 15.2444 13.3655 12.8031 11.9409 11.2166 14.9886 13.6345 12.3063 12.7693 11.1948 16.6899 11.2321 12.2882 10.9318 17.3185
threshold=0.10952046704805242 1.0000000180025095e-35 0.14913119318372417 0.08797565370076145 -30.52073519187595 0.048826334128002941 -0.1732538779286458 0.29104278074866313 0.087048621603932494 -0.32441826882800595 0.10088680332526478 0.13819660014781968 5.4713495324663919 -1.5246638181071193 0.016059651449836045 0.78958290674139742 0.1763336606329263 -0.31259386447263549 1.4565039338038972 0.049443833272216117 0.79420168067226904 3.3694649537509487 0.86775680592428117 0.66230442059755423
decision_type=2 2 10 10 2 10 10 10 10 10 10 2 10 10 2 10 2 8 8 8 2 8 10 10
left_child=2 4 7 5 12 8 -6 18 -4 -10 -5 -12 -2 -8 16 -16 22 -18 20 -20 21 -1 23 -15
right_child=1 -3 3 10 6 -7 13 -9 9 -11 11 -13 -14 14 15 -17 17 -19 19 -21 -22 -23 -24 -25
leaf_value=0.0021089392560322056 0.0059085843365464189 -0.003553557101491616 -0.00091265605622077443 0.0068296106466621403 -0.0046771257280323357 -0.0037716019358142541 -0.0045597567228638372 0.0046574776566752091 -0.00047867081163886267 0.012730641382480413 -0.0018118750110274809 0.0033537508286803604 -0.00063889483150262954 0.00053386232380043521 0.013173181614273798 0.00082116738285983523 0.00063602754787235572 0.010955890144589753 0.00081601057203371796 -0.0056295457025289158 -0.0073535026161528688 -0.0045058627488835422 -0.00095678562421117974 0.0096224591931244295
leaf_weight=32.95704647898674 254.57893863320351 93.825982540845871 131.03667443990707 54.924435526132584 35.742601916193962 237.42847420275211 20.247335880994797 18.939719334244728 16.459500998258594 14.9966424703598 76.956717014312744 118.02188146114349 30.338462948799133 67.665874421596527 21.290328159928322 15.117193326354025 22.399385377764702 24.510973557829857 104.35754907131195 61.666806489229202 114.78676173090935 139.40843665599823 135.6893098205328 27.954952493309975
leaf_count=243 1636 705 922 365 252 1720 139 136 113 104 551 836 202 468 142 103 153 166 755 459 857 1033 946 187
internal_value=-2.00664e-05 0.00228837 -0.00156469 -0.000237905 0.00313778 -0.00201497 0.0015157 -0.00337642 0.000566338 0.00632217 0.00259263 0.00131307 0.00520846 0.00221345 0.00268941 0.00850071 0.00184714 0.00636618 -0.00374131 -0.00162652 -0.00493265 -0.00322163 0.000860236 0.00340213
internal_weight=1871.3 749.361 1121.94 649.824 655.535 399.921 370.618 472.116 162.493 31.4561 249.903 194.979 284.917 334.875 314.628 36.4075 278.22 46.9104 453.177 166.024 287.152 172.365 231.31 95.6208
internal_count=13193 5099 8094 4611 4394 2859 2556 3483 1139 217 1752 1387 1838 2304 2165 245 1920 319 3347 1214 2133 1276 1601 655
is_linear=0
shrinkage=0.01


Tree=30
num_leaves=25
num_cat=0
split_feature=5 5 153 109 150 113 105 70 21 103 181 292 21 309 109 246 120 105 152 246 229 241 114 261
split_gain=57.6989 70.7479 37.748 38.8401 32.0137 19.8765 19.7248 19.5755 17.8455 17.8295 17.0805 15.6885 14.3365 14.458 13.893 15.5543 12.6413 12.2996 12.0351 11.5803 11.4614 11.45 11.8025 15.0375
threshold=-2.8983711643309662 -2.8712440139818409 0.0084175322742925177 1.6620855197605064 0.048826334128002941 0.39129270308529074 0.28992395043123026 0.84951068738559143 0.22120453928176353 1.3521093636141615 0.054460838240686822 0.0058716286873582791 -0.40683015768488257 -0.0067735077713361172 2.4357253669081698 1.1286014387471928 0.59161938233022071 0.99430583986784449 0.077003205128205146 0.50257835837214404 -0.12621806647392461 0.81666666666666676 0.75928835639781378 0.11391146341944071
decision_type=2 2 10 10 8 10 10 8 8 8 2 2 10 2 10 10 10 8 8 10 2 2 8 10
left_child=-1 10 3 4 6 21 11 -4 -5 -7 -2 -3 -8 -14 15 18 19 -11 -9 -13 -10 22 -6 -24
right_child=1 2 7 8 5 9 12 14 20 17 -12 16 13 -15 -16 -17 -18 -19 -20 -21 -22 -23 23 -25
leaf_value=-0.0043451853007068037 0.013782149477239918 -0.0023606356981492578 -0.0048712141512059649 0.0098014605388950776 -0.0023807895783416666 0.0092855439600943862 0.0091494953105004957 0.0088468178340888794 0.0049602516808654245 -0.0038042253164267286 0.004941789298361361 0.00017744625133563562 -0.002176913608243224 0.0059653856678304274 0.0069040747771854354 -0.0051263491666919585 0.00069051621658249528 0.0065671925193815598 -0.00064451774508564612 0.011452828675682734 -0.0035320413469589465 -0.0045362134585480362 0.0038954592920900821 -0.0041117695406311765
leaf_weight=266.09812618792057 24.094834178686142 100.54444205760956 210.46597692370415 59.783568784594536 238.36848935484886 27.553391024470329 55.426777422428131 15.434805199503897 45.423961266875267 32.955123111605644 174.83941107988358 14.383641347289084 35.669418290257454 48.481820479035378 21.095572978258133 56.384365662932396 86.734357923269272 13.954935684800146 47.831479892134666 23.362091243267059 21.134676903486252 139.71252755820751 77.054788932204247 30.475472539663315
leaf_count=2004 157 687 1557 395 1710 186 359 107 318 234 1139 97 243 327 151 412 591 98 346 152 148 1007 529 215
internal_value=-5.83231e-05 0.000659915 -0.000135776 0.000812829 9.38728e-05 -0.00140399 0.0023906 -0.00296112 0.00594917 0.0033161 0.00619648 0.000535223 0.00530437 0.00254408 -5.79574e-05 -0.00142531 0.00288267 -0.000499806 0.00193639 0.00749417 0.0022149 -0.00214492 -0.00114706 0.00156954
internal_weight=1867.26 1601.17 1402.23 1051.02 924.677 560.075 364.603 351.212 126.342 74.4634 198.934 225.025 139.578 84.1512 140.746 119.651 124.48 46.9101 63.2663 37.7457 66.5586 485.611 345.899 107.53
internal_count=13169 11165 9869 7296 6435 3979 2456 2573 861 518 1296 1527 929 570 1016 865 840 332 453 249 466 3461 2454 744
is_linear=0
shrinkage=0.01


Tree=31
num_leaves=25
num_cat=0
split_feature=119 105 122 105 77 108 123 152 164 253 121 267 218 254 272 113 259 96 170 161 72 205 105 262
split_gain=54.6452 30.0759 31.1607 28.1631 24.1955 21.5133 25.1646 22.1544 14.4163 13.9888 21.2964 15.5488 13.9642 13.5599 13.473 13.4388 17.2438 12.9323 12.4991 16.932 12.3444 11.8883 14.8496 16.1884
threshold=0.1139320758811037 0.58164540142383669 0.64143503934520274 1.0631438680210092 3.1403244536067256 0.50140856581222448 0.52057875608898263 0.029951333288479227 0.0012699374539687964 14.500000000000002 -0.56886121648217258 0.41476694579169171 0.09485904857790084 227.50000000000003 0.012572302187013185 -0.04025899239509665 -0.11874952976507656 -0.028373044676036494 2.7268668615004903 0.014167670279673493 -147.02482690730196 -0.17079276438423691 0.0089318772349944505 -0.99788036317089934
decision_type=8 10 8 10 10 10 10 10 10 2 8 2 2 2 2 10 10 8 10 10 2 2 10 10
left_child=5 13 3 4 14 6 21 12 -4 -5 11 -11 -7 17 -3 -16 -17 -2 -8 -20 -21 22 23 -1
right_child=1 2 8 9 -6 7 18 -9 -10 10 -12 -13 -14 -15 15 16 -18 -19 19 20 -22 -23 -24 -25
leaf_value=0.0095033129716205755 -0.0046075219642769984 -0.00094496389543667376 -0.0031663310825825203 -0.0021875608758629072 -0.0039911298956938944 0.0054131974650986989 -0.0037298014500694431 -0.002539480952716756 0.0014406008559504791 0.012774033892586523 0.016736093202135333 0.0014080232152897723 0.015491517982545373 0.0060325607787429392 -0.0023984405479534929 0.013128759920820993 0.0029766125866581505 0.0027190511087145991 -0.0011088796020552378 0.0091333042170441501 -0.00024889533966179951 -0.00078045332741001096 0.0070603455916224828 0.00023832199905663088
leaf_weight=20.181996718049049 333.74961417913437 64.970055148005486 304.63598997890949 13.814813181757925 86.04567776620388 131.49406442046165 98.4046580940485 29.871653705835342 85.027213484048843 14.490473717451094 19.389782145619392 43.065160199999809 14.174508854746817 11.215089082717894 18.425194293260574 24.927978947758675 48.964795738458633 23.955643609166145 161.54328183829784 30.524435862898827 23.584604308009148 57.162550911307335 102.00081343948841 106.53421333432198
leaf_count=132 2466 457 2250 96 615 862 694 204 609 97 131 295 92 82 131 169 338 176 1137 205 161 388 668 723
internal_value=8.86408e-06 -0.00143 -0.00024003 0.00199019 0.000190553 0.0020354 0.00112061 0.00508853 -0.00215534 0.00665214 0.00827326 0.0047525 0.00667823 -0.00374212 0.0025147 0.00491564 0.00677385 -0.0040965 -0.00082917 0.000521079 0.00521768 0.00325316 0.00426284 0.00189775
internal_weight=1868.15 1092.68 723.757 334.094 243.334 775.477 599.937 175.54 389.663 90.7602 76.9454 57.5556 145.669 368.92 157.288 92.318 73.8928 357.705 314.057 215.652 54.109 285.88 228.717 126.716
internal_count=13178 7912 5188 2329 1710 5266 4108 1158 2859 619 523 392 954 2724 1095 638 507 2642 2197 1503 366 1911 1523 855
is_linear=0
shrinkage=0.01


Tree=32
num_leaves=25
num_cat=0
split_feature=271 5 153 109 5 299 162 126 109 5 122 113 114 188 282 76 273 162 30 122 114 302 137 319
split_gain=60.8343 39.3434 31.3983 34.588 30.633 15.4125 15.3448 14.5234 15.7969 13.8226 12.6532 21.3244 20.0531 13.7165 13.6765 14.8397 12.6422 12.1941 17.4132 12.055 19.8754 12.5492 12.189 13.2874
threshold=0.10952046704805242 -2.8983711643309662 0.0088574028745371253 1.6322669066613535 -2.8712440139818409 -0.052933153802719006 0.030323928944618602 0.72897208950156756 2.1525822659375815 -2.9045152274407715 0.29663000657420141 0.30146745398226243 0.73302609563181453 0.54592314901593253 -0.00060111497496706165 0.7751795831097873 5.295194965852132 0.019672184015544252 0.018144704947919886 -0.021594023724452922 0.72260892609564309 0.010412811497656058 0.25009593246354572 -0.13258447259500813
decision_type=2 2 10 10 2 2 10 8 10 2 8 10 8 10 10 10 10 10 2 8 10 2 2 2
left_child=2 -2 3 5 -3 -1 17 10 -9 -7 12 -12 14 -13 -6 16 -16 18 -5 20 21 -11 -21 -24
right_child=1 4 -4 6 7 9 -8 8 -10 19 11 13 -14 -15 15 -17 -18 -19 -20 22 -22 -23 23 -25
leaf_value=0.0017645009387743189 -0.0036228847213535054 0.0074723804860499345 -0.0040486102023857932 0.011134998633321867 -0.00028176020614794657 -0.0065863987838387789 -0.0043742532950441565 -0.0019245884976926766 0.0067973529934303679 -0.0041635704343792592 -0.0045909516202505638 0.0073513547925716655 0.0095087220292050609 -0.001715659444989274 0.0089190729310988179 -0.0017435836662124385 0.00019270929916416599 0.014196592839919918 0.00037808438585901726 -0.0033403561293013145 0.0055014094794286882 0.0028458590331407419 -0.0045582780409339886 0.0051484612498329677
leaf_weight=137.11294975876808 100.65015812218189 122.61462196707726 346.55460627377033 21.681735351681709 86.608645290136337 55.13319157063961 12.026852905750273 133.88841092586517 21.640297323465347 69.437400385737419 49.03676201403141 40.35588538646698 54.35689440369606 25.458442360162735 66.407074779272079 24.547523736953735 22.318636938929558 15.863133981823919 40.030623406171799 276.4890760332346 55.936231940984726 36.890938684344292 19.310495793819427 36.341842338442802
leaf_count=976 756 771 2584 145 571 420 83 929 150 482 352 276 348 175 431 168 148 108 284 2007 374 259 139 260
internal_value=-8.77984e-05 0.0021166 -0.00155864 -0.000435008 0.00302263 -0.00120479 0.00530888 0.00194607 -0.000604488 -0.00195273 0.00301996 0.000244825 0.00425312 0.00390344 0.0027057 0.00494962 0.00680909 0.00692414 0.00449668 -0.00139931 0.000820632 -0.0017116 -0.00248462 0.0017053
internal_weight=1870.69 747.883 1122.81 776.254 647.233 686.652 89.6023 524.619 155.529 549.539 369.09 114.851 254.239 65.8143 199.882 113.273 88.7257 77.5755 61.7124 494.406 162.265 106.328 332.141 55.6523
internal_count=13196 5075 8121 5537 4319 4917 620 3548 1079 3941 2469 803 1666 451 1318 747 579 537 429 3521 1115 741 2406 399
is_linear=0
shrinkage=0.01


Tree=33
num_leaves=25
num_cat=0
split_feature=32 123 109 103 114 162 152 81 303 109 286 123 161 311 179 109 28 270 283 148 109 123 84 229
split_gain=59.2362 51.732 33.1013 40.706 25.8675 16.9273 19.5561 15.9704 14.1394 14.2139 17.5411 13.7072 24.7849 21.4222 13.4605 13.2439 16.6006 13.193 12.2019 11.8757 19.6917 11.8922 11.5684 14.0476
threshold=0.0014316399604838677 0.91603001969711262 1.1685457581177501 1.6019459072125179 0.71170873479357177 0.019362649379051789 0.11867455188391661 1.4895522593789037 0.0012459811876928603 1.9109651622609172 0.83104417866928448 -0.10896092029255984 0.0038535788535788542 -0.20323144076513991 3.0609422958870476 1.465758383013674 0.22620937287191237 0.05266108095350485 -0.0042268409612006069 0.16778076658415181 0.57166791703072306 0.55056692855618217 4.1252264312313578 -0.31846963698601471
decision_type=2 8 10 8 8 10 10 10 2 10 2 10 8 2 2 10 2 2 10 10 10 10 2 2
left_child=1 11 -3 4 15 18 7 14 9 10 -6 13 19 -1 -7 -4 -17 -14 -5 20 -13 -22 -19 -24
right_child=-2 2 3 5 8 6 -8 -9 -10 -11 -12 12 17 -15 -16 16 -18 22 -20 -21 21 -23 23 -25
leaf_value=0.010311902588589746 -0.0049933087037120922 -0.002934959216486544 -0.0025799975467936747 0.0008786896730987189 0.010831233768956117 -0.00088934720236296132 -0.0026338988436281686 0.011444074131547702 0.0095782730311960284 0.011168490363435346 0.00096692879102485503 -0.0014252740781432059 0.0015926717698749981 -0.0010942438743944947 0.005912439949060694 0.0099893235683759084 -0.001137057981629685 0.0010718358975867924 -0.0050775436062079297 -0.0022028454487106252 0.0085154926828858099 -0.0017826128912340731 0.0022575728362391723 0.010773082152507807
leaf_weight=56.342149704694748 200.97221544384956 363.73339501023293 85.520855039358139 44.14708748459816 18.518585219979286 81.712414711713791 118.06721243262291 15.972234964370726 56.428103938698769 19.489989280700684 122.52791881561279 65.598260372877121 71.16808545589447 21.897408589720726 41.677144080400467 20.81341814994812 29.467076003551483 27.394425317645073 138.00027456879616 99.393363267183304 48.01151904463768 13.073596477508543 28.708037316799164 74.1641915589571
leaf_count=347 1534 2647 612 324 123 578 870 111 379 129 829 449 478 147 289 144 204 182 1021 688 308 89 182 478
internal_value=9.48139e-05 0.000718221 -0.000449219 0.000697024 0.00321494 -0.00132902 0.00032211 0.00283613 0.00533512 0.00369688 0.00245733 0.00337642 0.00263505 0.00718063 0.00148143 -0.000204999 0.00373751 0.00516024 -0.00363714 0.000344581 0.00235552 0.00631438 0.00702613 0.00853077
internal_weight=1862.8 1661.83 1156.08 792.342 352.766 439.576 257.429 139.362 216.965 160.536 141.047 505.751 427.511 78.2396 123.39 135.801 50.2805 201.435 182.147 226.077 126.683 61.0851 130.267 102.872
internal_count=13142 11608 8260 5613 2420 3193 1848 978 1460 1081 952 3348 2854 494 867 960 348 1320 1345 1534 846 397 842 660
is_linear=0
shrinkage=0.01


Tree=34
num_leaves=25
num_cat=0
split_feature=271 153 108 297 119 39 271 126 284 150 90 117 304 307 320 140 107 29 191 131 307 121 267 115
split_gain=58.4109 28.671 30.8207 23.3307 19.8165 18.1793 23.9619 17.6293 17.599 16.23 14.4742 14.2459 13.2306 11.8524 11.7183 11.7153 13.6434 16.4942 12.1843 11.0057 12.3453 18.1026 11.4748 12.4897
threshold=0.10952046704805242 0.0080375119782077394 0.6787160163624234 -0.036139136491766512 0.10723967878901888 0.078446455505279053 0.16070722431700804 0.26616128725030547 0.037148935850657767 0.054568012632528771 15.2655939246738 0.75481220856586184 0.00226852527611543 -0.0036492823998806353 -0.053481598446927632 0.070814896755162254 0.13016598671795385 0.2577403676359295 -0.17808627338160735 0.95806053949105319 0.032893559060222712 -1.016901428473979 1.3566118438093124 -0.4739523803185996
decision_type=2 8 10 2 10 2 2 10 10 10 2 10 2 2 2 2 10 2 8 8 2 10 2 8
left_child=1 2 19 -4 -5 8 10 -6 9 12 -7 -11 14 -13 -2 16 -9 -18 -19 -1 22 -22 23 -21
right_child=5 -3 3 4 7 6 -8 15 -10 11 -12 13 -14 -15 -16 -17 17 18 -20 20 21 -23 -24 -25
leaf_value=0.0047102140923911953 0.0072736632757378628 -0.0037256705572917253 -0.0048388308727846984 0.010415334586163102 -0.002613474974657195 -0.0022053623363017787 0.0032960754435959957 0.0014273866806149183 0.00030412037186283253 -0.0033048180616301872 0.0054363959781552271 0.0014044408555156155 0.012986477748525613 0.009944321933692428 -0.0017482469951852746 -0.0027161668872376695 0.00010713588448188335 0.0056850789020235102 0.018701661168619453 -0.0021629111117879756 0.010984329395963015 -0.0041906530632095833 -0.0054727077249751123 0.0034032943819818718
leaf_weight=23.528134599328041 67.065281793475151 367.33485619723797 31.177084729075432 37.743072271347046 45.627502590417862 210.70848233997822 208.29795677959919 37.499144494533539 91.439218297600746 28.5545843988657 25.250621601939201 42.943752750754356 35.94163903594017 24.839813575148582 16.704383596777916 16.030664354562759 13.790508538484572 17.513679563999176 16.712074562907219 352.32546599209309 14.690630257129671 12.01532870531082 90.136238068342209 42.779896467924118
leaf_count=165 436 2747 222 246 329 1475 1383 268 615 202 176 291 233 168 111 116 96 120 115 2524 106 89 656 308
internal_value=0 -0.00144728 -0.000322534 0.00284063 0.00419439 0.00215104 0.000844759 0.00242527 0.00401008 0.00554965 -0.00132843 0.00237761 0.00797985 0.00482234 0.00546462 0.00470851 0.00615434 0.00954017 0.0130143 -0.00160917 -0.00192595 0.00437621 -0.00229832 -0.0015377
internal_weight=1870.65 1118.9 751.569 216.094 184.917 751.746 444.257 147.174 307.489 216.049 235.959 96.3382 119.711 67.7836 83.7697 101.546 85.5154 48.0163 34.2258 535.476 511.948 26.706 485.242 395.105
internal_count=13197 8107 5360 1512 1290 5090 3034 1044 2056 1441 1651 661 780 459 547 715 599 331 235 3848 3683 195 3488 2832
is_linear=0
shrinkage=0.01


Tree=35
num_leaves=25
num_cat=0
split_feature=21 109 109 147 75 107 227 147 162 142 29 85 55 107 161 55 164 33 239 144 235 127 202 62
split_gain=42.8592 34.2122 27.2264 37.5189 26.5023 22.6875 20.4213 18.7061 25.0533 14.9854 14.7777 14.2954 17.0618 13.5249 13.1423 12.774 15.8424 12.6584 12.6302 12.4538 12.0308 11.5001 11.4405 11.356
threshold=-0.05650404252328018 1.1685457581177501 1.4088891440721518 0.1461861667744021 -0.51264193702449345 0.13016598671795385 0.0081367018881915217 0.23650050465403163 0.003669737125619479 0.0014781974076372442 0.30099882784248205 38.767540471757293 3.4282666152131149 -0.34477722187210241 0.014606159425811073 2.4223010230062898 0.0012699374539687964 0.04376575815051624 0.52856370684596421 0.075974683544303812 0.0073619742737389806 -0.23071505293482533 0.062696540880503152 115.50000000000001
decision_type=8 10 10 10 10 10 2 10 10 2 2 2 2 10 10 2 10 2 10 10 2 10 2 2
left_child=1 4 -2 15 13 6 -5 14 22 10 -3 -7 17 19 -6 -4 -17 -13 -15 21 -11 -1 -9 -18
right_child=2 9 3 5 7 11 -8 8 -10 20 -12 12 -14 18 -16 16 23 -19 -20 -21 -22 -23 -24 -25
leaf_value=-0.0071415553691786581 -0.0033165563731708883 0.0091571592507280024 0.0052801850125517571 -0.0030112258306023011 -0.0050894459961723926 -0.00025353920414438575 0.0082166948809776815 -0.0029921090836364335 0.0097217535705616601 -0.0016686710794629198 0.0013696737607327011 0.012091479259942133 -0.0011928868721106081 0.0013053540394199203 0.00041193211362830495 -0.0035432114870639743 -0.0029134738447941389 0.003079344943223396 0.011079187505468957 0.0028090413531514824 0.0078790031675113632 0.0036814518567234817 0.0022185594766114419 0.0038979077623840412
leaf_weight=24.110476657748222 406.12306833267212 98.576049119234085 20.972543105483055 70.466229200363159 128.06998862326145 28.062743723392487 17.949801757931709 81.211824104189873 25.992233023047447 43.096057742834091 33.970574736595154 57.304866135120392 16.883066177368164 23.130323231220245 63.889248117804527 266.17077474296093 38.41923052072525 24.763721123337746 31.886786788702011 196.17939083278179 15.703213006258009 13.091989308595656 81.600991606712341 57.517544969916344
leaf_count=166 2998 640 148 496 926 198 124 569 174 291 224 385 118 152 452 1973 277 165 208 1316 105 88 563 408
internal_value=7.28683e-05 0.00170832 -0.00132782 2.92561e-05 0.000631388 0.00334428 -0.000535913 -0.00109645 0.00112786 0.00540496 0.00723936 0.00600574 0.00774835 0.00290451 -0.00327394 -0.00184327 -0.0022965 0.009578 0.00725335 0.00180016 0.00111036 -0.00331661 -0.000381187 0.00115462
internal_weight=1865.14 860.509 1004.63 598.511 669.163 215.43 88.416 380.764 188.805 191.346 132.547 127.014 98.9517 288.399 191.959 383.08 362.108 82.0686 55.0171 233.382 58.7993 37.2025 162.813 95.9368
internal_count=13164 5874 7290 4292 4614 1486 620 2684 1306 1260 864 866 668 1930 1378 2806 2658 550 360 1570 396 254 1132 685
is_linear=0
shrinkage=0.01


Tree=36
num_leaves=25
num_cat=0
split_feature=46 122 109 122 105 78 66 302 105 1 151 117 14 295 223 85 114 58 132 98 79 109 295 125
split_gain=52.1203 58.7694 30.8772 44.8593 23.6971 20.9037 26.8107 16.2632 17.8828 16.8217 13.5416 20.0247 14.4124 13.6056 13.2089 13.0035 12.9599 15.9354 12.5029 12.3675 11.3159 13.6853 10.7327 9.82168
threshold=1.0000000180025095e-35 0.0071338164418250508 1.1685457581177501 0.62680524993752162 1.3997196495424571 -4.9814773194028268 13.669844054874309 0.01226721925394164 0.19873710666551034 -0.59000818316802917 0.083435708435708453 1.063955625366406 0.11407222096979837 0.18308128432115833 -1.0420623425618711 20.735031157403878 0.72620955713536361 0.81284657228231738 0.01310672647094358 145.50000000000003 92.260075469046214 0.63011493046225919 0.14245238890718612 0.40289455726894202
decision_type=2 8 10 10 10 2 2 2 10 2 10 8 2 2 2 2 8 10 2 2 2 10 2 10
left_child=1 7 -3 4 5 -4 -7 8 14 -10 11 12 -8 -13 -1 -9 19 -18 -5 -11 -17 -22 -16 -21
right_child=-2 2 3 18 -6 6 10 15 9 16 -12 13 -14 -15 22 20 17 -19 -20 23 21 -23 -24 -25
leaf_value=0.0037587908441282258 -0.0042687033468922246 -0.0032552006328361895 0.0096439024839032519 -0.0027204920088151788 0.01247325923488337 -0.0037449413862673071 0.0060070231777615947 -0.00027290577222917431 0.011568757053931136 -0.0032113044708848714 -0.00080877386382646158 0.0093519443599217843 -0.0036445866094502446 0.0016335453248641466 -0.0068356543917408108 0.010487182230868294 0.010746825884006436 0.0021794546362194672 0.0024789604142891903 -0.0026306239460561864 -0.0003455575977000826 0.0070142600688094863 -8.8936740765863421e-05 0.0058428253759893389
leaf_weight=40.501112878322601 242.29520425200462 325.31470590829849 31.441098690032959 322.86571210622787 21.604464814066887 74.503658384084702 21.581102401018143 31.280783787369728 21.851354047656059 50.10570727288723 65.080273866653442 74.516431644558907 39.363041147589684 34.86883071064949 37.421550273895264 53.091957211494446 32.675470396876335 61.949122801423073 51.422128275036812 17.452757880091667 36.343593657016754 76.377489700913429 57.836388632655144 42.4481011480093
leaf_count=255 1851 2385 205 2375 146 524 149 215 137 341 460 495 279 233 255 336 207 400 378 116 245 499 392 277
internal_value=2.89703e-05 0.000677962 -0.000702927 0.000430086 0.00292474 0.00221953 0.00138234 0.00329331 0.00200515 0.00370986 0.00303459 0.00449809 -9.56833e-05 0.00700416 -0.000849221 0.00559367 0.00271889 0.00537526 -0.00199019 0.000347216 0.00669235 0.00468239 -0.00287083 0.00335057
internal_weight=1864.19 1621.9 1062.56 737.247 362.959 341.354 309.913 559.335 362.242 226.483 235.41 170.329 60.9441 109.385 135.759 197.094 204.631 94.6246 374.288 110.007 165.813 112.721 95.2579 59.9009
internal_count=13155 11304 7629 5244 2491 2345 2140 3675 2380 1478 1616 1156 428 728 902 1295 1341 607 2753 734 1080 744 647 393
is_linear=0
shrinkage=0.01


Tree=37
num_leaves=25
num_cat=0
split_feature=5 119 5 109 152 109 122 315 161 152 107 232 282 11 90 161 146 225 232 62 10 156 148 109
split_gain=55.4212 63.6582 29.3184 26.7464 31.7476 20.0933 23.0327 18.1656 17.3994 17.3718 17.1944 14.3518 22.9343 12.8933 12.7152 11.9941 11.725 11.5924 11.5485 11.4181 11.3365 11.3251 11.27 16.0713
threshold=-2.8996003220412478 0.1645283755538979 -2.8712440139818409 1.4149778051504862 0.079732373077265065 1.1685457581177501 -0.34700363637022497 -0.10203041346183468 0.019948628588311198 0.034194994292714172 0.29080678368324925 2.7241120743786311 0.005002019739704963 0.30058743740485938 4.5657814092408691 0.028191090114353837 0.23089094449853947 0.52198067632850254 2.1665923935460953 133.50000000000003 1.2344750566164653 0.11907206414393275 0.035441050528118766 0.59239582540214719
decision_type=2 8 2 8 8 10 10 2 10 10 10 2 8 8 2 10 10 2 2 2 2 10 10 10
left_child=-1 5 11 -4 10 6 7 22 16 19 13 12 -3 14 -5 -12 -8 -6 -10 -7 -15 -13 -2 -24
right_child=1 2 3 4 17 9 8 -9 18 -11 15 21 -14 20 -16 -17 -18 -19 -20 -21 -22 -23 23 -25
leaf_value=-0.0043448454940659374 0.010101881335336156 0.019143432469405818 -0.0037221567630888299 0.00039981855884552912 0.0060192117887042339 0.0041687604324196657 -0.0028123661323961415 -0.0025699157595438587 0.00915254715412178 -0.0012270840175390256 -0.0007718594880738068 0.0052968342478685584 0.00037785420935179215 0.0017187582387377478 0.011081045069083343 0.0070596117030035386 0.00242774143665573 -0.0030351424213570831 -0.0010827389300237177 0.0097557100068278342 -0.0052943967842045501 -0.0049579228916477123 0.00054423933971695592 0.0063739796417563027
leaf_weight=250.2596810311079 34.744269788265228 12.263356134295462 339.93177050352097 32.61177584528923 12.333465963602064 83.31875167787075 157.91237923502922 35.023293301463127 26.343405321240425 29.503666162490845 24.147646263241768 24.849292859435081 11.852105781435968 39.51193667948246 14.441988319158552 85.588836282491684 55.500129863619804 245.11311347782612 16.573642671108246 76.772525861859322 48.602903366088867 14.843152597546576 83.036763697862625 110.08884108066559
leaf_count=1915 211 83 2510 228 90 542 1101 236 178 199 170 171 83 281 96 582 377 1815 113 478 351 106 548 703
internal_value=6.00837e-06 0.000687322 -0.00106697 -0.00156842 -9.62985e-05 0.00292659 0.0018878 0.00395105 -0.000244486 0.0056963 0.0024645 0.00532188 0.0109698 5.16209e-05 0.00414261 0.00535132 -0.00143096 -0.00253654 0.00535597 0.00697758 -0.00218302 0.00136327 0.00497699 0.00391679
internal_weight=1865.17 1614.91 906.091 842.283 502.352 708.818 519.223 262.893 256.33 189.595 244.905 63.8079 24.1155 135.169 47.0538 109.736 213.413 257.447 42.917 160.091 88.1148 39.6924 227.87 193.126
internal_count=13167 11252 6566 6123 3613 4686 3467 1698 1769 1219 1708 443 166 956 324 752 1478 1905 291 1020 632 277 1462 1251
is_linear=0
shrinkage=0.01


Tree=38
num_leaves=25
num_cat=0
split_feature=119 5 5 116 108 75 131 71 292 5 308 224 151 177 150 70 161 191 185 289 284 77 71 209
split_gain=57.3494 52.1297 35.8933 23.0444 17.5428 21.8518 19.3961 17.0743 16.6271 16.6224 13.9167 12.934 12.8746 12.7973 11.4712 16.3006 14.2667 15.2216 11.3422 11.3296 10.366 12.8951 10.3674 10.3235
threshold=0.44062539308307441 -2.8983711643309662 -2.8712440139818409 0.32527398595925777 0.50140856581222448 0.061655259194703202 1.2475667522056213 1.9743418683710001 0.016943215677636857 -2.5045704500484605 0.00096434995150460154 2.3011757940721931 0.088518620943952811 7.3109217455593729 0.0445978263443279 0.7645471790999061 0.0030349083540572907 -0.90609300459846331 0.83313725490196089 0.060647727084814702 0.0099842661082401602 2.5169659614549058 1.6532682000145271 0.64110105580693832
decision_type=8 2 2 10 10 10 8 10 2 2 2 2 10 10 10 10 10 10 10 2 8 8 10 2
left_child=1 -1 11 20 6 -6 8 -7 -4 -9 18 -3 -12 -11 16 -16 -8 -18 -5 23 21 22 -2 -14
right_child=3 2 4 10 5 7 14 9 -10 13 12 -13 19 -15 15 -17 17 -19 -20 -21 -22 -23 -24 -25
leaf_value=-0.0034975587487215127 -0.00069236662762192235 0.0077431959335923575 -0.00024510541738112469 2.1463903691831383e-06 0.0062371327084855474 -0.0018398497970099918 -0.00082412960908254693 -0.0016466807312696822 0.010694877330759642 0.011407603995975554 0.010504201833920802 0.00071987489955070813 0.0044294677321544502 0.0016934618492360004 -0.0034785104392369508 0.0055665769153051712 -0.0021294620588654342 0.0070699811107320099 -0.005068483746296989 0.0082156927702148278 -0.0054643213300386226 -0.0033195167654683513 0.0097133198617369229 -0.0056713435938850259
leaf_weight=181.14961157739162 27.014137372374535 138.46245427429676 24.951379865407944 175.57092744112015 134.05152554810047 99.876483112573624 161.61440798640251 30.754426568746567 27.67383685708046 30.201835960149765 17.603331118822098 33.355123341083527 13.766343578696249 25.421254172921181 162.86475966870785 19.988460972905159 24.256824716925621 55.273055300116539 55.897858470678329 12.655775740742682 188.2057196944952 187.97893515229225 11.583152174949644 23.421860098838806
leaf_count=1383 201 864 164 1267 877 697 1091 207 180 199 121 216 99 171 1170 140 160 369 409 92 1419 1411 84 172
internal_value=5.47542e-06 0.00138697 0.00230894 -0.00221563 0.00140181 0.00320073 0.000178975 0.000949151 0.00574273 0.00414124 -9.15501e-05 0.00641942 0.00380841 0.00728323 -0.000542833 -0.00241429 0.000883686 0.00427518 -0.00126466 0.000985657 -0.00373291 -0.00224045 0.00285779 -0.00185799
internal_weight=1863.59 1149.9 968.746 713.698 796.928 320.306 476.623 186.254 52.6252 86.3775 298.916 171.818 67.4473 55.6231 423.998 182.853 241.144 79.5299 231.469 49.844 414.782 226.576 38.5973 37.1882
internal_count=13163 7888 6505 5275 5425 2151 3274 1274 344 577 2160 1080 484 370 2930 1310 1620 529 1676 363 3115 1696 285 271
is_linear=0
shrinkage=0.01


Tree=39
num_leaves=25
num_cat=0
split_feature=5 119 5 105 131 277 229 71 100 71 146 22 71 5 156 311 115 307 236 89 5 105 21 73
split_gain=56.7175 60.0093 28.7879 22.1782 21.991 19.0131 18.1305 17.74 19.0383 16.6685 16.2574 22.7887 16.0173 15.0378 13.3025 13.1875 12.9056 12.4915 12.0603 13.2265 12.0126 13.3012 26.3806 14.0195
threshold=-2.8996003220412478 0.44062539308307441 -2.8712440139818409 0.7874078956365077 1.1296400249269674 0.037371309243365493 -0.12258380723715763 1.766093858410315 0.70807802249111063 2.7264947704764304 0.21880260942760946 -0.30643077898711552 2.1964470663411553 -2.8935132521978844 0.21645637790429298 -0.42356864400171496 -0.46602931590100183 -0.0009913034712427033 0.32681332695679904 3.8477486626808859 -2.8712440139818409 1.3003658682844919 0.56236902875510142 264.51289926031683
decision_type=2 8 2 10 8 10 2 8 8 10 10 10 10 2 10 2 10 2 2 10 2 8 8 2
left_child=-1 2 6 4 5 -4 9 -3 -9 13 12 -12 16 -2 -13 -14 -6 -18 -5 -20 -10 -22 -23 -24
right_child=1 7 3 18 10 -7 -8 8 20 -11 11 14 15 -15 -16 -17 17 -19 19 -21 21 22 23 -25
leaf_value=-0.0043739732910085269 0.0012037318766162472 -0.0043050691241460224 0.0019617326843959382 -0.0015916012329971383 -0.0023200246378714032 0.015300027660789988 -0.0032768628822051091 0.0097719651227518699 0.0044041396464773929 -0.0032664033084307737 -0.00010110550211213494 0.0042765158418744146 0.0095049050938157617 0.0093747521646810033 0.014722226347893202 -0.00016541104998268847 0.01020213663153615 -0.0018870144090350051 0.0073338112464922276 -0.0028748832041330464 -0.0025567690235296465 0.0093618327117166219 -0.0046677219096239704 0.003894538045188624
leaf_weight=247.70823568105698 29.029872134327888 178.53797018527985 28.81187678873539 22.127232670783997 329.3034709841013 15.369983330368994 17.743789568543434 14.213584825396536 34.953496813774109 13.136147096753119 129.34515085816383 60.617200464010239 21.654418841004372 120.55459776520729 14.232149273157118 32.541889026761055 14.302100554108621 15.337027534842489 108.1080607175827 12.662307024002073 300.09568198025227 28.034143045544624 48.950684994459152 27.596243858337402
leaf_count=1906 187 1341 187 149 2317 100 117 99 246 84 868 398 144 750 90 222 98 108 706 84 2209 195 365 201
internal_value=5.33226e-05 0.000738535 0.00227994 0.00145731 0.000674426 0.00726727 0.00586189 -0.00165994 -0.000596852 0.00690365 0.000169831 0.00246026 -0.000968856 0.00784761 0.00674135 0.00396163 -0.00174136 0.00429744 0.00499079 0.00621383 -0.000994946 -0.00149121 0.00154376 -0.00153928
internal_weight=1864.97 1617.26 984.877 804.413 661.515 44.1819 180.464 632.382 453.844 162.721 617.333 204.195 413.139 149.584 74.8493 54.1963 358.943 29.6391 142.898 120.77 439.63 404.677 104.581 76.5469
internal_count=13171 11265 6609 5471 4532 287 1138 4656 3315 1021 4245 1356 2889 937 488 366 2523 206 939 790 3216 2970 761 566
is_linear=0
shrinkage=0.01


Tree=40
num_leaves=25
num_cat=0
split_feature=32 122 117 119 109 150 159 126 161 65 22 100 302 109 145 113 160 126 10 89 252 260 222 151
split_gain=52.202 55.4172 26.9373 28.8622 22.3377 28.9246 16.6247 16.2382 14.5487 18.139 14.4556 14.2997 13.9784 13.1019 12.8127 13.0756 12.3003 11.9848 11.9329 12.3092 11.9949 11.6656 10.8989 10.3613
threshold=0.0014316399604838677 0.2472210926949053 1.1899112984831832 0.62455565442850103 1.2469916402469974 0.048826334128002941 0.15886436580089644 0.23579372413924976 0.017877117289868971 1.9384098359863726 0.014789358934623685 1.0364935273993849 0.016110467864224574 1.6403464644481811 0.062578320802005025 -0.33891385040497196 0.04172431549838828 0.38791758301785384 1.1941097535593272 2.2324368286134271 49.500000000000007 0.11060550696362692 91.500000000000014 0.017710317015794782
decision_type=2 8 10 8 10 10 10 10 10 10 10 10 2 10 10 10 10 8 2 10 2 8 2 10
left_child=1 4 -3 7 5 8 14 -4 9 12 -8 13 -1 -12 -6 -16 -7 -14 -9 20 -20 -21 -10 -18
right_child=-2 2 3 -5 6 16 10 18 22 -11 11 -13 17 -15 15 -17 23 -19 19 21 -22 -23 -24 -25
leaf_value=0.0019510166943468191 -0.0047694438810640116 -0.0029297543681984024 -0.0030753116521827044 -0.0011801833631993634 0.00059954353220157102 -0.0049460065161454729 -0.0065259152312624738 0.012680976951321485 0.0016990536638145986 -0.0011865974020392556 0.0033335299614223545 -0.0018242616852089857 0.010940871164234338 0.012487941312759853 0.0035412693798124416 0.013431692530420231 0.0051500450279941589 0.0037086004929499684 0.0052509801119009882 0 -0.0059740962015707349 0.0095585608071117947 0.014252694497755966 -0.0014639708781440264
leaf_weight=184.28870180249214 201.37063834071159 434.0367593318224 22.171415835618973 285.29298919439316 16.831465288996696 71.224984526634216 12.22500956058502 19.39222551882267 12.465934470295908 103.14531816542149 57.033015623688698 29.33676815032959 37.538239747285843 20.936479195952415 22.41333045065403 45.921292021870613 29.075003907084465 65.916577860713005 15.131778612732885 18.053599193692207 17.400138154625893 41.253051206469536 16.372132450342178 88.900141015648842
leaf_count=1211 1562 3230 156 2093 111 509 83 131 83 688 364 196 240 131 142 289 198 432 103 124 119 273 102 624
internal_value=2.47119e-06 0.000586873 -0.00119193 0.00061478 0.00245007 0.00147391 0.00528914 0.00440547 0.002932 0.00238009 0.00276607 0.00397484 0.00366119 0.00615673 0.00861525 0.0104727 -0.00175102 0.00656455 0.0059449 0.0041741 -0.000721949 0.00678627 0.0094969 0.000240449
internal_weight=1867.73 1666.36 852.732 418.695 813.624 608.927 204.697 133.402 419.727 390.889 119.531 107.306 287.744 77.9695 85.1661 68.3346 189.2 103.455 111.231 91.8386 32.5319 59.3067 28.8381 117.975
internal_count=13194 11632 6229 2999 5403 4087 1316 906 2756 2571 774 691 1883 495 542 431 1331 672 750 619 222 397 185 822
is_linear=0
shrinkage=0.01


Tree=41
num_leaves=25
num_cat=0
split_feature=5 5 271 11 21 107 205 232 292 313 196 115 121 116 170 72 39 87 97 31 57 62 305 313
split_gain=51.8987 66.9116 30.9916 18.9128 17.998 18.6626 15.247 14.6335 14.7803 16.7416 14.1537 13.5598 13.1537 15.4158 12.1305 11.0816 10.9279 13.3778 14.098 11.735 10.9193 10.607 12.0232 13.4582
threshold=-2.8943022876294049 -2.8712440139818409 0.11102039330474796 0.53620217728277086 0.25554298117575053 0.25521975655414714 -0.22650469469389506 2.7128062515281814 -0.0034691164778374085 -0.0021279003961516695 0.24626532887402455 -1.531864948919871 -0.68225548616456144 0.29847526990555368 4.4197605148786545 17.405466444792566 0.064542164596839299 0.92968360124521465 0.65673520990819945 0.0089704387010877927 -0.3973119421234102 125.50000000000001 0.42802647368871966 0.012510720411663819
decision_type=2 2 2 10 10 10 2 2 2 2 10 10 8 10 10 2 2 8 10 2 10 2 2 2
left_child=-1 7 3 4 5 -3 -7 8 11 -10 -11 -2 16 -14 -15 -6 -4 -18 21 -20 -5 22 -19 -24
right_child=1 2 12 20 15 6 -8 -9 9 10 -12 -13 13 14 -16 -17 17 18 19 -21 -22 -23 23 -25
leaf_value=-0.004136560338037022 0.0030338048866392713 -8.38997115764012e-05 0.00681675885905343 0.00040092529648497898 -0.0035316082499382757 0.0017357652733927568 0.011418667274668415 0.0014847013040137714 -0.00099857612028093185 0.0026351126193323278 0.012586796553549311 0.014865794574004399 -0.0034558625008976706 0.0043459023795671186 -0.0046408620507958727 0.0009430409736587564 0.010849111496772923 -0.0034758947244661205 0.012208394571490394 0.00065281836836802445 -0.004926208530695835 0.0029107180644221786 -0.0020848062346809828 0.0080458061234006967
leaf_weight=268.11306255310774 15.289349913597105 312.71489278972149 56.602027088403702 47.995891913771629 207.11660465598106 43.295526728034019 24.810493484139442 54.828085511922836 30.780250877141953 29.866052761673927 29.119195446372032 37.815273135900497 85.016364574432373 67.726419657468796 16.482957243919373 73.328185647726059 13.576171696186064 85.373024150729179 18.043601632118225 16.092307165265083 177.01919992268085 107.3153120726347 26.286090552806854 21.457990318536758
leaf_count=2057 92 2209 362 341 1554 294 168 366 194 189 179 235 605 469 113 537 84 570 116 109 1323 697 177 143
internal_value=-8.88264e-05 0.000595828 -0.000176829 -0.00130909 -0.000449163 0.000962679 0.00559335 0.00599842 0.00766097 0.00491202 0.00791686 0.0118043 0.00177012 -0.00050342 0.00248121 -0.00236033 0.00288403 0.00204902 0.00150363 0.00725682 -0.00379466 0.00060746 -0.00126395 0.00264442
internal_weight=1866.06 1597.95 1400.25 886.281 661.266 380.821 68.106 197.698 142.87 89.7655 58.9852 53.1046 513.972 169.226 84.2094 280.445 344.747 288.144 274.568 34.1359 225.015 240.432 133.117 47.7441
internal_count=13183 11126 9871 6426 4762 2671 462 1255 889 562 368 327 3445 1187 582 2091 2258 1896 1812 225 1664 1587 890 320
is_linear=0
shrinkage=0.01


Tree=42
num_leaves=25
num_cat=0
split_feature=32 122 117 119 114 123 107 75 118 130 22 262 22 147 83 111 153 83 305 3 217 117 36 197
split_gain=51.1188 56.9431 31.2563 37.9817 18.3679 28.4674 20.2429 16.7501 17.1533 16.0343 13.4386 12.7624 16.4464 12.6681 14.9293 12.1199 11.7901 13.9064 14.4737 13.2607 12.6058 11.5118 22.7906 10.5281
threshold=1.0000000180025095e-35 0.26025589624797435 1.1899112984831832 0.62455565442850103 0.72620955713536361 0.53686365325266827 0.25521975655414714 0.061655259194703202 58.500000000000007 1.0000000180025095e-35 0.59275609160937115 -0.99788036317089934 -0.80735831260694402 0.24004662004662006 1.3625585365090829 1.7067519144667089 0.0087082912032355932 2.1862168006146976 0.47095787708171061 2.6883077663501243 0.71464285714285725 1.7912128727948455 0.025689886499619254 -0.39517175700335311
decision_type=2 8 10 8 8 10 10 10 2 2 10 8 8 10 8 8 10 10 2 2 2 10 2 10
left_child=1 4 16 9 5 11 13 -6 10 -4 -9 -1 23 -7 -15 -5 17 18 -3 -19 -20 -17 -23 -13
right_child=-2 2 3 15 7 6 -8 8 -10 -11 -12 12 -14 14 -16 21 -18 19 20 -21 -22 22 -24 -25
leaf_value=0.012108742195456886 -0.0043382130642260269 -0.0050224428081824691 0.002236265786166191 0.0064060107484175755 0.0060153038902647027 -0.0041591652968210654 0.0064097154699507778 -0.0057215801672535864 0.006180576002142381 0.0095206694052944896 0.0045506767313008437 -0.0079796379732880503 0.0044494647844624839 -0.0038076109701252938 0.0030240020764126106 -0.0034581801873560364 -0.0060881592254219434 0.010259888120687885 0.0060405399058933709 -0.00041547122046035634 -0.0024061474830448172 -0.001193034191334497 0.012257261696055198 0.0017823394680029309
leaf_weight=15.02965424954891 239.32774232327938 158.96628676354885 81.317649737000465 15.81046426296234 204.60928744077682 117.61682580411434 31.052061945199966 38.687472969293594 32.893679916858673 48.199310496449471 15.802904784679411 16.535723030567169 177.40953132510185 49.809961467981339 78.622250929474831 170.19614513218403 104.35345869511366 11.649720802903174 22.890809878706932 57.297265142202377 53.500038459897041 78.169716686010361 12.080982863903044 23.537040159106255
leaf_count=88 1860 1183 556 115 1299 827 206 270 212 319 105 106 1150 351 529 1262 802 83 168 418 400 566 85 152
internal_value=-5.26982e-05 0.000587841 -0.00127161 0.000691303 0.00247612 0.00131509 -0.000846173 0.00446684 0.000754695 0.00510091 -0.00264701 0.00387423 0.00315181 -0.00182865 0.000341737 -0.00140329 -0.00321445 -0.00217851 -0.00332832 0.00170882 0.000237996 -0.00194519 0.000915634 -0.00248387
internal_weight=1855.37 1616.04 814.432 405.774 801.606 509.613 277.101 291.993 87.3841 129.517 54.4904 232.512 217.482 246.049 128.432 276.257 408.658 304.304 235.357 68.947 76.3908 260.447 90.2507 40.0728
internal_count=13112 11252 5957 2903 5295 3409 1913 1886 587 875 375 1496 1408 1707 880 2028 3054 2252 1751 501 568 1913 651 258
is_linear=0
shrinkage=0.01


Tree=43
num_leaves=25
num_cat=0
split_feature=119 32 105 152 105 114 235 141 235 99 15 81 87 312 147 163 184 105 234 92 135 287 105 253
split_gain=44.0869 37.06 29.7303 24.1412 22.5427 17.8729 17.5637 16.4808 15.8117 15.5797 17.5191 16.1155 15.7391 15.5772 15.1082 13.107 12.3935 12.2579 11.8179 15.5329 11.1711 14.4754 11.5446 11.1184
threshold=0.044807703382431514 0.00062896092095701759 0.60412778115746613 0.12185120558375635 1.3997196495424571 0.72620955713536361 0.0031496141102712147 0.010264599074219328 0.01112141826427541 -0.50302093296390216 -0.88032226489081433 0.29741282979900957 1.5102338326418867 -0.52821732667810795 0.11438032268885741 0.0031872530196365265 0.04048158111821331 0.93544260628691212 0.02153244016257715 161.50000000000003 0.27891473753680579 -0.019053832401410124 -0.072357337405256072 148.50000000000003
decision_type=8 2 10 8 10 8 2 2 2 10 2 10 8 2 10 10 10 10 2 2 2 2 10 2
left_child=1 5 23 4 6 9 17 -8 -5 11 -11 12 20 -14 -6 -9 -7 -4 -19 -20 -1 -22 -23 -2
right_child=2 -3 3 8 14 16 7 15 -10 10 -12 -13 13 -15 -16 -17 -18 18 19 -21 21 22 -24 -25
leaf_value=0.01063561670776819 -0.0036453127810169225 -0.0032918315729452219 -0.0027705687259026945 -0.0042820681883971382 0.00025246643654288129 -0.0010048679899529122 0.0094661189941609106 -0.0021226947383891246 0.0056023873990894701 -0.0016044249602662403 0.0057829800557742663 0.01095393740680114 0.0065086667438694268 -0.0035459234675305957 0.012296610693250439 0.0036113461692442979 0.0063958499995007221 -0.0036911469665922175 0.00029549526487231798 0.0082636020190886474 -0.0057410181479505074 0.00041519553012205751 0.0087345999386405759 0.0028740377734820318
leaf_weight=24.328296914696693 405.85422304272652 109.52128927409649 171.94131829589605 149.2257484793663 16.935583107173443 24.955448403954506 28.667764484882355 60.365398354828358 15.569122441112993 166.69170255959034 36.751650303602219 24.131752744317055 18.027485132217407 56.139437347650528 25.492636375129223 105.87696167081594 169.96167430281639 36.230821058154106 83.74382134526968 32.02193059772253 13.1359915882349 31.729094207286835 33.696604117751122 25.729065530002117
leaf_count=145 3036 852 1243 1125 121 162 194 436 115 1137 247 149 117 372 175 735 1072 262 589 219 85 203 214 191
internal_value=3.25499e-05 0.00199216 -0.00116879 6.76557e-05 0.00105889 0.00297005 0.000463727 0.00281521 -0.0032631 0.00174696 -0.000203753 0.00369987 0.00254823 -0.000938942 0.0078289 0.00152256 0.0054424 -0.000960218 0.00109442 0.00265319 0.00502916 0.00297005 0.00489994 -0.00323808
internal_weight=1866.72 709.07 1157.65 726.071 561.276 599.549 518.848 194.91 164.795 404.632 203.443 201.189 177.057 74.1669 42.4282 166.242 194.917 323.938 151.997 115.766 102.89 78.5617 65.4257 431.583
internal_count=13196 4755 8441 5214 3974 3903 3678 1365 1240 2669 1384 1285 1136 489 296 1171 1234 2313 1070 808 647 502 417 3227
is_linear=0
shrinkage=0.01


Tree=44
num_leaves=25
num_cat=0
split_feature=5 5 123 105 152 108 123 302 232 143 163 127 277 277 233 217 127 150 251 272 91 254 127 157
split_gain=53.1833 62.0464 34.0105 19.9965 20.0572 16.4166 22.2796 16.0457 15.8232 15.0269 15.2774 14.5174 13.2774 12.0285 14.0772 11.9656 11.7642 20.3935 11.3819 10.8624 14.7382 10.7868 11.5718 10.4269
threshold=-2.8983711643309662 -2.8712440139818409 1.419388148805002 0.95325439068398365 0.10016722408026758 0.50140856581222448 0.44332208086257985 -0.0036312424010965304 2.7241120743786311 0.019099594672843084 0.0015860438205921568 0.82623582540166329 -0.0043075981409448211 0.018578768394553333 0.86211217699420972 0.77363455809334669 0.18517488138100671 0.053828906519489489 0.026527777777777782 0.028006631039094936 10.10791081143697 63.500000000000007 0.42096399525279143 0.19167997870074552
decision_type=2 2 8 10 8 10 10 2 2 8 8 10 10 10 2 2 10 10 2 2 2 2 10 8
left_child=-1 8 5 9 7 6 13 21 12 -4 -11 16 -2 -3 -15 -9 17 -7 -8 20 -20 -5 -23 -6
right_child=1 2 3 4 23 11 18 15 -10 10 -12 -13 -14 14 -16 -17 -18 -19 19 -21 -22 22 -24 -25
leaf_value=-0.0040981601085764811 0.011422979355806582 0.00084571632141342392 -0.0041106566021442735 -0.0020373960332206562 -0.0007759823617222879 0.0080441183068233214 0.0046337321630169339 0.011419115059207867 0.0012114886057712252 -0.002970777741092973 0.0053648166291710162 -0.0022202090527674804 0.0050034012379730191 0.0085865019639603246 -0.0016026368158881435 0 0.0067392068413525694 -0.00092841697203169303 -0.0013462933339144559 -0.0039238001429138993 0.0075032204474820728 -0.0028801998109188672 0.0074084428658525818 -0.0071676613180255292
leaf_weight=258.93138945102692 54.326469048857689 93.742129534482956 303.17886293679476 57.569213688373566 118.76066368073225 35.018689095973969 26.491147965192795 28.241717472672462 56.707482263445854 48.093707822263241 35.84211204200983 35.802563950419426 97.101077288389206 55.40140488743782 16.427239626646042 13.207885056734083 111.5605181902647 74.591427281498909 111.44431163370609 132.44730164110661 19.685584023594856 13.919729843735693 32.031786203384399 30.158060759305954
leaf_count=2011 332 614 2266 410 883 226 181 194 378 360 257 244 604 355 109 94 731 504 790 931 135 96 219 229
internal_value=8.0728e-05 0.000762955 -1.42077e-06 -0.00159678 0.000366559 0.00152205 0.000373246 0.00298809 0.00581691 -0.00308171 0.000636123 0.00352876 0.00748097 0.00327114 0.00627039 0.0080308 0.00448025 0.00205996 -0.0012931 -0.00193563 0.000105594 0.000798949 0.00428484 -0.00218697
internal_weight=1860.68 1601.75 1393.62 681.004 293.889 712.612 455.639 144.97 208.135 387.115 83.9358 256.973 151.428 165.571 71.8286 41.4496 221.171 109.61 290.068 263.577 131.13 103.521 45.9515 148.919
internal_count=13153 11142 9828 5008 2125 4820 3115 1013 1314 2883 617 1705 936 1078 464 288 1461 730 2037 1856 925 725 315 1112
is_linear=0
shrinkage=0.01


Tree=45
num_leaves=25
num_cat=0
split_feature=119 113 119 22 103 150 80 275 117 103 210 114 122 108 113 292 266 164 136 165 88 100 304 62
split_gain=44.0163 23.4626 22.4657 19.7299 23.7251 20.9439 17.5665 15.8476 14.6607 17.5691 13.9054 13.8002 12.6193 19.0423 12.1735 14.2454 11.8349 11.4819 11.5711 15.2772 11.3533 11.0294 10.9132 10.5612
threshold=0.1139320758811037 0.15854304387050178 0.5049617091543549 0.046262027403103631 1.6113601096433741 0.048826334128002941 21.500000000000004 0.1155508870211578 0.30049970236228019 -0.32469863638332325 0.073968855218855226 0.98786052091688303 0.74476093764982354 1.3507260831866736 -0.31267406217402866 -0.028892647665210838 4.3135791630084883 0.0012699374539687964 0.15012476084924062 179.44409722222227 0.95299624458338694 0.8591381946691995 0.013309348558169622 213.50000000000003
decision_type=8 8 8 10 10 10 2 2 10 8 2 8 10 10 8 2 2 10 2 2 8 10 2 2
left_child=3 12 6 5 14 8 -3 21 9 16 -10 -7 13 23 -5 -16 -1 -4 -19 -20 -12 -8 -23 -2
right_child=1 2 17 4 -6 11 7 -9 10 -11 20 -13 -14 -15 15 -17 -18 18 19 -21 -22 22 -24 -25
leaf_value=0.010148124770375133 -0.0031229572692114977 -0.00037940872165574696 -0.0018397233387166911 0.00015635989024858133 -0.0051454396642623221 -0.0026847337037750243 0.013682313594068147 -0.0017824793211986228 0.0014323545625174866 -0.00091538569688370873 0.0085933166500097389 0.0073686599349117622 -0.0058151765792764957 0.0072881006584849207 0.0024300206918994602 0.010280538822557304 0.00035543811849596637 -0.00074870969868950715 0.011992880883914019 -0.00061238490768094668 0.0015584451459302871 0.0087696215522956155 -0.0015703980383678638 0.0015991020123625865
leaf_weight=24.618066802620888 323.57204778492451 63.906816609203815 336.92967557162046 25.487534910440445 17.880747869610786 159.89944706112146 25.334454730153084 16.857591167092323 108.67155618965626 189.61913570016623 76.475636601448059 12.134553492069243 106.62637903541327 18.460729263722897 36.420202895998955 75.384797066450119 23.206155329942703 55.267511248588562 18.469330057501793 16.775692299008369 34.87292356044054 22.955963909626007 15.409052029252051 53.29787627607584
leaf_count=153 2401 442 2506 168 123 1143 165 114 719 1296 498 82 828 129 232 471 149 397 130 118 230 152 102 388
internal_value=9.20573e-05 -0.00122165 0.000162767 0.00188914 0.00505286 0.00108848 0.00353423 0.00655825 0.00220475 0.000465015 0.00404786 -0.00186166 -0.00279303 -0.00193971 0.00646566 0.00785563 0.00570261 -0.000990155 0.00212126 0.00636837 0.00649251 0.00876261 0.00477013 -0.00244552
internal_weight=1858.53 1073.86 571.906 784.671 155.173 629.497 144.464 80.5571 457.463 237.443 220.02 172.034 501.957 395.331 137.293 111.805 47.8242 427.442 90.5125 35.245 111.349 63.6995 38.365 376.87
internal_count=13136 7872 4126 5264 994 4270 975 533 3045 1598 1447 1225 3746 2918 871 703 302 3151 645 248 728 419 254 2789
is_linear=0
shrinkage=0.01


Tree=46
num_leaves=25
num_cat=0
split_feature=32 122 113 119 126 143 22 103 315 13 83 65 76 103 75 120 5 89 106 278 89 29 34 254
split_gain=50.4091 51.9818 27.2477 25.3561 17.5039 15.0474 14.6056 20.1537 19.173 16.3411 15.3759 16.3119 14.7098 14.5241 13.5046 12.7157 12.6829 12.6608 11.8833 11.3265 10.7732 10.5654 10.3012 9.44095
threshold=0.0014316399604838677 0.26025589624797435 0.2594736628512177 0.62455565442850103 0.22765754517587569 0.17907926583299719 0.06154296143298419 0.64010532651083019 -0.088985069078213366 1.0208836274894295 1.3782477009697323 1.8822248275618219 0.75578360053243021 1.6113601096433741 0.046186784160381432 0.56902338150885712 -2.4502281813159779 2.8575219785008188 0.51665329245176717 -0.0019129607435937311 3.1821682428924536 0.34618926193511834 0.12033789487450809 119.50000000000001
decision_type=2 8 10 10 10 10 10 8 2 10 10 10 8 10 8 10 2 8 10 10 8 2 2 2
left_child=1 5 16 4 -4 6 7 8 10 12 11 15 -9 18 -11 22 -3 19 -8 -5 -12 -20 -1 -6
right_child=-2 2 3 17 23 -7 13 9 -10 14 20 -13 -14 -15 -16 -17 -18 -19 21 -21 -22 -23 -24 -25
leaf_value=1.2130742357732431e-05 -0.0047441664772773853 -0.00057310004377572469 -0.0032373356174764155 0 0.0044457158319509762 0.0094542780313313889 0.002178122927616375 0.0036323131279442861 -0.0040842596806292941 0.010617084880229314 0.0085075640290327263 -0.0031858196816557387 -0.0031098582005479763 -0.0017227330343839375 -0.0022330043591744946 0.0016123882864111433 -0.0041200377372958129 -0.0018687014490844853 0.0082658487115155142 0.0097621488629250752 -0.00037188362823651282 -0.0010835225279119394 0.010524442648484726 0.012165488566834278
leaf_weight=12.817479208111761 196.00300074368715 157.73867430537939 20.432965710759163 31.770871788263321 68.542312726378441 26.214336425065994 82.753085657954216 36.731017023324966 33.474543407559395 17.765264973044395 75.933175027370453 43.961413487792015 179.15813811123371 33.994843378663063 11.985989630222322 111.32862490415573 285.34057139605284 226.9286861717701 103.78151869773865 16.143187329173088 15.990152075886725 12.728034034371374 33.403992980718613 21.369140982627869
leaf_count=83 1543 1167 145 233 457 156 541 256 226 115 480 293 1243 232 86 730 2154 1673 654 117 104 82 211 139
internal_value=1.38527e-05 0.000583305 -0.00118745 0.000753685 0.00474025 0.00234532 0.0020804 0.00120768 0.00282479 -0.000948075 0.00364797 0.00204371 -0.00192586 0.004178 0.0056657 0.00353978 -0.00287127 -0.000875328 0.00519975 0.00365082 0.00698746 0.00723454 0.00779939 0.00660773
internal_weight=1856.29 1660.29 828.266 385.187 110.344 832.022 805.807 572.55 326.909 245.64 293.435 201.512 215.889 233.257 29.7513 157.55 443.079 274.843 199.263 47.9141 91.9233 116.51 46.2215 89.9115
internal_count=13120 11577 6085 2764 741 5492 5336 3827 2127 1700 1901 1317 1499 1509 201 1024 3321 2023 1277 350 584 736 294 596
is_linear=0
shrinkage=0.01


Tree=47
num_leaves=25
num_cat=0
split_feature=5 5 122 116 119 105 120 114 75 181 120 115 302 323 300 87 42 168 248 126 146 89 29 174
split_gain=49.3127 60.3021 36.743 29.1853 19.8784 19.1005 17.8963 18.284 17.2509 16.8954 15.12 14.6035 12.7787 16.4888 22.1149 13.1583 11.9857 11.8485 11.4863 11.441 11.1715 10.8615 10.7672 13.7624
threshold=-2.8983711643309662 -2.8712440139818409 0.24037933716533069 0.32527398595925777 0.73641916350403436 0.77830770584833953 0.76375366690251634 0.72439208681671763 0.061655259194703202 0.053944638567372798 1.1190301085610355 -1.3316701361413201 0.019430565147955429 125.50000000000001 0.26356682133539105 1.7737222370613359 68.500000000000014 176.50000000000003 0.8190909090909092 0.38537668405214814 0.089917365198264085 2.7608231631564126 0.27419950885725869 65.472222222222243
decision_type=2 2 8 10 10 10 8 8 10 2 8 10 2 2 2 10 2 2 2 10 10 10 2 10
left_child=-1 9 5 -4 19 6 12 -8 11 -2 -7 -9 13 14 -3 18 -11 -15 -14 -5 21 -21 23 -18
right_child=1 2 3 4 -6 10 7 8 -10 16 -12 -13 15 17 -16 -17 22 -19 -20 20 -22 -23 -24 -25
leaf_value=-0.0040024818992850921 0.013171907649498198 -0.00083663289108657391 -0.00302778901721952 -0.00049968736745005277 -0.0010314446559256134 0.0080082759351393605 -0.0028875866660006931 -0.0014052774835540173 -0.0037742325503908507 -0.0027278961758494926 -0.0020435753287051167 0.0074022919957359495 0.013486136461805668 -0.00067228037591550514 0.015241561447063765 -0.00052822421351421997 0.0021370679137528398 0.0078069504498016118 0.0031499533165675136 0.0029769545103584026 0.0024670684967592477 0.014691014068113323 0.0026195022177649759 0.010819263086045446
leaf_weight=254.92767290771008 24.546236962080002 15.110110342502596 475.65609884262085 33.852192267775536 184.85169994831085 70.416288405656815 161.5752657353878 26.148513168096542 31.40695284307003 18.630303859710693 17.355757728219032 56.49207666516304 25.87020343542099 148.91106115281582 15.76295420527458 18.104537978768349 30.087819620966911 15.641292229294775 21.218442872166634 15.120639309287069 40.119137361645699 20.245063588023186 81.189906910061836 53.015534296631813
leaf_count=1992 153 100 3564 238 1370 440 1132 173 220 123 117 366 166 986 102 121 186 100 137 101 267 133 507 332
internal_value=5.68456e-05 0.000709654 -4.2657e-05 -0.00150268 0.000965137 0.00175561 0.00102976 -0.000741834 0.00228578 0.00570107 0.00600775 0.00464955 0.00289498 0.00156246 0.00793499 0.00664254 0.00450705 0.000246462 0.00929299 0.00429033 0.0063916 0.0103028 0.00536594 0.00786212
internal_weight=1856.26 1601.33 1393.86 769.845 294.189 624.013 536.241 275.623 114.048 207.47 87.772 82.6406 260.619 195.425 30.8731 65.1932 182.924 164.552 47.0886 109.337 75.4848 35.3657 164.293 83.1034
internal_count=13126 11134 9833 5673 2109 4160 3603 1891 759 1301 557 539 1712 1288 202 424 1148 1086 303 739 501 234 1025 518
is_linear=0
shrinkage=0.01


Tree=48
num_leaves=25
num_cat=0
split_feature=150 105 21 161 105 103 117 103 69 209 142 148 303 105 285 117 142 235 225 263 209 304 36 298
split_gain=37.8214 29.8116 34.6501 18.8123 16.5355 21.739 19.6833 16.2739 16.2672 16.2578 14.9775 14.6834 13.8093 13.0358 12.9772 20.705 19.0346 12.7774 12.5561 12.4905 12.4433 12.0234 11.7409 11.7358
threshold=0.048826334128002941 0.58164540142383669 0.23707008905035606 0.0030349083540572907 0.95325439068398365 2.1976107561739395 2.368833019097448 0.12224398410374566 0.13947106914664839 0.7563382541720155 0.001746726223166014 0.26590201970100069 0.0031567219686215431 1.0021833205719421 0.12256483238387096 0.78139879558387937 0.0033755298299986331 0.0031496141102712147 0.77089152700186225 -0.41871322858011778 0.81494165398274998 -0.0071769327382750761 0.015839344115407019 0.0061419853173889866
decision_type=8 10 8 10 10 8 8 10 10 2 2 8 2 10 2 8 2 2 2 10 2 2 2 2
left_child=3 9 12 7 -4 8 -7 20 -6 11 19 -2 13 14 15 -3 -17 -10 -15 -5 23 -22 -23 -1
right_child=1 2 4 10 5 6 -8 -9 17 -11 -12 -13 -14 18 -16 16 -18 -19 -20 -21 21 22 -24 -25
leaf_value=0.0032419424426987325 -0.001611908805528585 -0.0037505219560014695 -0.0038673339151988652 0.00039550148373785336 0.00012199367908940748 -0.0046972753589084098 0.0056482115343636499 -0.0012690756495096088 0.0025120937596370086 -0.004271889923361645 -0.0030055294105944537 0.0060803944947147382 0.0075808753565942914 0.0085109810306954487 -0.0032331460638922766 0.0068148621092349671 -0.001582912618526687 0.01219010132759901 -0.0011719856273837987 0.0066651060683166046 -0.0066538828710637288 0.0085663638438611238 -0.0011995903696481083 0.01174423305343282
leaf_weight=68.391343846917152 191.81366480886936 41.113090321421623 166.25142873078585 40.510922245681286 116.23581435531378 109.37420845776796 19.418707735836506 177.72825558483601 36.397141546010971 285.63704163581133 21.641178518533707 25.59710817784071 49.591023609042168 45.176052942872047 57.11031685769558 84.458862908184528 37.481908984482288 21.463706433773041 17.460637643933296 157.7930471226573 17.597151756286621 16.560275077819824 31.729549720883369 20.432762160897255
leaf_count=447 1412 293 1253 265 845 828 140 1235 256 2138 148 188 328 292 395 554 262 145 116 1023 117 113 209 130
internal_value=0.000114889 -0.000813324 0.000383939 0.00230184 -0.00136217 3.27312e-05 -0.00304154 0.000783894 0.00232504 -0.00271443 0.00455238 -0.000634924 0.00284208 0.00194045 0.00075961 0.00219559 0.0042482 0.00652126 0.00586257 0.005413 0.00312907 -0.000163917 0.00241957 0.00551212
internal_weight=1856.97 1304.58 801.533 552.384 469.141 302.89 128.793 332.439 174.097 503.048 219.945 217.411 332.392 282.801 220.164 163.054 121.941 57.8608 62.6367 198.304 154.711 65.887 48.2898 88.8241
internal_count=13132 9445 5707 3687 3467 2214 968 2251 1246 3738 1436 1600 2240 1912 1504 1109 816 401 408 1288 1016 439 322 577
is_linear=0
shrinkage=0.01


Tree=49
num_leaves=25
num_cat=0
split_feature=32 21 114 120 105 103 105 0 55 101 161 28 22 131 83 287 103 116 291 71 120 21 296 139
split_gain=47.9977 42.5797 27.5595 39.763 24.3253 35.2026 14.5938 18.2386 13.8396 13.6521 17.1686 20.6958 13.54 15.7243 13.2708 12.7729 13.0678 16.9692 12.2332 15.8041 20.2869 14.3328 16.0022 15.304
threshold=0.0014316399604838677 -0.05650404252328018 0.72620955713536361 0.76889629494685441 0.95325439068398365 2.1976107561739395 1.3824999942590697 487.50000000000006 3.0767701101319624 -1.2318167297506866 0.004020104563121703 0.22029344238771706 -0.30643077898711552 1.1977225184868721 0.88361969714409516 0.014575443135191308 0.71127317057832895 -0.31352464331414909 0.33032233232891334 1.5050510566353907 0.63072375657495405 0.23707008905035606 1.0700339068464728 0.10680070475526274
decision_type=2 8 8 8 10 8 10 2 2 10 10 2 10 8 8 2 10 10 2 10 10 10 2 2
left_child=1 2 3 9 18 6 7 -6 -9 12 -11 -12 13 -1 -4 -5 17 -17 -3 -20 -21 22 23 -22
right_child=-2 4 14 15 5 -7 -8 8 -10 10 11 -13 -14 -15 -16 16 -18 -19 19 20 21 -23 -24 -25
leaf_value=0.0097093930387060386 -0.0046281423852493125 0.0030808289336486322 -0.0035096403577626377 -0.0044724352280914601 -0.00049768669626299345 -0.0032055329945234359 0.0081510187971102575 0.010653127896568065 0.0021051964072081844 -0.0025670348372737843 -0.0043109424291728014 0.0086683769306691808 0.010542876622076989 0.0016742655484258107 0.0056047160527954321 -0.00031421455267293725 -0.0037493065168853435 0.011146702656456278 -0.0057172744553589663 0.0084519694163171216 0.0001639108645231448 -0.0040687956601694183 -0.0046181930053696366 0.0090396996879802682
leaf_weight=29.480910703539848 196.07474558800459 37.960158951580524 15.126367837190626 117.71745154261589 116.6820372864604 123.07605621218681 47.062909409403801 30.340486094355583 49.327862568199635 67.633053615689278 15.454137369990347 37.712447687983513 34.624605134129524 107.78998278081417 235.09974819421768 37.652309611439705 40.093719705939293 16.582501441240311 123.04219772666693 16.299074463546276 110.33779591321945 183.94258412718773 53.255395233631134 20.831632614135742
leaf_count=177 1555 281 104 818 825 922 326 198 343 467 103 244 217 703 1492 250 289 113 930 115 787 1397 384 141
internal_value=1.47576e-05 0.000568369 0.00232107 0.0009622 -0.00088389 0.00110187 0.00329576 0.0020273 0.00562747 0.00333902 0.000725753 0.00485029 0.00512805 0.00356899 0.00501655 -0.00231468 0.000419725 0.00355264 -0.00221823 -0.00263135 -0.00160698 -0.00211605 -0.000130836 0.00174278
internal_weight=1863.2 1667.13 754.967 504.741 912.158 366.489 243.413 196.35 79.6683 292.695 120.8 53.1666 171.895 137.271 250.226 212.046 94.3285 54.2348 545.669 507.709 384.666 368.367 184.425 131.169
internal_count=13181 11626 4977 3381 6649 2614 1692 1366 541 1911 814 347 1097 880 1596 1470 652 363 4035 3754 2824 2709 1312 928
is_linear=0
shrinkage=0.01


Tree=50
num_leaves=25
num_cat=0
split_feature=32 119 11 21 76 71 98 105 83 262 149 143 71 7 152 159 108 21 81 113 256 184 176 21
split_gain=48.0214 51.9333 27.5481 19.6241 18.8999 26.4592 22.4227 16.6163 16.1314 21.9189 16.8075 14.1746 12.5743 12.4816 12.1858 13.561 11.1906 13.8846 16.1869 13.6419 12.3698 11.0687 10.9522 17.0364
threshold=0.0014316399604838677 -0.036547619058593418 0.31385025740899863 0.49940567425323357 0.80655261278894375 1.81665448450093 173.50000000000003 1.1601474030460397 1.3782477009697323 -0.99788036317089934 0.11774608833432364 0.036880800825006228 2.8590716377211609 -0.6327176957149856 0.12185120558375635 0.18522019183644894 0.47314734185083002 -0.66638572376359717 -0.12512189996826864 -0.25742184866585144 138.50000000000003 0.337542024288706 12.713090103741697 0.23707008905035606
decision_type=2 8 10 8 10 10 2 8 10 8 10 10 10 2 10 10 10 10 10 10 2 10 2 10
left_child=1 8 3 7 5 -4 -7 22 9 -1 -10 -12 -6 -5 15 -14 17 18 21 -19 -20 -11 23 -3
right_child=-2 2 4 13 12 6 -8 -9 10 16 11 -13 14 -15 -16 -17 -18 19 20 -21 -22 -23 -24 -25
leaf_value=0.011982773787276692 -0.0045583039811075256 0.0046528233547633259 -0.0014734468645468805 -0.0053543228023462458 -0.0034866674609116783 0.00027640490962424177 0.013524381445016689 0.0071672255130220712 0.0070571367508822256 -0.0068370148791421373 0.0041766007026644535 -0.0040654171893706485 -0.0024619872549461051 0.00080392250980794336 -0.0039241808595354777 0.0086214688931323617 0.0067179358005689371 -0.0046524956367225319 0.0073635959493748493 0.0020432692723507577 -0.00010735951404345036 0.0033017240711506204 -0.0015363450739467757 -0.0023195075459873458
leaf_weight=16.243120536208153 194.34342320263386 132.21756540983915 126.73950303345919 55.992075994610786 426.21948533505201 25.619710519909859 23.212589651346207 62.714322909712791 154.64498004317284 23.451477184891701 62.387621015310287 27.958199664950371 16.30903297662735 72.747612953186035 26.679418340325356 25.247454538941383 26.697041854262352 78.036848686635494 58.708225533366203 46.438086986541748 34.093545094132423 15.826859489083288 79.943948231637478 45.13264986127615
leaf_count=93 1546 892 917 420 3188 178 153 421 971 152 400 182 113 538 201 175 173 541 367 313 217 101 561 326
internal_value=0.000107745 0.000660397 -0.000572373 0.00133869 -0.00185405 0.000948861 0.00699069 0.00266 0.00318509 0.00159972 0.00507853 0.00156903 -0.00285108 -0.00192454 0.00108547 0.00436973 0.000887717 0.000210212 0.00244677 -0.0021567 0.00468667 -0.00278056 0.00149123 0.00286428
internal_weight=1857.6 1663.26 1118.78 448.748 670.027 175.572 48.8323 320.008 544.486 299.495 244.991 90.3458 494.455 128.74 68.2359 41.5565 283.252 256.555 132.08 124.475 92.8018 39.2783 257.294 177.35
internal_count=13139 11593 8083 3158 4925 1248 331 2200 3510 1957 1553 582 3677 958 489 288 1864 1691 837 854 584 253 1779 1218
is_linear=0
shrinkage=0.01


Tree=51
num_leaves=25
num_cat=0
split_feature=122 5 5 116 122 81 131 277 131 274 17 29 172 28 150 81 81 102 292 120 28 311 303 81
split_gain=47.118 41.3162 21.7259 21.2178 19.3263 16.0144 17.9247 16.243 13.7937 13.5552 13.1984 13.1211 13.2449 12.9458 12.1431 18.9039 18.4978 14.9079 12.1865 11.3604 10.898 10.7248 11.26 10.4332
threshold=0.26025589624797435 -2.8983711643309662 -2.8712440139818409 0.32527398595925777 0.62680524993752162 0.94026772506820999 1.1296400249269674 0.037371309243365493 4.1969937619060715 5.5056741108588474 3.2265660240068992 0.3099912434325745 2.9042361111111119 0.22322238786621731 0.041715003866976026 0.5794475907945178 0.28452964112026757 0.28429499830019006 0.0058716286873582791 0.50641174665346289 0.21493067081302378 -0.33806200202324033 0.0012459811876928603 0.36593598035072461
decision_type=8 2 2 10 8 10 8 10 8 2 2 2 10 2 10 8 10 10 2 8 2 2 2 8
left_child=1 -1 10 23 8 6 7 -4 -5 13 11 12 -3 -7 16 -16 18 21 19 -8 -10 -17 -23 -2
right_child=3 2 5 4 -6 9 14 -9 20 -11 -12 -13 -14 -15 15 17 -18 -19 -20 -21 -22 22 -24 -25
leaf_value=-0.003421376994737687 -0.0058952149582274594 0.00089706694624417608 0.0022363806438051312 0.0091087751794267837 -0.0012028272463947228 0.001828463698020676 0.0037802108128982908 0.014796812810348434 0.0076001088370621396 3.3792259205154528e-06 -8.323166254437226e-05 0.001238613489160306 0.010594580162484317 0.014598966201212855 -0.0033961622577269434 0.0077471660696648492 0.0048882124093364079 -0.0059338885954826441 0.0019944485976950933 -0.0055264221629595404 -0.001515273568208635 -0.0013725252966171034 0.0080175936697459392 -0.0022631032843461098
leaf_weight=145.08206067234278 94.692442908883095 18.04991503059864 30.033747315406799 32.202392712235451 242.47455994784832 13.586090460419653 14.775546520948408 14.134002208709715 15.480000317096708 20.842041522264481 32.09619277715683 31.246409088373184 77.18013596534729 20.917781427502632 147.75172241032124 34.464019060134888 118.0905364304781 17.454435020685196 97.403214260935783 53.297893688082695 43.499549798667431 49.852244302630424 14.024974271655081 485.87208525836468
leaf_count=1140 739 107 190 208 1790 87 97 88 104 134 198 188 463 131 1049 219 758 122 644 361 296 331 91 3658
internal_value=-0.000114032 0.00144252 0.0023291 -0.00173254 0.000273806 0.00149992 0.00100006 0.00692852 0.00412898 0.00651324 0.00561818 0.0070429 0.00884603 0.0101191 0.00048632 -0.00105095 0.00191484 0.00194261 -0.000247749 -0.00342164 0.00110012 0.00347792 0.000927604 -0.00288307
internal_weight=1864.5 950.283 805.201 914.221 333.657 646.628 591.282 44.1677 91.1819 55.3459 158.573 126.476 95.2301 34.5039 547.115 263.547 283.567 115.796 165.477 68.0734 58.9796 98.3412 63.8772 580.565
internal_count=13193 6398 5258 6795 2398 4302 3950 278 608 352 956 758 570 218 3672 1812 1860 763 1102 458 400 641 422 4397
is_linear=0
shrinkage=0.01


Tree=52
num_leaves=25
num_cat=0
split_feature=271 5 5 32 11 140 105 121 113 185 39 24 313 121 154 51 227 307 141 105 212 21 105 238
split_gain=49.1948 29.8247 22.4158 20.5811 20.265 21.5582 15.7249 13.2885 17.0323 13.1334 12.9658 12.2059 12.1496 11.9859 11.7291 12.0787 11.5181 14.3209 12.8181 11.2796 11.0408 10.495 11.2862 11.4738
threshold=0.10952046704805242 -2.8983711643309662 -2.8712440139818409 0.0015637226134585292 0.44592947987614279 0.070814896755162254 0.69283247971697637 -0.91202665489400658 0.22906526853870171 0.75517339803054095 0.061648985477392115 -0.51884898262635037 -0.055237721621062032 -0.89962620242704616 0.018895388756145125 342.50000000000006 0.0072569093360296604 -0.014913179202029067 0.0083478270969015774 1.1092374181781948 0.32642320085929116 -0.0042273032734976628 0.98768677836844943 0.65827421240679318
decision_type=2 2 2 2 10 2 10 8 8 8 2 2 2 10 10 2 2 2 2 10 2 8 8 2
left_child=3 -2 11 4 5 6 14 9 -9 -4 -11 20 -5 -13 -1 -16 17 -8 -19 -20 -3 -10 -23 -24
right_child=1 2 7 12 -6 -7 16 8 21 10 -12 13 -14 -15 15 -17 -18 18 19 -21 -22 22 23 -25
leaf_value=-0.00078410679313997906 -0.00311641509764661 0.005633324970617015 0.0054012894039500593 0.00091316563541643568 -0.00260266732771774 -0.002925967816212256 -0.002833750722921558 -0.0023766153069139173 0.010363664903391094 0.0089784702924982241 -0.00015994716867416358 -0.0037105712190752837 -0.0069017104538397836 0.0077172873908403685 0.00051564222981565887 0.010720983031976916 0.010684825851299373 0.01081825563183521 0.00010313888653798594 0.0081810060929224018 0.013457833930762482 -0.002409190140836211 0.006371222042488316 -0.0018125828218836691
leaf_weight=254.90745034813881 95.763510331511497 66.411988064646721 146.67984265089035 24.27734050899744 380.39683103561401 149.61233925074339 32.183464348316193 126.0583825185895 13.135243579745291 15.005902692675589 117.23028856515884 19.429096177220345 89.742202199995518 12.791933506727217 30.463664919137955 16.430557757616043 19.612204477190971 22.663813576102257 58.767473943531513 21.849417172372341 28.135710448026657 41.967864722013474 52.631641000509262 23.020820528268814
leaf_count=1821 748 392 931 195 2830 1129 226 884 84 93 765 121 723 83 208 109 135 144 412 149 163 293 353 163
internal_value=7.2522e-05 0.00202885 0.00278424 -0.00127576 -0.000802138 0.000332382 0.00141307 0.00186687 0.000214903 0.00336684 0.00103658 0.0065274 -0.00524735 0.00105519 7.11493e-05 0.00451973 0.00396999 0.00279105 0.00458226 0.0025085 0.00829674 0.0027183 0.00163187 0.00389257
internal_weight=1859.17 758.262 662.499 1100.91 986.887 606.49 456.878 535.73 256.814 278.916 132.236 126.769 114.02 32.221 301.802 46.8942 155.076 135.464 103.281 80.6169 94.5477 130.756 117.62 75.6525
internal_count=13154 5073 4325 8081 7163 4333 3204 3566 1777 1789 858 759 918 204 2138 317 1066 931 705 561 555 893 809 516
is_linear=0
shrinkage=0.01


Tree=53
num_leaves=25
num_cat=0
split_feature=5 5 150 105 147 109 109 131 147 131 105 99 127 160 269 85 287 160 232 292 128 77 313 5
split_gain=44.5889 50.4821 32.5758 24.1998 31.297 16.5448 15.4299 18.8333 14.5648 14.0996 13.2771 20.0988 15.5825 14.2039 11.6111 16.8984 11.4867 11.4773 11.3822 18.0231 13.4723 16.5145 13.2081 11.0841
threshold=-2.8996003220412478 -2.8712440139818409 0.048826334128002941 0.58164540142383669 0.14778616382149634 2.2683624778100966 1.0339124374110222 1.1600207102687075 0.10162870762711866 1.6548859072599169 0.93544260628691212 0.1975761170142365 0.20391538292466962 0.053967053629823424 1.6546947221326456 35.846582458579086 0.018395734440993766 0.16692229038854808 2.7241120743786311 -0.0034691164778374085 0.70996622462033343 2.0594718777755223 -0.0021279003961516695 -2.8935132521978844
decision_type=2 2 8 10 10 10 10 8 10 8 10 10 8 10 2 2 2 10 2 2 8 10 2 2
left_child=-1 18 6 9 5 14 7 16 -7 -4 11 13 -12 -6 -5 -16 -3 -11 19 20 21 -2 -21 -24
right_child=1 2 3 4 10 8 -8 -9 -10 17 12 -13 -14 -15 15 -17 -18 -19 -20 22 -22 -23 23 -25
leaf_value=-0.0039543736219598983 0.011251767682725589 0.0019727806065914667 0.0027817928085420397 -0.0035378053618713061 -0.0032502505363838602 -0.00084422617865377591 0.0065018443790702861 0.00054242743765964545 0.0095741928492828685 -0.004233641232200179 -0.0029954752131982581 -0.0024723559728300152 0.0066624247636632803 0.0054727994705721407 -0.0052521151944628034 0.008530194025048737 0.01422869451221697 0.0045980379662989177 0.001267524775320376 -0.0011898649883942361 0.017237132853021933 -0.0013831892446169564 -0.0014620342332486084 0.0081210808072910666
leaf_weight=239.45968271046877 24.350782856345177 16.061000943183902 33.868970714509487 267.09967416524887 21.333415642380714 34.628273814916611 72.043243087828159 276.29539224505424 18.504514612257481 297.14559634774923 18.25474888086319 96.189496427774429 95.24810729175806 87.551287136971951 13.008971229195597 17.837730750441551 14.399855017662047 13.107609063386915 62.345376387238503 35.542601183056831 19.439477741718292 15.574920788407324 14.074370831251143 54.643558621406555
leaf_count=1906 142 100 245 1986 147 258 453 1856 129 2217 122 695 628 571 99 133 86 99 417 221 120 96 90 332
internal_value=4.63428e-05 0.000644751 -6.96367e-05 -0.00100539 0.000103276 -0.00194711 0.00242092 0.00140837 0.00306786 -0.00314894 0.00236323 0.000814116 0.00506524 0.0037155 -0.00286532 0.00273503 0.00851635 -0.00381896 0.00499789 0.0063673 0.0106826 0.00653477 0.00368261 0.00616408
internal_weight=1858.01 1618.55 1392.58 1013.78 669.656 351.079 378.799 306.756 53.1328 344.122 318.577 205.074 113.503 108.885 297.946 30.8467 30.4609 310.253 225.971 163.626 59.3652 39.9257 104.261 68.7179
internal_count=13148 11242 9824 7329 4768 2605 2495 2042 387 2561 2163 1413 750 718 2218 232 186 2316 1418 1001 358 238 643 422
is_linear=0
shrinkage=0.01


Tree=54
num_leaves=25
num_cat=0
split_feature=122 46 113 122 108 131 164 84 131 210 99 291 268 102 274 319 137 83 278 108 40 237 34 259
split_gain=39.9144 26.8426 23.0466 23.3876 26.8243 18.8749 16.3241 14.8709 14.4662 14.8666 12.6027 13.1089 12.0874 12.0287 10.853 10.8665 11.4474 12.9128 10.7616 10.5825 14.8702 10.4663 11.6961 10.8233
threshold=-0.036444640190500595 1.0000000180025095e-35 -0.070563108492907908 0.56353391909529549 0.94514344071718093 1.7005433662600902 0.0012699374539687964 20.544132471151432 1.8677489101792353 0.066847826086956538 0.41995988508269061 0.81838739122875037 0.2307245724305039 1.228056852784827 5.0743409287510124 -0.1535629654705484 0.27626504642898092 2.0396898085288409 -0.0054914898493383666 0.64431209913274734 0.005393259516376119 -0.045351808272277007 0.18451282727112989 -0.37111825117200431
decision_type=8 2 8 8 10 10 10 2 10 2 10 2 2 8 2 2 2 10 8 10 2 2 2 8
left_child=1 7 -2 4 10 -6 14 8 9 18 11 12 -4 -8 15 -5 17 -17 -1 -13 -21 22 23 -20
right_child=2 -3 3 6 5 -7 13 -9 -10 -11 -12 19 -14 -15 -16 16 -18 -19 21 20 -22 -23 -24 -25
leaf_value=-0.003782964202994738 -0.0032645528741929207 -0.0026957158598640519 -0.0016522807364047463 -0.0049134374868921686 0.0031588921746324673 0.012817221602424546 0.0037622896585479426 0.0073436150641003738 -0.0025390366032033936 0.0047491569559876623 -0.0050921417958999723 -0.0022848061345894176 0.007682704419255817 -0.0046710937351553128 -0.0035210698995555957 -0.0028410734871106512 0.0093952129957536028 0.0050222874087436052 0.006283221543974842 -0.00039321904085117226 0.0087811931441007293 -0.0046885089587813322 -0.0016051412328460942 -0.0013359574912141165
leaf_weight=36.264762535691261 324.26998725533485 96.14245729893446 18.558796346187592 30.869595788419247 73.655634358525276 26.950960084795952 78.899176143109798 66.163316369056702 51.977621451020241 215.43934065103531 37.433219656348228 114.65363914519548 42.150390163064003 18.654915399849415 284.85205604881048 51.988600954413414 13.198131397366522 30.880758114159107 83.019661009311676 57.404131591320038 22.418172985315323 17.697614058852196 39.156058475375175 22.425998657941818
leaf_count=237 2420 765 128 233 488 170 562 396 344 1365 279 826 292 141 2179 394 96 226 539 385 147 118 249 151
internal_value=5.84813e-05 0.00210324 -0.000990296 -0.000164418 0.0016597 0.00603687 -0.00157605 0.00298186 0.00231966 0.00294523 0.000107777 0.00092213 0.0048668 0.00205301 -0.00244639 -2.71105e-06 0.00166084 0.000146702 0.000943598 -0.000356482 0.0023844 0.00205274 0.00295907 0.00466092
internal_weight=1855.12 628.287 1226.84 902.568 393.225 100.607 509.343 532.144 465.981 414.003 292.618 255.185 60.7092 97.5541 411.789 126.937 96.0675 82.8694 198.564 194.476 79.8223 162.299 144.602 105.446
internal_count=13130 4164 8966 6546 2715 658 3831 3399 3003 2659 2057 1778 420 703 3128 949 716 620 1294 1358 532 1057 939 690
is_linear=0
shrinkage=0.01


Tree=55
num_leaves=25
num_cat=0
split_feature=271 32 151 105 127 71 72 72 157 100 25 71 289 39 105 11 127 72 142 33 11 201 322 69
split_gain=41.7544 23.7993 22.1477 23.6687 18.5605 15.5183 17.7707 14.8084 14.667 13.7572 13.3994 12.4861 14.8419 18.7818 12.4659 12.3435 14.3369 12.0763 11.6078 11.2434 10.9407 10.8882 10.788 10.2428
threshold=0.10952046704805242 0.00062896092095701759 0.087447625420191508 0.70855941575970816 0.59941159008965039 2.1964470663411553 -127.64649338150737 -148.7137896687905 0.41420252295010312 0.67631806094587998 -0.51659031588626325 1.726903816345071 0.02722119794566347 0.070068343484122941 1.0710196877332849 0.1883290917852731 0.48006300771326443 -221.15784067912256 0.018890227039564656 0.029108482688341073 0.43902564948406497 0.68722826086956534 2.5000000000000004 -0.26481205925650192
decision_type=2 2 10 10 8 10 2 2 10 10 2 10 2 2 10 10 10 2 2 2 10 2 2 10
left_child=2 7 3 5 15 9 17 8 -2 10 -1 12 13 -9 -4 -5 -17 -7 21 22 -11 -16 -15 -12
right_child=1 -3 14 4 -6 6 -8 11 -10 20 23 -13 -14 19 18 16 -18 -19 -20 -21 -22 -23 -24 -25
leaf_value=0.0060700337040970479 0.0055662823019897393 -0.0030337360266053871 -0.0047070364744083706 0.013432191420217163 -0.00052987439197821123 0.00030366299775805647 -0.0013076999393381737 0.0075202459785729085 -4.8136534210232035e-05 -0.0013844017513461107 -0.0038206231106504675 0.0026806459149856287 -0.0045541966782519008 0.007701201218007595 -0.0032631126506403787 0.0018855771650021062 0.012721319935036571 0.012732285112260502 -0.0034934617685107882 -0.0049895138877203409 -0.0048486851366407865 0.005208403564880856 -0.0020620246539181388 0.0041586793652003389
leaf_weight=34.66290070861578 199.39665674418211 88.402397900819778 226.17506702244282 15.115537256002424 87.137523852288723 12.662571214139463 43.308497905731201 32.033484756946564 59.909380942583084 225.13743636757135 47.786148510873318 243.50496661663055 63.50746276974678 17.408196583390236 20.823654092848301 69.105370834469795 12.489331990480421 18.996397778391838 72.174079515039921 38.087714403867722 155.71317922323942 40.526469342410564 23.357493013143539 20.8133774548769
leaf_count=240 1220 701 1756 98 608 88 312 209 385 1632 344 1619 439 118 155 476 83 133 556 260 1179 302 160 149
internal_value=-1.74028e-05 0.00177244 -0.00126245 -0.000271119 0.00281322 -0.00129626 0.00285821 0.00241138 0.00427882 -0.0019546 0.00124964 0.00122917 -0.000802295 0.0013977 -0.00328902 0.00576473 0.00392828 0.0082248 -0.000831642 -0.00125216 -0.00282884 0.00230008 0.00231407 -0.00131644
internal_weight=1868.24 765.608 1102.63 742.928 183.848 559.081 74.9675 677.205 259.306 484.113 103.262 417.899 174.394 110.887 359.699 96.7102 81.5947 31.659 133.524 78.8534 380.851 61.3501 40.7657 68.5995
internal_count=13222 5111 8111 5342 1265 4077 533 4410 1605 3544 733 2805 1186 747 2769 657 559 221 1013 538 2811 457 278 493
is_linear=0
shrinkage=0.01


Tree=56
num_leaves=25
num_cat=0
split_feature=119 5 109 21 209 148 105 67 37 103 161 75 109 209 312 233 308 105 131 116 213 260 116 116
split_gain=44.9719 33.7941 24.256 34.7586 18.8665 17.8878 17.4148 13.0779 18.2265 12.9852 15.4245 16.5959 17.6122 16.3263 15.785 14.9087 14.903 13.4644 14.6595 13.1258 12.4232 12.3817 11.8265 11.7026
threshold=0.1139320758811037 -2.8983711643309662 1.5195776906739467 0.5536663729080239 0.75895069640263191 0.20136558538404178 1.3824999942590697 441.10906169179754 0.44575697871079112 1.6428132559348676 0.019367341835458868 -0.51264193702449345 1.157259723598705 0.67383595436324406 -0.58740293092376328 0.72167379887181493 -0.0030303030303030294 0.19873710666551034 1.7414327115246062 -0.43614485605784187 -0.14063735270583194 -0.45909425890896655 0.28698497448584559 -0.17675412043946079
decision_type=8 2 10 8 2 10 10 2 2 8 10 10 10 2 2 2 2 10 10 10 2 10 8 8
left_child=1 -1 4 5 21 6 7 -4 22 10 11 17 14 -14 -13 16 -12 18 20 -16 -3 -2 -9 -7
right_child=2 9 3 -5 -6 23 -8 8 -10 -11 15 12 13 -15 19 -17 -18 -19 -20 -21 -22 -23 -24 -25
leaf_value=-0.0028639732071823508 0.0064151815244408482 0.0051096976025581733 -0.0028953316736233759 -0.002988910379438815 -0.0044604473105148909 -0.0031354410101731628 0.0081192168244593396 -0.0066943432982734946 0.0090345866569753984 -0.0047609436709047459 -0.00046673800288011576 -0.0062108660657710845 -0.0030337134687974301 0.0074964787586557606 -0.0049392518201161082 0.0019286268807595889 0.010945626468843079 0.009124384013202291 -0.0042101186663453015 0.0018116626950281068 -0.0026090207171565001 -0.001391985272790846 0.0031683728465012185 0.0065469097094641221
leaf_weight=122.65875586867332 19.137018471956253 141.71370163559914 100.57308268547058 187.23367077857256 281.82691641896963 12.278014808893202 23.389218755066395 19.036997303366661 24.821515522897243 19.503598302602768 13.444740042090414 39.988017782568932 17.915606811642647 54.213001728057861 32.721056297421455 53.654999941587448 61.356059551239014 43.557769045233727 22.365629330277443 148.48128905892372 22.383778423070908 266.14460875093937 24.621018558740616 104.61780312657356
leaf_count=973 143 869 725 1427 2153 87 159 141 179 134 84 275 113 337 228 340 374 259 145 1008 146 1980 166 701
internal_value=0.000113036 0.00191074 -0.00122938 0.000382463 -0.00263739 0.00243493 0.00053264 -0.000627941 0.0026706 0.00279305 0.00304031 0.00225257 0.000659126 0.00485162 -0.000747687 0.00612377 0.00893932 0.00424734 0.00298291 0.000529694 0.00402429 -0.000806684 -0.00125674 0.00547124
internal_weight=1857.64 793.958 1063.68 496.571 567.109 309.338 192.442 169.053 68.4795 671.299 651.796 523.34 293.319 72.1286 221.19 128.456 74.8008 230.021 186.463 181.202 164.097 285.282 43.658 116.896
internal_count=13146 5285 7861 3585 4276 2158 1370 1211 486 4312 4178 3380 1961 450 1511 798 458 1419 1160 1236 1015 2123 307 788
is_linear=0
shrinkage=0.01


Tree=57
num_leaves=25
num_cat=0
split_feature=271 152 39 107 271 205 164 53 279 31 77 270 271 279 39 114 76 136 128 298 189 281 107 298
split_gain=41.0657 21.8832 21.4038 19.4677 18.9221 15.4244 15.2183 13.8677 12.2107 12.2785 11.8787 11.834 17.3871 11.4717 11.7113 11.3278 18.41 15.8863 13.1764 16.8489 11.2317 14.8545 13.7527 11.1329
threshold=0.10952046704805242 0.053503271537622688 0.079184234541233023 0.25521975655414714 0.16070722431700804 -0.22414538946239101 0.0012699374539687964 19.500000000000004 0.038531414115433045 0.0020714661174224143 2.7733776392739427 0.08825466945671552 0.049335900250603519 -0.078748777314336313 0.096186888712661928 0.72620955713536361 0.71107352793123135 0.33555405165527652 1.0015333725827065 -0.0040941701029199766 -0.41379819745037505 2.610392867074371 -0.29736981187297129 -0.0027313940398129952
decision_type=2 8 2 10 2 2 10 2 10 2 8 2 2 10 2 10 10 2 8 2 10 2 10 2
left_child=1 3 8 15 -4 7 -3 -5 9 -2 -10 12 -8 -6 -15 16 17 -1 19 -17 21 -21 -22 -14
right_child=2 6 4 5 13 -7 11 -9 10 -11 -12 -13 23 14 -16 18 -18 -19 -20 20 22 -23 -24 -25
leaf_value=0.0036211508114884893 0.0061597431143963809 -0.0038768392219425897 -0.0016483949845166135 -0.0020943246068459483 0.0070251935158902306 0.0082545253215189282 -0.0045870755506738446 0.0074390058652018531 -0.0013557448235327002 0.00051220269260328312 0.0065123814626496107 -0.0072220615935362229 -0.0011873299930693618 0.0049879815765899883 -0.0005558323682674978 0.0084417636848721517 -0.0034864760237584124 -0.0049660924508955432 -0.0029685715744271531 0.0043345310128525437 -0.0010494416849320934 -0.0058453167403271335 0.0077429095232559768 0.0096602954082986112
leaf_weight=81.111300580203533 179.76860561966896 347.25582724809647 227.6679370328784 50.278585061430931 41.526651300489902 41.72359611093998 18.430431351065636 18.565213188529015 72.099287383258343 49.978366993367672 22.948596425354481 11.048655994236467 12.481231212615965 53.74702824652195 114.42537855356932 33.241280406713486 243.49506050348282 26.211027652025223 60.462128914892673 19.089875921607018 33.928558655083179 39.500065423548222 32.857727840542793 28.673205345869064
leaf_count=564 1152 2698 1602 348 267 283 140 122 474 340 156 83 92 336 755 232 1826 188 434 130 243 280 223 207
internal_value=7.98855e-06 -0.00122788 0.00178827 -0.000117371 0.000335717 0.00366679 -0.00302077 0.000655345 0.00372133 0.0049568 0.00066748 0.00116135 0.00298993 0.00248784 0.00126345 -0.000867855 -0.00197681 0.00144077 0.000905954 0.00241535 0.00065806 -0.002465 0.00340114 0.00648323
internal_weight=1860.52 1098.35 762.162 680.464 437.367 110.567 417.889 68.8438 324.795 229.747 95.0479 70.6335 59.5849 209.699 168.172 569.897 350.817 107.322 219.08 158.618 125.376 58.5899 66.7863 41.1544
internal_count=13175 8093 5082 4873 2960 753 3220 470 2122 1492 630 522 439 1358 1091 4120 2578 752 1542 1108 876 410 466 299
is_linear=0
shrinkage=0.01


Tree=58
num_leaves=25
num_cat=0
split_feature=271 153 109 32 77 121 113 9 2 70 70 269 162 141 156 320 73 284 307 256 109 233 120 239
split_gain=42.4427 24.5949 21.1079 19.2341 18.4879 17.2894 14.1903 13.1499 12.8917 20.5676 13.6861 13.112 11.8098 11.6722 11.6713 11.4774 10.6989 10.9156 10.5806 10.4987 11.4221 10.7424 10.0883 14.1104
threshold=0.10952046704805242 0.011439476553980372 1.5195776906739467 0.0013306725784060971 2.4960986385188284 -0.95498389513805304 -0.2490357006222344 0.04575696000151671 0.66621357149836669 0.51657186066460781 0.70055652072315089 1.9641248391248392 0.027409781873732188 0.074529985422007755 0.1539126963002396 -0.056149828650586313 387.87675285064034 -0.11544631371370905 -0.0047821682778148447 102.50000000000001 1.825509264451634 0.76299977167029198 0.80642948675526294 0.8660019734572999
decision_type=2 10 10 2 10 8 8 2 10 10 10 2 10 2 10 2 2 8 2 2 10 2 8 10
left_child=1 2 8 5 -4 15 -7 -8 9 -1 -10 -12 16 -14 -11 22 17 -9 -18 20 -6 -21 -2 -24
right_child=3 -3 4 -5 19 6 7 12 10 14 11 -13 13 -15 -16 -17 18 -19 -20 21 -22 -23 23 -25
leaf_value=-0.00059803308103868692 0.0065698541877045229 -0.0037114019078736001 0.0105899286283046 -0.0029886398329031579 -0.0045980758891795833 -0.0056708083036733073 0.010118498037521127 0.0044919296999996021 -0.0030282982427737096 0.01188543082588521 -0.001175106800281784 0.005318156708885532 0.0073853522987345124 -4.8836926130219475e-05 0 6.1919702168589604e-05 -0.0011730374639177649 -0.003015594721795281 0.010382937837267171 0.007718778761435955 0.0034866275367798063 -0.00097040334743304327 0.00086307562995775104 0.0067112830875819575
leaf_weight=122.55192576348782 135.46822948753834 298.21044605225325 23.886642388999462 73.261408403515816 39.690343886613846 30.470770984888077 12.922946959733961 20.143375128507614 341.03673848509789 21.725716643035412 114.97566480189562 39.399647153913975 40.37279911339283 40.711987212300301 12.326895236968992 71.762212991714478 14.781803332269194 124.85926405340433 12.755345575511454 34.281434737145901 26.915510565042496 21.830784671008587 121.88075348734856 60.725108690559864
leaf_count=877 820 2321 156 586 288 212 85 138 2538 145 821 285 263 285 84 458 99 871 85 229 191 153 778 381
internal_value=-1.72094e-05 -0.00127507 -0.00035414 0.00179453 0.0030367 0.00231638 0.000486954 0.00124701 -0.00112797 0.00135156 -0.00191704 0.000541819 0.000683981 0.00376535 0.00790116 0.00369405 -0.000795871 -0.00189957 0.00461683 0.00135214 -0.00130751 0.00443719 0.00450257 0.00288634
internal_weight=1856.95 1096.83 798.621 760.116 146.605 686.855 297.018 266.548 652.017 156.605 495.412 154.375 253.625 81.0848 34.0526 389.836 172.54 145.003 27.5371 122.718 66.6059 56.1122 318.074 182.606
internal_count=13149 8088 5767 5061 1017 4475 2038 1826 4750 1106 3644 1106 1741 548 229 2437 1193 1009 184 861 479 382 1979 1159
is_linear=0
shrinkage=0.01


Tree=59
num_leaves=25
num_cat=0
split_feature=32 119 113 109 149 178 119 109 56 227 157 105 313 220 244 149 117 102 206 313 310 185 284 262
split_gain=36.6652 39.1468 20.5121 16.7831 29.3233 17.751 14.6529 16.4563 17.1137 13.1918 12.6526 12.2422 12.4004 12.2152 11.4328 15.7058 11.1224 14.9523 13.8153 10.9657 10.9222 10.8441 10.6755 11.6291
threshold=0.0014316399604838677 0.4649171857249334 0.26477367783031797 1.1685457581177501 0.089140442706691067 0.78462630448127701 1.1620850402445735 1.9359330962660362 305.50000000000006 0.0068143298274941384 0.41420252295010312 1.0991802722788604 0.033075308923999527 0.3291298263469245 0.021250000000000002 0.11710286235602692 0.52109632555326413 0.16086700813494945 12.500000000000002 -0.06235710101046759 -0.29020137301942733 0.63702239789196324 0.0099842661082401602 0.38333242403793855
decision_type=2 8 10 10 10 2 10 8 2 2 8 10 2 2 2 10 10 10 2 2 2 8 8 10
left_child=1 3 22 4 10 11 7 9 -9 -4 -1 12 -5 -11 15 20 18 -18 -6 -2 -7 -16 23 -3
right_child=19 2 6 5 16 14 -8 8 -10 13 -12 -13 -14 -15 21 -17 17 -19 -20 -21 -22 -23 -24 -25
leaf_value=0.0040828194137654096 0.00065314960092498903 0.00045978757402712685 -0.0017652516412805476 -0.0036256124610309776 0.0038245780952656638 0.01339058490443466 -0.003083863386696228 0.0010929148670219919 0.01090242549638238 0.010569576259248495 -0.00028790243817626836 0.005282005189427277 0.004163470698099539 -0.00048917180254361202 0.00091185422407435545 0.0023709839679201708 0.0012617165344076067 -0.0049349450108472151 -0.0053175562061072417 -0.0052894866845109283 0.0018657788171025219 0.011731268685097608 -0.0055424819700303834 -0.0050931828416371852
leaf_weight=231.24597080796957 37.79935859143734 99.026680111885071 125.83939190208912 71.980412647128105 17.566279336810112 22.504899725317955 92.739990375936031 41.366964861750603 29.704773351550102 16.332840718328953 91.28481525182724 33.038916006684303 25.387165665626526 20.007102154195309 13.097153805196283 177.54118499904871 181.5187699124217 46.522879429161549 96.485687971115112 151.15050588548183 14.047575846314428 36.084720507264137 129.24239462614059 57.382120698690414
leaf_count=1452 304 759 919 485 127 131 715 291 200 118 597 214 171 141 82 1157 1262 346 698 1228 86 228 1010 444
internal_value=3.7512e-05 0.000512812 -0.00149597 0.00167563 0.000698916 0.00330517 0.000218026 0.00155644 0.00546794 -0.000216188 0.00285097 0.000268436 -0.00152419 0.00486128 0.00478662 0.00369053 -0.00133391 -4.32506e-05 -0.00384212 -0.00410333 0.009441 0.00907658 -0.00343841 -0.00162561
internal_weight=1858.9 1669.95 611.642 1058.31 664.624 393.682 325.991 233.251 71.0717 162.179 322.531 130.406 97.3676 36.3399 263.276 214.094 342.094 228.042 114.052 188.95 36.5525 49.1819 285.651 156.409
internal_count=13165 11633 4597 7036 4482 2554 2384 1669 491 1178 2049 870 656 259 1684 1374 2433 1608 825 1532 217 310 2213 1203
is_linear=0
shrinkage=0.01


Tree=60
num_leaves=25
num_cat=0
split_feature=32 21 109 149 105 103 308 116 315 291 73 105 268 73 22 147 277 314 231 202 315 47 201 177
split_gain=39.859 39.8929 27.0933 24.4763 17.8667 29.9433 16.7958 16.3846 15.456 14.1432 13.9984 13.6067 12.4647 11.6004 17.0341 12.9154 11.5681 12.9139 15.6168 12.6414 14.7463 11.311 11.1682 10.9963
threshold=0.0014316399604838677 -0.05650404252328018 1.189430608933099 0.087889098349349409 0.93544260628691212 2.0226702605035123 -0.001360218461545907 -0.041767066284159944 -0.096559334601391475 0.36515182169387733 317.52657757435776 1.4420521659080172 0.34999334992940795 264.51289926031683 0.92662529874266686 0.10260655459330957 0.018578768394553333 -0.0038672256675108172 -1.0688258583395607 0.14564393939393941 -0.33490035452220318 5.5000000000000009 0.87460691823899384 7.2791541503225252
decision_type=2 8 10 10 10 8 2 10 2 2 2 10 2 2 10 10 8 2 2 2 2 2 2 10
left_child=1 2 3 8 9 11 -4 -5 16 12 -11 21 -3 -7 -15 -16 17 18 -1 -18 -21 -6 -9 -19
right_child=-2 4 6 7 5 13 -8 22 -10 10 -12 -13 -14 14 15 -17 19 23 -20 20 -22 -23 -24 -25
leaf_value=0.00708102267979997 -0.0043011860095090041 0.0085485794665605304 0.00056764647782772551 -0.0026072569329174716 -0.0020564399720467566 -0.0045067014694381213 0.0076073259430736607 0.0047955271557784231 -0.0026257042932489932 -0.0038271254148807142 -0.00022590419229280719 0.0097443861383939099 -0.0017008381245699872 -0.0052396209950608163 0.00013780197629513027 0.011052246442899564 0.0083042512317637526 0.00015349441159724346 -0.0025986003318517427 -0.004797990826325039 0.0062654638356387932 0.0035385189661598089 -0.0041647614889784076 0.0085423168621120878
leaf_weight=18.521805092692375 190.21214750409126 19.720274053514004 47.62945169210434 192.47190047800541 45.566450290381908 101.00851275026798 121.96680683642626 58.924473956227303 40.356563739478588 316.34867618978024 164.58421386778355 25.076772384345531 23.128688104450703 26.314790844917297 27.280832931399345 15.44644536077976 82.64694432914257 25.964958310127258 72.933783113956451 18.497471317648888 24.974857725203037 144.22385882586241 15.4570165425539 37.7940578982234
leaf_count=109 1547 145 294 1356 323 767 751 396 272 2384 1216 170 174 197 204 109 516 165 468 114 155 975 109 241
internal_value=2.35739e-07 0.000498182 0.00218817 0.00115836 -0.000913117 0.000717879 0.00567808 -0.00107247 0.00300522 -0.00211103 -0.00260537 0.00318262 0.00323231 -0.00239172 0.000744263 0.00454866 0.00383469 0.00194175 -0.000473297 0.0060624 0.0015306 0.00217947 0.00283573 0.00529351
internal_weight=1857.05 1666.84 758.14 588.544 908.7 384.918 169.596 266.853 321.69 523.782 480.933 214.867 42.849 170.051 69.0421 42.7273 281.334 155.215 91.4556 126.119 43.4723 189.79 74.3815 63.759
internal_count=13157 11610 4946 3901 6664 2745 1045 1861 2040 3919 3600 1468 319 1277 510 313 1768 983 577 785 269 1298 505 406
is_linear=0
shrinkage=0.01


Tree=61
num_leaves=25
num_cat=0
split_feature=32 123 70 120 31 22 272 83 123 172 108 301 37 297 121 289 276 204 197 160 232 106 270 295
split_gain=43.975 35.0562 18.5633 22.1601 16.62 22.7136 14.7675 12.9003 16.1326 12.8841 11.7198 11.1637 14.4739 15.1853 10.9424 10.8048 10.7659 10.4748 10.473 10.3729 10.2478 10.2223 9.7008 9.53635
threshold=0.0014316399604838677 1.0218350804739009 0.80830258206282524 1.2459523765234779 0.0082113117646397792 0.11730539456299779 0.03189295668430802 1.282798091272529 -0.10896092029255984 3.6595833333333339 0.87627636740634329 0.60752598881205422 0.61579664419905356 -0.040696461472589228 -1.4687274399548256 -0.13204598667721931 2.4417036130297878 0.36687763713080174 -0.37619545874020133 0.074756914943830841 2.0427623995035082 0.5475709243378224 0.054802181974196319 0.15913710971121101
decision_type=2 8 10 10 2 8 2 10 10 10 8 2 2 2 10 2 2 2 8 10 2 10 2 2
left_child=1 7 4 9 5 16 10 8 -1 -4 19 -9 13 -13 -5 -10 -3 -16 -14 -7 21 -20 -2 -17
right_child=22 2 3 14 -6 6 -8 11 15 -11 -12 12 18 -15 17 23 -18 -19 20 -21 -22 -23 -24 -25
leaf_value=0.0049499764225803275 -0.0080370789404797978 0.0024152759636423154 0.0088807816382328441 0.0050303633369807275 -0.0047813847215992964 0.0017091575257094467 0.0036113575032953437 0.00052942551237146582 0.006254669588071006 0.002217160110084891 0.0014666614984347357 -0.0017649286511156096 -0.0035512420445769849 0.0076284827590843585 0.00062691355671656889 -0.0031120341839221779 -0.0036904887123875032 -0.0063560802276389338 0.011992015539802272 -0.0046378405974989512 -0.0027156805942458134 0.00033956080199680369 -0.0029528638443185795 0.0012539566799316295
leaf_weight=72.023042246699333 53.619648523628712 30.714430563151836 33.158403158187866 14.743118874728678 117.37098626047373 34.452269971370697 125.45614356547594 75.964484497904778 18.959419503808022 173.5191260650754 133.81042320281267 18.189564317464828 27.059067204594612 146.11675169318914 34.171939462423325 108.51184340566397 233.24642433226109 51.908589579164982 15.784692764282228 84.691179327666759 13.417399242520331 13.229424633085726 135.16071370244026 88.251954458653927
leaf_count=432 441 226 220 100 911 248 875 486 127 1214 950 114 174 904 259 736 1741 387 103 617 89 87 1099 589
internal_value=3.64612e-05 0.000558278 -0.000527107 0.00153509 -0.0013657 -0.000721738 0.000845998 0.00249195 0.000948521 0.00339697 -0.000546444 0.00390081 0.00497246 0.00657022 -0.00226031 -0.000429781 -0.00295809 -0.00364116 0.00107102 -0.00279716 0.00407887 0.00721466 -0.00449995 -0.00115877
internal_weight=1853.53 1664.75 1067.24 307.501 759.742 642.371 378.41 597.508 287.746 206.678 252.954 309.761 233.797 164.306 100.824 215.723 263.961 86.0805 69.4906 119.143 42.4315 29.0141 188.78 196.764
internal_count=13129 11589 7748 2180 5568 4657 2690 3841 1884 1434 1815 1957 1471 1018 746 1452 1967 646 453 865 279 190 1540 1325
is_linear=0
shrinkage=0.01


Tree=62
num_leaves=25
num_cat=0
split_feature=100 109 151 71 30 3 109 118 273 120 80 206 43 268 146 31 101 120 149 109 162 62 3 100
split_gain=29.9468 15.6409 26.9494 25.4916 21.018 17.0374 18.0708 13.9157 13.7119 14.5098 16.5494 13.6592 22.2209 12.0896 16.9001 11.6036 11.2625 12.1268 10.7879 15.2799 12.1006 11.4883 10.7095 10.469
threshold=0.72973387752102048 1.9109651622609172 0.083200212992545278 2.1397816760993096 0.087556646525679779 2.4993481399758042 1.5063613918332945 83.500000000000014 5.4082838600369101 0.55256556224517128 27.500000000000004 80.500000000000014 163.50000000000003 0.57223457467841443 0.11415183156453271 0.0031864055720638705 -0.69328150357250384 1.0925630971694631 0.087889098349349409 0.61938166623428181 0.0072529524711328558 164.50000000000003 3.5671979859671819 0.55851921121231463
decision_type=8 10 10 8 2 2 10 2 10 8 2 2 2 2 10 2 8 10 8 8 10 2 2 10
left_child=7 2 3 5 13 6 18 8 9 10 23 12 22 14 16 -14 17 -3 19 -2 -20 -21 -5 -1
right_child=1 4 -4 11 -6 -7 -8 -9 -10 -11 -12 -13 15 -15 -16 -17 -18 -19 20 21 -22 -23 -24 -25
leaf_value=-0.0044620612213164372 -0.0010009719644172956 0.019789822644799171 -0.003530964708188959 0.0036514463554531487 -0.00093826227651581798 -0.0024876176908014912 0.010169574853269376 0.0067253180058459488 -0.0033980046751776716 0.0012004008865517295 0.011479997136870533 -0.0013563431576871497 0.012603077297693411 -0.0025370475811361619 -0.00051235088239564642 0.001526853820113459 0.0042789136830356381 0.00606448826580818 -0.0026941080897397128 0.0082378270190066622 0.004775405857296462 -0.0016765140179172283 -0.002921538994815297 0.0062434989699917164
leaf_weight=14.679373964667322 67.969351075589657 13.748972311615946 321.91004453599453 79.570335105061531 124.97569256275892 391.88560032099485 15.860302396118639 62.602736450731754 43.994201987981796 219.31990351527929 30.879149630665779 57.147187151014805 34.800124935805798 15.613437958061693 23.718287512660027 14.075556404888628 30.232524640858173 17.090520046651363 145.32950767874718 44.165033496916294 22.667334601283073 14.215852849185465 32.830754771828651 16.301056951284409
leaf_count=100 471 89 2482 536 933 2841 100 405 295 1482 189 387 224 113 154 95 211 119 1050 284 155 89 238 111
internal_value=3.97833e-05 -0.000613448 -0.00105399 -0.00017849 0.00179357 -0.00110844 0.000637415 0.00250145 0.00163399 0.00245098 0.00662189 0.00278199 0.00425263 0.00513601 0.00659691 0.00969186 0.00927377 0.0133665 2.81053e-05 0.00221168 -0.00161771 0.00584139 0.00169812 0.00119231
internal_weight=1855.58 1467.81 1242.43 920.517 225.379 702.093 310.207 387.776 325.174 281.179 61.8596 218.424 161.277 100.404 84.7903 48.8757 61.072 30.8395 294.347 126.35 167.997 58.3809 112.401 30.9804
internal_count=13153 10571 8952 6470 1619 4990 2149 2582 2177 1882 400 1480 1093 686 573 319 419 208 2049 844 1205 373 774 211
is_linear=0
shrinkage=0.01


Tree=63
num_leaves=25
num_cat=0
split_feature=46 119 109 152 262 109 21 122 22 126 214 42 119 109 192 184 89 117 89 302 122 69 164 82
split_gain=39.2487 41.6516 27.9076 33.8806 13.5749 17.3024 18.1264 11.4053 18.0182 15.3462 12.2787 11.6195 11.3345 13.4605 15.2185 13.7601 14.7144 11.0971 11.6638 11.2197 15.6998 12.0506 10.5769 13.9613
threshold=1.0000000180025095e-35 0.1139320758811037 1.3745955474756444 0.11867455188391661 -0.99788036317089934 1.0146505108814157 0.035378417535566864 0.61895094870825862 1.1764958086669146 0.27907639299966369 62.500000000000007 137.50000000000003 -0.44709725313324361 0.52180854258275178 0.90476142605904986 0.22932604611441262 2.0627501612373851 0.41936615812033795 3.0812457672464357 0.0072700845665961975 -0.22871441024402886 -0.42540241009089713 0.0033277962347729793 0.81384344644133166
decision_type=2 8 10 8 8 10 10 8 10 10 2 2 10 10 10 10 8 10 10 2 10 10 10 10
left_child=1 4 -3 7 -1 12 -7 8 9 -4 -11 -9 13 15 -15 -6 -17 -14 19 -19 -21 -22 -5 -24
right_child=-2 2 3 22 5 6 -8 11 -10 10 -12 -13 17 14 -16 16 -18 18 -20 20 21 -23 23 -25
leaf_value=0.01065507661060955 -0.0038040441865462502 -0.002759299332892181 -0.0035923983056864455 -0.0052927189347362052 -0.0040070614687984967 0.0052124472099074606 -0.0037932328370732056 -0.001167947964641409 0.013774105614746108 0.007015213545051106 0.0016845414995195762 0.004356967553062566 -0.0031487724756468854 0.0078386820798909615 -0.00057117413490516053 0.0075433526996294209 -0.0030614324424674019 -0.00046334287059387027 -0.0065326153990128881 0.012326035801455066 -0.0031231834250142966 0.0077793754831285864 -0.0038693233091499253 0.0067313104175148169
leaf_weight=17.171696066856384 228.69861714541912 398.86610987782478 29.555337890982628 96.617167733609676 42.855587616562843 220.36630964279175 22.669746339321136 138.61698907613754 13.747479274868963 72.879491381347179 108.02511782199144 49.218267127871513 92.441330522298813 67.590564742684364 30.144591897726059 30.66657118499279 19.257536977529526 65.494001239538193 14.034378886222838 18.727178692817688 22.078676007688046 14.310418799519537 27.533518061041832 18.174583211541176
leaf_count=95 1858 3017 209 758 274 1351 153 1025 89 485 716 355 644 410 186 190 125 441 96 120 152 96 204 133
internal_value=4.86496e-05 0.000595152 -0.000751228 0.000698461 0.00248535 0.00222677 0.0043342 0.00215161 0.00366031 0.0028203 0.00391281 0.000317779 0.000976881 0.00275773 0.0052919 0 0.00348896 -0.00052839 0.00129119 0.00233912 0.00554619 0.00139144 -0.00346135 0.000472137
internal_weight=1859.74 1631.04 953.234 554.368 677.809 660.637 243.036 412.043 224.207 210.46 180.905 187.835 417.601 190.515 97.7352 92.7797 49.9241 227.086 134.645 120.61 55.1163 36.3891 142.325 45.7081
internal_count=13182 11324 6991 3974 4333 4238 1504 2879 1499 1410 1201 1380 2734 1185 596 589 315 1549 905 809 368 248 1095 337
is_linear=0
shrinkage=0.01


Tree=64
num_leaves=25
num_cat=0
split_feature=46 119 109 103 209 101 117 145 307 161 77 114 103 31 282 105 105 87 105 138 177 209 185 111
split_gain=35.4177 35.8272 26.5483 30.0997 17.4316 15.609 14.9537 15.9793 13.387 13.3534 12.8382 12.0798 18.642 13.3774 13.027 11.9011 11.8666 13.086 12.6403 11.8331 10.867 10.4862 10.5036 16.3201
threshold=1.0000000180025095e-35 0.10088680332526478 1.5195776906739467 1.7512229283331431 0.75765385816932218 -1.5213127483334778 1.7912128727948455 0.029528080090927496 -0.0046366743657284088 0.079238106737503033 2.5783295006454243 0.72620955713536361 -0.38862049153340006 0.0027510368419459337 0.015326778484673219 0.77282784264027671 -0.072357337405256072 1.5672642073086218 0.31751529878904733 0.15451919213820639 7.50646489761853 0.69162772585669796 0.75079617834394918 1.0188803239888202
decision_type=2 8 10 8 2 10 8 10 2 10 10 8 10 2 8 10 10 10 10 2 10 2 10 10
left_child=1 11 4 8 5 -3 -5 -8 9 10 -4 12 -1 -13 15 -14 -16 21 -19 -9 -10 -18 -23 -24
right_child=-2 2 3 6 -6 -7 7 19 20 -11 -12 13 14 -15 16 -17 17 18 -20 -21 -22 22 23 -25
leaf_value=0.0082628326418742182 -0.0036988398614322951 0.0089703806511590971 0.0064807962865640438 -0.0026993047798045851 -0.0042012370078203997 -0.0011160801964995965 -0.0016818700019673811 0.00036410715954679165 0.0093923491607466811 0.0087613989437955384 -0.0021491312805363687 0.005159987331136949 -0.0015079663182091824 -0.0014375211595291607 -0.0022698749813347932 0.0073554508929220075 -0.00021296601510735903 -0.0022974182212723636 0.0062051809897771901 0.011009782919012692 0.00017828001974518545 0.015810915446253584 -0.0028989723293757386 0.0097757723312941833
leaf_weight=32.308615133166313 229.57940691709518 13.498637229204176 20.159405991435051 183.84223472326994 248.1789712458849 247.93665901571512 47.29823312908411 18.343975059688091 56.373180270195007 19.044318035244942 65.967274345457554 190.45929890871048 216.60247259587049 34.994516916573048 36.200531549751759 13.438946425914763 15.675533607602118 44.94619782269001 24.741685271263123 22.696297287940979 16.759052105247974 14.262516513466833 13.627757743000982 26.994790315628052
leaf_count=186 1870 97 131 1392 1889 1840 349 131 378 122 446 1163 1433 225 235 83 101 303 159 154 113 90 89 171
internal_value=-4.6824e-05 0.000474272 -0.000759844 0.00100418 -0.00231808 -0.000500649 -0.00108487 0.00224329 0.00416571 0.00178612 1.91185e-06 0.00225519 0.00127115 0.00412636 0.000659487 -0.000902432 0.00268348 0.00398876 0.000832168 0.00660604 0.00737975 0.0069397 0.00891001 0.00558892
internal_weight=1853.93 1624.35 960.098 450.484 509.614 261.435 272.181 88.3385 178.303 105.171 86.1267 664.253 438.799 225.454 406.49 230.041 176.449 140.248 69.6879 41.0403 73.1322 70.5606 54.8851 40.6225
internal_count=13150 11280 7042 3216 3826 1937 2026 634 1190 699 577 4238 2850 1388 2664 1516 1148 913 462 285 491 451 350 260
is_linear=0
shrinkage=0.01


Tree=65
num_leaves=25
num_cat=0
split_feature=123 32 71 123 161 123 193 114 234 82 105 19 114 310 105 308 293 170 164 174 169 224 88 268
split_gain=39.036 27.6258 22.6554 18.0126 15.1039 23.2649 16.8453 13.3876 13.0009 14.3 12.7129 13.877 12.5757 14.23 12.3835 12.002 11.9051 11.7179 11.7027 11.6194 11.5808 11.0821 11.9649 11.0662
threshold=1.3037559528709568 0.0013596199349304942 1.8620673714001119 2.0485708564122036 0.020857501933488013 0.47636471290369542 0.64592551622418892 0.72620955713536361 0.054954796976073576 0.50168273016118892 0.95325439068398365 0.099145183721337501 0.78992007196464942 -0.26714384410036057 1.1092374181781948 0.00087765736469712851 -0.0047687182995073451 2.7771632901045602 0.0032949018586069137 148.00291666666669 21.500000000000004 2.4982647717905122 0.82402117473193026 0.36710749464454068
decision_type=8 2 10 10 8 10 8 10 2 10 10 8 8 2 8 2 2 10 10 8 2 2 8 2
left_child=1 4 10 8 5 -1 16 -7 14 -10 -2 -12 -11 -14 21 -5 -6 -9 20 -16 -17 22 -4 -19
right_child=2 -3 3 15 6 7 -8 17 9 12 11 -13 13 -15 19 18 -18 23 -20 -21 -22 -23 -24 -25
leaf_value=0.0037017729083557217 -0.0043974882678726344 -0.0038307061271178056 0.0072557718496608402 -0.0031472645102787805 0.00032911877639586209 -0.0012385867525208385 0.0024735516235135074 -0.0012174008041053086 0.012287565372980654 -0.0020353726776665268 0.0080008209092219014 -0.0020316617489467108 0.0069123413555903747 -0.00063128521157137271 0.0072147334401061374 0.0066809203727180994 0.011583605487852292 -9.6398958330618238e-05 0.0073896269976709552 -0.0029295745925032859 -0.0038138119165712905 -0.0052079543045006494 -0.001754463633077216 0.0088474085162214763
leaf_weight=260.60068648308516 266.60492464154959 83.255773693323135 16.928769238293171 221.24737549573183 12.313997283577917 287.34902355074883 115.65559629350901 38.102668784558773 13.627608627080916 43.98688692599535 15.221212863922117 55.355608500540257 66.228805929422379 38.13782923668623 30.132398165762424 11.356103755533693 42.389682695269585 20.754215687513351 20.523923382163048 15.064671434462069 37.878337763249874 58.49610374122858 55.019149258732796 37.023041903972626
leaf_count=1618 2078 682 119 1708 78 2004 736 251 93 325 107 416 452 260 200 88 262 126 149 104 297 431 397 230
internal_value=6.50541e-05 0.00156457 -0.00132777 -0.000200373 0.0021289 0.00141389 0.00475776 -0.000155064 0.00136434 0.003383 -0.00340745 0.000344101 0.00234288 0.00420262 -0.000515873 -0.00201482 0.00920904 0.00302419 0.00154556 0.0038392 -0.00114138 -0.00208209 0.000547116 0.00576405
internal_weight=1863.25 897.445 965.81 628.628 814.189 643.83 170.359 383.229 337.622 161.981 337.182 70.5768 148.354 104.367 175.641 291.006 54.7037 95.8799 69.7584 45.1971 49.2344 130.444 71.9479 57.7773
internal_count=13211 5987 7224 4623 5305 4229 1076 2611 2381 1130 2601 523 1037 712 1251 2242 340 607 534 304 385 947 516 356
is_linear=0
shrinkage=0.01


Tree=66
num_leaves=25
num_cat=0
split_feature=271 5 72 123 117 193 157 118 5 106 121 97 260 177 65 155 164 270 270 22 123 185 51 6
split_gain=42.4413 24.2614 21.7986 18.7378 21.9144 14.6235 13.3725 13.1823 12.6013 12.3397 13.354 12.0025 12.0868 11.5329 10.6379 10.3994 10.3901 13.4407 10.132 9.93454 9.8389 9.69018 16.4499 10.393
threshold=0.10952046704805242 -2.8983711643309662 -148.7137896687905 1.4747309707504359 0.73643240717385139 0.8744747899159665 0.42631807163826874 82.500000000000014 -2.2897738340516627 0.73642470740470445 -0.44854819107387606 0.67140450097896787 -0.20519345679169285 7.4581319951310947 1.7836175255922762 0.019884023590655994 0.0012699374539687964 0.086173077657664562 0.04377334678292271 0.15960109565030009 0.64124283147438754 0.81405639020374576 175.50000000000003 0.22952026035560449
decision_type=2 2 2 10 10 10 10 2 2 10 10 10 8 10 8 10 10 2 2 8 8 10 2 2
left_child=3 -2 6 4 14 16 8 -6 15 13 11 12 -11 21 -1 -3 -5 18 -18 -9 -15 22 -4 -24
right_child=1 2 9 5 7 -7 -8 19 -10 10 -12 -13 -14 20 -16 -17 17 -19 -20 -21 -22 -23 23 -25
leaf_value=0.00021415752491492094 -0.0029163550825687988 -0.0029762602547599775 0.005242657026717024 -0.0023655939578863133 0.001393666723309876 -0.0060622930193919809 0.00016279327745082398 0.0011577071083083924 0.012338359097193635 0.0088027195269296064 -0.0018242724568169034 0.01265812206337103 -0.0027876086472292351 0.0037854057538193975 -0.0034797723131995456 0.005509654053038702 -0.0016623121236600436 -0.0067649596276038483 0.0070587110320046564 0.012116081582790466 -0.0039767721484890656 -0.0021272869098477899 0.0011336424536117411 -0.0070122173841431421
leaf_weight=157.73098297417164 92.935520254075527 13.886599704623221 98.75736028701067 411.19498615711927 178.9613943696022 94.440736450254917 51.359100505709648 14.372622080147265 25.009685218334198 14.284120693802832 21.109385132789612 21.209490165114403 16.642020478844646 17.60163626074791 149.80111902207136 164.35341012477875 19.015394851565361 11.780246339738367 34.552959054708481 19.916378378868103 83.970885545015335 56.228586874902248 67.26546423882246 17.327227219939232
leaf_count=1125 742 93 659 3187 1229 748 327 93 155 91 150 135 110 109 1108 970 141 89 251 121 574 386 431 117
internal_value=-3.93977e-06 0.00180299 0.00246964 -0.00126732 0.000103648 -0.00251383 0.00475766 0.00255005 0.00589558 0.00103862 0.00468104 0.00729154 0.00282595 0.000221468 -0.00159731 0.00480663 -0.00177674 0.00185791 0.00401724 0.00798993 -0.00255559 0.00141916 0.00252804 -0.000696928
internal_weight=1853.71 761.94 669.005 1091.77 520.782 570.984 254.609 213.25 203.25 414.396 73.245 52.1356 30.9261 341.151 307.532 178.24 476.544 65.3486 53.5684 34.289 101.573 239.579 183.35 84.5927
internal_count=13141 5049 4307 8092 3676 4416 1545 1443 1218 2762 486 336 201 2276 2233 1063 3668 481 392 214 683 1593 1207 548
is_linear=0
shrinkage=0.01


Tree=67
num_leaves=25
num_cat=0
split_feature=5 5 122 113 108 123 119 113 72 260 287 126 310 107 221 320 149 207 182 215 108 315 215 233
split_gain=40.2357 47.7624 29.5212 23.4109 17.0765 17.2094 16.8477 11.9696 18.2159 11.6077 11.5818 11.4302 11.2842 17.2541 12.1144 12.0041 10.532 12.0798 10.5216 11.0304 14.9616 10.5138 10.4123 14.6694
threshold=-2.8996003220412478 -2.8712440139818409 0.26025589624797435 0.2594736628512177 0.50140856581222448 0.02876250038241317 0.73641916350403436 -0.1939260013162642 -144.94011379953872 -0.077531932741669959 -0.0093789694957010106 0.14723213509182495 -0.3333848404403163 0.25521975655414714 -0.22875869914070721 -0.15888745648626143 0.12040693895915615 -0.51844568450900441 33.500000000000007 -0.53893989530677799 0.26246974883083496 -0.16098336134998351 -0.63792992214001809 0.68370443674748482
decision_type=2 2 8 10 8 10 10 8 2 10 2 10 2 8 2 2 10 2 2 2 10 2 2 2
left_child=-1 -2 4 -4 5 10 11 18 -9 16 -3 -5 15 -14 -15 -13 17 -10 -7 20 -20 -12 23 -6
right_child=1 2 3 6 22 7 -8 8 9 -11 21 12 13 14 -16 -17 -18 -19 19 -21 -22 -23 -24 -25
leaf_value=-0.0038452869407566265 0.0047720460557225735 -0.001119430297744633 -0.0031438433821912803 -0.0030949970559115206 0.00031135219916554585 -0.0047959427509619247 -0.001318315779284891 0.005830755593444893 -0.0034382095574377754 0.0060734740484061304 0.010445784403409635 0.002172550646582744 -0.0034785755206852317 -0.0011515813710990879 0.0093497114561363545 0.013596943525349313 -0.0063116088975699782 0.0080961300496300397 -0.0013088595855855747 -0.0079678447716428295 0.0072073891102581358 0.0005782225569323623 0.0024214242656236729 0.011524647932778879
leaf_weight=230.34275037050247 231.63782565295696 23.04433973133564 390.15052776038647 22.410173699259758 18.452254846692085 88.698912158608437 219.2366723716259 55.159937173128128 20.362522214651108 14.386823050677775 31.346563264727592 18.12162321805954 31.310021877288818 15.547619588673113 29.442436836659908 19.672444805502892 39.85007281601429 12.102053999900816 74.578031398355961 13.072767026722429 25.300639927387238 16.619174256920815 188.39011912047863 30.609917148947716
leaf_count=1884 1428 143 3004 162 115 612 1660 365 135 101 185 120 219 102 188 130 284 82 505 93 161 105 1211 193
internal_value=3.98337e-05 0.00059538 -0.00010428 -0.00146103 0.00144597 0.00021235 0.000392027 -0.000721082 0.00148284 -0.00136926 0.00459558 0.0031171 0.00439145 0.00201976 0.00584668 0.00867878 -0.003037 0.00113835 -0.00227554 -0.000218497 0.000978235 0.00727023 0.00356733 0.00757464
internal_weight=1859.85 1629.5 1397.87 745.892 651.974 414.522 355.741 343.512 141.861 86.7015 71.0101 136.504 114.094 76.3001 44.9901 37.7941 72.3146 32.4646 201.65 112.951 99.8787 47.9657 237.452 49.0622
internal_count=13187 11303 9875 5585 4290 2771 2581 2338 967 602 433 921 759 509 290 250 501 217 1371 759 666 290 1519 308
is_linear=0
shrinkage=0.01


Tree=68
num_leaves=25
num_cat=0
split_feature=32 21 105 153 114 120 109 28 27 151 20 16 65 186 87 114 100 155 237 312 186 307 217 237
split_gain=39.0022 27.4918 23.6779 26.955 23.5184 35.2549 16.8154 12.2818 12.0746 11.6727 14.5974 11.4651 11.2231 11.767 11.0783 12.5005 10.824 14.4392 10.7201 12.2433 10.5214 11.4286 10.9377 10.3436
threshold=0.0014316399604838677 -0.05650404252328018 0.95325439068398365 0.01564247762863535 0.72620955713536361 0.80910960197290394 1.8998908735152493 0.22050639223021942 0.60024509803921577 0.083200212992545278 0.51308936716757458 1.3185157468894968 1.5792679240971965 0.097652668256005881 0.84000664580385409 0.47499818936807098 0.66497786612915688 0.010010020040080161 -0.20131839534075852 -0.14906793088186213 0.014599317988064792 -0.015391974639445865 0.65921578421578431 -0.18196279996021245
decision_type=2 8 10 8 8 10 10 2 2 10 10 2 10 8 8 10 10 10 2 2 8 2 2 2
left_child=1 4 9 6 5 14 20 -6 -5 10 -3 18 13 -7 -1 -16 17 -17 -9 -20 -4 -22 -23 -19
right_child=-2 2 3 8 7 12 -8 11 -10 -11 -12 -13 -14 -15 15 16 -18 23 19 -21 21 22 -24 -25
leaf_value=0.0096750220445537671 -0.0042718802391551944 -0.0017326889091686074 -0.0016559049918893538 0.006057058783219724 0.0011140875993396967 -0.0036490570006211648 0.0076009117661382276 0.0017751303152469839 -0.0023801493134111766 -0.0038852800620009505 0.0039874611158677645 0.01178669477727988 -0.0046047589653442529 0.0054594264869435583 -0.00074619361195692028 1.0517310021986591e-05 0.0016637806406177259 0.015631326978009969 0.0098852440243196744 0.00093162111656973183 -0.0018005782786919685 0.013272988278678977 0.0025979437380983122 0.0055139078680957144
leaf_weight=17.793197110295296 187.85184451192617 282.63649999350309 55.07409144192934 16.158680081367493 82.518811576068401 25.7471943795681 71.944851592183113 73.68585903942585 159.59322710335255 203.49224650114775 50.048858091235161 26.043734088540077 122.30442906171083 25.328594326972961 106.10482059419155 24.832020103931427 136.60935709625483 15.660732358694075 50.163293726742268 22.714345939457417 19.634233959019184 14.829971231520174 25.67876773327589 36.039073593914509
leaf_count=105 1557 2101 389 118 522 175 471 452 1207 1582 350 161 872 164 697 160 888 94 308 143 132 96 174 223
internal_value=1.17371e-05 0.000502196 -0.000682133 0.00128272 0.00189182 0.000641868 0.00389836 0.00435403 -0.00151478 -0.00201368 -0.000842673 0.00585409 -0.00298939 0.000898774 0.00252221 0.00203861 0.00342118 0.00637361 0.00458908 0.00724758 0.00145058 0.00425768 0.00714294 0.00925163
internal_weight=1852.49 1664.64 899.091 362.914 765.545 510.419 187.162 255.126 175.752 536.178 332.685 172.607 173.38 51.0758 337.039 319.246 213.141 76.5318 146.563 72.8776 115.217 60.143 40.5087 51.6998
internal_count=13141 11584 6620 2587 4964 3378 1262 1586 1325 4033 2451 1064 1211 339 2167 2062 1365 477 903 451 791 402 270 317
is_linear=0
shrinkage=0.01


Tree=69
num_leaves=25
num_cat=0
split_feature=32 122 71 30 159 22 149 176 279 65 210 149 71 85 294 85 181 48 15 215 29 133 126 122
split_gain=33.2413 34.6571 23.1106 21.8613 17.5194 12.9164 24.8042 13.5686 11.974 12.8036 11.8731 12.2647 17.524 11.1336 10.4579 14.0363 11.947 15.2756 10.3396 10.0659 9.90403 9.71818 9.5118 9.45543
threshold=0.0014316399604838677 0.26025589624797435 1.8712682238841702 0.013753586178631106 0.15389352027283065 0.046262027403103631 0.11512051460900567 13.049539640966222 0.0048698984138299548 2.50695851296428 0.19693044433977078 0.14299530256977069 2.9613223976741803 181.26176811803586 -0.14090000654003407 16.263035499503538 0.14085597174377537 119.50000000000001 -1.0618891066598497 -0.88421989134877299 0.25541372348669961 0.0050729253118707096 0.27229286845757228 0.71689744197132632
decision_type=2 8 8 2 10 10 10 2 10 8 2 10 10 2 2 2 2 2 2 2 2 2 8 10
left_child=1 5 8 4 -4 6 14 22 9 -3 11 -5 23 19 -1 -16 18 -18 -17 -2 -14 -20 -7 -13
right_child=13 2 3 10 -6 7 -8 -9 -10 -11 -12 12 20 -15 15 16 17 -19 21 -21 -22 -23 -24 -25
leaf_value=0.008943935978889643 -0.0015743856800896916 0.0018777284661257081 -0.0017976983935532984 -0.0039991817057963251 0.010337232555233064 -0.0023362805179154588 -0.00194690467739469 -0.0017570995780441464 -0.0051098150002957038 -0.0037158371841582829 0.0078293741078197237 0.00088394213108882326 -0.00092451637337008551 0.0048945970107162132 -0.0035755738966503641 0.0025714621717165885 0.010048477193254095 -0.00015331337110380101 0.0041291358661464089 -0.006511037237745685 0.0061843988160475566 -0.0055232571572125634 0.0053821694629107818 -0.0027622350009394747
leaf_weight=21.105757020413876 73.114390023052692 73.582380816340446 16.341220565140247 84.004693374037743 33.70852030813694 15.584707349538801 178.45694853365421 35.214018061757088 147.04535488039255 85.44870300590992 14.422276392579077 132.06184887886047 27.098781667649746 11.154101468622683 37.241783946752548 257.16878891736269 40.174170628190041 21.858024686574936 12.646683529019354 101.77980984002352 60.393558621406555 30.451587557792664 199.57036872208118 147.92384029179811
leaf_count=133 606 554 120 637 233 100 1254 227 1142 663 104 934 190 90 255 1603 249 137 85 851 413 202 1248 1146
internal_value=9.94936e-05 0.0005485 -0.000912981 0.000378479 0.00647231 0.00196228 0.00115292 0.00386035 -0.00307674 -0.00113396 -0.000309248 -0.000618778 0.000175994 -0.00387673 0.00247463 0.00206965 0.00267601 0.00658882 0.00181016 -0.0045111 0.00401155 -0.0025887 0.00479529 -0.00104725
internal_weight=1857.55 1671.5 822.031 515.955 50.0497 849.473 599.104 250.369 306.076 159.031 465.905 451.483 367.478 186.048 420.647 399.541 362.299 62.0322 300.267 174.894 87.4923 43.0983 215.155 279.986
internal_count=13176 11629 6136 3777 353 5493 3918 1575 2359 1217 3424 3320 2683 1547 2664 2531 2276 386 1890 1457 603 287 1348 2080
is_linear=0
shrinkage=0.01


Tree=70
num_leaves=25
num_cat=0
split_feature=32 122 71 100 114 120 247 122 99 279 11 310 218 82 3 247 164 235 303 82 149 207 282 55
split_gain=36.169 33.5819 26.4674 25.556 19.4766 24.5502 15.6205 15.0701 14.6659 14.3849 14.1358 14.8943 14.2046 13.5213 12.8225 14.7496 12.6898 10.7895 15.4338 10.6959 11.8409 10.1158 9.89231 11.2469
threshold=0.0014316399604838677 0.26025589624797435 1.8712682238841702 0.717675069485746 0.72620955713536361 0.80910960197290394 2.8856471342005814 0.64143503934520274 0.060103728439272842 0.0048698984138299548 0.34435833858457093 -0.33610901693070722 0.033254344391785158 0.54165277417070257 2.597717463530453 1.9409290211045704 0.0012699374539687964 0.01150749510037608 0.0068892123349985658 0.81384344644133166 0.17191035067873306 -1.1886768756811807 0.022262776163492138 1.7532939756648722
decision_type=2 8 10 10 8 8 2 10 10 8 10 2 2 10 2 2 10 2 2 10 10 2 8 2
left_child=1 4 9 -4 5 21 17 10 22 14 11 -5 -12 -13 15 -3 -9 -6 -19 20 -18 -1 -7 -24
right_child=-2 2 3 7 6 8 -8 16 -10 -11 12 13 -14 -15 -16 -17 19 18 -20 -21 -22 -23 23 -25
leaf_value=0.0063346121814249106 -0.0040422990942872144 -3.286786738671605e-05 0.010826130814356658 0.0086530821170126733 0.0037191834381481493 -0.0054218491402875102 -0.0050266038659966998 -0.002592107232364662 0.0038168357985503554 -0.0053142239081397005 -0.0060383503536355397 0.0093456441172238419 0.0022561734610505326 -0.0013477202339056645 -0.0030744307920950965 0.011667248645597048 -0.0052092521637970516 0.016301977166881622 0.0026065572899334568 0.0065492568050880499 0.0040149483214307518 0.0016170327042592135 0.0038746653487951371 -0.0042290923852528577
leaf_weight=52.024647504091263 185.04738567769527 44.804028615355492 20.267559595406055 46.858611345291138 263.46396836638451 91.62070620059967 15.953581638634203 216.58596398681402 31.976943135261536 152.04317362606525 30.068148672580719 12.591857016086577 52.602260090410709 47.980346150696278 102.75642632693052 11.268609516322611 26.139833763241768 15.24516339600086 17.868144094944 29.123498141765594 23.940088279545307 296.91903204470873 30.594908393919468 32.24824170768261
leaf_count=304 1543 338 137 309 1642 640 108 1676 228 1186 222 85 379 322 792 84 194 92 111 211 165 1929 200 230
internal_value=0.000116697 0.000585644 -0.000858953 0.000550999 0.00197703 0.000808539 0.00395021 5.99047e-05 -0.0020979 -0.00314204 0.00223983 0.00458671 -0.000849189 0.00117835 -0.000999586 0.00275045 -0.00134571 0.00447958 0.00972971 0.00202205 -0.000801823 0.00236873 -0.0033756 -0.000271485
internal_weight=1849.99 1664.95 817.03 506.158 847.915 535.384 312.531 485.891 186.441 310.872 190.101 107.431 82.6704 60.5722 158.829 56.0726 295.789 296.577 33.1133 79.2034 50.0799 348.944 154.464 62.8432
internal_count=13127 11584 6100 3700 5484 3531 1953 3563 1298 2400 1317 716 601 407 1214 422 2246 1845 203 570 359 2233 1070 430
is_linear=0
shrinkage=0.01


Tree=71
num_leaves=25
num_cat=0
split_feature=271 100 11 270 123 70 235 271 270 280 308 272 27 210 225 176 188 122 108 302 37 20 191 209
split_gain=38.8514 18.001 16.1854 14.1033 17.9518 15.7041 23.1552 15.5237 14.7595 13.4404 11.6823 13.053 11.1527 11.8504 13.215 10.9604 11.7235 10.5276 34.613 11.8816 11.079 10.4727 15.2378 10.4309
threshold=0.10952046704805242 1.0477679750985656 0.56191740169546167 0.09212004730928447 0.64124283147438754 0.66230442059755423 0.0052151327241079211 0.190819817369449 0.068789568789568808 0.099999999999494965 0.0028602431973988756 0.05561513516013912 0.61291834205036744 0.079042029534267325 0.86768596327419867 12.076669029980323 0.40488991295442917 0.5831164900693222 0.67300164998368517 0.0089623358494828522 0.58697730484662081 0.72475782693776314 0.35578475803109411 0.77803983228511542
decision_type=2 10 10 2 8 10 2 2 2 2 2 2 2 2 2 2 10 8 10 2 2 8 8 2
left_child=1 2 17 4 8 -6 15 9 -2 12 11 -10 -5 -14 -15 -7 -17 18 19 -1 21 -19 -23 -22
right_child=3 -3 -4 7 5 6 -8 -9 10 -11 -12 -13 13 14 -16 16 -18 20 -20 -21 23 22 -24 -25
leaf_value=-0.0020957953116821104 0.010291754975394791 -0.0031009306755963072 -0.0032232447662494659 0.0085580231919328825 -0.0013461741610307188 0.0052425109751628261 0.0095952833998501838 0.0038351107364126319 0.0023057992205726737 -0.004134648649984315 -0.0019471306137788739 0.01120849456654047 -0.0039031723900963575 0.0037094876238908431 -0.0045395464512214484 -0.0045157471297806659 0.0032303633061792768 -0.0051611649314098965 0.0057586451103038136 0.002091068971914657 0.0071643550470128301 0.0065047875519242083 -0.0043048403834557974 -0.0017998730617551245
leaf_weight=185.02940251678228 45.810492552816868 349.31362051516771 152.1623877286911 13.206633388996122 118.37814639508724 36.884718038141727 41.292379274964333 84.462424576282501 51.044296599924564 88.325064167380333 27.888686530292034 23.336599558591843 53.257269240915775 79.34075228869915 22.723927021026611 42.80549544095993 31.407926194369793 83.548286274075508 119.21123172342777 103.16458121687174 21.466270439326763 21.194415926933289 25.663839034736156 25.672105975449085
leaf_count=1324 271 2712 1150 90 819 238 267 533 317 612 176 144 369 542 159 288 208 649 786 736 163 158 197 202
internal_value=-2.78997e-05 -0.00124052 -0.000348997 0.00170202 0.00292537 0.00136346 0.00346095 0.000186078 0.00569527 -0.00103878 0.00340423 0.0054216 0.000619489 -0.000190687 0.00179009 0.000989732 -0.00122616 0.000408922 0.00129381 -0.000587774 -0.00160439 -0.00309374 0.000656453 0.00243728
internal_weight=1846.59 1086.43 737.113 760.165 418.849 270.769 152.391 341.316 148.08 256.854 102.27 74.3809 168.529 155.322 102.065 111.098 74.2134 584.95 407.405 288.194 177.545 130.407 46.8583 47.1384
internal_count=13110 8077 5365 5033 2728 1820 1001 2305 908 1772 637 461 1160 1070 701 734 496 4215 2846 2060 1369 1004 355 365
is_linear=0
shrinkage=0.01


Tree=72
num_leaves=25
num_cat=0
split_feature=32 122 113 308 122 67 79 67 83 215 188 107 127 297 24 108 102 83 186 302 165 132 122 297
split_gain=33.3424 35.5714 22.8351 15.6929 17.0239 14.9716 16.4821 11.6839 11.5809 14.0412 10.568 10.4809 10.3934 10.1001 9.78212 10.9803 14.2157 13.2077 9.51642 11.267 14.0463 10.4684 9.47504 10.2978
threshold=1.0000000180025095e-35 0.25427208901150194 0.2594736628512177 3.2647307425254762e-05 0.63421236912674905 229.09937290584463 100.31995283365654 44.520140444047399 1.3457192077222799 -0.5213959102404454 0.30697411846447809 -0.091158763300453527 0.62054203399578822 -0.032766423533376658 -0.21651355311585357 1.2711709432602269 1.2690202641496808 2.3561597536457959 0.030151515151515155 0.0095302783148177358 179.7028240740741 0.012674291589025255 1.1773644357578392 -0.025504680284854205
decision_type=2 8 10 2 8 2 2 2 8 2 10 8 8 2 2 8 10 10 8 2 2 2 10 2
left_child=1 5 -3 14 12 6 7 -1 -8 -10 -6 -11 -5 -9 -4 -16 17 -17 21 -20 -21 -7 23 -19
right_child=-2 2 3 4 10 18 8 13 9 11 -12 -13 -14 -15 15 16 -18 22 19 20 -22 -23 -24 -25
leaf_value=0.00063215928239629068 -0.0035993307239344137 -0.0025966328409334294 0.0063540791807548914 0.012970056924536509 0.0052795201195304231 0.011342955111223437 -0.0020895683477865192 -0.0025446887643889048 0.0032239832833929399 -0.0050889799101413056 -0.002025310672938097 0.0010454269055281639 0.0017102791354506009 0.0062371871610161465 -0.0025545156690952985 -0.001654869959794856 -0.0058439229011238384 0.0029394507321613352 0.0010623818401671707 -5.7357207336290023e-05 0.012818918409173296 0.0017387518065289703 3.1206331737042159e-05 0.01535763164705849
leaf_weight=91.524015791714191 225.2592119500041 424.69949195533991 16.21053434163332 22.848463892936707 31.014742776751518 32.020539708435535 155.53296048939228 12.989736109971998 156.6121354624629 42.897328168153763 44.975575655698776 68.816132873296738 13.79587150365114 116.63972083479166 166.04524628072977 25.695408791303635 16.4527857452631 13.86242990195751 94.909193798899651 13.73046902567148 18.545914731919765 18.980695016682148 13.375555537641047 14.656849257647993
leaf_count=592 1865 3263 112 145 231 200 1044 84 989 294 332 447 91 721 1216 188 129 94 592 87 114 116 102 98
internal_value=-1.7949e-05 0.000482736 -0.00101134 0.000768873 0.00384972 0.00194099 0.00121923 0.00341344 5.69094e-05 0.00131368 0.00102608 -0.00136911 0.00918454 0.00531386 -0.000557333 -0.00107565 0.00182254 0.00386348 0.00448792 0.00289978 0.00775096 0.0080677 0.00716081 0.0101667
internal_weight=1852.09 1626.83 803.633 378.933 112.635 823.199 645.012 221.153 423.859 268.326 75.9903 111.713 36.6443 129.629 266.299 250.088 84.043 67.5902 178.187 127.186 32.2764 51.0012 41.8948 28.5193
internal_count=13146 11281 6001 2738 799 5280 4171 1397 2774 1730 563 741 236 805 1939 1827 611 482 1109 793 201 316 294 192
is_linear=0
shrinkage=0.01


Tree=73
num_leaves=25
num_cat=0
split_feature=32 122 69 122 105 5 152 262 67 39 209 317 233 119 108 170 215 34 105 73 73 218 131 67
split_gain=36.8825 34.7325 15.6194 19.2927 22.651 16.2838 15.3207 12.4683 13.5677 11.6439 12.1957 15.0048 12.3636 11.4726 12.9048 12.4376 12.0447 14.3354 11.1714 11.2003 11.0631 10.9812 11.3908 13.5443
threshold=0.0014316399604838677 0.26025589624797435 -0.2680958641331363 0.66995566521647709 1.0631438680210092 -2.8339109674887788 0.012800032768083888 -0.99788036317089934 229.09937290584463 0.051631920373783328 0.80334874597169692 -0.001555213714904897 0.71885552511000206 -0.036547619058593418 0.26938899299508989 2.1101529324712209 -0.48029821685620383 0.18608595998316521 1.3327886140298244 315.53479370826329 149.87800009354541 0.068237250554323739 1.8512474826380998 44.520140444047399
decision_type=2 8 8 10 10 2 10 8 2 2 2 2 2 10 10 8 2 2 10 2 2 2 10 2
left_child=1 7 18 4 5 -4 -7 -1 13 -2 11 -11 -13 14 21 20 17 -16 19 -3 -15 -9 23 -23
right_child=9 2 3 -5 -6 6 -8 8 -10 10 -12 12 -14 15 16 -17 -18 -19 -20 -21 -22 22 -24 -25
leaf_value=0.0096548631174328877 -0.0080458156254685706 -0.0050267554123051474 0.008568829592117317 -0.0016125446534042901 0.0069327767175119447 0.0038085528183513678 -0.002654524040889564 -0.0020664722450993238 0.0041156050638551187 -0.003517245179983679 -0.005827414677867228 -0.0017615307707114362 0.010090159951452586 -2.6566057641103001e-05 0.0075663711811481153 -0.0031762366473151492 -0.0001647344829969499 -0.00035577761443612795 0.0057305960524035382 0.0001290155927904949 0.0090424177077035924 -0.0025103586114477959 -0.0046925231443156233 0.0041878818623676105
leaf_weight=17.925984486937523 52.02471724152565 156.87547056376934 18.011880375444889 342.42360945045948 65.614854529500008 48.910437539219856 123.12389970570803 98.980197347700596 187.37816429138184 43.254770502448082 56.758027210831642 13.771044842898847 17.968381851911545 56.034586027264595 92.963460743427277 108.15886645764112 48.12402580678463 29.352644741535187 10.852660141885279 56.530217342078686 14.762114197015761 35.982568979263306 20.202348254621029 140.5691004768014
leaf_count=97 442 1216 123 2626 427 347 906 656 1179 359 478 114 149 386 573 757 308 179 79 431 102 231 134 879
internal_value=7.86985e-05 0.00054877 -0.000914294 -6.44793e-05 0.00199997 0.000214636 -0.000779238 0.00196302 0.00176392 -0.0041378 -0.00244992 0.000212678 0.00519644 0.00106427 0.00188817 -0.00107238 0.00405711 0.00569226 -0.0031471 -0.00367259 0.00212658 0.000608066 0.00196886 0.00279896
internal_weight=1856.55 1672.78 822.343 598.085 255.661 190.046 172.034 850.434 832.508 183.777 131.752 74.9942 31.7394 645.13 466.174 178.956 170.44 122.316 224.258 213.406 70.7967 295.734 196.754 176.552
internal_count=13178 11636 6155 4429 1803 1376 1253 5481 5384 1542 1100 622 263 4205 2960 1245 1060 752 1726 1647 488 1900 1244 1110
is_linear=0
shrinkage=0.01


Tree=74
num_leaves=25
num_cat=0
split_feature=271 32 119 76 117 119 176 174 170 32 39 117 271 78 163 39 164 305 143 208 271 16 192 236
split_gain=34.9334 21.1652 16.8961 16.2578 16.2486 24.1131 16.6255 14.3253 13.4548 12.784 11.7431 11.3549 12.5167 12.4792 10.8653 12.5447 14.9851 10.8282 10.7507 11.2168 10.5618 12.0935 11.2642 10.8775
threshold=0.067822972005887092 0.0014214648260700896 0.63217769870756124 0.707009975630013 1.0820671424672716 -0.075432697267769369 12.713090103741697 57.483472222222225 2.160518944055529 0.0016992365706893964 0.048279561935770314 0.70584783778875149 0.1356211670607653 24.369912855316752 0.098476102516739786 0.078446455505279053 0.0037842985621813602 0.3932038834937141 0.0091116645911166472 1.5846308150047974 0.10352728260140931 0.95633505242794326 1.8418304100924601 0.2523372651813019
decision_type=2 2 8 8 8 10 2 10 10 2 2 10 2 2 10 2 10 2 8 2 2 2 10 2
left_child=3 2 4 -1 5 20 7 -6 -9 18 -7 -12 -13 -14 15 16 17 -4 19 -5 21 -2 23 -22
right_child=1 -3 14 9 6 10 -8 8 -10 -11 11 12 13 -15 -16 -17 -18 -19 -20 -21 22 -23 -24 -25
leaf_value=0.003534547904638067 -0.0015794276677782687 -0.0027748730580330182 -0.0051403913769020471 -0.006163927057723749 -0.0017270917814716184 0.0029095883117496372 6.944303634032038e-05 0.0029221027103857873 0.0094770126581755418 -0.0075795858795471615 -0.0042634162902736878 -0.0019004222876181291 0.0087867837124648938 -0.002423416491293687 0.007419963553611849 -0.004075965278917822 0.0083831646848035579 0.0012256909718365682 -0.00035746996663868795 -0.0016345848379724567 0.0010197751472119548 0.0072999629070140837 -0.0036371769805393088 0.0051716349957288115
leaf_weight=43.370881333947182 88.356816381216049 136.71388513594866 36.6267144754529 94.575366228818893 19.877075396478176 59.786207541823387 67.930481158196926 54.198383159935474 86.979036472737789 45.892893642187119 110.61407624930143 94.336908459663391 23.705798536539078 14.064338475465773 11.709912240505217 102.10345701128244 17.815086141228676 79.94458943605423 192.1461061835289 133.21404179930687 90.440934717655182 15.596862778067587 18.249181263148785 225.01342464238405
leaf_count=305 592 1142 281 725 124 418 440 353 539 394 813 683 152 96 84 759 125 613 1425 1039 557 100 117 1351
internal_value=7.56364e-05 0.000915892 0.0013367 -0.00214948 0.00193218 0.00120115 0.00424709 0.00597125 0.00707484 -0.00269907 -0.000962428 -0.00194291 4.14232e-05 0.00471006 -0.000979975 -0.00148325 0.000522863 -0.000840766 -0.00211596 -0.00357225 0.00269547 -7.90074e-05 0.00355614 0.00400419
internal_weight=1863.26 1354.06 1217.35 509.199 969.15 740.165 228.985 161.054 141.177 465.828 302.507 242.721 132.107 37.7701 248.2 236.49 134.386 116.571 419.936 227.789 437.657 103.954 333.704 315.454
internal_count=13227 9339 8197 3888 6335 4879 1456 1016 892 3583 2162 1744 931 248 1862 1778 1019 894 3189 1764 2717 692 2025 1908
is_linear=0
shrinkage=0.01


Tree=75
num_leaves=25
num_cat=0
split_feature=271 100 114 76 5 70 5 114 256 15 312 269 147 70 292 162 288 303 5 158 309 5 81 111
split_gain=33.7483 19.0726 19.6119 20.994 17.3444 16.8585 14.4655 13.6059 14.1593 13.9185 13.576 12.7838 12.7587 18.5243 16.8338 16.7249 15.0526 11.789 11.4596 11.071 10.8289 10.0986 15.3298 15.7159
threshold=0.11512896874504785 1.0534856865688547 0.71170873479357177 0.707009975630013 -2.8983711643309662 0.50979323915175256 -2.8712440139818409 0.97490369833359791 70.500000000000014 -1.4539238220645985 0.17657343479024254 1.558481532147743 0.18829810357007012 0.84000601126765584 0.0021175511861327889 0.0030698406415802025 0.012684141627192953 -0.0020639856862912152 -2.8943022876294049 0.31985617181846382 -0.014151147821650832 -2.1533503183451033 1.0487190210193176 2.8794257349984549
decision_type=2 10 8 10 2 10 2 8 2 2 2 2 10 10 2 10 2 2 2 10 2 2 8 10
left_child=1 2 3 5 -2 19 -6 9 11 17 21 -9 13 16 15 -14 -8 -3 -10 -1 -7 22 23 -4
right_child=4 7 10 -5 6 20 12 8 18 -11 -12 -13 14 -15 -16 -17 -18 -19 -20 -21 -22 -23 -24 -25
leaf_value=0.0032563382882263791 -0.0024874174081175116 0.0072608512721932632 0.0022855196818322211 -0.0029760991725738014 0.0053428608745519973 -0.00028379546066885272 -0.0033459143989439835 -0.0052640754174709935 -0.0038032171386001459 -0.0057135626713890357 0.0098127013133790259 0.0054108314172826742 -0.002100758253290582 0.0039477131738281223 0.0057036562495851586 0.0048160956915571764 0.0057800988081130053 -0.0029012663514273859 0.005573412631574474 -0.003531952691016603 0.010477127015002901 -0.0010996506718355266 0.0087465579837986591 -0.0067822547935650146
leaf_weight=39.27259673923254 83.298893816769123 13.997041411697863 161.75111543387175 318.17476160824299 123.04682609438896 13.417853429913519 135.34149304032326 58.69275563955307 15.540367163717745 178.26159242540598 16.008058935403824 11.20726692676544 86.209880590438843 69.311533771455288 120.32833900302649 54.700290985405445 18.094700023531914 32.579019673168659 44.741236664354801 53.076704293489456 25.724401392042637 130.55148203670979 29.669923141598701 18.812962032854557
leaf_count=264 673 107 1109 2410 704 89 916 453 129 1419 114 86 564 462 762 337 114 260 313 382 167 978 202 135
internal_value=-2.18809e-05 -0.00106242 -0.000207734 -0.00159351 0.00172454 0.00173667 0.00231307 -0.00298403 -0.000387974 -0.00445912 0.00153473 -0.00339419 0.00151403 -0.00024151 0.00300123 0.000619393 -0.00217772 0.00037402 0.00307778 -0.000623513 0.00699462 0.00106505 0.00241076 0.00124483
internal_weight=1851.81 1161.48 806.46 449.666 690.332 131.492 607.033 355.019 130.182 224.838 356.794 69.9 483.986 222.748 261.239 140.91 153.436 46.5761 60.2816 92.3493 39.1423 340.785 210.234 180.564
internal_count=13149 8617 5850 3312 4532 902 3859 2767 981 1786 2538 539 3155 1492 1663 901 1030 367 442 646 256 2424 1446 1244
is_linear=0
shrinkage=0.01


Tree=76
num_leaves=25
num_cat=0
split_feature=5 5 122 116 108 120 122 231 224 204 151 20 5 116 297 73 5 224 158 115 244 267 220 271
split_gain=31.9251 41.1754 21.5341 26.1233 17.286 17.2473 14.2069 13.103 11.357 13.4589 13.1224 14.8993 11.2575 11.2541 10.6735 10.4574 10.386 12.8187 10.113 10.3421 12.541 10.091 10.5975 13.1612
threshold=-2.8996003220412478 -2.8712440139818409 0.33021466004435446 0.32527398595925777 0.50140856581222448 0.56902338150885712 0.5767611239695638 -0.35224223740524069 2.4753016317574028 0.26336189310485519 0.040742425732834951 -0.110682901118053 -2.8097859508993595 -0.40392471570039429 -0.023807576040887558 358.91187878025238 -2.8935132521978844 1.2023319222741375 0.34006802721088442 -0.70196942235650617 0.023194444444444448 1.4365785872673997 0.34383267195767203 0.11280480945716111
decision_type=2 2 10 8 10 8 10 2 2 2 10 10 2 8 2 2 2 2 10 10 2 2 2 2
left_child=-1 8 4 -4 5 21 -5 -6 9 16 11 13 -7 -11 -9 -10 -2 -18 19 -14 -21 22 23 -3
right_child=1 2 3 6 7 12 -8 14 15 10 -12 -13 18 -15 -16 -17 17 -19 -20 20 -22 -23 -24 -25
leaf_value=-0.0035209330871671905 -0.0048093326310932154 0.00073588143890662499 -0.0032454173883579478 0.0053640030880135253 0.0060647636695935194 -0.0062018755164374908 -0.00030542551932450111 -0.0019348382988552215 -0.0034280747386585186 0.0042446153030006855 0.015257252612967944 -0.0029486069091180086 -0.00035724229941540108 0.013541150930541495 0.0030795085421236185 0.0049154591955475752 0.0091646869780598692 0.00049241139648941075 -0.0041252487391436731 0.011704590781221609 -0.0011029769541415308 -0.0018765883051523027 -0.0019073078449281559 0.011429463841690118
leaf_weight=227.20075907558203 13.562333546578882 18.208099022507668 371.24777642637491 51.877361200749874 88.552541352808475 36.108133658766747 227.24376793950796 61.628948718309402 30.460452325642109 39.743066117167473 18.876261845231056 14.036930397152899 260.59380207955837 20.716880351305008 122.35164935141802 24.509385585784912 26.367090597748756 42.40040422976017 60.930308394134045 13.632059670984747 13.188139438629149 21.455693006515503 12.885594606399534 31.649809554219246
leaf_count=1896 87 122 2888 336 553 245 1697 400 204 225 118 82 1769 117 790 159 152 260 437 94 95 139 82 189
internal_value=-3.37803e-05 0.000459291 -0.000191692 -0.00151688 0.000971115 -0.000194116 0.00078813 0.00295987 0.0043453 0.00556954 0.00813114 0.00581839 -0.00109899 0.00791076 0.00139054 0.000333308 0.0024782 0.00406331 -0.000521281 0.000272154 0.00587021 0.00382694 0.00578952 0.0077935
internal_weight=1849.43 1622.23 1391.55 650.369 741.185 468.652 279.121 272.533 230.673 175.703 93.3731 74.4969 384.452 60.4599 183.981 54.9698 82.3298 68.7675 348.344 287.414 26.8202 84.1992 62.7435 49.8579
internal_count=13136 11240 9836 4921 4915 3172 2033 1743 1404 1041 542 424 2640 342 1190 363 499 412 2395 1958 189 532 393 311
is_linear=0
shrinkage=0.01


Tree=77
num_leaves=25
num_cat=0
split_feature=5 5 153 116 70 181 81 150 22 223 8 28 232 303 280 150 161 282 69 40 149 79 79 213
split_gain=31.9153 41.6873 21.7648 15.0433 14.0123 13.2796 13.2008 15.5549 20.4485 16.8729 14.4862 14.2917 13.6399 12.4858 12.4299 13.3735 12.3658 12.3334 11.7837 10.8176 10.8042 10.5214 12.1298 10.8254
threshold=-2.8983711643309662 -2.8712440139818409 0.014947716507283942 0.27407828562849151 0.75486664027919093 0.054460838240686822 1.3887417712346466 0.048826334128002941 0.11730539456299779 -0.4682810027074164 -0.73214629002134168 0.26987638713302436 3.0249536889873818 0.0014028832477592083 0.10059466276884328 0.16650732950924158 0.017033365570599614 0.013013483870797156 -0.038502371954110222 0.0043501916071344094 0.14299530256977069 103.22663011641714 140.54373163793471 -0.37386284311343115
decision_type=2 2 10 8 8 2 10 8 10 2 2 2 2 2 2 10 10 10 10 2 10 2 2 2
left_child=-1 5 6 -4 -5 -2 7 16 11 10 -10 18 -8 -11 15 -15 17 19 -9 -3 -6 23 -23 -19
right_child=1 2 3 4 20 -7 12 8 9 13 -12 -13 -14 14 -16 -17 -18 21 -20 -21 -22 22 -24 -25
leaf_value=-0.0032641247692626026 0.011032659998729565 0.0018550961060360346 -0.0055778644910266552 -0.0060872697250420405 -0.0030770242428544863 0.0036121153948795869 0.0014600323695280006 -0.0036102860059986129 0.011213602742330929 -0.00071671122620417917 -0.0014607288881400768 0.0053519060373836838 0.01372008618574822 0.0085689753423778825 -0.001619864876045766 -0.0023180896941263781 0.0070972746528872614 -0.0011922519177129502 0.0055798506785526541 -0.0028138000455322459 0.0031393549898671592 -0.0044942835767241666 0.0034507304612442021 0.0085214420953419762
leaf_weight=241.20424983650446 26.30780141055584 103.03770163655281 101.85703291743994 33.270189709961414 39.868996620178223 193.38549799472094 25.213699221611023 259.75695887207985 24.282429873943329 305.3718684092164 12.421633072197436 18.721320740878582 12.285740196704863 45.122766926884651 29.953812532126904 13.223291903734205 39.451044969260693 13.619120195508001 12.178136490285395 90.504987701773643 78.291336961090565 24.579136066138744 61.596589431166649 49.918316721916199
leaf_count=2003 156 683 817 264 306 1161 173 1945 154 2146 83 139 82 299 210 98 243 86 91 588 584 161 397 311
internal_value=0.000106272 0.000615366 -2.52545e-05 -0.0026609 -0.000625728 0.00463473 0.000563973 0.0003567 -0.000507362 0.000873829 0.0071019 -0.0025446 0.00618501 0.000243891 0.00349588 0.006092 0.00197899 0.00133439 -0.00314162 -0.000332161 0.00101052 0.00346154 0.00110219 0.00646219
internal_weight=1855.42 1614.22 1394.53 253.288 151.431 219.693 1141.24 1103.74 721.032 430.376 36.7041 290.656 37.4994 393.672 88.2999 58.3461 382.707 343.256 271.935 193.543 118.16 149.713 86.1757 63.5374
internal_count=13180 11177 9860 1971 1154 1317 7889 7634 5165 2990 237 2175 255 2753 607 397 2469 2226 2036 1271 890 955 558 397
is_linear=0
shrinkage=0.01


Tree=78
num_leaves=25
num_cat=0
split_feature=123 5 109 152 5 161 245 109 123 128 315 161 107 20 157 299 143 156 5 142 113 83 315 72
split_gain=33.3212 24.535 20.2157 19.0254 16.3003 15.6181 13.1763 19.4423 17.4643 15.7064 13.2498 13.1404 13.0519 12.6208 12.5261 12.1867 18.6788 12.1688 11.7323 12.5808 11.669 11.276 10.8984 10.8059
threshold=1.3037559528709568 -2.8935132521978844 1.2469916402469974 0.12185120558375635 -2.8712440139818409 0.039378693637037172 -0.39291426386150796 1.0339124374110222 -0.10896092029255984 0.3306239306717193 -0.15684355636338113 0.060361093038386472 0.79206313013225027 0.87176692953302937 0.055867665418227221 -0.04770368072787428 0.012454595985057071 0.0067570652422042649 -1.797341203751688 0.00092850590726320959 -0.024889646220269863 2.3561597536457959 -0.27643277852740555 32.043712743528786
decision_type=8 2 10 8 2 8 2 10 10 10 2 10 10 10 8 2 10 8 2 2 8 10 2 2
left_child=1 -1 13 12 -3 6 7 8 10 -9 22 -7 17 15 -5 16 -2 -4 19 20 -19 -14 -6 -21
right_child=2 4 3 14 5 11 -8 9 -10 -11 -12 -13 21 -15 -16 -17 -18 18 -20 23 -22 -23 -24 -25
leaf_value=-0.0025693206864206429 -0.0049696392742981585 0.0053888484806662107 0.0087567032832205974 0.0048353516772403826 0.0024130765977027594 0.0098282329703999315 -0.0018323030498256904 -0.0007519456853098969 -0.00047655015080591898 0.0073147864622635315 -0.0012292766552073635 0.00052648568928911465 0.00095144083149926941 0.0058495975321556509 -0.00420733801870086 -0.0050154372472480903 0.0057348354621783518 -0.0013060708114786246 -0.0042414107385587057 -0.00094136398476323728 0.0066072495031994421 0.010778831078321767 0.013693814591126143 0.0056781963485057919
leaf_weight=125.40345491468906 31.631375201046467 127.6053541302681 13.113387249410151 14.666330397129057 17.061312064528465 36.147316083312035 127.92344093322754 31.95181268453598 285.21214560419321 87.591109350323677 18.145423501729965 25.822277843952179 25.839683845639229 11.459214016795157 140.84695326536894 208.7102123349905 28.079885922372341 26.552627488970757 57.447920493781567 297.31870371848345 52.580284051597118 19.838759765028954 18.71481192111969 24.01789415627718
leaf_count=979 249 730 92 111 98 225 883 207 1926 542 115 163 185 89 1118 1665 220 194 426 2184 361 133 106 160
internal_value=0.000114097 0.00148999 -0.00118829 -0.000242028 0.00215412 0.00149541 0.000973524 0.00176471 0.000523778 0.00518302 0.00559178 0.0061608 0.000682293 -0.00343218 -0.00327671 -0.00388926 7.99357e-05 0.000170345 -0.000125816 0.00048778 0.0039864 0.00562158 0.00891349 -0.00039806
internal_weight=1853.68 901.578 952.103 672.223 776.175 648.57 586.6 458.677 339.134 119.543 53.9215 61.9696 516.709 279.881 155.513 268.421 59.7113 471.031 457.917 400.47 79.1329 45.6784 35.7761 321.337
internal_count=13161 5974 7187 4964 4995 4265 3877 2994 2245 749 319 388 3735 2223 1229 2134 469 3417 3325 2899 555 318 204 2344
is_linear=0
shrinkage=0.01


Tree=79
num_leaves=25
num_cat=0
split_feature=5 5 153 109 152 117 21 81 28 181 109 99 262 114 60 16 308 213 320 33 194 28 124 111
split_gain=31.0048 37.2707 22.7467 30.1103 20.1911 24.2911 18.4325 17.3328 16.4197 15.3942 11.6621 13.2828 11.1832 12.6969 12.7711 11.89 11.7525 10.6304 10.6218 10.1453 9.77818 14.1765 9.7059 9.64828
threshold=-2.8983711643309662 -2.8773415074710829 0.014947716507283942 1.7588197241736621 0.015408357075023743 0.76879888202839075 -0.54092595573357727 0.27787319880783828 0.21584272089665915 0.054460838240686822 2.4357253669081698 1.2242135538382042 1.0202925994437153 0.71394917729120377 -81.572330337420382 1.2012737458076244 0.0063855554299236299 -0.37386284311343115 -0.06598186101399911 0.029609009711065823 0.13025804171085192 0.23215296877527911 7.5000000000000009 1.2675073238356072
decision_type=2 2 10 10 10 10 10 10 2 2 10 10 8 10 2 2 2 2 2 2 10 2 2 8
left_child=19 9 3 4 5 6 7 -3 -7 -2 20 -12 13 -6 15 -15 -16 -8 -5 -1 -4 -22 23 -11
right_child=1 2 10 18 12 8 17 -9 -10 22 11 -13 -14 14 16 -17 -18 -19 -20 -21 21 -23 -24 -25
leaf_value=-0.0057192332244401243 0.011378214287109271 0.00096085000618397159 -0.004167068060933669 0.0072318700971300736 -0.0043538352865124781 -0.00082080751699704815 -0.0043516528485685628 0.0092663727010965907 0.0059772984739944217 0.0056957846239814262 0.0086093120730338663 -0.0043763075397373489 0.0060716494003015768 -0.00067555446100867696 -0.0023913228259661921 0.010564770975729703 0.006906198673361107 -0.00029065544648271843 0.00093610497229882912 -0.0015109594514141967 -0.004893725034479034 0.0087605406482471788 0.0054243406735499378 -0.0013726840632287301
leaf_weight=96.495631985366344 25.813911601901054 148.8870527818799 202.66671134531498 81.879295729100704 151.48129576444626 47.090258546173573 95.736535243690014 27.707420699298382 131.67741497606039 25.008290469646454 15.685383498668672 11.251794993877409 14.483406111598013 18.519259937107563 165.36197569221258 15.345195226371287 12.010565906763075 189.28248273581266 41.146929867565632 144.44702811539173 12.17308320105076 12.761011697351931 99.447074756026268 60.189478278160095
leaf_count=816 151 947 1596 535 1169 312 677 163 845 149 112 88 106 129 1195 107 84 1331 274 1192 93 96 578 377
internal_value=7.53054e-05 0.000579417 -1.50334e-05 0.000588839 1.70794e-05 0.00109776 -0.000118308 0.00239566 0.00419618 0.00447253 -0.0027016 0.00325118 -0.00180944 -0.00217162 -0.000565004 0.00481372 -0.00165722 -0.00168771 0.00520288 -0.00324748 -0.00344191 0.00223927 0.00334396 0.000807488
internal_weight=1846.55 1605.61 1395.15 1140.61 1017.58 640.381 461.613 176.594 178.768 210.459 254.538 26.9372 377.202 362.718 211.237 33.8645 177.373 285.019 123.026 240.943 227.601 24.9341 184.645 85.1978
internal_count=13122 11114 9859 7874 7065 4275 3118 1110 1157 1255 1985 200 2790 2684 1515 236 1279 2008 809 2008 1785 189 1104 526
is_linear=0
shrinkage=0.01


Tree=80
num_leaves=25
num_cat=0
split_feature=46 119 11 21 83 157 193 83 123 108 123 257 79 238 269 131 108 136 163 83 271 125 24 78
split_gain=33.2933 30.5956 17.7748 12.7153 18.6345 14.0781 12.5726 12.0072 19.7052 16.7351 13.4863 14.8667 13.1388 11.3336 11.2363 11.1524 11.1082 11.5235 13.8333 15.7271 11.0201 10.8693 9.87947 12.5424
threshold=1.0000000180025095e-35 0.066678879847630601 0.56191740169546167 0.49940567425323357 1.8907153206344878 0.19707673135125517 0.50206611570247939 1.3625585365090829 -0.10896092029255984 0.48562350951833988 0.41154969861054841 104.50000000000001 60.038707574315097 -0.30501822155981034 1.5850060216780413 1.2340838141068236 1.3790018892373621 0.23489471937458517 0.010113796189745559 2.1557471167546089 0.16202555867068999 0.6215373549683193 -0.27885862737157652 156.32102346711994
decision_type=2 8 10 10 8 8 8 10 8 10 10 2 2 2 2 8 10 2 8 8 2 8 2 2
left_child=1 7 3 4 -3 14 -6 8 15 10 11 12 -10 -4 20 -1 17 18 19 -8 -5 -11 -20 -24
right_child=-2 2 13 5 6 -7 16 -9 9 21 -12 -13 -14 -15 -16 -17 -18 -19 22 -21 -22 -23 23 -25
leaf_value=0.010417663243343261 -0.0036225496559121341 -0.0015274323601867027 -0.0061973633958189236 -0.0023188768776831372 0.0083049657389603973 -0.0065534388794483691 0.0029674110276846199 0.0035279408710973017 -0.001388663748695601 0.011980252977719038 -0.0039385300617547523 -0.0021222619684059542 0.0094716284892466789 -0.0009222574532666511 0.0070872241690653247 0.0022672753185766243 0.0074425416936242028 0.0042109626491889018 0.0091908437058770796 -0.0040661397490273574 0.0061831113617374705 0 -0.0011716286632009166 0.0075051824265880782
leaf_weight=24.042714133858681 219.55562700331211 222.75742845982313 80.516054436564445 142.94354858249426 27.45032711327076 49.997418291866779 42.579354465007782 326.95411517471075 16.87519146502018 13.268201872706411 111.79788150638342 61.111558765172958 25.950242400169373 82.947479054331779 14.233148485422133 51.914926201105118 26.593637108802795 80.462884478271008 16.730980321764946 104.75050409138203 14.23676075786352 14.415973737835886 59.491008885204792 19.932748362421989
leaf_count=131 1852 1649 637 1109 185 398 306 2004 111 84 770 383 162 647 111 309 173 566 107 746 98 92 396 129
internal_value=7.00564e-06 0.000501373 -0.000606521 -2.17498e-06 0.000752026 -0.00203664 0.00209938 0.00218768 0.000793473 -0.000603163 -0.0015689 0.00100745 0.00534986 -0.00358812 -0.000628048 0.00514245 0.00154772 0.00100023 -9.30255e-05 -0.00200899 -0.0014464 0.00633517 0.00280585 0.00117764
internal_weight=1851.51 1631.95 985.623 822.16 600.749 221.411 377.991 646.331 319.377 243.419 215.735 103.937 42.8254 163.464 171.413 75.9576 350.541 323.947 243.485 147.33 157.18 27.6842 96.1547 79.4238
internal_count=13155 11303 7257 5973 4257 1716 2608 4046 2042 1602 1426 656 273 1284 1318 440 2423 2250 1684 1052 1207 176 632 525
is_linear=0
shrinkage=0.01


Tree=81
num_leaves=25
num_cat=0
split_feature=46 21 109 150 109 114 73 160 255 57 323 20 315 11 58 291 89 96 244 171 205 74 257 308
split_gain=28.4209 27.7757 20.3152 25.7284 19.1771 16.6266 15.1817 15.146 14.8237 14.6969 16.369 15.0813 14.0846 13.5159 13.1525 13.3682 12.1845 11.4738 10.7604 12.3725 15.6874 10.7537 10.5538 11.1548
threshold=1.0000000180025095e-35 0.23707008905035606 1.2469916402469974 0.048826334128002941 1.9359330962660362 0.98786052091688303 261.07690684314315 0.059691595075022773 121.50000000000001 -0.32583800853133932 389.50000000000006 0.26923759389569846 -0.10203041346183468 0.42688044561694866 0.70708538123401998 1.2105433920010051 3.1181697342288239 -0.53582249611940713 0.011527777777777781 12.502149773667755 -0.22650469469389506 360.50000000000006 19.500000000000004 0.0024451945961402413
decision_type=2 10 10 10 10 8 2 10 2 10 2 10 2 10 8 2 10 8 2 10 2 2 2 2
left_child=1 2 3 12 14 7 -6 22 -9 10 -4 -11 16 -8 15 -3 -1 -14 -13 -20 -21 -10 -5 -24
right_child=-2 4 9 5 6 -7 13 8 21 11 -12 18 17 -15 -16 -17 -18 -19 19 20 -22 -23 23 -25
leaf_value=0.0033054615115777476 -0.003182180989456081 -0.0038637041615323924 0.0025113062077864994 0.0038461444798887487 -0.001360993325977281 0.0075300306337933148 0.0069790156927517465 -0.0017056614393525303 0.010013236531338872 0.0003889848390802296 0.012631693562687262 0.0012532690017369558 -0.0045531725608687571 -0.0023836510553804065 -0.0031487986690549048 0.0091738549991147254 -0.0036886971069692164 0.0034705579954937599 0.010878642614401314 -0.0019432916611115004 0.0099566254645788461 -0.0012794112774861112 -0.0069285599194293754 -0.00043525051937940513
leaf_weight=358.6554115191102 218.75870455056429 11.376648947596552 34.130128957331181 11.914725057780741 84.425957940518856 15.613894008100031 58.310397945344448 102.47514479607344 19.39823712408543 162.94210675358772 31.10311321169138 52.671565197408199 49.616003647446632 18.827719144523144 325.63155546039343 15.691117286682127 24.311252847313881 24.362777076661587 40.717302948236465 25.521221958100796 15.664641052484511 12.413124091923235 100.02508199214935 36.611105524003506
leaf_count=2220 1850 85 206 89 629 109 401 748 135 1067 183 334 334 146 2540 114 160 173 251 167 101 88 748 271
internal_value=0.000178157 0.000633838 0.00151774 0.000577216 -0.00128383 -0.00169482 0.001547 -0.00227742 0.000156877 0.00345384 0.00767726 0.00246061 0.00206468 0.00467767 -0.00258541 0.00381383 0.00283496 -0.00186701 0.00490167 0.00711537 0.00291014 0.0058339 -0.0044463 -0.00524024
internal_weight=1851.17 1632.41 1118.15 755.397 514.263 298.451 161.564 282.837 134.287 362.75 65.2332 297.517 456.945 77.1381 352.699 27.0678 382.967 73.9788 134.575 81.9032 41.1859 31.8114 148.551 136.636
internal_count=13149 11299 7384 5075 3915 2188 1176 2079 971 2309 389 1920 2887 547 2739 199 2380 507 853 519 268 223 1108 1019
is_linear=0
shrinkage=0.01


Tree=82
num_leaves=25
num_cat=0
split_feature=271 147 22 5 5 30 71 97 36 122 7 177 71 313 281 305 34 121 308 133 126 305 308 169
split_gain=31.536 17.3898 19.9763 15.8588 16.264 14.0547 12.1272 11.3896 10.8415 13.0422 12.7974 12.7641 10.3505 10.1813 11.5292 13.343 17.6749 14.4855 12.2754 12.5684 10.5619 11.4784 10.4296 10.3193
threshold=0.10952046704805242 0.14913119318372417 0.08797565370076145 -2.8983711643309662 -2.8712440139818409 0.0035917393220739851 1.1266305412555109 0.14522161666337727 0.0082713042526407991 1.0000000180025095e-35 -0.97943195425907892 7.3919676037477355 2.9913326147244166 0.021083160337037502 4.6285155549632178 0.35588603862500745 0.15132727774033458 -0.72089224167704191 0.0014800628946271489 0.041047839619635818 0.63801392325624129 0.44584449929138631 -0.00010701331492734589 24.500000000000004
decision_type=2 8 10 2 2 2 10 8 2 10 2 10 8 2 2 2 2 10 2 2 10 2 2 2
left_child=1 12 5 -2 -5 7 -4 -3 -8 -10 -11 -12 -1 14 15 -6 -17 18 19 -18 21 -15 -23 -22
right_child=3 2 6 4 13 -7 8 -9 9 10 11 -13 -14 20 -16 16 17 -19 -20 -21 23 22 -24 -25
leaf_value=-0.0032663774862728618 -0.0022164300064441379 -0.0006109604968256335 -0.0049701756109795979 0.0052460237806462506 -0.0019637698151011964 -0.0031780793292781402 0.0093249637749996863 0.0055126171836108349 0.0072781691759729655 -0.0018045232074320556 0.0060206943513013257 -0.0016955791884764749 0.00077193119656723428 0.0025608582811198102 -0.0022145248629625528 -0.00099405493167273079 0.014111193929295714 0.00086773473927754283 0.00070855749306297344 0.0024333878020803782 -0.0048652954193299435 0.0015332998107781776 0.0122258658102122 0.0031655231637184077
leaf_weight=356.83507695049047 91.75749796628952 153.50875419378281 19.097948782145977 134.1896814852953 71.372987106442451 205.0995761603117 20.673058211803436 34.847869656980038 36.859442748129368 86.816971175372601 61.12534948438406 30.417781747877598 75.437275677919388 87.457339212298393 114.30446203052998 64.117528632283211 33.12761377543211 41.736389450728893 16.223682314157486 14.533868238329886 24.948401510715485 14.562179036438463 28.036167941987514 34.849281139671803
leaf_count=2847 754 1096 138 759 466 1561 148 249 223 618 429 218 568 553 762 433 202 286 100 86 169 93 178 232
internal_value=8.84853e-05 -0.00101233 2.37564e-05 0.00163043 0.00215848 -0.00138435 0.00219172 0.000581743 0.00282802 0.00208598 0.000910135 0.00347217 -0.00255888 0.00137355 0.000363708 0.00160167 0.00311439 0.00557846 0.0084729 0.0109073 0.00322555 0.00479651 0.00891721 -0.000237601
internal_weight=1851.94 1080.72 648.447 771.217 679.46 393.456 254.991 188.357 235.893 215.22 178.36 91.5431 432.272 545.27 355.417 241.112 169.739 105.622 63.8852 47.6615 189.853 130.056 42.5983 59.7977
internal_count=13168 8095 4680 5073 4319 2906 1774 1345 1636 1488 1265 647 3415 3560 2335 1573 1107 674 388 288 1225 824 271 401
is_linear=0
shrinkage=0.01


Tree=83
num_leaves=25
num_cat=0
split_feature=271 153 109 162 107 106 119 69 161 39 271 294 229 279 79 118 11 302 313 284 107 161 107 119
split_gain=26.8444 16.3885 25.6934 16.3013 16.8949 19.418 12.5667 17.062 11.8555 11.5256 16.0577 14.7895 11.4475 12.5996 12.6503 12.8456 11.1429 11.125 11.0096 10.8764 10.689 10.2819 10.1536 11.9185
threshold=0.10952046704805242 0.015611460138648182 1.6710350872666908 0.031796582751996767 0.13016598671795385 0.53091268967960248 0.53403725152827974 -0.043654439088875167 0.090109422727448499 0.079184234541233023 0.190819817369449 -0.10687645153737534 -0.10752796517515466 0.038531414115433045 310.60944920557233 95.500000000000014 0.63725441079349976 0.0072700845665961975 -0.069730534128262342 0.032259333888766235 0.41956212682886801 0.059632253711201087 -0.41523098852828622 0.079141622833917555
decision_type=2 10 10 10 10 10 10 10 8 2 2 2 2 10 2 2 8 2 2 10 10 10 10 8
left_child=1 2 6 4 -4 -6 7 16 19 12 11 -11 13 14 18 -16 17 20 -2 -8 -1 -9 -19 -24
right_child=9 -3 3 -5 5 -7 8 21 -10 10 -12 -13 -14 -15 15 -17 -18 22 -20 -21 -22 -23 23 -25
leaf_value=-0.0018459067143645478 0.0006177159023991565 -0.0032253499068990374 0.00047180388241693517 -0.0040753163119564102 -0.00084657660400369876 0.012645954407794001 -0.0019794924239909372 0.011321242395796077 0.0055385853495790241 0.0051710108993301062 0.004082973818517994 -0.0013171192915902115 -0.0012684103643158143 0.00030736683171431032 -0.0021881009728737695 0.0064376003665325377 -0.0041119313086370292 -0.00035968247242657128 0.0081042384837479962 -0.007638741213455532 0.0050820058577922475 -2.2500672617214568e-05 0.0077634314907014295 0.00013910635169681539
leaf_weight=270.244470089674 24.814993366599083 244.11583656072617 35.52899244427681 17.491208985447884 13.560701802372931 40.05612463504076 90.811180651187897 16.780753634870056 11.053273864090441 36.748935632407665 90.446412771940231 308.88017235696316 54.263584315776825 80.514483392238617 39.940294645726681 26.192462146282196 78.33478818833828 93.979743659496307 108.42347628623247 55.052578568458557 21.459301382303238 13.161697342991827 43.972015075385571 37.156834177672863
leaf_count=1948 157 1980 253 119 95 266 724 113 82 246 562 2120 355 526 266 163 586 701 670 449 142 89 287 278
internal_value=5.30812e-05 -0.000960582 -0.000291481 0.00422752 0.00594313 0.00934464 -0.000964969 -0.00027241 -0.00344686 0.00147766 0.000398782 -0.000587844 0.0028674 0.00367751 0.00501008 0.00133796 -0.000692004 -9.45647e-05 0.00675933 -0.00422734 -0.00128873 0.00673418 0.00187787 0.00440637
internal_weight=1852.98 1082.76 838.644 106.637 89.1458 53.6168 732.007 575.09 156.917 770.225 436.076 345.629 334.149 279.886 199.371 66.1328 545.147 466.812 133.238 145.864 291.704 29.9425 175.109 81.1288
internal_count=13177 8112 6132 733 614 361 5399 4144 1255 5065 2928 2366 2137 1782 1256 429 3942 3356 827 1173 2090 202 1266 565
is_linear=0
shrinkage=0.01


Tree=84
num_leaves=25
num_cat=0
split_feature=153 109 123 71 84 76 183 71 303 308 109 122 125 65 29 291 162 88 303 122 107 122 137 29
split_gain=27.3749 26.1307 20.986 21.5515 19.5627 18.66 17.0093 15.2072 14.2652 13.533 15.0776 18.3337 13.3266 12.2821 11.1236 10.6185 10.5223 10.257 9.59891 9.43655 9.31803 11.2048 9.19265 9.18544
threshold=0.014947716507283942 1.8444239670791003 1.0218350804739009 1.459563809681933 20.359376455999087 0.69976979116964266 -0.82105746925812728 2.9913326147244166 0.0010238490092967512 0.0020336052294024107 1.1744431469712573 0.57149221624314694 0.76764386320717459 2.7487325202582356 0.29048949188613998 0.33032233232891334 0.0041710160055671549 0.76702385282558827 1.0000000180025095e-35 0.029165055460179602 0.25521975655414714 0.68638135509489984 0.12015077818717065 0.25541372348669961
decision_type=10 10 8 10 2 8 10 10 2 2 10 10 10 10 2 2 10 8 2 8 10 10 2 2
left_child=1 2 4 15 13 -5 14 22 23 -8 -11 12 -12 -1 17 -4 -6 -7 -16 -19 -3 -22 -2 -9
right_child=7 20 3 5 16 6 9 8 -10 10 11 -13 -14 -15 18 -17 -18 19 -20 -21 21 -23 -24 -25
leaf_value=0.0013066918962046164 0.0025983582246014519 0.0015085139370970624 0.0023832395140497243 0.007782950678419112 0.0034100878020245176 0.012408829955084867 -0.0020084912476528226 -0.006263244587664394 0.0079447766074006616 -0.0031753109490024749 0.0017226093570323212 -0.0018969855596254754 0.013453055551309528 -0.0052052521506095488 0.0030678519285197992 -0.0045608734978809067 0.011321063084850834 -0.0025442529104416217 -0.0067531447748152311 0.0066766482739625569 0.010832506597161649 0.0022138996710234374 -0.0043164566389974884 0.0012787669497448884
leaf_weight=555.34136859327555 18.970077782869339 42.162391901016235 23.288005873560905 27.692999340593815 54.957937598228455 16.015292249619961 344.21467936784029 20.924013040959835 19.829179018735886 32.391105033457279 17.442175842821598 23.656067982316017 22.771447718143463 27.72679415345192 22.997058697044849 167.70691886544228 24.769731029868126 16.181835442781448 13.347294546663759 25.199253343045712 39.840132139623165 26.597023122012615 223.52011965960264 47.788943573832512
leaf_count=3650 153 280 177 185 331 114 2508 156 143 252 120 180 147 190 164 1315 137 111 100 189 241 184 1811 350
internal_value=0.000130292 0.000697705 0.000329258 -0.000810948 0.00162393 0.000178281 -0.000253131 -0.00246315 0.00105059 -0.00108206 0.00218314 0.00493529 0.0088379 0.00097157 0.00354871 -0.00368645 0.00618501 0.00618876 -0.000741157 0.0031162 0.00536089 0.00762901 -0.00374757 -0.00116122
internal_weight=1855.33 1524.3 1415.7 752.904 662.796 561.909 534.216 331.032 88.5421 440.475 96.2608 63.8697 40.2136 583.068 93.7407 190.995 79.7277 57.3964 36.3444 41.3811 108.6 66.4372 242.49 68.713
internal_count=13188 10575 9870 5562 4308 4070 3885 2613 649 3207 699 447 267 3840 678 1492 468 414 264 300 705 425 1964 506
is_linear=0
shrinkage=0.01


Tree=85
num_leaves=25
num_cat=0
split_feature=271 147 109 46 310 158 149 117 294 257 36 2 160 304 144 158 158 255 145 148 126 255 310 114
split_gain=28.2309 14.4783 19.709 13.1984 11.7273 12.6353 11.461 12.1951 11.4158 14.0597 11.1104 9.71687 13.4525 10.9711 11.8371 10.852 10.7911 10.3304 9.54934 15.4936 11.6272 10.4601 11.3406 9.89217
threshold=0.11102039330474796 0.14913119318372417 1.1685457581177501 1.0000000180025095e-35 -0.25528681718108154 0.32077558857906169 0.26988996007400917 1.4677183021868496 0.0048641978215148715 141.50000000000003 0.024247715455959624 0.66621357149836669 0.035912789805005375 -0.061030612578617242 0.08493649031939822 0.33700897505072697 0.35160542582417592 89.500000000000014 0.039615500011539621 0.24154922871833939 0.48010012924984397 31.500000000000004 -0.29470363078455702 0.9317549119900127
decision_type=2 8 10 2 2 8 10 8 2 2 2 10 10 2 10 8 10 2 10 10 10 2 2 10
left_child=1 6 11 4 5 18 7 8 9 -1 -9 12 15 -13 -15 -3 -14 -16 20 21 -2 -20 23 -23
right_child=3 2 -4 -5 -6 -7 -8 10 -10 -11 -12 13 16 14 17 -17 -18 -19 19 -21 -22 22 -24 -25
leaf_value=-0.0033231126646633344 0.0069171931840661749 0.0011480339141362304 0.0020370505036773181 -0.0022323830028149094 0.00029835042192006579 -0.0014631580078726661 0.0034006234120813341 -0.0017476678407331379 -0.0062948352955919541 0.0056047627901271322 0.005325564593162694 0.0029090421876918271 0.012157915378939737 -0.0042302418351078718 0.0061074521549376775 -0.0059462603083995568 0.0011814200704445086 -0.00384576719634591 -0.0034927607136787998 0.012514913080216719 -0.0033979467798026198 0.0024499359448084085 0.0097807899259260856 0.0080241127707085733
leaf_weight=117.4219676181674 12.49018334597349 61.437734983861446 267.12524434179068 80.628077179193497 256.35490548610687 52.857192777097225 29.353773660957813 125.45873595774174 124.10140690207481 17.960724726319313 24.006925977766514 30.219423286616802 12.852955259382723 199.13212829083204 20.87027832120657 29.691524527966976 23.043546609580517 15.941701263189314 16.950776360929012 19.259169161319733 35.16921641677618 211.09371553361416 29.725998155772686 36.274401783943176
leaf_count=939 85 431 1851 672 1681 352 222 971 1018 141 181 222 86 1528 147 220 164 115 111 121 241 1264 178 215
internal_value=3.59092e-05 -0.000984005 -4.51418e-05 0.00152773 0.00198912 0.00302492 -0.00238674 -0.00282519 -0.00412519 -0.00204054 -0.000526812 -0.00146676 0.000791115 -0.00254505 -0.00327413 -0.00126253 0.00574101 0.00180493 0.0036912 0.00432075 -0.000437617 0.00366605 0.00413859 0.00335319
internal_weight=1849.42 1098.62 660.315 750.804 670.176 413.821 438.304 408.95 259.484 135.383 149.466 393.189 127.026 266.164 235.944 91.1293 35.8965 36.812 360.963 313.304 47.6594 294.045 277.094 247.368
internal_count=13156 8236 4764 4920 4248 2567 3472 3250 2098 1080 1152 2913 901 2012 1790 651 250 262 2215 1889 326 1768 1657 1479
is_linear=0
shrinkage=0.01


Tree=86
num_leaves=25
num_cat=0
split_feature=271 32 119 113 270 105 226 258 113 134 102 235 235 70 149 135 221 170 246 63 117 271 147 216
split_gain=28.1358 17.0032 15.1582 14.2732 13.6429 13.0437 12.4817 11.8004 15.4817 12.5071 12.2186 11.7353 11.5164 11.7439 15.6963 12.2141 11.2183 11.8464 10.7586 10.6283 13.9474 12.9902 10.4907 10.3634
threshold=0.13635587753583686 0.0014316399604838677 0.44062539308307441 0.26477367783031797 0.09212004730928447 0.94659944463895329 0.09305817445352331 -0.47247202035243963 -0.25742184866585144 0.068987150088694688 -0.53023204677869229 0.013175253437022636 0.0077594641378791306 0.79321924527543086 0.14602472257339519 0.071523304281924979 -0.26888969842107763 6.4196109542184443 0.69840732777838244 -0.13255432553804342 0.89861707301562788 0.091133030735451967 0.1036316533207725 2.2993276011804054
decision_type=2 2 10 8 2 10 2 2 10 2 8 2 2 8 10 2 2 8 10 10 10 2 10 2
left_child=1 2 5 16 -2 7 12 8 10 -9 -1 -6 13 18 -15 -16 -4 -18 -5 -10 -21 -22 -17 -7
right_child=4 -3 3 6 11 23 -8 9 19 -11 -12 -13 -14 14 15 22 17 -19 -20 20 21 -23 -24 -25
leaf_value=0.0020919016764501313 0.00443569641678447 -0.003901471646374971 -0.0050896108735504139 0.003225996802522375 -0.00018545435013479322 0.00694073250634397 -0.0059465419600064811 0.0010633376310031791 0.0071155830288256129 -0.0035687050518684598 -0.0024585452796084396 0.0048448771163407643 0.006138558063678811 -0.0029172098471261644 0.013052433050948409 -0.0032143000979248009 -0.0020005478509652732 0.0079199532987918025 -0.0039451531623436288 -0.00084571698470878981 0.0090380082343874384 0.00044406578907331358 0.0058746246035312616 -0.0013786101975314818
leaf_weight=97.757365331053734 169.17212138324976 141.66595753282309 144.19688185304403 24.81119117885828 225.31900458782911 50.519611872732639 28.366098165512085 99.061833269894123 48.614355020225048 134.40689619630575 139.82879820466042 55.387038320302963 31.496047265827656 33.740763254463673 12.898070216178892 17.472855269908905 90.273241795599461 10.983981184661387 86.519457519054413 87.323996715247631 35.608462803065777 33.464616738259792 32.27061653137207 19.401343129575253
leaf_count=615 1048 1227 1165 178 1483 312 217 701 304 949 978 354 231 265 97 136 729 86 671 623 234 208 225 125
internal_value=4.68539e-05 -0.000651887 -0.00027748 -0.00159653 0.00221503 0.000630918 2.00688e-06 0.000195541 0.00115435 -0.00160988 -0.000579419 0.000842124 0.000773082 -0.000107536 0.00240541 0.00528996 -0.00332328 -0.000727963 -0.00229764 0.00314893 0.00180466 0.00507045 0.00266167 0.00465473
internal_weight=1850.56 1400.68 1259.02 513.029 449.878 745.987 267.575 676.066 442.598 233.469 237.586 280.706 239.209 207.713 96.3823 62.6415 245.454 101.257 111.331 205.011 156.397 69.0731 49.7435 69.921
internal_count=13161 10276 9049 4000 2885 5049 2020 4612 2962 1650 1593 1837 1803 1572 723 458 1980 815 849 1369 1065 442 361 437
is_linear=0
shrinkage=0.01


Tree=87
num_leaves=25
num_cat=0
split_feature=271 3 71 77 289 109 76 106 227 109 11 147 64 271 109 262 233 147 232 255 81 76 99 77
split_gain=31.699 15.1157 18.136 18.067 15.4279 17.0341 15.0646 14.1036 13.5891 16.7554 13.2816 12.1686 11.8495 11.6219 11.6101 12.1448 10.9201 10.9053 10.847 17.361 10.2726 12.5691 9.73613 9.66364
threshold=0.067822972005887092 2.4993481399758042 1.8389733079629436 3.1187112803743831 0.11117526299862897 1.5375560541655624 0.707009975630013 0.73642470740470445 0.0049566371029162474 1.1744431469712573 0.4345530334492298 0.081149677596378117 1.2283916634792051 0.16202555867068999 1.6322669066613535 0.65647091402293001 0.87513213530655409 0.16681159420289857 2.1181960541338127 94.500000000000014 1.4187512483713467 1.1854129335107204 0.37559677577775114 4.6671704632657889
decision_type=2 2 10 8 2 10 8 8 2 10 10 10 10 2 10 8 2 10 2 2 10 10 10 10
left_child=6 4 -3 8 5 16 -1 20 13 -10 12 -9 14 18 -8 22 -2 23 19 -4 -5 -22 -16 -13
right_child=1 2 3 7 -6 -7 10 11 9 -11 -12 17 -14 -15 15 -17 -18 -19 -20 -21 21 -23 -24 -25
leaf_value=0.0033540708596427444 0.0029464627487014393 -0.0017051475532568348 -0.0019737910105959776 -0.0031370363745435461 -0.0035216604202727929 0.010867906760502772 -0.0015908193615373507 -0.0044956857374072448 -0.00055484579955077573 0.009289849600400045 -0.0046069713576427787 0.0075656018584787923 -0.0068455562282240178 0.0080347507001787763 0.00022942662439767253 -0.0027040037635163712 -0.0014436457579901263 -0.0035712159156717437 -0.0016813433923604998 0.011840086410738105 0.0064135617697308502 -0.0052285269177805536 0.010633837351845364 -0.0019643599930544492
leaf_weight=43.836638629436493 371.89900331199169 345.1617444306612 17.006943687796596 151.45971747487783 40.065105371177197 22.002621486783028 177.31140062958002 16.935498155653477 23.357237830758095 58.668852835893631 192.01817414909601 55.130138479173183 29.116098947823048 19.475605100393295 14.756515882909296 18.63104885071516 64.647236727178097 12.655445300042627 86.693607479333878 14.944979295134543 24.844036512076855 11.326975502073763 21.588326878845692 11.590293630957602
leaf_count=307 2426 2501 113 1107 274 135 1335 132 164 373 1559 391 240 116 94 148 438 85 582 95 176 85 159 85
internal_value=6.92052e-05 0.000865954 5.16702e-05 0.00125941 0.0022427 0.00276712 -0.00208109 -0.000406562 0.00339049 0.00654988 -0.00262638 0.00265208 -0.0011338 0.00141288 -0.000339513 0.00355868 0.00228891 0.00429203 0.000155146 0.00489751 -0.00199801 0.00262669 0.00675813 0.00588297
internal_weight=1845.12 1347.87 849.251 504.089 498.614 458.549 497.258 283.942 220.147 82.0261 453.422 96.3114 261.403 138.121 232.287 54.9759 436.546 79.3759 118.646 31.9519 187.631 36.171 36.3448 66.7204
internal_count=13120 9278 6005 3504 3273 2999 3842 2061 1443 537 3535 693 1976 906 1736 401 2864 561 790 208 1368 261 253 476
is_linear=0
shrinkage=0.01


Tree=88
num_leaves=25
num_cat=0
split_feature=76 114 76 235 199 71 309 79 137 114 204 176 147 85 52 286 72 58 158 47 294 120 289 224
split_gain=21.3443 21.7425 31.8223 15.3789 15.3562 15.7143 13.2534 12.6943 12.4845 12.1403 14.4472 11.4476 10.408 11.3728 10.2005 10.153 12.3272 11.3235 10.0918 9.78295 11.3843 12.2697 11.3984 11.1211
threshold=1.0709263755307594 0.72439208681671763 0.8009102858263798 0.0053811702476786174 -0.97807043264705051 3.1488082928064669 0.0064035194689730521 626.48927862855351 0.10707768529912377 0.78362945522339567 0.2573593073593074 12.598863049095609 0.093795821114369515 174.37655287053991 144.50000000000003 1.0648973191185556 -205.72624323334247 0.83517240572774043 0.18577749683944378 21.500000000000004 -0.0046833221925133275 0.62097112523439313 -0.045410724727442613 0.95337406217926113
decision_type=10 10 10 2 2 10 2 2 2 8 2 2 10 2 2 2 2 10 10 2 2 10 2 2
left_child=1 2 19 14 9 8 11 15 -6 -2 -11 18 -10 -14 -3 -5 -17 -18 -7 23 21 22 -21 -1
right_child=4 3 -4 7 5 6 -8 -9 12 10 -12 -13 13 -15 -16 16 17 -19 -20 20 -22 -23 -24 -25
leaf_value=0.0026914477480726208 -0.0030091228719567879 -0.0012112370987159852 -0.0025544305207174894 0.011928219975328797 0.0052407310267448305 0.014826402418578015 -0.0029394950422762167 -0.0011623576331923507 -0.0072100137543688637 -0.00048680083213704386 0.011015459037391968 -0.0014818103556845574 -0.003536807039740819 0.0028184308578855493 0.0023511421013595875 -0.0015644111813201023 0.01008270805679776 0.0025379254368705618 0.0022061983656066868 0.0097892099979476847 0.0054193487405364664 -0.0017622614178004082 -0.00072145071371668753 -0.0012816310951160256
leaf_weight=107.96324261277914 21.563153840601444 120.08361482620239 358.4603915810585 23.451601192355156 13.677126087248324 12.099879808723928 31.793148018419743 27.459699995815754 67.699702814221382 19.215005852282047 21.313563488423824 14.604273945093153 232.09250765293837 29.673954732716084 230.26211554557085 23.71102611720562 39.791089564561844 42.980676397681236 13.422196522355078 19.961980327963829 97.586328245699406 69.919338271021843 17.874614663422108 190.49660002440214
leaf_count=716 173 848 2705 150 106 84 231 190 559 142 148 104 1808 218 1532 146 255 287 95 120 638 460 111 1315
internal_value=4.4477e-05 0.000679586 -0.000286883 0.00231532 -0.00177017 -0.00246602 0.00172184 0.00488654 -0.00335361 0.00277022 0.0058641 0.00538881 -0.00375517 -0.00279004 0.00112733 0.00617001 0.00461562 0.00639094 0.00911062 0.00132978 0.00299395 0.000705541 0.00509532 0.00016404
internal_weight=1847.16 1370 862.262 507.74 477.155 415.063 71.9195 157.394 343.143 62.0917 40.5286 40.1264 329.466 261.766 350.346 129.934 106.483 82.7718 25.5221 503.802 205.342 107.756 37.8366 298.46
internal_count=13141 9473 6065 3408 3668 3205 514 1028 2691 463 290 283 2585 2026 2380 838 688 542 179 3360 1329 691 231 2031
is_linear=0
shrinkage=0.01


Tree=89
num_leaves=25
num_cat=0
split_feature=32 119 11 42 174 297 50 22 78 95 102 108 131 41 234 114 83 181 287 316 134 276 88 96
split_gain=30.9007 28.5947 18.5008 12.4195 18.121 13.0525 12.0219 12.8257 14.1892 11.8671 12.7588 13.9982 11.4367 11.2511 10.7973 11.0996 10.4023 11.766 14.3556 13.9268 12.5886 11.8179 11.2816 10.8972
threshold=0.0014316399604838677 -0.036547619058593418 0.31385025740899863 121.50000000000001 62.646527777777784 -0.024579755368964371 16.500000000000004 0.11730539456299779 149.69662210132793 -0.40200405032261416 0.62280926808992942 0.54266905562317025 2.5084155723523955 402.50000000000006 0.053114137462007362 0.80637539176466444 1.3274294380532419 0.06595595833762434 0.029549825903760936 0.026370847404382315 0.17412778904665316 3.2230374831865034 0.85043361130552342 -1.1630190737955124
decision_type=2 8 10 2 10 2 2 10 2 10 10 8 10 2 2 10 10 2 2 2 2 2 10 8
left_child=1 12 3 9 -5 -6 -4 -8 -9 10 11 -3 16 -7 -13 -16 23 21 19 22 -20 -18 -19 -1
right_child=-2 2 6 4 5 13 7 8 -10 -11 -12 14 -14 -15 15 -17 17 18 20 -21 -22 -23 -24 -25
leaf_value=0.0078973645143411726 -0.0038922425157015771 -0.0040445597778170483 -0.0023138008650821283 -0.0010599224924550941 0.00037306340461119007 0.016497386624969145 -0.0023297549858907782 0.007183841715840019 -0.00078351941308994603 0.0072380727034411464 -0.0036070751886170013 -0.00028158804216512408 -0.0042480342845208395 0.0058058213004867545 0.00026541213319645747 0.0078732305547572802 0.0033243759776150801 0.0058079300063663616 0.012659076412746311 -0.0041382158139411694 0.0020213478884461363 -0.0055709060101358275 -0.0019359986934069054 0.00060556957888013526
leaf_weight=19.527857601642609 180.57421696931124 43.319171898066998 503.79780185967684 51.099435448646545 25.751304887235165 13.185904584825037 67.36924210190773 43.872610606253147 41.50200804322958 18.131814703345299 90.854770824313164 85.137649327516556 23.258296616375446 43.475007928907871 32.786557801067829 45.072495758533478 37.235675260424614 110.31716085970402 36.030191451311111 18.993783190846443 17.660106137394905 20.967691496014595 20.899805717170238 260.1630539521575
leaf_count=104 1560 321 3845 347 172 86 505 292 312 134 695 596 148 286 228 292 224 662 221 116 104 131 126 1667
internal_value=3.77112e-06 0.000431433 -0.000503656 0.00105578 0.00357748 0.00640425 -0.00157118 0.000869264 0.0033988 -3.12442e-05 -0.000542477 0.000832899 0.0022558 0.00897967 0.00218233 0.00480419 0.00255755 0.00398194 0.00510009 0.0033902 0.0094553 0 0.00455208 0.00119253
internal_weight=1850.98 1670.41 1105.36 448.814 133.512 82.4122 656.542 152.744 85.3746 315.302 297.171 206.316 565.054 56.6609 162.997 77.8591 541.795 262.104 203.901 150.211 53.6903 58.2034 131.217 279.691
internal_count=13174 11614 8111 3157 891 544 4954 1109 604 2266 2132 1437 3503 372 1116 520 3355 1584 1229 904 325 355 788 1771
is_linear=0
shrinkage=0.01


Tree=90
num_leaves=25
num_cat=0
split_feature=5 5 76 109 122 113 144 181 105 152 13 126 109 59 181 282 177 28 88 237 177 306 274 214
split_gain=27.0497 43.3998 20.9808 19.4022 21.8377 12.8554 14.6379 12.7179 12.1466 11.5757 15.5306 13.0908 11.0291 10.713 10.6537 10.4971 13.0152 12.5229 10.8577 11.2861 10.1945 10.1113 13.3167 10.0282
threshold=-2.8943022876294049 -2.8712440139818409 0.80655261278894375 2.2683624778100966 0.64143503934520274 0.4051013374785673 0.0051948402417962012 0.054460838240686822 0.78380643706932218 0.058910289779628672 0.83841473054195415 0.8835206488128251 1.3298792692554471 3.0423601243132237 0.076712061087061093 0.015326778484673219 7.5338910613553898 0.21852291721650394 0.23152124315162415 -0.2143701934034376 7.2429264981755734 0.79889123960853181 4.1471191136470189 32.500000000000007
decision_type=2 2 8 10 8 10 10 2 10 10 8 10 10 10 2 10 10 2 10 2 10 2 2 2
left_child=-1 7 5 9 -5 6 -3 -2 15 10 -4 12 -12 23 -7 17 18 -8 -17 -20 -21 22 -19 -14
right_child=1 2 3 4 -6 14 8 -9 -10 -11 11 -13 13 -15 -16 16 -18 21 19 20 -22 -23 -24 -25
leaf_value=-0.0030450663651314077 0.01100181800334845 -0.0022899950045371285 -0.0029957752944211576 0.013958168419963533 0.000646817609085069 0.00035195915006432327 -0.004116265605393599 0.0036493442434806893 0.0081204581895065239 -0.0029430505533297956 -0.00036556123006010902 -0.0041151749211349158 0.0001286526687141376 0.000441079100362584 0.010755932268008497 -0.0022190560447032139 0.0099574880722942422 0.0043923158760939959 -0.0033488377580047257 0.010304368841779999 0.0020932676087451188 0.0043119270252347103 -0.0040669095127843181 0.0080863461003781306
leaf_weight=245.48732307553291 25.727768197655678 102.09205637872219 168.64477992802858 14.252687215805052 45.904019556939602 16.479657992720604 53.485855989158154 187.06567883491516 26.702532112598419 319.11330686509609 161.50971875339746 46.553729750216007 22.31510978192091 67.681188732385635 23.181017629802227 38.837059505283833 22.703510925173759 26.421852350234985 14.37935548275709 26.583236679434776 35.767513088881969 63.442864157259464 48.365888006985188 54.845824502408504
leaf_count=2058 148 736 1241 88 345 112 352 1107 164 2502 1161 332 148 449 150 252 145 169 94 166 228 408 318 342
internal_value=2.7019e-05 0.000500001 -0.00014256 -0.00105311 0.00430381 0.00149767 0.00100093 0.00467619 0.00195632 -0.00145084 -0.000524901 0.000667519 0.0014287 0.00340483 0.00676912 0.00138944 0.00345977 -0.000127249 0.00196649 0.0041013 0.00590601 0.00146087 -0.00101396 0.00588387
internal_weight=1857.54 1612.06 1399.26 900.82 60.1567 498.442 458.782 212.793 356.69 840.664 521.55 352.906 306.352 144.842 39.6607 329.987 138.271 191.716 115.567 76.7301 62.3507 138.231 74.7877 77.1609
internal_count=13215 11157 9902 6608 433 3294 3032 1255 2296 6175 3673 2432 2100 939 262 2132 885 1247 740 488 394 895 487 490
is_linear=0
shrinkage=0.01


Tree=91
num_leaves=25
num_cat=0
split_feature=32 21 109 123 105 152 69 261 282 118 215 231 227 221 297 318 28 271 52 104 113 288 109 123
split_gain=31.6948 28.817 20.0578 25.6367 18.7167 19.1248 15.2976 12.56 11.3927 10.9373 10.4549 14.6382 14.4735 11.8898 11.3394 10.456 10.2602 13.6128 18.8094 17.7042 10.1662 12.5936 9.59117 16.6197
threshold=0.0014316399604838677 0.23707008905035606 1.2469916402469974 0.41154969861054841 0.94659944463895329 0.11409943792362374 0.13947106914664839 0.39198172871902909 -0.024980180505029866 140.50000000000003 -0.5507297831363015 0.024341473609447651 0.0044893434776036691 -0.47159142676166987 -0.0062928022361984602 1.1292369412149996 0.25595711257475967 0.13733715287959605 198.50000000000003 51.500000000000007 -0.29764184496660478 -0.0044896977759924092 0.60812320615139193 -0.10896092029255984
decision_type=2 10 10 10 10 10 10 10 8 2 2 2 2 2 2 2 2 2 2 2 10 2 10 10
left_child=1 2 3 22 -3 6 7 -6 -8 10 13 12 -12 14 -4 -13 17 -5 -19 -20 -18 -22 23 -1
right_child=-2 4 9 16 5 -7 8 -9 -10 -11 11 15 -14 -15 -16 -17 20 18 19 -21 21 -23 -24 -25
leaf_value=0.0044521621547457552 -0.003991597865881635 -0.0036129852877131424 -0.00071213279676415994 -0.0022516765645984958 0.0034669239334656778 -0.0026399448169852385 0.002033189397349091 -0.0032022592777952996 0.011553149115765604 -0.0029658205042770451 -0.0010100727831634053 0.0090994741405559919 0.0051118614295204293 0.0097364314106699029 0.0077177305877361158 0.00017756605836358251 -0.0034714761944055184 -0.0024583784304041687 0.013359995971676225 0.00038531954464991725 -0.002979301368793093 0.0073772126368153862 0.0054449107009353712 -0.0019254040243718519
leaf_weight=82.447188697755337 179.27881413698196 235.35071881115437 35.367361165583134 373.83846469968557 56.418786607682705 129.85125856101513 27.382499299943447 51.076427429914474 23.614607453346252 24.665812931954861 122.16082895547152 42.572046905755997 53.067834176123142 49.210211120545864 25.329291470348835 18.971194215118885 18.565990477800369 41.086902879178524 18.400397598743439 21.503765568137169 14.170467130839823 40.350565440952778 94.783320136368275 75.852478981018066
leaf_count=498 1557 1888 220 2687 401 1020 183 375 154 153 802 267 341 293 157 124 131 270 111 137 101 284 560 490
internal_value=-2.87845e-05 0.000400535 0.00128417 0.00036919 -0.00153834 0.000170273 0.00248486 0.00028804 0.00683721 0.00318841 0.00364971 0.00241076 0.000890242 0.00618183 0.00297758 0.00649409 -0.000884312 -0.00144642 0.00220881 0.00688199 0.00252367 0.00465362 0.00296867 0.00140988
internal_weight=1855.32 1676.04 1152.34 781 523.694 288.344 158.492 107.495 50.9971 371.345 346.679 236.772 175.229 109.907 60.6967 61.5432 527.917 454.83 80.9911 39.9042 73.087 54.521 253.083 158.3
internal_count=13204 11647 7626 5269 4021 2133 1113 776 337 2357 2204 1534 1143 670 377 391 3721 3205 518 248 516 385 1548 988
is_linear=0
shrinkage=0.01


Tree=92
num_leaves=25
num_cat=0
split_feature=46 271 103 109 119 22 71 220 302 13 76 71 177 255 210 174 147 308 305 301 250 302 84 21
split_gain=27.1264 24.5797 14.6558 31.1255 17.8511 14.0293 13.3394 12.4169 11.8166 11.5496 11.0165 10.7874 13.235 10.742 13.3624 10.5809 10.4658 10.5922 9.61257 10.0455 9.60635 9.38899 10.1149 12.6052
threshold=1.0000000180025095e-35 0.1300604931368082 1.7512229283331431 1.5195776906739467 0.10088680332526478 0.05336288578319081 2.9913326147244166 0.28610038610038618 -0.0014867644288682339 1.0208836274894295 0.79473510866991104 2.4334697568354957 7.3010265903611851 60.500000000000007 0.020725945017182133 73.231527777777799 0.19986772486772489 0.0026495109828443162 0.55515109014340402 1.1269048062090805 1.0000000180025095e-35 0.019070743362706182 15.404150418197963 -0.060505023095711853
decision_type=2 2 10 10 10 10 10 2 2 10 10 8 10 2 2 10 10 2 2 2 2 2 2 10
left_child=1 2 3 4 5 9 -4 -7 -5 10 -1 18 -13 20 -15 16 -16 -18 -6 -20 -3 22 -17 -24
right_child=-2 13 6 8 11 7 -8 -9 -10 -11 -12 12 -14 14 15 21 17 -19 19 -21 -22 -23 23 -25
leaf_value=0.0013119020428776983 -0.0033417576268924189 -0.0013388993078014197 -0.0032840007678066056 0.0022368618810758032 -0.0036009490895989784 0.011254579152732685 0.0017080247495268399 0.0018525488976739327 0.0081698484973375222 0.0070500628029091586 -0.0024858996883772681 0.0083968203887395728 -0.0030690913932128385 0.010544471978549077 -0.0022923192837008628 -0.00092585923047066991 0.0051719467266848193 -0.0037750079910071144 0.0078276729003021028 -0.0024662644266374998 0.0046201372824471463 0.0080120470604047884 0.0093296517992902794 0.00116707095472315
leaf_weight=157.14217282831669 217.89717479795218 112.95444249361753 247.343799225986 98.986079409718513 255.85999488830566 19.06928339600563 65.87425485253334 44.196771577000618 51.278711438179016 18.858393214643002 143.24455228447914 17.256223015487194 17.790890283882618 21.354938387870789 63.605011537671089 45.617653779685497 55.178391709923744 14.75905606150627 13.519019603729246 20.039759412407875 32.454175338149071 48.083647139370441 32.858051985502243 42.959414690732956
leaf_count=1045 1874 750 1989 648 1972 116 480 268 337 120 963 120 128 128 383 271 326 90 103 154 209 282 191 278
internal_value=-4.99033e-05 0.000391796 -0.000383832 0.000292842 -0.000588953 0.000870506 -0.00222499 0.00506355 0.00438213 0 -0.000502134 -0.00230521 0.002756 0.00231693 0.00332187 0.00271644 0.00058143 0.00319632 -0.00294239 0.00194008 4.73384e-05 0.00435519 0.00274906 0.00492661
internal_weight=1858.18 1640.28 1170.46 857.242 706.977 382.511 313.218 63.2661 150.265 319.245 300.387 324.466 35.0471 469.825 324.416 303.061 133.542 69.9374 289.419 33.5588 145.409 169.519 121.435 75.8175
internal_count=13225 11351 8443 5974 4989 2512 2469 384 985 2128 2008 2477 248 2908 1949 1821 799 416 2229 257 959 1022 740 469
is_linear=0
shrinkage=0.01


Tree=93
num_leaves=25
num_cat=0
split_feature=46 122 22 21 114 64 111 67 100 113 4 123 147 267 200 270 313 192 170 308 71 114 303 102
split_gain=25.7888 25.1131 18.4056 19.8365 16.3844 23.3531 17.6177 14.3614 13.0424 12.3795 11.4442 12.5897 13.2943 11.6154 11.2372 10.4299 10.3703 10.3597 10.0577 9.9297 9.56586 9.53634 10.8534 10.5234
threshold=1.0000000180025095e-35 0.62680524993752162 0.55913665335640561 0.054572310438042448 0.72620955713536361 0.77526573246511765 1.1480148805640245 337.10325496101774 1.1041350791082456 0.26477367783031797 -8.0500070834071238 -0.10896092029255984 0.18607536499509494 1.224801386929337 1.3887910708633067 0.054133196238459406 -0.0099674717245079019 0.15525814068853447 2.453878880005361 0.0013760645305115982 2.7681759000253923 0.47499818936807098 -0.0012621499177563244 -0.48769850077261717
decision_type=2 8 10 10 8 10 8 2 8 8 2 10 10 2 2 2 2 10 10 2 10 10 2 10
left_child=1 2 3 4 5 10 -7 -5 14 -3 11 13 -13 17 -4 -2 -10 -1 -6 -9 -20 -14 23 -23
right_child=15 9 8 7 18 6 -8 19 16 -11 -12 12 21 -15 -16 -17 -18 -19 20 -21 -22 22 -24 -25
leaf_value=0.00223529631259301 -0.0066664600260224038 -0.0036007410974305087 0.0017223057569652567 -0.0038850258055988119 0.00060894903788278633 0.0063770292957838308 -0.0051719998722750682 -0.00056251739800904489 -0.0034323656428203613 -0.00016697835185128907 0.008658087706668257 -0.0050109422679570706 -0.0019137531557680365 0.00067659944210552304 0.0082691915983674619 -0.0017250576986258058 0.0064451422156147796 0.01337404873307738 0.0052872491923263475 0.0085149186385327143 -0.0025152634426617018 0.0041913748129777054 0.0036796883294678761 -0.0029937763523109483
leaf_weight=16.374177202582359 57.732820354402065 168.38888826966286 42.286015801131725 132.5473460778594 92.261649079620838 12.72179005295038 95.440992996096611 39.320566430687904 30.579900212585926 273.899473503232 18.24961569160223 38.89365766197443 80.875063925981522 35.684799715876579 77.313491113483906 159.09014417976141 12.737987615168093 18.469627514481544 179.82970789074898 14.229795627295969 15.360284224152563 27.026790782809258 144.62361048161983 61.359092272818089
leaf_count=91 507 1378 268 1006 595 82 676 283 207 2082 120 260 547 206 482 1362 83 102 1080 99 91 164 948 417
internal_value=0.000101581 0.000535093 0.00129323 0.000788847 0.00144617 0.000426809 -0.00367611 -0.00214012 0.00438733 -0.00149119 0.0014512 0.00108249 0.000293148 0.00485271 0.00605636 -0.00311458 -0.000288037 0.00872945 0.00336887 0.00213909 0.00464087 0.000992616 0.00201657 -0.000723518
internal_weight=1845.3 1628.47 1186.19 1023.27 837.171 549.719 108.163 186.098 162.917 442.288 441.556 423.307 352.778 70.5286 119.6 216.823 43.3179 34.8438 287.452 53.5504 195.19 313.885 233.009 88.3859
internal_count=13136 11267 7807 6767 5379 3613 758 1388 1040 3460 2855 2735 2336 399 750 1869 290 193 1766 382 1171 2076 1529 581
is_linear=0
shrinkage=0.01


Tree=94
num_leaves=25
num_cat=0
split_feature=32 122 109 152 105 151 202 165 217 165 205 84 194 97 39 278 116 55 116 109 23 103 124 282
split_gain=24.5203 25.0674 22.3623 24.2629 15.5231 21.5801 12.7232 12.193 11.5938 13.5951 11.7444 11.2037 11.3276 10.9403 10.9257 10.7193 10.6514 14.1287 10.5631 11.5262 11.4746 10.0404 11.5727 12.7308
threshold=0.0014316399604838677 -0.036444640190500595 1.1685457581177501 0.12185120558375635 1.1601474030460397 0.079226601905473579 0.085188850404090397 179.61707175925929 0.68091632946090597 178.09324652777781 -0.75286075398284902 20.772437843246983 0.045283663704716343 0.45585556382144587 0.051300849687946466 0.015216883224932197 -0.05829358854692987 2.1932548592369758 0.26288909474761574 2.1922567901031487 1.4222495621053579 -0.38862049153340006 13.500000000000002 0.022262776163492138
decision_type=2 8 8 10 10 8 2 2 2 2 2 2 8 10 2 8 8 2 8 8 8 8 2 8
left_child=1 11 16 4 5 7 -6 8 9 -4 -10 21 -13 -11 -2 -7 -3 -18 -5 -20 -21 -1 23 -23
right_child=14 2 3 18 6 15 -8 -9 10 13 -12 12 -14 -15 -16 -17 17 -19 19 20 -22 22 -24 -25
leaf_value=0.006517937839126498 -0.0073318882605441175 -0.0046656334079729841 0.011339450905632594 -0.0071648342493103728 0.0028050553374672116 -0.0026508582664308104 0.011057585921386457 0.0044164229119702308 0.006774615880339758 -0.0040213701670933702 -0.0024253609049396832 0.011090521826820791 0.0026433736221092817 0.0054240717230651572 -0.0018064468013254259 0.0052898072072625826 0.0024832401470341 -0.0034503630593379722 -0.0038649860391543611 0.010126651498420821 -0.00076141216749011655 0.00040375266492249782 -0.0029103277301146058 0.0040627834222313076
leaf_weight=35.8495804220438 48.731352336704731 144.16201338171959 15.092812784016131 42.960386231541634 105.8205259218812 190.64347153156996 21.069917298853397 134.10837867110968 13.031628832221029 20.890643820166588 109.10117071866989 23.801849685609341 46.773680657148361 22.553659357130527 129.09697210788727 15.929807052016256 67.856596156954765 90.041579693555832 66.381771631538868 11.292685151100157 29.144035592675209 253.60637199133635 57.407274343073368 150.6741591244936
leaf_count=196 436 1115 103 361 712 1462 134 889 87 142 758 133 269 146 1120 121 500 711 532 82 224 1618 355 948
internal_value=8.14844e-05 0.000460272 -0.00042033 0.000457228 0.00129803 0.000522549 0.00439526 0.00216462 0.000445149 0.00400246 -0.00130397 0.00216083 0.00582483 0.00089225 -0.00341767 -0.00197025 -0.00272475 -0.000895296 -0.00313159 -0.00135671 0.00272101 0.00160896 0.00118808 0.00178878
internal_weight=1846.02 1668.19 1100.08 798.021 648.242 521.352 126.89 314.778 180.67 58.5371 122.133 568.113 70.5755 43.4443 177.828 206.573 302.06 157.898 149.779 106.818 40.4367 497.537 461.688 404.281
internal_count=13154 11598 8079 5753 4554 3708 846 2125 1236 391 845 3519 402 288 1556 1583 2326 1211 1199 838 306 3117 2921 2566
is_linear=0
shrinkage=0.01


Tree=95
num_leaves=25
num_cat=0
split_feature=32 75 109 123 105 153 69 308 165 226 109 123 67 92 175 239 144 134 245 306 138 17 234 270
split_gain=28.0162 20.6717 21.6632 23.9789 14.8693 17.37 17.551 14.2959 15.4346 12.9188 12.7152 21.2429 15.8701 12.5518 12.3301 14.34 11.9652 11.7759 12.248 11.4335 12.6495 10.857 10.3727 10.3294
threshold=0.0014316399604838677 0.42798048920673565 1.1685457581177501 0.45950110428691843 0.94659944463895329 0.049443833272216117 0.13947106914664839 -0.0016583683969223601 179.61707175925929 0.052691936262675043 0.60812320615139193 -0.10896092029255984 107.10073581303182 145.50000000000003 7.420895808404075 0.81969437291055314 1.0000000180025095e-35 0.066328346433058488 -0.60952130987340769 0.93126953999529738 0.18410797093787293 3.1787857695546231 0.095098824223523962 0.054802181974196319
decision_type=2 10 10 8 8 10 10 2 2 2 8 10 2 2 10 10 10 2 2 2 2 2 2 2
left_child=1 2 3 10 -3 6 13 17 16 21 11 -1 22 -6 -15 -16 -9 -4 -19 20 -8 -10 -12 -2
right_child=23 4 7 -5 5 -7 19 8 9 -11 12 -13 -14 14 15 -17 -18 18 -20 -21 -22 -23 -24 -25
leaf_value=0.0045283059787524218 -0.0076529644695691821 -0.0034121563084840434 0.0046255048483678438 -0.0013021927771167253 -0.0028629659995999192 -0.0042788034337066239 0.0077212397243968788 -0.0052652483556850128 0.0061570335395750306 0.0095844498152830131 0.0052282303821751634 -0.0029386602264031155 0.00030964455409412635 -0.0036321156864641936 -0.00048664058707753171 0.011480838506021442 0.0027979499603492577 0.0026507555389998355 -0.0049769435505337759 0.0095750725480152881 -0.0016800585116101927 -0.0014220667103140921 0.014719585717866879 -0.0022152035889197496
leaf_weight=68.36982299387455 47.983638755977154 201.1909746825695 33.572752118110657 473.38591887801886 95.075618207454681 67.608110658824444 20.416155628859997 17.945338308811188 47.503446593880653 65.080931439995766 48.663669764995575 79.079100392758846 43.814229018986225 16.678278058767319 17.519893981516361 19.407261751592159 165.87466371059418 31.279758453369141 53.120158463716507 30.364744447171688 34.895296595990658 28.518640354275703 15.764439553022383 127.41445047408342
leaf_count=386 432 1627 214 3391 724 545 142 121 300 402 294 513 257 120 128 142 1066 192 350 210 245 185 90 1107
internal_value=-3.68033e-05 0.000363109 0.00109084 2.75682e-05 -0.00132657 7.85297e-05 0.00137599 0.00282757 0.00390214 0.00636613 0.00248065 0.000537082 0.00503767 -0.000704328 0.00305778 0.00614831 0.00193723 -0.000145831 -0.00214417 0.00490431 0.00198035 0.00335221 0.0080891 -0.00380673
internal_weight=1850.53 1675.13 1171.97 729.077 503.156 301.965 234.357 442.896 324.923 141.103 255.691 147.449 108.242 148.681 53.6054 36.9272 183.82 117.973 84.3999 85.6762 55.3115 76.0221 64.4281 175.398
internal_count=13183 11644 7761 4931 3883 2256 1711 2830 2074 887 1540 899 641 1114 390 270 1187 756 542 597 387 485 384 1539
is_linear=0
shrinkage=0.01


Tree=96
num_leaves=25
num_cat=0
split_feature=32 5 76 114 5 119 11 162 101 127 100 199 273 109 103 162 29 307 323 323 281 107 5 157
split_gain=29.2299 26.7361 23.0945 21.6745 19.5258 17.4426 15.7165 12.4587 17.6138 13.3522 11.9651 11.5779 11.2665 11.1719 11.4408 11.0208 10.9981 12.3747 10.753 20.1866 10.555 10.4262 12.1985 10.248
threshold=0.0014316399604838677 -2.8712440139818409 0.80655261278894375 0.73460786348361962 -2.8935132521978844 0.56352091321895126 0.4345530334492298 1.0000000180025095e-35 -1.2819327807939056 -0.23071505293482533 0.63999886501348835 -0.78180540483782235 4.1489050671302357 2.2163455206291207 2.1976107561739395 0.0016515287892425608 0.34497706422018354 -0.014913179202029067 403.50000000000006 472.50000000000006 3.6530280049931618 -0.3876250088910464 -2.0164929805278082 0.39934996412139639
decision_type=2 2 10 8 2 10 10 10 10 10 10 2 10 10 10 10 2 2 2 2 2 10 2 10
left_child=1 4 7 -4 -1 6 16 8 9 23 -9 -11 20 18 -15 -14 17 -5 -7 -20 -6 -12 -23 -3
right_child=-2 2 3 5 12 13 -8 10 -10 11 21 -13 15 14 -16 -17 -18 -19 19 -21 -22 22 -24 -25
leaf_value=-0.0007287765284239978 -0.0037320942069025516 0.0034302037836561384 -0.00317609369513483 1.7035065896837329e-05 0.0089547678898904866 -0.0043440105005434059 -0.0021881842515942126 0.010112987099191098 -0.0012761861748097415 0.009059834280602622 -0.0052722837021321736 -4.2324661178661019e-05 0.0043302317097421925 0.0087670557294061129 -0.00078051183176836415 -0.0053105527414682831 -0.0024897219353625932 0.0055988135712918396 0.0069961272934150357 -0.0029784349883331743 0.0035014204093914265 0.0072260785905551806 0.00067852754867858884 -0.0031222972877247312
leaf_weight=82.621120974421501 176.38365439325571 52.09030918776989 305.48554058372974 56.262661397457123 74.485769107937813 137.72935160249472 71.3713533654809 24.206217363476753 210.02873462438583 46.033397130668163 12.294782511889933 19.225222274661064 26.749501213431358 15.880643635988234 36.371526904404163 16.936148084700108 28.11253747344017 135.41394560039043 26.430213272571564 63.272226020693779 78.371254734694958 49.114190921187401 65.210527062416077 39.354044400155544
leaf_count=599 1552 325 2341 355 432 1093 511 151 1476 279 84 120 150 108 279 103 186 869 203 494 469 303 442 250
internal_value=0.000105825 0.000516685 -5.06187e-05 -0.00103952 0.00332484 0.000112168 0.00181837 0.00161838 0.000608415 0.00311843 0.00401089 0.00647358 0.00502004 -0.0016609 0.00240528 0.000474923 0.00313527 0.00398977 -0.00261763 7.41119e-05 0.00628016 0.00264024 0.00360699 0.000590441
internal_weight=1849.43 1673.05 1393.89 876.33 279.164 570.844 291.16 517.557 366.732 156.703 150.826 65.2586 196.543 279.684 52.2522 43.6856 219.789 191.677 227.432 89.7024 152.857 126.62 114.325 91.4444
internal_count=13174 11622 9869 6439 1753 4098 1921 3430 2450 974 980 399 1154 2177 387 253 1410 1224 1790 697 901 829 745 575
is_linear=0
shrinkage=0.01


Tree=97
num_leaves=25
num_cat=0
split_feature=119 32 72 109 57 120 7 308 105 178 119 206 253 225 253 236 115 253 157 107 125 94 205 70
split_gain=26.6589 19.4684 15.5006 14.3343 18.1004 15.9485 14.1809 13.4187 13.3342 15.9208 12.6971 12.4694 11.1505 10.4697 16.1728 12.0005 10.2045 9.57519 9.24185 12.6711 9.65412 9.99953 10.1833 9.7169
threshold=0.44062539308307441 0.0015637226134585292 27.426188707373985 1.1685457581177501 -0.32583800853133932 0.76375366690251634 -1.1237351244379228 -0.001360218461545907 1.1527430024524448 0.78347953216374278 0.87584025685854117 32.500000000000007 63.500000000000007 0.68010152284263981 76.500000000000014 0.52898388393268958 -0.46602931590100183 48.500000000000007 0.41420252295010312 -0.3876250088910464 -0.29017911332983065 0.47313389935403466 -0.17079276438423691 0.57665464355191409
decision_type=10 2 2 10 10 8 2 2 10 2 10 2 2 2 2 2 10 2 10 10 8 10 2 10
left_child=1 3 -2 5 7 6 18 -5 9 -6 -4 -11 17 15 -15 -13 -8 -7 20 -20 -1 22 -22 -23
right_child=2 -3 10 4 8 12 16 -9 -10 11 -12 13 -14 14 -16 -17 -18 -19 19 -21 21 23 -24 -25
leaf_value=-0.0023439011204311549 -0.0022779338899051849 -0.002966393746288491 0.0067527008453657882 0.00014416281090796939 -0.0028687568965161453 -0.00078982637281484679 -0.0019984936088409538 0.0092316271432456107 0.0065440321134027689 0.0075921746797941048 -0.00063580614618992946 0.0073892701357568379 -0.0033723664381838155 -0.0048690973903135646 0.0033024391546480993 -0.0023904210877230482 0.00548802026783584 0.0038419160166438043 -0.0035686030870152687 0.004924602596849125 0.01038205357878043 -0.0026840784406917755 0.00050954546562984742 0.005742229281676085
leaf_weight=13.706336937844751 553.34015920758247 115.79711776971817 33.244025774300098 22.236457690596581 80.281784132122993 193.64907988160849 98.489027068018913 60.896153427660465 44.674824774265289 34.317146643996239 63.652327157557011 37.634841613471508 124.50132987648249 48.059738308191299 43.409483350813389 16.343335032463074 19.351435542106628 54.88527575135231 33.630757749080658 31.032548472285271 54.416667580604553 19.931654796004295 13.417787566781042 32.600323766469955
leaf_count=78 4381 1017 214 133 537 1365 677 353 271 210 492 230 856 312 275 101 131 373 213 191 320 125 82 199
internal_value=-6.12842e-06 0.000880548 -0.00163159 0.00130163 0.00283276 0.000430943 0.00207339 0.00689772 0.00166703 0.00076369 0.00200909 0.00241084 -0.000965367 0.00105953 -0.000997671 0.00443895 -0.000660473 0.000260863 0.00368591 0.00052811 0.00515899 0.00605589 0.00854251 0.00255319
internal_weight=1843.5 1193.26 650.237 1077.47 387.854 689.612 316.577 83.1326 304.721 260.046 96.8964 179.765 373.036 145.447 91.4692 53.9782 117.84 248.534 198.736 64.6633 134.073 120.366 67.8345 52.532
internal_count=13136 8049 5087 7032 2422 4610 2016 486 1936 1665 706 1128 2594 918 587 331 808 1738 1208 404 804 726 402 324
is_linear=0
shrinkage=0.01


Tree=98
num_leaves=25
num_cat=0
split_feature=46 75 71 120 13 102 108 262 35 108 150 280 117 106 184 193 65 311 53 266 62 139 31 311
split_gain=23.5551 23.0524 18.6967 20.9601 14.9987 12.8618 13.1297 12.63 12.5724 12.1761 15.5788 13.0924 12.5191 11.3792 11.3645 10.8847 10.7973 11.1969 9.27645 9.05212 8.89537 8.60101 11.4648 9.82169
threshold=1.0000000180025095e-35 0.061655259194703202 1.8712682238841702 0.67294812997109099 1.006475567837317 1.228056852784827 1.3645177348671844 -0.99788036317089934 0.0042477881428820618 0.54824147975719506 0.048826334128002941 0.10928398400049011 1.0000000180025095e-35 0.6690993528894259 -0.20537627630938823 0.84650034650034656 2.52594198954016 -0.076347143130467268 22.500000000000004 4.3477182539682548 173.50000000000003 0.024913166469724642 0.0020090411898851693 -0.46671190687168806
decision_type=2 8 10 10 10 10 10 8 2 10 10 2 10 10 8 8 10 2 2 2 2 2 2 2
left_child=1 4 15 -4 7 6 -5 -1 -6 10 12 21 19 -12 -14 16 -3 -18 -2 20 -9 -11 23 -23
right_child=18 2 3 5 8 -7 -8 9 -10 11 13 -13 14 -15 -16 -17 17 -19 -20 -21 -22 22 -24 -25
leaf_value=0.008758207176702797 -0.0064980637553709933 0.00088559297674650457 0.009543781757332722 -0.00014645345736161795 0.0023102101259204924 -0.0056764398298912392 0.0043820441582832726 0.0036412214629693773 0.011183798674557108 -0.0011376562670517144 -0.0038812429328944523 -0.0013006071218871773 -0.0034997679590875624 0.0030875759755216617 0.0028304634061113026 -0.0052349501889979357 -0.0049061012188335801 0.0018923865281588223 -0.0017321173362681839 -0.0064922298612704234 -0.00532105654417019 0.0018323788377107692 -0.0011138879484045119 0.011069499618870066
leaf_weight=19.380147814750671 54.248353108763695 118.42986111342907 21.922914043068886 416.46434020251036 39.465012110769749 32.777369901537895 72.704427726566792 29.266442187130451 26.909460999071598 14.104412317275999 110.34260065108538 34.553337551653385 28.787232831120491 27.102818071842194 296.04408163577318 95.900956988334656 96.275125607848167 30.110203564167023 159.37494312226772 27.731094099581242 14.058370679616926 17.080307602882385 13.298325605690478 46.248139895498753
leaf_count=100 488 873 145 3023 242 267 506 180 159 85 799 210 182 179 1852 767 756 234 1372 173 83 98 82 273
internal_value=8.25962e-05 0.000494172 -0.000595689 0.000553814 0.00178802 0.000124678 0.000545969 0.00132712 0.00623365 0.00107026 0.000400886 0.00383984 0.00140894 -0.00246517 0.00224091 -0.00242294 -0.0012699 -0.00327261 -0.00301645 -0.00232066 0.000562726 0.00578833 0.00707099 0.00877903
internal_weight=1842.58 1628.96 884.585 543.869 744.372 521.946 489.169 677.997 66.3745 658.617 533.333 125.285 395.887 137.445 324.831 340.716 244.815 126.385 213.623 71.0559 43.3248 90.7312 76.6268 63.3284
internal_count=13128 11268 6571 3941 4697 3796 3529 4296 401 4196 3448 748 2470 978 2034 2630 1863 990 1860 436 263 538 453 371
is_linear=0
shrinkage=0.01


Tree=99
num_leaves=25
num_cat=0
split_feature=271 147 109 0 174 149 164 66 39 270 58 106 136 2 226 145 161 94 58 304 176 107 107 13
split_gain=24.922 14.6029 17.8177 12.5865 13.307 11.1003 12.2821 14.7769 14.4246 13.7987 10.7862 10.783 10.3175 21.0186 14.1268 14.2642 12.8887 12.2874 10.2228 11.8371 11.6305 10.1186 9.87312 9.46469
threshold=0.11512896874504785 0.15128037030415006 1.4800153312732556 347.50000000000006 73.231527777777799 0.26988996007400917 0.0012699374539687964 68.490794447224559 0.070991905354919074 0.04377334678292271 0.93313267683802081 0.5365615344799376 0.32607378129117265 0.66621357149836669 0.10188133993866479 0.098920514114860414 0.0022002226848041834 0.61920197976975333 0.84787480063226284 0.0079258742666643584 12.49647391275524 0.71313521734210406 -0.053508391912753354 1.056418079934353
decision_type=2 8 10 2 10 10 10 2 2 2 10 8 2 8 2 10 10 8 8 2 2 10 10 10
left_child=1 5 12 21 -5 6 -1 -8 9 -9 22 -7 13 16 17 -16 -3 -15 19 20 -19 -2 -4 -6
right_child=3 2 10 4 23 11 7 8 -10 -11 -12 -13 -14 14 15 -17 -18 18 -20 -21 -22 -23 -24 -25
leaf_value=-0.0034884640495836169 -0.0016080608756608942 0.00039728079823240939 -0.00038668324417878876 0.0004057377924938238 0.0029829529977517962 -0.0031816034195701927 -0.0050883969075221618 -0.0006612051713940785 -0.0030100247561174525 0.012876290336653154 -0.00027490830461968693 0.0080967453222614699 -0.004940684150260998 -0.0032069647291222353 -0.0011713553883683026 0.012762628946637112 0.0075591586540408699 0.013365460331078079 -0.0012818629289475798 -0.0020353281003918353 0.00034962113952023894 0.0043172882539111949 0.0075803455524506118 0.0086905863635614311
leaf_weight=355.85760262608528 172.58759254217148 55.428388610482216 20.25224918872118 215.95794324576855 253.50279142707586 12.659890815615656 22.665983662009239 10.99081687629223 15.77282404899597 18.572349779307842 51.213699355721474 16.782783262431622 51.544064722955227 242.39543023705482 14.506548292934896 10.984158679842947 44.136835917830467 14.784540355205538 100.63083273917437 16.486218452453613 11.76891156286001 31.639129891991615 57.735150381922722 31.730861194431782
leaf_count=2899 1176 383 136 1368 1613 97 171 85 121 136 358 127 375 1808 114 81 296 100 763 118 82 212 361 205
internal_value=-3.07682e-05 -0.000941365 -2.40204e-05 0.00144391 0.00229331 -0.00233041 -0.00274799 0.00109719 0.00432836 0.00819543 0.0032821 0.00336269 -0.000797641 -0.000352874 -0.00135532 0.00547483 0.00370359 -0.00184559 0.000462021 0.00438834 0.00822225 -0.000638587 0.00555804 0.00370084
internal_weight=1850.59 1145.17 691.867 705.418 501.192 453.302 423.86 68.002 45.336 29.5632 129.201 29.4427 562.666 511.122 411.557 25.4907 99.5652 386.066 143.671 43.0397 26.5535 204.227 77.9874 285.234
internal_count=13185 8611 4975 4574 3186 3636 3412 513 342 221 855 224 4120 3745 3066 195 679 2871 1063 300 182 1388 497 1818
is_linear=0
shrinkage=0.01


Tree=100
num_leaves=25
num_cat=0
split_feature=32 5 5 76 109 102 71 102 11 119 117 28 20 111 313 148 313 71 149 181 299 11 273 302
split_gain=28.9136 28.0645 20.5967 18.6103 21.5734 19.8096 13.8584 15.5744 12.3198 15.9116 13.8141 11.4502 10.339 10.2514 10.1562 9.97707 9.38204 14.4461 9.92782 9.1749 8.96676 8.92232 8.91352 8.19654
threshold=0.0014316399604838677 -2.8712440139818409 -2.8935132521978844 0.80655261278894375 2.2683624778100966 0.63205322491169502 1.5287826157505127 -0.24000203118993099 0.30938716618920697 0.72685281099012211 1.1137570768601119 0.22756075691879454 0.34571724551928246 3.20185466223294 -0.06235710101046759 0.308596155161798 0.021083160337037502 2.8590716377211609 0.11512051460900567 0.054460838240686822 -0.067355243289231745 0.28630550614392919 4.3129845270886946 0.016110467864224574
decision_type=2 2 2 10 10 10 10 10 10 8 10 2 10 8 2 10 2 10 10 2 2 10 10 2
left_child=1 2 22 6 8 -6 7 23 9 10 21 13 -13 -12 -2 -8 -10 18 -18 -4 -9 -5 -1 -3
right_child=14 3 19 4 5 -7 15 20 16 -11 11 12 -14 -15 -16 -17 17 -19 -20 -21 -22 -23 -24 -25
leaf_value=-0.0027817241517222847 0.0010353761984238604 0.00054929111909252299 0.010432583970961772 -0.0017966630172025198 0.014338367267114738 0.0012797885456855571 0.0028462671226369002 0.0031863757623982686 -0.0035476389384989549 -0.0035013727370082361 0.0046979271197718645 0.012003893625620696 0.003366018715585734 -0.0041191782449585762 -0.0049479280593873265 0.010922631722213628 0.003609458326952033 0.0076843071056726508 -0.0027984963262374157 0.004070561029387099 -0.003433152481855631 0.0057640006736654334 0.0042133941540738497 0.004611355615703896
leaf_weight=61.563372284173965 33.887007668614388 152.7328780144453 25.865243293344975 118.97679891437292 12.875597819685934 47.954159192740917 140.17036224901676 22.195495799183846 304.37376844882965 91.685036428272724 22.364794760942459 20.523309342563152 43.925295606255531 24.806283541023731 141.54451181739569 15.223608195781706 27.192364603281021 16.002531677484512 123.71731781959534 172.79671175777912 116.75178493559361 15.068337224423884 22.569297790527344 71.963980592787266
leaf_count=442 294 973 146 815 79 358 908 157 2337 719 142 129 280 168 1261 96 192 114 967 1012 857 102 168 441
internal_value=3.96113e-05 0.000447779 0.00330258 -0.000138485 -0.00103252 0.00457606 0.00135469 0.000274529 -0.00147022 -6.42517e-06 0.00131898 0.00387394 0.00652232 7.03877e-05 -0.00378842 0.00382574 -0.00250956 -0.000582927 -0.00159193 0.00503928 -0.00232597 -0.0008374 -0.000817288 0.00189602
internal_weight=1846.73 1671.3 282.795 1388.5 869.466 60.8298 519.038 363.644 808.636 337.35 245.665 111.62 64.4486 47.1711 175.432 155.394 471.286 166.912 150.91 198.662 138.947 134.045 84.1327 224.697
internal_count=13157 11602 1768 9834 6402 437 3432 2428 5965 2355 1636 719 409 310 1555 1004 3610 1273 1159 1158 1014 917 610 1414
is_linear=0
shrinkage=0.01


Tree=101
num_leaves=25
num_cat=0
split_feature=32 119 116 114 76 114 77 144 279 77 106 319 297 199 247 40 28 70 27 115 119 131 241 56
split_gain=24.1473 22.2131 16.916 12.2158 25.4968 12.9761 12.3433 10.2597 9.88497 12.2069 11.0523 9.68141 12.896 10.3677 9.51327 11.0251 10.0588 9.6335 9.50354 10.3632 11.2908 13.7945 10.5235 9.46786
threshold=0.0014316399604838677 0.44062539308307441 0.32527398595925777 0.72620955713536361 0.7497525819723857 0.47499818936807098 0.84223981782463231 0.081696829675266341 -0.014120631479229815 2.4960986385188284 0.45201526700811362 -0.089503906904482636 0.0031990153275976399 -0.77628314269440379 2.7971076406057027 0.0064637763912873949 0.22980933926192496 0.81886163254120536 0.59641075164976665 -0.78275679280679611 0.62455565442850103 4.1969937619060715 0.78888888888888908 573.50000000000011
decision_type=2 10 8 8 10 10 10 10 10 10 10 2 2 2 2 2 2 10 2 8 10 8 2 2
left_child=1 3 8 4 5 6 23 -6 9 10 -3 -7 13 -13 15 16 -5 -18 -4 22 21 -21 -20 -1
right_child=-2 2 18 14 7 11 -8 -9 -10 -11 -12 12 -14 -15 -16 -17 17 -19 19 20 -22 -23 -24 -25
leaf_value=0.0055846896857214079 -0.0035230414426207254 -0.0018283871767294394 0.0063764128855930049 0.00019950794820256901 -0.002852691249946907 0.0018540920058183654 -0.0032612944780752418 0.0012397559064201643 -0.0042751987473866829 -0.0020514578474118781 0.010944844167299843 0.0083855838748848402 0.010559852560210033 -0.00065324896947860725 -0.0026365924635266924 0.0060079225178231357 0.0023547088158916503 0.0082208995474144422 0.0092322131985490604 0.011114803927834345 -0.0018870610879093397 -0.00057791502726499411 -0.00072695986658283382 -0.0025397836606658136
leaf_weight=39.78793853521347 172.1235628798604 10.613974861800672 23.257482968270779 157.27232060581446 221.10517363995314 122.72279970347881 64.891457259654999 82.05553475767374 177.95414010435343 117.13334352523088 12.59045038372278 17.152627915143967 36.866210624575615 33.243075482547283 30.904028125107288 88.592272646725178 127.80471080541611 35.007402613759041 19.797712758183479 13.327461540699003 179.59368054568768 25.746510714292526 18.918113447725773 19.381597176194191
leaf_count=238 1530 82 165 1019 1599 773 446 520 1450 937 95 101 225 215 209 541 794 211 142 82 1371 172 141 117
internal_value=1.17413e-05 0.00038077 -0.00115868 0.00123878 0.000348912 0.0022468 -0.000309426 -0.00174047 -0.00272715 -0.000711228 0.00550122 0.00374577 0.00625265 0.00268749 0.0025159 0.0029235 0.00202133 0.00374148 0.000626147 3.87345e-05 -0.000817497 0.00386912 0.00462439 0.0029127
internal_weight=1847.84 1675.72 598.933 1076.79 637.206 334.046 124.061 303.161 318.292 140.338 23.2044 209.985 87.2619 50.3957 439.581 408.677 320.084 162.812 280.641 257.383 218.668 39.074 38.7158 59.1695
internal_count=13175 11645 4637 7008 4234 2115 801 2119 2564 1114 177 1314 541 316 2774 2565 2024 1005 2073 1908 1625 254 283 355
is_linear=0
shrinkage=0.01


Tree=102
num_leaves=25
num_cat=0
split_feature=32 5 131 287 5 107 122 109 77 109 127 115 72 121 287 83 313 232 77 201 77 196 14 208
split_gain=22.6664 22.0222 17.8422 22.1542 17.2374 12.7605 26.0952 16.2717 14.0074 17.9211 15.0886 15.5092 13.9985 13.15 16.4543 11.8644 11.7092 10.8563 13.13 10.8724 11.6389 10.373 12.2492 11.8636
threshold=0.0014316399604838677 -2.8712440139818409 1.0867398045584185 0.029549825903760936 -2.8935132521978844 -0.097197664706450512 0.5831164900693222 2.2401007594983091 3.18947196084074 1.6322669066613535 0.68299620233903013 -0.37550561873599736 18.481566027804121 -0.85439144271464229 -0.022849306741540509 1.9185037010905406 -0.06235710101046759 2.7241120743786311 2.7842415834534409 0.8440061475409838 2.26328308317912 0.14354395604395606 0.1795340645593918 2.3852605011506109
decision_type=2 2 8 2 2 10 10 10 10 10 10 10 2 8 2 10 2 2 10 2 10 8 2 2
left_child=1 4 3 -3 -1 21 7 8 9 10 11 13 -8 14 -7 -12 -2 18 19 20 -6 -4 23 -23
right_child=16 2 5 -5 17 6 12 -9 -10 -11 15 -13 -14 -15 -16 -17 -18 -19 -20 -21 -22 22 -24 -25
leaf_value=-0.00081668499431826274 0.0017878685667591444 0.00028203382718810268 0.001292099083838232 0.012918037991997646 0.0082586123702720546 -0.00091665714328026144 -0.0029461342665506804 0.012343353467445235 -0.0021631576176577611 0.0077633206879803478 -0.0062740705056294156 0.0096704656397852869 0.0015045497986379871 -0.0011134756620135109 0.0068815061259020604 0.0034275087717581471 -0.0045890718957910292 0.00068825041247497503 0.012338573345815564 -0.00029653272610937815 -0.00045046127100382884 -0.0016757267810760402 -0.0052498836133051049 0.0058128287323716945
leaf_weight=84.069814339280128 34.07142536342144 35.488950371742249 111.26290135085583 20.262860581278801 63.918211355805397 42.20841421186924 226.22498055547476 12.462339632213114 71.489225618541241 54.237223669886589 35.435471348464489 25.292039968073368 99.765210062265396 90.745787173509598 68.702226094901562 16.452983610332012 141.53981952369213 54.709491766989231 24.732081733644009 34.748742610216141 19.276382088661194 369.7556621208787 94.237985283136368 19.626969397068024
leaf_count=609 296 225 834 123 350 265 1792 74 502 323 248 162 741 636 431 111 1269 344 146 199 110 2521 749 140
internal_value=5.03699e-05 0.000411182 -0.000105334 0.00529541 0.00294782 -0.000341885 0.000530381 0.00218182 0.00178244 0.00264344 0.00157573 0.00268884 -0.00157975 0.00168609 0.00395615 -0.00316116 -0.00333742 0.00454507 0.00597474 0.00437314 0.0062807 -0.00143039 -0.00206269 -0.00125633
internal_weight=1850.72 1675.11 1393.65 55.7518 281.455 1337.9 743.016 417.026 404.563 333.074 278.837 226.948 325.99 201.656 110.911 51.8885 175.611 197.385 142.675 117.943 83.1946 594.884 483.621 389.383
internal_count=13200 11635 9877 348 1758 9529 5285 2752 2678 2176 1853 1494 2533 1332 696 359 1565 1149 805 659 460 4244 3410 2661
is_linear=0
shrinkage=0.01


Tree=103
num_leaves=25
num_cat=0
split_feature=122 113 105 150 106 117 176 13 24 153 109 272 209 105 232 83 304 149 21 71 177 121 232 244
split_gain=22.5948 21.1981 16.7893 16.5531 15.5846 14.4331 13.7523 13.5023 13.3452 12.8782 17.9812 12.1836 12.4859 11.6323 11.5296 14.1467 11.8238 10.9793 11.5786 11.7415 10.8134 13.4754 10.7486 10.5328
threshold=0.26025589624797435 0.16275537857396946 0.77830770584833953 0.048826334128002941 0.73049192520027495 0.51412940550891351 13.083857848721033 0.93400414521975683 -0.51884898262635037 0.049443833272216117 1.9109651622609172 0.084308450869201704 0.69162772585669796 0.24567745028405277 1.4316154138842518 1.0402058046671585 0.0014795521765509358 0.26401991614255771 0.23707008905035606 1.81665448450093 7.3198594422462868 -0.86823480167352607 1.9588123403521742 0.0068055555555555569
decision_type=8 8 10 10 8 10 2 10 2 8 10 2 2 8 2 10 2 10 10 8 10 8 2 2
left_child=2 -2 3 5 -5 14 7 -4 13 10 17 12 -7 -6 15 -1 -17 18 19 -3 21 -21 -14 -16
right_child=1 9 6 4 8 11 -8 -9 -10 -11 -12 -13 22 -15 23 16 -18 -19 -20 20 -22 -23 -24 -25
leaf_value=-0.00012077408614758423 -0.0028877256968565775 -0.0034819343350441846 0.0094321200507717622 -0.0022854702127884561 -0.00019164243723093405 0.00018047462384618158 -0.0037603871997533424 0.0021362897024682411 -0.0014825259322940594 -0.0032839258532940943 0.0044829355555989631 -0.0028282718321523933 0.0094600153565583978 0.010893453557689663 0.0018115793162054659 0.0018110683962336055 0.0093807436632325301 0.00484139580441498 -0.0024166846285386223 -0.001331817946422779 -0.00033613600012051526 0.010330232646271699 0.0026030145663019132 -0.0031984012144141523
leaf_weight=107.54955787956715 367.05284146219492 29.638990990817547 51.380015142261982 253.22280270606279 14.571474172174929 36.81821882724762 14.950735390186308 52.546707332134247 35.099806033074856 83.241362810134888 105.32696091383696 19.509695954620838 63.922552898526192 22.805930480360985 66.287290692329407 48.030326940119267 36.412969276309013 35.10563887655735 180.89803619682789 13.164767667651175 37.133761771023273 29.819826789200306 39.790741749107838 104.43233296275139
leaf_count=698 2971 222 296 1816 112 221 94 320 249 679 720 126 385 144 441 305 231 252 1424 89 256 195 243 700
internal_value=9.41471e-05 -0.00106165 0.00114831 0.000646328 -0.00111536 0.00174596 0.00462409 0.00590769 0.00289139 0.00024829 0.000949707 0.00422088 0.00524319 0.00683851 0.000626868 0.00229439 0.00528583 -0.000218478 -0.000873997 0.00165645 0.00362366 0.00687532 0.00697825 -0.00124948
internal_weight=1848.71 881.382 967.331 848.454 325.7 522.754 118.877 103.927 72.4772 514.329 431.088 160.041 140.532 37.3774 362.712 191.993 84.4433 325.761 290.655 109.757 80.1184 42.9846 103.713 170.72
internal_count=13189 6808 6381 5671 2321 3350 710 616 505 3837 3158 975 849 256 2375 1234 536 2438 2186 762 540 284 628 1141
is_linear=0
shrinkage=0.01


Tree=104
num_leaves=25
num_cat=0
split_feature=5 5 76 71 123 147 108 70 120 129 174 165 65 62 121 200 196 81 238 292 189 205 116 200
split_gain=23.3923 29.73 17.1877 14.7985 14.4704 11.2782 23.1623 11.7442 18.2617 11.3907 13.1952 11.5747 11.2184 12.4702 9.88396 11.7923 9.70131 15.4374 10.7529 9.39066 9.21762 10.0583 8.69068 11.1963
threshold=-2.8943022876294049 -2.8712440139818409 0.70338746342682812 1.295347410432907 0.69162209642705619 0.14778616382149634 0.73143439543927313 0.91823596920133765 1.3197395241068584 1.5400262677592818 58.931805555555563 179.76942708333334 2.0704090059820879 70.500000000000014 -0.91797664059969153 2.3954519559904228 0.25652371227592469 0.10198217865113014 -1.1274720793201471 0.010508818828460475 -0.16240996932923288 -0.34663640519333599 0.27407828562849151 2.1538775690742851
decision_type=2 2 8 10 10 8 10 10 10 8 10 2 8 2 10 2 8 8 2 2 10 2 8 2
left_child=-1 -2 3 4 12 7 14 -4 22 11 -11 -8 13 -3 15 16 17 -7 -19 -18 21 -15 -9 -24
right_child=1 2 5 -5 -6 6 9 8 -10 10 -12 -13 -14 20 -16 -17 19 18 -20 -21 -22 -23 23 -25
leaf_value=-0.0028838171194314932 0.0038365485761637386 -0.0019014080113790711 -0.002745315828539398 0.0055166457200204215 -0.0044678753747518689 -0.0040578317433349106 -0.0027566199005565669 -0.0019272385969425791 -0.0054016901366159024 -0.0030519390490536401 0.0054628355761486263 0.0050917668006785523 -0.0047121326939828546 0.0014649000449466943 -0.0029434318855207186 0.0083198809359933332 -0.0040853012263817219 -0.0040218692859593889 0.0049815105076680861 0.0013301348981890337 -0.00028463351551189284 0.00951509895018951 0.012917601772092193 0.0023920755047864462
leaf_weight=241.02443949133158 219.28715960681438 34.687174394726753 342.12669137120247 85.152429923415184 41.760725557804108 33.667231179773808 56.940330922603607 14.469259858131407 24.521777451038361 19.071197032928467 129.62232900410891 24.552910320460796 18.763929352164268 25.502518698573112 183.09325065463781 13.352914743125437 92.186306402087212 13.465198777616022 79.734585791826248 46.228687904775143 24.490367293357849 43.878774136304855 14.803592570126055 28.361966848373413
leaf_count=2071 1273 224 2704 536 307 236 378 106 194 124 853 157 122 151 1399 91 616 90 548 305 152 260 103 201
internal_value=2.20553e-06 0.000439276 -0.000102516 0.00212668 0.000535716 -0.000655112 0.000131763 -0.00193304 0.00141634 0.00270538 0.00432734 -0.000288164 0.00201847 0.00308915 -0.00115779 2.98402e-05 -0.000467387 0.00150806 0.00358973 -0.00227909 0.00494538 0.00674406 0.00445136 0.00659843
internal_weight=1850.75 1609.72 1390.43 274.236 189.083 1116.2 691.915 424.283 82.1566 230.187 148.694 81.4932 147.323 128.559 461.728 278.635 265.282 126.867 93.1998 138.415 93.8717 69.3813 57.6348 43.1656
internal_count=13201 11130 9857 1752 1216 8105 4797 3308 604 1512 977 535 909 787 3285 1886 1795 874 638 921 563 411 410 304
is_linear=0
shrinkage=0.01


Tree=105
num_leaves=25
num_cat=0
split_feature=153 46 22 122 116 117 301 106 229 77 267 84 302 161 87 36 118 216 299 299 77 106 108 122
split_gain=20.3954 15.0227 13.3859 15.8918 21.5338 12.6427 11.532 11.2548 17.1992 13.8989 15.7811 10.6897 10.3675 11.4997 10.309 9.99577 9.24761 10.1821 12.9767 10.6709 9.15018 8.99658 10.8892 12.7678
threshold=0.01564247762863535 1.0000000180025095e-35 1.1764958086669146 0.0071338164418250508 -0.13389200472669535 1.9942634200964204 1.0469134270908242 0.69672962988274478 -0.16398643200980303 3.1794329710202742 0.99156140965610051 20.772437843246983 0.0055190077487128775 0.014828763298243655 1.7566389573923387 0.028173423761101362 20.500000000000004 0.89676940222022639 -0.058405797101449268 -0.015454125071760692 2.9690381480727477 0.57412218955565664 0.57204154136882834 0.57149221624314694
decision_type=10 2 10 8 8 8 2 10 2 10 2 2 2 10 10 2 2 2 2 2 10 10 10 10
left_child=1 2 3 11 -5 -2 -7 9 -9 10 21 12 -1 14 -14 -13 -3 19 -19 -18 -4 -6 -23 -24
right_child=5 16 20 4 7 6 -8 8 -10 -11 -12 15 13 -15 -16 -17 17 18 -20 -21 -22 22 23 -25
leaf_value=-4.2618674317124177e-05 -0.0032795311718027244 -0.0065793080611949743 0.0013358685916637909 -0.003490617611557304 0.00089180591411161254 0.0041856604629740505 -0.0055492608994195227 0.0055194888457858497 -0.0026537158733307121 -0.0033185791492806975 -0.0028869030032804268 0.0018328336885329902 0.002994655286071392 0.0079193523116344797 -0.002187356539934533 0.0090899140804032146 -0.0026144406429838541 0.0057828573422472954 -0.004185656480062909 0.0080887323937676135 0.012571767179068024 -0.00090845646397779767 0.01075934629777067 -9.126910638063211e-05
leaf_weight=261.26952750235796 252.30146086215973 36.782447040081024 14.941853396594526 161.61087021976709 204.42747699469328 45.417936787009239 13.528745256364344 88.945108376443386 33.615150429308414 102.2338485121727 84.847357012331486 42.93155924975872 172.28839223086834 34.804621458053589 46.699861422181129 34.743762344121933 14.34476827085018 12.842726327478884 80.720943383872509 18.648918241262436 13.302072547376154 20.826481699943542 33.156239479780197 15.189236015081404
leaf_count=1630 2087 331 98 1210 1455 332 101 612 240 756 638 240 1040 214 306 194 123 111 705 162 87 150 204 111
internal_value=1.06819e-05 0.00048713 0.000831582 0.000678476 -0.000292951 -0.00231014 0.00178267 0.000603994 0.0032604 -0.00011619 0.000813288 0.00189647 0.00135536 0.00278301 0.00187116 0.0052976 -0.00235205 -0.000998189 -0.00267681 0.00356871 0.00732539 0.0019823 0.00502877 0.00751466
internal_weight=1840.42 1529.17 1365.83 1337.59 744.852 311.248 58.9467 583.241 122.56 460.681 358.447 592.738 515.062 253.793 218.988 77.6753 163.34 126.557 93.5637 32.9937 28.2439 273.599 69.172 48.3455
internal_count=13137 10617 9185 9000 5376 2520 433 4166 852 3314 2558 3624 3190 1560 1346 434 1432 1101 816 285 185 1920 465 315
is_linear=0
shrinkage=0.01


Tree=106
num_leaves=25
num_cat=0
split_feature=271 11 102 105 23 39 71 17 40 272 209 216 150 160 115 146 235 2 70 263 279 279 125 82
split_gain=22.6194 12.5605 14.095 13.7868 12.0438 11.3754 14.2847 13.5535 12.7817 15.1978 14.3364 11.5316 11.4773 16.0158 11.3196 12.3039 11.027 10.6975 13.0774 11.7756 10.6968 15.3246 13.5784 9.77494
threshold=0.10952046704805242 0.63725441079349976 0.64910327237399745 0.83677099456649129 0.46933363344764073 0.079184234541233023 1.8620673714001119 3.5196767462559664 0.0078791892143574051 0.091260458964476918 0.7563382541720155 2.0578481594406877 0.054568012632528771 0.068215538171027795 -0.46602931590100183 0.27205442176870759 0.0052151327241079211 0.66874926352175745 0.51657186066460781 -0.14994981349756711 0.038531414115433045 0.0098806389628353659 0.45567154127320558 0.81384344644133166
decision_type=2 10 10 10 8 2 10 2 2 2 2 2 10 10 10 10 2 10 10 10 10 8 10 10
left_child=1 2 3 17 -4 8 11 -8 12 10 -10 -7 20 -14 15 -3 -15 18 -1 -20 21 22 -2 -9
right_child=5 14 4 -5 -6 6 7 23 9 -11 -12 -13 13 16 -16 -17 -18 -19 19 -21 -22 -23 -24 -25
leaf_value=1.4653669953295682e-05 -7.0290999981443373e-05 -0.0065910432256901302 0.0020036979359477659 0.0027771922071848005 -0.0039171202171989538 -0.00024204955381264688 0.0054699005350724488 -0.0018976520116130516 0.017595120716501524 -0.00070880547781469326 0.0044017346516846091 -0.0061225319646288304 -0.0046377730110102764 0.00037179440745909831 0.0021149077382805631 0.0037910813490585693 0.0084958568492016946 -0.0011991639835093129 0.0015875661097216904 0.013531639887621391 -0.00072814595705610692 0.011744612915480438 0.0079456731216607616 0.0055521395327912636
leaf_weight=85.217314310371876 53.290456332266331 85.890090979635715 41.019177995622158 160.76531829684973 165.49917604029179 233.01388501375914 81.031309813261032 70.242625586688519 14.396448239684103 16.274585857987404 21.388460054993629 36.215978555381298 48.675683386623859 71.683123417198658 23.883818730711937 11.093491233885286 19.179019890725613 459.97270673513412 18.936721175909042 13.461946606636046 37.748865053057671 25.772505290806293 31.858837828040123 20.359185844659805
leaf_count=613 321 702 334 1115 1370 1549 521 471 86 105 133 258 333 473 188 75 121 3489 125 86 233 154 187 140
internal_value=0.000116803 -0.000829249 -0.000434358 0.000212977 -0.00272506 0.00140717 0.000339547 0.00257283 0.00277322 0.00722014 0.0106392 -0.00109245 0.00190387 -0.000155345 -0.00382726 -0.00531928 0.00230295 -0.000509101 0.00214585 0.00726979 0.00380993 0.00534282 0.0030771 -9.4907e-05
internal_weight=1846.87 1065.74 944.872 738.354 206.518 781.131 440.863 171.633 340.268 52.0595 35.7849 269.23 288.208 139.538 120.867 96.9836 90.8621 577.589 117.616 32.3987 148.671 110.922 85.1493 90.6018
internal_count=13182 8097 7132 5428 1704 5085 2939 1132 2146 324 219 1807 1822 927 965 777 594 4313 824 211 895 662 508 611
is_linear=0
shrinkage=0.01


Tree=107
num_leaves=25
num_cat=0
split_feature=5 5 100 114 131 13 36 279 302 312 190 71 150 149 291 77 22 309 299 320 148 107 137 252
split_gain=23.4412 25.0115 18.6595 18.4738 14.9539 14.6512 12.6992 11.6809 11.0377 10.9171 13.7209 10.3237 17.6969 10.2127 10.2105 10.2 13.6584 10.1904 9.7792 9.59657 8.68538 9.60815 9.09594 13.2365
threshold=-2.8996003220412478 -2.8712440139818409 0.67990093796261097 0.71170873479357177 2.8282192856284003 0.63384207420994632 0.028447945815215196 0.0057694344935970152 0.0063901060318089379 -0.38503195380240418 76.500000000000014 1.5050510566353907 0.0035150362005485687 0.26988996007400917 1.8860199756967242 1.8332796527087114 -0.31449393335281733 0.0014227267517709088 -0.031093402490753815 -0.084724045856571714 0.12907656859269764 0.39956570474572184 0.19109113949378068 26.500000000000004
decision_type=2 2 8 8 8 10 2 8 2 2 2 10 10 10 2 10 10 2 2 2 8 8 2 2
left_child=-1 -2 5 9 8 11 17 -6 -5 10 -4 12 -3 15 -12 16 -11 -7 -14 -8 -9 -22 -23 -24
right_child=1 2 3 4 7 6 19 20 -10 13 14 -13 18 -15 -16 -17 -18 -19 -20 -21 21 22 23 -25
leaf_value=-0.0030403939644998716 0.0033881474117934064 0.0028999289333257591 -0.0050816772879810181 0.0012947339352130012 0.0010758799319723579 -0.0019280852537553086 0.014770533779498846 -0.0053106215556296211 0.0076197309243892734 -0.0018654988504550466 0.0079307365020178881 0.0080147460230763357 0.0020682907559693661 0.0074438333325510765 -0.0036300980226229656 -0.002617299211882299 0.0069365614295517136 0.0067233992657597177 -0.0057026052520852558 0.0035072445134433695 -0.0024053336362888545 -0.0011121547095661131 -0.0026423571807540208 0.0097102656181422466
leaf_weight=217.11833840608597 241.37958270311356 87.40219608694315 164.33875974267721 82.461370795965195 289.91334811598063 26.514222912490368 17.962900266051292 53.308685831725597 40.218205772340298 39.002450220286846 13.223629467189314 14.38506345450878 20.51429808139801 11.241601452231405 12.064794801175593 169.36130404472351 27.86877878010273 22.970464304089546 55.312414266169071 15.939750410616396 141.813536696136 43.044783532619476 11.53784494102001 22.292497090995312
leaf_count=1913 1423 526 1227 544 2095 178 107 422 265 264 93 91 141 85 89 1286 183 151 387 97 1027 310 85 152
internal_value=2.30225e-05 0.000437778 -8.24355e-05 -0.000644514 0.000380244 0.00231028 0.00569529 -0.000313672 0.00350182 -0.00224389 -0.00403319 0.000650841 -0.000118025 -0.000838586 0.00256968 -0.00132071 0.00192146 0.00221554 -0.00358864 0.010183 -0.00179424 -0.000875407 0.00191936 0.0055915
internal_weight=1841.19 1624.07 1382.69 1121.69 684.59 261.001 83.3873 561.911 122.68 437.101 189.627 177.614 163.229 247.474 25.2884 236.233 66.8712 49.4847 75.8267 33.9027 271.997 218.689 76.8751 33.8303
internal_count=13141 11228 9805 8127 4900 1678 533 4091 809 3227 1409 1145 1054 1818 182 1733 447 329 528 204 1996 1574 547 237
is_linear=0
shrinkage=0.01


Tree=108
num_leaves=25
num_cat=0
split_feature=32 150 109 147 185 131 162 77 170 212 120 109 239 10 249 193 147 74 36 107 176 302 302 116
split_gain=26.5838 20.4964 22.0531 19.7448 13.7548 11.276 11.1854 16.6435 13.1834 12.5658 11.936 12.5777 11.622 13.9172 11.6384 10.5607 9.71407 9.4228 12.9699 10.9049 11.9136 10.4426 9.30098 11.2111
threshold=0.0014316399604838677 0.048826334128002941 1.2469916402469974 0.1461861667744021 0.49675324675324678 2.4859027537237481 0.016824413976116764 3.006105352111764 3.1944406641941501 0.41213235294117651 1.2398210213969316 2.3487247349341756 0.87270584324153755 1.8918961652086315 0.079473684210526321 0.68689867383201875 0.24122315592903831 83.500000000000014 0.0080443373272207509 0.29080678368324925 12.573635949892191 -0.015976262338173123 0.0042473169821551334 -0.30824108908828485
decision_type=2 8 10 10 10 10 10 8 10 2 10 10 10 2 2 8 8 2 2 10 2 2 2 10
left_child=1 5 15 6 -5 22 7 8 -4 12 11 -11 14 -14 -8 16 -3 -6 -19 21 -21 -20 -1 -24
right_child=-2 2 3 4 17 -7 9 -9 -10 10 -12 -13 13 -15 -16 -17 -18 18 19 20 -22 -23 23 -25
leaf_value=0.0010760274318670569 -0.003616472268995868 -0.0011312509838927096 -0.0023029555423961252 0.0099122926476806327 -0.0028870131495406645 -0.0041488668982368072 -0.0040360830076551649 -0.0055251643313345769 0.0079483454392576952 -0.0012003393080291451 -0.006115129219969929 0.0086343969105629331 0.010543081510061501 0.00094785364442601246 0.0061224403663634325 -0.0032166703968565997 0.0055779552564942259 0.010573423802149177 -0.0027603598657065902 0.0074719713699261817 9.8639791348071682e-05 0.0020034968673318097 0.0021643196085649585 0.0066333312502516685
leaf_weight=247.88451008498669 170.93082691729069 100.37237418442965 30.657771795988083 19.9913484826684 35.187992863357067 24.518723301589489 31.992357738316059 91.7463323995471 17.310444004833698 77.9461320489645 37.883321218192577 12.653141573071478 28.277526244521141 31.09465105086565 13.839640729129313 276.56017649918795 24.432903423905373 15.623784340918062 61.622827105224133 56.262649975717068 35.393807083368301 157.86964559555054 158.63774532079697 89.095748193562031
leaf_count=1548 1539 759 227 126 242 162 243 752 126 574 292 87 207 246 102 2149 172 104 405 345 224 1043 962 552
internal_value=0.000106438 0.000492009 -0.000249392 0.000755973 0.00234725 0.00213512 -0.000874494 -0.00308363 0.00161411 0.00046318 -0.00161605 0.000383092 0.00298756 0.00580678 -0.00076953 -0.00213597 0.000269178 0.00185274 0.00238667 0.00188044 0.00472395 0.000643314 0.0024699 0.00383258
internal_weight=1847.79 1676.86 1156.72 755.353 381.952 520.137 373.401 139.715 47.9682 233.687 128.483 90.5993 105.204 59.3722 45.832 401.365 124.805 361.961 326.773 311.149 91.6565 219.492 495.618 247.733
internal_count=13188 11649 8425 5345 2489 3224 2856 1105 353 1751 953 661 798 453 345 3080 931 2363 2121 2017 569 1448 3062 1514
is_linear=0
shrinkage=0.01


Tree=109
num_leaves=25
num_cat=0
split_feature=271 76 73 174 119 94 81 123 5 76 108 57 106 71 279 201 194 160 315 48 201 268 189 58
split_gain=24.3327 15.1494 12.6288 20.5029 17.5564 12.1171 12.0319 14.3512 12.3453 11.4252 11.0852 13.4464 11.0744 10.3452 10.3134 12.6953 10.3538 10.3086 10.2204 11.4388 14.3207 10.1106 12.0836 9.75555
threshold=0.067822972005887092 0.69976979116964266 315.53479370826329 78.325416666666683 0.49265807984373905 0.42335183817591715 0.94026772506820999 0.42827496119539338 -2.8935132521978844 0.76406935757629135 1.4714490539871266 0.32293934403392494 0.56303891317684829 1.295347410432907 -0.014120631479229815 0.63250300120048031 0.060737812911725968 0.040032051282051291 -0.10822778297523582 114.50000000000001 0.78273291925465849 0.28275785421986616 -0.33692331347287818 0.99796416950432498
decision_type=2 8 2 10 8 10 10 10 2 10 10 10 10 10 10 2 10 10 2 2 2 2 8 10
left_child=1 5 4 9 6 -1 7 8 -2 17 21 -12 -11 -9 15 -5 -16 -4 19 20 -10 22 -3 -8
right_child=2 10 3 14 -6 -7 23 13 18 12 11 -13 -14 -15 16 -17 -18 -19 -20 -21 -22 -23 -24 -25
leaf_value=-0.001482835217293241 -0.0023837268087496147 -0.0031031089023541587 0.00016183818984628494 0.0015090344954470942 -0.0021687372017088857 0.0087493645486756803 0.0066750200620363798 -0.0026312174405946011 0.0093671949581279664 -0.0045438877423043854 0.010943125318074469 -0.0015878589900908779 0.00098096911579984491 0.00053689984162703062 0.0071265602526596932 0.01290245395162392 -0.00022178380063764304 0.0083287655841041541 -0.0018456508695151167 -0.0002501809477571962 0.0025452921167546244 -0.0038626750943682414 0.0026982094966267124 -2.9188018096311713e-06
leaf_weight=21.1977159678936 41.209323696792126 78.849511630833149 31.416380196809769 15.390540719032286 233.99732389301062 20.600461460649967 58.045562654733658 156.26790170371532 59.291321069002151 50.114050388336182 10.701230928301809 21.397989735007286 112.42139925807714 289.63506530970335 32.816233076155186 30.118830867111683 40.567988894879818 28.309248529374599 28.662730768322945 39.236937344074249 67.897108033299446 281.28159546852112 61.194865584373474 33.668242238461971
leaf_count=150 317 622 202 103 1816 139 350 1133 336 357 76 178 779 1972 225 204 280 176 181 225 395 2254 475 218
internal_value=8.39529e-05 -0.00180506 0.000780465 0.00243524 0.000214093 0.00377337 0.000941152 0.000474038 0.00245195 0.00061502 -0.0023418 0.00311081 -0.000765169 -0.000580751 0.00573594 0.00938529 0.00319413 0.00425139 0.00349806 0.00443989 0.00586838 -0.00277764 -0.000557804 0.00428641
internal_weight=1844.29 495.223 1349.07 341.155 1007.91 41.7982 773.914 682.2 236.297 222.261 453.425 32.0992 162.535 445.903 118.894 45.5094 73.3842 59.7256 195.088 166.425 127.188 421.326 140.044 91.7138
internal_count=13163 3894 9269 2326 6943 289 5127 4559 1454 1514 3605 254 1136 3105 812 307 505 378 1137 956 731 3351 1097 568
is_linear=0
shrinkage=0.01


Tree=110
num_leaves=25
num_cat=0
split_feature=271 76 106 294 71 77 3 303 262 105 73 118 79 105 284 262 13 117 165 210 120 79 315 284
split_gain=19.2299 15.4831 11.324 10.6872 11.8998 18.1833 17.7029 15.4197 11.5956 10.2463 16.8364 9.88458 10.5392 11.6337 13.6544 10.885 9.67045 9.64038 13.2427 11.3253 10.9666 9.33306 9.17086 9.15083
threshold=0.067822972005887092 0.707009975630013 0.24627883232131662 -0.13667565238805349 1.8389733079629436 3.1187112803743831 2.5471693845014545 0.00094467628788861039 0.47835466666791071 1.1601474030460397 264.51289926031683 6.5000000000000009 82.795235970020755 -0.18111620270963319 0.085952993194815211 -0.99788036317089934 0.63006503548486192 0.44827824616950457 179.86449074074076 0.075093984962406032 0.50641174665346289 626.48927862855351 -0.47906006785042266 0.063497259241940121
decision_type=2 10 8 2 10 10 2 2 10 10 2 2 2 10 10 10 10 10 2 2 10 2 2 8
left_child=1 16 -3 8 6 7 11 -6 -2 -7 21 -5 13 15 -15 -13 -1 20 19 -19 -14 -11 -12 -9
right_child=3 2 -4 4 5 9 -8 23 -10 10 22 12 17 14 -16 -17 -18 18 -20 -21 -22 -23 -24 -25
leaf_value=-0.00023438289653138829 0.0061540097627477775 0.0051515859023901472 -0.0026746292982239694 -0.004301783987111024 0.0016793915884859723 -0.0017157794882229208 -0.0022461385282339591 0.0047723886317012484 -0.0022438882168201836 0.0031002781221983527 0.00055111400593847932 0.0051946312121786192 0.0050200040067115495 0.0084590523911768165 -0.0020605654960866417 -0.0042231562428265788 0.0075932824791390312 -0.0024129973959751039 0.0074467923062852513 0.0039175462541247838 -0.0024753541650236223 -0.0053524945517874067 0.010140830879578178 0.012889574837445125
leaf_weight=38.469228312373161 62.287831597030163 16.705018885433674 410.37479510903358 31.163284651935101 175.03727982193232 171.23892334848642 301.53549271076918 66.9458302333951 20.125677011907101 20.835393376648426 16.04692679643631 18.708964742720127 19.999997779726982 55.7120521068573 14.220028735697268 25.65203919261694 23.457095980644226 60.678145989775658 32.859245024621487 48.040510341525078 133.8505560234189 26.590782530605793 26.24707268178463 18.022343084216118
leaf_count=284 410 130 3279 224 1129 1277 2218 428 148 144 108 112 122 340 95 170 158 403 212 317 905 200 176 111
internal_value=3.81221e-05 -0.00165396 -0.00233415 0.000655891 0.000422747 0.00157747 -0.000389103 0.00343436 0.00408493 -0.000285858 0.00240126 0.000884956 0.00130881 0.00384815 0.00630917 -0.00015628 0.00291804 0.000295729 0.00215974 0.000403803 -0.0014212 -0.00165355 0.00678841 0.00686686
internal_weight=1834.8 489.006 427.08 1345.8 1263.38 520.965 742.42 260.005 82.4135 260.959 89.7202 440.885 409.722 114.293 69.9321 44.361 61.9263 295.428 141.578 108.719 153.851 47.4262 42.294 84.9682
internal_count=13100 3851 3409 9249 8691 3573 5118 1668 558 1905 628 2900 2676 717 435 282 442 1959 932 720 1027 344 284 539
is_linear=0
shrinkage=0.01


Tree=111
num_leaves=25
num_cat=0
split_feature=32 75 84 286 75 160 179 113 308 208 105 131 57 57 83 270 178 77 239 230 35 118 59 160
split_gain=20.4352 19.5753 15.1213 16.9902 13.4756 17.3877 18.3386 13.0895 13.357 12.624 11.2985 11.9838 10.5786 11.1581 10.4492 10.4385 10.4276 14.1409 11.1511 10.035 10.0158 9.99983 9.87732 10.107
threshold=0.0014316399604838677 0.42798048920673565 20.772437843246983 2.7704081602805215 -0.51264193702449345 0.059691595075022773 3.4653775322283615 0.26477367783031797 0.00096434995150460154 2.2216018788111462 0.19873710666551034 1.7414327115246062 0.050646426333576355 -0.32583800853133932 3.5013525619451138 0.054802181974196319 0.89518823075934739 3.18947196084074 0.64595714037286001 86.500000000000014 0.0060012004801920779 20.500000000000004 2.6509711376774034 0.035912789805005375
decision_type=2 8 2 2 10 10 2 10 2 2 10 10 10 10 10 2 2 10 10 2 2 2 8 10
left_child=1 2 4 16 10 20 12 -3 14 -10 11 19 13 -7 -9 -2 -4 18 -18 -1 22 -17 23 -6
right_child=15 7 3 -5 5 6 -8 8 9 -11 -12 -13 -14 -15 -16 21 17 -19 -20 -21 -22 -23 -24 -25
leaf_value=-0.0049207209797802734 -0.0071087848667259965 -0.0031779861593315257 0.007473166283597326 -0.0013597456218529694 -0.0012743011743343814 0.0041230505394824583 0.0078447512228145659 -0.001718440659499327 0.0084453974133025991 -1.8873720490249009e-05 0.006760041035701948 -0.0047947010439963692 0.0046725484754380937 -0.0017535686947175392 0.00577545940373569 -0.0064142635579432184 0.0009296668366095812 -0.0031048082618947799 0.0072601738201474187 0.00290944505929224 -0.0041830259940249543 0 -0.0039154792374597926 0.0036054594316180162
leaf_weight=15.365019991993902 47.043225489556789 207.74356288462877 72.821915067732334 64.135303869843483 106.36966631561518 37.690648823976517 36.499315835535526 211.71245831996202 29.839436367154121 37.695612393319607 44.786713406443596 25.165721550583839 45.135523207485676 156.27809860557318 17.556552089750767 29.71321927011013 52.997683703899384 30.049344643950462 59.087591372430325 175.41666532307863 116.66800051927567 95.668048195540905 62.957081824541092 66.570375964045525
leaf_count=101 441 1706 441 416 758 243 249 1600 211 282 252 160 306 1108 129 271 325 200 360 1028 821 847 461 457
internal_value=2.91031e-05 0.000369474 0.00108036 0.00309922 0.0004375 -0.000355886 0.00151512 -0.00127102 7.78408e-05 0.00389651 0.00233602 0.00133802 0.000463975 -0.000563506 -0.00107658 -0.00321925 0.00443464 0.00275497 0.00437265 0.00221067 -0.00182174 -0.00162687 -0.000613802 0.000626241
internal_weight=1844.97 1672.54 1167.99 279.092 888.903 628.169 275.604 504.548 296.804 67.535 260.734 215.947 239.104 193.969 229.269 172.424 214.957 142.135 112.085 190.782 352.565 125.381 235.897 172.94
internal_count=13173 11614 7686 1742 5944 4403 1906 3928 2222 493 1541 1289 1657 1351 1729 1559 1326 885 685 1129 2497 1118 1676 1215
is_linear=0
shrinkage=0.01


Tree=112
num_leaves=25
num_cat=0
split_feature=122 105 76 124 149 160 92 174 85 193 102 69 146 174 81 197 233 123 197 238 225 273 143 176
split_gain=19.0635 20.0706 19.2252 17.576 13.4559 14.2749 14.2024 14.5325 13.2157 11.6671 11.2754 11.4638 11.0172 10.8869 10.186 11.1738 9.99142 9.98435 11.097 9.93244 9.70701 9.16633 10.915 8.88841
threshold=0.62680524993752162 0.93544260628691212 1.2093069039219426 5.5000000000000009 0.092335018445142789 0.037056654111738863 288.50000000000006 54.476250000000007 40.675938059268809 0.81678403755868556 -0.059292897568271094 -0.2854395746285468 0.17339250881368676 77.257500000000007 -0.050943732697391324 -0.11596240305029572 0.84344241133378517 0.30397068687714751 -0.32954952144953481 -0.080726059847162024 0.78269011561634927 5.4082838600369101 0.0037914726007705142 12.534237608086714
decision_type=10 10 8 2 10 10 2 10 2 8 10 10 10 10 10 10 2 8 8 2 2 10 10 2
left_child=1 3 8 10 12 -6 -7 -8 19 -2 11 14 23 -10 -1 17 -9 18 -16 -3 -19 22 -14 -5
right_child=9 2 -4 4 5 6 7 16 13 -11 -12 -13 21 -15 15 -17 -18 20 -20 -21 -22 -23 -24 -25
leaf_value=-0.0038657617585632132 -0.00059962439359118025 -0.0033494235342394932 -0.0040128893305447387 0.011725695822729691 -0.0034575700576346458 -0.00044273274777959919 -0.0007588551070855929 0.0081880103838049521 0.0016313274789042432 -0.0040117389922086398 -0.0029539680730965019 0.0065118939081471048 0.010076665523587422 0.008833014589100064 0.00046231516191486154 -0.0044046802762608955 -0.0014982892154375819 -0.0023726511401464313 0.011368117202310308 0.0058757978633596089 0.002797047870273526 -0.0025469820773005359 0.0020971701084008944 0.0017865596293909494
leaf_weight=66.359397292137146 322.72619569301605 26.348689690232277 24.889958247542381 21.104381561279297 86.337210170924664 218.14084467291832 41.60867515206337 58.853330463171005 30.787335425615311 143.95782706141472 212.34636179357767 22.323447957634926 16.581202685832977 78.625772126019001 18.632179245352745 34.774839259684086 11.706429228186606 66.352412067353725 16.806582614779472 16.593956433236599 73.552119940519333 34.093167752027512 184.84275217354298 16.749727852642536
leaf_count=479 2564 171 178 140 640 1503 285 396 185 1200 1631 151 98 472 112 237 84 459 100 111 504 222 1144 108
internal_value=6.80198e-05 0.000660163 0.00377373 0.000192062 0.00123178 9.39439e-05 0.00104685 0.0038919 0.00510249 -0.00167221 -0.00120858 4.45928e-05 0.0029435 0.00690812 -0.000534885 0.000549856 0.00657142 0.00159268 0.00612048 0.000336706 0.000339716 0.00207772 0.00288998 0.00778431
internal_weight=1845.09 1378.41 177.246 1201.17 690.018 416.646 330.309 112.168 152.356 466.684 511.147 298.801 273.371 109.413 276.478 210.118 70.5598 175.343 35.4388 42.9426 139.905 235.517 201.424 37.8541
internal_count=13174 9410 1117 8293 4620 2908 2268 765 939 3764 3673 2042 1712 657 1891 1412 480 1175 212 282 963 1464 1242 248
is_linear=0
shrinkage=0.01


Tree=113
num_leaves=25
num_cat=0
split_feature=5 5 181 76 71 118 131 316 118 270 88 308 198 82 75 116 89 38 220 8 103 117 7 42
split_gain=20.5541 30.6651 15.2205 13.8237 12.4239 11.4581 13.0241 15.234 11.229 12.2828 10.701 10.2564 10.1981 10.6452 9.98371 10.3755 10.0985 9.04852 8.96507 12.0309 8.76266 14.3419 14.2931 11.2033
threshold=-2.8983711643309662 -2.8773415074710829 0.054460838240686822 0.79026277708250248 2.4486637781047116 79.500000000000014 1.1600207102687075 0.016391404825814238 20.500000000000004 0.054802181974196319 1.5899667344525585 -0.00095141100867828963 115.50000000000001 0.62864348710507134 0.62856118397100336 0.37942754127063949 2.2175844196081957 0.34526075037669784 0.46252753303964761 -0.68305249240244426 0.83478443456242912 0.8561287652976467 -0.4930504224520193 166.50000000000003
decision_type=2 2 2 8 10 2 8 2 2 2 10 2 2 10 8 10 8 2 2 2 8 10 2 2
left_child=8 2 -2 5 -5 6 7 -3 -1 -10 14 -7 13 20 16 -16 -6 -15 19 -18 21 23 -22 -8
right_child=1 3 -4 4 10 11 12 -9 9 -11 -12 -13 -14 17 15 -17 18 -19 -20 -21 22 -23 -24 -25
leaf_value=-0.0069774190085554293 0.010487981654526409 -0.00033736810864077698 0.0027804666767875076 -0.001519070810558692 -0.0028874046285493329 0 0.00033749681490109757 0.01279797392695105 -0.0057260408825864093 3.3414773713825114e-05 -0.0070548046904742295 0.0070628334793086233 0.0070382309961189004 -0.0022626183900475009 -0.0045480327313112126 0.0015470110109809018 0.0083757968114860776 0.0072846568549500487 0.0089052650216132085 -0.00055659340861252942 -0.0059277107499704001 0.0081566556231348394 0.0042495736911766432 -0.005503895592861136
leaf_weight=47.052238784730434 27.800179928541183 16.893446490168575 191.3057920858264 680.93261321634054 17.717666648328304 32.352134145796299 157.26795186847448 15.020267754793165 48.333871528506279 132.5966172888875 12.429910846054552 54.127136081457138 16.287277095019817 13.056710012257097 38.107298865914345 84.908907674252987 19.899082772433758 26.851308152079582 33.852105833590031 43.262920439243317 64.543237537145615 16.480564802885056 15.040817528963087 38.480211265385151
leaf_count=428 155 100 1106 5090 116 203 1014 82 438 1140 94 338 104 96 309 640 129 179 207 288 466 98 106 250
internal_value=3.31506e-05 0.00043155 0.00388466 -0.000115898 -0.000819876 0.00128381 0.000518982 0.00635644 -0.00275805 -0.00156439 0.00107488 0.00450917 -6.05835e-05 -0.000468946 0.00158239 -0.000393083 0.00366743 0.00419465 0.00492274 0.00248158 -0.00114445 -6.40398e-05 -0.00391186 -0.000868016
internal_weight=1844.6 1616.62 219.106 1397.51 931.111 466.401 379.922 31.9137 227.983 180.93 250.178 86.4793 348.008 331.721 237.748 123.016 114.732 39.908 97.0141 63.162 291.813 212.229 79.5841 195.748
internal_count=13176 11170 1261 9909 6873 3036 2495 182 2006 1578 1783 541 2313 2209 1689 949 740 275 624 417 1934 1362 572 1264
is_linear=0
shrinkage=0.01


Tree=114
num_leaves=25
num_cat=0
split_feature=32 122 117 141 143 114 76 114 114 315 166 65 120 28 184 141 236 253 283 107 89 310 135 1
split_gain=21.6392 18.2926 19.023 18.2808 13.2801 13.1331 16.5151 15.3987 13.2807 17.4715 11.6098 12.1412 11.4437 10.7489 12.7626 13.9381 10.5291 13.9629 12.0823 10.179 9.60283 11.1081 10.548 10.1635
threshold=0.0014316399604838677 0.26025589624797435 1.1899112984831832 0.013797430017738936 0.17907926583299719 0.72620955713536361 0.7497525819723857 0.47499818936807098 0.77245507849065664 -0.45893624556897178 139.50000000000003 3.4708443423367918 0.54515546181929897 0.23108406709297266 1.7440883394490216 0.0059376560801480752 0.22490654660163148 54.500000000000007 0.0039270980289655404 0.10506325114210942 3.807883532725453 -0.3709910913738656 0.084356174698795194 0.48760999656663156
decision_type=2 8 10 2 10 8 10 10 10 2 2 8 8 2 8 2 2 2 10 10 8 2 2 2
left_child=1 4 10 -4 5 6 7 12 9 -7 11 -3 -1 14 15 -10 -9 -18 -19 -8 21 23 -23 -5
right_child=-2 2 3 20 -6 8 19 16 13 -11 -12 -13 -14 -15 -16 -17 17 18 -20 -21 -22 22 -24 -25
leaf_value=0.0020666191461770605 -0.0033625788353594654 0.010669739091422594 0.0081110054975771471 0.0074803228610038561 0.0077981509528086178 -0.0016309943893570108 -0.0026334036067258361 0.0090559962475825918 0.0020672570415432197 0.0093675305808137415 -0.0027475830003709512 -0.0022455929737426835 -0.004202711445000628 0.0035774461177775431 0.0042389309213962788 -0.0060385081392734007 -0.0009868753457270181 0.0068479025783362889 -0.001459171882253911 0.0034080639589249805 -0.0011932846831665227 0.0047149623109666236 -0.0021296036794146199 -0.0017815858022065584
leaf_weight=53.126650504767895 170.73503668606281 11.013054162263868 28.489992879331112 45.885681256651878 28.078722357749939 18.473609566688538 204.05439683794975 26.009579055011272 33.982639126479626 51.264920078217983 370.31727114319801 13.44491032510996 58.034596495330334 125.52071242034435 35.13089395314455 48.50386655330658 69.073089264333248 69.834895752370358 21.660405494272709 29.603347755968571 219.37625706940889 29.460957065224648 71.455476522445679 14.184807427227495
leaf_count=329 1550 83 187 315 150 113 1420 164 196 316 2972 108 385 744 215 306 431 412 131 193 1652 213 508 104
internal_value=-6.98848e-07 0.00034629 -0.00074008 0.000767992 0.00134738 0.00110622 0.000143688 0.00170015 0.00272182 0.00649031 -0.0022988 0.00403806 -0.00122075 0.00157434 -0.000588933 -0.00272962 0.00343794 0.00238012 0.00488587 -0.00183197 0.000159303 0.00199737 -4.73283e-05 0.0052955
internal_weight=1846.72 1675.98 803.628 408.853 872.352 844.274 531.397 297.739 312.877 69.7385 394.775 24.458 111.161 243.138 117.617 82.4865 186.578 160.568 91.4953 233.658 380.363 160.987 100.916 60.0705
internal_count=13197 11647 6142 2979 5505 5355 3465 1852 1890 429 3163 191 714 1461 717 502 1138 974 543 1613 2792 1140 721 419
is_linear=0
shrinkage=0.01


Tree=115
num_leaves=25
num_cat=0
split_feature=271 2 114 149 100 114 273 52 215 323 175 174 118 126 13 279 112 114 193 80 127 83 236 80
split_gain=19.9752 14.4449 19.3197 19.4932 14.7663 12.422 11.9895 11.2316 11.7935 10.6715 11.8284 11.2921 11.573 12.5977 10.8667 10.4562 10.3558 8.93814 10.6328 10.6109 8.50977 11.9351 11.1287 12.237
threshold=0.13635587753583686 0.66874926352175745 0.71170873479357177 0.29104278074866313 1.0310751540054113 0.80148200733647679 5.4082838600369101 498.50000000000006 -0.85912716040195647 646.50000000000011 16.120353451838493 73.231527777777799 18.500000000000004 0.43860548391720783 0.97503052524636435 -0.012162937798801452 64.500000000000014 0.47499818936807098 0.61566332218506148 26.500000000000004 0.67407461862324747 1.282798091272529 0.2216062653562654 16.500000000000004
decision_type=2 10 8 10 8 8 10 2 2 2 10 8 2 10 10 8 2 10 8 2 10 8 2 2
left_child=1 17 3 -3 -4 -6 9 8 15 10 11 14 -13 -14 -2 -7 -11 18 -1 -20 21 22 -19 -24
right_child=6 2 4 -5 5 7 -8 -9 -10 16 -12 12 13 -15 -16 -17 -18 20 19 -21 -22 -23 23 -25
leaf_value=0.0067632905813058376 0.0018754801604838232 -0.003206077027816826 0.0013459132641358276 0.0085358483398731994 -0.005388737050884114 0.010045025037499362 -0.0040246942971853177 0.0077669323636921916 -0.0016827680081943311 0.012175644880704091 -0.00067303744980396461 -0.0022233132619839109 0.011214115018882849 0.003889928339258449 -0.0063945500299466829 -0.00083759352949349525 0.0011462591236079307 0.0062269312065049414 -0.0054123547094910417 0.0017495923743885331 -0.0039947371920796863 0.0073124246385743007 0.0047991263123288563 -0.0052971587252758825
leaf_weight=13.152141667902468 98.233075611293316 381.25960701704025 374.58500427007675 11.966063551604746 63.099173925817013 14.359289251267908 29.588679693639278 12.414745971560476 280.31964043527842 17.841901168227196 128.85442143678665 19.088010050356388 30.689140066504478 102.47738640010357 16.007120296359062 16.999864481389526 15.944821774959562 24.972371630370617 42.218698233366013 35.979150056838989 12.246293127536772 57.793191991746426 16.109534211456776 30.240482501685619
leaf_count=90 603 2971 2594 91 530 103 189 91 2205 111 859 126 176 637 102 125 94 174 314 247 82 371 109 198
internal_value=6.06359e-05 -0.000537215 -0.000996042 -0.00278756 -6.30278e-05 -0.00142856 0.00186359 -0.000614323 -0.0010185 0.00229572 0.00179895 0.00299244 0.00475147 0.00578422 0.000581047 0.0045364 0.00749072 0.00172031 -0.000698313 -0.00215882 0.00327324 0.00404139 0.00119867 -0.00169304
internal_weight=1846.44 1387.72 1155 393.226 761.778 387.193 458.725 324.094 311.679 429.136 395.349 266.495 152.255 133.167 114.24 31.3592 33.7867 232.712 91.35 78.1978 141.362 129.116 71.3224 46.35
internal_count=13192 10295 8710 3062 5648 3054 2897 2524 2433 2708 2503 1644 939 813 705 228 205 1585 651 561 934 852 481 307
is_linear=0
shrinkage=0.01


Tree=116
num_leaves=25
num_cat=0
split_feature=119 5 109 75 148 109 148 116 316 60 107 268 137 294 66 170 182 226 294 24 146 39 111 306
split_gain=21.7164 16.9909 14.8801 13.2634 12.9497 12.6112 15.9382 21.2388 12.617 12.4919 13.112 12.2675 10.698 11.4946 11.2424 11.2261 10.3848 10.3833 10.0437 12.7173 10.7947 12.3894 10.0426 9.91067
threshold=0.44062539308307441 -2.8983711643309662 1.9359330962660362 0.7949214955853845 0.086165649232799887 1.1685457581177501 0.20527087513505174 -0.041767066284159944 -0.025943860061507115 -118.05640877832334 0.084975350273221048 0.28521875967302551 0.25009593246354572 -0.05384217447991712 17.628273088560235 5.9227678845935685 46.500000000000007 0.022750799924712971 -0.1333807416772019 -0.14060821159738637 0.15031677292593931 0.083946111561683343 1.5185297515910403 0.90070643599851608
decision_type=8 2 10 8 8 10 10 10 2 2 10 2 2 2 2 8 2 2 2 2 10 2 10 2
left_child=1 -1 4 23 -2 6 18 -8 -9 -7 11 22 13 17 -15 -14 -12 -6 -3 20 21 -20 -11 -4
right_child=2 5 3 -5 12 9 7 8 -10 10 16 -13 15 14 -16 -17 -18 -19 19 -21 -22 -23 -24 -25
leaf_value=-0.0022361645790039538 0.0043911808037024229 0.0069889215672365281 0.00099712465554325168 -0.0012701366388557212 -0.0054101543418497424 0.0058992961523924147 -0.0042399078520184543 -0.0058935439999321191 0.0042643323946917888 -0.0015939831440549099 0.0049762031666017639 -0.0029054438973789521 -0.0011086036178303373 -0.0078314173324910245 -0.0031371692573166398 0.0087036954393311973 -0.00094338018906651208 0.0019943585307949231 0.0090354849907208906 -0.0067010363570828829 0.00079965370386680598 -0.00098396346502081051 0.007267242454287547 0.0084471947441747981
leaf_weight=154.46556457132101 24.65513514727354 28.41463179141283 42.542496502399445 99.485377818346024 23.464294798672199 91.576340466737747 130.94898048788309 12.438798226416109 61.116887353360653 21.574571132659912 121.423613704741 84.49481226503849 48.446725197136402 64.998664565384388 252.7358043640852 12.27428664267063 37.500586435198784 64.755709439516068 33.039009220898151 17.187111347913742 337.58119075000286 17.768041707575321 25.355172164738178 29.560128942131996
leaf_count=1351 202 177 291 796 196 520 952 88 425 139 737 565 370 560 2038 90 226 515 232 129 2075 106 154 199
internal_value=8.36662e-06 0.000824938 -0.00143466 0.00108342 -0.00231727 0.00129422 0.000428457 -0.00185473 0.00237808 0.00272511 0.00167307 -0.000653636 -0.00269826 -0.00328178 -0.0041615 0.00115929 0.0035811 -7.12858e-05 0.00151172 0.00107957 0.00147262 0.00564611 0.00331477 0.00426933
internal_weight=1837.8 1174.89 662.919 171.588 491.331 1020.42 638.495 204.505 73.5557 381.925 290.349 131.425 466.675 405.954 317.734 60.721 158.924 88.22 433.99 405.575 388.388 50.8071 46.9297 72.1026
internal_count=13133 7876 5257 1286 3971 6525 4184 1465 513 2341 1821 858 3769 3309 2598 460 963 711 2719 2542 2413 338 293 490
is_linear=0
shrinkage=0.01


Tree=117
num_leaves=25
num_cat=0
split_feature=271 73 122 81 246 202 204 244 150 209 37 88 234 224 113 159 117 128 274 216 308 304 202 274
split_gain=20.7004 13.1249 12.7313 10.9865 12.1345 11.6659 11.3612 10.5426 12.7672 12.0265 11.6748 12.3773 11.7985 11.3317 10.6418 10.4901 10.3904 18.4716 10.1027 12.2707 9.61082 9.21712 8.60219 8.5453
threshold=0.13635587753583686 331.94907686362473 0.22767934043160357 0.74078096444041885 0.99914568256560699 0.079627799736495405 0.14729990356798459 0.020694444444444449 0.13261259155368557 0.75895069640263191 0.45076571669467275 0.41774288087703643 0.022085186170549709 1.557391510579758 0.27078455424476883 0.24039691127287038 1.1899112984831832 1.1153281437730718 4.8560508325756961 0.6094149870511022 0.0034061423612507203 -0.001151191591456435 0.12018518518518519 5.8721021528976793
decision_type=2 2 10 10 10 2 2 2 10 2 2 10 2 2 10 10 8 10 2 2 2 2 2 2
left_child=1 2 3 5 -5 15 -7 9 21 10 -3 12 -12 -11 -15 -1 -4 20 19 -8 23 -9 -21 -18
right_child=-2 7 16 4 -6 6 18 8 -10 13 11 -13 -14 14 -16 -17 17 -19 -20 22 -22 -23 -24 -25
leaf_value=-0.0022236859345106746 0.0018853905499741925 -0.0025545659975699611 -0.0035490690111514849 0.0053921514516148674 -0.0037454302161601051 -0.0039471480829211805 -0.00087962207240677951 0.002200695322202541 -0.00031182593908059703 0.0049955094195351128 -0.00099202198918395138 0.00074333187380354316 0.0095112785613922883 -0.0045708177270174059 0.0011670946798316459 0.0062720274201740964 0.0041010515163874715 -0.0031646173238186076 0.00014228264085170106 0.012239854160031999 0.010128676725221206 0.014137811833804304 0.0020381466681344156 -0.0020922176226287463
leaf_weight=282.47206096351147 456.49046311527491 36.172386214137077 280.46538306772709 60.68035701662302 16.499378032982349 26.873162619769573 17.566869676113129 12.473468624055387 23.421970546245575 19.937179088592529 13.107966609299181 66.805543407797813 42.629834726452827 91.200376488268375 47.395846635103226 12.558501586318014 45.208534345030785 123.29760807007551 62.56867553293705 24.374068580567837 11.759213350713251 14.892105147242544 14.142382286489008 38.865860760211945
leaf_count=1986 2882 259 2324 367 112 188 116 85 180 139 99 475 294 702 351 89 338 969 458 158 88 96 96 312
internal_value=4.47826e-05 -0.000563602 -0.0011488 -4.60594e-05 0.0033625 -0.000663188 0.00162967 0.00104769 0.00515051 0.000347844 0.00227635 0.00373596 0.00709562 -0.0015827 -0.00261744 -0.0018023 -0.00228284 -0.000632966 0.00296382 0.00593588 0.0026113 0.00944881 0.00891569 0.0012516
internal_weight=1841.86 1385.37 1017.33 517.735 77.1797 440.556 145.525 368.037 50.7875 317.249 158.716 122.543 55.7378 158.533 138.596 295.031 499.597 219.131 118.652 56.0833 95.8336 27.3656 38.5165 84.0744
internal_count=13163 10281 7601 3570 479 3091 1016 2680 361 2319 1127 868 393 1192 1053 2075 4031 1707 828 370 738 181 254 650
is_linear=0
shrinkage=0.01


Tree=118
num_leaves=25
num_cat=0
split_feature=5 5 76 109 103 114 103 116 161 65 221 109 215 238 105 136 131 128 313 193 59 143 30 139
split_gain=18.3339 34.5956 14.2538 15.5737 21.4104 11.4168 19.5198 12.4676 11.0705 12.677 10.4848 10.2254 15.3712 11.9073 10.4264 11.2625 10.1951 11.7961 9.8121 8.79743 11.3471 8.42968 8.36801 11.0274
threshold=-2.8983711643309662 -2.8712440139818409 0.707009975630013 2.2683624778100966 2.2125472470588039 0.68817831782585726 1.5370645691332652 0.3166692606237696 0.0066298423489421559 0.96186296003233307 -0.097397659140106022 1.42541270862765 -0.47546963091832439 -0.96266097311348886 0.31048109347497871 0.2205119700898511 1.7967942003397843 0.31714083938949483 -0.024492664198546548 0.87253384912959386 3.0423601243132237 0.014727572444907168 0.084762091375200035 0.15376290376290377
decision_type=2 2 10 10 10 8 8 8 10 8 2 8 2 2 10 2 8 10 2 8 10 10 2 2
left_child=-1 -2 8 5 -5 -4 11 -8 9 -3 18 12 13 -7 -15 -16 17 -11 -10 20 -13 -17 23 -9
right_child=1 2 3 4 -6 6 7 22 10 16 -12 19 -14 14 15 21 -18 -19 -20 -21 -22 -23 -24 -25
leaf_value=-0.0025843376570893347 0.0039922797688950159 0.0046192146047240789 -0.0024243496421103524 0.011226340858733749 -0.00056494880964613292 -0.0020680358052542276 -0.0037798405870079011 0.0002467985026817768 0.0024699900922120332 -0.0009887974416151208 -0.0028082175435618006 0.0072244845031366528 -0.0030378118706526113 0 0.00019490488765890285 0.0036343726590079696 -0.0026225563259178976 0.0086982650506707889 0.0097009156627117961 -0.003147277678115934 0.00050395398511633748 0.014322753660037909 -0.0022165622540466774 0.0087262821993398625
leaf_weight=227.13268754631281 230.85773781687021 51.616882257163525 360.95713569968939 22.521650046110153 38.171546027064323 38.38289450109005 170.50811896473169 66.134708888828754 42.991463258862495 31.383692987263203 14.390800826251505 66.269301295280457 85.742412209510803 31.886605709791183 16.439543165266514 15.382700376212595 110.63260532915592 17.427962601184845 35.455423429608345 14.002146229147909 40.713663376867771 19.13794681429863 79.020566076040268 17.30357875674963
leaf_count=2011 1325 318 2713 142 293 254 1374 476 267 185 94 400 613 219 108 101 757 105 224 92 252 117 623 118
internal_value=5.73295e-05 0.000432821 -0.000166078 -0.000704325 0.00410087 -0.00100128 -0.000215522 -0.00191438 0.00173678 0.000446043 0.00456029 0.00150787 0.00014091 0.00241535 0.00450399 0.00718949 -0.000955915 0.00273849 0.00597534 0.00378131 0.00475529 0.0102254 6.86953e-05 0.00224639
internal_weight=1844.46 1617.33 1386.47 1082.57 60.6932 1021.88 660.924 332.967 303.899 211.061 92.8377 327.957 206.972 121.23 82.8468 50.9602 159.444 48.8117 78.4469 120.985 106.983 34.5206 162.459 83.4383
internal_count=13181 11170 9845 7895 435 7460 4747 2591 1950 1365 585 2156 1412 799 545 326 1047 290 491 744 652 218 1217 594
is_linear=0
shrinkage=0.01


Tree=119
num_leaves=25
num_cat=0
split_feature=46 119 71 103 105 119 157 313 105 291 103 53 239 120 114 286 29 41 120 114 313 165 148 144
split_gain=18.006 17.4318 15.9578 14.0863 14.282 15.31 11.8811 11.5077 10.8877 11.3374 13.6964 11.2011 10.4101 9.72171 11.0079 10.827 10.311 10.9876 10.1678 9.74994 9.42295 12.79 16.5667 9.87306
threshold=1.0000000180025095e-35 -0.029785829606863341 1.2456346911122256 0.81808587953963507 0.59218300601778906 0.71806213238479166 0.50531975099037929 0.029850768612220819 1.0801467272519485 1.5789594470325807 1.3924654566302066 44.500000000000007 0.89671413078579409 0.56902338150885712 0.72620955713536361 2.9984939739964402 0.29309334195739184 342.50000000000006 0.76889629494685441 0.4783292139629774 0.040746092913722984 179.70700810185187 0.18496203816116116 0.014211277466609221
decision_type=2 8 8 10 8 8 8 2 8 2 10 2 10 8 8 2 2 2 8 10 2 2 10 10
left_child=1 6 -3 7 -5 8 13 -4 9 10 -6 12 -12 15 18 16 17 -1 19 -15 21 22 -10 -24
right_child=-2 2 3 4 5 -7 -8 -9 20 -11 11 -13 -14 14 -16 -17 -18 -19 -20 -21 -22 -23 23 -25
leaf_value=-0.0062422995573639681 -0.0026479886034091603 -0.0034427710593178985 0.0016562693848586163 -0.0023573707243999351 0.004799431090287333 -0.0011567882564249411 -0.0045970749424508565 0.011182628183293949 -0.00011677132843943149 -0.0022871703327477376 -0.0056204715824987742 0.0050832459135421336 0.0019955894589101524 -0.0021940981810857187 0.0035595562252357404 0.012550086863333034 0.0085051301495233083 0.0039606026363027715 -0.001434779659566777 0.0036504129011313774 0.011265569178803669 -0.0021743867779934647 0.0140149219430954 0.0027157798563481497
leaf_weight=14.122475571930407 207.19501699507236 137.11542860418558 40.383988618850708 215.88291016221046 93.182623229920864 282.44691824913025 24.486137419939041 16.77232801169157 28.592404283583164 79.985299907624722 41.496633648872375 23.036636218428612 27.959905669093132 35.439041033387184 179.29880661517382 14.557016000151632 20.600094452500343 25.088736787438393 145.96659611910582 113.83536355942488 15.293169945478438 29.247586280107498 20.479443170130253 14.420097194612024
leaf_count=90 1863 1071 274 1694 588 2242 155 109 190 551 304 151 204 224 1028 83 118 143 960 666 94 182 124 90
internal_value=0.000108458 0.000461361 -0.000294403 0.000178181 -0.000142702 0.000591453 0.00186307 0.00486566 0.00191426 0.000801592 0.00215194 -0.000568217 -0.00258268 0.00217526 0.001625 0.0054844 0.00325759 8.84251e-05 0.000424045 0.00224117 0.00455065 0.00313088 0.00557845 0.00992879
internal_weight=1846.88 1639.69 1066.3 929.18 872.024 656.141 573.394 57.1563 373.694 265.661 185.676 92.4932 69.4565 548.908 474.54 74.3683 59.8113 39.2112 295.241 149.274 108.033 92.7395 63.4919 34.8995
internal_count=13198 11335 7868 6797 6414 4720 3467 383 2478 1798 1247 659 508 3312 2878 434 351 233 1850 890 680 586 404 214
is_linear=0
shrinkage=0.01


Tree=120
num_leaves=25
num_cat=0
split_feature=32 119 109 152 83 58 123 109 67 108 315 235 109 89 183 77 135 145 235 97 313 149 161 34
split_gain=18.9936 18.0083 17.2118 19.5223 11.3163 15.2396 14.35 15.6964 14.7475 11.1273 10.9301 10.8749 10.7127 11.8591 10.3975 11.3137 10.9483 13.7877 12.3915 10.2146 10.0912 9.95871 11.3242 9.93469
threshold=0.0014316399604838677 -0.029785829606863341 1.2469916402469974 0.12185120558375635 1.3782477009697323 0.62722347343260132 -0.10896092029255984 0.40337131699278267 139.50392884067151 1.3790018892373621 -0.13666665479058371 0.01112141826427541 2.3487247349341756 4.757552154209848 -0.96418056525343421 3.0808778457217838 0.084356174698795194 0.061880216003927353 0.0037209334524032039 0.67140450097896787 -0.06235710101046759 0.11774608833432364 0.0044742953235105713 0.11882093145329159
decision_type=2 8 8 8 10 10 10 8 2 10 2 2 8 8 10 10 2 10 2 8 2 10 10 2
left_child=1 4 -3 9 6 -6 10 -8 -9 14 -1 12 -5 -14 -4 16 -16 -18 -19 -17 -2 22 -7 -11
right_child=20 2 3 11 5 21 7 8 -10 23 -12 -13 13 -15 15 19 17 18 -20 -21 -22 -23 -24 -25
leaf_value=0.0060197886035484073 0.0017024253630800493 -0.0021533103812678136 0.0067180365852330028 -0.0053432176433482635 0.0092397175705168106 -0.0001365278241945682 -0.0059127723121564345 0.0023855122234589039 -0.003538788607517958 -0.0010669888562177287 -0.0022616659016716396 0.0049091172599029561 0.0084179275676908808 -0.0025534335394181806 0.0076640595267874817 -0.0028742341293391876 -0.00056838463261741062 0.0013121618951552805 0.0091974715786259063 0.0011997049053604652 -0.0042765759737233549 -8.3285107124048076e-05 0.0059864206193697613 0.0077519361853683345
leaf_weight=63.364115133881569 33.650020584464073 344.1997824460268 26.142925955355167 94.721655495464802 35.454877488315105 43.416753038764 43.723351307213306 132.80929356068373 58.020579792559147 16.539311610162258 19.113952070474625 14.60506461560726 10.991763919591902 31.38216819614172 27.337805703282356 130.72292346507311 152.15757143497467 53.025615997612476 30.631925068795681 111.46922588348389 133.57703752070665 97.506657354533672 93.202943682670593 43.256857544183731
leaf_count=340 298 2688 176 793 212 262 297 846 372 116 120 113 80 253 185 990 1051 342 188 806 1236 590 528 279
internal_value=0.000124585 0.000447918 -0.000313641 0.000542216 0.00185576 0.00335183 0.000561981 -0.000703899 0.000553567 0.00136503 0.00407735 -0.00262448 -0.00351762 0.000620221 0.000887718 0.000548248 0.00197511 0.001228 0.00441833 -0.0010029 -0.00305918 0.00235587 0.0040702 0.00535877
internal_weight=1841.02 1673.8 1087.18 742.985 586.613 269.581 317.031 234.553 190.83 591.284 82.4781 151.701 137.096 42.3739 531.488 505.345 263.153 235.815 83.6575 242.192 167.227 234.126 136.62 59.7962
internal_count=13161 11627 8060 5372 3567 1592 1975 1515 1218 4133 460 1239 1126 333 3738 3562 1766 1581 530 1796 1534 1380 790 395
is_linear=0
shrinkage=0.01


Tree=121
num_leaves=25
num_cat=0
split_feature=32 21 109 149 57 105 153 226 161 209 149 157 85 217 240 150 245 191 105 134 128 161 109 120
split_gain=19.6776 18.904 14.0326 24.081 13.4911 13.3829 15.5414 13.0545 12.9336 12.1331 12.3215 11.9636 10.5174 10.2859 10.2786 10.0378 9.80122 9.70266 9.67547 9.54084 9.40244 11.6285 10.2704 9.39424
threshold=0.0014316399604838677 0.23707008905035606 1.1685457581177501 0.087889098349349409 -0.32583800853133932 0.95325439068398365 0.049443833272216117 0.020864427860696522 0.0081688261135516894 0.68976429506765624 0.14658413274565726 0.50531975099037929 181.26176811803586 0.65724275724275738 1.654313323099829 0.20604537840718748 -0.75094279463590718 -0.30602551378508086 1.5449008423073161 0.18080138428502932 0.50503129035923577 0.0079829719257698325 1.0830424349466734 1.0724955392208038
decision_type=2 8 10 10 10 10 8 2 10 2 10 10 2 2 2 8 2 10 10 2 10 10 8 10
left_child=1 2 3 11 9 15 7 -7 -6 -4 -11 -1 -2 14 23 -3 -15 -17 -9 20 21 -5 -23 -10
right_child=12 5 4 19 8 6 -8 18 13 10 -12 -13 -14 16 -16 17 -18 -19 -20 -21 -22 22 -24 -25
leaf_value=0.002638872336491559 -0.0038762539875891455 -0.0038956732130153698 -0.00024108919115609987 -0.0019600251339136855 -0.0044427329591892866 -0.0023393290893025495 -0.0040325246364137811 0.0020107947773287736 0.0049998098018076967 0.01013233085976532 -0.00043086430942759118 -0.0043597919548384835 0.0053393967563549818 0.0076118846463182187 0.011385910056824607 -0.004749370431255116 0.00033517072218248062 0.0048152761980103081 0.0094907339385090703 -0.0067420113241748562 -0.0025908632283226534 0.0050616974216342436 -0.003084713279169466 -0.0029158828571094089
leaf_weight=317.84296850860119 158.05446460098028 195.76744148135185 23.396645657718182 81.524592556059361 29.961655579507351 61.560244105756283 63.001870550215244 142.72664216160774 56.845423698425293 51.995863951742649 13.317829400300978 23.798649489879608 10.883625581860541 17.537069872021675 17.257619358599186 13.726307496428488 210.23904585838318 26.882658906280994 17.496056087315083 29.538665160536766 181.73478425294161 65.382472790777683 17.757574342191219 17.748362973332405
leaf_count=1914 1458 1623 133 608 208 475 517 1019 342 295 86 152 94 108 106 115 1355 216 117 210 1335 470 129 116
internal_value=2.49973e-05 0.000355148 0.00106785 0.000202629 0.00247166 -0.00122083 0.00023829 0.00149165 0.00155783 0.00590177 0.00803542 0.00211649 -0.00319819 0.00215763 0.00493409 -0.00296496 0.000986658 0.00145993 0.00298488 -0.00153679 -0.00103881 0.000683003 0.00326556 0.00306548
internal_weight=1845.98 1677.04 1155.88 717.58 438.3 521.161 284.785 221.783 349.589 88.7103 65.3137 341.642 168.938 319.628 91.8514 236.376 227.776 40.609 160.223 375.938 346.399 164.665 83.14 74.5938
internal_count=13201 11649 7567 4818 2749 4082 2128 1611 2235 514 381 2066 1552 2027 564 1954 1463 331 1136 2752 2542 1207 599 458
is_linear=0
shrinkage=0.01


Tree=122
num_leaves=25
num_cat=0
split_feature=271 76 106 45 117 210 121 106 118 19 256 297 120 117 200 299 307 50 263 75 93 308 323 268
split_gain=19.2868 15.7403 14.1992 14.5897 18.575 13.143 12.9769 11.8494 11.03 10.8975 10.4494 14.1481 12.8692 10.3927 14.6057 10.1116 10.033 12.5293 9.89612 9.58465 10.7266 9.62279 16.2105 9.40063
threshold=0.067822972005887092 0.707009975630013 0.73049192520027495 2.5000000000000004 1.2123361051664738 0.074211758226628136 -0.62494514080794816 0.24627883232131662 13.500000000000002 0.47974013051993142 166.50000000000003 0.046851692484222614 0.68910224051724644 0.30049970236228019 0.63904263832550956 0.01017220647759254 -0.0087784259153667107 11.500000000000002 0.61205186398088873 -0.5942421881215717 -0.69206725021710258 -0.00010701331492734589 353.50000000000006 0.47925695776531979
decision_type=2 10 10 2 10 2 10 8 2 10 2 2 10 10 2 2 2 2 8 10 10 2 2 2
left_child=1 23 3 4 5 19 9 -3 -7 -4 11 13 -13 -10 -15 -12 18 -18 -6 21 -21 22 -2 -1
right_child=2 7 6 -5 16 8 -8 -9 10 -11 15 12 -14 14 -16 -17 17 -19 -20 20 -22 -23 -24 -25
leaf_value=0.0060328248204603828 0.012731246530486899 0.005306564060124439 0.0036356293993480889 -0.0024498459480618634 0.0041007763566417218 -0.0023012596197978514 -0.0003945353713092325 -0.0026202015136253514 0.0011606952775566992 0.012576159479809806 -0.0032975209752508067 0.0058692885622593028 -0.0037782900478693388 0.012167514257384091 0.0040736848822490327 0.0037096939117090876 0.0034675274113000767 0.013314434813057736 -0.0037655852249898342 -0.00530913595589715 -0.00087801137110683747 -0.00065065550188401924 -0.0012812373158362512 -0.0016874220286716183
leaf_weight=37.258687846362591 14.867565855383875 17.092970959842205 139.24458652734756 166.088468760252 44.882042765617371 63.367868684232235 75.310786135494709 410.77390220761299 69.125385776162148 13.306057773530481 56.136610373854637 16.618773944675922 45.033945620059967 28.003448136150837 105.41497333347797 28.818915836513042 38.97618954628706 19.419091813266277 21.330594010651112 66.091593995690346 275.84950122237206 50.330418467521667 14.360812462866305 24.052010416984558
leaf_count=254 88 133 930 1247 275 456 567 3321 449 88 369 100 319 182 717 190 259 114 147 454 1927 311 90 183
internal_value=0.000109217 -0.00158619 0.000725167 0.000259941 0.000736331 0.000191052 0.00298565 -0.00226828 0.00145601 0.00463759 0.00215385 0.00312755 -0.00101811 0.004391 0.00599816 -0.000865885 0.00429244 0.00722427 0.00150132 -0.00104603 -0.00177409 0.00202416 0.00631129 0.00304783
internal_weight=1841.76 489.178 1352.58 1124.72 958.628 834.02 227.861 427.867 412.52 152.551 349.152 264.197 61.6527 202.544 133.418 84.9555 124.608 58.3953 66.2126 421.5 341.941 79.5588 29.2284 61.3107
internal_count=13170 3891 9279 7694 6447 5652 1585 3454 2782 1018 2326 1767 419 1348 899 559 795 373 422 2870 2381 489 178 437
is_linear=0
shrinkage=0.01


Tree=123
num_leaves=25
num_cat=0
split_feature=209 65 84 9 304 73 200 323 239 115 155 174 117 105 99 229 65 162 28 323 213 144 237 111
split_gain=13.3597 15.9478 14.6739 15.9684 16.3106 14.2309 12.6419 10.3991 11.7209 10.1968 11.806 14.4892 10.2729 9.87475 14.6541 9.86215 9.62046 12.8832 12.6045 11.5066 11.5226 11.4945 11.3963 9.56382
threshold=0.76013698630136994 1.1999052292424699 16.839520206418953 0.092342273313009843 -0.014205547899342917 320.07857241359198 1.7427998525447743 351.50000000000006 0.8660019734572999 -1.1220171580164733 0.0037209334524032039 72.301111111111126 1.5297310002447662 1.3170776672811495 0.81770935804741207 -0.37574522497953161 2.7026611383887675 0.0033361157484696723 0.24046948859551168 133.50000000000003 -0.31805684631597902 0.0095770212635859202 -0.085903505087608509 1.6460816522654811
decision_type=2 10 2 2 2 2 2 2 10 10 10 10 10 10 8 2 10 10 2 2 2 10 2 10
left_child=1 -1 3 4 -2 16 7 -4 15 -7 -11 23 -13 -5 -15 -9 17 21 19 -19 -21 -3 -23 -12
right_child=2 5 6 13 -6 9 -8 8 -10 10 11 12 -14 14 -16 -17 -18 18 -20 20 -22 22 -24 -25
leaf_value=0.0054993862730788158 -0.0039756229903094333 -0.0049740093427643826 -0.00016562279676327817 -0.0037676313714294228 0.0013234266480512608 0.006675349728318695 -0.0010442548386647554 -0.0029927033583836754 0.012853055358716746 0.0061434463173937436 0.0020648170009347124 0.0064342765146364438 -0.0011306448974398812 0.0085825924280283176 -0.0054211142419006986 0.0057085269273032162 -0.0015563500992185736 0.0075313461959108808 0.006908034665799298 -0.0042875771885384599 0.0030875625186287474 -0.00068253236698231023 0.0057870422900802168 -0.0048658988642483851
leaf_weight=66.850755088031292 74.808970496058464 45.974154397845268 48.229215122759342 284.04782301187515 227.70371340215206 46.544344022870064 121.08724584430456 15.823943145573137 15.38544801622629 40.587126098573208 27.963172890245914 42.695554919540882 28.07663319259882 14.102004639804361 10.728654749691488 43.982888117432594 297.14399041980505 17.854102671146393 52.413626775145531 41.939409554004669 37.376784957945347 146.76234003156424 30.434622280299664 55.647211335599422
leaf_count=415 509 336 328 2265 1561 320 901 108 101 275 194 299 195 96 91 288 2253 118 343 280 250 995 207 387
internal_value=8.84305e-05 0.000886022 -0.000821928 -0.00164862 -8.46924e-06 0.000530499 0.00123632 0.00345492 0.00571162 0.00259668 0.00153601 0.000229186 0.00349158 -0.00323701 0.00256008 0.00335888 -0.000220722 0.00084501 0.00308836 0.000880244 -0.000813245 -0.000674075 0.000496814 -0.00254458
internal_weight=1834.16 978.264 855.9 611.391 302.513 911.413 244.509 123.421 75.1923 241.514 194.97 154.383 70.7722 308.878 24.8307 59.8068 669.899 372.755 149.584 97.1703 79.3162 223.171 177.197 83.6104
internal_count=13115 6867 6248 4522 2070 6452 1726 825 497 1670 1350 1075 494 2452 187 396 4782 2529 991 648 530 1538 1202 581
is_linear=0
shrinkage=0.01


Tree=124
num_leaves=25
num_cat=0
split_feature=21 105 120 117 149 117 99 108 209 217 151 17 115 126 237 268 65 120 148 170 116 174 103 102
split_gain=16.4353 15.836 20.5945 13.0501 15.6649 11.7925 18.1439 13.9187 11.4439 14.1882 17.1955 12.8675 11.8327 11.1999 13.0066 11.0767 13.4984 10.3695 10.2434 10.1681 9.80445 9.49173 18.6838 13.9832
threshold=-0.045888030781597887 0.95325439068398365 1.235352529746677 0.84550458563770037 0.087889098349349409 2.368833019097448 0.82936956344536517 1.5806423988746217 0.7645185462720121 0.74786262331019382 0.017266222796382794 2.8014988065448532 -0.42324187454810774 0.40076685660141981 -0.054264534693159693 0.21271249071477796 2.2972542231167599 0.67713809676699399 0.20136558538404178 2.8506595405663506 0.055216972205843477 86.794027777777799 1.0309926718765394 -0.35412303242084181
decision_type=10 10 8 10 10 10 10 10 2 2 10 2 10 10 2 2 8 10 10 10 10 10 10 10
left_child=3 8 5 4 15 6 7 13 9 10 -2 -11 -10 14 -3 -1 -17 -14 19 -5 -13 23 -23 -21
right_child=1 2 -4 18 -6 -7 -8 -9 12 11 -12 20 17 -15 -16 16 -18 -19 -20 21 -22 22 -24 -25
leaf_value=0.0064030365442287445 0.009068808985963725 -0.0045687516660395024 -0.0037090575174869391 -0.0020294406726087174 -0.0013725230125841239 0.010397321940186593 -0.0026942475325317156 0.011188572256926339 -0.0045439447073208957 -0.0020781034311667108 -0.0022421029564731183 0.00050741116353339368 0.0083892501666734173 0.0036339783940657578 0.0055464507437543069 0.0017322711364017244 -0.0042321811491079463 -0.001813231018936426 0.005873114568427421 0.007846357505793565 0.012445678655988468 -0.0011022397076524476 0.013572492423847518 -0.0031585909486138374
leaf_weight=40.497157275676727 11.440419822931288 40.106118135154247 81.548581779003143 51.741880171000957 309.14173815399408 12.71043077111244 76.053929187357426 16.000963859260082 208.3630373775959 18.233072444796562 235.22272805869579 11.207728184759619 11.021728679537771 133.32430416345596 15.29532829672098 314.71667551994324 40.284973949193954 32.699289575219154 80.713953219354153 14.507880948483942 16.947604201734066 14.056941770017149 17.840746492147446 31.660589694976807
leaf_count=259 80 287 650 333 2235 85 614 107 1725 145 1830 91 82 879 104 1980 286 262 487 81 129 87 112 204
internal_value=1.61468e-05 -0.000925594 0.000651338 0.000964081 0.00030511 0.00189025 0.00140132 0.0029437 -0.00201008 -0.000650982 -0.00161617 0.00425789 -0.00356123 0.00208386 -0.00162448 0.00161941 0.00102439 0.00109191 0.00313157 0.00133001 0.00820803 0.00356221 0.00751508 0.000533292
internal_weight=1835.34 920.175 375.04 915.163 704.641 293.491 280.781 204.727 545.136 293.052 246.663 46.3884 252.084 188.726 55.4014 395.499 355.002 43.721 210.522 129.808 28.1553 78.0662 31.8977 46.1685
internal_count=13134 7070 2726 6064 4760 2076 1991 1377 4344 2275 1910 365 2069 1270 391 2525 2266 344 1304 817 220 484 199 285
is_linear=0
shrinkage=0.01


Tree=125
num_leaves=25
num_cat=0
split_feature=32 75 109 99 97 109 10 262 109 75 81 24 117 57 320 197 35 33 225 96 308 103 160 85
split_gain=19.615 19.4958 16.8564 15.4852 13.9996 10.9111 13.7535 10.5663 12.1154 16.8414 12.758 11.8979 11.7353 12.8812 10.805 11.4315 11.5623 13.5789 11.1987 10.5516 11.5846 10.2833 10.9137 10.1623
threshold=0.0014214648260700896 0.061655259194703202 1.4088891440721518 1.2242135538382042 0.39540674873024384 2.3896462823042781 2.0999749604778279 -0.99788036317089934 1.0339124374110222 -0.30922654536565491 0.28452964112026757 -0.64998965513810603 0.58751835970431787 -0.3917498136720774 -0.050314766297381942 -0.41277427517388782 0.0046017311826655862 0.024801274367547792 0.76533462547029996 -0.016970847903395769 -0.00099712159811726178 1.6190982465179145 0.068215538171027795 181.26176811803586
decision_type=2 10 10 8 8 10 2 8 10 8 10 2 10 10 2 8 2 2 2 10 2 10 10 2
left_child=1 4 -3 5 7 6 19 -1 9 10 -9 -11 -13 -14 15 -10 17 -17 -18 21 -21 22 -4 -2
right_child=23 2 3 -5 -6 -7 -8 8 14 11 -12 12 13 -15 -16 16 18 -19 -20 20 -22 -23 -24 -25
leaf_value=0.0078680069535571225 -0.0038312713330430925 -0.0023295057734645992 -0.0024089643242482719 -0.0054348486868738624 0.00566120532452675 0.0064144899998307371 -0.0040746448289172947 0.00032444581673684778 0.0014537731364401877 -0.0070732054782313781 0.005252963658092729 -0.003990639863216852 0.0087102975190473091 -0.00092737942820014178 -0.0025872559242786923 0.0090266087905313454 0.013526765496374065 -0.0024643673582458083 0.0021637097174272138 -0.0013518170227533924 0.0076188126279949546 -0.001087559193515987 0.003620700566502212 0.0054482274726279992
leaf_weight=19.642109200358391 155.91977641731501 345.3160769790411 36.329666614532471 38.035414017736912 72.342034816741943 31.451438963413239 53.615016885101795 262.15132018923759 98.336097925901413 41.009988903999329 63.151253446936607 59.559949442744255 17.410513930022717 42.07444703578949 28.638148248195648 14.410963416099547 27.458365485072136 23.053630106151104 14.216393440961836 19.583631962537766 43.206654541194439 189.81482461839914 130.86161989718676 10.205209717154501
leaf_count=100 1444 2754 251 317 444 212 430 1617 574 305 375 449 122 295 179 89 158 140 86 134 304 1443 838 88
internal_value=7.35036e-05 0.000401593 -0.000611136 0.000486435 0.00154908 0.000962434 0.000562004 0.00110848 0.00088361 1.46972e-05 0.00132149 -0.00261181 -0.000937593 0.00214565 0.00289688 0.00381424 0.00658297 0.00225527 0.0100586 0.00117998 0.00486816 0.000495186 0.00228619 -0.00317324
internal_weight=1837.79 1671.67 888.214 542.898 783.455 504.863 473.411 711.113 691.471 485.357 325.303 160.055 119.045 59.485 206.114 177.475 79.1394 37.4646 41.6748 419.796 62.7903 357.006 167.191 166.125
internal_count=13148 11616 6683 3929 4933 3612 3400 4489 4389 3163 1992 1171 866 417 1226 1047 473 229 244 2970 438 2532 1089 1532
is_linear=0
shrinkage=0.01


Tree=126
num_leaves=25
num_cat=0
split_feature=153 105 123 116 122 82 75 235 113 75 116 70 163 37 106 234 176 105 229 129 97 34 140 13
split_gain=16.4917 17.3604 17.9136 12.9022 14.7655 12.6007 13.4271 12.4099 12.2213 11.9672 11.8047 12.5264 10.5689 12.0045 10.4962 10.4481 12.7652 10.5561 10.3687 11.9548 12.1138 10.1776 10.0739 9.90962
threshold=0.01564247762863535 0.96109023611504363 1.3037559528709568 -0.16481085231936971 -0.12231489365344782 0.62864348710507134 0.2340172580923626 0.006904497060225649 -0.25386787982379094 -0.54836604854663096 0.27407828562849151 0.75486664027919093 0.015649490595611288 0.49241272911485684 0.69672962988274478 0.022489974348784279 12.705565119858102 1.3824999942590697 -0.15311731186332081 2.1257640227925458 0.1226513021242792 0.085195282146562551 0.02698246200640687 0.82256284286566628
decision_type=10 10 10 10 10 8 10 2 10 8 8 8 8 2 10 2 2 10 2 8 10 2 2 8
left_child=1 2 3 4 8 6 -5 22 9 21 -2 -12 13 -13 -4 16 -3 -17 19 20 -16 -1 -7 -6
right_child=10 15 14 5 23 7 -8 -9 -10 -11 11 12 -14 -15 18 17 -18 -19 -20 -21 -22 -23 -24 -25
leaf_value=-0.0035981353684847862 -0.0042278962502288846 -0.0036431955929105094 -0.0025220398143417666 0.0021626076132344979 -0.0051715868656706434 0.0059477301393931429 -0.0055798764054420307 0.011986091162710304 0.0053285787583358 -0.0019815294848820999 -0.0055814923126103824 0.0092052608108515073 -0.00064018541827483104 -0.0020147258375422007 -0.0048119398066433635 0.0032171200385279998 0.0059864148711591594 0.01035991476085091 -0.00469322349860056 -0.0049611691893818224 0.0051407688740003222 0.002301676586568721 -0.0024010684224947064 0.00050147723995011561
leaf_weight=30.779858738183975 133.26005751639605 39.19129391014576 316.49794664233923 191.98116975277662 75.74628221988678 40.551093682646751 22.511618584394455 21.541912093758583 51.563034161925316 146.63026259839535 32.703857779502869 24.397904060781002 101.40337511897087 13.128809951245783 12.028837807476519 132.0987139120698 17.622731849551201 23.379251390695572 24.447675473988056 16.753781117498875 76.893102690577507 228.04959889501333 19.550979159772396 49.362999595701694
leaf_count=209 1153 267 2505 1230 566 261 163 132 316 1011 278 193 780 109 97 845 121 144 194 133 571 1420 128 356
internal_value=8.51748e-05 0.000507884 7.90916e-05 0.000908361 3.9193e-05 0.00259695 0.00128306 0.00587761 0.000876709 0.000274951 -0.00202773 -0.000272668 0.00105668 0.00538933 -0.00154483 0.00314286 -0.0004965 0.00446417 0.000827527 0.00220346 0.00367614 0.00156477 0.00323005 -0.00296389
internal_weight=1842.08 1537.18 1324.89 878.269 582.132 296.137 214.493 81.644 457.023 405.46 304.894 171.634 138.93 37.5267 446.621 212.292 56.814 155.478 130.123 105.676 88.9219 258.829 60.1021 125.109
internal_count=13182 10669 9292 5792 3878 1914 1393 521 2956 2640 2513 1360 1082 302 3500 1377 388 989 995 801 668 1629 389 922
is_linear=0
shrinkage=0.01


Tree=127
num_leaves=25
num_cat=0
split_feature=123 109 153 109 5 131 114 105 21 147 206 311 199 304 305 321 147 131 17 311 237 230 170 240
split_gain=18.512 16.3405 12.7236 16.8658 12.2123 12.068 11.2428 10.123 19.0106 13.3954 11.9939 14.4531 13.1615 12.1818 11.4618 10.5235 11.2182 10.398 10.2792 10.0609 11.8792 9.89764 9.50015 12.2353
threshold=1.0218350804739009 1.0213859543395061 0.049443833272216117 2.3175888047283166 -2.8935132521978844 1.0867398045584185 0.72620955713536361 0.96109023611504363 0.23707008905035606 0.14483719143213911 78.500000000000014 -0.70802782335971925 -0.225490594548587 0.0070513735389042828 0.46791948841462572 4.5000000000000009 0.089769754055468345 1.9414254364268049 3.4847372046458944 -0.65243276020840069 -0.10048997592520069 584.50000000000011 2.4333523795352288 0.44213118212327734
decision_type=8 8 10 10 2 8 8 10 10 10 2 2 2 2 2 2 10 8 2 2 2 2 8 2
left_child=4 -2 3 7 19 -6 21 8 10 15 11 13 -13 -3 -14 16 -9 -10 -18 -1 -21 -7 -8 -24
right_child=1 2 -4 -5 5 6 22 9 17 -11 -12 12 14 -15 -16 -17 18 -19 -20 20 -22 -23 23 -25
leaf_value=0.0032482983122504978 -0.0032335128737284637 0.0015763147504224645 -0.0036655418940036793 0.0068369681866722208 0.0060051417774318241 0.00019211634103965581 0.00063722059802074423 -0.0039284239011673243 0.0040093020726758473 0.0040945559404537354 -0.0025190719254509996 -0.00079495264460359134 0.0068053842703155636 0.013715122612954279 -0.0021817489634971231 -0.0022876097019935569 0.010899805861362086 -0.0040774447757412711 0.0012761447534801501 -0.00561688659949973 0.0049384660440953687 0.0081077461833410028 0.0024204137086645859 0.010413473457063335
leaf_weight=24.90402989834547 205.31498527526855 18.263474434614182 89.60456457734108 34.224563732743263 61.676566801965237 379.41497677564621 56.856271453201771 15.514247037470339 15.091432191431521 113.18344100564718 94.04267730563879 170.76001780480146 48.197485752403736 14.05749475955963 17.867066651582718 101.99434349685907 16.85004498064518 174.58592969179153 28.104251086711884 58.502196714282036 10.504844836890696 13.668825566768644 46.667302049696445 33.278198450803757
leaf_count=196 1698 127 765 228 340 2410 353 123 123 711 678 1233 335 93 129 771 122 1460 206 474 88 82 258 183
internal_value=7.50528e-05 -0.000695128 -0.000138832 0.000237115 0.00137473 0.0019074 0.00139907 -5.67278e-05 -0.000837536 0.00149828 0.000502987 0.00157792 0.000676483 0.00756608 0.00437042 -0.000343631 0.00287491 -0.00337912 0.00533788 -0.00192768 -0.00386428 0.000526113 0.00383845 0.00600295
internal_weight=1843.13 1157.66 952.341 862.736 685.473 591.562 529.886 828.512 552.866 275.646 363.188 269.146 236.825 32.321 66.0646 162.463 60.4685 189.677 44.9543 93.9111 69.007 393.084 136.802 79.9455
internal_count=13186 8802 7104 6339 4384 3626 3286 6111 4178 1933 2595 1917 1697 220 464 1222 451 1583 328 758 562 2492 794 441
is_linear=0
shrinkage=0.01


Tree=128
num_leaves=25
num_cat=0
split_feature=271 149 162 232 123 225 41 108 102 109 109 198 170 157 266 133 62 120 65 120 21 38 8 102
split_gain=19.9726 10.7634 19.6505 18.1847 10.5824 12.6119 12.0545 11.4118 15.1101 10.3657 10.2513 9.98606 12.3437 13.9879 9.17892 9.11999 9.04186 9.72488 13.9217 10.8732 11.8693 8.75654 8.75234 10.9465
threshold=0.067822972005887092 0.092335018445142789 0.00404176536252008 2.7004687539099805 1.1335157295346774 0.61552148918696969 514.50000000000011 1.4714490539871266 0.79339756698642683 1.4088891440721518 0.60812320615139193 67.500000000000014 2.196035569234033 0.29552751705390579 1.5010729613733906 0.054807468213481113 58.500000000000007 0.9885697027828807 1.8822248275618219 0.80027054189581903 -0.65622934227803109 0.58552083047011727 -0.6449777774462685 0.60476586321409453
decision_type=2 10 10 2 10 2 2 10 10 10 8 2 10 10 2 2 2 10 10 10 10 2 2 10
left_child=4 10 -3 11 5 -1 -7 -6 -9 -5 16 12 21 -14 -11 22 -2 18 19 20 -18 -4 -16 -24
right_child=1 2 3 9 7 6 -8 8 -10 14 -12 -13 13 -15 15 -17 17 -19 -20 -21 -22 -23 23 -25
leaf_value=0.0082653684006492555 -0.0039435488856213313 -0.0016680651830985205 -0.00016917032163728813 -0.0038601062632122275 -0.0031099315144155208 -0.0019450516663446346 0.0060632984552014 0.011378594696368908 -0.0021284165837528921 0.0065731885133440806 0.0035912273515106554 -0.0012463982417225312 0.0073033454156173419 -0.0022148811871313492 -0.0058585162237797814 0.0067952115246703061 0.0051028443087072252 0.0087242895125638938 -0.0056414356245714607 -0.0034912269766755499 -0.0044246811315252254 0.0082520725477520998 0.0025840774952003167 -0.0019802909689337999
leaf_weight=16.269354149699211 35.784365706145763 367.24778008460999 76.937541164457798 62.422201693058014 320.05653042346239 99.073661468923092 20.198297888040543 10.478119224309923 19.812996432185173 20.513059556484222 210.83115331083536 39.977251596748829 111.37490608543158 16.353643022477627 24.340119399130344 15.524739563465117 79.554284356534481 13.662227608263491 26.095599800348282 24.879290737211704 13.163829438388346 11.796250291168688 96.771475918591022 108.29895957559347
leaf_count=109 245 2706 537 468 2665 720 139 75 171 137 1286 259 708 110 169 105 470 105 174 173 88 77 652 829
internal_value=9.53329e-05 0.000719439 0.000135854 0.00127395 -0.00163779 0.000718389 -0.0004711 -0.00255064 0.0030883 -0.000285837 0.00208105 0.00325339 0.00409442 0.00605528 0.000582883 7.52174e-06 0.00039923 0.00144555 0.000590895 0.00208271 0.00364827 0.00116055 -0.000524954 0.000174624
internal_weight=1841.42 1355.53 951.558 584.31 485.889 135.541 119.272 350.348 30.2911 327.871 403.971 256.44 216.462 127.729 265.448 244.935 193.14 157.355 143.693 117.597 92.7181 88.7338 229.411 205.07
internal_count=13177 9298 6757 4051 3879 968 859 2911 246 2360 2541 1691 1432 818 1892 1755 1255 1010 905 731 558 614 1650 1481
is_linear=0
shrinkage=0.01


Tree=129
num_leaves=25
num_cat=0
split_feature=5 5 100 136 135 277 221 162 119 105 153 11 281 301 71 303 136 174 126 249 156 312 309 146
split_gain=19.5008 24.8686 12.9012 17.9355 18.1643 20.2524 16.1904 14.7075 16.8845 14.0078 13.5583 12.7292 10.3063 10.0216 10.0094 13.9346 11.9659 10.9717 11.3997 9.61728 9.09438 8.89311 8.64635 9.46383
threshold=-2.8943022876294049 -2.8712440139818409 0.67990093796261097 0.32339757506930766 0.36134686529368715 -0.031442179363043977 -0.15588983239159301 0.0032733311903996574 0.57785867847080996 1.3003658682844919 0.049443833272216117 0.49322738183345821 3.7090163917394006 0.89469917046584702 1.9662326046784224 -0.0017885295606970657 0.20292813728258477 57.483472222222225 0.74489086410430161 0.079473684210526321 0.0067570652422042649 -0.59962694323866439 0.025641862161501997 0.11772763900080581
decision_type=2 2 8 2 2 10 2 10 10 8 10 10 2 2 10 2 2 10 8 2 10 2 2 8
left_child=-1 12 3 4 5 -3 -7 21 11 20 -11 14 -2 -13 16 19 -9 -17 -19 -16 -10 -4 23 -23
right_child=1 2 7 -5 -6 6 -8 8 9 10 -12 13 -14 -15 15 17 -18 18 -20 -21 -22 22 -24 -25
leaf_value=-0.0027152834870801147 0.0054549246759354447 -0.0011627779706831769 -0.0049754887158815408 -0.0027536870791124136 -0.0013595070067753299 0.0097826675439216214 0.0010345560403281029 -0.0044619191372004445 0.0051070995776773724 0.005056497810084425 -0.0027136068925504193 -0.0047312928737211742 0.0011521108073927866 0.0047399267327641664 -0.0026470515017728803 -0.00084824001494588882 0.0022871898324285096 0.010594599164268274 0.0030822998182456012 0.0054714713354974964 -0.0030075619222030298 -0.0032115768008704327 -0.0046666607038936027 0.00062103329731076618
leaf_weight=232.10017997771502 116.87875013798475 36.249398112297058 81.120403043925762 61.94296433031559 57.892651081085205 75.188297532498837 30.395388320088387 32.460557788610458 12.065504215657709 54.370928294956684 34.463622003793716 42.87202426046133 108.95957933366299 12.179367139935492 37.891601920127869 17.016380660235882 99.760168701410294 53.186993002891541 37.23330957442522 19.883580662310123 230.29137659817934 91.217162385582924 60.938860349357128 201.54604226350784
leaf_count=2057 653 232 599 426 356 460 192 225 94 390 285 315 631 88 238 103 659 320 243 121 1875 734 464 1396
internal_value=-2.35818e-05 0.000368903 -0.000136194 0.00184976 0.00330106 0.00519971 0.00736666 -0.000605212 0.000308626 -0.00130515 0.00204036 0.00182607 0.00342347 -0.00248871 0.00264404 0.00426521 0.000563793 0.00635004 0.00770011 0.000255769 -0.00254498 -0.00203704 -0.00132601 -0.000589073
internal_weight=1838.11 1606 1380.17 261.669 199.726 141.833 105.584 1118.5 683.675 331.191 88.8346 352.484 225.838 55.0514 297.433 165.212 132.221 107.437 90.4203 57.7752 242.357 434.822 353.702 292.763
internal_count=13156 11099 9815 1666 1240 884 652 8149 4956 2644 675 2312 1284 403 1909 1025 884 666 563 359 1969 3193 2594 2130
is_linear=0
shrinkage=0.01


Tree=130
num_leaves=25
num_cat=0
split_feature=119 113 213 198 109 120 252 71 215 273 318 280 123 241 170 157 235 299 25 109 149 74 95 232
split_gain=16.2432 13.1462 14.5503 11.9868 11.1422 19.019 10.9131 11.7342 15.0828 10.5769 10.8994 12.4291 11.8988 10.269 12.9765 12.0187 10.2255 9.92213 14.8468 10.7223 15.2682 9.7411 9.66028 9.64938
threshold=0.44062539308307441 0.26477367783031797 -0.38093782407537868 87.500000000000014 1.1685457581177501 0.80910960197290394 117.50000000000001 2.1964470663411553 -0.5262313611317232 5.4713495324663919 0.93464877007127223 0.088075843155059771 0.93186201418529435 0.89444444444444449 5.5477049221468233 0.33562828838223452 0.010999092650468801 -0.066269648793555611 0.28065832418379039 1.8444239670791003 0.16682301438399003 280.50000000000006 -1.1201677483042085 1.4699309746210403
decision_type=8 10 2 2 10 8 2 10 2 10 2 2 10 2 10 10 2 2 2 8 10 2 10 2
left_child=4 2 -2 -4 5 9 7 -7 -9 10 11 -1 13 15 -15 -12 17 18 -3 21 -21 -19 -22 -17
right_child=1 16 3 -5 -6 6 -8 8 -10 -11 12 -13 -14 14 -16 23 -18 19 -20 20 22 -23 -24 -25
leaf_value=0.0016794784840596993 -0.0048591339103945617 0.011882105296862242 -0.0015314565722651229 0.00641195856648094 0.0021463630598592687 -0.0013318240626684224 -0.0050280981426858865 0.010143683881330651 -0.0036012058454828132 -0.0024329589482643692 0.012345728801558599 -0.0057185546858167418 -0.0023399199939787177 -0.0040381637366329604 0.0066701031477967498 0.0084000398692531085 0.0051585833386115698 -0.0044569453856920576 -3.9324205951863389e-06 -0.0025681850917721942 0.011546996540713608 0.0012005393585977529 0.002164494694322778 -0.00016726541329571004
leaf_weight=182.62044155597687 145.56245376169682 12.687112115323542 151.91731893271208 18.810010112822056 422.02825770527124 268.19817084819078 68.600215770304203 18.09075299650431 10.888057231903074 52.828231960535049 30.611203052103519 23.041117995977402 20.543881520628929 20.238387607038021 19.428397707641125 23.32623777538538 34.99565764516592 105.37801802158356 31.984775468707085 55.421198919415474 12.353396855294703 40.565320268273354 48.155377581715584 25.748731322586536
leaf_count=1169 1243 91 1283 155 2659 1996 514 120 82 349 185 151 154 132 118 142 254 838 247 428 83 304 339 160
internal_value=0.000149166 -0.00110758 -0.00256727 -0.000559854 0.000847953 0.000124264 -0.00151462 -0.00066028 0.00508717 0.00163159 0.00227064 0.000779187 0.004397 0.00559231 0.00127811 0.00760971 0.000251283 -0.000347893 0.00385905 -0.00110306 0.00114672 -0.00288474 0.00452782 0.00412226
internal_weight=1844.02 657.831 316.29 170.727 1186.19 764.164 365.777 297.177 28.9788 398.387 345.558 205.662 139.897 119.353 39.6668 79.6862 341.541 306.545 44.6719 261.873 115.93 145.943 60.5088 49.075
internal_count=13196 5265 2681 1438 7931 5272 2712 2198 202 2560 2211 1320 891 737 250 487 2584 2330 338 1992 850 1142 422 302
is_linear=0
shrinkage=0.01


Tree=131
num_leaves=25
num_cat=0
split_feature=32 5 5 109 77 103 109 213 320 39 84 123 101 186 315 28 106 123 140 316 168 144 174 277
split_gain=17.1681 18.2252 13.6732 13.3043 18.9881 17.124 17.0875 15.0201 13.2519 12.3703 11.5294 12.4414 11.1073 10.8813 10.5379 10.4612 10.4329 11.4205 12.044 9.96151 11.458 12.3479 11.3256 10.8825
threshold=0.0015637226134585292 -2.8712440139818409 -2.8935132521978844 2.2683624778100966 2.7016050675981842 2.2125472470588039 1.5195776906739467 -0.43571071860533012 -0.06804019516482003 0.051300849687946466 20.544132471151432 -0.10896092029255984 -1.8741422276237756 0.14146178768820281 -0.15684355636338113 0.2108270921523934 0.46411376414634203 1.1059633742876562 0.029463456237340282 -0.0011630503373622635 154.50000000000003 0.011988023952095811 125.27583333333335 1.0000000180025095e-35
decision_type=2 2 2 10 10 8 10 2 2 2 2 8 8 8 2 2 10 10 2 2 2 10 10 8
left_child=1 2 16 4 6 -5 10 -8 -9 -2 11 14 -13 -11 -3 -12 -1 -18 -19 -14 21 23 -23 -21
right_child=9 3 -4 5 -6 -7 7 8 -10 13 15 12 19 -15 -16 -17 17 18 -20 20 -22 22 -24 -25
leaf_value=0.0054657593120522839 -0.0075068413892834277 0.0066901877006183318 0.0040412646242736563 0.010253483988088914 -0.0017995307966035675 -5.6854795347577039e-05 -0.0013559737719311272 0.011674187393274957 0.0018761674941526374 0.00033137545922952704 -0.0033701785538120454 -0.0075765363283864483 -0.002328076404645326 -0.0070139649836189946 -0.00178766181577325 0.004234549227436905 -0.0070612129605001454 0.0066839045849694705 -0.003193596409397927 0.0021201301528683877 -0.0018910154944816061 0.008052711948359513 0.0016137653618131145 -0.0057268915612677272
leaf_weight=19.427573576569557 42.653538532555103 38.830601453781128 201.72847379744053 24.791807442903519 534.99549552053213 38.089540183544159 25.874553918838501 31.580761447548866 25.645284056663513 90.709886141121387 19.599037893116474 21.344817161560059 203.31510035693645 22.93002063781023 20.832428649067879 99.351451560854912 27.658063270151615 17.732993006706238 28.030907459557056 37.287069194018841 118.52969842404127 40.491052374243736 80.651191651821136 28.874801509082317
leaf_count=142 417 209 1145 153 4125 294 160 189 159 826 126 141 1430 212 129 620 186 139 228 284 806 275 567 224
internal_value=5.21723e-05 0.000348725 0.00259564 -0.000131025 -0.00034849 0.00426022 0.000633087 0.00484456 0.00759648 -0.00308714 0.000120764 -0.000453819 -0.000947964 -0.00127697 0.00376711 0.00292387 -0.000561336 -0.00231354 0.000779968 -0.000627612 0.000510586 0.00204123 0.00390927 -0.00138465
internal_weight=1840.96 1684.66 294.578 1390.08 1327.2 62.8813 792.208 83.1006 57.226 156.293 709.107 590.157 530.494 113.64 59.663 118.95 92.8495 73.422 45.7639 509.149 305.834 187.304 121.142 66.1619
internal_count=13186 11731 1840 9891 9444 447 5319 508 348 1455 4811 4065 3727 1038 338 746 695 553 367 3586 2156 1350 842 508
is_linear=0
shrinkage=0.01


Tree=132
num_leaves=25
num_cat=0
split_feature=32 119 66 119 66 171 309 154 55 63 209 317 268 176 174 92 108 131 83 131 184 58 238 16
split_gain=16.1936 14.2052 14.0112 15.321 12.4776 11.86 10.2993 12.9979 11.3788 11.2715 9.96065 15.9832 10.2917 9.76376 9.7505 14.4492 12.1329 16.9567 9.70662 13.1733 10.9648 12.0199 9.76005 12.2208
threshold=0.0014316399604838677 -0.036547619058593418 17.628273088560235 0.54784603840743828 21.756768855307616 3.7646744378738588 0.021000453810277268 0.018054616130583245 2.1932548592369758 -0.058158365936756377 0.80444664031620572 0.00926172561907233 0.34659735235669192 12.34550942573826 58.931805555555563 368.50000000000006 0.94514344071718093 1.3542492188179582 1.3861406969911032 1.7967942003397843 0.079933631100514962 0.62722347343260132 -0.59331141638497276 0.97101635291641786
decision_type=2 8 2 10 2 10 2 10 2 10 2 2 2 2 10 2 10 10 10 10 8 10 2 2
left_child=1 18 6 14 -5 -6 7 8 -3 -9 11 -2 -13 -11 -4 16 -16 -18 19 -1 -20 -22 23 -23
right_child=10 2 3 4 5 -7 -8 9 -10 13 -12 12 -14 -15 15 -17 17 -19 20 -21 21 22 -24 -25
leaf_value=0.0011480467070183317 -0.0030015042332735167 0.00013784456634974109 -0.0014605646476611629 0.0070047325250817555 0.0076555234700533418 -0.0014437104892700441 -0.0048488113875638115 -0.0028823917166078952 -0.0039973973058999249 0.013278722946393057 -0.0058441401315946131 -0.0014200184324370505 0.011457029880693571 0.0015584159796389169 0.00063911482776047137 0.011752597756522432 0.0018822731576034557 0.011861666009102139 -0.0024497246306632693 -0.004981848236019687 0.0093319003600351932 0.002230500806561037 -0.00053635446263653938 0.0087749666617896911
leaf_weight=280.09957986325026 77.158401936292648 140.84693001955748 54.397946402430534 17.042061366140842 12.050526045262812 384.40887142717838 86.716782376170158 13.897349409759043 122.22130264341831 12.164800189435484 66.56639688462019 9.4565161317586917 12.062808550894259 15.578477345407007 140.81454774737358 15.498891867697237 48.134784854948521 24.999175250530243 30.587122723460197 37.163615524768829 30.685461677610874 102.12896323204041 61.757763907313347 38.896267890930176
leaf_count=1723 712 1053 366 140 90 3039 664 99 942 85 632 85 109 111 965 103 296 142 184 246 181 593 368 220
internal_value=2.24457e-05 0.000320237 -0.000353134 0.000495788 -0.000729654 -0.00111212 -0.00186078 -0.0009702 -0.00180176 0.00404014 -0.00293582 -0.000855333 0.00625107 0.0074865 0.00227406 0.00317086 0.00239867 0.00562273 0.00157873 0.000389011 0.00298505 0.00372223 0.00275127 0.00418017
internal_weight=1835.34 1670.09 1088.77 697.347 413.501 396.459 391.426 304.709 263.068 41.6406 165.244 98.6777 21.5193 27.7433 283.845 229.447 213.949 73.134 581.319 317.263 264.056 233.468 202.783 141.025
internal_count=13148 11610 8095 5141 3269 3129 2954 2290 1995 295 1538 906 194 196 1872 1506 1403 438 3515 1969 1546 1362 1181 813
is_linear=0
shrinkage=0.01


Tree=133
num_leaves=25
num_cat=0
split_feature=5 5 123 116 148 22 316 154 116 262 249 232 292 313 135 127 132 124 33 112 215 185 249 53
split_gain=18.1464 25.6738 13.163 13.1647 14.3192 14.3142 16.6422 12.9484 12.6506 12.2611 12.2625 12.1189 14.5038 14.203 12.0273 12.1041 11.6059 11.2431 10.7492 10.6015 10.118 10.1079 10.0785 10.0428
threshold=-2.8935132521978844 -2.8712440139818409 1.957551538922035 -0.16481085231936971 0.15599583577330994 -0.30643077898711552 0.016391404825814238 0.016769150013122871 0.26874321525263251 -0.21295894907935312 0.079473684210526321 2.7241120743786311 -0.0034691164778374085 -0.0021279003961516695 0.084356174698795194 0.93714373007140284 0.042747014125329899 9.5000000000000018 0.029609009711065823 112.50000000000001 -0.65401391698786082 0.82376470588235307 0.037749287749287756 13.500000000000002
decision_type=2 2 10 10 8 10 2 10 8 10 2 2 2 2 2 10 2 2 2 2 2 10 2 2
left_child=18 11 3 4 5 6 -3 9 -4 10 23 12 -2 -14 -11 19 -15 -13 -1 -16 -7 -10 -9 -5
right_child=1 2 8 7 -6 20 -8 22 21 14 -12 17 13 16 15 -17 -18 -19 -20 -21 -22 -23 -24 -25
leaf_value=-0.0048275477525884288 0.009266648057682977 -0.0032104123622348842 -0.0042423919661880392 0.0060575304528609833 -0.0022330733875090517 0.010078806028508471 0.0033772380467722708 4.5719450672082918e-05 0.0011692892401980585 0.005318620710726806 0.0095824040943828289 -0.0039063513540129628 -0.0026563357283997772 0.001935932076485556 -4.1732000173520316e-05 -0.0042434255590473157 0.010962308825697107 0.0046056304231950748 -0.00061753094818316429 0.0041355409397078203 0.00013589660794980176 -0.0042575088874618472 0.010826297240113403 -0.0035226963474857317
leaf_weight=100.812884375453 55.127219021320343 79.335873879492283 121.70830438286066 18.077356956899166 263.27852940559387 24.620687566697598 69.045199275016785 13.510190859436987 142.34193973243237 45.882025592029095 29.493004634976387 31.788916662335396 30.603510499000549 39.832082077860832 349.64966256171465 53.757189318537712 21.152688667178154 25.269697844982147 150.12253330647945 70.561895325779915 16.772475033998489 42.096563555300236 22.490452386438847 20.154979526996613
leaf_count=893 295 512 1053 124 1858 142 417 89 1107 308 193 208 175 222 2438 391 112 145 1278 463 116 347 143 131
internal_value=0.000134676 0.000531474 3.93684e-05 0.000560927 -0.000732292 0.00134676 -0.000132485 0.00150117 -0.00177983 0.00112353 0.00503837 0.00381948 0.00531553 0.00271943 0.000586974 9.78582e-05 0.00543111 -8.01208e-05 -0.00234798 0.000680384 0.00634023 -0.000109725 0.00710582 0.00108816
internal_weight=1837.49 1586.55 1382.78 1076.63 453.053 189.774 148.381 623.577 306.147 587.576 67.7253 203.774 146.716 91.5883 519.851 473.969 60.9848 57.0586 250.935 420.212 41.3932 184.439 36.0006 38.2323
internal_count=13160 10989 9832 7325 3045 1187 929 4280 2507 4048 448 1157 804 509 3600 3292 334 353 2171 2901 258 1454 232 255
is_linear=0
shrinkage=0.01


Tree=134
num_leaves=25
num_cat=0
split_feature=122 105 76 102 71 32 48 2 5 294 319 299 89 96 7 117 245 76 185 156 323 292 323 127
split_gain=15.8787 18.6751 16.3629 14.7043 11.5919 10.4946 10.3904 10.3529 9.55566 11.1584 9.62893 12.9729 10.6231 10.572 16.0054 9.93548 13.194 13.0532 13.2786 12.8718 10.8218 10.3195 16.5258 9.27349
threshold=0.62680524993752162 0.93544260628691212 1.2093069039219426 0.38224038517552544 2.8766706320861144 0.0015637226134585292 16.500000000000004 1.1477240227822292 -2.8712440139818409 0.084806580756301445 -0.15152077597959257 -0.048867030756616907 2.5010325736945922 -0.53877493639452945 -1.0276106463220973 0.78697879031558216 -0.3540466253545026 0.76679084420215182 0.76209992193598752 0.049220705806347416 330.50000000000006 0.013898129450996175 163.50000000000003 -0.26706397127344267
decision_type=10 10 8 10 8 2 2 10 2 2 2 2 8 10 2 10 2 10 8 10 2 2 2 8
left_child=1 3 6 5 -2 8 -3 -6 9 -1 11 -10 13 -13 -15 17 20 18 21 -18 -17 22 -12 -7
right_child=4 2 -4 -5 7 23 -8 -9 10 -11 15 12 -14 14 -16 16 19 -19 -20 -21 -22 -23 -24 -25
leaf_value=0.0018970088520088441 -0.0024188884529638788 -0.0012869585563088765 -0.0035266303863233429 -0.0037561620691491195 0.0040985415411168421 -0.0001156891778139806 0.0058277656860126715 -0.0019786965972786114 0.0021533315913621672 0.010109349915577539 0.010370855897901448 -0.0024088721322025695 -0.0050189074314106906 0.011138073077099322 -0.0030165357085442292 0.0014656173598602865 0.0057037266121912683 -0.0024568454125056698 -0.00088704261848834246 -0.0026469470548224493 0.0081062728081744955 0.0086524495260147279 -0.0010631816161733648 -0.0060386776361135569
leaf_weight=211.50375922769308 348.37004277855158 22.819881118834019 25.603746518492699 86.254925668239594 57.757055513560772 68.206802301108837 133.59233681857586 49.52081410586834 75.532425262033939 15.504103831946848 13.842052958905695 67.414678044617176 93.588381707668304 14.192111514508726 13.077476002275942 45.440937198698521 23.696298658847809 127.65272127836943 102.27218388020992 57.76774276047945 55.949281923472881 31.800151780247688 49.967969164252281 40.81535866111517
leaf_count=1278 2933 149 184 694 414 627 798 394 501 90 86 430 656 90 93 297 153 933 676 395 351 192 322 384
internal_value=7.45318e-05 0.000610844 0.00356894 0.000151846 -0.00153719 0.000465747 0.00477897 0.00130536 0.000789725 0.00258029 0.000254509 -0.0012854 -0.00268177 -0.000282419 0.00467228 0.00105825 0.00290407 2.22608e-06 0.00160591 -9.55822e-05 0.00526081 0.00423149 0.00173827 -0.00243918
internal_weight=1832.14 1376.5 182.016 1194.48 455.648 1108.22 156.412 107.278 999.202 227.008 772.194 263.805 188.273 94.6843 27.2696 508.389 182.854 325.535 197.882 81.464 101.39 95.6102 63.81 109.022
internal_count=13120 9379 1131 8248 3741 7554 947 808 6543 1368 5175 1770 1269 613 183 3405 1196 2209 1276 548 648 600 408 1011
is_linear=0
shrinkage=0.01


Tree=135
num_leaves=25
num_cat=0
split_feature=122 71 141 210 83 32 109 153 239 241 84 3 109 194 123 184 27 155 49 194 201 3 71 188
split_gain=17.0392 20.8071 14.9964 12.8818 12.3527 12.2766 11.7082 14.0177 14.1913 10.478 10.3748 10.6413 10.4177 9.92312 9.85721 10.7427 13.1138 9.56072 9.48341 10.6424 9.42671 9.10882 9.07769 8.76221
threshold=0.26025589624797435 1.8712682238841702 0.013797430017738936 0.19693044433977078 1.9285539770622371 0.0015637226134585292 1.9359330962660362 0.049443833272216117 0.76781123940148099 0.84523809523809534 20.544132471151432 2.5471693845014545 1.2469916402469974 0.025751547303271446 -0.10896092029255984 -0.072240938208095684 0.8115188167831292 0.020164678774735705 6.5000000000000009 0.092450142450142464 0.59896907216494855 2.4993481399758042 1.2171227175746395 0.3409747766684183
decision_type=8 8 2 2 10 2 8 8 10 2 2 2 8 10 10 10 2 10 2 8 2 2 10 10
left_child=5 9 4 6 23 10 -4 8 -8 21 11 12 14 -12 15 -1 -17 -13 19 -19 -15 -2 -23 -3
right_child=1 2 3 -5 -6 -7 7 -9 -10 -11 13 17 -14 20 -16 16 -18 18 -20 -21 -22 22 -24 -25
leaf_value=-0.00091850045150637508 0.001824470192773443 -0.0030067555641351542 -0.0017906114203566732 0.0078262973038599123 0.0095570667217090826 -0.0023515545930446018 -0.0024766096026768874 -0.0027604613035984355 0.0053255744596272508 -0.0056566348074694774 0.008108352815899075 -0.0042433823246269013 0.0054421144234946062 0.008592833312455873 0.00033802517344993621 0.01112508070536657 0.0011427440433129624 -0.00042353891521725219 -0.0059800779531720069 0.0052413280983094855 0.0011923849981698167 -0.0085347546613289225 -0.0018054641164751317 0.0063963772927181344
leaf_weight=26.125204667448997 53.646910443902016 22.227771818637848 304.92620697617531 15.900049917399881 26.891649983823299 92.477719970047474 29.248298212885857 51.68485988676548 88.081934660673141 95.290022887289524 35.863564409315586 58.475641518831253 63.32141499966383 17.574010781943798 320.32022883743048 27.792678810656071 24.769236661493778 119.47742583602667 18.333591245114803 42.735769659280777 122.69012235850096 21.396434590220451 137.71198959648609 13.548885323107241
leaf_count=145 418 168 2401 118 182 857 201 436 610 819 202 414 373 98 2073 147 139 801 124 271 715 184 1131 97
internal_value=0.000153189 -0.000868943 0.000292437 -0.00030485 0.0047873 0.00106096 -0.000624758 0.00146755 0.00335966 -0.00293888 0.00142818 0.000873771 0.00175648 0.00358134 0.00113473 0.0042408 0.00673901 -0.000830002 0.000318618 0.00112729 0.00227882 -0.00165847 -0.00285046 0.000736667
internal_weight=1830.51 860.555 552.51 489.841 62.6683 969.957 473.941 169.015 117.33 308.045 877.479 701.351 462.329 176.128 399.007 78.6871 52.5619 239.022 180.547 162.213 140.264 212.755 159.108 35.7767
internal_count=13124 6765 4213 3766 447 6359 3648 1247 811 2552 5502 4487 2877 1015 2504 431 286 1610 1196 1072 813 1733 1315 265
is_linear=0
shrinkage=0.01


Tree=136
num_leaves=25
num_cat=0
split_feature=271 76 73 174 88 279 197 320 3 209 40 33 11 249 76 160 234 271 162 39 78 161 11 47
split_gain=17.0342 13.3032 11.4845 16.6269 11.8947 11.4152 11.3345 11.2859 10.4992 11.9043 16.7942 14.2114 12.6445 12.4014 10.1736 10.5377 10.0253 10.69 14.0879 9.17441 9.56324 12.9159 9.12794 13.3285
threshold=0.067822972005887092 0.707009975630013 315.53479370826329 77.257500000000007 0.71314605644686357 0.080083235131788902 -0.018604974417553068 -0.075588570122103738 3.8294456959969678 0.80334874597169692 0.0082000833792815944 0.033602906448683016 0.2989061844771666 0.096006144393241177 0.76406935757629135 0.040032051282051291 0.13240163615114922 0.13410727294236321 0.017266222796382794 0.041173284048180492 7.3479639794731897 0.020857501933488013 0.4345530334492298 19.500000000000004
decision_type=2 8 2 10 10 8 10 2 2 2 2 2 10 2 10 10 2 2 10 2 2 10 8 2
left_child=1 7 8 14 5 -5 22 -1 9 10 11 -2 -12 -14 15 -4 17 18 -11 -13 21 -21 23 -3
right_child=2 6 3 4 -6 -7 -8 -9 -10 16 12 19 13 -15 -16 -17 -18 -19 -20 20 -22 -23 -24 -25
leaf_value=0.0095587915388345122 0.0023523489973150914 -0.0030487555022750213 -0.00016006986260863284 0.0094113719353626345 0.0013105165116510148 -0.00053190900827950296 0.002046220937640239 -0.00030538742521250486 -0.0025178980132791917 -0.0030231077735603609 0.0097956326839875926 0.0046224640530012793 -0.0018315054195843347 0.0064900744350418369 -0.00084910469074499424 0.00798147481390565 -0.0063868858863463975 0.0019260024540230819 0.0063523254774980808 -0.0015336520483705245 -0.0044076374718186621 0.0061145011699927131 -0.0044725939937388165 0.0022003859681200798
leaf_weight=15.591238051652907 218.7409630343318 144.44989914447069 31.436530858278275 58.95926870405674 53.517508998513222 13.60465409606695 54.471701331436634 30.330859735608101 134.01279503107071 151.50656237453222 33.133090861141682 22.360970228910446 34.480128601193428 32.106486633419991 159.13489948958158 28.619721263647079 29.634216763079166 107.53451392054558 15.155661694705485 121.22579587996006 81.90710861235857 24.014069378376007 167.59874536842108 69.375893227756023
leaf_count=105 1485 1154 200 394 368 91 440 210 1023 1115 206 145 232 202 1107 174 205 686 108 785 593 140 1452 515
internal_value=2.33905e-05 -0.00158486 0.000599786 0.00216538 0.00501645 0.00758394 -0.00212923 0.00338465 5.67654e-05 0.000460589 0.00131387 0.000505468 0.00498087 0.00226777 0.000477666 0.00388894 -0.0011286 -0.000497 -0.00207242 -0.00111792 -0.00173753 -0.000169247 -0.00273887 -0.00133449
internal_weight=1832.9 481.818 1351.08 345.273 126.081 72.5639 435.896 45.9221 1005.81 871.8 567.969 468.249 99.7197 66.5866 219.191 60.0563 303.831 274.197 166.662 249.508 227.147 145.24 381.425 213.826
internal_count=13135 3876 9259 2334 853 485 3561 315 6925 5902 3788 3148 640 434 1481 374 2114 1909 1223 1663 1518 925 3121 1669
is_linear=0
shrinkage=0.01


Tree=137
num_leaves=25
num_cat=0
split_feature=123 71 153 164 154 22 303 304 137 292 121 116 151 131 22 137 281 131 294 150 146 261 20 282
split_gain=13.0517 18.1536 10.268 14.2712 13.7283 12.4741 11.6231 11.7752 10.9195 10.6943 10.2285 12.9614 9.91314 10.5582 10.5284 9.70683 18.5404 9.35282 14.4685 12.4 10.8569 10.2597 11.8342 9.24056
threshold=1.0218350804739009 1.459563809681933 0.014721362229102168 0.0018148880105401846 0.018214996682149969 0.47819767413607178 0.0011764587081782359 -0.027352061769475185 0.17077994080945802 0.0081816196036379584 -1.522365921853267 0.25719983842705324 0.016830327636672648 1.9565623952896138 -0.065195094999926997 0.18363234111021723 3.7304283411890666 3.5373880184192812 -0.0040007563671219928 0.20253418340751436 0.11293696855176139 0.35641304760221942 0.73604377207203076 -0.047610001447387452
decision_type=10 10 10 10 10 10 2 2 2 2 10 10 10 8 10 2 2 8 2 10 10 8 10 10
left_child=23 -2 4 10 5 12 7 -5 -7 -9 -4 -12 14 15 -3 -14 -17 18 -10 20 21 -19 -23 -1
right_child=1 2 3 6 -6 8 -8 9 17 -11 11 -13 13 -15 -16 16 -18 19 -20 -21 -22 22 -24 -25
leaf_value=-0.0020979790722311996 -0.003410510593926842 -0.0017993803161811168 0.0056039277686070199 0.0062623072660379486 0.0041640626828874597 -0.0035047282688328643 0.0083931907511729069 -0.0051889678675356441 -0.0010603354255394892 0.0051516371420782178 -0.0063419729316696377 -0.0011692529044145148 -0.0024866636387656268 -0.0023154444443238193 0.0101864030203145 0.012284643808104357 -0.0031880383852937824 0.0083324581120006805 0.010310061409020544 -0.0054093785590645848 -0.0022465299768703938 -0.0031053184870163111 0.006747564825676863 0.0015221959535550362
leaf_weight=76.62338650226593 189.07336780428886 12.313106931746008 10.513734735548494 17.445032827556133 92.90324030816555 28.260550439357758 17.824206605553627 37.833190761506557 15.712117731571196 10.66806238144636 87.052646584808826 109.82391615957022 19.47364380210638 276.67377428710461 12.641853101551531 16.403375364840034 11.210068598389624 36.940445758402348 31.206242777407169 19.265545219182968 29.315410435199738 25.394372820854187 18.661550126969814 630.68219168484211
leaf_count=494 1561 91 87 126 649 192 129 289 98 78 784 915 144 2107 78 114 82 252 195 145 181 183 121 4052
internal_value=5.90946e-05 -0.000608322 -3.35341e-05 -0.0015849 0.000667603 6.06227e-05 0.00184761 -0.000180394 0.00200572 -0.00273565 -0.00298242 -0.00351919 -0.00108559 -0.00156793 0.00465658 0.00268592 0.00625863 0.00293523 0.00663885 0.00147292 0.00278944 0.00463854 0.0012026 0.00112177
internal_weight=1833.92 1126.61 937.536 291.161 646.375 553.472 83.7705 65.9463 204.756 48.5013 207.39 196.877 348.716 323.761 24.955 47.0871 27.6134 176.496 46.9184 129.577 110.312 80.9964 44.0559 707.306
internal_count=13147 8601 7040 2408 4632 3983 622 493 1367 367 1786 1699 2616 2447 169 340 196 1175 293 882 737 556 304 4546
is_linear=0
shrinkage=0.01


Tree=138
num_leaves=25
num_cat=0
split_feature=153 109 150 109 320 69 294 294 303 107 184 290 8 81 293 151 304 273 120 273 2 150 234 304
split_gain=18.1186 18.1418 15.8217 12.875 11.7922 11.5147 13.1858 10.9412 10.5811 11.729 10.2128 10.224 10.457 9.95398 10.8908 9.50506 9.43246 9.37497 12.8396 11.3284 9.52646 8.96986 8.90455 8.93234
threshold=0.015611460138648182 1.7588197241736621 0.048826334128002941 1.0213859543395061 -0.06598186101399911 -0.054125740852857547 -0.1232216570838862 -0.04839875750020544 0.0011764587081782359 -0.097197664706450512 -0.17663267053094517 0.097766113700367918 -1.1465641206184143 1.3587656984343797 -0.0023543268897665069 0.083200212992545278 -0.054750362512897048 5.4082838600369101 0.55256556224517128 4.5773139324735075 0.57772614250281584 0.0042283487091468218 0.13052351375332746 -0.0054910345193872603
decision_type=10 10 8 8 2 8 2 2 2 10 10 2 2 10 2 10 2 10 10 8 10 10 2 2
left_child=1 2 10 5 8 6 -4 -2 9 -3 11 12 -1 14 -6 -5 -17 18 19 -12 21 -20 23 -22
right_child=7 4 3 15 13 -7 -8 -9 -10 -11 17 -13 -14 -15 -16 16 -18 -19 20 -21 22 -23 -24 -25
leaf_value=0.0041717258258070749 0.00084691462533745666 -0.00072215471524304396 0.0047146691331858594 0.00069521142736831635 -0.0091389939863851296 0.0062509990630009865 -0.004135793981196241 -0.0033341387341545375 -0.00075377580156497123 0.0085860072067426973 0.0025675353695132118 -0.0074372073145408182 -0.0037309510818498378 0.0062599513406739532 0.0013075675689841978 0.0042148939434707858 -0.0033354090981038333 -0.0019564455984789585 0.0016270862160590585 0.011138255067344831 0.00084107748659257339 -0.0075750570587877286 -0.0037999730621905248 0.0042310625691485788
leaf_weight=31.373452067375183 85.512169130146503 15.743617013096808 15.995948173105715 453.01918639987707 14.058809526264662 10.542582951486109 189.69245887547731 217.80028041452169 21.244524940848351 72.69204818457365 37.744396448135376 20.578882433474064 29.930206038057804 13.375861182808874 22.585205048322681 16.613703161478043 116.5145575851202 52.411771789193153 19.827531822025776 26.836991295218468 149.28845028579235 17.770131342113018 20.385586030781269 165.47223796695471
leaf_count=194 705 108 124 3147 92 81 1557 1827 135 445 230 142 197 87 144 130 945 352 124 161 945 122 132 1049
internal_value=6.57739e-05 0.000508828 0.000134053 -0.00076993 0.00366834 -0.0028383 -0.00338782 -0.00215516 0.00546501 0.00694696 0.00140226 -0.00181425 0.0003033 -0.000334133 -0.00304388 1.38918e-06 -0.00231737 0.00194946 0.00242947 0.00646331 0.00168429 -0.0029238 0.00222445 0.0026483
internal_weight=1837.01 1533.7 1374 802.378 159.7 216.231 205.688 303.312 109.68 88.4357 571.62 81.8825 61.3037 50.0199 36.644 586.147 133.128 489.737 437.325 64.5814 372.744 37.5977 335.146 314.761
internal_count=13175 10643 9632 5984 1011 1762 1681 2532 688 553 3648 533 391 323 236 4222 1075 3115 2763 391 2372 246 2126 1994
is_linear=0
shrinkage=0.01


Tree=139
num_leaves=25
num_cat=0
split_feature=32 153 109 119 161 270 117 149 234 118 117 149 60 106 238 200 83 120 157 140 308 209 226 149
split_gain=16.0253 14.5017 17.2911 14.9748 11.2986 11.1866 10.7677 17.3847 15.1968 10.4601 10.3661 19.8433 14.3027 13.8622 11.5572 11.1267 9.75045 9.85849 13.0636 9.59741 9.87377 11.326 10.317 9.33884
threshold=0.0015637226134585292 0.01564247762863535 1.7588197241736621 0.54161073278635652 0.090109422727448499 0.054802181974196319 1.7912128727948455 0.14602472257339519 0.061077337570377539 20.500000000000004 0.76879888202839075 0.092335018445142789 -142.14674005776331 0.57833112906406392 -0.65980003109245799 1.8470487956454062 1.0522255815543915 0.80027054189581903 0.42166958432018681 0.0072280533104849883 0.0015720894019173916 0.88857852265673498 0.076988935721812451 0.29104278074866313
decision_type=2 8 10 10 8 2 10 10 2 2 10 10 2 8 2 2 10 8 10 2 2 2 2 10
left_child=1 2 3 10 23 -2 -3 -8 -9 -7 11 15 13 14 -12 16 17 18 -1 20 21 -18 -22 -5
right_child=5 6 -4 4 -6 9 7 8 -10 -11 12 -13 -14 -15 -16 -17 19 -19 -20 -21 22 -23 -24 -25
leaf_value=0.0043554303421952604 -0.0071887483327159971 -0.0030006305624098242 0.0038980901744648344 -0.0035720885406579617 0.0046391768049614283 -0.0061822847134769821 -0.004126552201228764 0.010718891188247657 -9.4341201959489507e-05 0.00050571438393010558 -0.003057233202516392 -0.0018193364100623861 0.0010665025663948325 0.0087930525454143656 0.0072640428803708509 -0.0055955127400254693 0.0047049173066700594 -0.0041629395235537178 -0.0021702506618054636 -0.0014412356885493412 -0.0044491565289517592 0.013990921144623804 0.0045103864398883713 0.004702732182135504
leaf_weight=69.988200664520264 41.874557889997959 191.73876924812794 155.92866759002209 165.20283675193787 19.50287102907896 28.77010004222393 32.775456197559834 21.448641896247864 27.457256987690926 87.645086638629436 25.335735209286213 295.52463240921497 309.29824109375477 52.087707959115505 14.816005222499369 17.17807412147522 89.946161180734634 35.769796058535576 50.451894722878933 29.329753987491131 19.343497216701508 14.43974584341049 27.719320558011532 12.317307017743586
leaf_count=402 417 1619 977 1368 142 276 259 157 196 797 152 2158 2036 298 89 115 522 243 315 178 115 85 161 92
internal_value=8.81907e-05 0.000377448 0.000788643 0.000391443 -0.00211798 -0.00292379 -0.00171703 0.00128372 0.00495655 -0.00124652 0.000867162 8.27998e-05 0.00212427 0.00552275 0.000956119 0.00167466 0.00209191 0.000243882 0.00162663 0.0036548 0.00465662 0.00633547 0.000764001 -0.00292732
internal_weight=1835.89 1677.6 1404.18 1248.25 197.023 158.29 273.42 81.6814 48.9059 116.415 1051.23 649.691 401.538 92.2394 40.1517 354.166 336.988 156.21 120.44 180.778 151.449 104.386 47.0628 177.52
internal_count=13169 11679 9448 8471 1602 1490 2231 612 353 1073 6869 4294 2575 539 241 2136 2021 960 717 1061 883 607 276 1460
is_linear=0
shrinkage=0.01


Tree=140
num_leaves=25
num_cat=0
split_feature=5 5 131 287 107 60 11 103 162 100 270 277 111 106 102 111 5 321 306 233 70 67 36 83
split_gain=17.3094 23.0136 11.3154 15.5151 11.0411 15.806 9.55812 11.596 10.5419 22.3464 9.21469 9.18946 9.09951 8.89795 8.5961 12.3183 9.55169 12.1531 9.25137 8.60879 8.40222 8.37564 8.33382 11.7065
threshold=-2.8943022876294049 -2.8712440139818409 1.6306762194233919 0.016638134303127133 -0.097197664706450512 -118.05640877832334 0.11629976407643759 1.6113601096433741 1.0000000180025095e-35 0.64388791173500859 0.05543928932632234 -0.008288733106762888 1.4378391351400099 0.70221033923332121 0.64910327237399745 3.274200885555695 -2.5121640765429754 4.5000000000000009 0.92297289805034954 0.66317616959064341 0.78228262697883222 54.972013574181574 0.0050633235912423734 1.0522255815543915
decision_type=2 2 8 2 10 2 10 10 10 10 2 8 10 10 10 8 2 2 2 2 10 2 2 10
left_child=10 -2 3 -3 22 11 7 -7 -8 -10 -1 -6 -5 -9 15 16 -11 -18 20 -19 -17 -12 23 -4
right_child=1 2 4 12 5 6 8 13 9 14 21 -13 -14 -15 -16 18 17 19 -20 -21 -22 -23 -24 -25
leaf_value=-0.005765771354277853 0.0033456107089692311 -0.0004789230201709094 -0.001480375408876249 0.0022068262331620256 0.0011574541867946017 0.0064386625877928573 -0.002811856071721219 -0.0029708253971249092 0.010357119716060115 -0.0058058516448880482 -0.0064839793290065277 0.0093205058686894188 0.0099517936561824456 0.0054323456999862017 -0.0022622830699290304 -0.0011521521809029168 0.0048231773186279839 0.0031832979786877063 0.0070222949273613623 -0.0044609823033601682 0.0046754939940178136 -0.000324194656807566 -0.0019437551797553646 0.0073582430657324121
leaf_weight=61.708904802799225 221.69576615840197 75.70921103656292 36.305066868662834 33.298919849097729 28.153093390166759 44.061595857143402 147.46171712875366 37.582802072167397 18.045443452894688 32.644445575773716 23.361614383757114 26.751541867852211 29.532559379935265 15.456877715885637 136.8133527636528 59.031892538070679 34.363679610192776 18.325494922697544 36.399898894131184 47.465206854045391 38.518291927874088 145.17033312469721 470.78431323170662 21.673023566603661
leaf_count=587 1249 482 286 205 170 280 1102 282 107 217 206 163 184 108 1116 422 227 118 262 328 265 1273 3392 167
internal_value=6.5308e-06 0.000375174 -0.000104281 0.00257675 -0.00040744 0.000396155 -3.7223e-05 0.00281457 -0.000537159 0.000269553 -0.00254021 0.00541511 0.00613554 -0.000352231 -0.000248265 0.000793912 -0.00134624 0.000217554 0.00290695 -0.00227338 0.00120605 -0.00127727 -0.00150147 0.00199636
internal_weight=1840.32 1610.07 1388.38 138.541 1249.84 721.075 666.171 97.1013 569.069 421.608 230.241 54.9046 62.8315 53.0397 403.562 266.749 132.799 100.154 133.95 65.7907 97.5502 168.532 528.762 57.9781
internal_count=13198 11132 9883 871 9012 5167 4834 670 4164 3062 2066 333 389 390 2955 1839 890 673 949 446 687 1479 3845 453
is_linear=0
shrinkage=0.01


Tree=141
num_leaves=25
num_cat=0
split_feature=5 5 131 282 177 109 102 77 109 173 231 71 78 245 146 109 112 76 204 107 85 65 132 196
split_gain=15.2156 18.4295 13.846 18.8688 13.0656 12.5033 21.2898 12.536 19.9451 11.9225 12.9713 10.1836 12.2581 9.84687 8.8575 13.6306 11.3243 10.8068 9.62021 9.28869 11.2556 8.72725 8.37186 8.31137
threshold=-2.8996003220412478 -2.8712440139818409 1.6306762194233919 0.020834992302383604 7.3393583423070137 2.2683624778100966 0.62280926808992942 2.7612189447499991 1.5195776906739467 1.0000000180025095e-35 0.037136145729347085 1.9131861841659281 46.686494304332037 -0.41040108004214665 0.21880260942760946 0.57166791703072306 108.50000000000001 0.81836301994156491 0.36406117247238751 0.25521975655414714 141.56770770949723 1.7979086747430493 0.017774187758032672 0.23550420168067229
decision_type=2 2 8 10 10 10 10 10 10 10 2 8 2 2 8 10 2 8 2 8 2 10 2 8
left_child=-1 -2 3 4 23 7 -7 8 14 10 13 -9 -13 -10 19 21 17 18 -17 20 -4 -16 -5 -3
right_child=1 2 5 22 -6 6 -8 11 9 -11 -12 12 -14 -15 15 16 -18 -19 -20 -21 -22 -23 -24 -25
leaf_value=-0.0023794165413080748 0.0029818221073998541 0.0089406502310730787 -0.0024464393019872511 0.0091010334904106927 -0.0042387969203120162 0.013944250399209265 0.00058154921010700417 -0.0038486667695066417 0.0085364506767819388 -0.00020303053673930379 0.013203545225614604 0.0031262866308499546 -0.0016968109294440029 -0.0014296065244777778 0.00013298302392843067 0.0087020175846283677 -0.0025119164558284656 -0.0019531274959112151 0.00096229347859186603 0.0015176197162343253 0.0052542949676956099 -0.0072652368267843159 0.00022576247005559144 5.4266970086810555e-05
leaf_weight=206.19538531452417 247.63626240938902 14.609938949346541 301.17387594282627 45.350938908755779 38.673332050442696 13.298878625035284 47.353145733475685 156.10481277853251 15.372939132153986 31.58809719234705 20.67656859010458 62.804894886910915 264.35728028416634 19.957476645708084 62.01583743840456 55.460045650601387 23.098527304828167 16.887703485786915 23.654153980314732 96.997815743088722 17.538880631327629 18.460778325796127 14.126396954059599 27.193183243274689
leaf_count=1897 1423 97 2199 282 250 77 354 1285 87 200 122 437 2046 124 412 333 139 112 143 680 112 126 82 169
internal_value=0.000160702 0.000485354 3.36426e-05 0.00298417 -0.000195641 -0.000302776 0.00402018 -0.00053375 0.000317762 0.00470383 0.00736469 -0.00176892 -0.000748926 0.00319288 -0.000323769 0.00139314 0.00351096 0.00500085 0.00651382 -0.00115431 -0.00197685 -0.00174182 0.00711566 0.00355388
internal_weight=1840.59 1634.39 1386.76 139.954 80.4765 1246.8 60.652 1186.15 702.883 87.5951 56.007 483.267 327.162 35.3304 615.288 199.577 119.1 96.0019 79.1142 415.711 318.713 80.4766 59.4773 41.8031
internal_count=13188 11291 9868 880 516 8988 431 8557 4789 533 333 3768 2483 211 4256 1265 727 588 476 2991 2311 538 364 266
is_linear=0
shrinkage=0.01


Tree=142
num_leaves=25
num_cat=0
split_feature=271 270 271 122 116 113 144 144 144 83 74 129 148 158 27 115 176 120 35 66 271 270 271 116
split_gain=14.2404 10.2048 10.2162 8.85196 20.7316 10.903 12.5988 12.515 15.4157 11.5763 11.7536 13.7221 11.4612 12.9321 11.4497 10.6869 10.9902 9.78505 11.1017 9.54895 9.301 14.4752 12.2836 11.9693
threshold=0.052674495872370851 0.022199820788530469 0.036106811735822961 -0.036444640190500595 -0.16900300018275616 -0.3029927347282978 0.079382110497990335 0.05385910385910387 0.040474128852589462 1.0402058046671585 290.50000000000006 1.1774482817733323 0.21419575386829795 0.32317589038834554 0.82267123020431887 -1.3381668346241866 12.405095748133725 0.80027054189581903 0.0064970241026579062 -91.01087935646666 0.1763336606329263 0.10172465060957479 0.13075222177840684 0.62526855820339089
decision_type=2 2 2 8 8 10 10 10 10 10 2 8 10 10 2 10 2 10 2 2 2 2 2 10
left_child=1 2 -1 5 -5 6 -2 8 12 14 11 19 -7 -14 17 16 -6 18 -8 -11 21 22 23 -17
right_child=3 -3 -4 4 15 7 9 -9 -10 10 -12 -13 13 -15 -16 20 -18 -19 -20 -21 -22 -23 -24 -25
leaf_value=-0.00097114304421274918 -0.0020286955069368662 -0.003411238704563938 0.0063308134581224222 -0.0032011894981876011 0.012478720646367141 -0.00038303449446297781 0.0092805389735428016 0.00029945852319708684 0.0099202735262606187 -0.00012070635575814696 -0.002539419789473626 -0.0025761373345559368 0.011785412567078662 0.0008855884016177552 -0.0042393586949099268 -0.00053268397237261639 0.00029261350030260598 -0.0039287064398380702 0 0.0088864223347102853 0.0042848360791975402 -0.0036043559120798401 0.0041669560544566062 0.004585905638628489
leaf_weight=118.30186196416616 139.42820884287357 179.81248346716166 19.913082428276539 177.35990329831839 12.175355516374113 55.107039377093315 21.416244611144066 98.413179852068424 41.125339686870575 14.053111530840395 20.440400570631027 15.672510996460913 19.530192643404007 22.60249924659729 45.335744336247444 437.46785701811314 15.214602433145044 17.096485160291195 27.424702078104019 61.301210507750511 52.048659265041351 92.558440499007702 79.891386322677135 48.132863163948059
leaf_count=949 929 1510 140 1402 84 338 123 601 248 85 133 103 113 141 298 3304 114 123 162 383 323 687 501 346
internal_value=5.38346e-05 -0.00185955 0.00018001 0.000459207 -0.000158954 0.00140138 0.000300932 0.00305685 0.00496543 0.00177086 0.00400767 0.00552097 0.00263772 0.0063858 -0.000504975 0.000580788 0.00640651 0.00211698 0.0043524 0.00725036 0.000330032 0 0.000605197 0
internal_weight=1831.82 318.027 138.215 1513.8 914.849 598.947 362.169 236.778 138.365 222.74 111.467 91.0268 97.2397 42.1327 111.273 737.489 27.39 65.9374 48.8409 75.3543 710.099 658.051 565.492 485.601
internal_count=13140 2599 1089 10541 6761 3780 2339 1441 840 1410 704 571 592 254 706 5359 198 408 285 468 5161 4838 4151 3650
is_linear=0
shrinkage=0.01


Tree=143
num_leaves=25
num_cat=0
split_feature=153 153 32 5 181 321 209 81 123 270 259 304 274 95 55 152 161 15 158 78 117 275 28 147
split_gain=14.6743 14.7958 15.4312 13.5106 16.9044 11.7486 11.6214 14.576 10.8898 10.8102 10.4596 10.6024 11.1078 10.4331 15.1169 10.4193 12.7075 9.92238 9.91115 14.1628 9.60833 11.4462 9.538 10.9175
threshold=0.049443833272216117 0.045084975438992723 0.0016625115394608102 -2.8712440139818409 0.053944638567372798 7.5000000000000009 0.75765385816932218 1.3887417712346466 0.49098143399321797 0.067118690815482232 0.844480862869604 -1.0000000180025095e-35 5.7268026760985142 -1.5297743858332529 1.9531534362410194 0.01963193139663728 0.0077790754670168426 -0.91433926636597496 0.23697533332766091 45.801827891581617 1.1653206770915778 0.10287192485405951 0.24027155056061417 0.12792215677940375
decision_type=10 10 2 2 2 2 2 10 10 2 8 2 2 10 2 8 10 2 10 2 8 2 2 10
left_child=1 2 3 4 5 -1 8 15 -5 -4 11 22 20 14 -11 16 -8 -6 -18 -20 -13 -22 -10 -24
right_child=-2 -3 9 6 17 -7 7 -9 10 13 -12 12 -14 -15 -16 -17 18 -19 19 -21 21 -23 23 -25
leaf_value=0.014222567391007808 -0.0037431880734155334 0.0095080425719020322 -0.0063730635017139907 0.0038263699944098405 0.00090027969437683427 0.0019822376941635023 -0.0017685999253003481 0.0055466664431628341 -0.0021147816225309665 -0.0026892790605503813 0.0071927365218029324 0.0015060908559457345 -0.0012924549926537951 -0.0038366191488759882 0.0091771159349829465 -0.0031152293853691955 0.0085204271172427144 0.008340427185088926 -0.0009138590474798415 0.0080284166225972117 0.010559060605469224 0.00042512717614550446 -0.0045031693183883786 0.0024702767716078588
leaf_weight=16.294534340500835 94.834752507507801 14.219784110784529 54.512730546295643 101.77497350424528 244.01230731606483 15.460753247141836 215.1142016723752 28.857876464724541 240.71783969551325 20.374727964401245 18.594754174351692 92.944754093885422 71.987477779388428 45.144671462476254 17.597160771489143 218.06879004091024 18.125738181173801 16.675997965037823 83.90861876308918 19.425621934235096 29.55613911151886 17.692360907793045 24.981133125722408 114.21841187030077
leaf_count=93 828 118 535 599 1508 92 1467 203 1709 184 136 648 516 419 160 1747 113 117 567 134 186 118 196 768
internal_value=2.80263e-05 0.000239881 0.000147447 0.000428234 0.00235864 0.00894434 -1.08021e-05 -0.00105519 0.000843918 -0.00302912 0.000329817 7.92785e-05 0.00185733 -0.000686093 0.00304113 -0.00142701 -0.0003133 0.00146482 0.00223753 0.000927475 0.00347532 0.00702384 -0.000917525 0.00114666
internal_weight=1835.1 1740.26 1726.04 1588.41 292.444 31.7553 1295.97 583.501 712.468 137.629 610.693 592.098 212.181 83.1166 37.9719 554.643 336.574 260.688 121.46 103.334 140.193 47.2485 379.917 139.2
internal_count=13161 12333 12215 10917 1810 185 9107 4231 4876 1298 4277 4141 1468 763 344 4028 2281 1625 814 701 952 304 2673 964
is_linear=0
shrinkage=0.01


Tree=144
num_leaves=25
num_cat=0
split_feature=153 114 100 83 40 73 136 157 315 70 158 6 157 68 188 59 95 292 239 175 34 158 186 188
split_gain=14.7342 11.6464 21.5297 21.2748 12.5209 12.1391 13.6615 10.8732 10.2256 12.5572 11.8747 10.0494 10.5328 9.50758 12.923 18.3925 12.7949 9.92112 9.79999 9.45529 9.9694 9.31969 9.20824 12.3299
threshold=0.015611460138648182 0.72620955713536361 0.67990093796261097 1.9285539770622371 0.0042606072707909778 315.53479370826329 0.23612353408865039 0.19274917853231108 -0.10203041346183468 0.52585140149499954 0.31985617181846382 -0.18346986784802469 0.20836834733893561 515.50000000000011 0.12552521008403364 2.6822857509085218 -1.6548982501199758 0.016943215677636857 0.80058688666352384 9.049662181597693 0.12940029067543796 0.36156723575676203 0.081799933087989302 0.39715954875100729
decision_type=10 8 10 10 2 2 2 8 2 10 10 2 10 2 8 10 10 2 10 10 2 10 8 8
left_child=1 2 3 8 5 -3 11 -2 9 10 19 -7 -13 14 -6 16 -16 -18 -17 -1 -21 -12 -4 -24
right_child=7 4 22 -5 13 6 -8 -9 -10 -11 21 12 -14 -15 15 18 17 -19 -20 20 -22 -23 23 -25
leaf_value=-5.5490176305464909e-05 -0.00057396379187691846 -0.00069201214800061978 -0.0023805933526449604 0.011220129197369559 -0.0035504788582784979 0.010564851215176594 -0.0028169066661778452 -0.0046018814786086106 -0.0029713181771897535 0.0075220478796543238 -0.0083663235232739434 0.0060092377394947091 -0.0022611685632761757 -0.0021633034769735307 -0.00037916090843878532 -0.00054773668113737583 0.0063611220525262666 0.015245382384860085 0.0046325890017688146 -0.0005044353274017456 0.0082906399719149624 2.7232807638775864e-05 -0.00079641979766895024 0.0054476566312501645
leaf_weight=57.033201150596142 204.02626077085733 296.95343931019306 350.26140835136175 20.318655475974083 19.786715812981129 22.179306253790855 26.425602972507477 98.219403088092804 45.753094591200352 33.00692854821682 16.419647380709648 35.532493934035301 23.505124397575855 28.19543145596981 13.584920488297938 66.13449314981699 40.782854415476322 23.315428048372269 76.422368757426739 17.870702378451824 39.004129111766815 41.424347661435604 203.06535510718822 34.513398796319962
leaf_count=343 1669 2069 2655 127 144 143 173 868 308 195 111 228 162 184 83 441 256 145 511 107 226 288 1491 242
internal_value=8.97212e-05 0.000489204 -0.000281789 0.00203644 0.00147171 0.000352027 0.00318511 -0.00191687 0.00117013 0.00212839 0.000980552 0.0051792 0.0027475 0.00313557 0.0037802 0.00448015 0.0083208 0.0101176 0.00225865 0.00283625 0.00561767 -0.0026188 -0.00135621 0.000160108
internal_weight=1833.73 1531.49 858.671 270.831 672.818 404.596 107.643 302.246 250.512 204.759 171.752 81.2169 59.0376 268.222 240.027 220.24 77.6832 64.0983 142.557 113.908 56.8748 57.844 587.84 237.579
internal_count=13169 10632 6093 1705 4539 2775 706 2537 1578 1270 1075 533 390 1764 1580 1436 484 401 952 676 333 399 4388 1733
is_linear=0
shrinkage=0.01


Tree=145
num_leaves=25
num_cat=0
split_feature=46 122 105 117 72 117 122 81 92 201 261 308 120 122 114 39 118 246 186 99 22 84 4 122
split_gain=15.0647 12.952 13.001 11.8588 11.813 17.7882 11.5788 12.3576 10.5556 10.3008 14.411 10.1358 11.4421 10.0398 9.9413 9.55648 9.67003 9.48015 11.749 9.37073 14.0849 13.7452 12.4893 10.2946
threshold=1.0000000180025095e-35 0.71689744197132632 1.0801467272519485 2.4813537328646853 -144.94011379953872 0.76879888202839075 -1.1881589715858525 -0.15220359321469745 445.50000000000006 0.7323389153820562 -0.66832764453532967 0.0039204762845601896 0.88278561734389849 -0.08793099269435177 0.69400519546280925 0.051300849687946466 20.500000000000004 1.1962317779465799 0.10033557046979867 -0.1627559877517627 -0.30643077898711552 9.0525494667745701 28.862285615699118 -0.073586891365834642
decision_type=2 10 10 8 2 10 8 10 2 2 10 2 10 10 10 2 2 8 8 8 8 2 2 10
left_child=1 2 4 -3 5 6 -1 -8 -7 10 -6 12 -12 -9 -13 -2 -17 18 -4 20 -11 -22 -21 -23
right_child=15 3 17 -5 9 8 7 13 -10 19 11 14 -14 -15 -16 16 -18 -19 -20 22 21 23 -24 -25
leaf_value=0.0065191185633745406 -0.0060808901684641023 -0.0018839501281645787 0.0033373692089474606 0.0055783407647573523 0.010266714437374211 0.0073639224840099694 -0.0053626448875764843 0.0018181568844020748 -0.00041358748442626373 -0.0039445908421456358 0.0017048988575380645 -0.0012446943814104906 -0.0021895398669834897 -0.0021769224316946873 0.0083638959328946657 -0.0060124681068973659 0.00013992930491072943 -0.00330404569006986 0.012702588544476943 -0.0041538065227168814 0.0077488458293041018 -0.006244497271549322 0.00071907305006638732 0.0044720085656149459
leaf_weight=28.528840497136116 53.144335798919201 319.07778632640839 99.196683630347252 20.019752770662308 12.615975245833395 70.295461222529411 33.381970189511776 241.51020115613937 22.219490095973015 35.14553514868021 144.98380221426487 15.932330369949339 151.14136987924576 81.890338391065598 25.816792286932468 29.642612062394619 117.69914121180773 14.468772158026693 13.682911299169062 167.96495404839516 34.394088879227638 15.979852057993414 74.449561513960361 14.323877863585947
leaf_count=146 522 2635 609 146 79 413 208 1430 141 243 951 113 1056 608 161 285 1052 99 79 1258 222 92 545 90
internal_value=1.49772e-05 0.000333837 0.000789077 -0.00139776 0.000453512 0.00165865 0.000693175 0.000176704 0.00552871 -0.000379666 0.000820428 0.000382095 -0.000281349 0.000793294 0.00482869 -0.00255192 -0.0011814 0.00378861 0.00476525 -0.00160819 0.000943779 0.00366844 -0.00266215 -0.00119942
internal_weight=1837.51 1637.02 1297.92 339.098 1170.57 477.826 385.311 356.783 92.515 692.748 350.49 337.874 296.125 323.401 41.7491 200.486 147.342 127.348 112.88 342.258 99.8434 64.6978 242.415 30.3037
internal_count=13183 11324 8543 2781 7756 2946 2392 2246 554 4810 2360 2281 2007 2038 274 1859 1337 787 688 2450 647 404 1803 182
is_linear=0
shrinkage=0.01


Tree=146
num_leaves=25
num_cat=0
split_feature=32 5 109 102 122 5 320 232 292 127 165 225 155 122 238 101 289 320 225 145 262 145 39 284
split_gain=16.1757 15.3219 13.8052 17.8069 16.3659 12.2293 11.2763 10.3134 10.8502 9.05436 10.3578 11.5096 10.8695 10.7325 9.7481 12.1714 15.4172 9.4292 8.81719 8.65387 10.8864 8.64275 8.58187 8.37799
threshold=0.0015637226134585292 -2.8712440139818409 2.2683624778100966 0.60476586321409453 0.25427208901150194 -2.8935132521978844 -0.054801259800480957 2.7241120743786311 -0.0034691164778374085 -0.3021625518298427 179.69227430555557 0.79473090604123897 0.053900285682005271 -0.32762045819786922 -0.81893969760185403 -1.2318167297506866 0.025539157868644472 -0.059570342331292901 0.69861084314103816 0.19721187274061971 -0.5297964352369241 0.099714868278892962 0.051300849687946466 0.036367436910915159
decision_type=2 2 10 8 10 2 2 2 2 8 2 2 8 10 2 10 2 2 2 10 10 10 2 10
left_child=1 5 4 -4 9 -1 7 8 18 -3 11 12 13 -11 23 16 17 -16 -7 20 -10 -17 -2 -12
right_child=22 2 3 -5 -6 6 -8 -9 19 10 14 -13 -14 -15 15 21 -18 -19 -20 -21 -22 -23 -24 -25
leaf_value=-0.00058038990981847094 -0.0066968200537722835 -0.0012165574501516955 0.013664263654626037 0.0013690734714188275 -0.0014283697309596507 0.0031563195575464455 -0.002514325850747547 0.00039815861197308599 0.01176095676198053 0.0073840300423719685 -0.0021849161583160906 -0.0024480627542048821 -0.0028039854702209821 0.0013316710950137414 0.015611612254562821 0.0038647195388823541 -0.00043211702280835865 0.0042986408575260496 0.012345442764098101 -0.0020572118925214948 0.0025631084489127127 -0.0031701529624644938 -0.0014429747290029783 0.0053487138920009589
leaf_weight=91.913344532251358 41.760149553418159 166.80635361373425 13.040125682950018 49.588828183710575 637.4890713095665 18.501023083925247 23.275582455098629 45.19408180564642 16.014107063412666 36.127939932048321 48.929271332919598 101.60205355286598 41.587820425629616 128.17097879946232 21.489388383924958 73.948204159736633 14.05785997211933 15.111861616373064 34.032862439751625 19.533924728631973 49.561798714101315 20.107080020010471 112.85695526003838 17.807013042271137
leaf_count=687 425 1075 74 370 5019 97 142 274 84 221 304 705 263 821 127 475 89 94 178 101 278 127 1046 108
internal_value=0.000101121 0.000387643 -5.561e-05 0.00442628 -0.000277527 0.00243325 0.0037716 0.00460348 0.00594109 0.00079234 0.00144312 0.000260818 0.00161757 0.00277145 0.00313144 0.00456587 0.00840561 0.0116123 0.00945543 0.00352507 0.00521908 0.00230154 -0.0029636 -2.39278e-05
internal_weight=1838.51 1683.89 1385.86 62.629 1323.23 298.027 206.113 182.838 137.644 685.746 518.939 307.489 205.887 164.299 211.451 144.714 50.6591 36.6013 52.5339 85.1098 65.5759 94.0553 154.617 66.7363
internal_count=13184 11713 9872 444 9428 1841 1154 1012 738 4409 3334 2010 1305 1042 1324 912 310 221 275 463 362 602 1471 412
is_linear=0
shrinkage=0.01


Tree=147
num_leaves=25
num_cat=0
split_feature=32 122 20 262 162 215 76 323 258 158 141 115 57 236 213 38 41 299 320 84 48 289 52 205
split_gain=16.1854 15.2508 10.6815 10.5103 11.7531 14.0456 13.156 12.9357 11.5254 15.5748 10.8244 9.50813 11.358 11.0665 9.0698 8.87998 10.0005 10.2706 9.06646 8.8523 10.3714 12.5243 11.0217 11.2023
threshold=0.0014316399604838677 0.62680524993752162 1.1191073177564022 -0.99788036317089934 0.003669737125619479 -0.53224175532607709 0.86775680592428117 550.50000000000011 -0.57596306025584176 0.34006802721088442 0.0029784082038180402 -0.79488633927452701 -0.31658859197758688 0.27553287981859415 -0.20318160210441541 0.56979237123122028 115.50000000000001 -0.0094740697632459941 -0.27238173852363617 -5.1590611489947795 114.50000000000001 0.013271861325716673 60.500000000000007 -0.10881171884105191
decision_type=2 10 8 8 10 2 10 2 2 10 2 10 10 2 2 2 2 2 2 2 2 2 2 2
left_child=1 3 15 -1 5 8 -6 -8 9 19 -10 14 13 -13 -7 16 17 -3 -18 -5 22 -22 -21 -24
right_child=-2 2 -4 4 6 11 7 -9 10 -11 -12 12 -14 -15 -16 -17 18 -19 -20 20 21 -23 23 -25
leaf_value=0.0076863711972890601 -0.0029330168758570662 0.008640646238722318 0.0029921704672326898 -0.0025913771200421656 0.0044504063116043774 -0.0070912702802069585 2.2770425634326924e-05 0.0049523644211445237 0.011787325528542333 -0.0058569328883281563 0.00034912734365327686 0.011465446784929499 -0.0016338380389056527 -0.00086939982004324325 -0.0013956032264463064 -0.0047446170071459345 0.0045761888083201471 -0.0011361722550772681 -0.0023395273845184068 -0.0022359789144203372 -0.0034253394179570153 0.0032067869671472448 0.0041979168688714603 -0.0044222120756701273
leaf_weight=19.634908117353916 162.33402244746685 17.383267126977444 48.192233718931675 55.438403248786926 145.18870759010315 51.079634010791779 301.24002743512392 61.933445356786251 15.438560582697393 32.673311173915863 15.784803375601767 12.038153752684595 100.38017462939024 13.231323473155497 62.881649024784565 81.851654626429081 17.945997349917889 21.368967734277248 227.96248953789473 35.996568471193314 70.73282715678215 43.633313611149788 201.37647733092308 13.89146103709936
leaf_count=98 1544 142 365 338 883 383 1979 395 101 230 113 82 739 87 456 664 141 182 1885 257 442 269 1267 88
internal_value=5.2569e-05 0.000348358 -0.001307 0.000898939 0.000772611 -4.49973e-05 0.00193371 0.000898103 0.000931499 0.000504634 0.00654576 -0.00201332 -9.36174e-05 0.00553564 -0.00406753 -0.00189369 -0.00103164 0.00351575 -0.00178428 0.00103659 0.00160515 -0.000870016 0.00273286 0.00358667
internal_weight=1829.61 1667.28 414.705 1252.57 1232.94 724.577 508.362 363.173 484.966 453.742 31.2234 239.611 125.65 25.2695 113.961 366.512 284.661 38.7522 245.908 421.069 365.631 114.366 251.265 215.268
internal_count=13130 11586 3379 8207 8109 4852 3257 2374 3105 2891 214 1747 908 169 839 3014 2350 324 2026 2661 2323 711 1612 1355
is_linear=0
shrinkage=0.01


Tree=148
num_leaves=25
num_cat=0
split_feature=5 5 126 23 114 64 262 111 227 114 2 16 254 116 82 122 202 174 237 73 270 174 7 65
split_gain=16.9881 19.4941 12.1882 10.7039 10.3224 14.113 11.5097 11.279 12.2362 12.6858 14.2448 10.4117 10.8694 10.2303 9.81747 14.0056 9.67371 9.66634 8.36341 8.27253 7.83861 7.62537 7.52463 7.16645
threshold=-2.8943022876294049 -2.8773415074710829 0.80229571956286561 -1.0881467236512889 0.72439208681671763 0.80193311237226739 0.47835466666791071 1.2431277331988506 0.004904968122218213 0.98786052091688303 0.8814858313298608 1.6477234415958513 88.500000000000014 0.30452065376597254 0.63097202798009244 0.26025589624797435 0.036900871459694999 105.19444444444446 -0.052601020264534053 456.34641660942697 0.089668180150431112 86.794027777777799 -0.97943195425907892 2.5457529374021313
decision_type=2 2 8 8 8 10 10 8 2 8 10 2 2 10 10 8 2 10 2 2 2 10 2 10
left_child=18 -2 3 -3 5 13 7 -6 9 10 16 -8 -13 14 15 19 -9 -18 -1 23 -10 -14 -12 -5
right_child=1 2 -4 4 6 -7 11 8 20 -11 22 12 21 -15 -16 -17 17 -19 -20 -21 -22 -23 -24 -25
leaf_value=-0.0030944619808592816 0.0031520460793078896 0.0068826088133665791 -0.0013425980513865361 0.00018802671971892304 -0.0051907849863872067 -0.0038878523129931802 -0.0062981666087888024 -0.0011371085178801311 0.0091993115073969439 0.0080399819907680022 -0.0047828703120339254 -0.0014330503254739893 0.00088953509378444028 0.0045416658690430271 0.0051190997515358659 -0.0053377242428017634 0.010656928212716668 0.001015458638273032 0.0036259293806946416 0.0063162412926874309 0.0013755549183135716 0.010363059490885607 0.0026914917008102075 -0.005355608710452063
leaf_weight=209.08722601830959 216.62246742844582 23.722745038568974 478.55373989790678 260.53294658660889 13.082268409430979 95.108758039772511 23.396454811096191 24.358287736773491 47.283894285559654 25.40358642488718 45.598785988986492 73.16910108178854 19.768588535487652 47.767999738454819 28.549271211028099 52.495594590902328 22.28927668184042 19.289815604686737 17.79244738817215 17.37500087916851 19.146473102271557 13.284352608025072 16.349801562726498 22.730339266359806
leaf_count=1894 1206 147 3671 1635 86 763 165 150 307 162 315 552 146 314 205 425 130 120 162 108 114 97 123 158
internal_value=1.85646e-05 0.000382332 -5.43647e-05 0.000623536 0.000433563 -0.000461445 0.00172526 0.00304328 0.00359807 0.00196896 0.000606777 -0.000648849 0.000717828 0.000315609 -0.0002403 -0.000713811 0.00377084 0.00655766 -0.00252472 0.000132661 0.00710781 0.00524398 -0.00276309 -0.000302042
internal_weight=1832.76 1605.88 1389.26 910.703 886.981 524.56 362.421 232.802 219.72 153.29 127.886 129.618 106.222 429.451 381.683 353.134 65.9374 41.5791 226.88 300.638 66.4304 33.0529 61.9486 283.263
internal_count=13155 11099 9893 6222 6075 3608 2467 1507 1421 1000 838 960 795 2845 2531 2326 400 250 2056 1901 421 243 438 1793
is_linear=0
shrinkage=0.01


Tree=149
num_leaves=25
num_cat=0
split_feature=153 114 120 40 282 120 51 162 139 107 164 144 303 205 11 239 236 51 232 319 323 295 287 276
split_gain=11.4603 13.4592 21.8783 12.3483 11.5449 13.3912 12.5069 11.2737 11.9256 11.0205 10.8429 10.5711 10.4219 10.2193 9.96652 9.82116 10.0892 9.6119 9.45865 11.3761 10.9521 9.45741 9.28359 9.20492
threshold=0.015611460138648182 0.72620955713536361 0.80910960197290394 0.0042606072707909778 0.015326778484673219 1.0990268464194966 310.50000000000006 0.019362649379051789 0.067920109584198682 0.1248982498893368 0.0018148880105401846 0.056925035442525244 0.0010238490092967512 -0.22414538946239101 0.4345530334492298 0.87270584324153755 0.44319755729035509 258.50000000000006 0.98086897047011734 -0.12179777802715742 188.50000000000003 0.15062761506228886 0.011102072043681356 3.859973861926099
decision_type=10 8 10 2 8 10 2 10 2 10 10 10 2 2 10 10 2 2 2 2 2 2 2 2
left_child=1 2 18 4 5 7 -7 8 11 22 -2 14 -12 17 21 16 -9 -11 20 23 -1 -3 -4 -20
right_child=10 3 9 -5 -6 6 -8 15 -10 13 12 -13 -14 -15 -16 -17 -18 -19 19 -21 -22 -23 -24 -25
leaf_value=0.009688863299630833 -0.0028491271221745334 0.012798535616005862 -0.0049424222806305242 0.0031116740864485992 -0.0025140375181279184 -0.0046068697326897253 0.0048984131709339501 -0.0036794251243217309 -0.0018706364142810953 -0.0045650918678391194 -0.00058629514858138203 -0.0011500121930409024 0.0075839101529150688 0.0055546958712347 -0.0010627484285345601 0.0099848124699160341 0.0066290427527070719 0.0054304918457426373 0.0015786570663410045 0.0017260008857779541 0.0016732671039690686 0.0034729452791100795 -0.0013266866139002096 -0.0031522222785853376
leaf_weight=21.192616067826748 219.7889484539628 19.761115089058876 142.33060432970524 271.87472254037857 101.49636860191822 55.155332267284393 15.552766896784304 15.022831246256827 73.387834019958973 31.921005427837372 63.326911866664886 32.420113854110241 17.658920757472515 28.58387802541256 15.463449038565157 29.52555850893259 17.699234142899513 10.572159513831137 59.296536162495613 237.72102990746498 65.926409117877483 27.602482289075851 146.51324974000454 120.32343862950802
leaf_count=128 1924 117 1131 1778 708 408 117 100 514 248 479 197 128 213 109 187 114 81 396 1566 414 189 1151 808
internal_value=7.04533e-05 0.000420495 -0.00040466 0.00147598 0.000356188 0.00133989 -0.00239394 0.0025029 0.00111022 -0.00227958 -0.00170488 0.00340492 0.00137977 0.00119999 0.00571883 0.00604719 0.0019521 -0.0018715 0.000936331 0.000297639 0.00387873 0.00788789 -0.00314262 -0.00158465
internal_weight=1840.12 1539.34 864.381 674.962 403.087 301.591 70.7081 230.883 168.635 359.921 300.775 95.2472 80.9858 71.077 62.827 62.2476 32.7221 42.4932 504.46 417.341 87.119 47.3636 288.844 179.62
internal_count=13205 10674 6136 4538 2760 2052 525 1527 1126 2824 2531 612 607 542 415 401 214 329 3312 2770 542 306 2282 1204
is_linear=0
shrinkage=0.01


Tree=150
num_leaves=25
num_cat=0
split_feature=153 93 75 83 138 245 76 181 69 99 208 108 158 294 121 297 2 107 176 12 258 156 286 181
split_gain=14.9397 13.8271 10.9924 12.7039 12.3804 12.2325 9.92375 15.8201 9.73279 11.3499 9.25499 9.24083 11.8545 13.206 9.17176 8.86043 11.42 9.5245 8.59241 8.41636 8.23595 10.7796 14.8398 11.2922
threshold=0.01564247762863535 -0.08924937722685243 0.42798048920673565 2.0396898085288409 0.1772214563228475 -0.43696152861578508 0.97958364558544386 0.078840900540346023 0.33942991468201594 1.2991274216249038 2.5012844949733744 0.50140856581222448 0.31985617181846382 -0.1333807416772019 -0.387196464387768 -0.029557296485525218 1.0748247589159863 -0.21268266799535293 12.61348484848485 0.28564393924055237 -0.47247202035243963 0.17040453394169108 1.9951864202736413 0.12567936789248266
decision_type=8 10 10 10 2 2 10 2 10 10 2 10 10 2 8 2 10 8 2 2 2 10 2 2
left_child=1 2 11 -4 5 -5 7 -3 -2 18 -9 12 13 -1 -7 17 19 -13 -10 -17 21 22 -15 -23
right_child=8 6 3 4 -6 14 -8 10 9 -11 -12 15 -14 20 -16 16 -18 -19 -20 -21 -22 23 -24 -25
leaf_value=0.0062705992307311095 -0.0027664608432397199 -0.0036036498561591345 -0.0051564706275287675 -0.0051346857006424476 -0.0052898453588442499 0.00079278112235310974 0.0084269832687091494 0.0080869034683685066 0.0081257560718270578 -0.0052975421681314755 -0.0012569227239442159 0.0064682093138835727 -0.0027083742205860819 0.0059100768256723901 0.0087853230102887675 0.002298918903239907 -0.0046443862827074489 -0.0018400746567089547 -0.00090308988502393569 0.0073338532223049336 -0.0032270356463119398 -0.0012873741833942748 -0.00078943077607830496 0.0023460232816259275
leaf_weight=33.978877834975719 252.23473465442657 30.317567899823189 75.083819575607777 14.294845849275587 26.127401731908321 32.384397089481354 30.862904474139214 32.422686994075775 23.050206780433655 13.586308866739271 13.925220206379889 13.100338235497473 142.17190404981375 72.491062305867672 24.369189560413361 280.8803468644619 18.580676458775997 99.840935111045837 16.592558167874813 36.293881855905056 63.46054781973362 305.09495057165623 57.436181753873825 115.54551250487566
leaf_count=225 2165 216 639 116 195 241 208 218 170 114 96 86 1054 511 190 1812 127 644 125 226 496 2055 406 765
internal_value=5.78686e-05 0.00046506 0.000197292 -0.0021477 0.000247369 0.00242238 0.00387441 0.0017934 -0.00194891 0.00185108 0.00534854 0.000528333 -0.000122173 0.000453028 0.00449678 0.00166971 0.00248015 -0.000732609 0.00451522 0.0029382 0.000102068 0.000502212 0.00298733 -0.000277891
internal_weight=1824.13 1518.66 1411.13 172.26 97.1758 71.0484 107.528 76.6655 305.464 53.2291 46.3479 1238.88 790.179 648.007 56.7536 448.696 335.755 112.941 39.6428 317.174 614.028 550.568 129.927 420.64
internal_count=13100 10526 9788 1381 742 547 738 530 2574 409 314 8407 5512 4458 431 2895 2165 730 295 2038 4233 3737 917 2820
is_linear=0
shrinkage=0.01


Tree=151
num_leaves=25
num_cat=0
split_feature=271 255 168 94 11 71 31 42 299 323 171 254 234 136 71 279 225 281 84 70 144 89 99 112
split_gain=15.9161 12.5069 15.9353 12.7803 17.3309 13.6967 14.2923 10.8395 10.7423 10.6501 11.078 10.5518 9.79588 11.6252 12.8937 9.79447 9.28465 10.0967 9.1393 9.09101 9.04553 11.0497 14.6643 8.99377
threshold=0.13635587753583686 104.50000000000001 158.50000000000003 0.45675452549354506 0.4617771050327602 1.8789339452170057 0.0030983752129982965 233.50000000000003 0.015382710509829202 646.50000000000011 12.405157506978183 94.500000000000014 0.082499249324391968 0.32074493841358237 0.73397120153617224 0.018287320663885335 0.78129166666666683 2.187579515352073 32.482988940600684 0.96403441127837042 0.079382110497990335 2.5764405813162532 -0.69823008068334158 68.500000000000014
decision_type=2 2 2 8 10 10 2 2 2 2 10 2 2 2 10 10 2 2 2 10 8 8 10 2
left_child=1 8 -3 12 5 -5 7 18 20 10 11 16 13 14 -4 -13 -2 -18 -7 -12 -1 22 -22 -11
right_child=9 2 3 4 -6 6 -8 -9 -10 23 19 15 -14 -15 -16 -17 17 -19 -20 -21 21 -23 -24 -25
leaf_value=-0.00081686459171994425 0.0061374873084615597 0.0055862934775337469 -0.00044553128206274435 -0.0020923150535321895 -0.0041490792046060664 0.0087419041488223069 -0.00062791978691748213 -0.0022908353445659723 -0.0025795384366528412 0.01060898107845625 -0.0021898672614735883 -0.0017509393804816171 -0.0034674970934799633 -0.0010512525209282213 0.01083725375726154 0.0035564329039649662 0.0080632970818031897 -0.00099463372668250126 0.00022472298697944867 0.0054539706061623571 0 -0.0010684522435123734 0.011920549983187177 0.00082607958925522498
leaf_weight=461.75609784573317 88.691296741366386 58.539614595472813 13.42616795748472 104.74486768990755 99.662158899009228 53.815292485058308 76.397472582757473 14.214839629828928 329.63341628760099 20.791677996516228 114.35515452921391 87.2786535769701 13.707697369158266 20.013951368629932 34.069092698395252 53.742698475718498 13.116493053734301 51.2154311388731 16.713659293949604 15.136732116341589 19.339018024504185 36.278875604271889 19.439798720180988 16.856054298579693
leaf_count=3555 528 426 87 755 815 334 576 92 2578 127 760 531 96 140 220 323 81 325 104 98 120 263 132 97
internal_value=0.000101962 -0.000438191 0.000808122 0.000148455 -0.000652997 0.000683685 0.00249928 0.00525896 -0.00116646 0.00170362 0.00122314 0.00229084 0.00366789 0.00521259 0.00778255 0.000294941 0.00408482 0.0011 0.00682415 -0.00119083 -0.000287867 0.00286468 0.00639033 0.00661907
internal_weight=1832.94 1371.75 505.305 446.765 365.548 265.886 161.141 84.7438 866.447 461.184 423.536 294.045 81.2169 67.5092 47.4953 141.021 153.023 64.3319 70.529 129.492 536.814 75.0577 38.7788 37.6477
internal_count=13163 10293 3645 3219 2676 1861 1106 530 6648 2870 2646 1788 543 447 307 854 934 406 438 858 4070 515 252 224
is_linear=0
shrinkage=0.01


Tree=152
num_leaves=25
num_cat=0
split_feature=123 105 120 136 116 149 315 225 307 93 117 151 98 321 205 158 22 308 63 221 83 232 257 314
split_gain=11.2089 12.6747 15.3674 11.3648 10.6855 13.7692 16.5065 12.2084 14.4928 11.3774 10.1188 12.9505 10.9321 10.1053 10 11.8955 12.7087 9.90388 15.9219 13.0769 9.84223 20.3413 10.8229 10.5476
threshold=1.3037559528709568 0.95325439068398365 1.235352529746677 0.17274237390516464 -0.16481085231936971 0.093806407942238282 -0.096559334601391475 0.87440736995843171 0.0013894167935025955 -0.45795485224703525 2.368833019097448 0.12661918185174001 78.500000000000014 9.5000000000000018 -0.71266773002534856 0.27438333056799963 0.36401503488644865 0.0017586254624315143 0.45268652794432085 -0.23897056260868713 0.88361969714409516 1.0099873551992979 109.50000000000001 -0.0063149586673866978
decision_type=10 10 8 2 10 8 2 2 2 10 10 10 2 2 2 10 8 2 10 2 10 2 2 2
left_child=4 14 10 -4 5 6 20 8 -6 -10 11 12 -3 -11 15 16 -2 -16 -19 -20 21 23 -22 -1
right_child=1 2 3 -5 7 -7 -8 -9 9 13 -12 -13 -14 -15 17 -17 -18 18 19 -21 22 -23 -24 -25
leaf_value=0.009881071888351951 0.007808747631485786 -0.0018091099586378273 -0.0045325247181483216 0.004749842318119292 0.0011771925134113502 -0.0019167137087061504 -0.0045165859114200029 -0.0031072835838380831 0.0084918515823596535 -0.00030088234152748374 0.010022944796760363 -0.0017404916571431511 0.0042644604245924171 0.0088477012868781822 -0.0030243843329188121 -0.0037531374804104533 -0.0018170993940681722 -0.002036209304165394 0.010827304038913214 -0.0010297865306508687 0.0055896296750990292 -0.0045776789414050988 0.0012192695252451185 9.0845131398878108e-05
leaf_weight=16.810261726379395 33.265407435595989 35.490093290805817 69.251594267785549 13.604815058410166 192.75621326267719 216.9775433242321 41.40203483402729 35.250079199671745 62.284373208880424 43.319708131253719 12.036859147250651 82.290737442672253 138.66332692652941 13.70397078245878 347.39712845534086 25.252611368894577 20.424075767397881 83.269219867885113 18.790401726961136 15.271227799355982 97.510407634079456 55.094246596097946 136.78921760618687 25.612611278891563
leaf_count=99 266 257 564 109 1190 1566 282 254 388 283 80 665 921 89 2850 210 162 677 145 124 600 362 852 164
internal_value=0.000129973 -0.000668752 0.000805754 -0.00288968 0.000893277 7.00893e-05 0.00123359 0.00227733 0.00291131 0.0056122 0.00196824 0.00148062 0.00301187 0.00219632 -0.00162271 0.0016166 0.00422178 -0.0021816 0.000317833 0.00581382 0.00198633 -0.000661942 0.00308754 0.00436921
internal_weight=1832.52 895.007 351.337 82.8564 937.511 590.196 373.219 347.314 312.064 119.308 268.481 256.444 174.153 57.0237 543.67 78.9421 53.6895 464.728 117.331 34.0616 331.817 97.5171 234.3 42.4229
internal_count=13159 7030 2596 673 6129 3925 2359 2204 1950 760 1923 1843 1178 372 4434 638 428 3796 946 269 2077 625 1452 263
is_linear=0
shrinkage=0.01


Tree=153
num_leaves=25
num_cat=0
split_feature=5 5 120 109 75 147 136 107 97 30 200 260 119 108 129 80 83 292 227 129 232 295 313 109
split_gain=16.5601 21.7418 12.1583 13.1924 16.5951 13.6054 13.0452 10.9148 10.347 10.9934 11.1058 9.87536 11.6021 10.5566 9.91643 9.72019 11.7364 9.69411 9.34112 10.8949 12.9542 12.6232 11.8409 10.1703
threshold=-2.8935132521978844 -2.8712440139818409 0.62097112523439313 2.2683624778100966 0.7949214955853845 0.14778616382149634 0.32339757506930766 0.29080678368324925 0.44688387967079352 0.0091058592121537382 1.8977058699957914 -0.81654334459464306 -0.26126052086294377 0.24453203894057432 0.52193250758445309 32.500000000000007 2.8977621706799148 0.0021175511861327889 0.0052424729631309185 1.0703473539634747 1.9107305870438096 0.10058321430963492 0.012510720411663819 1.1744431469712573
decision_type=2 2 8 10 8 8 2 10 10 2 2 8 8 10 8 2 10 2 2 10 2 2 2 10
left_child=15 -2 -3 5 -5 -4 7 11 9 -9 -11 -7 13 14 -13 -1 -17 -15 -14 -20 -21 -22 23 -23
right_child=1 2 3 4 -6 6 -8 8 -10 10 -12 12 18 17 -16 16 -18 -19 19 20 21 22 -24 -25
leaf_value=-0.004772068829925891 0.0034040568716181257 0.0023163363152827114 -0.0022313394377104774 0.010595579765580881 1.4067554354152056e-05 -0.006328271214292999 -0.0052858296782416023 0.0048131092478161091 0.0054440936187698718 -0.0063966463568672898 0.0042350916516371209 0.0055930465177680853 -0.001685681737591813 0.0016878314955717044 -0.0024041494356557059 -0.0016888236245185878 0.007066615316027175 0.010051892922494445 -0.0028463499219498621 0.01065508219183009 -0.0058865302756539156 -0.0061653126271843149 0.0075699260299542026 0.0033073303961334943
leaf_weight=97.25864664465189 208.55841049551964 186.39181866496801 367.89571070671082 21.105499289929867 39.419084973633289 22.203525863587856 39.641961768269539 25.914055176079273 72.459405541419983 28.437896013259888 11.87767808139324 19.541351109743118 296.76468439400196 30.198632270097733 47.611859530210495 132.52615199238062 14.421831414103506 25.823468506336212 41.263820134103298 15.849002346396444 16.29082664847374 15.439727783203123 31.49126923084259 26.96146260201931
leaf_count=908 1165 1172 2981 123 307 140 296 161 460 196 82 127 2159 175 310 1117 125 146 307 104 109 119 219 174
internal_value=4.33915e-05 0.000417242 -3.86359e-05 -0.000411051 0.00402945 -0.000658054 9.99579e-05 0.000413962 0.00290826 9.47772e-06 -0.00316835 -0.000182347 8.67853e-05 0.00276782 4.11056e-05 -0.00236515 -0.000705089 0.00585944 -0.000667494 0.00137025 0.00305192 0.00142032 0.00320267 -0.000290171
internal_weight=1835.35 1591.14 1382.58 1196.19 60.5246 1135.67 767.771 728.129 138.689 66.2296 40.3156 589.44 567.236 123.175 67.1532 244.207 146.948 56.0221 444.061 147.296 106.032 90.1833 73.8925 42.4012
internal_count=13182 11032 9867 8695 430 8265 5284 4988 899 439 278 4089 3949 758 437 2150 1242 321 3191 1032 725 621 512 293
is_linear=0
shrinkage=0.01


Tree=154
num_leaves=25
num_cat=0
split_feature=46 99 20 151 108 141 266 174 113 8 209 69 193 174 171 149 106 129 307 176 144 53 209 81
split_gain=12.6429 12.0152 13.8996 11.3982 14.7306 13.7064 12.7258 9.54197 15.9446 9.97852 15.2723 17.8915 11.204 11.3334 16.194 10.453 14.7464 14.1555 11.3831 9.1981 9.04194 8.53707 8.49694 9.99512
threshold=1.0000000180025095e-35 1.2242135538382042 1.1191073177564022 0.087447625420191508 1.3507260831866736 0.08262807292037079 1.5010729613733906 160.1526388888889 0.33168737580695656 -0.97066799815674998 0.69261053906723202 -0.60319166162586846 0.75782013685239502 96.494444444444454 7.3828961059110227 0.097104840399525064 0.56477797512565553 0.9724144967910815 -0.0038181799396602048 12.076669029980323 0.032746696944673831 26.500000000000004 0.7563382541720155 -0.050943732697391324
decision_type=2 10 10 8 10 2 2 10 10 2 2 10 8 8 10 10 10 10 2 2 10 2 2 8
left_child=1 2 3 7 6 -6 -5 8 9 10 -1 22 13 15 -15 17 -17 -11 -18 -9 -20 -2 -12 -24
right_child=21 -3 -4 4 5 -7 -8 19 -10 12 11 -13 -14 14 -16 16 18 -19 20 -21 -22 -23 23 -25
leaf_value=-0.0020458072335239239 -0.0053051153640210529 -0.0046901979304043266 0.0064288008997172141 0.0055429105765978448 0.006601725785063111 -0.0024441470897069708 -0.0028590717335665616 0.0013556422995500933 0.0052910434508394426 -0.0016537875574015352 0.0063981189881085936 0.012208578056091296 -0.0013595996511455986 0.010983877595804676 0.0018873420440463434 -0.0037546426516506222 -0.0017534655119985194 0.010580144984722498 0.009616735243479925 -0.0023214426171440936 -0.0001062593372939127 -0.00085368319033757203 -0.0017792953966526562 0.0034498756808111816
leaf_weight=57.220631279051304 61.249097287654877 42.801896244287491 35.937751196324825 16.712390810251236 38.007834695279598 26.189549699425697 254.08181650936604 112.50309181958437 87.381778247654438 16.812845543026924 43.608902752399445 19.516756363213062 270.09471413493156 22.05546498298645 102.14745859801769 92.560420222580433 36.382593289017677 16.697268590331078 21.741195566952229 163.10445816814899 15.222441062331198 138.02653108537197 57.11263781785965 91.512376874685287
leaf_count=326 613 372 253 126 263 203 2087 775 536 104 243 112 1895 135 690 643 236 93 146 1137 98 1256 333 534
internal_value=7.728e-05 0.000368149 0.000512474 0.000364159 -0.00126232 0.00294916 -0.00228469 0.00081141 0.00128627 0.000863425 0.00245058 0.00368132 0.000134457 0.00138548 0.00372008 -9.54117e-05 -0.00114673 0.00476469 0.00214839 -0.000818309 0.00586536 -0.0022822 0.00264525 0.00143809
internal_weight=1838.68 1639.41 1596.6 1560.67 334.992 64.1974 270.794 1225.68 950.067 862.686 268.971 211.751 593.714 323.62 124.203 199.417 165.907 33.5101 73.3462 275.608 36.9636 199.276 192.234 148.625
internal_count=13209 11340 10968 10715 2679 466 2213 8036 6124 5588 1548 1222 4040 2145 825 1320 1123 197 480 1912 244 1869 1110 867
is_linear=0
shrinkage=0.01


Tree=155
num_leaves=25
num_cat=0
split_feature=5 5 76 114 126 108 147 126 300 100 307 129 232 118 118 131 200 201 95 183 83 146 196 5
split_gain=13.283 15.8928 11.8942 24.0647 15.1816 13.713 12.2725 11.5467 12.2671 11.3459 10.8797 9.76754 9.70756 9.62553 9.26425 10.5117 8.89441 10.1067 9.71299 9.09878 8.78759 10.919 10.8398 9.02657
threshold=-2.8996003220412478 -2.8773415074710829 0.8009102858263798 0.72439208681671763 0.73154229831474316 1.3645177348671844 0.099576080903881745 0.72625694732321955 0.24683309263408298 0.82768168603795689 -0.015391974639445865 1.8251608608091814 1.5887571489887868 20.500000000000004 79.500000000000014 1.0867398045584185 0.79065707906666527 0.85689907362262319 -1.0777216405182306 -1.330600650229365 2.1862168006146976 0.12868392102368134 0.26333570412517787 -2.8935132521978844
decision_type=2 2 10 10 8 10 10 10 2 10 2 10 2 2 2 8 2 2 10 10 8 10 10 2
left_child=13 11 7 -4 9 10 -7 14 -9 -5 -6 20 -12 -1 15 -3 17 19 -18 -15 21 22 -2 -23
right_child=1 2 3 4 5 6 -8 8 -10 -11 12 -13 -14 16 -16 -17 18 -19 -20 -21 -22 23 -24 -25
leaf_value=-0.0065821801716782116 0.0011467473917469409 0.0056949775301275984 -0.0031465855130661715 0.0083828973393759443 -0.0056965880632679246 -0.0019823053872452256 0.0073515134589187013 -0.00025860605814752329 0.010306399729173295 0.0013670466853538785 0.0056222589224630649 0.0069751487680295033 -0.0016951367095777562 -0.0057671320267013776 0.0035058358258500022 -0.00050054257632398927 -0.0039196929880296024 0.0099770567127806884 0.0042604890142105218 0.0032922553482360724 -0.0026932329670861445 -0.0041631712370114402 0.01263200671048078 0.0025009921364541905
leaf_weight=40.241503216326237 15.628119647502897 26.802216172218323 287.38031300902367 22.749526545405388 62.625671274960041 23.130702219903469 29.257046468555927 18.179491311311722 23.770988829433918 265.29560550302267 17.466541729867458 41.241566307842731 167.15637046843767 15.263839714229102 89.096601374447346 356.53948576003313 97.633051700890064 9.805608317255972 14.451382972300051 25.734043158590797 34.673938371241093 22.025127522647381 16.683438628911972 109.97796618938446
leaf_count=400 101 147 2302 138 472 187 200 121 160 1840 121 250 1296 136 545 2373 909 88 133 234 204 132 94 585
internal_value=2.86073e-05 0.000331025 -8.07888e-05 -0.00079003 0.000370223 -0.00119827 0.00332207 0.00112151 0.00597938 0.00200107 -0.00218694 0.00269015 -0.000922774 -0.00236385 0.000654869 -2.60508e-05 -0.00122066 0.00215933 -0.00277697 -0.000212711 0.00171139 0.00267687 0.00764721 0.00131729
internal_weight=1832.81 1629.68 1389.45 875.062 587.681 299.636 52.3877 514.389 41.9505 288.045 247.249 240.23 184.623 203.129 472.438 383.342 162.888 50.8035 112.084 40.9979 198.989 164.315 32.3116 132.003
internal_count=13168 11268 9902 6556 4254 2276 387 3346 281 1978 1889 1366 1417 1900 3065 2520 1500 458 1042 370 1116 912 195 717
is_linear=0
shrinkage=0.01


Tree=156
num_leaves=25
num_cat=0
split_feature=32 122 19 270 84 36 302 227 291 165 39 177 275 150 208 160 273 118 267 32 33 273 273 118
split_gain=12.8564 13.21 12.891 11.3149 10.3277 11.9307 9.85335 9.50708 11.2658 15.756 8.89948 8.44732 11.0292 8.96361 12.4543 8.37638 8.36969 8.25598 8.33287 10.4097 9.75095 8.58403 8.06712 7.81538
threshold=0.0014316399604838677 0.26025589624797435 0.0091889283578852569 0.054802181974196319 20.544132471151432 0.029739006741295076 0.0063901060318089379 0.0046765422018749921 1.0560333768903092 179.44409722222227 0.072328849222681957 7.4205514677742697 0.074584730984266462 0.043537495557398422 0.72424352304856521 0.053967053629823424 3.5053155807915899 20.500000000000004 0.68770906288547484 0.0019782413023911091 0.0370737928848505 3.280763008938171 4.101892227556891 63.500000000000007
decision_type=2 10 10 2 2 2 2 2 2 2 2 10 2 8 2 10 10 2 2 2 2 10 10 2
left_child=1 4 -3 -2 6 -6 -1 -4 9 10 -9 12 23 14 -13 -14 -11 -5 21 -20 -21 -19 -16 -8
right_child=3 2 7 17 5 -7 11 8 -10 16 -12 13 15 -15 22 -17 -18 18 19 20 -22 -23 -24 -25
leaf_value=-0.00043591928349001738 -0.0069069476268876885 -0.0043268970691647769 -0.00090341528313265293 -0.0055164950472576229 0.0013505604495221474 0.006809207286333995 0.0031876748519203829 0.014178251233858985 -6.6154191390586109e-05 0.0056914698848922638 0.0022661897298976363 0.00095634140168446248 -0.0040234971881232678 7.3713262733749298e-05 0.013738975296678087 0.0041968312536963268 -0.0034243819843783763 0.0031410827825892784 -0.0047350083880819595 0.0013642320685927464 0.011139697026839172 -0.0061945625592034429 0.0040532870813916782 -0.0033206980585852542
leaf_weight=400.38706133514643 41.903396241366863 81.4347750172019 497.26144951581955 27.133387602865696 116.44740319252014 60.283591188490391 129.59810934960842 17.444545865058902 122.97264641523361 14.500936597585676 11.220375910401343 28.208431370556355 58.155348338186741 35.480407200753689 20.729643553495407 12.977866545319555 21.162386275827885 13.00469248741865 11.143465794622896 27.802699513733387 14.494714386761187 24.639444053173065 19.399888731539249 18.923222593963146
leaf_count=2599 435 670 3881 269 663 342 818 131 933 100 80 163 369 247 116 84 164 117 103 258 132 228 118 116
internal_value=6.53659e-05 0.000327508 -0.000635765 -0.00261502 0.00114736 0.00329641 0.000610444 -0.000179137 0.00172319 0.00501697 0.0101723 0.00190123 0.000763435 0.0042146 0.00626158 -0.00240652 0.000402368 -0.000959007 0.000513639 0.00299742 0.00522672 -0.00295037 0.00965757 0.00230501
internal_weight=1826.71 1666.59 765.997 160.122 900.591 176.731 723.86 684.562 187.301 64.3282 28.6649 323.473 219.655 103.818 68.338 71.1332 35.6633 118.218 91.085 53.4409 42.2974 37.6441 40.1295 148.521
internal_count=13136 11594 5959 1542 5635 1005 4630 5289 1408 475 211 2031 1387 644 397 453 264 1107 838 493 390 345 234 934
is_linear=0
shrinkage=0.01


Tree=157
num_leaves=25
num_cat=0
split_feature=5 5 120 70 119 72 109 55 180 197 72 109 65 302 305 213 215 209 181 256 253 225 305 66
split_gain=13.9612 17.4613 11.9088 16.9449 14.5601 14.0262 13.3812 12.7319 12.8582 12.1883 10.0368 11.7402 10.7536 11.1057 11.3957 10.101 10.0874 11.654 9.68918 10.7876 9.52337 9.5123 8.90088 8.65866
threshold=-2.8943022876294049 -2.8773415074710829 1.111776080824346 0.84000601126765584 0.10723967878901888 -56.051497274060338 1.5195776906739467 3.0767701101319624 3.2950590161109683 -0.25376248100249482 -94.517581309802353 1.0339124374110222 1.9384098359863726 0.016110467864224574 0.42434329387694497 -0.36915576180073673 -0.53893989530677799 0.69261053906723202 0.053944638567372798 57.500000000000007 148.50000000000003 0.86267304124446997 0.36430417446700009 57.470743341820089
decision_type=2 2 8 10 10 2 8 2 2 8 2 10 10 2 2 2 2 2 2 2 2 2 2 2
left_child=-1 18 3 4 5 10 20 8 22 -7 11 12 13 14 -3 -15 17 -13 -2 -20 -6 -17 -8 -24
right_child=1 2 -4 -5 6 9 7 -9 -10 -11 -12 16 -14 15 -16 21 -18 -19 19 -21 -22 -23 23 -25
leaf_value=-0.0022864104711459387 0.0083057085917175571 -0.0027361688178935751 -0.0018772018898374017 0.0045371637094655795 -0.0028006262134421889 0.0013633639230586814 -0.0043306076717307112 -0.0025079217882420994 0.0067121773114424532 0.0095093143762872527 -0.0029762154767483673 1.7570654444412304e-05 -0.0029371016613326411 -0.0018224981350480551 0.0033327251388544183 0.0088535692273946139 -0.00085402250448910096 0.009955325222501454 -0.0036912179092980406 0.0030394301859973027 0.0038449920493827555 -0.00019227427442029322 0.0041208118051215808 -0.0045220794511754911
leaf_weight=226.68419436365366 27.121783778071404 76.649696044623852 284.4717166647315 88.331414222717285 306.99857611209154 40.9378277733922 25.591160848736763 70.23468104749918 47.113228820264339 32.795405380427837 64.896529272198677 17.270347215235233 74.201660878956318 17.973287992179394 47.790999606251717 40.670037493109703 22.709308423101902 35.936613157391548 25.19486028701067 163.4922452121973 20.619850434362888 15.405498474836348 51.865750037133694 12.093391746282576
leaf_count=2073 144 483 2268 587 2433 257 181 554 292 199 408 97 498 111 293 235 136 206 151 899 153 97 369 84
internal_value=2.06434e-05 0.000349478 -6.1643e-05 0.00040631 3.66202e-05 0.00128401 -0.00109933 0.000881031 0.00264554 0.00521809 0.000549266 0.00122719 0.000238493 0.00145534 -0.000375133 0.00444485 0.00462908 0.00691204 0.00297705 0.00209402 -0.00234985 0.00646182 0.000354528 0.00234869
internal_weight=1837.05 1610.37 1394.56 1110.09 1021.75 487.237 534.517 206.898 136.664 73.7332 413.504 348.607 272.691 198.49 124.441 74.0488 75.9163 53.207 215.809 188.687 327.618 56.0755 89.5503 63.9591
internal_count=13208 11135 9941 7673 7086 3020 4066 1480 926 456 2564 2156 1717 1219 776 443 439 303 1194 1050 2586 332 634 453
is_linear=0
shrinkage=0.01


Tree=158
num_leaves=25
num_cat=0
split_feature=153 109 150 114 221 3 192 193 157 308 109 41 192 114 232 189 109 70 277 143 308 62 307 88
split_gain=11.9189 15.6281 16.4164 14.6498 14.8968 13.3476 16.5964 12.8804 12.5562 12.0789 11.5233 10.3461 9.96553 10.871 11.822 12.0056 9.54231 9.94669 9.46204 11.6837 11.6645 8.82394 10.1896 9.20343
threshold=0.01564247762863535 1.5195776906739467 0.048826334128002941 0.97490369833359791 -0.44508763738261026 2.4993481399758042 0.97141374451538554 0.7649616368286446 0.19274917853231108 0.00799516534769012 2.290809100281376 610.50000000000011 -0.075853457202238989 0.72620955713536361 0.98086897047011734 -0.21038959620610778 2.3487247349341756 0.93440188508705824 0.018578768394553333 0.071497651284885347 0.0017586254624315143 173.50000000000003 -0.0047821682778148447 0.84494199821997695
decision_type=10 10 10 10 2 2 10 10 8 2 10 2 10 8 2 10 10 10 10 10 2 2 2 8
left_child=1 2 12 7 -5 6 -3 9 16 -4 21 -10 -1 14 15 -14 -2 -18 20 -20 -16 -7 23 -23
right_child=8 5 3 4 -6 10 -8 -9 11 -11 -12 -13 13 -15 18 -17 17 -19 19 -21 -22 22 -24 -25
leaf_value=-0.0017735865622539426 -0.0013819489908033838 -2.7924016208981832e-05 -0.00076432372767528236 0.011242649577302786 -0.00043969267962615694 -0.00025291024909938502 0.013240229047989582 -0.0033018069321879683 -0.0058083809160691625 0.0079998956670105457 0.0089320347178033672 0.0039870829776041047 0.0074025472613658098 0.0045282545711736082 0.00031124769916627155 -0.0015610233532278245 -0.0023441782836990002 0.0078144145333893036 0.0035592970549005844 -0.003219334781725531 -0.0051742254201920159 0.0056660129069269084 0.0077225105749427429 -0.0021667660255201013
leaf_weight=98.106274724006653 163.46306461840868 15.656738363206385 312.77690596878529 15.37738301604986 26.33477371186018 183.49010432511568 20.24859830737114 262.24143707752228 86.814488135278225 13.70432612299919 17.019403569400311 10.11549463868141 44.755245894193649 102.44169647991657 113.85143987834454 20.281664200127125 13.552196487784384 22.773224659264088 104.57402255386114 30.732987217605114 55.471846655011177 21.478892520070076 32.858344905078411 36.344550974667072
leaf_count=649 1376 94 2354 102 186 1253 120 2104 780 100 100 89 280 610 740 129 111 161 659 209 367 127 203 225
internal_value=3.03475e-05 0.000387859 -0.000140725 -0.00125086 0.00428657 0.00231567 0.00785059 -0.0016636 -0.00179326 -0.000327543 0.0015605 -0.0046916 0.001085 0.00168821 0.000869941 0.00464403 -0.000336055 0.00410353 2.54486e-05 0.00197778 -0.00153569 0.00101237 0.00351332 0.00085518
internal_weight=1824.47 1527.75 1200.65 630.435 41.7122 327.097 35.9053 588.723 296.718 326.481 291.191 96.93 570.215 472.109 369.667 65.0369 199.788 36.3254 304.63 135.307 169.323 274.172 90.6818 57.8234
internal_count=13128 10611 8489 4846 288 2122 214 4558 2517 2454 1908 869 3643 2994 2384 409 1648 272 1975 868 1107 1808 555 352
is_linear=0
shrinkage=0.01


Tree=159
num_leaves=25
num_cat=0
split_feature=32 153 109 116 321 120 83 321 121 278 268 109 229 279 127 273 146 232 192 311 273 100 7 137
split_gain=14.6436 10.3264 16.4261 12.7092 9.03375 10.4843 9.89206 9.86204 12.942 11.5924 12.6665 10.7518 10.4294 10.8591 10.5244 10.0409 10.266 12.1886 14.4817 10.0222 11.2472 9.67672 8.64157 8.84686
threshold=0.0015637226134585292 0.01564247762863535 2.290809100281376 0.27407828562849151 5.5000000000000009 0.68155039720904365 0.71678701438098413 9.5000000000000018 -1.145508272249061 -0.0042325059803255344 0.33945228655207643 1.5195776906739467 -0.27511344710682378 -0.050932983288166249 -0.26706397127344267 2.8974393293649059 0.17230956085045993 1.4316154138842518 1.0426130152832014 -0.093525278701074258 3.4590971829455128 1.1378087788749449 -0.90671087067124312 0.15468619579474543
decision_type=2 10 10 8 2 10 8 2 8 10 2 10 2 8 8 10 10 2 8 2 10 8 2 2
left_child=1 2 4 -3 5 -1 -7 8 15 10 11 -10 21 14 -14 -6 -17 -18 -19 20 -16 -9 23 -5
right_child=-2 3 -4 22 7 6 -8 12 9 -11 -12 -13 13 -15 19 16 17 18 -20 -21 -22 -23 -24 -25
leaf_value=0.0038462822793824576 -0.0028825202469583535 -0.0041176564678812753 0.0098127973062742974 0.0099129708274037186 -0.0057401727524123303 -0.006247676867000067 0.0010411741566313346 -0.0020229159870508852 0.00062730551875703189 -0.003738703350415117 -0.0032336539620505299 0.011247746502989302 -0.0010267145848004786 0.00099517650517058523 0.002681802851920588 0.0053005687267701999 0.0038924742128691389 -0.0071861496122201246 0.0021518176578390531 0.00029653061093558319 0.015046647716709573 0.0065082422582497749 -0.0010853762775595401 0.00057008485437109178
leaf_weight=140.77886772155762 150.12307393550873 104.54999716579914 16.635312497615814 13.653305746614931 16.951042860746384 16.599794179201126 438.72553543001413 119.39194228500128 26.161327920854092 196.83216501027346 36.97319134324789 12.704716473817824 15.665757037699221 161.21941855549812 13.201818205416201 52.444673307240009 43.463981948792934 32.338296763598919 29.298832654953003 12.534134238958357 20.481617785990238 12.099154420197008 113.49694527685642 27.928056448698044
leaf_count=884 1456 916 96 100 107 119 2981 799 186 1429 268 78 99 1100 87 325 254 198 176 87 134 81 918 220
internal_value=7.88388e-05 0.000349426 0.000686779 -0.00147223 0.000557775 0.0014871 0.000736154 -0.000134727 -0.00112035 -0.00247252 0.000817204 0.00465278 0.00110441 0.00241117 0.00587898 0.000992645 0.00181219 -1.28059e-05 -0.00283248 0.00816423 0.0108135 -0.00110938 0.000346841 0.00409828
internal_weight=1824.25 1674.13 1414.5 259.628 1397.87 596.104 455.325 801.762 447.168 272.671 75.8392 38.866 354.594 223.103 61.8833 174.497 157.546 105.101 61.6371 46.2176 33.6834 131.491 155.078 41.5814
internal_count=13098 11642 9488 2154 9392 3984 3100 5408 3021 1961 532 264 2387 1507 407 1060 953 628 374 308 221 880 1238 320
is_linear=0
shrinkage=0.01


Tree=160
num_leaves=25
num_cat=0
split_feature=271 73 53 279 3 156 99 284 53 118 313 76 189 35 95 267 138 48 53 196 89 206 138 31
split_gain=13.3275 10.9439 12.5905 11.1379 10.7277 12.2936 13.8169 11.9051 11.7237 10.6977 12.8758 10.5734 10.5413 10.4612 10.1679 9.93849 12.0558 8.6289 8.30972 8.29269 8.24611 7.87826 10.0564 9.33788
threshold=0.067822972005887092 315.53479370826329 39.500000000000007 0.077248091934329979 2.4993481399758042 1.0000000180025095e-35 0.89897021325068993 0.085952993194815211 14.500000000000002 73.500000000000014 0.026989708206897358 0.707009975630013 -0.031996346613608416 0.0027797094730335347 -1.4547381680476497 0.85425927333207574 0.18619365940829971 25.500000000000004 94.500000000000014 0.31601439496176342 0.8827130208246502 73.500000000000014 0.17059357318244905 0.0065407011289364244
decision_type=2 2 2 8 2 8 8 8 2 2 2 8 10 2 10 2 2 2 2 10 8 2 2 2
left_child=11 4 3 9 7 6 -6 8 14 10 -3 -1 20 15 -2 16 -7 -9 -4 -19 -13 -22 23 -23
right_child=1 2 18 -5 5 13 -8 17 -10 -11 -12 12 -14 -15 -16 -17 -18 19 -20 -21 21 22 -24 -25
leaf_value=0.0031661973993415797 -0.0017950572667443441 -0.00056753292438077607 0.001877071054979476 -0.0024952269153115194 0.011649793468198721 0.0035635254465913634 -0.0022372900384467717 -0.0073705142288961615 0.0011305059415912568 0.01311246341075307 0.010426089119454293 0.0045534393312776419 0.0021052955239445744 -0.0022765240492193684 0.0077612555560524245 -0.0020806473279277094 -0.004057913100993937 0.003867914960860966 -0.0029765148060289415 -0.0048558279903345089 -0.0034708714889262449 0.0010556591890936965 0.00793911190705128 -0.0068013467107643343
leaf_weight=45.218688532710075 12.737790279090403 24.822231970727444 235.35184460133314 11.870829612016676 13.475484102964399 112.36899281293154 11.205356970429422 21.849630303680897 323.39315451681614 20.062310174107552 15.269320227205752 13.752578772604464 57.750512816011906 318.21138306707144 49.672729842364788 85.320107825100422 22.713540494441986 22.825418069958687 38.652849934995174 16.085572592914104 281.54822359979153 45.858903937041759 10.918056547641752 19.197334498167038
leaf_count=309 85 171 1588 81 89 812 89 162 2050 126 103 113 467 2274 327 640 169 148 259 105 2357 362 87 174
internal_value=0.00014418 0.000649347 0.00217647 0.0058199 0.000120441 -0.000794536 0.00572801 0.00127457 0.0019257 0.00751538 0.00400876 -0.00129327 -0.00178336 -0.00112377 0.00580212 0.000543821 0.00221751 -0.00274534 0.00116523 0.000152367 -0.00240232 -0.00270647 0.000136441 -0.00143551
internal_weight=1830.13 1355.89 346.029 72.0247 1009.86 563.295 24.6808 446.564 385.804 60.1539 40.0916 474.244 429.026 538.614 62.4105 220.403 135.083 60.7606 274.005 38.911 371.275 357.523 75.9743 65.0562
internal_count=13147 9278 2328 481 6950 4073 178 2877 2462 400 274 3869 3560 3895 412 1621 981 415 1847 253 3093 2980 623 536
is_linear=0
shrinkage=0.01


Tree=161
num_leaves=25
num_cat=0
split_feature=150 105 235 253 297 90 11 129 127 310 186 210 193 234 307 131 184 281 8 71 77 80 257 122
split_gain=10.0059 15.3222 12.4332 13.673 12.9992 13.1699 12.6846 10.1108 11.6225 9.51509 9.23703 9.67761 8.9681 8.94512 8.9004 8.3023 8.72717 9.55549 11.3518 9.26729 14.1472 10.6678 9.47256 8.87834
threshold=0.048826334128002941 0.23464298433839029 0.0033500931516688742 198.50000000000003 0.0068647325927343331 5.2268504821648305 0.19127855374700875 1.4038158225430732 0.42897832596700908 -0.65651920189412694 0.13025804171085192 0.088335334133653479 0.78926809210526327 0.041706198608475652 0.035310693094026603 2.4859027537237481 -0.17663267053094517 3.4462530701374474 -1.1697862275253608 0.97425666135240185 0.84223981782463231 61.500000000000007 114.50000000000001 -0.3181774708979182
decision_type=8 8 2 2 2 2 8 10 8 2 10 2 10 2 2 10 10 2 2 8 10 2 2 8
left_child=15 14 3 6 -4 7 -3 12 -9 13 11 -7 -6 -8 -2 16 17 18 -1 20 21 -18 23 -21
right_child=1 2 4 -5 5 10 9 8 -10 -11 -12 -13 -14 -15 -16 -17 19 -19 -20 22 -22 -23 -24 -25
leaf_value=0.0045511168400631458 -0.0044958990011998599 0.0010811109351899931 -8.4230654537930351e-05 0.0082251287596242281 0.0075610715623349936 -0.00068099892370791185 -0.0027747065554137224 0.016327317180790418 0.0027721402737577779 -0.0024767395693389808 -0.0039850854990851215 0.0072596956472159415 -0.0021204057744257936 0.0063895184826766073 0.0027599618502644353 -0.0041480008309833019 0.0057613478565312556 -0.0079765777008754899 -0.0035311300606663694 0.0077237958115051299 -0.0020132071123602356 -0.0018393621945217754 0.0010986403553060837 0.0024622575842115917
leaf_weight=28.700396485626698 128.80097130686045 171.41376771777868 285.42789903283119 12.79145125299692 16.463865600526333 31.644942663609982 16.199549958109856 15.47933357208967 12.077566735446455 447.17806891351938 24.267819739878178 25.82381085306406 16.818881385028362 22.123080052435398 17.281689934432507 26.990624152123928 54.1105030849576 16.069541923701763 35.848278217017651 57.816028282046318 120.26717721670866 25.409322865307331 141.52018305659294 78.490156315267086
leaf_count=176 1108 1214 2064 88 115 236 130 113 88 3485 172 182 128 165 144 186 318 108 239 338 823 151 863 510
internal_value=-7.65165e-05 -0.000584124 -0.000174348 -0.00102435 0.0011513 0.00358503 -0.00124062 0.00699988 0.0112338 -0.00206393 0.00088156 0.00304429 0.00285869 0.00256696 -0.00359447 0.000998213 0.00126857 -0.00172428 8.78592e-05 0.00178306 0.000129749 0.00334072 0.00295502 0.00481338
internal_weight=1829.01 1243.79 1097.71 669.706 428.004 142.576 656.914 60.8396 27.5569 485.501 81.7366 57.4688 33.2827 38.3226 146.083 585.222 558.232 80.6182 64.5487 477.613 199.787 79.5198 277.826 136.306
internal_count=13144 9432 8180 5082 3098 1034 4994 444 201 3780 590 418 243 295 1252 3712 3526 523 415 3003 1292 469 1711 848
is_linear=0
shrinkage=0.01


Tree=162
num_leaves=25
num_cat=0
split_feature=153 93 21 148 309 115 133 193 281 144 133 145 5 278 193 317 185 133 315 60 60 82 307 17
split_gain=12.5553 14.1342 15.8805 12.9609 12.2502 11.4556 13.8188 13.2598 10.8869 12.1622 10.8697 10.8048 9.61963 9.7306 11.2695 11.0565 10.7816 11.5846 12.9868 14.1804 11.6477 15.3906 11.5464 13.8645
threshold=0.049443833272216117 -0.08924937722685243 0.23707008905035606 0.10570896457863259 -0.049175513312733725 -0.52225303256705835 0.0081158357222517481 0.48212005108556838 4.8079794484701219 0.0051948402417962012 0.02055297407116851 0.058898944193061846 -2.9065284865735039 -0.0073475425412455721 0.59476565172767715 -0.0096087897013822938 0.758774630541872 0.054807468213481113 -0.10822778297523582 -636.13910036027983 -486.89272813006124 0.45051206252524989 -0.0031943549801355851 2.7597547267073357
decision_type=10 8 8 8 2 10 2 10 2 10 2 8 2 10 10 2 10 2 2 2 2 8 2 2
left_child=1 2 5 -4 -3 6 -1 -8 9 -7 -11 -6 -9 15 -15 -14 22 -18 19 -19 -21 -22 -16 -24
right_child=-2 4 3 -5 11 8 7 12 -10 10 -12 -13 13 14 16 -17 17 18 -20 20 21 -23 23 -25
leaf_value=-0.0037996980947741471 -0.0034623600902956354 0.010056762118436643 0.0067702365325572975 -0.0027082936805890379 0.00080955704928801879 0.00033139828580786923 0.0068706035092390696 -0.0027868840551440199 -0.0015993625259033031 0.012223325080683942 0.0016328142521667582 0.0076233135501218713 -0.0013715520911934777 -0.0035256921117664875 -0.00012638432992572774 0.004902925064512979 -0.0019762885088304739 -0.0054173145954083332 -0.0063432450402482925 0.010505737432927433 -0.0054582674837032287 0.0039148109724132709 0.0014770258810518674 0.0073478426536201878
leaf_weight=81.274812743067741 94.290173932909966 17.806839637458324 12.507018133997915 270.41815558075905 156.81464328616858 28.228553347289562 28.015373103320599 93.96127737313509 27.62967512011528 27.836861841380596 15.955060102045534 24.794632814824581 38.316466607153416 74.215525820851326 164.69515447318554 90.740856245160103 244.77094189077616 17.527121417224407 16.291215598583221 17.969046175479889 18.800478011369705 92.102137632668018 119.90850618481636 59.70465187728405
leaf_count=579 840 124 109 2236 1160 192 179 884 192 177 108 169 246 486 1063 577 1706 100 110 101 120 592 768 385
internal_value=3.6181e-05 0.000231648 -9.37901e-05 -0.00222262 0.00271727 0.000388134 0.000103434 0.000408131 0.00359293 0.00558349 0.00872095 0.00184837 0.000216492 0.00052042 0.000115981 0.00304298 0.000488748 -0.000609008 0.00144061 0.00241781 0.00358493 0.00222036 0.00178512 0.00351807
internal_weight=1834.58 1740.29 1540.87 282.925 199.416 1257.94 1158.29 1077.02 99.6502 72.0205 43.7919 181.609 1049 955.042 825.985 129.057 751.769 407.461 162.69 146.399 128.872 110.903 344.308 179.613
internal_count=13203 12363 10910 2345 1453 8565 7896 7317 669 477 285 1329 7138 6254 5431 823 4945 2729 1023 913 813 712 2216 1153
is_linear=0
shrinkage=0.01


Tree=163
num_leaves=25
num_cat=0
split_feature=73 11 65 155 116 217 57 114 2 188 183 87 65 282 257 154 151 289 100 108 17 61 59 226
split_gain=10.0464 15.1562 13.7204 13.4698 12.0298 11.7738 9.72035 9.44045 12.3059 14.7904 13.0017 11.0103 9.45718 16.4236 9.48521 9.2661 15.875 9.11855 8.76579 8.82825 13.0947 8.60739 10.4296 10.1319
threshold=315.53479370826329 0.48238269448237542 2.7026611383887675 0.0019920397773042389 0.32527398595925777 0.78208709353960759 -0.27245269661849125 0.72765134955375765 0.88959348951453499 0.18105053191489365 0.071856993914084413 0.69908731699016802 1.1999052292424699 0.0015014034922651127 102.50000000000001 0.016472526407597641 0.040742425732834951 0.053236358458797102 0.67990093796261097 0.20083496527178338 1.9931334900471898 903.29751280988819 3.4849981138658719 0.014870093974571589
decision_type=2 10 8 10 8 2 8 8 10 10 8 10 10 8 2 10 10 2 10 10 2 2 10 2
left_child=2 21 5 -3 17 7 -7 12 9 -9 15 -11 13 -1 18 -10 -17 -4 -14 -20 -21 22 23 -2
right_child=1 3 4 -5 -6 6 -8 8 10 11 -12 -13 14 -15 -16 16 -18 -19 19 20 -22 -23 -24 -25
leaf_value=-0.0014223044140972935 -0.0052597727773952378 0.0044396535268322384 -0.0039380317541456312 -0.0031494048031359919 0.00040671825579022795 0.00016710568515690191 -0.0032966184174084917 -0.0011122989321403255 -0.0047459657034585488 0.0028256934014294511 0.0089015288344685816 0.011207903599022628 0.0049484538172452639 0.0082758937152608656 -0.0026477093855324972 -0.0036442487827385685 0.0088159364800719075 0.00018881417480409103 -0.0052502108372121182 0.0088183687166816169 -0.00074621496876589978 0.00056686545153240831 0.0094966721227529634 0.0034714557762435812
leaf_weight=31.402954235672951 11.799802653491495 27.33266493678093 213.6948362365365 102.2485863417387 172.86454031616449 278.5824828594923 110.9827243834734 22.582244709134102 34.978921964764595 28.912761382758617 12.350977435708044 40.776359617710114 41.42407450824976 34.195142053067684 107.90583914518356 19.464538261294365 16.236262261867523 70.183891370892525 24.685029648244381 15.257017649710177 66.120530009269714 142.65953134000301 25.443368792533875 172.40367086231709
leaf_count=198 79 195 1720 832 1323 1894 865 153 248 182 84 235 270 202 734 119 114 573 192 103 484 1029 170 1124
internal_value=0.000181645 0.00141611 -0.000262734 -0.00148012 -0.00166553 0.000462415 -0.000833815 0.00148087 0.00332841 0.00578582 0.000484692 0.00799106 0.000448413 0.00375209 -0.000428169 -0.00125945 0.00222836 -0.00292246 0.00120834 -0.000334097 0.00127194 0.00248753 0.0037647 0.00283536
internal_weight=1824.49 481.888 1342.6 129.581 456.743 885.858 389.565 496.293 175.302 92.2714 83.0307 69.6891 320.991 65.5981 255.392 70.6797 35.7008 283.879 147.487 106.063 81.3775 352.306 209.647 184.203
internal_count=13122 3429 9693 1027 3616 6077 2759 3318 1135 570 565 417 2183 400 1783 481 233 2293 1049 779 587 2402 1373 1203
is_linear=0
shrinkage=0.01


Tree=164
num_leaves=25
num_cat=0
split_feature=271 201 286 248 111 305 5 11 92 229 134 77 119 162 65 148 176 58 164 270 206 307 158 121
split_gain=14.0291 9.93464 9.91036 13.0184 9.56652 12.1753 11.173 8.66142 8.62711 8.20513 8.09117 7.50227 7.23456 14.7969 14.4577 13.0246 12.0587 13.7906 9.14988 15.5035 9.05217 8.58 8.44879 8.42074
threshold=0.052674495872370851 0.49800000000000005 0.57278480941076615 0.7956864564007422 0.76125034472216002 0.35588603862500745 -2.8935132521978844 0.4345530334492298 314.50000000000006 -1.0000000180025095e-35 0.061791324917080205 1.8634322830962635 0.62455565442850103 0.00404176536252008 1.9384098359863726 0.19011174484926088 11.957769343332727 0.81719784366538106 0.0012699374539687964 0.078044353946261802 25.500000000000004 -0.0042911020800931723 0.34150635520439715 -0.56256181809784345
decision_type=2 2 2 2 8 2 2 8 2 2 2 8 8 10 10 10 2 10 10 2 2 2 10 10
left_child=2 10 3 -1 5 -3 -7 8 9 -4 -2 -9 13 14 22 16 20 -18 -14 -20 -15 -22 -6 -17
right_child=1 4 7 -5 12 6 -8 11 -10 -11 -12 -13 18 15 -16 23 17 -19 19 -21 21 -23 -24 -25
leaf_value=0.0083723873309233601 4.7660852278416567e-06 -0.0033090806242281057 -0.0026749790406303802 -0.0033077096653478895 0.0013415849626704443 -0.00031976009330713653 0.0098841144903932341 0.0025961651569113798 0.0051499856432987087 0.0050711518656129887 0.0077763917300591855 -0.0052391245687242217 -0.00233787513182374 -0.00058703036042576974 -0.0022144847311906806 0.0024350420990552285 0.004593258531305453 -0.0028340053500750697 0.0068314921545920507 -0.0025557704618898755 0.001500374100877134 0.012514507054639093 -0.0026485946030784168 0.0072860485659599593
leaf_weight=17.448337361216545 23.538628928363323 14.985598891973494 119.28989713639021 15.651968687772749 333.18468399345875 15.558947287499899 29.332023032009605 11.721604168415068 17.545358560979366 12.679023973643778 29.082558020949364 116.95074910670519 225.22441833466291 22.728782370686531 290.50503072142601 179.84375367313623 28.285676747560501 125.43179465830326 29.995779849588871 35.359741926193237 14.208337418735029 13.850572898983954 60.176647000014782 44.379307843744755
leaf_count=133 166 102 952 132 2128 127 181 87 128 102 187 1050 1885 151 2116 1130 173 860 216 255 88 86 420 282
internal_value=-5.62851e-05 0.000341179 -0.00198036 0.00299625 0.000182614 0.00400377 0.00651777 -0.0026004 -0.000925388 -0.0018321 0.00449647 -0.00447702 1.1079e-05 0.000379301 -0.000532556 0.00183008 0 -0.00140232 -0.00138538 0.00184291 0.00409206 0.00762054 0.000714003 0.00347876
internal_weight=1826.96 1515.67 311.287 33.1003 1463.05 59.8766 44.891 278.187 149.514 131.969 52.6212 128.672 1403.17 1112.59 683.866 428.728 204.505 153.717 290.58 65.3555 50.7877 28.0589 393.361 224.223
internal_count=13137 10553 2584 265 10200 410 308 2319 1182 1054 353 1137 9790 7434 4664 2770 1358 1033 2356 471 325 174 2548 1412
is_linear=0
shrinkage=0.01


Tree=165
num_leaves=25
num_cat=0
split_feature=5 5 181 76 240 119 154 321 294 282 160 52 289 65 181 214 278 105 21 115 5 88 88 228
split_gain=12.2893 16.44 11.9572 9.39783 11.3648 11.0074 13.7553 12.1246 13.1028 10.7228 12.9526 11.9961 11.5578 11.4881 10.4232 16.9671 10.1873 9.99826 9.87955 9.41623 9.26048 9.15496 8.98148 9.03335
threshold=-2.8983711643309662 -2.8712440139818409 0.054460838240686822 1.0709263755307594 1.5243161021288303 0.086193311609777432 0.018054616130583245 4.5000000000000009 -0.091055974137161863 -0.010808143427402587 0.037565469890634758 192.50000000000003 -0.077630775858973863 1.2205601689526646 0.16131376594148542 150.50000000000003 -0.003133160123297622 -0.072357337405256072 1.0229937711184438 -0.42324187454810774 -1.8867005503060914 0.90126446717188136 0.60624093267888701 0.33655402041324378
decision_type=2 2 2 10 2 10 8 2 2 10 10 2 2 8 2 2 10 8 8 10 2 8 10 2
left_child=-1 2 -2 4 5 9 7 14 16 11 13 -3 -12 17 15 -7 -9 -11 -6 -10 -21 -15 23 -13
right_child=1 3 -4 -5 18 6 -8 8 19 10 12 22 -14 21 -16 -17 -18 -19 -20 20 -22 -23 -24 -25
leaf_value=-0.0022053002728643512 0.0084273694816453734 -0.003269676298580642 0.0018373742076274644 -0.001775847988481906 0.0030895845760677133 0.00027943774286704511 0.0072935766237742471 0.0081102204103642318 -0.0046967942936207612 -0.0017416208597364922 -0.0018256563387193973 -0.0010776725410545846 0.0066430416071918495 0.0010108027674007336 -0.0077684799164047082 0.011812252881719288 -0.0020190927286075832 0.0062617767266165553 -0.0056424517676604063 0.0057988259052699177 -0.0026978043796969452 -0.0040663117592518849 -0.0034609329519790502 0.0071767496352942352
leaf_weight=212.22524257004261 29.686053514480591 100.83773236721754 206.51276987791061 261.61396948993206 182.62512305378914 126.90922486037016 15.179061092436312 15.404790557920931 190.72890284657478 20.72664600610733 18.598547600209713 19.945822894573212 77.858097612857819 86.766640916466713 10.575320176780222 11.388345658779143 19.608670137822628 48.275240145623684 11.280145406723021 16.151276230812073 36.667048685252666 56.086063332855701 19.310600586235523 32.224957264959812
leaf_count=1981 158 658 1153 2102 1332 956 105 107 1457 123 112 121 470 545 84 79 146 292 97 113 264 386 117 182
internal_value=3.99585e-05 0.000338991 0.00276015 -7.98732e-05 0.000319885 -0.000143668 -0.00127826 -0.00163115 -0.00285345 0.00090046 0.00201164 -0.00108226 0.00499444 0.000600765 0.000659869 0.0014549 0.00268494 0.00386986 0.00250235 -0.00367555 4.55594e-05 -0.00101603 0.00199693 0.00410987
internal_weight=1827.19 1614.96 236.199 1378.76 1117.15 923.243 442.613 427.434 278.561 480.63 308.311 172.319 96.4566 211.855 148.873 138.298 35.0135 69.0019 193.905 243.547 52.8183 142.853 71.4814 52.1708
internal_count=13140 11159 1311 9848 7746 6317 3311 3206 2087 3006 1928 1078 582 1346 1119 1035 253 415 1429 1834 377 931 420 303
is_linear=0
shrinkage=0.01


Tree=166
num_leaves=25
num_cat=0
split_feature=271 106 73 174 88 225 313 65 209 165 317 116 96 93 156 89 51 238 62 115 63 106 126 229
split_gain=11.4875 9.98215 8.88406 14.6216 16.0723 10.6718 12.4475 10.5455 15.1903 12.6728 12.5044 14.5179 13.8358 12.308 11.5081 10.7805 12.0996 10.2141 10.1197 9.79946 10.5893 14.4572 9.57808 10.6862
threshold=0.052674495872370851 0.25773757020957266 315.53479370826329 78.325416666666683 0.71314605644686357 0.66635572139303489 -0.04361584664196725 2.7026611383887675 0.79555335968379459 179.7028240740741 0.0050931446983445072 -0.05829358854692987 -0.28783303829291584 -0.14772548882770034 0.013921188630490957 1.3315692695249857 136.50000000000003 -0.4971687477374081 139.50000000000003 -1.2987224526831893 -0.1433099152353316 0.42806686052262821 0.67862873090945708 -0.13182398032415232
decision_type=2 8 2 10 10 2 2 10 2 2 2 8 10 10 8 10 2 2 2 8 8 8 10 2
left_child=1 -1 7 -4 5 -5 -7 8 10 -10 11 15 22 -14 -9 16 -2 -8 -12 -11 21 -21 23 -13
right_child=2 -3 3 4 -6 6 17 14 9 19 18 12 13 -15 -16 -17 -18 -19 -20 20 -22 -23 -24 -25
leaf_value=0.0051526940753342798 -0.0027897093173632217 -0.0021477116942197972 0.00021763019375734477 -0.0010664270203940248 0.00011873208506953543 0.013423195445990724 0.0091872351459776139 0.0045813542960978886 -0.0027529907064991928 -0.002876721205454273 0.0070554813805386689 0.010861800670462371 -0.0054650181384823587 0.004341808348513403 -0.0020039104690935082 -0.0023056204564794419 0.0046590012920704029 -0.00011669841716967 0.00031614093830355147 0.0002915695963615497 -0.00079508234014650158 0.010826319778641388 -9.1411804414415188e-05 0.00098997583924796467
leaf_weight=17.237474970519543 31.224924959242344 297.20622777193785 256.7983927205205 13.319459512829779 58.854336775839329 27.682744577527046 20.684234037995338 26.090458579361439 184.50586400926113 36.531829923391342 65.677517756819725 39.513464353978634 23.111472569406033 22.402503080666065 329.16008080542088 141.80331426113844 58.841188378632069 23.109708860516548 33.903908170759678 24.569257132709026 38.939475417137146 25.791145071387291 17.750078625977039 15.937119483947752
leaf_count=135 215 2478 1764 88 413 185 135 193 1306 245 424 245 163 150 2527 929 380 163 212 156 288 165 117 103
internal_value=2.82812e-05 -0.00170178 0.000390253 0.00166239 0.00418394 0.00689864 0.00838053 -6.84809e-05 0.000594927 -0.0010993 0.0017647 0.000855508 0.00365694 -0.000645593 -0.00148495 -0.000601386 0.0020594 0.00454789 0.00484324 0.00132488 0.00309037 0.00599571 0.00626959 0.00822836
internal_weight=1830.65 314.444 1516.2 400.449 143.65 84.7961 71.4767 1115.75 760.503 310.338 450.165 350.584 118.715 45.514 355.251 231.869 90.0661 43.7939 99.5814 125.832 89.2999 50.3604 73.2007 55.4506
internal_count=13179 2613 10566 2748 984 571 483 7818 5098 2160 2938 2302 778 313 2720 1524 595 298 636 854 609 321 465 348
is_linear=0
shrinkage=0.01


Tree=167
num_leaves=25
num_cat=0
split_feature=3 109 124 208 161 87 105 149 227 105 151 109 237 106 114 147 28 64 131 65 132 294 150 117
split_gain=12.3472 14.7593 10.9265 10.6129 10.2541 10.1744 9.43522 12.4408 9.59864 13.2464 14.33 10.5004 13.0315 9.73127 9.64625 11.5519 11.6749 10.9468 9.49918 9.32399 13.3611 8.87332 10.3371 11.5963
threshold=2.5471693845014545 1.5322344754976167 2.5000000000000004 1.4434007277272642 0.06982995748937236 1.6299677511692199 1.4420521659080172 0.14602472257339519 0.0050378153393228781 0.29875696018570358 0.087447625420191508 1.1744431469712573 -0.28687873925845353 0.6690993528894259 0.98786052091688303 0.11642023628324999 0.22824350396725704 1.0339120981202234 1.7838466489341041 3.3012246255571216 0.0014754705069174587 -0.13667565238805349 0.048826334128002941 0.30049970236228019
decision_type=2 10 2 2 10 8 8 10 2 10 10 10 2 10 8 10 2 10 10 10 2 2 8 10
left_child=1 21 4 -3 5 -2 8 -8 14 18 11 -11 -13 -12 17 -16 -17 -4 -10 20 -14 -1 23 -23
right_child=2 3 6 -5 -6 -7 7 -9 9 10 13 12 19 -15 15 16 -18 -19 -20 -21 -22 22 -24 -25
leaf_value=0.0049871905228772509 0.0023324375517179172 0.0019121212749733203 -0.00094145018497110964 0.012273555488198955 0.0013720733230257335 -0.0044586482026738299 -0.0035792166413255006 0.0069825680851515913 0.0001423853400975055 4.6569310374429358e-05 -0.0047356901900348289 -0.0015957116838202581 0.00045726036445919695 0.0022183596875521611 -0.003434766805051166 -0.00087128072643556794 0.0076837608764333968 -0.004826482996817134 -0.006518063172348194 0.0019049497857369839 0.01154650516045088 -0.00027825680209409709 -0.001453643644849525 0.0030848175643723497
leaf_weight=42.813172064721584 23.469228014349937 23.10435875505209 358.28549424558878 16.736617125570774 52.070952177047729 161.56410183757544 13.46031344681978 35.961980126798153 61.099995382130146 48.257932886481285 37.286180086433887 19.226541295647621 14.250732667744158 37.688449628651142 26.429321199655533 26.112648189067841 35.44059581309557 89.16906251013279 29.796234048902988 26.559632427990437 49.602614164352417 214.42872906476259 197.42310574650764 192.02148687839508
leaf_count=277 196 138 2583 98 426 1340 108 244 470 354 298 124 91 298 217 176 223 757 239 179 304 1387 1489 1164
internal_value=5.58643e-05 0.00111425 -0.000578632 0.00681561 -0.00247679 -0.00356966 -7.60286e-05 0.00404851 -0.000327006 0.00102508 0.00228424 0.00397257 0.00564681 -0.00127365 -0.00114756 0.0018317 0.00416043 -0.00174347 -0.00216152 0.00719947 0.00921164 0.000733176 0.000407975 0.00131849
internal_weight=1832.26 686.527 1145.73 39.841 237.104 185.033 908.628 49.4223 859.205 323.768 232.872 157.897 109.64 74.9746 535.437 87.9826 61.5532 447.455 90.8962 90.413 63.8533 646.686 603.873 406.45
internal_count=13180 4553 8627 236 1962 1536 6665 352 6313 2357 1648 1052 698 596 3956 616 399 3340 709 574 395 4317 4040 2551
is_linear=0
shrinkage=0.01


Tree=168
num_leaves=25
num_cat=0
split_feature=123 109 152 156 20 209 38 319 109 256 5 282 308 84 22 236 189 298 208 183 128 228 197 11
split_gain=12.8222 13.2477 14.7225 10.8972 10.4594 11.3308 16.7266 14.3259 10.2219 10.617 10.1997 10.8731 10.193 9.62847 8.91215 10.5995 12.3579 14.8569 11.072 9.94249 9.10558 9.3503 8.88516 10.5142
threshold=1.051604393095541 1.4031403344534763 0.12185120558375635 0.0067570652422042649 0.9050387478887475 0.76322145944571584 0.39643039856366508 -0.0388493550742273 2.1734121837302172 68.500000000000014 -2.8935132521978844 -0.047610001447387452 0.0027204619612745703 12.658622891753373 0.9837764519198372 0.43308472884551408 -0.57513735257599874 0.0016719203316913952 2.1715219869353564 -0.86548008329860038 0.1952967996249422 0.35725010725010731 -0.73281090977890806 0.39055206892340566
decision_type=8 10 8 8 10 2 2 2 10 2 2 8 2 2 10 2 8 2 2 10 10 2 8 10
left_child=10 4 3 -3 5 6 7 12 -4 -10 22 -12 -2 -9 15 16 19 20 -19 -5 -18 -22 -1 -24
right_child=1 2 8 14 -6 -7 -8 13 9 -11 11 -13 -14 -15 -16 -17 17 18 -20 -21 21 -23 23 -25
leaf_value=0.0055222586499331884 -0.0021801041458798672 0.0081663598105834751 -0.0046424181989000021 0.0037182400025911472 0.0058626938685712119 -0.0036735576680175779 -0.002832028662554816 0.011871055452759563 -0.0032406258239825276 0.0051844196039501937 -0.0021098578284196772 0.0020190261984162701 0.0054420312045489064 0 0.0039912630992966491 -0.001611550036652615 -0.0051124555383219739 0.013445135478811742 0.0021515782101674159 -0.0042414783370555145 0.00015644918683355489 0.0065954767719322259 -0.0053209496512424508 0.0024680334209199509
leaf_weight=10.967687360942362 56.884364016354084 18.595061592757702 83.314801745116711 20.245093837380409 14.312882572412489 233.96552880853415 142.43112674355507 18.417237125337127 28.173729740083218 26.066028952598572 69.553385674953461 548.71970612555742 21.998682595789433 10.041210666298864 72.677698031067848 170.61538182199001 15.434501238167284 18.878432713449001 16.999538019299507 46.964614972472191 60.405469991266727 33.607599638402462 58.596035040915012 21.99078980833292
leaf_count=87 465 121 738 139 116 1989 1124 151 231 207 428 3316 171 79 488 1179 121 126 128 346 435 232 484 188
internal_value=3.48101e-05 -0.000635341 0.000348864 0.00118616 -0.00184181 -0.00210475 -0.000606436 0.0023344 -0.00249732 0.000847011 0.00108257 0.00154539 4.84388e-05 0.00805908 0.000850393 0.000227015 0.00170943 0.00333125 0.00867057 -0.00177586 0.00139692 0.00259461 -0.00198468 -0.00317169
internal_weight=1819.86 1110.03 611.978 474.423 498.051 483.738 249.773 107.341 137.555 54.2398 709.828 618.273 78.883 28.4584 455.828 383.151 212.535 145.326 35.878 67.2097 109.448 94.0131 91.5545 80.5868
internal_count=13089 8586 4491 3315 4095 3979 1990 866 1176 438 4503 3744 636 230 3194 2706 1527 1042 254 485 788 667 759 672
is_linear=0
shrinkage=0.01


Tree=169
num_leaves=25
num_cat=0
split_feature=271 244 5 5 131 287 33 68 286 124 105 145 287 148 267 144 131 277 63 189 323 57 162 204
split_gain=13.0363 9.09824 8.66073 17.9684 11.6857 22.7275 10.7089 9.91991 10.4113 10.5118 9.34909 15.5239 9.26757 9.01321 10.5601 8.70878 8.45335 9.67647 8.13399 8.0905 7.89725 11.3675 12.3146 10.4309
threshold=0.052674495872370851 0.0037500000000000003 -2.8935132521978844 -2.8712440139818409 1.1296400249269674 0.029549825903760936 0.029609009711065823 519.50000000000011 1.0752012413213519 4.5000000000000009 0.28992395043123026 0.14751149899752333 -0.040105540005138392 0.18887543718052194 1.3775865240486524 0.054995463252343994 1.804052230354825 -0.021264510775260852 1.0182800281110664 -0.76139979400565772 385.50000000000006 -0.32195970523881018 0.0039735169045513876 0.31838294448913923
decision_type=2 2 2 2 8 2 2 2 2 2 10 10 2 10 2 8 10 8 8 8 2 10 10 2
left_child=1 18 6 7 5 -5 19 8 -4 -10 16 15 -11 14 -8 20 17 -6 -1 -2 -12 -22 -23 -24
right_child=2 -3 3 4 10 -7 13 -9 9 12 11 -13 -14 -15 -16 -17 -18 -19 -20 -21 21 22 23 -25
leaf_value=0.0077979450355451221 0.0020757687443928108 -0.0023931586560791986 0.0096289774486443807 -0.00060754185226964566 -0.0047980320002669313 0.01156686285971802 -0.0022496977093434214 -0.0014939418167997215 -0.0013408991896820804 -0.0020136605307054288 -0.00046216933423355035 0.0068282935205030704 0.0062024842936009555 0.0050148327232643827 0.0075266198360499428 -0.0037451074369638528 -0.0055698672051091155 0.00030179578446378277 -0.0021363584129266296 -0.0057334370710781218 0.0069279261917423807 -0.0023521653581141493 0.005334553058678828 0.00055758242009462525
leaf_weight=14.954292409121988 14.660864695906637 285.12858362495899 29.8067611977458 36.56677532941103 45.039318256080151 23.066708743572235 90.865595802664757 31.571932457387447 36.311183638870716 14.877070918679236 402.15299350768328 33.898476749658585 78.682220973074436 28.363385073840618 9.702014744281767 50.022943839430809 43.919434897601604 164.27585772424936 13.321783594787123 66.014667347073555 33.411915168166161 78.170782350003719 68.72603615373373 130.22819319367409
leaf_count=113 128 2391 152 219 316 130 785 172 211 84 2880 193 423 242 81 325 317 1096 110 599 207 584 484 902
internal_value=-2.52531e-06 -0.00184958 0.000382836 0.000687852 0.000195318 0.00439723 -0.00148909 0.00349527 0.00449684 0.00313046 -5.36212e-05 0.000478182 0.0048647 0.000304117 -0.00111594 0.000170346 -0.00171723 -0.000840342 0.00331733 -0.00427987 0.000460355 0.00165163 0.000948046 0.00226459
internal_weight=1823.74 313.405 1510.34 1300.73 1109.48 59.6335 209.607 191.249 159.677 129.87 1049.85 796.611 93.5593 128.931 100.568 762.713 253.235 209.315 28.2761 80.6755 712.69 310.537 277.125 198.954
internal_count=13144 2614 10530 8695 7653 349 1835 1042 870 718 7304 5575 507 1108 866 5382 1729 1412 223 727 5057 2177 1970 1386
is_linear=0
shrinkage=0.01


Tree=170
num_leaves=25
num_cat=0
split_feature=153 20 122 105 73 174 11 280 193 218 235 28 39 151 226 312 151 154 288 141 122 294 270 274
split_gain=10.5032 14.6194 12.5014 12.9658 10.2386 16.95 11.9332 11.0678 10.599 10.3485 9.62532 8.87543 8.85466 8.75177 8.72472 8.66521 9.19892 8.22031 7.87097 7.79516 7.77662 7.48462 7.18745 6.99092
threshold=0.049443833272216117 0.75019548014472948 0.26025589624797435 1.3824999942590697 315.53479370826329 58.931805555555563 0.49856884427982234 0.17710756510812628 0.76174708293913607 0.019672342621259033 0.0043715899209769435 0.24434708694429533 0.079655293964861526 0.073410534419708753 0.065064703901476909 0.1096386937165104 0.031287650602409643 0.0052401786694980428 -0.00166047814474627 0.077003205128205146 1.0161894934791156 -0.19422678806723895 0.09212004730928447 5.4217901027334046
decision_type=10 10 8 10 2 10 10 2 10 2 2 2 2 8 2 2 10 10 2 2 10 2 2 2
left_child=1 2 15 4 7 -6 9 21 -9 -7 11 18 14 -8 17 23 -17 -11 -3 -5 -20 -4 -12 -1
right_child=-2 10 3 19 5 6 13 8 -10 12 22 -13 -14 -15 -16 16 -18 -19 20 -21 -22 -23 -24 -25
leaf_value=0.00096547536702903535 -0.0032559234143850237 -0.00081631299161256498 0.0032945573411245518 0.0076464940369946246 -0.0034586265603100829 -0.0030614898140380216 0.0028788715492191132 0.0092802588938620065 -0.0019116579898223497 0.00034636826716709536 0.012074532637252722 -0.0032332274464659471 -0.00087653444425332737 -0.0064492079373088739 0.012137274068285121 0.0010374095633196218 0.010753329618182683 0.0089390150826585153 0.0091093298033167631 -0.0016732719257770438 -1.5514123462748564e-05 -0.0033097305012094297 0.0033568127038133694 -0.00091429995703823461
leaf_weight=654.30952192097902 92.016962260007858 26.459337845444679 15.703313753008841 22.773191399872303 75.35691324621439 14.513532757759092 15.648998141288756 12.339676700532438 17.114284679293633 26.225045293569565 15.346736118197439 26.863955698907375 16.106533192098141 19.814531683921814 21.459349200129509 25.16936931014061 14.115897841751574 17.168987333774567 24.851638488471508 12.231157720088957 13.745961323380468 343.68374615907669 27.586793623864651 280.01868280768394
leaf_count=4176 827 186 121 155 589 112 126 93 145 192 108 193 116 182 153 159 97 124 171 95 112 2860 183 1909
internal_value=-1.49759e-05 0.000161004 -0.000106672 -0.00120168 -0.00155738 0.000238051 0.00240138 -0.00250732 0.00314972 0.00421231 0.00328821 0.00136141 0.0055879 -0.00239838 0.0071777 0.000602434 0.00504217 0.00410824 0.00332944 0.00448213 0.00605696 -0.0029948 0.00705096 0.000399964
internal_weight=1830.62 1738.61 1603.75 630.139 595.135 206.294 130.937 388.841 29.454 95.4734 134.854 91.9209 80.9599 35.4635 64.8534 973.613 39.2853 43.394 65.0569 35.0043 38.5976 359.387 42.9335 934.328
internal_count=13184 12357 11404 5063 4813 1594 1005 3219 238 697 953 662 585 308 469 6341 256 316 469 250 283 2981 291 6085
is_linear=0
shrinkage=0.01


Tree=171
num_leaves=25
num_cat=0
split_feature=233 73 123 109 148 319 177 131 202 171 172 185 193 136 58 194 158 208 151 57 157 123 315 37
split_gain=11.9511 10.8711 12.273 12.097 17.9048 12.8953 10.6975 10.5988 10.9711 15.4616 10.5089 12.0848 15.3569 14.3884 13.064 10.369 9.64472 11.028 10.5151 10.8647 9.60711 9.98425 12.1917 9.93605
threshold=0.87513213530655409 315.53479370826329 1.395693362204546 1.5585715578217496 0.19011174484926088 -0.15872280159649796 7.4977313350266845 2.4859027537237481 0.079627799736495405 5.4948551031947988 3.8449305555555564 0.75517339803054095 0.73350083752093809 0.23549555867227678 0.74287635186054468 0.11892975011786894 0.20756600007532108 2.9201077963059103 0.091024165707710034 0.14854746302672786 0.15572241521471733 0.64124283147438754 -0.41715631500405997 0.6711985881617718
decision_type=2 2 10 8 8 2 8 10 2 10 10 8 10 2 10 10 10 2 10 10 10 8 2 2
left_child=1 2 3 7 -5 -6 -7 8 20 -10 -11 12 13 -12 -13 -15 17 -3 19 -18 -1 22 -22 -23
right_child=-2 16 -4 4 5 6 -8 -9 9 10 11 14 -14 15 -16 -17 18 -19 -20 -21 21 23 -24 -25
leaf_value=0.0072715179649774668 -0.0024357881019840613 0.0077858748867119156 -0.0013659093314987206 -0.0016833655918876641 -0.00048899026113990215 0.014470787203919396 0.002954401400754177 -0.0044572067561615162 -0.0048375068586763211 0.0081508016563603819 -0.0019033766082039597 -0.0030895706153906376 0.01320289816610839 0.010673490249172591 0.0047744001862275558 0.000732488449489056 0.0012880248577300645 -0.00034468428341556618 -0.0019026980510493516 0.0079201936952681389 0.0060747885910597457 -0.0032421574546274467 -0.00059074871394294414 0.0043937475491210793
leaf_weight=12.031311146914957 170.56691020727158 45.252622187137604 499.43276226520538 31.059816375374794 13.827593460679052 22.987149529159069 14.669285237789152 42.644902408123016 25.296241700649261 31.825141131877899 36.969329424202442 61.961592234671116 14.24929455667734 22.16577810049057 28.491866797208786 19.2486167922616 258.48515197634697 24.831346489489079 91.667804226279259 24.842396095395088 32.950168766081333 165.94256096333265 115.06845682114363 16.37832498550415
leaf_count=80 1307 300 4055 194 83 131 90 304 155 194 235 412 88 140 194 123 1734 183 752 154 199 1173 716 131
internal_value=6.12967e-05 0.000323422 -0.000169104 0.000676079 0.00420743 0.00768209 0.0105313 0.000191331 0.000553306 0.00217972 0.00306266 0.00206176 0.00454529 0.00255233 -0.00053173 0.0064195 0.00165417 0.00499007 0.000995212 0.00194591 -0.000593411 -0.000942441 0.000972798 -0.00249387
internal_weight=1822.85 1652.28 1207.2 707.767 82.5438 51.484 37.6564 625.224 582.579 240.208 214.912 183.086 92.633 78.3837 90.4535 41.4144 445.079 70.084 374.995 283.328 342.371 330.34 148.019 182.321
internal_count=13127 11820 8697 4642 498 304 221 4144 3840 1541 1386 1192 586 498 606 263 3123 483 2640 1888 2299 2219 915 1304
is_linear=0
shrinkage=0.01


Tree=172
num_leaves=25
num_cat=0
split_feature=5 5 120 94 100 136 82 120 287 189 80 162 152 22 88 138 202 221 303 266 136 71 89 188
split_gain=11.6844 17.5645 10.5767 12.9671 8.67923 13.3589 14.9007 14.5051 10.9134 11.828 12.6186 9.97633 10.5694 11.1699 10.709 9.32029 8.725 8.82222 11.4674 8.60166 10.6019 10.5689 8.4277 8.5948
threshold=-2.8943022876294049 -2.8773415074710829 1.111776080824346 0.77311432157371707 0.67990093796261097 0.32339757506930766 0.45572737483882325 0.53635554339761815 -0.026528719967664479 -0.15265582845962009 57.500000000000007 0.003669737125619479 0.020794025157232707 0.9837764519198372 0.86375901853214887 0.046935091726221186 0.079627799736495405 -0.45944876387247163 -0.0018875472217524077 2.7707107843137257 0.25689174752469801 1.9326960662777293 1.3938082095858466 0.29957264957264962
decision_type=2 2 8 10 8 2 10 10 2 8 2 10 10 8 10 2 2 2 2 2 2 10 8 10
left_child=-1 22 3 4 5 6 8 -7 -3 10 -10 -6 14 -14 16 -8 17 -13 -19 21 -21 -20 -2 -24
right_child=1 2 -4 -5 11 7 15 -9 9 -11 -12 12 13 -15 -16 -17 -18 18 19 20 -22 -23 23 -25
leaf_value=-0.002098483725281338 0.0070975602370627411 -0.0044685589465720587 -0.0017982213382256224 0.0049090760780550529 -0.0016482247372581686 0.0031793585902889759 0.0010928646023591908 -0.0062976020093961707 0.0071159896468693138 -0.003199000878139179 -0.0010673887296020913 -0.0037718442619423804 -0.0014952076183569593 0.0036709011011926678 -0.0031254131891990879 0.008981657023970302 0.0079426160069041747 -0.0027596813834046829 -0.0039723710601779552 0.015031239284264027 0.0021472590446716846 0.007217155169574223 -4.6069033026195794e-05 0.0042362109163351334
leaf_weight=221.44174401462078 37.68414119631052 27.26638762652874 282.69423184543848 56.481870621442795 358.66621179878712 25.456917800009251 23.12467285990715 35.423713058233261 50.529823549091816 26.273957528173923 27.795307546854019 17.806392475962639 226.80735740810633 48.325449265539646 23.913008771836758 46.863577306270599 35.127847835421562 18.836243502795696 14.176219053566458 13.730815894901754 12.517625294625757 14.05059430003166 98.307739466428757 85.836037293076515
leaf_count=2049 202 172 2280 395 2608 165 135 251 299 163 160 110 1716 348 150 290 209 117 92 81 84 79 550 468
internal_value=3.93845e-05 0.00033766 -8.19418e-05 0.000360439 0.0001014 0.00166505 0.00289799 -0.00235392 0.000863954 0.0023448 0.00426377 -0.000425475 0.000607455 -0.000555938 0.00271647 0.00653329 0.00387526 0.00210375 0.00363158 0.0058864 0.00973137 0.00171558 0.00293151 0.00197868
internal_weight=1829.14 1607.7 1385.87 1103.17 1046.69 262.734 201.854 60.8806 131.865 104.599 78.3251 783.958 425.292 275.133 150.159 69.9883 126.246 91.1179 73.3115 54.4753 26.2484 28.2268 221.828 184.144
internal_count=13173 11124 9904 7624 7229 1635 1219 416 794 622 459 5594 2986 2064 922 425 772 563 453 336 165 171 1220 1018
is_linear=0
shrinkage=0.01


Tree=173
num_leaves=25
num_cat=0
split_feature=271 106 120 108 73 88 304 208 106 208 64 268 2 270 271 276 273 31 98 286 73 279 11 106
split_gain=13.0195 12.3503 9.72492 9.32265 8.46218 11.0546 10.705 12.4373 10.4543 10.4873 10.33 10.805 9.73858 8.84868 10.6822 11.3496 10.3019 9.17889 8.86592 12.4482 12.3866 10.4567 10.6382 9.62611
threshold=0.052674495872370851 0.25773757020957266 0.68155039720904365 1.4714490539871266 315.53479370826329 0.82402117473193026 -0.004674575162842364 1.8078919598226686 0.57833112906406392 1.2401345329886422 0.985715918482437 0.17186611242957603 0.80534893696193877 0.030398071733093446 0.13635587753583686 3.3357069506846408 5.4713495324663919 0.0011474473082716274 107.50000000000001 3.2359280121485781 98.616920136375128 0.041885992795083711 0.12435853667285397 0.51665329245176717
decision_type=2 8 8 10 2 10 2 2 10 2 10 2 10 2 2 2 10 2 2 2 2 10 10 10
left_child=1 -1 -3 -4 13 8 -7 -8 -6 -10 12 -12 -11 -2 18 17 -17 -16 19 21 -21 22 -15 -22
right_child=4 2 3 -5 5 6 7 -9 9 10 11 -13 -14 14 15 16 -18 -19 -20 20 23 -23 -24 -25
leaf_value=0.0056621999214399492 0.0054960135658971556 0.0030396647005789972 -0.0035020541199311333 0.0031431575966700022 0.00080521845600456778 0.0023955150099421018 0.00099649124195268961 -0.0071269720312788385 0.0095328211818745089 0.0060545378719688457 -0.00096087119143621624 0.008986116660148603 -0.0029349761217891224 0.0061336203667517724 0.0072404387032911216 0.00081208293556919774 -0.0064692006550258908 -0.00093686296320665496 -0.0019813937342419222 -0.0015217860897191343 0.00053804883531607896 -0.0032339558967482687 -0.00026927660840021843 0.011586754886449535
leaf_weight=17.775823190808296 25.071676127612591 27.653023704886436 245.35374636203051 20.737929657101631 138.12791412323713 56.510932952165604 34.364641904830933 36.843324519693851 32.147539466619492 14.507024340331553 14.479294940829275 34.427103616297245 36.593581661581993 28.185227245092392 44.65312747657299 303.90415385365486 17.897237703204155 18.177595697343349 375.35268761217594 20.398056469857693 12.318631239235399 96.248428486287594 155.87068864703178 21.764008760452271
leaf_count=139 166 202 2091 173 922 391 234 280 202 95 104 246 250 197 267 1907 115 117 2754 155 88 751 1175 162
internal_value=-2.20993e-07 -0.00185336 -0.00236144 -0.00295267 0.000382203 0.00162915 -0.000777828 -0.00330514 0.00276651 0.00474888 0.00298044 0.00613058 -0.000179765 -6.30752e-05 -0.000205199 0.00113071 0.000350958 0.00492108 -0.000931807 0.00024874 0.00449883 -0.000610594 0.000784135 0.00796933
internal_weight=1829.36 311.521 293.745 266.092 1517.84 398.001 127.719 71.208 270.282 132.155 100.007 48.9064 51.1006 1119.84 1094.77 384.632 321.801 62.8307 710.138 334.785 54.4807 280.304 184.056 34.0826
internal_count=13183 2605 2466 2264 10578 2724 905 514 1819 897 695 350 345 7854 7688 2406 2022 384 5282 2528 405 2123 1372 250
is_linear=0
shrinkage=0.01


Tree=174
num_leaves=25
num_cat=0
split_feature=150 105 227 105 142 81 315 184 117 142 106 266 106 185 276 221 298 28 240 245 121 196 203 47
split_gain=9.69769 14.3657 14.5307 13.094 14.7651 13.0582 12.4517 10.2932 10.1025 12.0236 9.60687 10.3831 13.7471 11.0953 10.1085 10.2091 16.9296 9.57695 10.0291 9.26457 11.1721 11.0347 9.92155 8.99759
threshold=0.048826334128002941 0.23464298433839029 0.0046765422018749921 0.94044813610939582 0.027617988240902596 0.32096378536866133 -0.84524503399770878 -0.072240938208095684 0.51412940550891351 0.001746726223166014 0.69672962988274478 4.2138095238095241 0.47958080653513141 0.758774630541872 6.1485830720594956 -0.57485853391405917 0.0097065347645394068 0.22050639223021942 0.48800097388955171 -0.38766862784104011 -0.82946543021115327 0.28140169902912626 0.0085107924090974969 16.500000000000004
decision_type=10 8 2 10 2 8 2 10 8 2 10 2 8 10 2 2 2 2 2 2 8 10 2 2
left_child=7 -2 3 5 -5 -3 -7 -1 -9 17 11 12 13 -4 15 -14 -17 -10 23 21 -21 -12 -22 -19
right_child=1 2 10 4 -6 6 -8 8 9 -11 19 -13 14 -15 -16 16 -18 18 -20 20 22 -23 -24 -25
leaf_value=-0.0016410634179251052 -0.0033673476317223837 0.0051232350320876106 0.0023563512595919803 0.001849104016271196 -0.0033030858007253006 0.0068517327383078664 -0.0025872308742469516 0.00058327500918735049 0.0010354989998614592 -0.0035514390633292134 0.0031296221427478781 -0.0041737444137656564 -0.0039582030715039221 0.013034445310470323 -0.0024791354572474586 0.0095499426359449309 -0.003161538321006266 0.0077076010024053569 0.0098438058274502218 -0.0053877175219197385 -0.00064112343767634477 0.012922443094502155 0.0089373074054355829 0.00025366162402181444
leaf_weight=108.71193097531796 145.76600661128759 22.47442165017128 30.118166737258434 255.24059620499611 68.067986316978931 11.737337492406366 417.90304047614336 299.65351080149412 57.064559400081635 18.962173134088516 32.292721323668957 36.269777067005634 13.408017657697199 13.095029227435587 75.358024142682552 28.12010158598423 13.963033415377138 25.472365602850914 42.551018260419369 15.395575076341627 21.540208034217358 18.025075659155846 17.849918358027935 38.992654994130135
leaf_count=722 1261 178 212 1782 580 80 3242 1945 346 127 233 282 96 92 542 192 97 153 245 111 170 120 138 220
internal_value=5.26457e-05 -0.000450401 -5.19669e-05 -0.000788885 0.000741967 -0.00188362 -0.00228372 0.00110333 0.00172949 0.00356289 0.00174727 0.000490131 0.00151908 0.00621845 -0.00012449 0.00302085 0.0053766 0.00443756 0.00616878 0.00417459 0.00119761 0.0071597 0.00398467 0.00341496
internal_weight=1828.03 1236.63 1090.86 775.423 323.309 452.115 429.64 591.408 482.696 183.043 315.436 210.332 174.062 43.2132 130.849 55.4912 42.0831 164.081 107.016 105.103 54.7857 50.3178 39.3901 64.465
internal_count=13166 9408 8147 5862 2362 3500 3322 3758 3036 1091 2285 1513 1231 304 927 385 289 964 618 772 419 353 308 373
is_linear=0
shrinkage=0.01


Tree=175
num_leaves=25
num_cat=0
split_feature=32 99 109 75 71 100 105 120 221 270 291 268 114 119 309 82 18 147 43 50 190 133 106 119
split_gain=14.4939 13.1004 13.2368 11.6441 13.4174 12.6893 11.3143 10.8027 10.5699 10.2588 9.30326 10.5925 9.31319 9.88323 9.24043 9.00977 8.69495 8.64225 8.85021 10.8038 8.71393 9.13116 8.54623 8.45406
threshold=0.0014316399604838677 1.2577492900503946 2.290809100281376 -0.51264193702449345 1.2456346911122256 0.66064017829613142 0.19873710666551034 1.235352529746677 -0.41398394462896027 0.054802181974196319 0.36515182169387733 0.64486213973749451 0.71170873479357177 0.57785867847080996 -0.020658780461154488 0.45964404390596542 -1.004646586337804 0.25592231842231844 76.500000000000014 1.5000000000000002 77.500000000000014 0.012230338385852947 0.99726875114348268 0.066678879847630601
decision_type=2 10 10 8 8 8 10 8 2 2 2 2 10 10 2 8 8 10 2 2 2 2 10 10
left_child=1 2 3 6 8 15 16 -4 -5 -2 14 12 17 -14 -7 -6 -1 18 19 -12 -20 -22 -15 -10
right_child=9 -3 7 4 5 10 -8 -9 23 -11 11 -13 13 22 -16 -17 -18 -19 20 -21 21 -23 -24 -25
leaf_value=0.0064917477806583712 -0.0069725185263364306 -0.0052757064563439043 0.0083381514442490597 -0.0064192097809984416 0.00093825188943081955 -0.0025447624375235251 0.0061413883897183967 -0.0012536743685892329 0.00043538293645468989 -0.0012225095754479164 -0.0049063101952667391 -0.0039372867753022702 0.001810615527456079 -0.0012981262100440812 0.006006775259537315 0.0084558047593315724 0.00039176239241492779 0.0025649170500319919 -0.0043300048559155374 0.0050122015947393263 0.0056410109475407977 -0.0035526135703883473 0.0068775319376001192 -0.0037371479706295291
leaf_weight=23.791235066950321 40.601899988949299 37.707075752317905 34.468443870544434 44.839077048003674 33.923178479075432 15.116366557776926 54.347293175756931 15.910269252955912 126.30301725119352 116.70995596051216 13.83323350548744 64.875811904668808 386.29288981854916 212.56736631691456 45.330172523856163 29.284030750393867 198.63356696814299 43.240241080522537 138.73220793902874 29.747438497841358 18.386654831469059 19.195652090013027 10.756290726363657 75.18444736301899
leaf_count=119 433 334 219 345 209 107 288 114 868 1109 113 502 2433 1720 321 181 1171 271 1090 232 143 149 92 615
internal_value=6.32989e-05 0.000338492 0.000477531 0.000311504 -8.36459e-05 0.000404845 0.00216388 0.00538471 -0.00217295 -0.00281023 0.00012254 -0.000126513 0.00016746 0.000846519 0.00383403 0.00465031 0.00112235 -0.00139418 -0.00220002 0.00173457 -0.00319028 0.00100058 -0.000818451 -0.00114695
internal_weight=1829.78 1672.47 1634.76 1584.38 1307.61 1061.28 276.772 50.3787 246.327 157.312 998.074 937.628 872.752 609.617 60.4465 63.2072 222.425 263.135 219.895 43.5807 176.315 37.5823 223.324 201.487
internal_count=13178 11636 11302 10969 9391 7563 1578 333 1828 1542 7173 6745 6243 4245 428 390 1290 1998 1727 345 1382 292 1812 1483
is_linear=0
shrinkage=0.01


Tree=176
num_leaves=25
num_cat=0
split_feature=271 39 106 271 193 77 106 74 307 16 193 256 115 261 62 69 80 5 183 246 308 228 162 152
split_gain=12.5627 11.6321 12.4186 10.9644 9.49828 11.7227 12.9991 11.579 11.4209 13.6481 12.9644 12.0403 11.1268 11.0783 10.4731 9.94472 9.51131 9.14465 10.0019 13.4779 13.5452 14.8947 12.2046 13.453
threshold=0.052674495872370851 0.02191011927475044 0.28652835514276614 0.036106811735822961 0.76214049976426224 3.3306078288263756 0.73642470740470445 64.500000000000014 -0.0041489980275007518 1.2420481120595743 0.59476565172767715 160.50000000000003 -0.3639235922450848 0.2441158415007344 218.50000000000003 0.38519555090396029 15.500000000000002 -2.9065284865735039 -0.81519426609562984 0.85975698017239899 0.0012536034888923817 0.19535739942528738 0.0039735169045513876 0.026153290773673815
decision_type=2 2 8 2 8 8 10 2 2 2 10 2 8 10 2 10 2 2 10 10 2 2 10 10
left_child=1 2 -1 -4 5 8 15 12 -2 10 -10 14 -6 -11 -12 16 -7 -9 19 20 21 -19 -20 -24
right_child=4 -3 3 -5 7 6 -8 17 9 13 11 -13 -14 -15 -16 -17 -18 18 22 -21 -22 -23 23 -25
leaf_value=0.0087407264385282821 0.00045567602443656808 -0.0036067949246082441 -0.001986403179055434 0.005122975952976323 -0.0065018881250078001 0.0025319430759738809 0.0025731142317033289 -0.0037353056369409765 -0.0029089839205598748 0.010173270974214733 0.0033644832840360578 -0.0014800277661164729 0.002180804405889707 0.0021811961818808071 0.012073702604504846 0.0033242657466524906 -0.0050914879690579515 0.011690136834349815 -0.0026581456100262151 0.008137421309517388 -0.002302026413457464 0.0016118820755622459 0.0048081547061794017 -0.00077629694975845395
leaf_weight=12.660482481122015 302.08425458520651 158.43446780741215 115.12862817198038 23.739052928984165 51.0820691883564 17.639147952198982 68.515830993652344 55.320712380111217 42.103404946625233 41.234163843095303 147.55919219553471 44.577029548585415 18.493272751569748 32.40440970659256 13.32543686032295 20.688756927847862 95.354875601828098 14.659207470715044 157.44710250943899 28.911742947995663 71.565219581127167 101.87081196904182 61.606243722140789 127.94953645765781
leaf_count=94 1982 1387 952 167 398 147 510 532 274 272 970 285 140 223 82 151 745 98 1149 174 446 622 383 970
internal_value=8.71713e-05 -0.00173705 0.000241767 -0.000685618 0.000463768 0.00118582 -0.000893737 -0.000401289 0.00186304 0.00316793 0.00199384 0.00302935 -0.00418504 0.00688122 0.00428895 -0.00269455 -0.00385979 3.9318e-05 0.000428195 0.00209901 0.00105832 0.00313617 -0.000622364 0.00107761
internal_weight=1824.36 309.963 151.528 138.868 1514.39 825.487 202.199 688.906 623.288 321.204 247.565 205.462 69.5753 73.6386 160.885 133.683 112.994 619.331 564.01 217.007 188.095 116.53 347.003 189.556
internal_count=13153 2600 1213 1119 10553 5641 1553 4912 4088 2106 1611 1337 538 495 1052 1043 892 4374 3842 1340 1166 720 2502 1353
is_linear=0
shrinkage=0.01


Tree=177
num_leaves=25
num_cat=0
split_feature=73 123 105 147 149 117 209 83 204 144 31 60 151 171 151 110 105 249 71 312 165 277 151 181
split_gain=9.41354 12.955 11.0302 11.8551 11.9499 10.3558 10.1707 9.75777 11.1913 9.10362 9.54455 8.95339 9.89465 8.63104 12.6913 10.4653 9.73802 9.25969 9.05641 16.6193 14.6542 8.46769 8.53933 8.40427
threshold=315.53479370826329 0.89470576355673559 0.60412778115746613 0.15051153565090306 0.12124224350864511 2.4813537328646853 0.46770833333333339 1.3274294380532419 0.16606714628297364 0.0051948402417962012 0.0041004623791509051 38.991747311576162 0.095945205479452067 9.5993587602078723 0.090034642032332579 3.5000000000000004 1.1704585881849976 0.11952380952380953 2.1964470663411553 -0.22938438048609305 179.7028240740741 0.018578768394553333 0.024808041732606534 0.14085597174377537
decision_type=2 10 10 10 10 8 2 10 2 10 2 2 10 10 10 2 10 2 10 2 2 8 8 2
left_child=1 6 -3 5 -5 11 -1 23 -9 10 -6 -4 -13 14 15 17 -16 18 19 -2 -21 22 -10 -8
right_child=13 2 3 4 9 -7 7 8 21 -11 -12 12 -14 -15 16 -17 -18 -19 -20 20 -22 -23 -24 -25
leaf_value=0.0086538662528156847 -0.0020279383551599305 -0.0026568549026372984 0.00043372945422612421 -0.0044014764649467596 -0.0044598805197327502 0.0064868227940366617 -0.0011973281560977579 -0.0037523431386918844 0.00023173624447709107 0.0032807211717919525 0.0051729864344570225 -0.007507114853801059 -0.0019664095162934682 0.0067663922617812794 -0.0036122258653328194 -0.0004392484590028347 0.0022913529810964597 0.0086132847476936489 0.0048650927798645615 -0.0011409182721712106 0.011726741976561622 0.0062229491838926747 0.0073603647962166624 0.0033782360410223589
leaf_weight=13.303017005324362 77.99934933334589 310.81178736686707 86.040736943483353 28.73668372631073 32.528133921325207 11.848225049674509 267.03106799721718 23.944317407906055 93.996085219085217 163.68715237081051 11.763336494565008 42.930306404829025 123.1857025846839 23.857910044491291 86.825324587523937 120.87116352468729 38.075298063457012 25.419222593307495 80.169848799705505 14.619639351963995 17.496542558073997 58.667665734887123 17.765421614050865 44.298550426959991
leaf_count=83 548 2585 675 194 231 87 1774 155 561 1095 85 333 1046 179 737 823 275 165 499 103 118 353 114 277
internal_value=3.65635e-05 -0.0003979 -0.00118591 -0.000261004 0.00135309 -0.00171103 0.000832063 0.00057713 0.00231918 0.00220159 -0.00172249 -0.00216816 -0.00350644 0.00122509 0.000896797 0.00190485 -0.00179371 0.00321164 0.00236877 0.000465731 0.00622359 0.00322555 0.00152805 -0.000518406
internal_weight=1815.87 1330.54 811.532 500.72 236.715 264.005 519.006 505.703 194.373 207.979 44.2915 252.157 166.116 485.334 461.476 336.576 124.901 215.705 190.285 110.116 32.1162 170.429 111.762 311.33
internal_count=13095 9648 6331 3746 1605 2141 3317 3234 1183 1411 316 2054 1379 3447 3268 2256 1012 1433 1268 769 221 1028 675 2051
is_linear=0
shrinkage=0.01


Tree=178
num_leaves=25
num_cat=0
split_feature=233 254 302 109 140 21 63 193 77 114 240 127 223 2 109 278 157 124 312 312 133 83 57 35
split_gain=10.6385 11.1191 9.49734 13.8654 14.5266 13.1238 13.9177 12.0796 10.8064 19.649 10.8102 12.7111 12.83 12.3215 10.847 10.4946 10.3531 10.2308 9.86121 11.8797 11.9026 9.85591 8.9988 14.9308
threshold=0.87513213530655409 223.50000000000003 0.010412811497656058 1.0213859543395061 0.020590127943069123 -0.17113199765747883 -0.22069658969748601 0.53896761133603255 3.1403244536067256 0.80148200733647679 1.5243161021288303 0.6305511718379001 -0.38509022290095207 0.86460223967460303 1.679282783170992 0.0083618879946710401 0.26439544650751551 13.500000000000002 -0.87565162011958952 -0.71236013385186714 0.0057512610601174246 1.7580760782639837 0.29735707637584635 0.0026791706594025797
decision_type=2 2 2 10 2 8 10 8 10 8 2 8 2 10 10 10 8 2 2 2 2 10 10 2
left_child=1 2 3 4 7 6 15 -1 10 -10 11 14 21 -12 -5 17 -7 -4 -11 -20 -21 -13 23 -22
right_child=-2 -3 5 8 -6 16 -8 -9 9 18 13 12 -14 -15 -16 -17 -18 -19 19 20 22 -23 -24 -25
leaf_value=0.0056235243223543433 -0.0022193394424056784 0.0048361501786664462 0.0012804761399090637 0.0010026113904074447 -0.0061871855253431496 0.0010399594683134276 0.0063944929695358204 -0.001565030178240682 -0.0042877778402806346 -0.0038041978199956773 0.0096401233223653258 -0.0024084572335120679 -0.0043893298151100185 0.0015484237505193755 0.006475099826618461 0.0057812111013955704 -0.00390584872235621 -0.0057285785671576618 0.0072264822468300106 0.0065419189267999422 0.0065854442097925993 0.008664510536155785 -0.0027593920142409303 -0.0014099883467816852
leaf_weight=22.852471262216568 171.77230321615934 51.246397987008095 98.445908419787884 227.72573094069958 62.33157404512167 140.86443617939949 79.447639845311642 257.70210172235966 109.95140385627747 38.83957988768816 29.327222540974617 13.688215583562853 72.708096534013748 49.53055365383625 40.783478409051895 36.374962821602821 57.126094572246075 23.366751030087471 28.341339759528637 25.90890297293663 35.242812447249889 13.538813039660452 82.209259003400803 58.046854302287102
leaf_count=152 1322 342 636 1485 543 1081 511 1789 933 301 193 92 513 339 237 230 466 146 218 199 267 81 661 430
internal_value=0.000127895 0.000375419 0.000224011 -0.000245539 -0.00192783 0.00147949 0.00305011 -0.000925429 0.000455937 -0.000782724 0.00150475 0.000765288 -0.002233 0.00480063 0.00189662 0.001281 -0.00041708 -0.000155831 0.000678262 0.00147758 0.000574422 0.00336241 -0.000391056 0.00170534
internal_weight=1827.37 1655.6 1604.35 1168.73 342.886 435.626 237.635 280.555 825.842 378.54 447.302 368.444 99.9351 78.8578 268.509 158.188 197.991 121.813 268.589 229.749 201.408 27.227 175.499 93.2897
internal_count=13167 11845 11503 8433 2484 3070 1523 1941 5949 3009 2940 2408 686 532 1722 1012 1547 782 2076 1775 1557 173 1358 697
is_linear=0
shrinkage=0.01


Tree=179
num_leaves=25
num_cat=0
split_feature=3 284 84 123 160 244 106 21 81 147 296 189 22 20 163 84 160 149 120 129 59 129 161 165
split_gain=11.3378 11.3446 11.1709 9.48789 8.76457 12.8036 8.71018 11.764 11.6333 18.4026 10.5932 11.9717 15.3824 9.82326 8.89308 8.58325 8.55 13.9238 12.8681 11.3171 10.8168 10.4925 8.32581 8.18543
threshold=2.5471693845014545 0.12337893123814787 15.404150418197963 1.0218350804739009 0.21063505872118313 93.054166666666688 0.73049192520027495 -0.11201306383186178 0.74078096444041885 0.1461861667744021 1.0168185460845991 -0.47572147652424174 0.59275609160937115 0.87176692953302937 0.0027855369335816269 54.683811355925521 0.042271039170345463 0.087889098349349409 0.9885697027828807 0.50858177559298501 2.1021977714447027 0.9724144967910815 0.0035650737163192684 179.6784953703704
decision_type=2 8 2 10 10 2 10 10 10 10 2 8 10 10 10 2 10 10 10 10 8 10 10 2
left_child=1 16 4 22 -2 -6 8 -8 -5 13 11 12 -11 -10 -13 -9 17 18 21 20 -19 -1 -4 -3
right_child=2 23 3 6 5 -7 7 15 9 10 -12 14 -14 -15 -16 -17 -18 19 -20 -21 -22 -23 -24 -25
leaf_value=0.00027202181256765363 -0.0019563137788623868 -0.0050470454117175377 -0.0027490390934348657 -0.003697981707103616 0.010627810978011788 -0.0032769378691008496 0.010765213462907295 -0.0003012276698448565 -0.0038890895211382277 -0.0048963322815061983 -0.00092999989230472331 0.002222934499624555 0.0069887336424353658 0.0012880074796813253 0.010246080831049527 0.0056422419585035648 0.0031602208376857338 -0.0015314156861976295 0.0082953982615350478 -0.0039974160131957207 0.0086488606079277233 0.0054345256646511578 0.0053024397273596161 0.0036330527883415009
leaf_weight=231.85918337106705 479.64320592582226 44.41863364726305 14.178092584013937 104.37934335321188 11.035429514944555 10.551539294421671 10.983818657696245 106.87376046180725 109.86707916110754 23.098144792020321 54.771635711193085 25.374849364161491 15.926450766623018 52.242077074944973 35.13412020355463 28.411976702511311 198.88697770982981 26.481161221861839 25.242270290851593 89.467273980379105 13.577678032219408 44.793895252048969 58.023347601294518 11.728478565812109
leaf_count=1444 3888 329 93 796 87 85 60 808 892 159 366 172 96 394 210 197 1306 207 180 652 99 261 315 81
internal_value=5.68131e-05 0.00107023 -0.000553417 0.00032168 -0.00166704 0.00419918 -0.00011821 0.00195899 -0.000850934 0.000109636 0.00256058 0.00446377 7.50621e-05 -0.00222112 0.007148 0.00103003 0.00145826 0.000655786 0.00183008 -0.00205413 0.00223976 0.00115825 0.00366371 -0.00312911
internal_weight=1826.95 686.456 1140.49 639.265 501.23 21.587 567.063 146.27 420.794 316.414 154.305 99.5336 39.0246 162.109 60.509 135.286 630.308 431.421 301.895 129.526 40.0588 276.653 72.2014 56.1471
internal_count=13177 4559 8618 4558 4060 172 4150 1065 3085 2289 1003 637 255 1286 382 1005 4149 2843 1885 958 306 1705 408 410
is_linear=0
shrinkage=0.01


Tree=180
num_leaves=25
num_cat=0
split_feature=3 71 76 109 99 183 77 109 192 201 169 171 107 152 161 146 258 274 85 62 307 114 144 121
split_gain=10.8126 13.3672 12.9085 10.4975 16.429 11.5424 10.3421 10.3236 16.1756 8.40324 11.4031 9.63521 14.9185 8.19178 12.9271 11.2012 9.73136 9.26836 9.15654 8.27119 8.91147 10.1606 8.5877 10.3661
threshold=2.5471693845014545 1.2456346911122256 0.68390980734582163 2.2163455206291207 1.2242135538382042 -1.4570834520272979 1.7925227542363047 1.5195776906739467 1.4118636051344922 0.76329937747594812 15.500000000000002 15.557370637785803 0.25521975655414714 0.12185120558375635 0.089023165746252617 0.059754691924127398 0.31603306127464909 4.6336806521132381 54.506078027306863 28.500000000000004 -0.0036492823998806353 0.98786052091688303 0.033073043266893538 -0.7076325468831951
decision_type=2 10 8 10 8 10 8 10 10 2 2 10 10 8 10 8 2 2 2 2 2 8 10 10
left_child=7 6 -3 5 -5 -4 -2 9 -9 10 -1 -11 -13 14 17 -15 18 -7 -16 -19 -21 22 23 -22
right_child=1 2 3 4 -6 13 -8 8 -10 11 -12 12 -14 15 16 -17 -18 19 -20 20 21 -23 -24 -25
leaf_value=0.0052481416061136788 -0.00020516589721522878 0.0054617213466082726 0.0073957827887580841 0.0052725254564343774 -0.0046742690367247977 -0.0059880243866584065 -0.0060443379316562074 0.00084246821209256896 0.01330288052344383 0.00050626688919747911 0.00079269113154623472 -0.0059612817052853533 0.0047330534732572191 -0.00078411477841259082 -0.00055724567731553151 -0.0074204927840690309 -0.0010644785930725559 -0.0066313868376345923 0.0087576418414085002 -0.0015959101568473761 0.004255145991149698 0.0053987447759749462 -0.0018753490308599148 -0.00081834990138200106
leaf_weight=74.608327731490135 52.891859784722328 36.601031057536602 14.457708448171614 65.850841216742992 19.371926032006741 31.593467719852924 70.130192391574383 27.810969710350037 14.427150584757326 268.28670029342175 230.70626959949732 54.612213283777237 14.455935604870318 65.714758269488811 14.260340340435503 39.896061770617962 29.872855372726917 19.589594393968582 32.740249574184418 328.57901675999165 74.010076895356178 38.031832851469517 124.46702057123184 82.461275473237038
leaf_count=500 367 222 102 443 167 246 591 164 84 1798 1466 422 104 595 109 364 212 166 212 2406 553 259 921 688
internal_value=6.70496e-05 -0.000528448 -0.000146708 -0.000372173 0.00292221 -0.000695003 -0.00360317 0.00105824 0.00569099 0.000728493 0.00192307 -0.000356687 -0.00361037 -0.000852224 -0.00048881 -0.00342911 0.00332728 -0.000921862 0.00604047 -0.000656068 -0.000445578 0.000739895 5.79213e-05 0.00160812
internal_weight=1825.43 1140.52 1017.5 980.897 85.2228 895.674 123.022 684.908 42.2381 642.669 305.315 337.355 69.0681 881.217 775.606 105.611 76.8734 698.732 47.0006 667.139 647.549 318.97 280.938 156.471
internal_count=13161 8623 7665 7443 610 6833 958 4538 248 4290 1966 2324 526 6731 5772 959 533 5239 321 4993 4827 2421 2162 1241
is_linear=0
shrinkage=0.01


Tree=181
num_leaves=25
num_cat=0
split_feature=32 143 313 109 31 103 109 101 294 118 146 92 298 294 104 186 118 232 234 236 217 89 145 294
split_gain=9.67458 9.49716 9.35341 8.20769 14.2201 10.0668 19.9839 12.3789 10.4185 9.53847 9.36441 11.0525 14.4925 9.31404 11.6601 8.63363 8.56082 8.21932 8.17794 8.78003 8.06563 7.973 7.68514 8.26692
threshold=0.0014316399604838677 0.17907926583299719 -0.06235710101046759 2.290809100281376 0.022620779391662221 1.6190982465179145 1.5195776906739467 -0.51822621937492064 -0.13667565238805349 114.50000000000001 0.12049737411183196 322.50000000000006 -0.0022396444658460486 0.0073076520487072036 17.500000000000004 0.16736694677871153 130.50000000000003 2.188703165855483 0.074506557589923403 0.3015171276228471 0.78389189189189201 4.3890310681030122 0.035121984649122813 -0.074049141560006013
decision_type=2 10 2 10 2 10 10 10 2 2 8 2 2 2 2 8 2 2 2 2 2 8 10 2
left_child=1 3 20 5 -5 6 8 22 17 15 11 13 -13 14 -10 -7 -11 -1 -4 -20 -2 -6 -8 -24
right_child=2 -3 18 4 21 9 7 -9 10 16 -12 12 -14 -15 -16 -17 -18 -19 19 -21 -22 -23 23 -25
leaf_value=0.0059366154694537468 0.0059679209582791963 0.0056949357927282129 -0.005571310338701614 0.0085144597565257121 0.0055607531419502492 -0.0023066281355921597 -0.0021290190369233925 0.0096137661661342706 0.0020209144493358155 0.0082708526668686683 0.00020416291788704814 0.0096796122124593285 -0.0019764821762729102 -0.0058592428399763365 -0.005297486911892588 0.0037282310768650267 -0.00039710064137846022 -0.002014732272701786 -0.0029647834733496714 0.0054267010667235563 -0.0034162978101677077 -0.003621988181114122 -0.0018258148929642096 0.0044516521156301482
leaf_weight=45.13261491060257 20.208212435245514 29.283824265003204 73.461825989186764 28.782555624842644 11.359680369496344 327.01925387978554 29.192015886306763 25.463456429541111 49.888731941580772 15.436973348259924 723.20224160701036 13.792313389480112 27.444634675979614 76.509448729455471 34.28654832392931 22.899115107953548 29.06863059848547 15.981544181704519 38.198010593652725 15.059616111218928 12.672645680606363 25.431655116379261 23.71046094596386 112.95903856307268
leaf_count=288 184 151 754 179 79 2699 187 158 391 113 4678 102 209 615 250 181 214 110 372 140 121 199 140 658
internal_value=8.16758e-05 0.00030874 -0.00224747 0.000202111 0.00359303 5.3795e-05 0.000517721 0.00345026 -5.84286e-05 -0.00132252 -0.000328317 -0.00221676 0.00227169 -0.00339427 -0.00102405 -0.00188199 0.0029039 0.00384438 -0.00347048 -0.000419293 0.0023388 -0.000565896 0.0023521 0.00334035
internal_weight=1826.45 1666.84 159.6 1637.56 65.5739 1571.99 1177.56 191.325 986.238 394.424 925.124 201.922 41.2369 160.685 84.1753 349.918 44.5056 61.1142 126.719 53.2576 32.8809 36.7913 165.862 136.669
internal_count=13172 11601 1571 11450 457 10993 7786 1143 6643 3207 6245 1567 311 1256 641 2880 327 398 1266 512 305 278 985 798
is_linear=0
shrinkage=0.01


Tree=182
num_leaves=25
num_cat=0
split_feature=5 5 254 53 126 117 119 117 82 257 83 275 244 101 208 66 106 82 232 292 226 126 83 205
split_gain=9.27988 12.91 9.4481 7.90428 7.68247 10.3566 13.7159 13.6648 12.1498 12.5506 10.3476 10.2816 12.7182 9.91874 9.30218 9.29968 12.3848 12.9314 9.16653 8.67 10.7969 10.2208 11.1307 9.9288
threshold=-2.8943022876294049 -2.8712440139818409 227.50000000000003 92.500000000000014 0.80229571956286561 1.2046617312890995 0.1645283755538979 1.2419889936454604 0.54901765439906713 157.50000000000003 1.8526859487261687 0.05305794343445764 0.031527777777777787 -1.0509383549440028 1.4648680894780273 11.718101975017193 0.58960696118975087 0.5000553532343438 2.7128062515281814 -0.0034691164778374085 0.02005747126436782 0.40076685660141981 1.3861406969911032 -0.1961215829541321
decision_type=2 2 2 2 8 8 8 10 10 2 10 2 2 10 2 2 10 10 2 2 2 10 10 2
left_child=-1 -2 3 4 5 6 10 -7 -9 11 19 12 -10 -13 -12 -8 17 -17 -18 20 -3 -21 -23 -24
right_child=1 2 -4 -5 -6 7 15 8 9 -11 14 13 -14 -15 -16 16 18 -19 -20 21 -22 22 23 -25
leaf_value=-0.0018807203309981256 0.0024809884550813809 0.0046993925300163877 0.0048885666191652863 -0.0055832171195637648 -0.0011348845652176013 0.010167802898849221 -0.0061953184177037379 0.0051709118950874523 0.0094741840793557148 0.0084790631560275141 0.0010565034581435421 0.0030416485679667961 -0.0014023820040598919 -0.0040690734070923454 0.0088474729712596512 0.00066195032010939257 0.0059449315496299983 -0.0058089258058452173 -0.0017489027615669862 0.004112849228545973 -0.0030372776342400339 -0.0028475072187136674 0.0054544245558309024 -0.003760902329194688
leaf_weight=219.51278422772884 229.18765112757683 18.753337889909744 34.565042689442635 23.961911633610725 460.54831605404615 17.156445801258087 43.588459439575672 60.885311372578144 15.909955382347105 12.958905436098574 35.897901199758053 22.90838497877121 23.448697045445442 84.01310071349144 25.610829345881939 54.388307295739651 32.082034349441528 66.322248838841915 25.705230332911015 82.510946832597256 110.29595012962818 73.17487970739603 39.911460474133492 13.673461109399794
leaf_count=2043 1261 118 228 157 3594 116 368 403 105 84 211 147 168 610 149 418 236 538 218 496 703 475 243 86
internal_value=3.36867e-05 0.0002986 -6.79262e-05 -0.000206219 -9.60464e-05 0.000461527 -0.000217122 0.00222601 0.00148085 0 0.000887014 -0.000893954 0.00331208 -0.00249708 0.00456353 -0.00219552 -0.00113148 -0.00293699 0.00258426 0.000183209 -0.00182834 0.00143629 -0.00035011 0.00301406
internal_weight=1826.97 1607.46 1378.27 1343.71 1319.74 859.196 621.915 237.281 220.124 159.239 399.829 146.28 39.3587 106.921 61.5087 222.086 178.498 120.711 57.7873 338.32 129.049 209.271 126.76 53.5849
internal_count=13175 11132 9871 9643 9486 5892 4259 1633 1517 1114 2481 1030 273 757 360 1778 1410 956 454 2121 821 1300 804 329
is_linear=0
shrinkage=0.01


Tree=183
num_leaves=25
num_cat=0
split_feature=5 5 273 17 276 109 103 3 71 120 235 221 63 125 185 259 313 241 185 159 115 87 109 66
split_gain=12.0029 17.3796 8.85796 9.32538 9.00186 8.85237 14.1108 10.2751 11.7725 13.3464 12.1186 12.2017 11.4304 11.7015 10.8766 10.2722 8.38276 10.0546 12.037 14.2963 9.36129 8.30679 8.76619 8.01652
threshold=-2.8935132521978844 -2.8712440139818409 4.1489050671302357 1.8052069311951875 6.8377777754858569 2.290809100281376 2.2125472470588039 2.5471693845014545 1.8389733079629436 0.62097112523439313 0.0066298423489421559 -0.23897056260868713 -0.13255432553804342 0.40904163690254408 0.7576698663655187 0.16479218488324868 -0.053375784717501693 0.89444444444444449 0.64722883373002393 0.15705590039163528 -1.2681320351967533 0.8847595496855718 1.5455143391392141 26.339311071800477
decision_type=2 2 10 2 2 10 8 2 8 10 2 2 10 10 8 10 2 2 8 10 10 8 8 2
left_child=16 2 4 -4 -2 7 -7 14 12 -10 -11 15 13 -9 21 -12 17 18 -1 20 -20 -3 -23 -16
right_child=1 5 3 -5 -6 6 -8 8 9 10 11 -13 -14 -15 23 -17 -18 -19 19 -21 -22 22 -24 -25
leaf_value=-0.0039943879142174876 0.0066434699339674146 0.0092419934685216195 0.0048862366645414509 -0.0038874413417400101 0.0018653247276125984 0.0096205454930631124 -0.00018022267258940386 -0.0019249318698986377 0.0092830357566874664 -0.0010126811901192212 0.0079252457458926454 -0.0015007947575486531 -0.0032511254722280797 0.0063352953350103601 -0.00092217897115210151 -0.00050394259736868886 -0.0031046583835598776 -0.004687429583467833 0.006080208271396932 0.014035862376048159 -0.0055310420918064131 0.001176051444535757 0.0069989554464214218 0.0057439371700839497
leaf_weight=13.48405200242996 76.519582979381084 14.248736865818499 16.282509863376617 30.208427079021931 86.131480552256107 21.702091105282307 35.852095581591129 41.203136391937733 12.65567199885845 364.03166326135397 44.804679781198502 39.329897232353687 258.13356666266918 25.334575846791267 248.2276518419385 19.976267702877522 171.91930527240038 19.092400521039963 13.42243782430887 12.033721059560774 9.3093844354152697 207.69593962281942 27.182637982070446 16.587513871490955
leaf_count=119 409 81 83 171 485 128 279 286 79 2723 306 282 2085 163 1694 148 1577 167 111 104 81 1326 167 111
internal_value=0.000127604 0.000443966 0.00310951 -0.000689742 0.00419476 3.2807e-05 0.0037773 -0.000137531 -0.000842023 0.000151182 -0.000148037 0.00281241 -0.00230448 0.00133624 0.000963177 0.00539904 -0.00194605 0.00100333 0.00341036 0.00639399 0.00119935 0.00245147 0.00192977 -0.000444326
internal_weight=1825.37 1586.11 209.142 46.4909 162.651 1376.97 57.5542 1319.41 805.469 480.798 468.143 104.111 324.671 66.5377 513.942 64.7809 239.261 67.342 48.2496 34.7655 22.7318 249.127 234.879 264.815
internal_count=13165 11006 1148 254 894 9858 407 9451 6072 3538 3459 736 2534 449 3379 454 2159 582 415 296 192 1574 1493 1805
is_linear=0
shrinkage=0.01


Tree=184
num_leaves=25
num_cat=0
split_feature=32 304 271 273 323 256 235 284 181 315 3 160 273 162 143 125 273 44 279 282 105 149 38 128
split_gain=12.0937 9.50521 9.43351 10.9026 9.73038 8.97374 9.44737 15.9873 8.87916 8.44384 8.55562 12.9877 10.0769 9.10791 8.74846 10.655 20.2129 17.6705 8.38761 9.40419 8.34965 8.20514 13.5415 9.94104
threshold=0.0015637226134585292 -0.041008172007823189 0.14021189356493871 5.4713495324663919 646.50000000000011 71.500000000000014 1.0000000180025095e-35 -0.053890247707564114 0.10192950143524733 -0.78623614211451232 2.5471693845014545 0.035180532291085066 5.1144327306838475 0.01221003041326257 0.013783604065735729 0.68341727659924578 3.6492101183950796 7.5000000000000009 0.018287320663885335 0.0024844734378287468 1.3997196495424571 0.15007507507507509 0.34526075037669784 2.0374875608587888
decision_type=2 2 2 10 2 2 2 10 2 2 2 10 10 10 10 10 10 2 10 10 10 10 2 10
left_child=2 8 9 4 5 20 7 -7 -2 -1 11 12 -11 14 -12 -16 -17 -18 -8 -20 -4 22 -15 -23
right_child=1 -3 3 -5 -6 6 18 -9 -10 10 13 -13 -14 21 15 16 17 -19 19 -21 -22 23 -24 -25
leaf_value=0.0042150669520982969 -0.0018649295970643528 -0.0038535522916090556 -0.0017027090348402205 -0.0048256470982508846 0.0071118671594389751 0.013926181854633773 -0.00031849932671562415 0.0022622670246541139 0.0094041622207145584 -0.0014734235930966256 -0.0030052428844087849 0.0026112862201896308 0.0056470387810840421 0.0060241347561856319 -0.0019705254222156113 -0.0028454492137033648 0.0002062605807053737 0.014186061679408292 0.00011922233455626891 0.00780655380833739 0.0051782389093261065 0.0006650858929263463 -0.0036878953532667766 0.0085424242633032541
leaf_weight=39.431805342435837 15.47087048739195 122.57526393979788 108.96311865746975 22.23444326967001 31.294334322214127 15.644095115363596 101.78443802148104 36.978175461292267 8.7649481818079931 212.64898397028446 270.83825206756592 204.98897232860327 19.06020750105381 14.443414278328417 114.47623332589865 29.811644829809666 16.55775698274374 17.717970088124275 29.993808321654797 31.95050560683012 18.092111758887768 241.73218749463558 85.143760457634926 14.422011740505694
leaf_count=279 152 1223 699 138 178 85 575 211 83 1439 2164 1374 115 111 832 219 117 131 173 179 114 1803 662 113
internal_value=-3.75664e-06 -0.00272838 0.000238202 0.00157962 0.00199583 0.00147217 0.00269951 0.00628367 0.00273225 -0.000179153 -0.000328794 0.000793716 -0.000822099 -0.000939528 -0.00188154 -0.000151215 0.00302914 0.00799259 0.00145398 0.00426832 -0.000623307 0.000253161 -0.00214147 0.00120132
internal_weight=1825.02 146.811 1678.21 396.935 374.701 343.406 216.351 52.6223 24.2358 1281.27 1241.84 436.698 231.709 805.143 449.402 178.564 64.0874 34.2757 163.729 61.9443 127.055 355.741 99.5872 256.154
internal_count=13169 1458 11711 2352 2214 2036 1223 296 235 9359 9080 2928 1554 6152 3463 1299 467 248 927 352 813 2689 773 1916
is_linear=0
shrinkage=0.01


Tree=185
num_leaves=25
num_cat=0
split_feature=32 270 102 105 87 126 239 28 110 311 114 208 263 102 87 115 121 180 133 134 118 76 114 300
split_gain=11.2291 10.2116 9.92299 10.1252 10.3995 10.2034 10.3657 15.3198 12.9422 12.608 13.364 12.0207 11.2908 9.54931 9.05574 9.72355 11.211 10.9161 11.3631 9.36796 8.50463 8.33156 10.3119 10.0611
threshold=0.0014316399604838677 0.054802181974196319 1.228056852784827 1.3824999942590697 1.0567675634781988 0.80229571956286561 0.78707693376276178 0.23973342406580078 4.5000000000000009 -0.27806095018313365 0.75017914261225738 2.5012844949733744 0.61205186398088873 0.76177579914890703 0.63212857039195292 -0.46602931590100183 -0.78495607982310611 3.1339521516234279 0.0029168699163934614 0.065266634259282474 20.500000000000004 0.75578360053243021 0.47499818936807098 0.24513076747910326
decision_type=2 2 10 10 10 8 10 2 2 2 10 2 8 8 8 10 8 2 2 2 2 10 10 2
left_child=2 -2 3 5 13 6 11 -8 9 10 -9 14 -12 -5 -1 16 19 18 -17 -16 -3 22 -21 -24
right_child=1 20 -4 4 -6 -7 7 8 -10 -11 12 -13 -14 -15 15 17 -18 -19 -20 21 -22 -23 23 -25
leaf_value=0.0068237542831022747 -0.0066823379242275929 -0.0056449886034634555 -0.0043607784694305058 0.0041727959041150163 0.0071036391949394675 -0.00099847788009146043 0.00058124220866418493 0.0020531975996070295 -0.0040389112244607426 0.0022189945534064619 0.015309876069535244 -0.0051325470242819075 0.0027216410619699777 -0.0045975945208846349 0.006463410329339783 -0.0052732715883280412 -0.0027714135543400594 0.0071536298244957424 0.0049498057426491391 -0.0014389432722945769 0.00054805108246305681 -0.0012577355986280792 0 0.0057579517165097386
leaf_weight=18.140712819993496 40.274224951863289 26.294264614582062 42.350722275674343 24.745351038873196 41.465422615408897 484.48389060050249 239.61219553649426 21.062219068408012 12.617650412023066 54.822648674249649 28.561683207750324 39.607962496578693 11.327329166233534 19.719873867928982 21.92895332723856 19.599388003349304 136.88404968380928 36.569150254130363 18.239098608493805 68.53560483455658 90.246013641357422 207.03676680475473 52.792839355766773 69.443160556256771
leaf_count=101 438 270 378 159 270 3652 1637 150 78 382 168 299 80 155 141 141 1037 233 128 412 848 1332 308 389
internal_value=1.81495e-05 -0.00251515 0.000260565 0.000388853 0.00367371 0.000198635 0.000749614 0.00209758 0.00484592 0.00589629 0.00894192 2.22995e-05 0.0121774 0.000219347 0.000359353 0.000142176 -0.000316015 0.00346843 -0.000319116 0.00049559 -0.000941848 0.000120605 0.00161819 0.0033341
internal_weight=1826.36 156.815 1669.55 1627.2 85.9306 1541.27 1056.78 368.004 128.392 115.774 60.9512 688.778 39.889 44.4652 649.17 631.029 556.621 74.4076 37.8385 419.737 116.54 397.808 190.772 122.236
internal_count=13186 1556 11630 11252 584 10668 7016 2495 858 780 398 4521 248 314 4222 4121 3619 502 269 2582 1118 2441 1109 697
is_linear=0
shrinkage=0.01


Tree=186
num_leaves=25
num_cat=0
split_feature=120 109 234 103 164 129 277 299 308 129 292 119 295 116 143 69 149 304 267 267 262 11 40 17
split_gain=11.3575 14.6249 14.2727 12.5923 14.5733 12.6715 12.7622 11.7872 10.1323 12.9994 11.2517 12.972 10.8575 10.0297 9.76637 9.66506 9.54865 11.5636 9.15221 11.8738 12.0773 10.0836 8.96596 9.08392
threshold=0.80910960197290394 1.1685457581177501 0.079373261332024228 1.6428132559348676 0.0012699374539687964 2.0182749287446078 -0.071363280229825007 -0.048867030756616907 0.0036328837183403767 1.1479285744215562 -0.016472271494920056 0.1139320758811037 0.23980746144570256 0.32527398595925777 0.014194471308833013 0.046172070805355576 0.11414284296208062 0.00030184091713586497 1.0361746406172767 0.91034724453267613 -0.04799181818297716 0.98437636387493777 0.0054982843841165719 3.5983070859120097
decision_type=8 10 2 8 10 10 10 2 2 10 2 10 2 8 10 10 8 2 2 2 10 10 2 2
left_child=18 2 15 8 13 -6 -7 -4 10 -10 12 14 -3 -5 -12 -2 17 -9 19 21 -21 -1 23 -13
right_child=1 3 7 4 5 6 -8 16 9 -11 11 22 -14 -15 -16 -17 -18 -19 -20 20 -22 -23 -24 -25
leaf_value=0.001776514854977903 -0.0035607280314871215 -0.0020802691672805189 0.0054227228654520898 -0.0036996509876753188 -0.0030599283540127665 -0.0040317525651912232 0.0062538214597026584 -0.0027590481983983685 -0.0019385595025288112 0.0087629667088635916 0.012331148334392717 0.00019088128952657804 0.0068753836886256805 6.2355741128510581e-05 0.0034607116228883811 0.0042978063703030776 -0.0042344068850135941 0.0048595700562671026 -0.00041103807636171075 0.0094776240037494769 -0.00096493974907369006 -0.0064429006502148113 -0.0042503744290251439 0.0074122033057240425
leaf_weight=316.50839956849813 288.17667672038078 124.78123839199543 35.002740807831287 159.05441251397133 29.506882727146149 12.620671182870863 62.093230500817299 34.872296079993248 14.570639833807943 36.048699527978897 16.077126994729042 66.92346316576004 12.324763536453245 124.94862766563892 48.860469020903111 14.091961301863192 49.259654395282269 39.556111268699169 224.32737534493208 35.62368481606245 14.63125020265579 12.861248448491095 26.590481556952 20.93360210955143
leaf_count=2018 2339 827 251 1398 216 92 444 245 97 225 89 490 82 1009 283 114 407 282 1499 213 109 83 190 139
internal_value=6.57277e-05 -0.0004902 -0.00188847 0.000365671 -0.000885323 0.00226737 0.00441933 0.000529727 0.00168798 0.00572433 0.000994074 0.00262674 -0.0011448 -0.00205679 0.00609648 -0.00315445 -0.000937617 0.0013067 0.00118403 0.00212527 0.00652936 0.00140018 0.000549436 0.00210088
internal_weight=1820.25 1216.29 460.959 755.334 388.224 104.221 74.7139 158.691 367.11 50.6193 316.491 179.385 137.106 284.003 64.9376 302.269 123.688 74.4284 603.952 379.625 50.2549 329.37 114.448 87.8571
internal_count=13141 9219 3638 5581 3159 752 536 1185 2422 322 2100 1191 909 2407 372 2453 934 527 3922 2423 322 2101 819 629
is_linear=0
shrinkage=0.01


Tree=187
num_leaves=25
num_cat=0
split_feature=153 109 237 294 278 119 277 281 238 115 307 137 129 262 307 116 185 278 189 281 261 133 11 289
split_gain=9.96993 16.5769 11.4198 14.1644 11.1888 10.6685 11.0203 9.39624 9.33084 9.21696 13.0305 9.04321 8.41624 10.6101 8.16974 15.7196 15.6212 12.4712 10.88 11.1173 10.366 9.4191 11.5697 9.26001
threshold=0.01564247762863535 1.7588197241736621 -0.1281607054017749 -0.0067158666620342746 -0.001731603029630651 0.5049617091543549 -0.088935969868173245 3.5502476619791552 -0.21349638316647582 -0.3639235922450848 -0.00082576720667061436 0.12135540632437948 1.7576916574738595 0.51350204785860731 0.0013894167935025955 -0.16481085231936971 0.77296157450796643 -0.0042325059803255344 -0.21038959620610778 5.4944833216649434 0.085960185860866511 0.07960503391327603 0.75435644668881852 -0.054692484454453676
decision_type=10 10 2 2 10 10 10 2 2 10 2 2 8 8 2 8 8 8 10 2 10 2 10 2
left_child=1 5 7 -4 -5 9 -7 12 -8 14 -11 -2 -3 -14 23 18 20 -18 19 -16 -17 22 -20 -1
right_child=11 2 3 4 -6 6 8 -9 -10 10 -12 -13 13 -15 15 16 17 -19 21 -21 -22 -23 -24 -25
leaf_value=0.001485625462712554 0.0032165396865941067 -0.0021752987937928236 -0.0055041227063417353 -0.0018039961366807689 0.008025694248067922 0.0066224938697619553 -0.004712786306215239 0.0086870514924080322 -0.00052545556761267765 0.0097016263963365292 -0.00055636468968546775 -0.0022691292989312634 0.01036997390190799 -0.00074719432349536002 -0.00010546147234582951 0.0079560920210958782 0.0055310646813115502 -0.0021680786679424686 -0.0078285808735070982 0.005263973440505415 -0.00065810235708703912 0.0023896839828347703 0.0026678651650381968 -0.0013681890916807616
leaf_weight=151.79897925257683 31.297744177281857 22.022641405463219 24.88825224339962 19.584635481238365 22.35712294280529 11.302417024970053 99.428078219294548 45.265622481703758 113.91479291766882 22.112693913280964 23.658728174865246 258.60958077758551 16.584680967032909 14.459056444466116 231.03014095872641 72.688624568283558 29.094760037958622 58.773093782365322 42.780787594616413 43.340682923793793 16.372548393905163 18.440774604678154 11.915283828973768 426.33404096961021
leaf_count=1003 259 132 161 122 139 86 875 282 931 133 158 2249 99 93 1572 465 203 417 295 300 113 119 77 2907
internal_value=4.31797e-05 0.000365035 0.00333005 0.000102343 0.00358988 1.48785e-06 -0.00197664 0.00544928 -0.00251791 0.000393262 0.00465591 -0.00164799 0.00236834 0.0055336 0.000203882 0.00110536 0.00350624 0.000463489 -0.000132654 0.000784317 0.00639011 -0.00348666 -0.0055056 -0.000613531
internal_weight=1828.06 1538.15 165.162 66.83 41.9418 1372.99 224.645 98.332 213.343 1148.34 45.7714 289.907 53.0664 31.0437 1102.57 524.437 176.929 87.8679 347.508 274.371 89.0612 73.1368 54.6961 578.133
internal_count=13190 10682 1028 422 261 9654 1892 606 1806 7762 291 2508 324 192 7471 3561 1198 620 2363 1872 578 491 372 3910
is_linear=0
shrinkage=0.01


Tree=188
num_leaves=25
num_cat=0
split_feature=3 71 152 227 174 103 303 115 162 73 28 88 189 174 192 232 189 117 24 120 156 317 117 268
split_gain=9.71346 18.0039 11.7807 10.0515 10.8069 11.7054 12.1863 10.614 8.55695 10.052 11.0737 8.64396 8.62591 11.5934 8.17239 11.4574 10.5863 10.0035 10.1269 9.57943 9.17871 9.17917 9.12806 14.2055
threshold=2.5471693845014545 1.8620673714001119 0.004656583726351169 0.0046350004296640034 85.451250000000016 2.1668378377900166 0.0073594873594873614 -0.79057487054669773 0.023294573643410855 345.1687231325123 0.26987638713302436 0.82896637464173184 -0.47264261542399627 62.015555555555558 -0.075853457202238989 0.98086897047011734 -0.20559768322148855 0.44827824616950457 -0.36043582062853197 0.54515546181929897 0.22454436319982543 -0.0040973730989531899 0.76879888202839075 0.36710749464454068
decision_type=2 10 8 2 10 10 2 10 10 2 2 10 10 10 10 2 10 10 2 8 10 2 10 2
left_child=14 -2 -3 8 -5 6 -6 -8 9 10 -4 -10 -11 -14 -1 16 -16 19 22 -17 -21 -22 23 -19
right_child=1 2 3 4 5 -7 7 -9 11 12 -12 -13 13 -15 15 17 -18 18 -20 20 21 -23 -24 -25
leaf_value=-0.0013897196965838357 -0.0020074055853145367 0.0059778632948678011 -0.0039828161121294977 -0.00027283189879415831 0.0088426504925604218 -0.0016678459646683661 -0.0042613040908695806 0.0065767112891765359 0.0016891509192125209 -0.0023559024482229102 0.0056781421502006199 -0.004262293353003899 -0.0016478156549927176 0.0081004434444801529 0.0075208193330405437 0.0037092927328539415 -0.00011290769014561415 -0.0025958218349953033 0.00022386200155595574 -0.0042793448386135155 -0.0039984527440361265 0.0025194169034416115 0.0070852039633105528 0.0051253445575043582
leaf_weight=109.55680417269468 438.65704568475485 35.288856036961079 151.31682962179184 101.38220730423927 51.645439237356186 24.352629505097866 16.520717449486259 14.110922172665594 182.03324601054192 39.726243786513805 10.308300293982027 25.294255219399929 20.259725801646709 24.582969352602959 52.52195430546999 36.940655671060085 26.530640825629234 38.449486628174782 140.82014399766922 74.707267642021179 29.380538560450077 62.673471413552761 55.572689823806286 54.111463718116283
leaf_count=748 3476 200 1181 736 357 203 122 93 1361 289 80 182 149 174 325 219 173 251 966 539 198 418 325 344
internal_value=0.000139043 -0.000426521 0.000571329 0.000257077 0.00206291 0.0042424 0.00600088 0.000835623 -0.000576657 -0.00182917 -0.00327308 0.000910467 0.00093552 0.00383923 0.00108102 0.00156077 0.00503149 0.000976164 0.00216507 -0.000712011 -0.00174309 0.00037107 0.00396482 0.00192562
internal_weight=1816.74 1135.48 696.822 661.533 208.012 106.63 82.2771 30.6316 453.522 246.194 161.625 207.328 84.5689 44.8427 681.265 571.708 79.0526 492.656 288.954 203.702 166.761 92.054 148.134 92.561
internal_count=13109 8603 5127 4927 1511 775 572 215 3416 1873 1261 1543 612 323 4506 3758 498 3260 1886 1374 1155 616 920 595
is_linear=0
shrinkage=0.01


Tree=189
num_leaves=25
num_cat=0
split_feature=254 317 241 6 71 109 147 107 131 239 197 221 51 109 77 235 117 24 106 177 266 28 135 125
split_gain=9.22749 10.6358 8.26063 9.31775 16.7711 11.1769 9.54226 9.34679 9.04901 8.59268 8.00543 9.31419 7.66727 7.55367 11.235 11.7624 11.3237 12.9711 11.0038 10.7079 11.6126 9.28022 9.46806 8.65626
threshold=227.50000000000003 -1.0000000180025095e-35 0.84523809523809534 -0.36894392696226858 1.5826629755354702 1.2531256835966931 0.15051153565090306 -0.46965858352258733 1.8307782847297702 0.76781123940148099 -0.26999310401651927 -0.13425269829134739 427.50000000000006 2.3487247349341756 2.7016050675981842 0.006904497060225649 0.76879888202839075 -0.020832403764257695 0.58247575831392961 7.1833886382369228 2.5009433962264156 0.21362514182759471 0.24874667035231443 1.2703186597398763
decision_type=2 2 2 2 10 10 10 10 8 10 8 2 2 10 10 2 10 2 10 10 2 2 2 10
left_child=2 -2 13 5 -5 7 -6 -4 -9 12 -10 -12 -8 14 16 -16 17 -1 23 20 -20 -18 -23 -17
right_child=1 -3 3 4 6 -7 9 8 10 -11 11 -13 -14 -15 15 18 21 -19 19 -21 -22 22 -24 -25
leaf_value=-0.00038771726797419989 0.0062525285336811854 -0.0035354086399019807 -0.0021458093873591016 -0.0061318315710679003 -0.0029472912383294953 0.0066514496217020928 -0.0033257247628501259 0.0076941388873550658 -0.0032016414827050342 0.0042709334609218365 0.0092327915600319763 -0.0014670288861636813 0.0050356885095538774 0.0043592646035725113 -0.0017196716076517758 -0.0057114443954184285 -0.00090661783672696579 0.0067149374972175144 0.0015933499941140101 0.0012540907970018912 0.015533461053190312 0.002867820806934044 0.010029006235096458 0.0039556255874967266
leaf_weight=426.55952165275812 42.303068913519382 12.51876889914274 123.11234591901302 81.791084297001362 102.29057054966688 22.069632105529308 43.089445598423481 19.090525403618813 31.032942742109299 48.248617328703403 12.966232925653459 15.120130330324171 11.626379854977129 41.548869103193283 411.44469914585352 23.542858742177486 54.294762432575226 24.507657051086426 11.891002118587496 46.461161181330681 11.339721545577047 173.49981171637774 18.905902780592442 11.712206460535524
leaf_count=2868 281 88 890 687 869 133 300 112 206 336 85 101 80 293 3272 186 359 181 87 351 86 1087 110 90
internal_value=-2.86627e-07 0.00393584 -0.00012916 -0.00119857 -0.00238197 0.000328368 -0.000819543 -0.000442737 0.0022069 0.00130711 0.00014719 0.00383423 -0.00137065 0.000306471 0.000157103 -0.000957101 0.000983662 3.55679e-05 0.00198972 0.00424071 0.00938775 0.00269297 0.00371232 -0.00241791
internal_weight=1820.97 54.8218 1766.15 510.438 287.046 223.392 205.255 201.322 78.2098 102.964 59.1193 28.0864 54.7158 1255.71 1214.16 516.392 697.768 451.067 104.947 69.6919 23.2307 246.7 192.406 35.2551
internal_count=13138 369 12769 3799 2272 1527 1585 1394 504 716 392 186 380 8970 8677 4072 4605 3049 800 524 173 1556 1197 276
is_linear=0
shrinkage=0.01


Tree=190
num_leaves=25
num_cat=0
split_feature=122 107 200 137 213 137 50 62 38 7 116 277 217 95 188 277 213 320 101 191 165 151 112 189
split_gain=10.5981 15.008 12.4559 12.4845 10.4682 10.423 10.0251 9.76303 10.2157 9.23268 11.8089 11.7878 10.4466 9.18179 8.96199 9.31991 8.77104 8.53966 8.24022 10.1799 9.76565 8.16102 8.09817 9.43314
threshold=0.62680524993752162 0.25521975655414714 1.556940417379902 0.19109113949378068 -0.095218530455148997 0.12135540632437948 26.500000000000004 42.500000000000007 0.47987096640139631 -1.1275683968414849 -0.21310059114283791 -0.0012513701652739617 0.71237353388844127 -1.1861137736834708 0.56430934656741127 -0.030966888807951148 -0.099950279291247737 -0.11281352894274996 -1.0509383549440028 -0.42064916179751338 179.60799189814819 0.078459872321021445 17.500000000000004 -0.32097454887997851
decision_type=10 10 2 2 2 2 2 2 2 2 10 8 2 10 8 10 2 2 10 10 2 10 2 10
left_child=1 7 -3 13 21 -2 -7 22 9 16 -11 18 -13 -4 -10 -16 -9 -14 -12 -20 -21 -5 23 -1
right_child=5 2 3 4 -6 6 -8 8 14 10 11 12 17 -15 15 -17 -18 -19 19 20 -22 -23 -24 -25
leaf_value=-0.004004450780803563 0.0036673054849569319 0.00046034378342868422 0.0047196170994180135 0.0014071559020395949 0.014099517150266703 -0.00215023399927125 0.0056960895300609462 0.0016439393457163708 -0.0035963272986139845 -0.0054938070056691135 -0.0072720756434695348 0.0063273447479551357 -0.0044563821403452997 -0.0037778402119319526 0.00619881272917603 -0.0027920734314118879 -0.0033301958068776491 0.0023085770103281672 0.0033627001176809884 -0.0081073485925350058 0.0014045757516932408 0.01060194819690855 -0.0055895194849012765 0.0026480059603794823
leaf_weight=38.000035211443901 34.856279984116554 116.02372515201569 27.205946177244186 28.798728518188 18.082987360656261 391.82801166921854 14.246877647936342 582.5045243576169 108.66358546167612 43.246985167264938 23.513234570622444 37.668942637741566 25.04155109077692 19.263467349112034 20.282897435128689 20.403586767613888 35.005527317523956 53.552142888307571 31.711705185472965 21.447273142635822 17.846589483320713 12.818222612142561 51.288382448256016 41.718208581209183
leaf_count=297 288 746 175 173 111 3349 108 3895 740 315 161 253 185 125 136 139 238 379 221 162 126 85 381 319
internal_value=-3.25315e-05 0.000400082 0.00276224 0.00519097 0.00811579 -0.00137691 -0.00183483 -6.03607e-05 0.000270965 0.000687313 -0.000908028 8.86652e-05 0.00220188 0.00116188 -0.00211949 0.00177885 0.00134638 6.04594e-05 -0.00248872 -0.000672253 -0.00395977 0.00475835 -0.00260078 -0.000539516
internal_weight=1815.02 1374.09 222.193 106.169 59.6999 440.931 406.075 1151.9 1020.89 871.538 254.028 210.781 116.263 46.4694 149.35 40.6865 617.51 78.5937 94.5188 71.0056 39.2939 41.617 131.007 79.7182
internal_count=13107 9362 1415 669 369 3745 3457 7947 6950 5935 1802 1487 817 300 1015 275 4133 564 670 509 288 258 997 616
is_linear=0
shrinkage=0.01


Tree=191
num_leaves=25
num_cat=0
split_feature=153 109 148 21 106 197 135 226 105 162 174 237 238 269 233 59 305 114 311 75 105 14 68 228
split_gain=10.0184 13.819 13.7428 13.6794 11.156 13.1549 10.8018 10.6212 10.4073 9.41109 9.36245 10.3628 10.7852 15.2856 9.22603 8.74182 8.73059 8.23735 11.2474 9.53751 13.7329 11.2509 10.3488 11.3124
threshold=0.015177108927108929 1.5195776906739467 0.21592796738145578 0.23707008905035606 0.54437280475070648 -0.28031005422975325 0.090031879988520122 0.0081634013061442114 1.134171490328989 0.019540796065493648 58.931805555555563 -0.08988857796660947 -0.37623119838848668 0.76937037554097454 0.70735628578150744 3.1274444764551275 0.6116300366277404 0.95994574870490379 -0.47020266801482585 -0.51264193702449345 0.19873710666551034 -0.43817882743559439 368.50000000000006 0.19535739942528738
decision_type=10 10 10 10 10 10 2 2 10 10 10 2 2 2 2 10 2 10 2 10 10 2 2 2
left_child=1 3 7 17 5 -4 -5 -3 15 -2 -9 12 14 -14 -12 -6 -8 19 -19 20 -1 -21 -23 -24
right_child=9 2 4 6 8 -7 16 10 -10 -11 11 -13 13 -15 -16 -17 -18 18 -20 21 -22 22 23 -25
leaf_value=0.00049596085243664508 -0.0039703492581438212 -0.005525337424799685 -0.0061598094853263985 0.0015061025459466293 0.0072246996068848646 0.0060865151775414128 -0.0061295123772789175 -0.0034882641292996661 0.013461979361595891 -0.0002759034702454741 0.0052007778092471044 -0.0016749792201420611 0.00073285336834741745 0.010311615041710281 -0.0024104857961444364 -0.0008264509674840955 0.0029233904467640659 0.01022319846047543 0.00037969607511235265 -0.0060007631147329082 0.0059159706695681722 -0.0011872068221241187 0.0062782119998579583 0.00038378936624394342
leaf_weight=267.87350029498339 106.89392557740211 21.335584782063961 14.873239494860174 33.15610072016716 37.883329518139362 14.531351521611212 79.48782479763031 29.490013234317303 17.559081889688969 188.55862887948751 23.739005751907825 44.754165858030319 28.802169494330883 39.105881951749325 36.87967249751091 19.044868402183056 10.363720320165156 16.279234521090984 30.712165609002113 33.972468830645084 54.10600371658802 450.20751219987869 36.942241840064526 184.32637251168489
leaf_count=1723 999 147 92 259 227 83 714 192 98 1558 143 298 187 268 245 127 89 99 203 259 296 3284 274 1286
internal_value=3.47676e-05 0.000362449 0.00217173 -0.000136273 0.00512842 -7.34639e-05 -0.00325628 0.000749577 0.00712225 -0.00164101 0.00148195 0.00237616 0.00380021 0.00645574 0.000653628 0.00460307 -0.00501684 0.000227635 0.00419841 3.39687e-05 0.00145363 -0.000615794 -0.00031772 0.00143951
internal_weight=1820.88 1525.43 327.998 1197.43 103.892 29.4046 123.008 224.106 74.4873 295.453 202.771 173.281 128.527 67.9081 60.6187 56.9282 89.8515 1074.42 46.9914 1027.43 321.98 705.449 671.476 221.269
internal_count=13150 10593 2107 8486 627 175 1062 1480 452 2557 1333 1141 843 455 388 354 803 7424 302 7122 2019 5103 4844 1560
is_linear=0
shrinkage=0.01


Tree=192
num_leaves=25
num_cat=0
split_feature=233 302 108 255 219 111 149 126 35 131 303 148 299 176 319 58 303 323 19 176 143 82 41 253
split_gain=10.2589 9.96329 11.4703 13.8136 11.4381 10.0107 9.2413 9.76989 9.25096 9.14184 9.18738 11.8073 9.58547 8.71817 9.37979 8.69669 8.68194 9.48149 9.87828 8.60732 8.51616 11.0026 13.4551 9.81584
threshold=0.87513213530655409 0.004500075115074346 1.4994854544011738 63.500000000000007 0.0088107436733426501 2.714174058076535 0.26401991614255771 0.72897208950156756 0.0058041115849225052 2.0531345825291556 0.0064496205033494529 0.10965598542492767 -0.015454125071760692 12.099710922291569 -0.073534693877551002 0.72839291307005061 -0.0085378965975980887 60.500000000000007 -0.15339790477824625 12.803916760993884 0.018543078887906479 0.82938378478879338 270.50000000000006 61.500000000000007
decision_type=2 2 10 2 2 10 8 8 2 10 2 10 2 2 2 10 2 2 10 2 10 10 2 2
left_child=1 2 6 -4 5 16 7 -1 15 10 -6 -12 -13 -2 -15 -8 -3 18 -18 -19 -9 -22 -23 -24
right_child=13 4 3 -5 9 -7 8 20 -10 -11 11 12 -14 14 -16 -17 17 19 -20 -21 21 22 23 -25
leaf_value=1.4580597527413588e-05 -0.0054071000622916698 0.0070845362578199067 -0.00036017262512823788 0.008497740623176089 0.0068187325820467312 -0.0040709756098779633 0.0057958269784451665 -0.0032215342299309136 0.0095335337959065996 -0.0016563911348376032 0.008124501352464954 0.0040864835840368078 -0.0046316003493527616 -0.003525023552180752 0.0021334630452881382 -0.0046904536049181935 -0.00055671292703576522 0.00088873770564272493 0.011272614292586136 -0.0030675119907968467 -0.001865538383881157 -0.0024610416119179817 0.013754756040953267 0.0016328342586552785
leaf_weight=574.89284239709377 57.641674302518368 18.697726920247078 39.116265185177326 28.551758781075478 75.103891044855118 42.311346314847469 11.733435906469824 235.11923330277205 14.588607676327227 27.185848318040371 16.623623356223106 18.59780915081501 27.874959483742714 54.842976413667202 56.67136137932539 14.445841535925863 11.925876073539259 253.05172269046307 13.1142735555768 67.1973025649786 114.91642109304667 18.501998849213123 12.232363507151605 13.952588424086569
leaf_count=3949 447 127 289 206 500 324 81 1867 99 206 101 129 204 423 445 114 82 1777 98 489 848 145 90 106
internal_value=-2.06409e-05 0.00022074 -0.000344543 0.00355476 0.00128491 0.000371453 -0.00061592 -0.00081713 0.00388796 0.00347881 0.00450915 0.0015694 -0.00108782 -0.00234541 -0.000658991 8.19022e-05 0.000918137 0.00052624 0.00611968 3.58076e-05 -0.00202246 -0.000224394 0.00383396 0.00812231
internal_weight=1818.89 1649.74 1078.05 67.668 571.684 406.298 1010.38 969.615 40.7679 165.386 138.2 63.0964 46.4728 169.156 111.514 26.1793 363.987 345.289 25.0401 320.249 394.723 159.603 44.687 26.185
internal_count=13146 11831 7794 495 4037 2897 7299 7005 294 1140 934 434 333 1315 868 195 2573 2446 180 2266 3056 1189 341 196
is_linear=0
shrinkage=0.01


Tree=193
num_leaves=25
num_cat=0
split_feature=153 153 32 270 302 49 131 217 183 186 143 28 177 220 312 118 131 32 115 287 143 275 121 7
split_gain=8.56851 15.215 8.7857 10.6201 8.80284 10.7772 13.9665 10.68 13.1263 10.6357 10.8434 13.14 10.3689 9.73515 9.16879 8.7553 9.84986 11.1906 8.58677 8.26301 9.15017 8.05461 8.00399 7.65225
threshold=0.049443833272216117 0.045084975438992723 0.0016625115394608102 0.054802181974196319 0.0060086861398306332 5.5000000000000009 1.8677489101792353 0.7858656174334141 -0.82651219217888017 0.20902306648575306 0.01396277213015829 0.22291630200534926 7.1475492979233293 0.15751879699248122 -0.2822499581772101 18.500000000000004 2.3316621824040151 0.0020345901015018301 -0.51655126540875618 0.014575443135191308 0.036215489540297734 0.044892869866031346 -1.1535694026376386 -0.60277488165721738
decision_type=10 10 2 2 2 2 8 2 10 10 10 2 10 2 2 2 10 2 8 2 10 2 10 2
left_child=1 2 4 -4 23 6 13 9 -9 10 14 -12 -10 -6 21 -5 17 -17 -14 -15 -21 -8 -13 -1
right_child=-2 -3 3 15 5 -7 7 8 12 -11 11 22 18 19 -16 16 -18 -19 -20 20 -22 -23 -24 -25
leaf_value=-0.00054184164458097989 -0.0029407104736309409 0.00977282947903204 -0.0072243702635824778 -0.0060344648278333989 -0.0016312177260749024 -0.0017161256411766107 0.003980943420619794 0.002658562997515281 -0.0080633244930720781 -0.0047405368038145965 0.00014293784157862847 0.0052294582981632469 -0.0027617706985135276 0.0012034310638169999 0.0041187499678609083 -0.0057805517760318691 -0.005659881203653753 0.0045566471917673013 0.0049018587868820173 0.012326294893541733 0.0041968010576401279 -0.0045677972420134563 0.01419154979914212 0.0022315731167390791
leaf_weight=931.22678252309561 89.955429553985596 13.533464819192885 31.02832093834877 20.841028645634651 16.377417869865894 94.107694432139397 13.212946929037569 63.725319512188435 26.604955568909645 15.187471456825731 25.205922015011311 32.454650484025478 60.523993894457817 23.714598439633846 44.832577928900719 10.285241864621637 15.303444266319273 52.389397256076336 16.18926315009594 28.627957031130791 33.826993621885777 33.34233271330595 17.450933806598186 108.45108801871538
leaf_count=6452 823 114 340 216 113 597 92 410 206 108 171 194 468 146 317 98 147 490 122 176 188 246 116 794
internal_value=1.91016e-05 0.000178298 8.59584e-05 -0.00238537 0.000292949 0.00131868 0.00196055 0.00098392 -0.000830951 0.0026451 0.00339297 0.00613929 -0.0030063 0.00515615 0.00100803 -0.000696622 0.000879456 0.00266777 -0.00101449 0.0064684 0.00831276 -0.00203171 0.00897794 -0.00024628
internal_weight=1818.4 1728.44 1714.91 129.847 1585.06 545.385 451.277 348.73 167.044 181.687 166.499 75.1115 103.318 102.547 91.3879 98.8191 77.9781 62.6746 76.7133 86.1695 62.455 46.5553 49.9056 1039.68
internal_count=13144 12321 12207 1291 10916 3670 3073 2450 1206 1244 1136 481 796 623 655 951 735 588 590 510 364 338 310 7246
is_linear=0
shrinkage=0.01


Tree=194
num_leaves=25
num_cat=0
split_feature=32 5 126 23 181 121 148 143 228 117 262 120 201 40 267 280 170 59 121 82 119 157 5 288
split_gain=10.4211 10.6695 11.6892 11.7899 11.2743 9.39505 10.3674 10.2089 9.39585 9.33242 12.3527 11.281 8.6118 9.53197 8.73661 8.42483 10.415 8.89166 7.9145 7.72092 10.1276 10.076 9.95584 7.51342
threshold=0.0015637226134585292 -2.8712440139818409 0.80229571956286561 -1.0881467236512889 0.053944638567372798 -0.86823480167352607 0.15035136861762252 0.064987857670784507 0.25513722730471505 1.2046617312890995 0.47835466666791071 1.1373875247494587 0.76207126207126208 0.0050686380296646469 0.68365707542843535 0.090413436052210874 1.8927991653958185 3.0722217237503293 -1.328607282335948 0.62699895311496678 0.1645283755538979 0.22439984636066837 -2.7964864431628556 -0.00056463951042264287
decision_type=2 2 8 8 2 10 10 10 2 8 10 8 2 2 2 2 10 10 10 10 10 10 2 2
left_child=1 4 3 -3 18 7 -7 23 -9 11 15 19 13 -2 -15 16 -11 -18 -1 20 21 -5 -23 -6
right_child=12 2 -4 9 5 6 -8 8 -10 10 -12 -13 -14 14 -16 -17 17 -19 -20 -21 -22 22 -24 -25
leaf_value=0.011507833127660062 -0.003054097599561384 0.0069886539252302458 -0.0014461783138047608 0.0066908240977168751 0.00047393113504754224 -0.0026600404448583149 0.0074802931464580356 -0.0010935290323880989 0.0051681498189372309 0.0002547892818078679 -9.0545986181637229e-05 -0.0054555019341707466 -0.0047577591918548353 -0.0010636707484328895 0.0092747705919741727 0.0010080974459129039 0.013191091176436028 0.0037237581559421656 0.0018322994768426889 0.0024635610147205438 -0.0026362635237144796 -0.0055616221563621285 0.00051103022719741159 -0.0044069636334595859
leaf_weight=16.698775455355644 38.808101966977119 24.340170942246914 463.92117680609226 21.118168860673904 72.646394610404968 11.685789100825785 37.037173770368099 38.159462727606297 57.047535359859467 18.654755875468254 133.35806657373905 37.463846884667873 77.759639255702496 14.867187492549421 13.65185973793268 45.781847402453423 23.360688492655754 21.531072847545147 17.678507901728153 103.04152914881706 152.14583423733711 26.772717341780663 302.62956948578358 51.823332667350769
leaf_count=86 388 148 3639 121 451 92 258 219 305 124 981 311 799 138 126 297 131 135 108 727 1203 173 1871 334
internal_value=-7.28107e-06 0.00021626 -0.000158607 0.000499009 0.00190652 0.00117311 0.00501607 0.000263078 0.00268916 0.000297793 0.00195724 -0.000332653 -0.00255232 6.99426e-05 0.00424487 0.00440317 0.00668614 0.00916332 0.00707892 6.52712e-06 -0.000506154 0.000429335 -2.28218e-05 -0.00160329
internal_weight=1821.98 1676.9 1374.12 910.198 302.777 268.4 48.723 219.677 95.207 885.858 242.686 643.172 145.087 67.3271 28.519 109.328 63.5465 44.8918 34.3773 605.708 502.666 350.52 329.402 124.47
internal_count=13165 11714 9861 6222 1853 1659 350 1309 524 6074 1668 4406 1451 652 264 687 390 266 194 4095 3368 2165 2044 785
is_linear=0
shrinkage=0.01


Tree=195
num_leaves=25
num_cat=0
split_feature=73 79 193 109 288 180 308 60 53 16 72 119 53 22 261 105 2 143 28 143 109 266 60 184
split_gain=9.65279 12.0678 15.5117 16.7087 10.7244 10.0865 9.58836 9.7954 9.05815 12.7683 8.99429 9.67382 9.59913 8.17249 9.94087 8.2754 8.61782 10.3177 9.76259 8.1306 8.98243 10.0056 11.5914 10.4595
threshold=315.53479370826329 96.439319725669733 0.81678403755868556 0.60812320615139193 0.0064934447577025683 2.8039878113407526 -0.00023851638187115753 -20.353230623494383 94.500000000000014 0.47801770459857801 -290.94136540630774 1.1620850402445735 10.500000000000002 0.88507926108983959 -0.23652065964867988 0.44285849504070618 0.81301759743454738 0.011644857278459557 0.22595616072965069 0.15843327290475531 1.0213859543395061 1.5010729613733906 38.991747311576162 2.1720619831306345
decision_type=2 2 8 8 2 2 2 2 2 2 2 10 2 10 8 10 10 10 2 10 10 2 2 8
left_child=1 2 3 4 -1 -2 -5 -8 9 -7 -11 12 -12 14 -14 -16 18 -18 -17 20 -3 23 -23 -22
right_child=5 19 -4 6 -6 8 7 -9 -10 10 11 -13 13 -15 15 16 17 -19 -20 -21 21 22 -24 -25
leaf_value=-0.0018868980150460795 0.0084141249816010039 -0.0023331546450417011 -0.0011327742448493312 -0.00033072623782154825 0.005849253882377752 0.0096902005179436389 0.011554024204361342 0.0037422931642225403 -0.0034751967866625305 -0.0028874623799942998 -0.005040716138801693 -0.0034426157142505159 0.0061681158045215805 0.007198987153286476 -0.0023243531086960738 0.0093197164492681735 -0.0021388179465157394 0.0033910729280721471 0.0014884872670098959 0.0064366552265162904 0.00027591953296460768 0.00030659164174897199 -0.0025476008149619618 0.0099733512524172938
leaf_weight=64.73202259093523 16.347455710172653 329.20061106979847 137.33094452321529 17.009176552295685 21.537967056035995 15.106184825301169 34.733531512320042 35.981560595333576 38.70489913970232 48.364674024283886 15.251133695244787 32.122060924768448 43.595334529876709 30.590885631740093 52.749612160027027 26.381355367600918 67.597700133919716 61.886453717947006 38.713615499436855 12.146919541060923 28.775881893932819 421.48340705782175 211.20293020457029 15.702031195163725
leaf_count=423 122 2480 980 106 128 92 207 247 262 349 124 284 282 195 420 169 487 425 246 89 199 3012 1702 111
internal_value=9.00379e-05 -0.000350867 0.00136281 0.00332481 0.000158037 0.00129011 0.0063253 0.00789097 0.000991805 0.00141409 0.00104856 0.00158545 0.0020928 0.00247547 0.00191055 0.00109454 0.00204661 0.000512595 0.00493413 -0.000878005 -0.000985162 -0.000321347 -0.000651731 0.00411393
internal_weight=1817.25 1329.84 311.325 173.994 86.27 487.411 87.7243 70.7151 471.064 432.359 417.253 368.888 336.766 321.515 290.924 247.329 194.579 129.484 65.095 1018.51 1006.36 677.164 632.686 44.4779
internal_count=13141 9684 2091 1111 551 3457 560 454 3335 3073 2981 2632 2348 2224 2029 1747 1327 912 415 7593 7504 5024 4714 310
is_linear=0
shrinkage=0.01


Tree=196
num_leaves=25
num_cat=0
split_feature=120 114 2 88 7 38 237 5 201 29 113 152 240 135 89 99 20 114 12 137 99 225 240 108
split_gain=10.3668 20.5501 12.351 12.1672 10.6295 11.5396 10.3084 10.2405 10.9758 9.86804 9.67316 9.81439 13.1509 11.1867 9.37985 9.33933 13.9897 12.4284 11.1179 10.4331 8.98966 8.69803 9.23401 8.50834
threshold=0.80910960197290394 0.73460786348361962 0.88734537876235053 1.2112893350114551 -1.1311974007526946 0.26855801532252221 -0.052601020264534053 -2.2639797062916549 0.77806414662084777 0.30528716496556313 -0.24422786098591684 0.011385240235050123 1.5243161021288303 0.10004906771344457 2.8857639794648238 1.2577492900503946 0.75019548014472948 0.97490369833359791 0.55583706838406588 0.202118311333807 0.65756205593711181 0.86768596327419867 -0.26609585683746523 0.46156335801945975
decision_type=8 8 8 10 2 2 2 2 2 2 8 8 2 2 8 10 10 8 2 2 10 2 2 10
left_child=4 3 9 6 5 21 -2 -7 -9 14 -6 12 -12 20 -3 16 17 -4 -19 -18 -13 22 -1 -5
right_child=1 2 15 23 10 7 -8 8 -10 -11 11 13 -14 -15 -16 -17 19 18 -20 -21 -22 -23 -24 -25
leaf_value=-0.0039889964442099491 -0.0032476698217401307 0.006457045726274863 -0.0018476194717024707 -0.0012808692972166695 -0.0048311462327781394 0.0022484088933871268 0.001617822220262536 0.010404660755345975 0.0014839950647782252 -0.001037556353135186 0.0010425872306497478 0.0077227464862196062 0.010704789495430109 -0.0044316492297221234 0.0011888124523883232 -0.0053574437155303302 0.0015842903909677043 0.0024858205111656585 -0.0041901305736823111 0.0091986507107338616 -0.0019195309939328759 -0.00527777591423259 0.004616013702214661 0.010361631086803189
leaf_weight=16.706012859940529 346.1984574124217 73.376179754734039 301.65898382663727 11.053233325481417 35.882523626089096 166.24647482484579 47.710766911506653 35.653848186135292 23.62563219666481 49.892269060015678 163.64082016795874 14.611811392009256 12.726303867995737 63.187960930168629 64.496698975563049 30.361580371856689 76.582355059683323 154.63143315166235 26.894113920629025 21.601223349571228 19.464681476354599 25.929604262113571 31.995303861796856 9.8615509122610074
leaf_count=101 2805 454 2368 97 253 986 382 208 150 323 1068 96 81 479 424 276 565 1072 226 157 147 181 204 79
internal_value=8.86846e-05 -0.000444833 0.000491701 -0.00224331 0.00115011 0.00248178 -0.00264845 0.00359945 0.00709605 0.00271488 -0.000148891 0.000504785 0.00190405 -0.00200441 0.0040735 -0.000198435 9.39992e-05 -0.000608495 0.00144194 0.00348105 0.00246373 -0.000890784 0.00158747 0.00474872
internal_weight=1823.99 1214.32 799.495 414.824 609.671 300.157 393.909 225.526 59.2795 187.765 309.514 273.632 176.367 97.2645 137.873 611.73 581.368 483.185 181.526 98.1836 34.0765 74.6309 48.7013 20.9148
internal_count=13182 9228 5865 3363 3954 1830 3187 1344 358 1201 2124 1871 1149 722 878 4664 4388 3666 1298 722 243 486 305 176
is_linear=0
shrinkage=0.01


Tree=197
num_leaves=25
num_cat=0
split_feature=5 5 102 20 234 35 201 151 108 92 17 65 253 313 71 184 29 65 323 87 108 156 115 160
split_gain=10.2115 14.397 9.17631 12.2118 15.3503 13.1352 9.92349 9.2574 11.3851 10.2895 9.94361 10.849 10.2157 9.73091 14.6646 8.13915 12.1712 10.9465 9.07606 8.0838 11.8424 14.2815 10.0444 12.1655
threshold=-2.8943022876294049 -2.8712440139818409 1.228056852784827 0.87176692953302937 0.077934422991457225 0.0045154008592441569 0.60479471719781808 0.07153983088562528 1.3507260831866736 149.50000000000003 2.8956664866283024 2.5534132878413618 120.50000000000001 0.020067036845659431 2.8766706320861144 2.080457310497152 0.2577403676359295 3.3012246255571216 274.50000000000006 0.84000664580385409 0.041550907962250076 0.21645637790429298 -0.70196942235650617 0.04172431549838828
decision_type=2 2 10 10 2 2 2 10 10 2 2 8 2 2 10 8 2 10 2 8 8 10 10 8
left_child=-1 -2 3 7 5 -5 -6 10 13 -10 11 19 -13 -9 -15 17 -17 18 -12 -3 -21 22 23 -22
right_child=1 2 -4 4 6 -7 -8 8 9 -11 15 12 -14 14 -16 16 -18 -19 -20 20 21 -23 -24 -25
leaf_value=-0.0020204852639844994 0.0025691614578094691 0.0056998549057827612 -0.0046635140529390929 0.0028896499857411656 0.0056875071898438391 0.01382868624157943 -0.0040944917076740613 -0.0036525267569954573 -0.00032459090977597784 0.0087121965018392752 -0.0012059755613164735 -0.0041350758040070009 0.0044890003786091318 -0.0014659626630295559 0.0087542645369348103 -0.0012962944759590119 0.0091541903381786287 -0.004126969778527452 0.0040286610988772122 -0.0026813407285700523 -0.0033578665508489261 0.0050629148853202008 0.0022758673506982534 0.0012429146612696678
leaf_weight=217.00969935208559 231.35576840490103 23.49384730309248 40.091250531375408 30.930198177695274 12.67279367148876 16.463039666414261 28.482040554285049 196.19968041777611 39.934947773814201 15.309873871505259 48.151241570711136 101.80775018036366 13.322107858955858 83.682871073484421 13.914505682885645 15.49537770450115 30.730778127908707 30.001485258340836 94.658624947071075 121.70624583214521 121.02433004975319 64.146444752812386 124.27866996079683 104.68056484311819
leaf_count=2047 1265 141 362 235 83 117 202 1642 298 107 326 780 92 713 97 103 197 219 609 806 814 387 837 681
internal_value=1.74389e-07 0.000277525 -0.000112914 3.30279e-05 0.00356193 0.00727674 -0.000886633 -0.000225194 -0.00159973 0.00246593 0.000314006 -0.000287643 -0.00304453 -0.00238393 0.000187448 0.00215112 0.00575826 0.00110296 0.00226766 0.00029054 2.26872e-05 0.000832633 1.99088e-05 -0.0012307
internal_weight=1819.54 1602.53 1371.18 1331.09 88.5481 47.3932 41.1548 1242.54 349.042 55.2448 893.497 674.46 115.13 293.797 97.5974 219.038 46.2262 172.811 142.81 559.33 535.836 414.13 349.984 225.705
internal_count=13160 11113 9848 9486 637 352 285 8849 2857 405 5992 4538 872 2452 810 1454 300 1154 935 3666 3525 2719 2332 1495
is_linear=0
shrinkage=0.01


Tree=198
num_leaves=25
num_cat=0
split_feature=233 253 3 163 300 319 61 193 175 113 231 29 259 193 122 78 246 129 232 129 122 113 233 79
split_gain=9.36445 9.2225 10.3099 10.2024 8.92368 11.933 10.6537 9.94241 8.962 8.44549 12.2628 13.52 11.0304 9.97247 9.1599 10.717 9.75116 9.52005 8.13996 10.4552 8.87379 8.09914 8.79288 10.0443
threshold=0.87513213530655409 211.50000000000003 2.5471693845014545 0.098476102516739786 0.3516306274364091 -0.017379958448022027 370.55476677387293 0.69586530264279634 14.11505985259736 0.15854304387050178 0.17484214883949081 0.25012562814070355 0.081754742864207461 0.63903207331042389 0.04715452003650971 -36.294805016246379 0.74153719100885962 1.1300200801044182 2.9211025469380902 2.4427013065356298 0.8914485550603749 -0.074770366673394068 0.77120207642754413 43.561543676507924
decision_type=2 2 2 10 2 2 2 8 10 10 2 2 10 8 10 2 10 10 2 8 10 10 2 2
left_child=1 2 21 4 5 8 7 -7 9 14 11 -11 13 -13 15 -4 -16 -17 -8 20 -20 22 -1 -24
right_child=-2 -3 3 -5 -6 6 18 -9 -10 10 -12 12 -14 -15 16 17 -18 -19 19 -21 -22 -23 23 -25
leaf_value=-0.0008521747030366529 -0.0022431893066296956 0.0053261704412321045 -0.00085097034994428226 0.0068700139654195658 -0.0028329683669891252 0.013160825018794061 -0.002712406916279901 0.0017601144482102913 -0.002085965706542531 -0.0040073266027363828 -0.001165960973562473 -0.0034022771891651349 0.011344983759245482 0.005456140075321878 -0.005858470403088718 -0.00087301963576254184 -0.00065392250656115633 0.0088192800585431049 0.0080731212017321231 -0.0039728734958164782 -0.0016529189651172049 0.0030090525649194328 -0.0040924017083265526 0.0028667010801818457
leaf_weight=237.70599092543125 167.29734860360622 31.805276490747929 88.745554387569427 15.649914011359213 152.33531438559294 13.302850663661959 36.234085105359554 16.945132896304131 285.9017716050148 14.857234627008436 72.946578800678253 14.910502851009367 22.621851533651352 45.508211724460125 52.994431041181087 15.191253475844858 105.20906096696854 24.134521663188934 31.444280400872231 13.206237979233263 11.528797045350073 166.87541450560093 21.013867899775505 165.54257165640593
leaf_count=1532 1303 212 577 112 1185 92 260 131 2279 110 543 94 148 306 429 109 847 154 220 112 98 1091 138 1092
internal_value=-8.3456e-06 0.000220191 0.000110501 -0.000490977 -0.000623927 -0.000226042 0.00262601 0.00750396 -0.000706435 0.000161739 0.00190556 0.00417261 0.00573203 0.00319943 -0.000883948 0.00108623 -0.00247618 0.00524466 0.000842643 0.00317286 0.00550106 0.00116127 0.000416935 0.00202787
internal_weight=1823.91 1656.61 1624.81 1033.67 1018.02 865.682 122.661 30.248 743.021 457.119 170.844 97.8978 83.0406 60.4187 286.275 128.071 158.203 39.3258 92.4134 56.1793 42.9731 591.138 424.262 186.556
internal_count=13174 11871 11659 7806 7694 6509 913 223 5596 3317 1201 658 548 400 2116 840 1276 263 690 430 318 3853 2762 1230
is_linear=0
shrinkage=0.01


Tree=199
num_leaves=25
num_cat=0
split_feature=153 153 109 3 109 200 184 156 50 81 27 253 118 303 221 114 83 291 100 117 114 322 158 89
split_gain=9.64372 14.5933 12.4366 9.91134 13.4092 15.0712 12.8784 10.6724 9.82587 11.1799 9.45216 9.04585 10.5375 9.65241 9.42137 9.80638 9.01931 8.42193 8.09945 7.66833 7.61405 8.22385 7.58182 7.7642
threshold=0.049443833272216117 0.045084975438992723 2.290809100281376 2.5471693845014545 1.4995743721814618 1.4567083150807554 -0.79716597214367135 1.0000000180025095e-35 13.500000000000002 0.34863119167556617 0.75410735815443319 211.50000000000003 153.50000000000003 -0.0010786573302155006 -0.49731341908965543 0.75017914261225738 2.879306243594161 1.415846671146108 0.68792775650935967 2.368833019097448 0.70638759869289758 3.5000000000000004 0.28442008173179506 2.8245351782469088
decision_type=10 10 10 2 10 2 10 8 2 10 2 2 2 2 2 10 10 2 10 8 10 2 10 8
left_child=1 2 3 4 -1 10 -5 17 20 -10 -6 12 13 18 -15 22 -4 -8 -11 -2 21 -9 -16 -24
right_child=19 -3 16 6 5 -7 7 8 9 11 -12 -13 -14 14 15 -17 -18 -19 -20 -21 -22 -23 23 -25
leaf_value=0.00061471654385847633 -0.0042947610693003201 0.0096889779977901054 0.010224071053377111 0.0083005050572767906 -0.003504980354123791 0.013246415093361002 -0.0001879325895333589 -0.0054237670845593243 -0.0029111966018096624 0.0052840447394181559 0.0068552663978962494 0.0075696439562620132 -0.0043252020094422128 -0.0017083440273541872 -0.0039473726235784417 0.0079846121544665978 0.00090674377676925417 0.010688825554128801 -0.001862916745755467 0.0031068673156934901 -0.00097763124292488384 -0.00074199773962948222 -0.002497694556068368 0.0063112864820465131
leaf_weight=641.35229932516813 74.84429943561554 13.589673481881617 18.159828893840313 13.301411353051661 15.764213822782041 15.520999647676943 13.473474934697153 92.391386985778809 77.457274474203587 16.207295171916485 13.985010184347628 18.567919015884399 32.347988575696945 27.652078442275524 14.539237834513186 46.221051298081875 22.295193232595921 11.628135837614535 91.754191711544991 14.752503968775271 428.15609447658062 64.503360897302628 12.148083701729776 31.302786618471142
leaf_count=4276 707 114 114 95 92 89 99 773 581 101 82 122 224 198 104 297 138 81 640 117 3261 537 88 228
internal_value=0.000139422 0.0003074 0.000216772 7.95109e-05 0.00100131 0.00609755 -0.000558764 -0.000703922 -0.000880951 0.00039506 0.00150734 0.00129898 0.000793748 0.00153091 0.00331892 0.00467227 0.00550889 0.00538886 -0.000672935 -0.0030071 -0.00168375 -0.00355272 0.00176599 0.00382449
internal_weight=1821.92 1732.32 1718.73 1678.27 686.623 45.2702 991.652 978.35 953.249 368.198 29.7492 290.741 272.173 239.825 131.863 104.211 40.455 25.1016 107.961 89.5968 585.051 156.895 57.9901 43.4509
internal_count=13158 12334 12220 11968 4539 263 7429 7334 7154 2583 174 2002 1880 1656 915 717 252 180 741 824 4571 1310 420 316
is_linear=0
shrinkage=0.01


Tree=200
num_leaves=25
num_cat=0
split_feature=73 299 150 246 29 275 211 97 31 6 184 319 84 197 208 109 29 304 109 65 109 77 148 213
split_gain=10.0734 12.7515 11.0513 11.6957 10.5814 9.88848 9.72875 9.46172 11.1225 10.3336 9.27581 10.2298 9.02468 10.8575 8.90586 11.3235 8.54742 11.3272 8.09979 11.4762 8.05534 12.4372 12.1472 11.1238
threshold=327.17862094722165 -0.05604583296183379 0.048826334128002941 0.67123708592519138 0.25491683775179269 0.044247787610531372 0.011428944618599793 0.087048621603932494 0.0019483687038650398 -0.26010202943203758 1.7941642963439828 -0.061416682616209299 20.772437843246983 -0.48574726586437494 1.4873806109231391 1.2193365413793029 0.25491683775179269 0.0098153828675300887 1.2005540792198659 1.9384098359863726 1.0946586135553009 3.0938428310635673 0.11604676400947121 -0.12148365655229523
decision_type=2 2 10 10 2 2 2 8 2 2 10 2 2 8 2 10 2 2 10 8 8 10 10 2
left_child=2 5 7 -4 6 -2 10 9 16 18 11 -3 -6 -14 -15 -16 -9 -18 19 -1 22 23 -5 -22
right_child=1 4 3 20 12 -7 -8 8 -10 -11 -12 -13 13 14 15 -17 17 -19 -20 -21 21 -23 -24 -25
leaf_value=0.0010813679772012808 0.00038818936400138247 -0.0031042853207227097 -0.0039237062165379758 0.0054034272163897556 -0.00047496123852744924 0.0087715218262857091 -0.0081030747480361088 0.0091794247722486975 -0.0043969463423052359 -0.0078857362219090302 -0.0038130352690571097 0.0068180537548112319 0.00044780015636477664 0.01097934332905531 -0.0040813700385981463 0.0052830778489179079 -0.0013741157163599225 0.0083309756597415054 0.0059696948761460934 -0.0030421834766624833 0.00048747545782313516 -0.0013784447316587936 -0.0034263562777337442 0.0052972791139339042
leaf_weight=305.89001967012882 22.990774780511856 14.983900114893911 113.48351177573204 14.824087448418139 117.08371844142675 35.727012872695923 18.378678523004055 29.747100733220577 11.8879167586565 12.230387583374975 37.38999130576849 23.118779078125954 87.121344558894634 19.67458014190197 13.706554658710955 62.898216441273689 30.431416988372803 16.240167610347271 22.963515050709248 83.508454844355583 227.43202512711287 301.38349874317646 141.68218995630741 58.592559970915318
leaf_count=1914 158 105 887 131 882 244 137 190 88 87 284 155 597 114 97 424 197 100 121 572 1571 2492 1221 396
internal_value=0.000148437 0.00143653 -0.000278813 -0.000972781 0.000766856 0.00567484 -0.0021165 0.000878282 0.00380271 0.000246469 -0.0004052 0.00294675 0.00168233 0.00305122 0.00531648 0.0035088 0.00520288 0.00226673 0.000542395 0.000178849 -0.000508055 3.10445e-05 -0.00250226 0.00151867
internal_weight=1823.37 453.074 1370.3 857.398 394.356 58.7178 93.8713 512.899 88.3066 424.592 75.4927 38.1027 300.484 183.401 96.2794 76.6048 76.4187 46.6716 412.362 389.398 743.914 587.408 156.506 286.025
internal_count=13164 3197 9967 6698 2795 402 681 3269 575 2694 544 260 2114 1232 635 521 487 297 2607 2486 5811 4459 1352 1967
is_linear=0
shrinkage=0.01


Tree=201
num_leaves=25
num_cat=0
split_feature=5 5 121 59 116 321 217 79 253 294 112 189 105 121 105 102 5 185 226 136 150 263 160 62
split_gain=11.1279 12.6656 10.326 12.5994 12.3566 9.04092 10.112 11.2108 11.0051 9.99292 12.3127 9.35434 9.91521 12.4521 15.137 12.27 9.17041 10.8143 9.01385 8.42209 8.63689 10.32 10.2936 12.0854
threshold=-2.8983711643309662 -2.8712440139818409 -0.86823480167352607 3.2624433711279868 0.11595336569659763 4.5000000000000009 0.91188235294117659 82.795235970020755 147.50000000000003 -0.14496847621387043 46.500000000000007 -0.827344357701568 1.3170776672811495 -0.73911602886384686 -0.024899233788778934 1.111154672784606 -1.2430028306103773 0.76850804697694663 0.018567769897557134 0.31285581335643919 0.026519369395768624 -0.26410737614338736 0.064915910048653422 71.500000000000014
decision_type=2 2 8 10 10 2 2 2 2 2 2 10 10 8 10 8 2 10 2 2 10 8 10 2
left_child=-1 2 4 -4 -2 6 7 -3 -9 10 -7 -11 13 14 -13 18 -15 -18 -14 20 21 -16 23 -22
right_child=1 5 3 -5 -6 9 -8 8 -10 11 -12 12 15 16 19 -17 17 -19 -20 -21 22 -23 -24 -25
leaf_value=-0.0020290651233418632 0.0025867167807022695 0.0057258182723450976 0.012163206909391639 0.00079694375471199 -0.0041487564115785759 -6.6525888645465039e-05 -0.0043741511525687048 0.00051753919782244931 0.0079398987248327502 -0.0046992227842817119 0.0089836842043146663 -0.0044190652082052705 -0.00067607717080669558 -0.0029867067160472965 0.0018177817852779194 -0.0033034232469502794 0.0088231147830283591 -0.003501531527004388 0.0089348798358256255 -0.0038179092320599801 0.0038146660684008123 0.0096347166516189495 0.0022184654012372845 -0.0037875226167029662
leaf_weight=209.06738622486591 172.7154301032424 52.744012229144573 19.579647094011307 18.371987335383892 29.512157872319221 40.696899570524693 28.412003792822361 380.9295067936182 18.317157134413719 56.09274160861969 20.759069308638573 57.554470598697662 13.219255104660986 270.33204092085361 58.345175594091415 17.940607883036137 12.41424433141947 11.003860816359518 29.192098751664162 30.423829600214958 25.531061425805092 22.333922505378723 145.61447780579329 78.174626998603344
leaf_count=2007 907 336 114 119 172 300 228 2736 121 427 132 376 96 2171 342 152 85 90 185 204 185 126 987 543
internal_value=0.0001248 0.000408161 0.00251217 0.00712432 0.001555 3.41392e-05 0.00113644 0.00151021 0.000914268 -0.0005617 0.00323663 -0.000854877 -0.000558075 -0.000893062 0.000215305 0.003239 -0.00246053 0.00324112 0.0060625 0.000986897 0.00146171 0.00424787 0.000518414 -0.00185467
internal_weight=1819.28 1610.21 240.179 37.9516 202.228 1370.03 480.403 451.991 399.247 889.628 61.456 828.172 772.08 711.728 417.978 60.352 293.75 23.4181 42.4114 360.423 329.999 80.6791 249.32 103.706
internal_count=13141 11134 1312 233 1079 9822 3421 3193 2857 6401 432 5969 5542 5109 2763 433 2346 175 281 2387 2183 468 1715 728
is_linear=0
shrinkage=0.01


Tree=202
num_leaves=25
num_cat=0
split_feature=271 39 233 95 136 270 111 306 109 45 71 65 185 195 33 52 36 125 59 50 226 234 257 144
split_gain=9.17426 9.87141 9.76379 12.86 11.5126 9.07679 8.05382 10.0545 8.3256 10.1538 14.3219 11.1131 10.8792 12.5333 12.5003 12.3071 11.7939 11.4164 9.78213 9.75086 12.0592 10.6775 9.34436 9.0466
threshold=0.052674495872370851 0.024828566060776856 0.70401793721973105 -1.3613266129683015 0.2083514966579483 0.062203211739399057 0.76125034472216002 0.70301258104561659 2.2163455206291207 2.5000000000000004 1.8389733079629436 2.5457529374021313 0.758774630541872 0.020513359983168528 0.033745055519837856 66.500000000000014 0.015939141982793465 0.11407368790951414 4.7208730303473709 12.500000000000002 0.035131799347615275 0.059592784284840557 105.50000000000001 0.0072332967090461995
decision_type=2 2 2 8 2 2 8 2 10 2 8 8 8 8 2 2 2 10 10 2 2 2 2 10
left_child=1 2 -1 4 -4 -3 7 -2 9 10 11 12 14 15 23 -14 17 -17 -10 -16 -21 -22 -23 -8
right_child=6 5 3 -5 -6 -7 8 -9 18 -11 -12 -13 13 -15 19 16 -18 -19 -20 20 21 22 -24 -25
leaf_value=0.0034308000223627119 -0.002797170285751981 -0.0042642109471727405 -0.0017354925464603979 -0.0033732004450583598 0.0098066976311072633 0.0051205294398578493 -0.0011039454884875853 0.0061697311130101988 0.0052848930817694043 -0.0018140319641457895 0.0020846187976469861 -0.0027948527573170294 -0.0050177535150847073 -0.0054174250448433114 -0.0039078225877221817 0.0087289825260859245 -0.00067833519790525248 0.00071014471465273663 -0.0029691612124740831 0.0081601421637367763 -0.0042745696796427004 0.0082265756576101572 0.00011994168909535948 0.0054454233881433989
leaf_weight=55.347523912787437 14.884723842144011 123.34318871051073 16.336690187454227 92.016687050461769 13.713169701397417 8.7580270096659643 25.419611662626266 44.865129411220551 58.476510122418404 238.80426550656557 359.809894554317 144.43186685442924 41.168215341866016 50.47932443022728 45.6834527105093 27.906438283622265 177.05543722212315 44.070666879415512 16.543611787259579 18.799468420445919 36.03375032544136 16.235800668597221 57.225725516676903 95.994021534919739
leaf_count=419 101 1108 138 775 103 84 177 303 377 1893 2329 1157 323 348 311 194 1181 316 128 118 232 99 354 612
internal_value=5.87049e-05 -0.00150136 4.27351e-05 -0.00152848 0.00389306 -0.00353985 0.000380542 0.00389421 0.000228163 4.77075e-05 0.000442015 -0.000318744 0.000251847 -0.000960663 0.00164947 -0.000136982 0.000713347 0.00404602 0.0034098 -7.38114e-05 0.00133878 -1.17078e-07 0.00216439 0.0040722
internal_weight=1823.4 309.515 177.414 122.067 30.0499 132.101 1513.89 59.7499 1454.14 1379.12 1140.31 780.504 636.072 340.68 295.392 290.201 249.033 71.9771 75.0201 173.978 128.295 109.495 73.4615 121.414
internal_count=13180 2627 1435 1016 241 1192 10553 404 10149 9644 7751 5422 4265 2362 1903 2014 1691 510 505 1114 803 685 453 789
is_linear=0
shrinkage=0.01


Tree=203
num_leaves=25
num_cat=0
split_feature=153 153 20 151 107 117 173 68 82 131 235 94 94 108 28 294 128 263 284 177 177 77 103 262
split_gain=9.00372 16.1352 11.636 9.86542 10.6094 10.3001 12.5 10.0685 8.78181 8.46826 8.83467 10.5484 8.31419 8.20227 10.8856 8.98132 11.9746 8.79634 8.64838 7.96832 8.74782 10.5019 7.81385 7.59051
threshold=0.049443833272216117 0.045084975438992723 1.0800916303881238 0.088094314213325434 0.29080678368324925 1.2192357439006514 1.0000000180025095e-35 114.50000000000001 0.67774733370011997 1.804052230354825 0.0033500931516688742 0.66009869572868862 0.41298222795798573 1.3507260831866736 0.21769185202170757 -0.057262852863988016 1.107985863308816 1.2729696527160954 0.039225206344277959 7.1689578743750593 7.3366820743085164 2.4960986385188284 1.0819490767496542 0.13936792485260366
decision_type=10 10 10 10 10 10 10 2 8 8 2 10 10 10 2 2 8 8 10 8 10 10 10 10
left_child=1 2 3 4 9 19 7 -7 -4 10 12 -12 -1 15 -15 16 -5 -17 -16 23 -21 22 -22 -6
right_child=-2 -3 8 13 5 6 -8 -9 -10 -11 11 -13 -14 14 18 17 -18 -19 -20 20 21 -23 -24 -25
leaf_value=0.0042191609448683776 -0.0029948580932992485 0.010008720944206927 0.0008184241153324092 0.0067294040319422011 0.0084788333786527965 0.014532229080755514 -0.0010060437224130522 0.0045742297253498557 0.010919963369566282 -0.00044369819544268045 0.001635020238669428 0.0085626224636666422 -0.0043342134363798064 0.0075219112703124313 -0.0048271833204382841 -0.0039553423329565787 -0.0022775608081835532 0.0035108844062040766 0.0045958667946359617 -0.0058364265903647619 0.00036531757110264948 -0.0036286669278521632 0.0098760294518517987 -0.00058910399898263793
leaf_weight=13.033306151628492 89.514900714159012 13.803585447371004 18.718026928603649 20.511672675609589 18.051293909549713 14.218207180500029 20.848843716084957 37.82323157787323 14.347242645919321 925.2671487480402 188.74948078393936 22.580521479249001 38.431296668946743 18.491448946297169 23.384681597352028 184.22144144028425 37.370829455554485 14.923833005130289 12.724142007529734 23.640632107853889 20.181882053613663 24.637734562158585 12.892164245247839 15.568700857460497
leaf_count=76 827 116 129 170 112 80 133 214 93 6597 1189 146 252 131 166 1593 304 122 89 161 122 180 84 113
internal_value=4.70256e-05 0.000209241 0.000113673 -5.57368e-06 0.000358375 0.00254787 0.00541488 0.00792457 0.00574681 6.06021e-06 0.00158122 0.00248369 -0.0020421 -0.00160444 0.00183486 -0.00235101 0.00106305 -0.00334932 -0.00138771 0.000634942 -0.00106265 0.00105821 0.00458858 0.00453319
internal_weight=1823.94 1734.42 1720.62 1687.55 1375.92 187.863 72.8903 52.0414 33.0653 1188.06 262.795 211.33 51.4646 311.628 54.6003 257.028 57.8825 199.145 36.1088 114.972 81.3524 57.7118 33.074 33.62
internal_count=13199 12372 12256 12034 9459 1199 427 294 222 8260 1663 1335 328 2575 386 2189 474 1715 255 772 547 386 206 225
is_linear=0
shrinkage=0.01


Tree=204
num_leaves=25
num_cat=0
split_feature=153 153 20 153 148 297 262 299 136 285 275 296 116 41 98 85 196 188 311 213 155 121 106 120
split_gain=9.7756 14.1818 11.7904 9.20718 8.48026 8.34312 8.21261 7.78203 10.037 7.50073 7.13156 10.3444 9.86107 9.28351 9.39041 7.69939 7.61904 11.6603 8.1176 8.04876 8.69574 13.5582 7.19733 12.4977
threshold=0.049443833272216117 0.045084975438992723 1.1929571380128337 0.01564247762863535 0.16827701020662189 0.032454413718149992 1.0202925994437153 -0.034700391520743161 0.16377808482518325 0.045932707274301592 0.17159763313533319 1.6660917263044814 -0.34755037523993032 22.500000000000004 23.500000000000004 19.371956310697417 0.3632996632996634 0.43291275580858596 -0.13322798990769361 -0.18685633423236897 0.060331143951833616 -1.5476225722045802 0.73407260886210179 0.80910960197290394
decision_type=10 10 10 10 10 2 10 2 2 2 2 2 10 2 2 2 8 10 2 2 10 10 10 10
left_child=1 2 3 6 5 7 10 8 -5 -6 13 12 -12 -1 -15 16 18 -18 19 20 -16 -22 23 -17
right_child=-2 -3 -4 4 9 -7 -8 -9 -10 -11 11 -13 -14 14 15 22 17 -19 -20 -21 21 -23 -24 -25
leaf_value=-0.0073282647136826478 -0.0030562228226840276 0.0093388161571075299 0.0072176264359344764 0.0078406994042701603 0.0012783692983519173 0.0064262542722045516 0.0071458932985717614 -0.003153993700437585 -0.002749211641489916 -0.0068667526019555933 0.00085020198869881919 -0.0020756310989129664 0.010616190566557415 0.0052625407435524995 -0.0055444475705311285 0.0012512464345381849 0.008251691848904846 -0.0023750322763257969 -0.0071861683133761624 0.0052577394011926485 -0.0058861489747886221 0.0068603654665455975 0.0022290473197624865 -0.00091961290303453635
leaf_weight=13.664146319031714 89.03214530646801 14.317099340260027 20.772213630378246 14.998606622219087 13.430185995995997 12.638909734785555 14.772145465016363 73.950797498226166 15.603125289082525 45.853366188704967 19.520354948937893 20.221321254968643 21.178702287375927 33.083154939115047 41.859648361802101 472.27896812558174 13.891571596264837 24.422402799129486 33.929426245391369 12.232665546238421 11.964208632707598 16.364655636250973 171.88639885932207 597.29137118160725
leaf_count=108 824 119 140 119 114 106 104 642 138 399 142 146 146 247 334 2985 100 183 266 88 88 130 1170 4324
internal_value=0.000121869 0.000290737 0.000199341 0.000100808 -0.00204175 -0.000437794 0.00035381 -0.00142499 0.00263604 -0.0050312 0.000273073 0.00354662 0.00631641 0.000127462 0.000213844 8.30431e-05 -0.00199925 0.00175696 -0.00325704 -0.00144221 -0.00278281 0.00139885 0.000347246 3.87838e-05
internal_weight=1819.16 1730.13 1715.81 1695.04 176.475 117.191 1518.56 104.553 30.6017 59.2836 1503.79 60.9204 40.6991 1442.87 1429.2 1396.12 154.665 38.314 116.351 82.4212 70.1885 28.3289 1241.46 1069.57
internal_count=13162 12338 12219 12079 1518 1005 10561 899 257 513 10457 434 288 10023 9915 9668 1189 283 906 640 552 218 8479 7309
is_linear=0
shrinkage=0.01


Tree=205
num_leaves=25
num_cat=0
split_feature=153 153 32 132 131 69 76 156 114 297 299 107 239 138 237 107 101 65 299 177 291 116 177 115
split_gain=10.6589 14.1536 10.5147 9.78838 13.0339 11.0035 13.8617 10.3512 10.1796 7.99086 7.9887 8.08429 7.76117 7.7307 7.39522 7.21314 11.8427 9.34447 8.214 10.8736 8.27722 10.8739 7.89808 12.0703
threshold=0.049443833272216117 0.045084975438992723 0.0014316399604838677 0.016404655648000723 1.0291360320471574 0.13947106914664839 1.0206999065000713 1.0000000180025095e-35 1.0397670966135726 0.024611088762878233 -0.04535265071378252 -0.39331234282575706 1.3264003220036897 0.057674936127814165 -0.17342353208603281 -0.085530948033653478 -0.68681816343910274 2.8546955655988651 -0.047063516272085264 7.1411002451938073 1.647764036240823 -0.11875088333974936 7.1946424212887115 -0.66388052047224322
decision_type=10 10 2 2 8 8 10 8 8 2 2 8 10 2 2 8 8 8 2 10 2 10 10 10
left_child=1 2 3 4 9 6 15 -7 -8 14 11 13 -5 -4 -1 17 22 18 19 -6 21 -21 23 -17
right_child=-2 -3 10 12 5 7 8 -9 -10 -11 -12 -13 -14 -15 -16 16 -18 -19 -20 20 -22 -23 -24 -25
leaf_value=0.0064272633722674503 -0.0032361489169209908 0.0096281844050262362 -0.00069666242597686795 0.0014241163745954738 -0.0032526458264691888 0.0075584770358489029 -0.0043489169305343843 0.00086451965449859411 0.0022239417690051444 0.010661688718549169 -0.0036057868132447924 -0.0042639830625241081 0.0080138319344208279 0.01102742136330455 -0.0028964652642718435 0.0018133404226097186 -0.0012873485702644678 -0.0045871411326231836 -0.0012208378366242115 0.0023072527661152469 -0.0022011553024718616 0.01257987134809359 0.00090925638448162384 0.0099235889471189134
leaf_weight=13.735689140856264 88.726967431604862 13.157815322279928 9.6211878210306185 390.97167897969484 21.629672035574913 27.84511587023735 136.63879915326834 99.160636134445667 26.29384783655405 14.16183792799711 112.26249718666077 10.363982528448107 16.187036566436291 9.2781235501170141 14.856464542448522 56.484409764409065 164.46957878023386 60.329949960112572 269.10332185775042 27.038049176335335 11.833429694175718 16.015246622264385 183.07587294280529 25.944745808839798
leaf_count=80 825 110 90 2385 146 190 1149 687 187 84 1134 102 105 90 92 364 1253 476 1876 178 87 106 1194 165
internal_value=8.83116e-05 0.000264376 0.000176263 0.000412769 -5.2681e-05 -0.000265152 -0.000620363 0.00247314 -0.00326217 0.00518821 -0.00240635 0.00207548 0.00174227 0.00570129 0.00172656 -9.49318e-05 0.000803803 -0.0010483 -0.000395316 0.00243504 0.00474369 0.00669263 0.00210287 0.00462344
internal_weight=1819.19 1730.46 1717.3 1575.78 1168.62 1125.86 998.857 127.006 162.933 42.754 141.526 29.2633 407.159 18.8993 28.5922 835.924 429.975 405.95 345.62 76.5164 54.8867 43.0533 265.505 82.4292
internal_count=13155 12330 12220 10804 8314 8058 7181 877 1336 256 1416 282 2490 180 172 5845 2976 2869 2393 517 371 284 1723 529
is_linear=0
shrinkage=0.01


Tree=206
num_leaves=25
num_cat=0
split_feature=99 69 149 109 75 83 229 11 174 303 306 200 308 81 229 323 123 13 232 125 75 244 293 129
split_gain=8.92731 12.1102 9.69084 15.2597 12.0416 11.5525 12.254 10.4604 10.2763 14.2706 12.5251 11.9237 10.8824 10.1544 10.0749 10.0184 10.0808 9.69864 9.57299 9.48396 8.65475 8.5395 11.8479 8.28657
threshold=1.2991274216249038 0.31959780962330558 0.086628386253162409 1.0213859543395061 0.42798048920673565 1.0402058046671585 -0.11135555128401363 0.47118238897844938 73.231527777777799 -0.0022933389178634192 0.63991525562624962 0.88461753228905449 0.0012126105716727261 1.2139125783121443 -0.20037386823417846 188.50000000000003 -0.10896092029255984 0.66542380815634095 0.98086897047011734 1.2219874922180727 -0.4973526629076383 0.015972222222222224 -0.0034692133641440396 2.2401805993707531
decision_type=10 10 8 10 8 10 2 10 10 2 2 2 2 10 2 2 10 10 2 10 10 2 2 8
left_child=1 2 5 14 7 15 8 13 11 20 -11 12 -7 19 -4 18 -17 -9 -1 -5 -10 22 -3 -23
right_child=-2 21 3 4 -6 6 -8 17 9 10 -12 -13 -14 -15 -16 16 -18 -19 -20 -21 -22 23 -24 -25
leaf_value=0.0082610488760650001 -0.0049252422779318969 0.00017948848220548594 -0.0037650006134280307 0.0019232118820082511 -0.001238835945919062 0.0073349167226396481 -0.0024995598716806423 0.0047415027107469802 0.0040345577367799316 -0.00015399572443875145 0.0094037182010136208 -0.0034012717071158966 -0.0028102807098350818 0.0075340193731595088 -0.00030771159996054154 0.0011330434244203242 -0.0041805130997650446 -0.0027916793387872201 -0.00061639997817720059 -0.0023631515932225219 -0.0044142909252946304 -0.0033332349981271044 0.01272270803679381 0.0053297690072536194
leaf_weight=18.824187509715557 32.975614339113235 12.475779712200167 194.28244406729937 380.83957724273205 367.66988341510296 29.49503979831934 36.937374420464039 17.746903449296951 26.820434033870697 16.561892174184322 69.289056926965714 36.006083630025387 13.689590118825434 25.786377809941769 149.38964396715164 59.848639212548733 81.39356092363596 100.07425503432751 26.393236480653286 56.980361856520176 17.65827701985836 20.044893816113472 17.159532621502876 18.514318950474262
leaf_count=113 307 85 1596 2455 3044 170 233 121 153 104 421 216 85 146 1191 363 568 767 168 389 119 141 115 135
internal_value=1.76459e-05 0.000116712 -4.91961e-05 -0.00048356 0.00017071 0.00124027 0.00264991 0.00106547 0.00358378 0.00528248 0.00760262 0.000689685 0.00412196 0.00174126 -0.00227992 -0.000629417 -0.00194403 -0.00156371 0.00332812 0.00135143 0.000595337 0.0041634 0.00795095 0.000882214
internal_weight=1826.86 1793.88 1725.69 1292.77 949.097 432.917 246.458 581.427 209.52 130.33 85.8509 79.1907 43.1846 463.606 343.672 186.46 141.242 117.821 45.2174 437.82 44.4787 68.1945 29.6353 38.5592
internal_count=13205 12898 12422 9709 6922 2713 1501 3878 1268 797 525 471 255 2990 2787 1212 931 888 281 2844 272 476 200 276
is_linear=0
shrinkage=0.01


Tree=207
num_leaves=25
num_cat=0
split_feature=32 85 127 5 181 109 122 76 111 312 150 109 249 157 116 14 165 123 143 126 143 315 111 199
split_gain=10.5738 10.6932 10.0613 8.71556 10.6368 9.33319 13.1069 9.27117 11.9791 10.5201 9.27463 17.2043 9.47414 9.25277 9.17467 9.95673 8.98275 10.8346 8.86797 12.539 8.57598 10.3081 9.81986 10.9564
threshold=0.0015637226134585292 181.26176811803586 -0.26706397127344267 -2.8712440139818409 0.053944638567372798 2.2683624778100966 0.64143503934520274 1.0709263755307594 0.68216790160730423 -0.45578497165560977 0.16650732950924158 1.7118987075832521 0.037749287749287756 0.18430384471817843 0.24292021814353493 0.33483230404853109 177.94784143518521 1.2790148736411326 0.046994206390179552 0.42058987623734456 0.019249295983400031 -0.070329361981369687 1.9095830258713862 -0.69218033120560751
decision_type=2 2 10 2 2 10 8 10 8 2 10 10 2 8 10 2 2 8 10 10 10 2 8 2
left_child=3 2 -2 4 -1 7 -7 8 -5 10 11 14 -13 -8 16 -16 -10 -18 20 -20 -11 22 23 -22
right_child=1 -3 -4 5 -6 6 13 -9 9 18 -12 12 -14 -15 15 -17 17 -19 19 -21 21 -23 -24 -25
leaf_value=0.006791290350011127 -0.00084889592026137189 0.0064846760911518647 -0.0063606840621361913 0.0076218695432719117 0.0010815028805111415 0.010371755407542625 0.0031793541590261977 -0.0021272371691176991 0.0037188694904823519 0.00047492914249191618 -0.0052088771094535606 0.011249577955448462 0.000351852918802677 -0.0061765696763079123 0.0066697338922843078 -0.0031963881297796502 -0.0014546068885461622 -0.0065136320135952023 0.0013362056691932961 -0.0082486537783135368 0.0043798254707421522 -0.0040086525530511194 0.0079704467811020745 -0.0056468617303604756
leaf_weight=34.859866380691528 76.875790446996689 9.4871483072638494 57.451466098427773 18.046711415052414 263.18239437788725 17.091213442385197 35.925057254731655 217.33862353116274 19.711113944649696 575.07668267190456 52.655850261449814 14.28623626381159 15.659699402749537 11.690216571092604 22.887275837361813 14.600209631025789 147.5011525824666 58.420828394591808 26.945529207587242 23.20956975966692 32.555733814835548 13.226280547678469 44.783392697572708 12.952437594532965
leaf_count=197 766 85 602 118 1625 93 268 1816 140 4083 438 85 97 89 139 109 949 476 165 143 193 88 290 89
internal_value=4.29294e-05 -0.00253131 -0.00329654 0.000268787 0.0018105 -6.78085e-05 0.00355643 -0.000254922 0.000121172 -2.36347e-05 -0.00145423 -0.000732687 0.00610581 0.000643917 -0.00157168 0.00284764 -0.00233662 -0.00296381 0.000656677 -0.00328456 0.000961935 0.00357298 0.0047828 0.00134106
internal_weight=1816.42 143.814 134.327 1672.61 298.042 1374.56 64.7065 1309.86 1092.52 1074.47 345.722 293.067 29.9459 47.6153 263.121 37.4875 225.633 205.922 728.75 50.1551 678.595 103.518 90.2916 45.5082
internal_count=13143 1453 1368 11690 1822 9868 450 9418 7602 7484 2433 1995 182 357 1813 248 1565 1425 5051 308 4743 660 572 282
is_linear=0
shrinkage=0.01


Tree=208
num_leaves=25
num_cat=0
split_feature=153 162 120 106 108 87 104 3 210 191 21 33 159 85 85 214 147 88 294 259 33 198 230 320
split_gain=9.11944 13.5181 9.93018 8.79255 9.34081 13.4144 9.02239 8.81873 8.1834 12.8753 11.6896 12.038 9.41385 10.3616 8.16283 8.03082 7.94957 11.0058 9.43143 8.21523 12.5236 8.92083 11.9427 10.942
threshold=0.049443833272216117 0.043557312252964435 0.80910960197290394 0.73642470740470445 0.081715075581360472 1.9274232492296846 37.500000000000007 2.5780544862012449 0.073968855218855226 -0.21698899755954318 0.24401235706784244 0.055099229774554455 0.17839106712346151 97.412949806413963 69.284146028991145 110.50000000000001 0.1747280383670605 0.32327517368500042 -0.066068028606934767 -0.15286751032336618 0.03778703649464004 43.500000000000007 265.50000000000006 -0.16259157690789602
decision_type=10 10 8 10 10 8 2 2 2 10 10 2 10 2 2 2 8 8 2 10 2 2 2 2
left_child=1 2 15 8 -5 14 7 -7 9 -4 12 -12 -11 -14 -6 -1 18 -18 -10 21 -21 -19 -23 -24
right_child=-2 -3 3 4 5 6 -8 -9 16 10 11 -13 13 -15 -16 -17 17 19 -20 20 -22 22 23 -25
leaf_value=0.00035088310029768554 -0.0029718110126283137 0.0037567011247149418 -0.0029389445901480578 -0.0038710501461888297 0.009110230087394337 0.0060117679322920373 0.0070810359440751673 -0.0017887657324047869 0.003502012177041075 -0.0017693333188085786 -0.0028656609767441065 0.0071746755559675048 0.0091191770557042702 -0.001217450766825619 0.0018593019278559369 0.0029721751084052662 0.0091295971946930947 -0.0031434678862208658 -0.0027294237111686543 0.011772479108089512 -0.0014319136723240169 0.007460641406253174 0.005483434736642926 -0.0049717687973934079
leaf_weight=438.0576624199748 89.394098043441772 100.80693183839321 338.56035218387842 29.264521487057209 30.818063512444496 13.822706922888754 13.665435396134852 108.58536133915186 27.979812666773796 19.795894585549831 91.527682848274708 10.884232349693773 30.936476066708565 12.518344722688196 33.032009072601795 157.62190117686987 15.338592052459715 55.583056129515171 113.47620653361082 12.523214720189573 12.231544539332388 23.378141708672047 12.895323067903513 24.786757424473766
leaf_count=2876 832 683 2561 234 222 87 95 838 212 145 781 85 218 81 218 976 106 405 900 84 83 161 89 175
internal_value=9.13328e-05 0.00025499 3.12779e-05 -0.000561305 0.00115418 0.00193868 0.000127697 -0.000783477 -0.00105489 -0.00182829 0.000446817 -0.00162416 0.003741 0.00622761 0.00561316 0.001057 0.000254437 0.00179311 -0.00144518 0.000826139 0.00573564 -0.000318911 0.00226191 -0.00123535
internal_weight=1817.48 1728.09 1627.28 1031.6 229.188 199.924 136.074 122.408 802.416 504.223 165.663 102.412 63.2507 43.4548 63.8501 595.68 298.193 156.737 141.456 141.398 24.7548 116.643 61.0602 37.6821
internal_count=13147 12315 11632 7780 1694 1460 1020 925 6086 3871 1310 866 444 299 440 3852 2215 1103 1112 997 167 830 425 264
is_linear=0
shrinkage=0.01


Tree=209
num_leaves=25
num_cat=0
split_feature=5 5 5 232 124 292 100 131 282 321 217 84 75 105 99 279 217 262 220 4 323 293 64 129
split_gain=8.55212 9.19203 9.94474 8.97746 11.2608 10.4936 9.67989 7.36494 15.4978 9.36185 10.99 10.4482 9.86249 8.92836 10.9397 9.78174 8.94763 10.8855 9.0853 8.36382 9.92873 10.299 9.87386 11.7519
threshold=-2.9065284865735039 -2.8712440139818409 -2.8935132521978844 2.7241120743786311 8.5000000000000018 -0.0034691164778374085 0.99844338237673147 1.1296400249269674 0.035023017428616847 4.5000000000000009 0.91188235294117659 -0.58422633735786744 -0.52417242702899236 1.3170776672811495 1.0805362307702719 0.088120710283336359 0.68091632946090597 0.71346082310386227 0.49866310160427813 446.23297683631364 420.50000000000006 -0.0027434893873250032 0.90588721701253971 -0.18488843283487943
decision_type=2 2 2 2 2 2 10 8 10 2 2 2 8 10 8 10 2 10 2 2 2 2 10 10
left_child=-1 2 -2 5 -5 -4 -7 8 -3 10 19 -11 -13 16 15 -15 17 18 -14 20 22 -22 23 -9
right_child=1 7 3 4 -6 6 -8 9 -10 11 -12 12 13 14 -16 -17 -18 -19 -20 -21 21 -23 -24 -25
leaf_value=-0.0025497513968638246 -0.00059757085077777729 -0.00055539790863146684 0.0075427532681514933 -0.0046609596924582193 0.0038055499199998815 -0.00017895091356944688 0.0063157844566307754 0.0090146661590172431 0.0093471030239069049 -0.0055617313311924991 -0.0050241650997957243 0.0030526414608843121 -0.00015000479660664531 0.0017606012239656365 -0.0030667220838753763 0.011205698249741389 -0.002164846902578042 -0.0050424865385884192 0.0046500644414429098 0.0086995862555911529 -0.0002827989540690209 0.0054338168822444981 -0.0023807395539937807 0.00051834325237085153
leaf_weight=117.14052636176348 118.64642740041018 42.029300451278687 57.1807681620121 28.115387871861458 29.034898065030575 64.385156273841858 32.445478267967701 15.304979532957075 22.047146715223789 43.345293685793877 27.163203626871109 62.904272638261318 143.04269807785749 37.827374368906021 24.273011036217213 13.678306266665457 449.38768298178911 30.171432763338089 51.316062524914742 11.7427786514163 50.315590731799603 78.920748122036457 110.68556452542543 166.53846322000027
leaf_count=1156 1002 257 291 181 160 336 178 115 127 295 220 368 1006 251 205 89 3419 244 341 89 347 546 865 1128
internal_value=3.06261e-05 0.000211862 0.0017044 0.0029933 -0.000366228 0.00423045 0.0021051 -0.000146698 0.00308884 -0.00031124 0.000833771 -0.000929383 -0.000662535 -0.00098595 0.00220753 0.00474209 -0.00135429 0.000270331 0.00116095 0.00123346 0.000966398 0.0032423 -5.71618e-05 0.00136656
internal_weight=1827.64 1710.5 329.808 211.162 57.1503 154.011 96.8306 1380.69 64.0764 1316.62 460.671 855.946 812.601 749.697 75.7787 51.5057 673.918 224.53 194.359 433.508 421.765 129.236 292.529 181.843
internal_count=13216 12060 2148 1146 341 805 514 9912 384 9528 3310 6218 5923 5555 545 340 5010 1591 1347 3090 3001 893 2108 1243
is_linear=0
shrinkage=0.01


Tree=210
num_leaves=25
num_cat=0
split_feature=153 153 5 121 146 180 308 209 107 147 48 117 127 149 11 262 129 156 71 308 83 209 36 131
split_gain=9.24102 11.9155 9.47459 9.24592 8.96352 8.95589 9.9313 8.94615 8.9259 11.1716 14.2336 12.1951 11.0323 9.77357 9.6637 11.5488 9.39245 8.70919 11.7743 8.0759 9.66002 12.7506 12.3636 10.4423
threshold=0.049443833272216117 0.045084975438992723 -2.9065284865735039 -2.2749236555014396 0.15031677292593931 4.0028901734104059 -0.0016583683969223601 0.45346320346320351 0.79206313013225027 0.14976909489454981 208.50000000000003 0.52109632555326413 0.82623582540166329 0.087889098349349409 0.71515915193318114 -0.55134470075583264 1.9122484731426848 1.0000000180025095e-35 1.6063597637685498 0.0026495109828443162 1.0852799165670146 0.86381818181818193 0.035321432700658496 1.5262336530285681
decision_type=10 10 2 8 10 2 2 2 10 10 2 8 10 10 8 10 10 10 10 2 10 2 2 8
left_child=1 2 5 4 -4 -1 -7 -5 9 10 17 13 -10 19 15 -13 -14 18 -9 20 23 22 -22 -11
right_child=-2 -3 3 7 -6 6 -8 8 12 11 -12 14 16 -15 -16 -17 -18 -19 -20 -21 21 -23 -24 -25
leaf_value=-0.0051578265871196176 -0.0030328171460426573 0.0086419775279703258 0.01037433168135686 0.0048498523114715569 0.00034681304934966592 0.0084907457285951851 -0.0017892801190787667 -0.0018091351402192471 0.0067386022753456237 0.0060664654193375144 0.0084577214801022302 0.0087461023728850409 -0.0061552085136703152 -0.0031441413758846988 -0.004023864533283566 0.0012418954596524797 0.0034778356550940921 -0.0022129958091799051 0.010506655468748688 -0.0029084448715892652 -0.00095809767545626632 0.011467575604620093 0.0082410654242798271 -0.0030286967807483167
leaf_weight=59.920461602509022 87.760967373847961 13.893681094050406 15.109412565827368 38.157045878469944 18.54624529927969 9.2680577114224416 39.081887938082218 16.888832189142708 41.042943395674229 13.107755057513712 11.1844000890851 18.497087851166725 14.890945151448248 133.5836494192481 30.64716063439846 659.7487274184823 20.739200472831726 369.04627478122711 10.386871114373205 54.492007240653038 48.877724401652813 14.490260146558283 17.627176344394684 58.12136859446764
leaf_count=613 820 114 89 253 105 85 367 143 279 76 76 112 111 1031 246 4345 146 2865 71 339 287 85 103 383
internal_value=7.97277e-05 0.000243169 0.000160289 0.00035573 0.00533332 -0.0026632 0.00052332 0.000239059 0.00011491 -6.23772e-05 -0.00146236 0.000482894 0.00337777 -0.00106576 0.00122902 0.00148365 -0.000679061 -0.00180303 0.0033959 0.000296915 0.00148312 0.00379153 0.00170326 -0.00117289
internal_weight=1815.11 1727.35 1713.46 1605.19 33.6557 108.27 48.3499 1571.53 1533.37 1456.7 407.506 1049.19 76.6731 340.3 708.893 678.246 35.6301 396.322 27.2757 206.716 152.224 80.9952 66.5049 71.2291
internal_count=13144 12324 12210 11145 194 1065 452 10951 10698 10162 3155 7007 536 2304 4703 4457 257 3079 214 1273 934 475 390 459
is_linear=0
shrinkage=0.01


Tree=211
num_leaves=25
num_cat=0
split_feature=32 39 99 105 177 226 131 174 29 279 297 58 132 133 132 303 111 114 151 105 162 262 121 165
split_gain=8.70343 9.45249 8.09927 12.3932 8.97266 12.5303 8.54294 10.6821 11.6636 13.335 12.8029 8.19341 8.03254 9.78725 7.89798 7.26567 7.473 7.06527 11.4787 11.4419 10.6687 10.4959 9.36154 10.0453
threshold=0.0014316399604838677 0.057492589512293954 1.2991274216249038 1.3824999942590697 7.1995905206993074 0.024440019910403187 1.7967942003397843 67.886111111111134 0.3099912434325745 0.0062878143457893452 0.024037417602120494 0.54784115644111031 0.010132024289482856 0.019836201178934195 0.0093797632899225575 -0.0027605258144408453 1.6057170219793113 0.4783292139629774 0.0057224723700368407 -1.0000000180025095e-35 0.0031496141102712147 -0.44608193421377357 -0.75799473685632135 179.80538194444446
decision_type=2 2 10 10 8 2 8 10 2 8 2 10 2 2 2 2 8 8 10 8 10 10 8 2
left_child=2 -2 3 6 -5 -6 7 11 9 12 -11 -1 13 -9 -10 -13 -17 -8 19 -19 21 -20 23 -21
right_child=1 -3 -4 4 5 -7 17 8 14 10 -12 15 -14 -15 -16 16 -18 18 20 22 -22 -23 -24 -25
leaf_value=0.0049888981248570816 -0.0055808442830442787 -0.00039039171884214143 -0.0045766848928329067 0.0081596390788189425 -0.0035692782392068999 0.0051439312338184629 -0.0024875398417362874 0.0084275113323464528 0.0036841440644550124 -0.0029092988909042894 0.0067443805199120322 0.003384116010821656 0.010099395643302962 -0.0015423009672401288 -0.0051244954163347112 1.2473575569083202e-05 -0.0069091270448521673 -0.0019062345672743175 0.0031696491113392261 0.0026030241476218607 0.00029972168572603495 -0.0026175861257629902 -0.0007100498318045916 0.0088318894428313661
leaf_weight=16.057656474411488 51.547700650990009 101.53981997072697 31.115087546408176 29.572975531220436 25.613663502037525 36.723922073841095 118.83687743544579 15.828330427408217 14.498289622366427 33.959718205034733 19.080636031925678 15.027351371943949 42.228379651904106 19.00538919121027 22.091211013495922 27.212457455694679 32.785873576998711 50.037175804376602 32.834689013659954 78.254202805459499 654.06451844424009 269.61573424190283 38.948128297924995 39.524559013545513
leaf_count=90 566 985 288 199 187 239 831 101 93 212 116 89 232 119 132 160 211 313 215 455 4702 2103 288 224
internal_value=4.41648e-05 -0.00221443 0.000256118 0.00035668 0.00386737 0.00154876 0.00013975 0.00179076 0.00327786 0.00466055 0.000711712 -0.00093686 0.0072439 0.00325496 -0.00159456 -0.00235384 -0.00389507 -0.000194631 4.4227e-05 0.00216491 -0.000418188 -0.00196236 0.0034818 0.00486046
internal_weight=1816 153.088 1662.92 1631.8 91.9106 62.3376 1539.89 257.775 166.692 130.102 53.0404 91.0833 77.0621 34.8337 36.5895 75.0257 59.9983 1282.12 1163.28 206.764 956.515 302.45 156.727 117.779
internal_count=13150 1551 11599 11311 625 426 10686 1555 1005 780 328 550 452 220 225 460 371 9131 8300 1280 7020 2318 967 679
is_linear=0
shrinkage=0.01


Tree=212
num_leaves=25
num_cat=0
split_feature=5 5 232 152 17 253 186 181 174 79 193 116 60 267 309 83 19 116 84 189 71 21 158 71
split_gain=9.19308 13.9404 9.02743 11.5871 9.45055 8.65194 9.57956 9.21199 9.61662 8.40678 12.4182 11.4707 16.2494 10.6954 11.4442 10.5855 10.5676 13.7622 9.51849 9.17113 11.1389 8.4665 8.43142 8.42902
threshold=-2.8935132521978844 -2.8712440139818409 2.7241120743786311 0.022257607926397738 3.0445758672910923 137.50000000000003 0.022814018043025682 0.16022444700239311 53.953750000000007 94.443941843654088 0.77154105736782908 -0.16900300018275616 -134.89739962882197 0.97755286365775385 0.0038631183751139946 1.7580760782639837 -0.20861038796603698 -0.31746271758770994 2.298323446623197 -0.36068590009438467 1.3509324852503342 -0.47919896098777798 0.25348867397936009 1.2456346911122256
decision_type=2 2 2 10 2 2 8 2 10 2 8 8 2 2 2 8 10 10 2 10 10 8 10 10
left_child=-1 2 3 4 -2 9 -7 8 -8 10 18 15 22 23 -15 -11 17 -17 -3 -12 21 -21 -13 -14
right_child=1 5 -4 -5 -6 6 7 -9 -10 11 19 12 13 14 -16 16 -18 -19 -20 20 -22 -23 -24 -25
leaf_value=-0.001733148573054799 0.003790426310559212 0.0013011836747887067 -0.00056339216712889353 0.0097408675429093115 -0.0034047471093519035 -0.0033175668659137965 0.0018851699758903823 -0.0024573160235154151 0.010345224737762771 -0.0035509861341500317 -0.0040207411201415074 0.010890508770578334 -0.0045952487476987602 -0.00027226405947229729 -0.0056565876588227336 -0.00044579376622194407 -0.0024712525874253898 0.010729430273173799 0.0073275321562040977 0.0027858467714469972 0.0089187885662361886 -0.0045459307275995007 0.0025492348214206473 0.00056488956887275983
leaf_weight=236.18189723789692 105.74583280086517 62.62457612901926 58.197942122817039 26.457774288952351 19.48927703499794 16.587796606123447 27.594760902225971 12.848805092275141 27.392938770353794 198.05170460045338 46.659403912723064 13.193699762225149 30.894259385764599 89.008110508322716 69.144456349313259 26.520201571285725 51.526474200189114 15.566667541861532 44.919447869062424 32.773559167981148 13.203775286674498 25.378455646336079 64.989696733653545 507.68231709301472
leaf_count=2167 542 408 349 147 102 118 178 90 182 1371 339 77 247 706 574 174 415 97 273 203 88 206 423 3721
internal_value=9.47503e-05 0.000370124 0.00275254 0.00401823 0.00261214 1.21293e-06 0.00304967 0.00469167 0.00641828 -0.000203436 0.00153747 -0.000575652 6.13282e-05 -0.000428602 -0.00269084 -0.00225572 0.000497998 0.00408212 0.00395123 -0.000694935 0.00153686 -0.000459985 0.00430176 0.000244468
internal_weight=1822.63 1586.45 209.891 151.693 125.235 1376.56 84.4243 67.8365 54.9877 1292.14 225.559 1066.58 774.913 696.729 158.153 291.665 93.6133 42.0869 107.544 118.015 71.3558 58.152 78.1834 538.577
internal_count=13197 11030 1140 791 644 9890 568 450 360 9322 1517 7805 5748 5248 1280 2057 686 271 681 836 497 409 500 3968
is_linear=0
shrinkage=0.01


Tree=213
num_leaves=25
num_cat=0
split_feature=147 157 81 16 176 287 277 278 296 116 302 128 204 173 48 3 60 207 128 116 241 267 279 235
split_gain=8.30149 11.6183 11.5923 10.57 10.2532 9.72898 9.53258 13.4199 10.8047 10.6804 9.47246 9.17721 10.1647 9.04723 8.82705 8.57539 8.55507 8.38506 11.6302 8.34432 8.12847 8.03315 8.021 12.0699
threshold=0.1461861667744021 0.055867665418227221 0.94026772506820999 -0.079292508173225015 12.119267281275375 0.029549825903760936 0.095545771754851655 -0.0070886094122376312 0.76253516041236424 -0.51466181382958387 0.016110467864224574 0.95226786037921618 0.17451088962716874 0.00041666666666666669 211.50000000000003 2.4357855053276718 3.0129355367005952 0.11364472307209451 1.2175456456506737 0.12385030690706077 0.35000000000000003 1.0925558362450889 -0.032087351920855371 0.0051085651651965143
decision_type=8 8 10 2 2 2 8 8 2 10 2 8 2 10 2 2 2 2 10 10 2 2 8 2
left_child=1 13 5 21 16 20 8 -8 10 -10 -7 12 -11 -1 22 -12 -4 18 -6 -18 -2 -3 23 -5
right_child=2 3 4 14 17 6 7 -9 9 11 15 -13 -14 -15 -16 -17 19 -19 -20 -21 -22 -23 -24 -25
leaf_value=0.0090729726787343069 0.0060650609838193608 0.0069888789257731209 0.00063680972687336847 -0.0017926641320726198 0.0029086414175807287 -0.0033832755067640893 0.0054464534014508027 -0.0038651644553837458 -0.0012185370916387099 0.00098188810588165955 -0.0017424760070367203 -0.0013882280650615777 0.0086485272905431568 -0.001349483227584715 0.0063083019897876638 0.0066667384184365885 0.014042984830276013 0.0050051674436822277 -0.004433160012498309 0.0045038621722670834 -0.00058524378116246441 -0.00076200061127151342 -0.0027645265300242621 0.0038631599481955292
leaf_weight=17.488030403852466 15.998463705182074 23.566986367106438 21.713471002876759 123.38372035324574 40.826311998069286 41.388183511793613 18.426431804895401 54.407817214727402 25.727892324328423 23.836724504828453 19.60983382165432 14.415895178914068 72.890824384987354 12.753291264176367 10.897774152457712 24.846390254795551 14.784566953778265 33.889560423791409 39.813056707382202 29.481553219258785 737.31359817832708 25.653072081506252 322.20339004695415 50.969247534871101
leaf_count=127 102 133 132 1010 247 281 125 387 175 171 128 108 475 101 82 172 93 216 268 181 5170 153 2715 390
internal_value=0.000122185 -0.000853026 0.000589475 -0.00119116 0.0029098 0.000182407 0.00171168 -0.00138005 0.00273189 0.00444759 -4.70863e-05 0.00576575 0.00685128 0.00490862 -0.00162518 0.00305416 0.0059683 0.00103742 -0.000731536 0.00836596 -0.000420419 0.00310861 -0.0018362 -9.81512e-05
internal_weight=1816.29 586.916 1229.37 556.674 180.509 1048.86 295.55 72.8342 222.716 136.871 85.8444 111.143 96.7275 30.2413 507.454 44.4562 65.9796 114.529 80.6394 44.2661 753.312 49.2201 496.556 174.353
internal_count=13142 4711 8431 4483 1137 7294 2022 512 1510 929 581 754 646 228 4197 300 406 731 515 274 5272 286 4115 1400
is_linear=0
shrinkage=0.01


Tree=214
num_leaves=25
num_cat=0
split_feature=209 233 62 208 62 183 193 36 65 13 316 48 3 188 117 120 246 120 71 120 271 108 225 188
split_gain=9.07757 13.2549 11.2736 9.90784 8.75204 10.266 9.92326 9.4405 10.302 8.84257 10.291 8.71317 8.61087 10.6364 8.48133 12.1223 8.35511 8.14118 11.2768 10.8627 8.03297 7.56966 9.6559 7.43671
threshold=0.75895069640263191 0.76197221098070966 41.500000000000007 1.9026697648280009 170.50000000000003 -0.47802779554243208 0.85339080459770134 0.010186263959420962 2.5162791175791304 0.92262767545960822 -0.017304610918413513 57.500000000000007 1.1990896842415995 0.16590214067278289 0.30049970236228019 0.53635554339761815 0.84044446262254058 1.0954371565793799 1.7729890050861028 0.87755738769319813 0.037669917181714863 0.73143439543927313 0.85731835731835748 0.16722595078299779
decision_type=2 2 2 2 2 8 10 2 10 10 2 2 2 8 10 10 10 10 10 8 2 8 2 10
left_child=1 12 17 4 7 6 -6 11 14 -10 -11 -4 -1 -14 15 -9 -16 18 -2 -20 -3 -5 -23 -22
right_child=2 20 3 21 5 -7 -8 8 9 10 -12 -13 13 -15 16 -17 -18 -19 19 -21 23 22 -24 -25
leaf_value=0.0065877148844632628 -0.0031458820509077984 -0.0028329922012134408 0.0068540067246414703 -0.0041128144893307489 -0.00067181695483712906 0.010073526119729037 0.0074721349558211272 0.0047242686981620492 -0.0062446741898650746 0.0058186178199262639 -0.0033863705378382046 -0.0021837662790346367 -0.0031425724000560995 0.00051168318260437484 0.00086297279167288463 -0.0035394640420194955 0.0070463831448678675 -0.0066930638270567997 -0.0024617615740524907 0.010091851406226669 0.0088600602244798734 -0.0013771231843441947 0.0072288282823761716 0.0029289776783082951
leaf_weight=18.284980356693268 93.210740119218826 14.564595758914946 31.978592060506344 89.383593522012234 51.713443264365196 15.951248377561567 17.890060901641846 19.814741253852844 47.293097756803036 15.683424033224581 32.400874219834805 13.5441452935338 86.346369475126266 740.9067991822958 153.28135181963444 80.93795345723629 23.005218461155891 42.022815860807896 11.203944347798826 11.706286750733851 28.297963880002499 86.699389405548573 12.415184557437895 85.971518091857433
leaf_count=110 747 125 246 748 333 109 112 115 383 121 262 102 633 5171 1051 560 154 371 86 90 200 681 99 593
internal_value=8.57894e-05 0.00074413 -0.00066754 -0.000111057 0.000620441 0.00347925 0.00161836 1.32873e-05 -0.000520331 -0.00330515 -0.0002071 0.00417382 0.00028225 0.000119597 0.000458612 -0.00181953 0.00177448 -0.00305135 -0.00159662 0.00431907 0.0036963 -0.00205044 -0.000117863 0.00458566
internal_weight=1824.51 974.372 850.136 691.992 503.494 85.5548 69.6035 417.939 372.417 95.3774 48.0843 45.5227 845.538 827.253 277.039 100.753 176.287 158.144 116.121 22.9102 128.834 188.498 99.1146 114.269
internal_count=13202 6832 6370 5076 3548 554 445 2994 2646 766 383 348 5914 5804 1880 675 1205 1294 923 176 918 1528 780 793
is_linear=0
shrinkage=0.01


Tree=215
num_leaves=25
num_cat=0
split_feature=233 302 149 137 109 102 235 109 115 83 83 149 197 144 323 295 181 288 312 185 19 60 147 103
split_gain=8.90884 9.67215 7.80835 8.86999 8.53579 9.39585 16.1251 11.7758 11.5606 8.23021 11.1646 7.75095 15.4858 7.68213 7.8721 10.047 10.8831 10.6506 10.2089 7.71618 10.6083 8.84538 7.67067 7.2525
threshold=0.87513213530655409 0.011253877778378047 0.26401991614255771 0.25009593246354572 2.3487247349341756 0.64910327237399745 0.01112141826427541 1.679282783170992 -0.53584966079754481 3.0123048151610519 3.5013525619451138 0.21859194306773419 -0.21058461518344743 0.010462082930477774 410.50000000000006 0.20653722284104944 0.088389358111970309 -0.0058794722590309375 -0.30018563456625363 0.82630878438331867 -0.30384609389027856 -144.59514149190406 0.21927479125621543 0.97835722312047502
decision_type=2 2 8 2 10 8 2 10 10 10 10 10 10 10 2 2 2 2 2 10 10 2 10 8
left_child=1 2 4 -4 5 7 8 11 -7 -6 -11 -1 -13 -3 15 16 17 -15 -17 20 -16 -21 -18 -2
right_child=23 13 3 -5 9 6 -8 -9 -10 10 -12 12 -14 14 19 18 22 -19 -20 21 -22 -23 -24 -25
leaf_value=-0.00041299038193021642 -0.0002118082880684291 -0.001246086236261405 6.7833816796290312e-05 0.0085023085251784737 0.0080654904408494574 -0.0060910803293719234 0.0064212800036200961 0.0021797996312602091 -0.00048225828714864135 -0.0053482482551484361 0.0064072716569859465 -0.0073470972225507334 0.0039189188120765132 0.007252340526567278 0.0017781857908803981 -0.00041747345020903598 -0.0042597256450357564 0.00017055094343493935 0.010772158801134135 0.0039191216899828168 0.0086503612192060618 -0.0056121289543744077 0.001704391294777326 -0.0043624750533957759
leaf_weight=742.70261371135712 90.843184091150761 78.629306562244892 30.406212978065014 18.643246307969093 20.1285380423069 85.873482346534729 14.704633235931395 171.17123538255692 64.341129124164581 15.139951393008234 11.828413888812063 39.875633180141449 14.866384714841841 28.394232302904129 43.442816659808159 13.479573510587217 62.286349199712276 67.75290671736002 16.447074852883816 21.308596521615982 49.305659502744675 13.470753431320189 30.046467080712318 76.999804675579071
leaf_count=5222 638 618 232 123 139 781 117 1103 541 109 87 316 113 193 273 97 447 476 105 140 334 105 192 680
internal_value=1.19724e-05 0.000236568 -0.000212664 0.0035831 -0.000379434 -0.000557157 -0.00274262 -0.000177083 -0.0037488 0.00366619 -3.91127e-05 -0.000690191 -0.00422763 0.00153283 0.00217236 0.000990564 9.51518e-05 0.00242025 0.00610199 0.0041229 0.00559053 5.56126e-05 -0.00231535 -0.0021628
internal_weight=1822.09 1654.25 1229.68 49.0495 1180.63 1133.54 164.919 968.616 150.215 47.0969 26.9684 797.445 54.742 424.564 345.934 218.407 188.48 96.1471 29.9266 127.528 92.7485 34.7793 92.3328 167.843
internal_count=13181 11863 8883 355 8528 8193 1439 6754 1322 335 196 5651 429 2980 2362 1510 1308 669 202 852 607 245 639 1318
is_linear=0
shrinkage=0.01


Tree=216
num_leaves=25
num_cat=0
split_feature=271 270 196 90 224 254 289 296 315 136 44 114 109 307 168 155 89 307 279 90 217 299 216 287
split_gain=8.35304 12.4318 8.70488 8.42634 8.40298 7.5162 7.69053 10.6746 6.99623 6.87334 7.69743 11.9286 11.2745 12.1201 9.61777 9.45093 8.9896 8.10602 12.7 9.77893 7.93311 9.0877 8.97186 7.81655
threshold=0.052674495872370851 0.028253022199753439 0.65669642857142863 8.9400119303331547 2.0156351143878743 227.50000000000003 0.021400763441559837 0.90124074205799409 -0.17295238879334898 0.32339757506930766 15.500000000000002 0.82264628994014155 1.5585715578217496 -0.022767735367090019 130.50000000000003 0.0051903269546789282 4.1123232734439314 -0.01681489358614293 0.05898701945136859 3.5457015042440689 0.69907208523069009 0.028332601155201257 2.0474935788674542 -0.0084315592589699982
decision_type=2 2 10 2 2 2 2 2 2 2 2 8 10 2 2 8 10 2 8 2 2 2 2 2
left_child=1 -1 3 4 8 9 7 -7 -3 10 12 16 -2 -14 -13 -16 -12 18 -17 -19 -15 -22 -23 -21
right_child=5 2 -4 -5 -6 6 -8 -9 -10 -11 11 14 13 20 15 17 -18 19 -20 23 21 22 -24 -25
leaf_value=0.00014570706002257474 0.00030887041156278249 -0.0045787874551941506 0.0040992369228235372 0.0034820884113615463 -0.007833487405167032 -0.0046990480290421948 0.0083133901710292033 0.0060304003358395558 0.0037511104514521476 -0.0027810763371270216 -0.0051667838106999632 -0.0036276194049939432 -0.0016044125405120977 0.0013632434148476303 0.0075815552153325897 -0.0048353783165364555 0.0017282790228412288 0.0064437481989300487 0.0053650907243807848 0.0033758984869510724 0.0094091501755665524 0.0060274673577790606 -0.0039636565384330502 -0.0031238026037813333
leaf_weight=185.13762205839157 891.3920022547245 26.23565723747015 9.982967443764208 9.263454392552374 62.020949080586433 15.889073945581915 20.512167990207672 15.518228136003016 12.760574996471403 71.340836867690086 83.817401260137558 45.746520236134529 39.395719408988953 49.54816547036171 18.842298738658428 45.682346649467945 22.406464494764805 33.160413190722466 13.644470945000647 32.834647603332996 44.459761023521423 20.168723165988922 12.148503877222536 35.596898175776005
leaf_count=1513 6120 236 87 84 592 109 131 102 106 501 693 364 260 301 129 324 184 246 96 237 280 126 85 259
internal_value=1.5574e-05 -0.00148445 -0.00394763 -0.00476963 -0.00561059 0.000321417 0.0039598 0.000633293 -0.00175926 0.000183921 0.000342315 -0.000979735 0.000759653 0.0031323 0.000325363 0.00137765 -0.00369597 0.000526152 -0.00233519 0.00222484 0.00462011 0.00658563 0.00222613 0
internal_weight=1817.51 305.401 120.264 110.281 101.017 1512.1 51.9195 31.4073 38.9962 1460.19 1388.84 331.731 1057.11 165.721 225.508 179.761 106.224 160.919 59.3268 101.592 126.325 76.777 32.3172 68.4315
internal_count=13165 2618 1105 1018 934 10547 342 211 342 10205 9704 2532 7172 1052 1655 1291 877 1162 420 742 792 491 211 496
is_linear=0
shrinkage=0.01


Tree=217
num_leaves=25
num_cat=0
split_feature=233 176 297 131 228 95 66 127 128 286 300 294 228 294 175 174 255 50 108 302 102 10 297 145
split_gain=8.13868 10.2383 7.96932 10.1415 8.88978 13.8776 10.4634 10.5279 8.78587 8.49338 8.98736 7.60836 8.67961 7.43855 7.38601 11.1045 11.5523 14.0357 8.19569 12.4361 9.84703 9.40242 16.9659 8.25671
threshold=0.87513213530655409 12.829046545429577 0.016867989269012704 1.4035290376493259 0.25388642770841729 -1.2332972543665466 -65.432294089523296 0.24392873690215242 -0.25939695872661089 0.66023988690879754 0.24812030075076039 -0.0089901600932287256 0.23814874264312469 -0.12938778121325459 13.998066685997005 89.768472222222229 141.50000000000003 7.5000000000000009 1.1239895023371793 -0.017104979100433019 0.64910327237399745 1.1276181269452572 -0.0077444731108519778 0.070192083624621329
decision_type=2 2 2 8 2 8 2 8 10 2 2 2 2 2 8 10 2 2 8 2 10 2 2 10
left_child=2 -2 9 8 -5 6 -6 -8 -4 10 -1 12 -10 -7 15 18 17 -17 21 -20 -21 22 -11 -23
right_child=1 -3 3 4 5 13 7 -9 11 14 -12 -13 -14 -15 -16 16 -18 -19 19 20 -22 23 -24 -25
leaf_value=0.00086618795643934421 -0.0033890589846269272 0.0021438070674612546 -0.0015308781541482389 -0.0010024806635126136 -0.002201180871088412 0.0062398166786904671 0.0086029382106962149 0.0003817178725307484 0.0074828496937487552 0.0027441351537862702 0.0076957012059399475 0.0099917209445363336 -0.0024725716624277518 -0.0012904630133640615 -0.0013373326893335786 0.0070881093031219759 0.0086290898634350938 -9.868685256384032e-06 -0.002269555025991432 0.010021064781788339 6.7015520159488976e-05 -0.0016460050786181813 -0.0022395820429330403 -0.0072562451363271897
leaf_weight=75.722043372690678 125.61556745320559 42.788856692612171 16.016555055975914 157.09653733670712 15.558345623314379 12.274776279926298 55.602178744971752 21.965691946446896 14.473986737430097 123.13811412453651 23.637012004852295 28.667935140430927 15.39320734143257 96.086103491485119 445.10234254598618 31.579616412520409 22.446734316647053 144.63229026645422 28.295726768672466 22.638310953974724 16.694085441529751 104.33077175915241 146.35859756916761 33.799983598291874
leaf_count=546 975 349 103 1173 99 84 367 165 90 794 164 168 88 706 3382 243 142 1010 196 139 138 817 993 244
internal_value=0.000109567 -0.00196511 0.000324743 0.00148515 0.000766576 0.00214559 0.00491575 0.00638314 0.00477338 -8.94534e-05 0.00266951 0.00650585 0.00255191 -0.000290775 -0.000341465 0.000317638 0.00228648 0.00134881 -0.000511925 0.00263902 0.00610923 -0.00105179 3.87326e-05 -0.00314452
internal_weight=1819.92 168.404 1651.51 433.135 358.584 201.487 93.1262 77.5679 74.5517 1218.38 99.3591 58.5351 29.8672 108.361 1119.02 673.914 198.659 176.212 475.256 67.6281 39.3324 407.627 269.497 138.131
internal_count=13175 1324 11851 3043 2594 1421 631 532 449 8808 710 346 178 790 8098 4716 1395 1253 3321 473 277 2848 1787 1061
is_linear=0
shrinkage=0.01


Tree=218
num_leaves=25
num_cat=0
split_feature=153 105 75 172 281 144 148 229 48 148 311 308 159 145 82 29 55 61 5 240 115 281 104 144
split_gain=8.60646 13.9913 11.8678 11.2278 10.0702 12.8255 7.95913 8.73398 9.8327 7.80209 8.7392 8.7526 8.30338 7.11488 7.01395 6.90082 6.81783 6.83762 6.77862 9.47716 6.69403 11.9447 10.9634 9.43972
threshold=0.01564247762863535 0.96109023611504363 0.42798048920673565 2.2939583333333338 6.0597569070275714 1.0000000180025095e-35 0.15599583577330994 -0.18529952091846155 139.50000000000003 0.16827701020662189 0.079371703971731392 0.00017307393376027241 0.25644042232277531 0.051566846669939458 0.33828017075199751 0.26432004864170344 2.9428310747244364 425.08254844390257 -2.1380961714088813 1.654313323099829 -0.51655126540875618 4.8079794484701219 20.500000000000004 0.0059084323890314363
decision_type=10 10 10 10 2 10 10 2 2 10 2 2 10 10 10 2 2 2 2 2 10 2 2 8
left_child=1 2 20 -4 5 -3 -7 8 13 10 11 -2 -11 -8 -5 -6 17 -9 19 -13 23 22 -22 -1
right_child=9 4 3 14 15 6 7 16 -10 12 -12 18 -14 -15 -16 -17 -18 -19 -20 -21 21 -23 -24 -25
leaf_value=-0.0035727861616634245 -0.0026332338187278256 -0.0025256565632833499 0.0059475435795900925 0.0029108617282113058 0.0027310186768981486 -0.0020733715883642914 0.01162246977601286 -0.00077574195039960053 -0.00043341486457008243 -0.0058681055565926957 0.0050435359943746452 -0.00050822946077948251 0.0024637275882211612 0.0035121370789294539 -0.0044422194145714048 0.012141831501079177 -0.0036394690662345315 0.0082442102116926149 -0.0035734236299071109 0.0086023477496213387 0.001022127481177832 -0.0029385993708102819 0.0089406398466477001 0.00027417112762153837
leaf_weight=65.208686947822571 135.91168328374624 50.429342351853848 10.762093745172022 12.44325342774391 18.722512178122997 21.515484765172005 29.570199534296989 15.833563670516016 15.108292713761328 59.496638149023056 21.798439584672451 22.57522651553154 12.918899178504942 21.999976418912411 115.10670994222164 14.54526464641094 17.690154142677784 13.678736969828604 13.766308322548864 19.285252287983894 37.805885888636112 24.666351519525051 31.664431288838387 1014.214431963861
leaf_count=495 1222 348 86 109 118 144 183 97 88 520 188 201 113 127 1009 89 113 79 119 158 262 176 195 6926
internal_value=2.4431e-05 0.00032303 -6.89076e-05 -0.00280927 0.00264524 0.00166996 0.00325974 0.00430192 0.0065616 -0.00155929 -0.000569101 -0.00127742 -0.0043314 0.00854511 -0.00366935 0.00750503 0.000898432 0.00373047 0.00198491 0.00394635 0.000259208 0.00277601 0.00485476 3.20733e-05
internal_weight=1816.72 1530.97 1311.87 138.312 219.094 185.826 135.396 113.881 66.6785 285.752 213.337 191.538 72.4155 51.5702 127.55 33.2678 47.2025 29.5123 55.6268 41.8605 1173.56 94.1367 69.4703 1079.42
internal_count=13165 10644 9258 1204 1386 1179 831 687 398 2521 1888 1700 633 310 1118 207 289 176 478 359 8054 633 457 7421
is_linear=0
shrinkage=0.01


Tree=219
num_leaves=25
num_cat=0
split_feature=153 200 46 315 268 120 114 71 147 60 55 286 302 108 71 258 235 227 308 137 277 196 289 176
split_gain=9.40491 11.0333 7.81885 9.32521 8.28335 7.66626 12.8064 10.4988 9.90026 12.8558 9.32311 8.61699 9.47885 8.13384 8.13848 8.10405 13.9213 10.1103 9.83622 9.06615 14.3633 9.0713 11.3309 7.94671
threshold=0.049443833272216117 3.8029952987661342 1.0000000180025095e-35 -0.78623614211451232 0.21271249071477796 0.62097112523439313 0.71170873479357177 1.8789339452170057 0.14483719143213911 62.399722999852251 3.0464704229633992 3.4983739515546231 0.011595425107523547 1.4994854544011738 2.3952386032982367 -0.4371116565130409 0.010535565627601518 0.015554121892703778 -0.0023194598618861474 0.15073322636141073 0.0072858694537938787 0.27236363636363642 0.024035957717172155 12.655583211639994
decision_type=10 2 2 2 2 8 8 10 10 2 2 2 2 10 8 2 2 2 2 2 8 10 2 2
left_child=1 2 3 4 -1 7 -7 11 13 15 -11 12 -5 -8 -15 17 -17 18 -10 -20 21 -21 -23 -14
right_child=-2 -3 -4 5 -6 6 8 -9 9 10 -12 -13 23 14 -16 16 -18 -19 19 20 -22 22 -24 -25
leaf_value=-0.0010815691988156114 -0.0031460301154069242 0.0072511280820637515 -0.0019057508154281641 -0.0013198423826679573 0.007782120455366838 -0.0012427398435229963 -0.0014439398112042914 0.0095444467171437852 -0.0011141709093542649 0.011987690530148223 0.0026684349398690007 0.0073468630963100731 0.0053164438207431051 0.0094978514284253975 -0.00043070347365788543 -0.0015460123402411821 0.006728429607619252 -0.00433576330408008 0.00096969489851051762 0.013038189412237283 0.00089296404609614372 0.0084575682889788881 -0.0020063643248543614 -0.0026242223053384982
leaf_weight=14.879487276077269 86.638853147625923 18.944556929171085 173.50497752428055 105.46134453266859 27.644802518188953 557.56553111970425 230.02020732313395 14.101898521184919 47.371846288442612 16.385786682367325 30.300789825618267 17.991724044084549 49.499900102615356 11.600901663303373 18.30869019031525 161.99520514905453 20.348474845290184 18.777796231210232 66.796143025159836 25.405792854726315 40.762580879032612 27.510923564434052 14.091215342283247 14.483800552785395
leaf_count=96 814 142 1706 667 171 4016 1792 82 286 94 193 108 294 84 119 1085 127 114 381 158 252 155 84 90
internal_value=1.45331e-05 0.000178888 8.7776e-05 0.000317422 0.00478487 0.000180272 -0.000104419 0.00197974 0.000765469 0.00162915 0.00645958 0.00127131 0.00050985 -0.000792267 0.00387915 0.00105419 -0.000528137 0.00224914 0.00285852 0.00394285 0.00570426 0.00846129 0.00498885 0.00346868
internal_weight=1810.39 1723.75 1704.81 1531.3 42.5243 1488.78 1287.24 201.539 729.676 469.747 46.6866 187.437 169.445 259.93 29.9096 423.06 182.344 240.716 221.939 174.567 107.771 67.0079 41.6021 63.9837
internal_count=13110 12296 12154 10448 267 10181 8940 1241 4924 2929 287 1159 1051 1995 203 2642 1212 1430 1316 1030 649 397 239 384
is_linear=0
shrinkage=0.01


Tree=220
num_leaves=25
num_cat=0
split_feature=153 162 309 117 174 153 153 32 77 115 141 271 271 273 197 323 126 38 277 210 13 157 165 117
split_gain=8.65328 13.4134 9.74404 7.85328 8.20435 7.70719 12.2928 7.8444 8.53471 12.0006 8.54459 7.56693 7.44164 10.5932 11.0534 8.81938 8.97725 9.79466 8.72562 8.90162 8.52312 8.09472 6.94855 8.59077
threshold=0.049443833272216117 0.043557312252964435 -0.041509464189876603 2.368833019097448 289.6158333333334 0.045084975438992723 0.015611460138648182 0.0016625115394608102 3.8297398232779902 -1.0041490050213981 0.038433132598568349 0.071555666781195987 0.14021189356493871 5.4082838600369101 -0.8983246710282119 646.50000000000011 0.35344620661239184 0.25676471524528066 -0.031442179363043977 0.07479814355648802 0.97703722868649934 0.21968112083174848 175.95390046296299 1.1340786115777182
decision_type=10 10 2 8 10 8 10 2 10 10 2 2 2 10 10 2 8 2 8 2 10 8 2 8
left_child=1 5 -3 4 -2 6 7 8 12 -10 -11 -9 18 14 -14 16 -16 -18 19 20 -1 -22 23 -20
right_child=3 2 -4 -5 -6 -7 -8 11 9 10 -12 -13 13 -15 15 -17 17 -19 22 -21 21 -23 -24 -25
leaf_value=-0.0036080130100549375 -0.0060848700395977652 0.0099373042896551238 0.0020558801047615228 0.0031846767393297081 0.0016111447645486268 0.0061672079809375734 -0.0029109121028801518 -0.007333757966226255 0.01107052988019604 -0.0053582037284930556 0.0051092840369844836 -0.00097256019278623102 -0.0055854886561235223 -0.0044836211740217641 0.0060062636939586947 0.0077831714355065251 -0.0044071587405770688 0.0018013150524705376 0.0075934108941637006 0.0050131819423432557 0.0059067070923102408 -0.0028899293477533355 1.2261883234724384e-05 -0.00095957556459254139
leaf_weight=158.11066127568483 56.453645884990692 17.226779371500015 86.312693893909454 14.661847926676272 16.490940988063812 16.803678661584854 142.27137143909931 21.737687230110168 14.79534439742565 11.605539351701738 14.091577656567095 85.360178925096989 15.490051962435244 24.720177218317986 41.172319374978542 25.554968416690826 26.1710274964571 203.55465909838676 24.6167813539505 13.904500998556612 18.370761036872864 18.000129267573357 729.87308043986559 19.190307170152664
leaf_count=1144 550 111 589 117 159 140 1274 246 105 92 104 835 91 153 230 140 158 1167 184 94 120 129 5091 144
internal_value=8.69682e-06 0.000166722 0.003607 -0.00300609 -0.00433649 -5.77175e-05 -0.000134128 0.000139712 0.000347496 0.00471566 0.000283683 -0.00242901 0.000202757 0.00147956 0.00199152 0.00244006 0.0018568 0.00104449 -0.000236925 -0.00203903 -0.00261326 0.00163346 0.000252843 0.00399471
internal_weight=1816.54 1728.93 103.539 87.6064 72.9446 1625.39 1608.59 1466.32 1359.22 40.4925 25.6971 107.098 1318.73 336.663 311.943 296.453 270.898 229.726 982.066 208.386 194.482 36.3709 773.68 43.8071
internal_count=13167 12341 700 826 709 11641 11501 10227 9146 301 196 1081 8845 1939 1786 1695 1555 1325 6906 1487 1393 249 5419 328
is_linear=0
shrinkage=0.01


Tree=221
num_leaves=25
num_cat=0
split_feature=73 119 239 157 60 235 20 171 57 11 320 155 106 232 29 53 53 234 235 90 189 119 228 76
split_gain=9.86668 11.1082 10.673 8.89639 12.7344 11.7232 9.49356 14.2739 8.85096 8.45331 13.0672 12.5784 11.5583 10.807 9.16352 8.8978 8.31766 11.9715 11.1691 9.18263 8.09361 7.93713 8.35507 7.91681
threshold=315.53479370826329 0.44062539308307441 1.3730132164743296 0.21478688417029584 38.991747311576162 0.0054274184046188296 0.73604377207203076 9.9658333333333342 0.084423071366023325 0.49322738183345821 -0.11812735227136464 0.0040040080160320653 0.73642470740470445 1.4571515522272687 0.36054118967745313 72.500000000000014 39.500000000000007 0.032804821178749513 0.0057197382769901862 3.1718427392137971 -0.33932559599750295 1.1620850402445735 0.24950592885375497 0.75249675211029465
decision_type=2 10 10 10 2 2 10 10 8 10 2 10 10 2 2 2 2 2 2 2 10 10 2 10
left_child=1 2 -1 4 5 8 -6 -8 -3 12 15 -12 13 -2 16 -11 17 -15 -19 -18 -13 22 -14 -21
right_child=9 3 -4 -5 6 -7 7 -9 -10 10 11 20 21 14 -16 -17 19 18 -20 23 -22 -23 -24 -25
leaf_value=0.00013704152248545363 0.00804204835604032 -0.0039946752148617001 0.0085927045193459773 -0.0037842894211054406 -0.0045426944791948573 0.0092140583886579155 0.0080127100437935878 -0.0018090549955876718 0.0030934051430915638 -0.0074136005621923268 0.0066884651598228817 0.0048262611128876958 0.00033018353939628004 -0.00042620578385990242 -0.0055587673700239325 0.0022274947648243172 -0.006550984165859002 0.0098760915749387859 -0.00059085197597438051 0.0057798811079460798 -0.0040410255562380063 -0.0015623019347379733 0.0082807831591547136 -0.00046774820423517086
leaf_weight=921.51053043454885 17.813025787472725 25.087613351643085 12.343294575810431 134.25069763511419 83.705574080348015 17.08919807523489 15.546110972762106 72.894378438591957 44.830266706645489 34.135936692357063 27.226345658302307 11.62895058095455 17.707706473767757 40.955691441893578 19.908504888415337 11.235735937952994 17.731394603848457 32.018217220902443 13.724643155932425 21.595728807151318 33.389746069908142 13.282110430300234 55.982060670852661 116.30882763117552
leaf_count=6216 109 220 82 1225 737 135 113 586 367 310 192 95 121 291 138 83 116 216 97 124 272 110 361 798
internal_value=0.000127671 -0.000317968 0.000275601 -0.00172139 -0.000619443 0.00244341 -0.00218779 0.000101962 0.000479546 0.00134492 -0.000964876 0.00165846 0.00208957 0.00107164 0.000513259 -0.00501457 0.00107484 0.00350454 0.00686387 -0.000310832 -0.00157888 0.00521858 0.00646662 0.000600347
internal_weight=1811.9 1327.26 933.854 393.404 259.153 87.0071 172.146 88.4405 69.9179 484.645 117.617 72.245 367.028 280.056 262.243 45.3717 242.335 86.6986 45.7429 155.636 45.0187 86.9719 73.6898 137.905
internal_count=13114 9681 6298 3383 2158 722 1436 699 587 3433 952 559 2481 1889 1780 393 1642 604 313 1038 367 592 482 922
is_linear=0
shrinkage=0.01


Tree=222
num_leaves=25
num_cat=0
split_feature=119 113 279 308 319 97 284 247 309 266 229 5 7 212 67 234 307 227 310 185 105 9 118 106
split_gain=7.53119 12.9891 11.7776 11.7654 11.4874 10.727 10.5395 12.6281 9.36762 8.15946 7.92735 10.8489 8.30148 7.44772 7.34635 7.33797 7.21846 8.49849 7.17143 6.94798 6.79261 13.364 13.0283 9.42457
threshold=0.44062539308307441 0.26477367783031797 0.0057694344935970152 0.0010088777550745385 -0.1973928874863454 0.82680978186003606 0.091007078095577579 2.4012763675075814 -0.054750643108190604 2.4869275461380727 -0.2656168511822784 -2.4502281813159779 -1.1538119642960527 0.54592314901593253 209.34019749055227 0.14600857374580004 0.036887534323010736 0.011884584342211462 -0.26213061861485709 0.6254032258064518 0.98768677836844943 1.2225067631426811 27.500000000000004 0.80669223308270943
decision_type=10 8 10 2 2 10 10 2 2 2 2 2 2 2 2 2 2 2 2 10 8 2 2 10
left_child=5 2 10 4 -3 15 7 18 -6 -7 14 12 -12 -4 -2 16 -1 -18 -5 -9 -10 22 -22 -23
right_child=1 3 13 6 8 9 -8 19 20 -11 11 -13 -14 -15 -16 -17 17 -19 -20 -21 21 23 -24 -25
leaf_value=0.00032060714687421639 0.0013667040582092079 -0.0060627982256995488 -0.0054948522882904641 0.0095022915720351583 0.0073765076609027891 0.0090757697705742511 0.011149926414120095 0.0032020677425092358 -0.0025620917774727072 -0.00055733908100360238 -0.0003789332264282097 -0.0011855996222446456 0.0099968308797826356 0.0017602562764567995 -0.0054473161908968268 -0.0043758985473954922 0.0008043261368335592 0.010950465160826933 -7.7557895435176232e-05 -0.0054999568071653626 -0.0021937514075951849 -0.0032040880649489901 0.0082606384843699043 0.0048935826159754873
leaf_weight=1109.4231566637754 22.827410988509655 30.437964782118797 113.38671850413084 19.697774618864063 14.137785658240317 22.17540742456913 13.03532852232456 12.319272637367247 81.178449772298336 12.783138148486612 11.783234350383283 52.33186711370945 17.55408538132906 14.531580105423926 41.388053745031357 29.335334047675133 21.736185304820538 11.246463611721991 11.573664113879202 21.210367165505886 15.915060713887213 63.276328541338444 34.139772802591324 15.601499095559118
leaf_count=7414 209 245 1074 138 104 133 93 90 673 86 108 461 153 131 365 199 154 75 84 169 121 507 223 121
internal_value=4.6504e-05 -0.00085972 -0.00246162 0.000465966 -0.000578758 0.000503636 0.00379693 0.00189677 0.000227681 0.00574936 -0.000490296 0.00154901 0.00613246 -0.00464261 -0.0030547 0.000332746 0.000465093 0.00488612 0.00621591 -0.00227455 -0.000340574 0.00107555 0.00497823 -0.00147564
internal_weight=1813.03 606.326 273.803 332.523 254.687 1206.7 77.8364 64.8011 224.249 34.9585 145.885 81.6692 29.3373 127.918 64.2155 1171.74 1142.41 32.9826 31.2714 33.5296 210.111 128.933 50.0548 78.8778
internal_count=13130 5069 2501 2568 1994 8061 574 481 1749 219 1296 722 261 1205 574 7842 7643 229 222 259 1645 972 344 628
is_linear=0
shrinkage=0.01


Tree=223
num_leaves=25
num_cat=0
split_feature=32 313 114 21 176 165 16 39 116 27 297 194 28 8 294 128 59 114 282 307 92 231 229 274
split_gain=7.56683 10.1995 10.0401 7.37796 11.6866 10.8423 10.7733 9.39898 9.09542 8.99165 14.1699 14.1872 12.5599 14.6311 10.838 9.68473 9.67517 14.3029 9.51067 10.9109 8.68847 11.0231 11.296 9.87087
threshold=0.0014316399604838677 -0.06235710101046759 0.79241585973515105 0.23707008905035606 11.721009879432374 179.69227430555557 1.3120646849954107 0.067594322073149457 0.32527398595925777 0.71112550374208416 -0.023025283561398907 0.029325765393876851 0.21876612487100106 -1.1789655404193826 0.021916409014425101 0.23093772078322553 2.1225460806478007 0.59602545958821929 -0.0035201014417030304 -0.0030530561261032925 282.50000000000006 0.024341473609447651 -0.11280429446780099 5.6043989983135507
decision_type=2 2 8 10 2 2 2 2 8 2 2 8 2 2 2 8 10 8 10 2 2 2 2 2
left_child=3 2 -2 4 6 7 -1 9 -5 10 -6 -12 -11 -14 -13 -15 17 -17 19 -18 21 22 23 -7
right_child=1 -3 -4 8 5 20 -8 -9 -10 12 11 14 13 15 -16 16 18 -19 -20 -21 -22 -23 -24 -25
leaf_value=0.0016061372919356474 -0.002426348119082163 -0.0034621309568708823 0.0081005498009888207 -0.0022677528300427794 -0.0030784645018857044 0.0018385361264655225 0.0078030954776097715 -0.0021762343722347933 0.00044489248925400543 -0.0036598042205592662 0.010166726952211274 -0.0016098442493236193 0.010294128521814768 -0.0049443463390688924 0.0076650655960757551 -0.0014372158425643134 -0.0015829065884332496 0.011072101981504425 -0.0043870686746385812 0.0091445496833767962 0.0029622381316411922 0.0058380688166165253 -0.00540219718547895 -0.003177556039475359
leaf_weight=118.17181025445461 16.538715079426769 119.78171203285456 14.64849867671728 234.00611811876297 28.633149072527885 135.89340200275183 35.191686175763607 242.69829864799976 255.88620510697365 87.144296206533909 28.519806049764156 35.509493291378021 12.619581937789915 27.768763229250908 16.00480905175209 15.066976420581339 21.573088996112347 17.911595664918423 33.065411001443863 13.027374833822249 193.00425827503204 27.26662952452898 37.510596863925457 51.830504521727562
leaf_count=770 158 1247 137 2055 195 854 212 1529 1958 624 187 228 70 195 102 105 150 116 235 89 1207 168 250 345
internal_value=-2.18084e-05 -0.00214476 0.00275185 0.000173017 0.000602023 0.000212075 0.00315063 -0.000687295 -0.000854405 0.000391747 0.00272307 0.0048452 -0.000733979 0.00110343 0.00150313 0 0.00145866 0.00566798 -0.000724216 0.00281642 0.00138123 0.000149289 -0.000599088 0.000421573
internal_weight=1819.27 150.969 31.1872 1668.3 1178.41 1025.05 153.363 579.543 489.892 336.844 108.667 80.0341 228.177 141.033 51.5143 128.413 100.644 32.9786 67.6659 34.6005 445.505 252.501 225.235 187.724
internal_count=13186 1542 295 11644 7631 6649 982 3825 4013 2296 712 517 1584 960 330 890 695 221 474 239 2824 1617 1449 1199
is_linear=0
shrinkage=0.01


Tree=224
num_leaves=25
num_cat=0
split_feature=271 76 189 39 274 302 269 7 258 22 99 150 263 35 116 225 28 135 271 111 39 148 271 123
split_gain=7.27695 9.8739 9.41851 7.80498 11.0318 11.0647 10.0988 16.7352 13.8966 11.7849 9.78389 13.2095 9.47823 9.33101 10.5104 9.24204 8.52588 8.26053 7.98722 9.34951 7.98141 13.0841 9.07343 11.2374
threshold=0.067822972005887092 0.707009975630013 -0.038612483176898325 0.079655293964861526 7.091348259557738 0.010412811497656058 1.8681493993993996 -1.6913289534289195 -0.81384064838446135 -0.76528308856419558 0.27239819448961544 0.12994972498071136 -0.26910614224418111 0.0023108037752473005 0.32527398595925777 0.85731835731835748 0.22901158881461856 0.088584240272782486 0.11102039330474796 3.0557076565130044 0.041173284048180492 0.20195163747143949 0.11102039330474796 0.64124283147438754
decision_type=2 10 8 2 2 2 2 2 2 10 10 8 8 2 10 2 2 2 2 8 2 10 2 10
left_child=1 -1 -3 4 5 13 7 -5 9 -8 11 -9 -11 -2 20 16 -7 18 -12 -20 21 -15 -22 -24
right_child=3 2 -4 6 -6 15 8 10 -10 12 17 -13 -14 14 -16 -17 -18 -19 19 -21 22 -23 23 -25
leaf_value=0.0025208613655229284 0.0019398145797909145 -0.0022790160112510457 0.0023567743054101835 0.010414833113785682 0.0060400237764042589 0.00086565637976549175 -0.0036376425987926352 0.0005442097209281732 -0.0068769218198750214 0.0057481307299024169 -0.0048389185974228553 0.0099731732054675389 -0.002575899859518011 -0.0024825171357807118 0.0029852458546187634 -0.0017423507802352221 0.0051737690894245892 -0.0044606527564544354 -0.0040522801310096468 0.0044191174203672872 -0.0036275364077408005 0.0076127706210079348 0.0027845099999102862 -0.0025262914306658723
leaf_weight=61.144688539206982 161.7801116630435 351.21808734536171 47.469909317791462 12.837172411382197 36.940978020429611 80.780388526618481 59.882172524929047 153.09487023949623 50.933667302131653 33.447507210075855 20.03288259357214 13.706647761166094 19.647430554032326 25.117668285965919 58.510291382670403 40.605417616665363 110.0591189339757 69.479512892663479 15.534064397215845 43.228878431022167 168.56583870947361 21.227121032774448 65.915472634136677 91.834168568253517
leaf_count=438 1145 3045 398 75 284 547 405 970 377 198 178 91 133 165 379 301 728 524 103 299 1278 131 367 585
internal_value=-5.14389e-05 -0.00113475 -0.00171177 0.000317552 0.000890899 0.000639 -0.000683862 0.000329607 -0.00268851 -0.000669165 -0.000167498 0.00147899 0.00267543 -8.59215e-05 -0.00085605 0.00247905 0.00339485 -0.00201938 0.000201188 0.0020797 -0.00147987 0.00229345 -0.00203401 -0.000290888
internal_weight=1812.99 459.833 398.688 1353.16 861.337 824.396 491.825 327.914 163.911 112.977 315.077 166.802 53.0949 592.951 431.171 231.445 190.84 148.275 78.7958 58.7629 372.66 46.3448 326.315 157.75
internal_count=13144 3881 3443 9263 5910 5626 3353 2240 1113 736 2165 1061 331 4050 2905 1576 1275 1104 580 402 2526 296 2230 952
is_linear=0
shrinkage=0.01


Tree=225
num_leaves=25
num_cat=0
split_feature=20 10 109 102 121 91 109 123 57 263 204 102 107 231 87 298 253 227 183 221 301 114 31 315
split_gain=7.86628 12.4598 12.093 10.979 7.84961 8.77221 7.65971 12.8229 12.6811 9.56562 10.1457 11.148 14.7992 9.24643 9.21858 8.64028 8.09471 8.58672 11.0581 24.8344 8.76091 10.1458 13.7627 7.69676
threshold=0.9050387478887475 2.1217621823095576 2.290809100281376 1.228056852784827 -2.2749236555014396 7.3837220035146567 1.2469916402469974 1.2960309669010199 -0.30248882352132295 0.02910846064076171 0.7154761904761906 0.64910327237399745 0.27914872946086139 -0.6026887080900929 2.5474619605890028 -0.0050411696936839235 188.50000000000003 0.0075329834019009796 -0.55549516058649206 -0.24606649279190598 0.95505881342042709 1.0048084074135291 0.0033250230789216204 -0.054835087797135862
decision_type=10 2 10 8 8 2 10 10 8 8 2 10 10 2 8 2 2 2 8 2 2 10 2 2
left_child=1 2 4 -2 5 -1 7 23 13 -10 11 12 16 -8 -13 -16 17 20 -19 -20 21 22 -11 -6
right_child=3 -3 -4 -5 6 -7 8 -9 9 10 -12 14 -14 -15 15 -17 -18 18 19 -21 -22 -23 -24 -25
leaf_value=-0.0026211215468797118 0.0043478347394609916 -0.0045960200730233878 0.0064324312930579075 -0.0030746403236264048 0.00031021653680396384 0.0065195818707418154 0.00013286794632261651 -0.0028343393835180315 -0.0040399775463996392 0.0012130974518191262 -0.006174518244574918 0.0023395432567323532 0.0040223182139686739 0.0067430502315403229 0.0037812595172296544 -0.0052641087740160006 0.006737498445694161 -0.0029082738282631775 0.011783486168822372 -0.0031369033411960778 -0.0052212456994508117 0.0058236376824650927 -0.0054976890078583815 -0.0030307182849390098
leaf_weight=12.81800130009651 84.777545005083084 55.439050607383251 26.853216074407101 23.406281255185604 619.58332033455372 33.119301378726959 35.184376657009125 216.45492907613516 47.270214259624481 79.337843842804432 18.859783567488194 31.359299890697002 149.93275172263384 51.945862106978893 10.276371948421 64.58072604238987 14.417618840932844 20.394292943179607 23.847893297672272 17.34790500998497 42.894621185958385 20.786468885838985 45.934467248618603 74.694305941462517
leaf_count=93 602 512 169 204 4102 218 207 1964 319 537 131 269 974 307 90 583 97 138 158 124 325 141 390 549
internal_value=0.000115538 -5.09541e-05 0.000108023 0.00269526 -6.48444e-06 0.00394421 -0.000128465 -0.000726223 0.000676971 0.000138884 0.000525798 0.00080238 0.00154332 0.00417346 -0.00204739 -0.00391652 0.000108987 -0.000339717 0.0028179 0.00568037 -0.00140071 -0.000193713 -0.00130704 -5.8655e-05
internal_weight=1821.52 1713.33 1657.89 108.184 1631.04 45.9373 1585.1 910.733 674.37 587.24 539.97 521.11 414.894 87.1302 106.216 74.8571 264.961 250.543 61.5901 41.1958 188.953 146.059 125.272 694.278
internal_count=13203 12397 11885 806 11716 311 11405 6615 4790 4276 3957 3826 2884 514 942 673 1910 1813 420 282 1393 1068 927 4651
is_linear=0
shrinkage=0.01


Tree=226
num_leaves=25
num_cat=0
split_feature=271 159 213 115 202 169 95 263 274 33 111 237 153 153 299 138 105 147 77 323 115 158 48 299
split_gain=7.63766 8.56797 10.8458 7.73211 9.21729 7.62136 7.37699 7.49282 8.14907 7.60638 7.34649 8.32503 6.72333 14.8777 7.31502 11.7196 10.3812 10.0419 10.3284 8.983 8.72046 13.1071 11.827 9.19782
threshold=0.052674495872370851 0.26695378852501583 -0.32018052050278351 0.34025015173910583 0.26201372997711675 98.500000000000014 -1.3656553288328739 0.79378525177781911 4.1471191136470189 0.027881505337534879 0.62467366733815721 -0.15254792556171815 0.049443833272216117 0.042810150375939861 -0.047063516272085264 0.16848250016957203 1.0292360650603152 0.19568541417364715 0.72224918971580465 431.50000000000006 -0.51655126540875618 0.31808061620377176 87.500000000000014 0.064833192027541911
decision_type=2 10 2 8 2 2 10 10 2 2 8 2 10 10 2 2 8 10 10 2 10 10 2 2
left_child=1 5 -3 4 10 6 -1 8 9 -8 11 -2 13 14 15 -12 17 19 -19 -16 21 23 -22 -20
right_child=3 2 -4 -5 -6 -7 7 -9 -10 -11 12 -13 -14 -15 16 -17 -18 18 20 -21 22 -23 -24 -25
leaf_value=0.00015874637885614063 0.00059145708813472932 -0.0036351691463398133 0.0061580529185085884 0.0064821082808760346 -0.0058005915353216029 0.0053451117447763695 -0.0034696991984119784 0.0013202671504153557 -0.0055774982560238785 0.0057333207287965874 0.0025334830313901917 0.0098355181727558024 -0.0034433987207879413 0.010126122236089821 -0.0026235468995928859 -0.0025560490925187565 0.0022162266909771977 0.0066771400765340983 -1.2716217616349305e-06 0.00030338272612450128 -0.00070196223336520236 -0.0035023216587119492 0.0092241118629466223 0.0050397568043749853
leaf_weight=76.637507945299149 23.761117398738861 15.433754026889799 27.818082571029663 17.565252475440502 21.669614419341087 10.612301871180533 20.494037136435509 25.540171079337597 117.29144088178873 11.756112940609453 251.62992676347494 14.472077481448649 44.522835709154606 12.677839756011961 290.8009410277009 52.43033916503191 159.50304049998522 22.826098836958408 257.4394328519702 161.35620674490929 23.343633614480495 95.614643573760986 20.738053940236568 39.199631959199905
leaf_count=651 163 141 230 125 164 84 166 244 1037 81 1664 94 401 99 2204 370 1044 135 1670 1185 161 678 124 264
internal_value=7.21142e-05 -0.00136151 0.00263291 0.000365007 0.000280133 -0.00204504 -0.00241674 -0.00353431 -0.00437921 4.88082e-05 0.000381449 0.00455332 0.000260573 0.000386941 0.000275711 0.00163705 -0.000113209 -0.000527642 0.00051125 -0.00158145 0.000145293 -0.000337339 0.00422189 0.000702987
internal_weight=1815.13 305.583 43.2518 1509.55 1491.99 262.332 251.719 175.082 149.542 32.2502 1470.32 38.2332 1432.08 1387.56 1374.88 304.06 1070.82 911.319 459.161 452.157 436.335 392.254 44.0817 296.639
internal_count=13179 2634 371 10545 10420 2263 2179 1528 1284 247 10256 257 9999 9598 9499 2034 7465 6421 3032 3389 2897 2612 285 1934
is_linear=0
shrinkage=0.01


Tree=227
num_leaves=25
num_cat=0
split_feature=5 5 80 83 267 232 128 232 223 109 102 151 116 192 280 234 11 61 244 116 232 192 319 295
split_gain=7.163 12.2783 10.7108 9.46921 9.47294 9.3907 11.9403 11.9603 9.08624 8.62215 12.0809 10.0567 12.7586 9.8138 12.1236 14.6069 9.89126 9.47717 10.2467 9.27517 9.55999 12.1403 10.8793 11.1546
threshold=-2.8935132521978844 -2.8712440139818409 32.500000000000007 2.8977621706799148 0.5138897125733316 2.7241120743786311 0.71653212936204846 1.9488169239954873 -0.84908971634790331 2.2683624778100966 0.60476586321409453 0.071330724070450116 0.27407828562849151 2.284048868255077 0.077777777777547338 0.026103179753406879 0.42238088791202522 771.17613416822303 373.68472222222232 -0.16481085231936971 0.98086897047011734 -0.28980412262473265 -0.058855026692530892 0.21698113207419237
decision_type=2 2 2 10 2 2 8 2 2 10 8 10 8 10 2 2 10 2 2 10 2 10 2 2
left_child=2 5 -1 4 -4 6 8 -8 -2 11 -11 19 -13 14 17 -16 -17 18 -14 20 21 -3 -22 -24
right_child=1 9 3 -5 -6 -7 7 -9 -10 10 -12 12 13 -15 15 16 -18 -19 -20 -21 22 -23 23 -25
leaf_value=-0.004093794725922602 0.0044089322837159743 -0.0032426204093147556 -0.0059394920396300312 0.0072487809773835463 0.00067800738939278614 -0.00075410872156037132 0.0013869106237268478 0.012918947331763003 -0.0011844816452248417 0.010865936124767739 0.0010079755699534238 -0.003321453761601899 -0.0062338764059691769 -0.0023541387468437405 -0.003762751162538578 0.011337306946605008 0.000891623717685734 0.0039237054841057464 0.0026879796565871645 0.0014316115262660342 -0.0025781429694289992 0.0046852846693584858 0.003807085594567986 -0.0024382111212176254
leaf_weight=90.501138634979725 70.030958972871304 25.190450936555862 24.223462581634521 14.268067851662634 104.87866319715977 58.155712403357029 15.563661850988863 22.139352552592754 46.253633759915829 14.113706812262533 50.337032042443752 186.90582467615604 32.874640673398972 85.908857606351376 11.449924305081366 27.652742773294449 13.948171608150004 27.171158134937286 17.90362598747015 471.21021997928619 230.64468782395124 61.022824361920357 64.947027884423733 46.748741269111633
leaf_count=912 347 177 214 127 911 348 82 115 255 75 372 1662 257 697 94 195 117 201 143 3167 1561 374 428 320
internal_value=0.000165232 0.000408098 -0.00145665 0.000248302 -0.000657112 0.00262984 0.0039048 0.00861416 0.00220041 5.80949e-05 0.00354927 -0.000121082 -0.00142718 0.000222314 0.00193358 0.00549117 0.00813859 -0.000583073 -0.00309357 0.000466623 -0.000594515 0.00232796 -0.00134652 0.00118874
internal_weight=1814.04 1580.17 233.871 143.37 129.102 212.143 153.988 37.703 116.285 1368.03 64.4507 1303.58 403.815 216.909 131 53.0508 41.6009 77.9494 50.7783 899.764 428.554 86.2133 342.34 111.696
internal_count=13151 10987 2164 1252 1125 1147 799 197 602 9840 447 9393 3366 1704 1007 406 312 601 400 6027 2860 551 2309 748
is_linear=0
shrinkage=0.01


Tree=228
num_leaves=25
num_cat=0
split_feature=233 176 73 65 124 116 60 176 176 174 181 174 271 217 290 307 300 221 23 141 53 58 38 40
split_gain=8.26308 9.12254 8.46429 9.14634 12.0109 9.38983 14.7109 10.7984 10.5154 8.36185 10.0197 8.32917 11.8613 10.8801 10.4931 11.7538 11.3827 10.0436 7.81523 7.72738 7.54613 9.50705 7.38404 6.95095
threshold=0.87513213530655409 12.829046545429577 315.53479370826329 2.7026611383887675 27.500000000000004 0.31048835773392752 38.991747311576162 11.721009879432374 11.628877434135168 157.17763888888894 0.07110424179975959 78.325416666666683 0.062856772041100809 0.6670153417015342 0.14776632302367418 -0.0044489534910275713 0.24070766244357261 -0.38306329101921194 -0.15415811644210595 0.051740072662374924 20.500000000000004 0.6210652460155518 0.61924040871409303 0.0081348080922669704
decision_type=2 2 2 10 2 8 2 2 2 10 2 10 2 2 2 2 2 2 10 2 2 10 2 2
left_child=2 -2 3 22 5 7 9 8 -5 -7 -11 18 13 -13 15 17 -17 -14 20 -8 -4 -22 23 -1
right_child=1 -3 11 4 -6 6 19 -9 -10 10 -12 12 14 -15 -16 16 -18 -19 -20 -21 21 -23 -24 -25
leaf_value=-0.00026434520785132207 -0.0034350249657951943 0.0018782764657974173 0.0078324540069250586 -0.0015495892874212729 0.0073330076910660879 0.010038962046046982 -0.006574802734571338 -0.0037435265212098817 0.0093920260501191826 -0.0043552809211137985 0.006877764739333765 0.0060204749357979353 -0.0025129612602753566 -0.0041142190400847659 -0.0014788646794747387 0.0049551185169989269 0.014830100575959789 0.0063798675989610119 -0.0011282818645638331 -0.00029018411135745567 0.0065255679813386903 -0.00059610403361162257 0.0048700850865625069 0.0022535863609811674
leaf_weight=616.01508539915085 126.37930128723383 40.77710548043251 17.304608635604382 24.630419746041298 12.287994317710398 16.391628667712212 22.656024917960167 218.34551750123501 10.209710173308848 13.584355644881727 12.57065514475107 12.184787616133688 22.591962516307831 33.231743827462196 21.22357102483511 35.325206063687801 19.585125580430031 22.903349570930004 160.87679756432772 87.016476191580296 21.52984880656004 78.742066383361816 32.37824685126543 130.33797314763069
leaf_count=4221 985 334 132 205 79 114 164 1842 78 108 93 93 154 286 146 224 124 147 1150 705 129 538 218 844
internal_value=-2.38334e-05 -0.0021232 0.000192576 -0.000245312 -0.00143451 -0.00175191 0.000205077 -0.00292164 0.00209626 0.00501308 0.00115359 0.00136492 0.0031108 -0.00117992 0.00471145 0.00603442 0.00905094 0.00205481 0.000293123 -0.00173064 0.00222712 0.00106086 0.000394149 0.000180897
internal_weight=1809.08 167.156 1641.92 1196.42 417.693 405.405 152.219 253.186 34.8401 42.5466 26.155 445.499 167.046 45.4165 121.629 100.406 54.9103 45.4953 278.453 109.673 117.577 100.272 778.731 746.353
internal_count=13113 1319 11794 8671 3388 3309 1184 2125 283 315 201 3123 1174 379 795 649 348 301 1949 869 799 667 5283 5065
is_linear=0
shrinkage=0.01


Tree=229
num_leaves=25
num_cat=0
split_feature=73 61 71 218 105 315 65 124 165 304 159 289 208 254 310 120 88 89 80 118 217 5 143 315
split_gain=8.7817 8.9612 10.811 12.6036 8.96788 10.8224 8.92193 10.2366 9.85476 14.1067 10.2718 8.96864 7.70967 7.3849 7.31823 7.28912 7.11061 8.58475 12.4198 6.94096 6.92125 6.77114 10.0557 10.0267
threshold=315.53479370826329 852.43960632806886 1.8620673714001119 0.01354408707349884 1.1704585881849976 -0.46843284371058752 2.7026611383887675 27.500000000000004 179.50782407407411 -0.052611083973435606 0.22861498257839724 0.053236358458797102 2.5208808297935676 31.500000000000004 -0.14587088626037353 1.2251812980670682 0.94781346010170842 2.8680747493549794 42.500000000000007 103.50000000000001 0.68763185654008452 -2.8935132521978844 0.18620507399577171 -0.57719414938996516
decision_type=2 2 10 2 8 2 8 2 2 2 8 2 2 2 2 10 10 8 2 2 2 2 10 2
left_child=6 2 -2 -4 12 -6 21 8 9 10 15 13 -3 -11 16 -8 17 18 -5 -7 -13 23 -23 -1
right_child=1 4 3 14 5 19 7 -9 -10 11 -12 20 -14 -15 -16 -17 -18 -19 -20 -21 -22 22 -24 -25
leaf_value=0.0044198081817884071 0.00035620466980561114 0 -0.0037449644760475494 0.0084975337033374437 -0.0020305088114038411 0.0023835324895495448 0.011440766255720712 0.0066110119621083799 -0.0036402268346481565 0.00049356665569611998 -0.0027736646597904236 0.0070323539675422077 -0.0046430497190265187 -0.0042403069746471365 -0.0010093178087777733 0.00072051434549779412 0.0011159141299030564 0.011112295721245348 -0.0011859264567486332 0.011900061601545258 -0.00023943608248743167 0.0003757868453659184 0.0072806690793667207 -0.0034810100615489037
leaf_weight=16.891804330050945 132.82893916964531 112.93680245429277 15.018307298421858 27.867810271680355 22.732184141874313 20.532727494835854 17.11240674555302 12.326309747993944 167.25240666419268 45.452040567994118 10.9359974861145 13.847605392336844 49.487529844045639 108.86666856706142 14.755249552428721 10.196843601763247 23.253524154424667 37.136994235217571 21.917447194457054 11.955398894846438 58.803905576467514 759.67826017737389 18.896634384989738 87.442620120942593
leaf_count=145 926 836 107 182 162 145 126 79 1366 385 91 102 417 903 97 89 153 239 131 77 498 5037 94 789
internal_value=8.7662e-05 0.00122764 0.00242592 0.00433709 -0.000281516 0.00309773 -0.000334381 -0.00148485 -0.00175955 -0.000543773 0.00485469 -0.00150659 -0.00146999 -0.00285587 0.00537822 0.00791649 0.00624648 0.00752901 0.00438138 0.00658935 0.00134565 0.000246968 0.000570523 -0.0021092
internal_weight=1818.13 490.423 272.778 139.949 217.645 55.2203 1327.7 444.794 432.468 265.215 38.2452 226.97 162.424 154.319 124.931 27.3093 110.176 86.9223 49.7853 32.4881 72.6515 882.909 778.575 104.334
internal_count=13176 3472 1835 909 1637 384 9704 3639 3560 2194 306 1888 1253 1288 802 215 705 552 313 222 600 6065 5131 934
is_linear=0
shrinkage=0.01


Tree=230
num_leaves=25
num_cat=0
split_feature=5 5 121 71 146 224 109 102 100 312 319 87 177 266 39 275 100 193 213 154 113 215 59 188
split_gain=8.69249 13.5769 8.33281 10.203 7.99746 8.30852 7.36772 14.3878 9.62532 10.2963 11.9826 10.8346 11.2152 12.9742 11.862 9.67931 9.56363 11.0158 9.39575 9.30327 8.24298 9.48144 8.39932 8.3458
threshold=-2.8943022876294049 -2.8773415074710829 -0.86823480167352607 2.599920642387874 0.22921747967479678 1.1878098478943608 2.2683624778100966 0.60476586321409453 1.0310751540054113 -0.45578497165560977 -0.16685205217944638 0.84000664580385409 7.1946424212887115 3.6866274622298723 0.041545828744994864 0.042607266612203175 0.67990093796261097 0.7918333333333335 -0.55239044387267955 0.0054102839301395271 0.2594736628512177 -0.054564847158466871 3.3095958007806128 0.31153480636730818
decision_type=2 2 8 10 10 2 10 8 10 2 2 8 8 2 2 2 10 8 2 10 10 2 10 10
left_child=-1 2 3 4 -2 -6 8 -8 9 16 15 -12 13 14 -13 -11 17 -3 -10 -17 22 23 -18 -22
right_child=1 6 -4 -5 5 -7 7 -9 18 10 11 12 -14 -15 -16 19 20 -19 -20 -21 21 -23 -24 -25
leaf_value=-0.001812198475897831 0.0038729315621684429 0.005506281096888002 0.0068750338026892181 -0.0037618021947108398 0.0034828479446110741 -0.0053642640700424715 0.011078886737967893 0.00045165641534508736 0.001135240988692682 0.0012202422614618273 0.0094987479083419642 0.013552187075062557 0.00067449565677818056 -0.00098369127942388168 0.003851417128707184 -0.0047514557715022075 -0.002046219651094756 -0.0032291166325478789 -0.0031489438667835308 0.0027842057782562425 -0.00078222775220765665 -0.0030793803573995701 -0.0075236574814358014 0.007883126873033575
leaf_weight=211.72102250903845 122.50635476410389 37.183695815503597 35.664214916527271 26.5058189406991 17.057251825928688 20.034817650914192 14.35137629508972 51.071523129940033 68.875387564301491 81.470079340040684 14.259943127632139 16.917611233890057 430.43242302536964 29.045536577701569 46.768374219536781 82.614453531801701 179.05432327091694 20.100125670433044 180.70236594974995 18.090379618108273 19.256059408187866 30.977723807096481 31.678336374461651 21.473555780947208
leaf_count=2040 640 221 214 149 85 104 76 376 568 550 88 117 2981 219 317 587 1281 128 1497 118 136 237 248 136
internal_value=7.71762e-05 0.000331207 0.00261066 0.00169704 0.00265978 -0.00131216 -4.05103e-05 0.00316167 -0.000207835 0.000208918 0.000886284 0.00163653 0.00137017 0.00447268 0.00691213 -0.00131264 -0.00121837 0.0024166 -0.00196317 -0.00334877 -0.00197587 0.000915199 -0.00296346 0.00397923
internal_weight=1807.81 1596.09 221.768 186.104 159.598 37.0921 1374.32 65.4229 1308.9 1059.32 719.599 537.424 523.164 92.7315 63.686 182.175 339.724 57.2838 249.578 100.705 282.44 71.7073 210.733 40.7296
internal_count=13113 11073 1192 978 829 189 9881 452 9429 7364 4977 3722 3634 653 434 1255 2387 349 2065 705 2038 509 1529 272
is_linear=0
shrinkage=0.01


Tree=231
num_leaves=25
num_cat=0
split_feature=271 159 290 254 201 193 126 163 118 317 111 305 5 217 32 307 74 72 139 317 200 200 174 84
split_gain=9.85334 11.4975 9.64194 7.35081 8.78061 9.39735 9.58829 10.0778 9.0264 7.9665 7.74015 9.02963 8.8494 7.7481 11.8655 11.2321 11.1694 10.9445 11.7195 8.72695 9.09827 13.1554 10.4894 9.02497
threshold=0.052674495872370851 0.26695378852501583 0.12294113087585747 227.50000000000003 0.49800000000000005 0.56440422322775274 0.58367527552513121 0.012618422100151265 154.50000000000003 -1.0000000180025095e-35 0.76125034472216002 0.35588603862500745 -2.8935132521978844 0.78389189189189201 0.0013306725784060971 -0.0042911020800931723 64.500000000000014 -290.94136540630774 0.12372857980208946 -0.0036226178249457943 0.3562019085709402 1.0343704882064781 152.95000000000002 15.404150418197963
decision_type=2 10 2 2 2 10 10 10 2 2 8 2 2 2 2 2 2 2 2 2 2 2 10 2
left_child=1 -1 -3 4 -2 6 -6 -8 10 -5 11 -7 -13 15 16 -12 -15 -17 19 23 -21 -22 -23 -19
right_child=3 2 -4 9 5 8 7 -9 -10 -11 13 12 -14 14 -16 17 -18 18 -20 20 21 22 -24 -25
leaf_value=-0.0024454392492397705 0.0041082084161798175 -0.00094172970428179194 0.0082008657036999055 0.0060731579642617937 -0.0060008546976016699 -0.0027024993866222972 -0.0029872457634791062 0.0059458149010832954 -0.005019880822323435 -0.0024824675012697851 -0.00034770832702871797 -0.00040537711800778199 0.009019088100650564 -0.0045089074857871591 -0.0051360586817360762 -0.0019472966297526043 0.00036988989260448467 -0.0017166183142369785 -0.0021433421787116279 0.010454321893993859 -0.00061488948471903366 0.007173277423341934 -0.0010004378015487118 0.0044824133474315369
leaf_weight=258.8652728497982 52.127293169498444 25.495383471250534 17.250418692827225 38.981872417032719 47.443231299519539 13.643548160791395 32.766226664185524 16.72137138992548 28.759293138980865 12.735639758408068 364.92689928412437 13.901802226901049 28.819507092237476 50.234234370291233 51.748618833720684 53.25139120221138 401.24916603416204 50.452630497515202 38.377242408692837 23.840369425714016 45.10760772973299 86.497225508093834 18.013630993664265 39.226093225181103
leaf_count=2243 346 223 144 248 325 93 233 112 197 88 2547 116 172 395 536 338 2721 350 282 163 301 586 131 248
internal_value=-6.72748e-06 -0.00164856 0.00300677 0.000323285 0.000187248 3.30603e-05 -0.00292469 0.000170743 0.000258872 0.00392823 0.000389189 0.00392175 0.00609605 0.000216838 -0.000731541 0.000881641 -0.000195521 0.00214174 0.00287867 0.00362997 0.00492581 0.00385991 0.00576584 0.00103833
internal_weight=1810.44 301.611 42.7458 1508.82 1457.11 1404.98 96.9308 49.4876 1308.05 51.7175 1279.29 56.3649 42.7213 1222.93 503.232 719.693 451.483 354.766 301.515 263.138 173.459 149.618 104.511 89.6787
internal_count=13138 2610 367 10528 10192 9846 670 345 9176 336 8979 381 288 8598 3652 4946 3116 2399 2061 1779 1181 1018 717 598
is_linear=0
shrinkage=0.01


Tree=232
num_leaves=25
num_cat=0
split_feature=100 11 190 157 205 125 65 285 239 83 316 83 5 154 73 146 259 94 239 227 123 27 113 65
split_gain=7.59276 14.3928 9.27301 9.85341 9.26322 8.52776 8.02583 8.13432 8.01724 7.93785 9.62958 9.12211 10.185 15.1876 11.0997 10.2861 12.7626 9.84487 8.25697 12.6834 15.2494 12.4973 8.60958 11.7112
threshold=0.74927762090911698 0.49322738183345821 82.500000000000014 0.42631807163826874 -0.17713416145143243 -0.29017911332983065 0.92917897485939605 0.035294117646799315 0.53854271130532216 3.5013525619451138 -0.01523422377080913 3.0498209718993059 -2.8935132521978844 0.019116981657443185 353.61645295936563 0.1798751475010468 0.094755011754062285 0.75983103033376675 0.72364962873474548 0.0050378153393228781 0.90577760478196123 0.8066565961732125 -0.036534496626559838 2.865328378832908
decision_type=10 10 2 10 2 8 8 2 8 10 2 8 2 10 2 10 8 8 10 2 10 2 10 10
left_child=2 9 5 4 -4 -1 8 -8 -7 11 -11 12 -2 18 15 16 -15 -13 -14 -20 -21 22 -22 -24
right_child=1 -3 3 -5 -6 6 7 -9 -10 10 -12 17 13 14 -16 -17 -18 -19 19 20 21 -23 23 -25
leaf_value=-0.0064938882953646552 -0.00197485919317163 -0.0024821606167677035 0.0080455927508435963 -0.0028227145906501022 -0.00050726700582949676 0.00012958833365702774 0.0042803103585928601 -0.00039166096392499207 0.0077944846322824616 0.0094141714204464579 -0.0019618079440744752 0.00089251064702593349 -0.0012970019401201127 0.0062965493237461048 0.011152784295037011 -0.0014271899166437196 -0.0031512045397400013 -0.0066262976373189474 -0.00015697618525980898 0.0098479520576160058 -0.0030105936967908553 -0.0052547504090970877 0.010497626959713355 0.0015622386728197379
leaf_weight=13.848559372127054 165.02568779885769 249.73823216557503 46.823985993862152 14.132713980972765 16.272425785660744 25.514532580971718 39.883887320756912 288.06820179522038 27.441472075879574 16.743968002498153 10.446256406605242 28.860261552035809 258.9677321985364 69.785070016980171 14.908351756632326 41.838398911058903 15.783832065761088 38.150929421186447 298.25260011851788 27.31287344545126 14.783858142793177 18.42720489948988 21.492266558110714 40.891873478889465
leaf_count=89 1515 2204 279 88 99 161 248 1907 161 125 80 219 1785 427 83 230 124 294 2172 149 103 138 128 285
internal_value=5.34622e-05 -0.000332512 0.00113985 0.00424572 0.00589767 0.00050369 0.000806915 0.000205341 0.00431419 0.000168073 0.0052378 2.26723e-05 0.000269915 0.000726806 0.00366346 0.00255525 0.00449716 -0.00346903 9.81562e-05 0.00096135 0.0036254 0.0016044 0.00338335 0.0049792
internal_weight=1803.4 1331.41 471.986 77.2291 63.0964 394.757 380.908 327.952 52.956 1081.67 27.1902 1054.48 987.47 822.444 142.316 127.407 85.5689 67.0112 680.128 421.161 122.908 95.5952 77.168 62.3841
internal_count=13093 10061 3032 466 378 2566 2477 2155 322 7857 205 7652 7139 5624 864 781 551 513 4760 2975 803 654 516 413
is_linear=0
shrinkage=0.01


Tree=233
num_leaves=25
num_cat=0
split_feature=271 233 73 123 47 295 97 287 186 218 234 299 11 119 22 189 310 281 199 17 188 266 274 261
split_gain=7.07311 7.73543 8.68378 10.7986 11.5622 9.41636 8.84867 14.3669 8.50535 10.7498 9.86027 8.43832 10.6596 9.04569 12.0661 11.6516 10.1114 11.0987 9.76706 9.68945 10.7279 10.4192 9.24022 9.02505
threshold=0.14021189356493871 0.87513213530655409 327.17862094722165 0.89470576355673559 31.500000000000004 0.20365833985527068 0.082341358501776526 0.052753715285254653 0.081799933087989302 0.12254524451289951 0.073624884444070948 -0.05604583296183379 0.41228268097248599 1.1620850402445735 0.88507926108983959 -0.15265582845962009 -0.34340341978316363 2.566620800947041 -0.97132628554783362 2.9690922308142267 0.30992957746478877 3.528402221127581 6.6532388602541186 0.11391146341944071
decision_type=2 2 2 10 2 2 10 2 8 2 2 2 10 10 10 10 2 2 2 2 10 2 2 8
left_child=1 2 3 4 5 8 7 -5 -1 10 -10 12 -4 14 15 16 17 18 -13 20 21 -18 -19 -21
right_child=-2 -3 11 6 -6 -7 -8 -9 9 -11 -12 13 -14 -15 -16 -17 19 22 -20 23 -22 -23 -24 -25
leaf_value=-0.00059766089390200707 0.0011260089487497027 -0.0027787194453084132 0.0083875393768402008 -0.0060172645203738643 -0.0039816401542651959 0.0058295823465132702 -0.00086573576855239378 0.0043661190184756142 0.0020853615870973993 -0.0027056138023881689 0.011288705225009538 0.008688051206777998 -0.00043534472829839544 -0.004423542211275301 0.0076588897693004414 -0.0059167087298822897 -0.0028281070452748115 -0.0050644974483836274 -6.0437394488769949e-05 0.0053295181495457179 0.013486739847356585 0.0080874824816423267 0.0029187728558483618 -0.0027837772898535109
leaf_weight=136.41503531485796 427.29908012598753 116.26051590591669 30.425464726984501 73.221101082861423 37.612469784915447 44.051119327545166 544.93474808335304 13.88795832544565 30.125720500946045 17.320252373814583 18.441643834114075 15.431936547160147 22.46378280967474 29.946684964001179 22.869359530508518 22.992561101913452 14.518295347690584 56.274892456829548 41.438068695366383 20.361989200115204 13.679615743458269 15.389062240719793 16.958031743764877 30.65063950419426
leaf_count=895 2607 989 199 605 238 278 4454 114 185 120 116 102 173 267 148 165 102 402 288 146 87 108 142 227
internal_value=4.99848e-06 -0.000341556 -0.000111846 -0.000626179 0.000984976 0.00178406 -0.0013528 -0.00426499 0.000829706 0.00370222 0.00603029 0.00121283 0.00479085 0.00054081 0.00113422 0.00044777 0.00116918 -0.000635734 0.00259695 0.00360802 0.00691703 0.00297205 -0.00316263 0.000546221
internal_weight=1812.97 1385.67 1269.41 916.01 283.966 246.354 632.044 87.1091 202.303 65.8876 48.5674 353.4 52.8892 300.511 270.564 247.695 224.703 130.103 56.87 94.5996 43.587 29.9074 73.2329 51.0126
internal_count=13157 10550 9561 7005 1832 1594 5173 719 1316 421 301 2556 372 2184 1917 1769 1604 934 390 670 297 210 544 373
is_linear=0
shrinkage=0.01


Tree=234
num_leaves=25
num_cat=0
split_feature=73 174 79 284 22 143 176 208 27 181 151 316 11 310 47 229 239 56 306 244 129 122 219 275
split_gain=8.42924 10.5043 8.57346 10.7734 13.6383 10.4343 10.4028 14.9294 14.2204 7.91036 7.78769 7.77066 8.88131 15.3961 11.2823 8.52304 8.1213 7.97193 7.50991 7.33258 9.29975 7.12332 10.351 10.5736
threshold=315.53479370826329 62.015555555555558 96.439319725669733 0.027156609053484829 -0.80735831260694402 0.15843327290475531 12.471332366211056 0.7846790075881015 0.71216177220008492 0.12428231109549792 0.024432884188981752 -0.02550971239271194 0.49322738183345821 -0.13185874044589757 35.500000000000007 -0.17503411213019984 0.73671096337673336 723.50000000000011 0.77295615225234648 0.0079166666666666673 1.1395776147890191 -0.12231489365344782 0.013015245623941277 0.042607266612203175
decision_type=2 10 2 8 10 10 2 2 2 2 10 2 10 2 2 2 10 2 2 2 8 8 2 2
left_child=2 10 3 4 9 -4 8 -8 -6 -1 19 16 13 17 15 -14 -3 -13 -10 20 -2 22 23 -5
right_child=1 11 5 21 6 -7 7 -9 18 -11 -12 12 14 -15 -16 -17 -18 -19 -20 -21 -22 -23 -24 -25
leaf_value=-0.0024784340711238003 0.0001067411334231798 -0.0049755435891084649 -0.00090721692348402663 0.009277455065962505 -0.00077486925612269583 0.0076392270808105477 -0.0032229880064964943 0.0063642245191837333 0.0059724073592954258 0.0043989317948676162 -0.0020295907130415463 0.0066566502282154093 -0.005970160170381769 -0.003236531104769123 0.0068165389839560456 0.0025345835902497262 0.0021531167380193375 9.966404985297281e-05 0.01510626874061128 -0.0032253100097772414 0.0078290852371989822 -0.004491201455132615 -0.0060842401042061735 -0.00028289262559284329
leaf_weight=62.095908425748348 35.505767121911049 23.583888836205006 1004.6463662013412 14.452541299164293 16.115482792258263 11.652749985456465 31.511534474790096 28.06429859995842 31.170260608196259 19.685776218771935 127.71508891135454 119.45886530727148 26.334838971495625 20.477753475308418 14.599776171147822 17.448062218725685 37.58740708976984 22.328315518796444 16.528402134776115 18.680739708244801 25.466251917183399 42.511978529393673 14.208041086792944 33.884683899581432
leaf_count=436 225 154 7548 90 102 85 203 173 195 125 975 803 240 142 108 144 259 145 101 120 150 344 88 220
internal_value=7.07402e-05 0.0011893 -0.000342654 0.00110442 0.00242845 -0.000787215 0.00449176 0.00136116 0.00721673 -0.000718947 -0.000512196 0.00243746 0.00330343 0.0044889 -3.03081e-05 -0.00261131 -0.0006783 0.00565329 0.00982857 0.00189465 0.00355289 -0.00146786 0.000677484 0.00291211
internal_weight=1815.71 489.187 1326.53 310.229 205.172 1016.3 123.39 59.5758 63.8141 81.7817 207.368 281.819 220.648 162.265 58.3827 43.7829 61.1713 141.787 47.6987 79.6528 60.972 105.057 62.5453 48.3372
internal_count=13175 3465 9710 2077 1335 7633 774 376 398 561 1470 1995 1582 1090 492 384 413 948 296 495 375 742 398 310
is_linear=0
shrinkage=0.01


Tree=235
num_leaves=25
num_cat=0
split_feature=73 171 151 139 180 61 116 36 115 155 134 131 230 3 162 279 279 48 119 108 105 132 235 193
split_gain=6.3188 8.73969 8.91442 15.0529 7.49339 10.2649 15.3201 9.71242 9.54476 8.01107 12.9089 12.9821 7.57103 7.47837 8.96589 9.60494 9.2837 9.55112 8.95475 10.1633 8.50265 9.86448 8.05633 10.4124
threshold=317.52657757435776 9.5993587602078723 0.090034642032332579 0.12287412506507782 3.8222271553115923 631.14921385281377 -0.16481085231936971 0.027197601065181688 -0.52225303256705835 0.037752816614632832 0.12122897495533759 1.0154095928955809 414.50000000000006 2.6753340513719506 0.0058536641081871352 0.025069211826427466 0.01731966086785847 115.50000000000001 0.42225868332837363 0.87627636740634329 0.25259470365234632 0.012674291589025255 0.0034904120269973935 0.93563184374075181
decision_type=2 10 10 2 2 2 10 2 8 10 2 10 2 2 10 8 10 2 8 8 8 2 2 10
left_child=13 2 3 4 -2 6 12 -8 9 -7 11 -11 -6 14 15 16 17 -1 19 -17 -16 -22 -15 -24
right_child=1 -3 -4 -5 5 8 7 -9 -10 10 -12 -13 -14 22 20 18 -18 -19 -20 -21 21 -23 23 -25
leaf_value=0.0011345541931351173 -0.0028046400080352692 0.0066248995178334246 -0.0016047777803039479 0.010449398622717175 -0.0029921963638177792 -0.0025827335434603542 0.011576333146488888 0.0026038128160494325 0.0056383290020426977 0.012085658515690141 -0.0022433278384469189 -0.00066397745669243859 0.0047256881387292039 -0.0019822932362579871 -0.0036162823737061417 -0.0018075464926564512 0.006693476903832628 -0.0033252894409169335 -0.0076165221045562158 0.0066047020088180822 0.0018224645699444608 0.0089814408756840533 -0.00029083949333690381 0.0072317746817729669
leaf_weight=295.74295777082443 41.963453710079193 23.362352699041367 122.88007523864508 15.069512493908404 29.918431296944618 94.381421342492104 27.49842793494463 24.094524621963501 24.301718451082706 15.310910724103453 32.7846869379282 13.504468724131582 17.928072884678841 396.48447616398335 13.822289749979971 155.86377789825201 22.529720641672611 54.356536567211151 21.259494043886662 12.967809379100798 61.0000074878335 27.094315089285374 252.33714801818132 16.982476942241192
leaf_count=1979 290 174 1010 87 202 653 172 142 152 99 238 90 114 3242 98 1055 149 333 194 83 400 159 1913 135
internal_value=2.2136e-05 0.000998964 0.000671892 0.00151208 0.0010025 0.00159967 0.00413064 0.00775915 0.000155725 -0.000777658 0.00196427 0.00655513 0 -0.000333103 0.00041546 -8.24433e-05 0.000847944 0.000418066 -0.00189712 -0.00105693 0.00310191 0.00424716 -0.00108045 0.000250326
internal_weight=1813.44 482.998 459.636 336.756 321.686 279.723 99.4395 51.593 180.283 155.981 61.6001 28.8154 47.8465 1330.44 664.637 562.72 372.629 350.099 190.091 168.832 101.917 88.0943 665.804 269.32
internal_count=13163 3423 3249 2239 2152 1862 630 314 1232 1080 427 189 316 9740 4450 3793 2461 2312 1332 1138 657 559 5290 2048
is_linear=0
shrinkage=0.01


Tree=236
num_leaves=25
num_cat=0
split_feature=233 302 121 301 80 99 239 308 117 137 192 323 83 126 73 175 39 189 148 294 212 117 146 291
split_gain=7.748 10.6175 9.81676 8.81836 12.4052 7.94365 9.91569 12.1467 12.17 11.4381 10.2893 10.0036 9.74041 9.61127 9.80491 12.5786 9.17662 9.41128 8.8507 7.50112 7.43255 7.40574 10.4898 7.36247
threshold=0.87513213530655409 0.011253877778378047 -0.75799473685632135 0.91803278563376101 37.500000000000007 1.2577492900503946 0.80877672325435368 0.00096434995150460154 1.1079737100396503 0.1125113430127042 2.0829598594848036 133.50000000000003 0.9723485632973391 0.6815443812153158 348.16640708431447 6.3959327096410679 0.029528080090927496 -0.33932559599750295 0.10570896457863259 -0.074049141560006013 0.36596254355400698 0.89332777302667388 0.16925488304798653 2.2998386176931223
decision_type=2 2 8 2 2 10 8 2 10 2 8 2 10 8 2 10 2 8 8 2 2 8 8 2
left_child=1 5 3 -3 -5 6 11 9 21 18 -10 12 -1 -11 16 -16 17 -15 -8 -4 -14 22 -9 -2
right_child=23 2 19 4 -6 -7 7 8 10 13 -12 -13 20 14 15 -17 -18 -19 -20 -21 -22 -23 -24 -25
leaf_value=0.0083550348332760097 -0.0025259787160907821 0.0018298064450927784 0.0034421742126004955 0.011473064139775084 0.0013912762365931503 -0.0052728926528606479 0.011381570513232228 0.0067557932838892675 0.010835804881296847 0.0015480546193765855 0.0026880638294457708 -0.0013417586758681878 0.0027411179982660717 -0.0043171163073276115 -0.0051286813961560996 0.0055805566794103964 -0.0042608505218523262 0.0051486631786905645 0 -0.0020820291181345937 -0.0029756752759472916 -0.0040529991559903862 -0.0023324799217162469 0.005244424443353264
leaf_weight=16.710625484585762 154.99993980675936 254.98619831353426 30.058071076869965 22.261248573660851 26.013119429349899 26.925325497984886 12.402629211544992 25.405375830829144 28.494229435920715 144.67144268006086 36.617667980492115 580.89968809485435 55.874286264181137 15.171454317867754 13.478175833821295 31.349839396774769 121.69255556166172 22.477731198072433 12.638714045286177 94.351809173822403 34.257408566772938 20.97265013307333 20.838546201586723 10.504798933863638
leaf_count=108 1238 1689 225 152 167 254 88 201 180 1040 266 4074 397 133 102 231 974 183 86 776 235 159 137 80
internal_value=9.64502e-05 0.000305169 0.00165574 0.00261982 0.00643936 -0.000169853 -4.16862e-05 0.00101645 0.00358573 8.42398e-05 0.00657244 -0.000822965 0.00195019 -0.000402485 -0.00179176 0.00222574 -0.00294743 0.00127403 0.00625111 -0.00069237 0.000532874 0.000528954 0.00274185 -0.00194661
internal_weight=1814.05 1648.55 427.67 303.261 48.2744 1220.88 1193.95 506.211 132.328 373.883 65.1119 687.742 106.842 348.841 204.17 44.828 159.342 37.6492 25.0413 124.41 90.1317 67.2166 46.2439 165.505
internal_count=13175 11857 3009 2008 319 8848 8594 3780 943 2837 446 4814 740 2663 1623 333 1290 316 174 1001 632 497 338 1318
is_linear=0
shrinkage=0.01


Tree=237
num_leaves=25
num_cat=0
split_feature=73 174 271 273 225 212 268 174 268 2 79 5 284 204 208 279 94 124 127 154 105 240 34 114
split_gain=7.87145 9.33074 11.0175 10.288 9.15428 9.85506 8.48921 8.44029 8.41973 9.83791 7.98632 10.1087 8.89892 9.68117 10.7979 10.4553 9.46398 9.90597 7.45778 8.79031 7.51047 9.56376 7.36054 9.23515
threshold=315.53479370826329 78.325416666666683 0.062856772041100809 4.3595717191001668 0.71168407671475165 0.30212080335731423 0.17469844359723116 62.015555555555558 0.27047280451260003 0.84291682439749505 96.439319725669733 -2.8939422394527852 0.027156609053484829 0.37541946308724838 0.4995705611707742 0.014326497732021161 0.5805699253776998 5.5000000000000009 -0.68627430339121476 0.019116981657443185 0.13287453950093006 0.82437392709624835 0.079436709954949017 0.47499818936807098
decision_type=2 10 2 10 2 2 2 10 2 10 2 2 8 2 2 8 10 2 8 10 8 2 2 8
left_child=10 3 -3 6 -5 7 -2 -6 9 -8 11 -1 13 15 -15 18 17 -14 -13 20 -20 -22 -12 -24
right_child=1 2 -4 4 5 -7 8 -9 -10 -11 22 12 16 14 -16 -17 -18 -19 19 -21 21 -23 23 -25
leaf_value=-0.0038338978658980618 -0.0049333459069217725 -0.0010276234661418656 0.0043532501257465281 0.007744737789201964 0.00037173969769301865 -0.0052932946540333679 -0.0019275995493636844 0.0093822329486258592 -0.0013211887146084894 0.0077625800004433396 -0.0042870852247379344 -0.004928204815954013 -0.0051946036062499434 0.0010362019247997835 0.011819281737963094 0.0091031523663697867 0.0039145957546104868 0.0028861744766147165 -0.0022610446915807382 0.0073102497983156866 0.0064023025036654656 -0.0029047002275567717 -0.004205282753461782 -0.0003375303764663054
leaf_weight=35.252739727497101 44.038751497864723 51.250993356108665 132.46001992374659 24.033391006290913 36.06232313811779 16.782906077802181 16.103270784020424 12.062446773052214 134.46058754622936 22.360334046185017 55.085368379950523 17.24240380525589 47.534051135182381 16.990564301609993 20.067382499575615 14.043437615036963 26.972281366586685 19.377889879047871 50.195597931742668 19.508267112076283 28.806790806353092 14.723632656037806 63.637547120451927 893.07554841786623
leaf_count=309 306 432 871 151 262 124 102 89 975 155 474 99 342 108 129 85 194 104 309 109 187 101 449 6684
internal_value=1.11677e-05 0.00109122 0.00285391 1.28504e-05 0.00282794 0.000744107 -0.00115819 0.00304707 -0.000126837 0.00382763 -0.000389405 0.00100525 0.00166099 0.00293947 0.00732644 0.00168816 -0.000814932 -0.00281767 0.000705546 0.00167172 0.000307137 0.00324744 -0.000820303 -0.000607541
internal_weight=1812.13 489.615 183.711 305.904 88.9411 64.9077 216.963 48.1248 172.924 38.4636 1322.51 310.715 275.462 181.578 37.0579 144.52 93.8842 66.9119 130.477 113.234 93.726 43.5304 1011.8 956.713
internal_count=13150 3467 1303 2164 626 475 1538 351 1232 257 9683 2076 1767 1127 237 890 640 446 805 706 597 288 7607 7133
is_linear=0
shrinkage=0.01


Tree=238
num_leaves=25
num_cat=0
split_feature=76 11 136 120 160 162 65 160 282 221 120 154 131 137 29 274 78 173 8 132 27 25 76 87
split_gain=7.75708 11.4407 10.713 9.75018 9.68387 8.88516 9.09658 10.5748 8.73382 9.31385 8.59542 18.8344 7.70604 7.59133 8.80604 7.7491 7.61882 7.5901 7.47142 9.60501 9.09867 7.12713 8.66215 8.63158
threshold=0.72157341624259674 0.67739926196260336 0.32339757506930766 0.53635554339761815 0.012066392458049724 0.0032733311903996574 2.7263173132326677 0.067583317583317606 -0.024980180505029866 -0.15588983239159301 0.98026695328724267 0.019116981657443185 1.7698518404065082 0.16982629529799345 0.23185662289466175 5.6043989983135507 60.079118749713764 0.0009722222222222223 -1.0311612708415825 0.011936736365903183 0.80560956861103106 -0.53089982690142878 0.82897753614541647 1.6299677511692199
decision_type=10 10 2 8 10 10 10 10 10 2 10 10 10 2 2 2 2 10 2 2 2 2 10 10
left_child=2 5 4 -4 12 13 10 -8 -6 -10 18 -12 -1 -2 -15 -16 -17 -3 -7 20 21 -20 23 -23
right_child=1 17 3 -5 8 6 7 -9 9 -11 11 -13 -14 14 15 16 -18 -19 19 -21 -22 22 -24 -25
leaf_value=0.0010938082293405699 -0.00018529827058040381 -0.0058315862196446581 0.0023309423923634008 -0.0050177717365415785 0.00043074121117679085 -0.0026404975466448543 -0.0040712393893832868 0.00025285321477698118 0.0075682968051070301 0.00070262222356865423 -0.0031227803151750244 0.0054403099142059054 -0.0062894569972502369 0.0030845140840136988 -0.0046481979491249589 -0.0027579936870145887 0.0052565853701208812 0.0023462432970654873 -0.0027380457150437717 0.0076974384073443093 -0.0033162675343829484 0.0054901762733327317 0.0066434161000999605 -0.0029360678810727609
leaf_weight=139.59206292778254 332.27131610363722 54.038192443549633 27.616035416722298 42.42959888279438 48.566750481724739 18.446603439748287 61.243645735085011 477.364328160882 69.06904873251915 28.571688510477543 76.307010740041733 35.175274483859539 12.845305554568766 21.27745334059 128.22653579711914 30.262235373258591 15.636998802423475 12.316079050302504 14.38381017744541 43.35141546279192 21.532985344529152 18.843755923211575 61.690124183893204 24.839366093277931
leaf_count=850 2424 503 179 304 301 106 488 3696 412 178 562 231 85 169 1002 245 140 110 87 263 161 124 420 154
internal_value=3.31081e-05 -0.000296693 0.00132275 -0.00212869 0.00214805 -9.69048e-05 0.000532699 -0.00025574 0.00396159 0.00564597 0.00187606 -0.000344048 0.000361473 -0.0011142 -0.00266335 -0.00340966 9.89106e-05 -0.00426509 0.0030876 0.00369658 0.0023345 0.00341208 0.00431076 0.00079035
internal_weight=1815.9 1447.21 368.69 70.0456 298.645 1380.85 853.178 538.608 146.207 97.6407 314.57 111.482 152.437 527.675 195.403 174.126 45.8992 66.3543 203.088 184.641 141.29 119.757 105.373 43.6831
internal_count=13194 10885 2309 483 1826 10272 6292 4184 891 590 2108 793 935 3980 1556 1387 385 613 1315 1209 946 785 698 278
is_linear=0
shrinkage=0.01


Tree=239
num_leaves=25
num_cat=0
split_feature=5 5 118 232 292 313 119 109 154 188 292 109 122 100 136 17 82 221 216 114 120 287 256 316
split_gain=9.57129 13.8531 10.0123 9.27722 12.194 12.0218 10.4078 11.7106 8.91592 9.02396 8.11825 7.96969 12.736 10.1082 16.1852 13.3777 12.6524 10.9756 9.7109 9.30915 13.6669 9.07444 10.0008 8.47924
threshold=-2.8935132521978844 -2.8712440139818409 20.500000000000004 2.7241120743786311 -0.0034691164778374085 -0.0021279003961516695 -0.089165336315534596 0.94097655294452121 0.025486728857292366 0.2382529170608641 -0.062456961312132207 2.2683624778100966 0.64143503934520274 0.67990093796261097 0.32339757506930766 1.5665948281312976 0.33134055000409374 -0.090354054349712401 0.7267515675048285 0.69788140040703606 0.92663485547655344 -0.021970923133713825 176.50000000000003 -0.022025874086878932
decision_type=2 2 2 2 2 2 8 10 10 10 2 10 8 10 2 2 8 2 2 8 8 2 2 2
left_child=2 3 -1 4 6 -6 7 -2 9 -7 -4 13 -13 14 15 21 -16 18 -17 -15 -21 -3 -23 -20
right_child=1 11 10 -5 5 8 -8 -9 -10 -11 -12 12 -14 19 16 17 -18 -19 23 20 -22 22 -24 -25
leaf_value=-0.0059618974656786075 0.0088609298179727521 -0.0051622803584105426 0.0072594945284119149 -0.00076292374185759401 -0.0032171533674285797 -0.0027649918558569453 0.013193875983112292 -0.0012032702487603903 0.009530747272026836 0.005435867650848779 -0.0013349152120596267 0.0097968163694828175 0.00033482091482177394 -0.0019454336117109294 0.0050154694786278967 0.00057549601473299531 -0.005102075368492158 -0.0018825601615521145 0.002635401076358825 0.0019715631703158044 -0.0010868962332658953 0.0032071562961325339 -0.0048421031100747917 0.010505401403535744
leaf_weight=45.264501832425594 20.968955174088478 22.021805517375469 8.8768915086984617 58.115751437842846 32.298045337200165 23.362287364900112 18.217827081680298 21.017194703221321 17.709823176264763 24.861318275332451 175.20594695955515 17.835161663591862 47.051851458847523 388.74662471562624 13.380911931395529 22.641652546823025 52.205846570432186 17.537545390427113 22.557382345199585 226.07675267755985 401.00241708010435 74.483093529939651 16.544375702738762 47.781507253646851
leaf_count=460 104 140 77 347 176 128 95 103 87 125 1604 95 353 2998 88 137 367 120 137 1474 3118 454 97 287
internal_value=3.46679e-06 0.000281091 -0.00189248 0.00261422 0.00385087 0.0015824 0.00729813 0.00404349 0.00398396 0.00151031 -0.000811053 -9.16436e-05 0.00325231 -0.000265389 0.00137443 0.0026537 -0.00290063 0.00508166 0.00642263 -0.000735685 1.80643e-05 0.000205012 0.00163118 0.00819559
internal_weight=1815.77 1586.42 229.347 216.551 158.435 98.2315 60.204 41.9861 65.9334 48.2236 184.083 1369.87 64.887 1304.98 289.154 223.567 65.5868 110.518 92.9805 1015.83 627.079 113.049 91.0275 70.3389
internal_count=13171 11030 2141 1165 818 516 302 207 340 253 1681 9865 448 9417 1827 1372 455 681 561 7590 4592 691 551 424
is_linear=0
shrinkage=0.01


Tree=240
num_leaves=25
num_cat=0
split_feature=294 237 304 150 117 153 193 62 50 199 11 161 63 88 251 9 305 244 114 176 174 315 108 244
split_gain=7.08143 9.65286 10.197 8.43769 7.26196 11.4413 10.3454 10.5089 11.631 7.84253 7.80306 7.62766 11.9336 11.454 9.28359 7.70996 7.23859 7.20423 7.17429 7.16424 6.69851 10.0009 11.7294 8.02724
threshold=-0.1333807416772019 -0.015369730000126107 -0.099565556009470105 0.17092926914355488 1.6989804895797758 0.014721362229102168 0.59476565172767715 41.500000000000007 2.5000000000000004 0.092763644055777764 0.075589600240278679 0.079238106737503033 0.83020469687658949 0.25698793982269902 533.99916666666684 1.1211999069793532 0.49999999997902106 0.040138888888888898 0.8198029686609144 12.415289622101737 59.479444444444447 -0.099902831491064728 0.87627636740634329 0.0068055555555555569
decision_type=2 2 2 10 10 10 8 2 2 2 10 10 10 10 2 2 2 2 10 2 10 2 8 2
left_child=1 2 17 -4 5 6 9 -8 18 -2 -7 13 14 15 -13 -6 19 -1 -9 -14 23 -22 -23 -10
right_child=4 -3 3 -5 11 10 7 8 20 -11 -12 12 16 -15 -16 -17 -18 -19 -20 -21 21 22 -24 -25
leaf_value=-0.0062746441004858768 -0.0042396054167139251 -0.0045329061558831932 0.0061828855355009387 -0.0024650553132216477 0.0056549852106532773 0.0043012149186739722 -0.0023735604659961781 0.0016811635518199266 0.00015395755658452012 0.0026555463760654517 -0.0034433545677548965 0.01268452043534227 -0.00048188466916906225 -0.0063505523498087477 0.0017334714708603105 -0.0021838567142282187 -0.0033988568066857954 0.0025022338637695437 0.0110248855269501 0.0078672182512117619 0.0010425173845596215 -0.0046655986474544806 0.003612151054549575 -0.0037494833520022568
leaf_weight=14.114257730543612 90.711371660232544 16.248728550970554 72.729916915297508 11.50030120462179 24.188545823097229 11.628102183341978 145.88788767158985 19.804957248270512 144.29995734244585 17.806781560182571 161.05702029168606 17.405414797365669 21.013682797551155 21.445075660943985 14.591143675148485 21.011438153684139 22.284771382808685 18.214979372918606 13.377885632216929 16.352272912859917 757.52257615327835 62.726367630064487 20.671548597514629 79.533320523798466
leaf_count=95 617 121 494 95 159 99 1150 152 977 119 1537 102 163 150 93 167 174 131 89 124 5247 460 134 552
internal_value=-6.22367e-05 0.00213524 0.00315899 0.00494865 -0.000239515 -0.000452605 -0.000139756 0.000120623 0.000458224 -0.00306023 -0.00285494 0.00177897 0.00361028 -0.00076947 0.00826812 0.00207636 0.000833407 -0.00149813 0.00604848 0.00344443 0.00026743 0.000677576 -0.00255071 -0.00125818
internal_weight=1816.13 132.808 116.559 84.2302 1683.32 1525.03 1352.34 1243.82 1097.94 108.518 172.685 158.292 91.6473 66.6451 31.9966 45.2 59.6507 32.3292 33.1828 37.366 1064.75 840.92 83.3979 223.833
internal_count=13201 936 815 589 12265 11133 9497 8761 7611 736 1636 1132 656 476 195 326 461 226 241 287 7370 5841 594 1529
is_linear=0
shrinkage=0.01


Tree=241
num_leaves=25
num_cat=0
split_feature=150 160 60 273 235 39 109 69 311 170 109 224 241 220 22 297 285 297 161 114 246 114 224 64
split_gain=6.63062 14.6923 12.8554 9.3089 9.30832 13.4201 10.5568 9.91135 8.77178 10.0358 9.0821 15.5542 8.57853 8.38794 9.4183 9.49414 9.09228 11.3533 9.63333 8.5584 8.47427 8.32778 9.32934 8.84055
threshold=0.048826334128002941 0.068215538171027795 -144.59514149190406 2.6424772413277875 0.006904497060225649 0.086367998604083077 1.1744431469712573 0.24167653934201402 0.058592678889449752 1.8632779504534105 1.5195776906739467 2.4217296060819629 0.89444444444444449 0.4119713459154154 0.11730539456299779 -0.016607897721414584 0.047216830306712469 0.010194626573539187 0.014828763298243655 0.99330681248087116 0.74153719100885962 0.47499818936807098 0.40123726873798043 0.92354776139208972
decision_type=8 10 2 8 2 2 10 10 2 8 8 2 2 2 10 2 2 2 8 8 10 8 2 10
left_child=21 3 -3 -2 8 6 -6 -7 9 -4 -11 -12 -8 14 15 20 -16 18 -18 -17 -5 -1 -23 -24
right_child=1 2 4 13 5 7 12 -9 -10 10 11 -13 -14 -15 16 19 17 -19 -20 -21 -22 22 23 -25
leaf_value=-0.0011962787159131366 0.0033183141010371957 0.0066213383653183217 -0.002908405026501833 -0.0023478951492995445 -0.001073711061069825 -0.0044746173103985066 0.0078470043651805606 0.0036836528313108591 0.0036268880751011011 -0.0016216507847712572 0.0049994251965697943 -0.00031115341434190616 0.00042074447385094174 -0.005838372788926508 -0.0048342974114926668 -0.0041503183241628962 0.0056000893544314772 0.011076486983192671 -0.0031973816891806895 0.0032971709505384634 0.0071841714593553398 -0.0029418247067277211 0.0025447849538135403 -0.0021676913507543832
leaf_weight=133.36972133815289 28.468369327485561 29.385596893727779 150.88385387510061 17.646391175687313 26.555766128003597 37.959060519933701 61.162309698760509 20.738769493997097 47.84871356934309 186.02116298675537 75.171059288084507 186.15994483977556 21.379083827137947 56.661097787320614 15.149686709046362 175.24457263201475 19.62162759155035 11.431249313056467 25.07878004014492 14.657317973673342 14.590723492205141 38.319495089352131 376.48500447720289 42.075627595186234
leaf_count=864 219 188 1232 146 226 268 429 141 379 1484 470 1427 166 438 110 1485 142 83 185 108 121 251 2330 274
internal_value=0.000111273 -0.00030859 0.000425739 -0.00193803 0.000178556 0.00225717 0.00429576 -0.00153878 -0.000367241 -0.000704013 5.09031e-05 0.00124992 0.00601335 -0.0023916 -0.00167301 -0.00268148 0.00143846 0.00329989 0.000746953 -0.00353013 0.00216997 0.000979405 0.00162018 0.00205725
internal_weight=1812.06 1221.82 843.265 378.55 813.88 167.795 109.097 58.6978 646.085 598.236 447.352 261.331 82.5414 350.081 293.42 222.139 71.2813 56.1317 44.7004 189.902 32.2371 590.25 456.88 418.561
internal_count=13166 9447 6410 3037 6222 1230 821 409 4992 4613 3381 1897 595 2818 2380 1860 520 410 327 1593 267 3719 2855 2604
is_linear=0
shrinkage=0.01


Tree=242
num_leaves=25
num_cat=0
split_feature=299 73 11 303 123 71 268 76 113 224 307 234 308 64 271 299 122 105 115 146 146 309 255 43
split_gain=7.18094 9.60975 12.1339 9.19403 7.88732 11.291 8.9363 8.43011 9.83604 10.7378 11.1616 11.4949 10.6707 10.5851 9.50414 8.79111 8.7826 9.78473 10.11 9.31758 8.79129 8.39438 8.27074 7.55521
threshold=-0.052933153802719006 327.17862094722165 0.41228268097248599 -0.00081468158707265583 -0.10896092029255984 0.48997336407146791 0.5536189427652124 1.219610619333064 0.85755759109659935 0.47392928090255421 -0.0038181799396602048 0.13240163615114922 0.007737616012484118 1.1025892040055822 0.13635587753583686 0.058970989743677656 0.62680524993752162 0.98076975964380353 -0.3639235922450848 0.10350985221674879 0.10815241470979177 -0.0035183411573841967 79.500000000000014 282.50000000000006
decision_type=2 2 10 2 8 8 2 10 8 2 2 2 2 8 2 2 8 8 10 10 10 2 2 2
left_child=1 -1 3 -3 6 -6 -2 8 9 -7 12 13 16 14 -12 -10 17 18 20 -19 -11 -8 -15 -22
right_child=4 2 -4 -5 5 7 21 -9 15 10 11 -13 -14 22 -16 -17 -18 19 -20 -21 23 -23 -24 -25
leaf_value=0.00048069203051301671 0.0060514977676907767 0.0020092326364256757 -0.00066313215835197702 0.011766491222340253 -0.0056367900883222046 -0.0065380759947260827 -0.0050252413903324597 -0.0026975595388086943 0.0011546225395291125 -0.0058882751341655468 9.0566982940390865e-05 -0.0055405846493950528 0.0061873523116831889 0.0018589388566290518 0.0032883193317890984 0.010335803188208665 -0.0037271852227365233 0.0065556608091467605 0.0061511114399915804 -0.0008413103406028343 -0.0016895710332088826 0.003289912842624042 0.011977612337087275 0.0039335823949930657
leaf_weight=305.57170534878969 37.764448948204517 18.289094336330891 26.29549802839756 22.551599979400635 38.365100540220737 23.583557322621346 19.093089193105698 131.07340287417173 31.728020757436752 43.119340091943741 455.16944850236177 24.539223089814186 16.054067030549049 20.430229865014553 114.24146605283022 13.590668551623819 125.47498943656683 30.407347805798054 13.84118704497814 33.316484250128269 215.20900964736938 24.327331021428108 12.476683832705019 24.038524396717548
leaf_count=2184 206 117 200 137 291 166 116 1182 228 350 3425 173 112 163 683 95 1078 180 88 191 1468 151 91 151
internal_value=2.16949e-05 0.00125462 0.00460023 0.00783495 -0.000296826 -0.000479365 0.00267632 -0.000317934 -5.07992e-05 -0.000236178 -8.74789e-05 0.000799631 -0.00119668 0.0010844 0.000747038 0.00437617 -0.00147754 -0.000667472 -0.00143683 0.00280228 -0.00186988 -0.000428684 0.00637059 -0.00108088
internal_weight=1820.55 372.708 67.1362 40.8407 1447.84 1366.66 81.1849 1328.29 1197.22 1151.9 1128.32 626.857 501.461 602.318 569.411 45.3187 485.407 359.932 296.208 63.7238 282.367 43.4204 32.9069 239.248
internal_count=13226 2638 454 254 10588 10115 473 9824 8642 8319 8153 4535 3618 4362 4108 323 3506 2428 2057 371 1969 267 254 1619
is_linear=0
shrinkage=0.01


Tree=243
num_leaves=25
num_cat=0
split_feature=153 93 309 144 205 278 320 119 144 197 105 108 92 235 258 160 220 134 235 229 158 67 105 67
split_gain=7.70126 13.992 10.9738 8.50681 13.2155 14.2983 8.64075 8.90051 9.31602 9.88086 11.6791 9.25825 17.7558 8.14875 8.11722 11.1929 15.5008 9.46487 10.1865 9.24654 8.9705 8.75225 15.7724 9.49626
threshold=0.049443833272216117 -0.08924937722685243 -0.055903584894886775 0.0051948402417962012 -0.41798513232869322 -0.005287510571526423 -0.31441403303167748 0.52677464825008824 0.015787112532133222 -0.53256663124334569 0.44815686553971018 1.1613323336363639 141.50000000000003 0.00384862249432211 -0.51946349429927763 0.064915910048653422 0.25458754208754214 0.068987150088694688 0.0063948881789137385 -0.2703670017604754 0.34150635520439715 140.85653841864209 0.2109267823489395 44.520140444047399
decision_type=10 10 2 8 2 10 2 10 8 10 10 10 2 2 2 8 2 2 2 2 10 2 10 2
left_child=1 3 -3 4 -1 -6 -5 8 9 -8 -11 -9 -13 -12 15 20 -17 18 -16 -18 21 22 23 -10
right_child=-2 2 -4 6 5 -7 7 11 14 10 13 12 -14 -15 17 16 19 -19 -20 -21 -22 -23 -24 -25
leaf_value=-0.0060286402444715698 -0.0028251566750840855 0.010475364303596975 0.0019500676801355961 0.0057021966960695081 -0.0065459551159956324 0.0012385415907911754 -0.0029603491491961222 -0.0029633860252366228 -0.0029374898162216208 -0.00092661155881820962 0.0030958298270520896 -0.0030865699728867147 0.0094137260433817833 0.0099132431443003741 0.004458667126638039 0.0089579126552472663 -0.00099155390941612644 -0.0023030723274865268 -0.0042271083874964276 0.0075159514163382693 -0.0051131344092039789 -0.0013489450366185212 0.0047187481114589393 0.0011402598097814268
leaf_weight=56.365153327584267 87.015188664197922 14.140194647014139 170.62879117578268 24.599649429321289 26.87435170263052 111.59044399857521 21.871475540101528 160.8543217331171 74.499520823359489 31.839680887758732 45.557930089533329 24.685670033097267 16.67593015730381 31.285235524177551 44.877251639962196 33.153589092195034 57.216601692140102 226.18237687647343 16.184143207967281 13.392964094877241 28.523841388523579 192.48031388223171 94.976832464337349 215.37781517952681
leaf_count=470 834 95 1242 171 202 861 153 1459 523 244 299 195 121 201 300 217 368 1571 112 82 201 1295 587 1429
internal_value=2.88881e-05 0.000177091 0.00275661 -0.000134419 -0.00207271 -0.000366397 0.000147448 3.19844e-05 0.000380407 0.00286239 0.00408878 -0.00188402 0.00221144 0.00613852 4.71348e-05 0.000622137 0.00361049 -0.00136208 0.00205515 0.000836613 9.42137e-05 0.000377003 0.00124638 7.04768e-05
internal_weight=1820.85 1733.83 184.769 1549.07 194.83 138.465 1354.24 1329.64 1127.42 130.554 108.683 202.216 41.3616 76.8432 996.865 709.621 103.763 287.244 61.0614 70.6096 605.858 577.334 384.854 289.877
internal_count=13232 12398 1337 11061 1533 1063 9528 9357 7582 897 744 1775 316 500 6685 4702 667 1983 412 450 4035 3834 2539 1952
is_linear=0
shrinkage=0.01


Tree=244
num_leaves=25
num_cat=0
split_feature=99 105 122 116 148 122 89 306 302 267 177 122 186 103 13 22 28 103 170 103 128 116 312 113
split_gain=9.96668 12.9107 9.55833 12.2522 11.9101 8.92122 8.16912 9.1088 13.1978 9.13169 7.82954 8.35252 11.7515 7.6095 9.98099 8.47713 12.8925 8.62177 10.0918 9.56805 9.27704 9.2333 13.4952 12.1678
threshold=1.2991274216249038 1.3824999942590697 -0.036444640190500595 -0.13389200472669535 0.081016731016731028 -0.050544851998469871 0.8827130208246502 0.97504002233789999 -0.0090102578719836804 0.99156140965610051 7.1995905206993074 1.1773644357578392 0.022347066167290892 0.81808587953963507 0.62181567752196176 0.1013920202941237 0.26318272095332679 1.4154005273986874 4.7132578602752062 1.3203870756189826 1.1153281437730718 0.27407828562849151 -0.50135871239812946 0.29582589144564025
decision_type=10 10 10 8 10 10 8 2 2 2 8 10 10 10 10 10 2 10 10 10 10 8 2 10
left_child=1 2 5 6 -5 -1 -4 -8 -9 -10 -3 12 -12 14 -6 16 -15 18 19 -17 -21 22 -19 -23
right_child=-2 10 3 4 13 -7 7 8 9 -11 11 -13 -14 15 -16 17 -18 21 -20 20 -22 23 -24 -25
leaf_value=0.00069523693014851725 -0.0053276799318476165 0.0076375437858585042 0.0051181892871047449 0.0090903265518381526 -0.0026527276271674886 0.0078060560501137148 -0.0040773722387173576 -0.0058123741345478984 0.0098830801937627426 -0.0012310774282589137 -0.00079247399419861506 -0.0043546926924890464 0.0086489152124509423 -0.0034632608086262525 0.005744951131254109 0.0017601523560561529 0.0054027624272047119 -0.0059900782161040559 -0.0020299808022960809 0.012996343115752953 0.0014413013080838229 0.0073739838432697862 -0.00010186679646312462 -0.00024445641796967606
leaf_weight=661.61902272701263 30.65950632840395 30.856964640319347 10.1907871812582 11.171688862144945 18.602581165730953 15.368471331894396 176.27103061228991 14.687721796333788 14.250615864992143 11.778975263237951 27.600215896964073 15.231594912707804 21.381805695593357 144.82257121801376 41.405306100845337 103.80425727367401 15.812433548271654 64.858581766486168 46.362902373075485 14.726283416152002 13.165449053049086 20.588989354670048 92.651922456920147 196.03724475204945
leaf_count=4202 295 213 85 95 132 100 1496 124 115 100 188 124 130 1249 271 666 131 553 298 94 91 166 791 1471
internal_value=7.55482e-05 0.000177337 -2.67766e-05 -0.000642384 -4.55145e-05 0.000890088 -0.00267183 -0.00310369 0.00107934 0.00519238 0.00370775 0.00156074 0.00355758 -0.000211683 0.00312334 -0.000505128 -0.00250562 8.48457e-05 0.00188067 0.0032787 0.00821233 -0.000774872 -0.00259593 0.000561091
internal_weight=1813.91 1783.25 1688.18 1011.19 784.01 676.987 227.179 216.988 40.7173 26.0296 95.0706 64.2136 48.982 772.839 60.0079 712.831 160.635 552.196 178.059 131.696 27.8917 374.137 157.511 216.626
internal_count=13180 12885 12230 7928 6008 4302 1920 1835 339 215 655 442 318 5913 403 5510 1380 4130 1149 851 185 2981 1344 1637
is_linear=0
shrinkage=0.01


Tree=245
num_leaves=25
num_cat=0
split_feature=149 71 94 144 175 175 83 142 108 151 58 5 121 231 296 147 126 134 246 181 115 318 144 289
split_gain=7.10214 8.71366 8.80119 8.14427 9.68386 9.2718 8.32153 9.08756 8.04236 13.6853 9.30499 13.6078 10.0334 8.4108 9.55588 9.67982 7.97147 9.96899 7.57711 7.57105 9.60968 9.92213 7.22086 6.776
threshold=0.26401991614255771 1.5287826157505127 0.57278596023775863 1.0000000180025095e-35 52.199028363339544 100.3199482224901 3.5013525619451138 0.03730078421452062 1.1508305125076885 0.083200212992545278 1.1102002948916145 -2.7664271998171581 -0.31642214710644861 0.030318134884272877 1.0651550762052129 0.18607536499509494 0.59082664877320445 0.052607720570692372 0.96100700785286086 0.079722182098319619 -0.52880457469916731 0.93884476867670152 0.010704736440030558 0.0017208849059334177
decision_type=10 8 10 8 10 10 10 2 10 10 8 2 8 2 2 8 8 2 10 2 10 2 10 2
left_child=3 -2 -3 4 19 -6 7 8 9 13 11 -10 18 -5 15 -15 17 22 -13 -1 -21 -22 -11 -23
right_child=1 2 -4 6 5 -7 -8 -9 10 16 -12 12 -14 14 -16 -17 -18 -19 -20 20 21 23 -24 -25
leaf_value=-0.0051766543520614348 -0.0013015894070195022 0.0090058878566221228 -0.00073823707003073543 9.4737108721521665e-05 0.0062434251541106083 -0.0025573861335890947 0.0053513060689655513 -0.0048128515688794365 0.011459552117634232 -0.0002223529158318971 -0.001668689771731384 0.002428600944978329 0.0078536812924559791 0.0020665419303223837 -0.0018817212533775943 0.010867585204492861 -0.00372471013975246 -0.0033923019486796434 -0.0047489585640426366 -0.0040510824308961583 0.0091404542771478178 0.0038019105698242441 0.0098257137357171294 -0.0046980780145306949
leaf_weight=81.073841892182827 25.212676040828228 26.446992285549641 12.700927995145319 1068.5101402178407 22.671212017536163 20.108570583164692 27.016073510050774 35.094942726194859 17.283675216138363 13.220206938683988 37.354656592011452 40.073967389762402 19.268165044486523 33.192407213151455 21.583416566252708 19.483182720839977 142.63355977833271 25.369358547031879 19.53454727679491 45.3817970007658 11.82000747323036 14.908676058053972 11.974150806665419 17.045065477490425
leaf_count=660 207 178 100 7314 185 162 209 327 103 112 283 241 141 236 152 117 1268 226 129 382 87 112 97 133
internal_value=-8.7975e-06 0.00318078 0.00598441 -0.000132022 -0.00195088 0.00218281 0.000123424 1.89751e-05 0.00014412 -9.10785e-05 0.00245783 0.00407291 0.0020999 0.000326128 0.00351635 0.00572947 -0.00253299 0.000829071 -1.64218e-05 -0.00301432 -0.000937888 0.00231818 0.00502884 -0.000716578
internal_weight=1808.96 64.3606 39.1479 1744.6 213.009 42.7798 1531.59 1504.58 1469.48 1335.97 133.515 96.1604 78.8767 1142.77 74.259 52.6756 193.197 50.5637 59.6085 170.229 89.1555 43.7737 25.1944 31.9537
internal_count=13161 485 278 12676 1721 347 10955 10746 10419 9522 897 614 511 7819 505 353 1703 435 370 1374 714 332 209 245
is_linear=0
shrinkage=0.01


Tree=246
num_leaves=25
num_cat=0
split_feature=153 20 153 103 148 108 210 102 52 257 82 169 207 162 149 149 315 234 33 120 226 120 127 157
split_gain=8.20345 9.98996 9.0393 9.44256 11.6823 11.6173 13.6563 11.7895 10.4774 8.82783 7.95038 7.79267 7.91877 7.11013 10.647 10.3932 14.8776 10.3651 11.1735 9.8603 11.0591 9.98469 10.4855 11.9139
threshold=0.050059665871121727 0.9050387478887475 0.045084975438992723 1.6428132559348676 0.091854763106656107 1.1508305125076885 0.15430402930402934 0.64910327237399745 247.50000000000003 163.50000000000003 0.76087797788112044 27.500000000000004 0.5138516804767711 0.00404176536252008 0.26401991614255771 0.092335018445142789 -0.096559334601391475 0.0062305900621118021 0.021355768234115332 1.043747094277836 0.098623128907977017 0.76889629494685441 -0.64040771505060723 0.42631807163826874
decision_type=10 10 10 10 10 10 2 10 2 2 10 2 2 10 10 10 2 2 2 8 2 10 10 10
left_child=1 2 3 13 -5 6 9 8 -7 -6 11 12 -3 15 -15 16 19 18 -17 21 -21 22 -1 -24
right_child=-2 10 -4 4 5 7 -8 -9 -10 -11 -12 -13 -14 14 -16 17 -18 -19 -20 20 -22 -23 23 -25
leaf_value=-0.0025275060213752237 -0.0029136984690964901 0.0033115272927893105 0.0079627828460896184 0.0075257543456115636 -0.0045510605792944622 0.00015565274595452628 0.0064546415204985051 -0.0025349938823710028 0.0092046379664119764 0.0026642940983411878 0.0096155304851955701 0.0058166676275539474 -0.0057307170017826389 0.0010118700106358071 0.0082954108608127523 -0.0012981384491626286 -0.0037277689974862735 -0.0016392707378274606 0.01133420490432531 0.0015113651910007681 0.013388763919742613 -0.0011875013320221078 0.0051004780632311767 -0.00031100936092509293
leaf_weight=33.801510207355022 84.493593513965607 16.513227194547653 11.52366868406534 10.820058427751063 179.66528145223856 29.218957461416721 11.004755496978758 48.962389625608921 20.394287571310997 16.671017326414585 15.242014981806276 24.464242652058601 16.64245080947876 457.27384036034346 18.305044516921043 13.481831640005113 56.075891487300396 412.53413282334805 10.418906196951864 19.019395932555202 11.89457545429468 116.30144448578358 122.99616527557373 59.155216567218304
leaf_count=211 813 116 102 96 1607 204 95 397 128 139 98 161 120 3003 121 104 395 3175 75 146 84 758 692 359
internal_value=7.61131e-05 0.000227049 6.42611e-05 -3.96335e-06 -0.00154848 -0.00193899 -0.00326967 0.000863152 0.00419165 -0.00390407 0.00377986 0.00184024 -0.0012932 0.000365271 0.00134191 -0.000179005 0.000940869 -0.0012562 0.00478981 0.00168784 0.00685339 0.00115018 0.00241283 0.0033598
internal_weight=1816.87 1732.38 1659.52 1647.99 316.737 305.917 207.341 98.5756 49.6132 196.336 72.8619 57.6199 33.1557 1331.26 475.579 855.679 419.244 436.435 23.9007 363.168 30.914 332.254 215.953 182.151
internal_count=13199 12386 11891 11789 2666 2570 1841 729 332 1746 495 397 236 9123 3124 5999 2645 3354 179 2250 230 2020 1262 1051
is_linear=0
shrinkage=0.01


Tree=247
num_leaves=25
num_cat=0
split_feature=73 65 124 168 43 11 312 232 106 268 175 53 90 36 310 303 156 219 234 42 161 27 230 312
split_gain=7.77128 10.8674 10.5501 9.66399 11 8.96318 12.8985 9.00448 10.1056 11.9103 11.2167 8.88387 10.0887 8.82909 9.76802 10.0764 8.27073 8.07076 10.3396 7.88289 7.82346 7.80909 7.59355 7.23023
threshold=315.53479370826329 2.7140447593946346 28.500000000000004 161.50000000000003 145.50000000000003 0.49322738183345821 -0.40125128299873997 1.4571515522272687 0.71586732168571776 0.14404399112104577 6.5147306834537391 39.500000000000007 2.8183484847575042 0.021790379190083749 -0.62354313206858769 -0.0021009770206065503 0.053750879308612207 0.0089485906470211426 0.03128262004175366 235.50000000000003 0.051199679263127601 0.73898340615208091 575.50000000000011 -0.31036127104940514
decision_type=2 8 2 2 2 10 2 2 10 2 10 2 2 2 2 2 10 2 2 2 10 2 2 2
left_child=1 -1 3 4 -3 7 22 -2 11 -10 19 17 -13 -14 -15 -16 -8 18 -9 -11 -20 -12 -7 -18
right_child=5 2 -4 -5 -6 6 16 8 9 10 21 12 13 14 15 -17 23 -19 20 -21 -22 -23 -24 -25
leaf_value=0.00034918059017626326 0.0084879365164811735 -0.0017596174204185095 0.0070398895511348423 -0.0053542886456178227 0.0039663411489524224 -0.0065177230299847209 0.006383207677448201 0.00034113511962055159 -0.0029554558277640531 -0.0047832476659849486 0.011798545406973462 -0.0077081510020046221 -0.0031474761172606788 -0.004555794382961058 -0.0021409598952923901 0.0056791572110998466 0.0053727032246834987 -0.0032324093104858244 0.010924624614304861 0.0053296866465864868 0.0013330223476802302 0.0041491252449151897 0.0023533253082108044 -0.0031416511923523789
leaf_weight=893.39789970219135 17.304809011518955 326.84447447955608 11.016973689198492 63.738035701215267 34.569989249110222 42.694671846926212 21.897954329848289 36.386199027299881 17.614585503935814 13.464577659964563 26.618311755359173 16.60108657181263 53.854210279881954 16.535974383354187 21.422626830637455 52.734061256051064 10.999840281903742 15.214510552585123 23.923974625766277 11.777814187109469 14.132213965058325 34.580497585237026 10.469811350107191 32.883257664740086
leaf_count=6138 105 2747 71 510 270 380 160 257 123 93 166 110 387 112 139 325 86 109 158 78 97 244 80 265
internal_value=0.00011478 -0.000281965 -0.00157093 -0.00184166 -0.00118249 0.00118637 -0.0011775 0.00194776 0.00156113 0.00413766 0.00564242 0.000453814 -0.000944755 -2.75483e-05 0.00185362 0.00341129 0.00174929 0.00293032 0.00427544 0 0.00772744 0.00786775 -0.00472193 -0.000788924
internal_weight=1820.68 1329.57 436.169 425.152 361.414 491.111 118.946 372.165 354.861 104.056 86.4412 250.805 161.148 144.547 90.6927 74.1567 65.7811 89.6569 74.4424 25.2424 38.0562 61.1988 53.1645 43.8831
internal_count=13210 9736 3598 3527 3017 3474 971 2503 2398 704 581 1694 1073 963 576 464 511 621 512 171 255 410 460 351
is_linear=0
shrinkage=0.01


Tree=248
num_leaves=25
num_cat=0
split_feature=99 109 83 83 3 109 71 77 307 152 107 175 233 97 83 177 307 196 105 111 234 59 233 209
split_gain=7.10579 10.8918 12.7163 7.58027 7.33626 10.6807 10.339 8.75281 8.43208 10.2401 11.781 9.93983 9.52278 11.8711 11.1234 14.1248 9.46139 8.91933 8.858 9.76467 8.89417 8.48878 8.38139 8.3127
threshold=1.2577492900503946 2.290809100281376 2.879306243594161 3.3668416862727994 2.5471693845014545 1.5322344754976167 1.2456346911122256 1.7925227542363047 -0.0046366743657284088 0.0057388927312847877 0.79206313013225027 7.3132494375239885 0.85918911527416941 0.92721036655083766 1.9437437490069212 7.1833886382369228 -0.006056370777281962 0.56306818181818186 0.81634952424400253 2.8794257349984549 0.081153632874107914 3.2266747392067789 0.73349832986396868 0.61416040100250646
decision_type=10 10 10 10 2 10 8 10 2 10 8 10 2 10 10 10 2 8 10 10 2 10 2 2
left_child=1 4 -3 -4 5 -1 7 -6 9 11 16 -8 13 14 17 -16 23 -10 -17 20 -20 -12 -7 -11
right_child=-2 2 3 -5 6 22 8 -9 12 10 21 -13 -14 -15 15 18 -18 -19 19 -21 -22 -23 -24 -25
leaf_value=0.00048113228086420256 -0.0041016896030674965 0.0097342284687399368 -0.0033260705546093983 0.0056937754889606652 -0.00020387643317133268 0.00015228783235529523 0.0085835530832779356 -0.0057216066396625076 -0.00072470285657891687 0.0014060756163797141 -0.0016969398492402816 -0.00050894061077351362 -0.0029808713533738089 -0.0040189562054303652 0.0073875692140482601 -0.00045946611702984492 -0.0072017683456212225 0.0076805290255057062 0.0090977403867518458 -0.0026035466793193872 -0.00054553830800329792 0.00814400340535394 0.0091935443476025124 -0.0023861514276768405
leaf_weight=644.44221869111061 37.291810184717178 22.485601104795933 20.497231014072895 12.656982511281965 51.915335290133953 17.42685005068779 17.408220119774342 63.324644044041634 155.44742275029421 70.35073260217905 13.669626422226431 28.401653811335564 55.806028425693512 34.991427734494209 60.015277117490768 83.671923533082008 30.964842207729816 10.877245880663393 33.522729188203812 13.185250617563723 12.298089943826197 17.565585188567638 23.259977400302887 278.670534260571
leaf_count=4280 358 144 138 84 364 96 100 554 1227 524 98 177 495 272 421 654 246 81 239 96 78 138 134 2165
internal_value=5.861e-05 0.000153112 0.00439713 0.000266865 7.97863e-06 0.000808889 -0.000523474 -0.00330914 -0.000163101 -0.00112248 -0.00162803 0.00322495 0.000789324 0.00132976 0.00186649 0.00342241 -0.00212178 -4.93144e-05 0.00163594 0.00450825 0.006608 0.00402515 0.00560688 -0.00161372
internal_weight=1810.15 1772.86 55.6398 33.1542 1717.22 685.129 1032.09 115.24 916.847 457.031 411.221 45.8099 459.815 404.009 369.018 202.693 379.986 166.325 142.678 59.0061 45.8208 31.2352 40.6868 349.021
internal_count=13163 12805 366 222 12439 4510 7929 918 7011 3448 3171 277 3563 3068 2796 1488 2935 1308 1067 413 317 236 230 2689
is_linear=0
shrinkage=0.01


Tree=249
num_leaves=25
num_cat=0
split_feature=5 5 222 301 321 109 147 253 126 294 23 201 201 321 111 119 109 65 114 119 105 39 111 171
split_gain=6.37092 14.8851 9.72642 10.0013 8.38132 9.68618 13.3977 9.63065 9.19892 10.6072 9.47301 8.8696 11.046 10.7178 8.51278 10.6844 13.5385 10.408 10.1541 9.00567 10.8098 8.51008 8.36084 9.77627
threshold=-2.8935132521978844 -2.8712440139818409 122.50000000000001 0.64662652673238441 4.5000000000000009 2.2683624778100966 0.10162870762711866 137.50000000000003 0.67008168572732918 -0.14931816773073817 -1.046130925948429 0.87244472256987915 0.85198226395409504 2.5000000000000004 3.20185466223294 0.17225099421842024 1.0893355267874922 1.9164715349715487 0.79706818030594084 -0.23497075355234978 0.0089318772349944505 0.02191011927475044 2.4045211577210046 8.4111736517218976
decision_type=2 2 2 2 2 10 10 2 8 2 8 2 2 2 10 10 10 10 10 10 10 2 10 10
left_child=2 -2 -1 -4 7 8 -7 11 9 -6 -11 12 13 -3 15 16 19 -18 -19 20 -12 -15 23 -5
right_child=1 4 3 22 5 6 -8 -9 -10 10 14 -13 -14 21 -16 -17 17 18 -20 -21 -22 -23 -24 -25
leaf_value=-0.0040416852486259295 0.0027832839374315327 -0.00076652640525270716 0.0058924699621695411 -0.003747211474504721 0.0065631499692409417 -0.0014382009667648691 0.0092526954619499141 0.0068574941633872391 -0.0019961277661657995 0.0067250740981816583 -0.0034449474168031405 -0.0026092749991424116 0.0088121054722450493 0.0086567843572228926 0.0045761974861564204 -0.0028504950500295345 -0.0012950335727509202 0.011033020680688916 0.0012196594719395941 -0.0039911282713770797 0.0030361502421171823 0.0017864989291558955 0.0038447378646118682 0.0042343913805843831
leaf_weight=84.872987516224384 215.56618702411652 192.45861918479204 22.555173195898533 81.141044355928898 21.240298956632614 22.200488068163395 20.248106963932514 23.999083742499352 379.02247340232134 15.80617158859968 37.308978900313377 66.933698348701 15.675231404602526 17.965677179396152 27.249191120266914 166.3616186901927 21.467443630099297 23.404473483562469 19.364289417862892 61.978467620909214 68.840097717940807 166.8037988319993 25.294789008796215 16.181152500212193
leaf_count=837 1157 1379 186 739 138 174 114 159 2961 92 229 529 111 134 209 1286 125 129 105 437 401 1148 236 153
internal_value=0.000131938 0.000358938 -0.00141196 0.000166704 -2.72311e-05 -0.000606305 0.00389955 0.00102665 -0.000846994 9.79369e-05 -0.000250573 0.000679919 0.00125751 0.000877424 -0.000554599 -0.000937646 0.000445454 0.00425131 0.00696467 -0.0010492 0.000718508 0.00258085 -0.00098805 -0.00232763
internal_weight=1813.94 1583.89 230.045 145.172 1368.33 884.492 42.4486 483.836 842.044 463.021 441.781 459.837 392.903 377.228 425.975 398.725 232.364 64.2362 42.7688 168.128 106.149 184.769 122.617 97.3222
internal_count=13168 11017 2151 1314 9860 6400 288 3460 6112 3151 3013 3301 2772 2661 2921 2712 1426 359 234 1067 630 1282 1128 892
is_linear=0
shrinkage=0.01


Tree=250
num_leaves=25
num_cat=0
split_feature=73 123 105 103 28 33 287 67 127 21 97 85 84 67 127 21 10 108 213 224 287 189 127 185
split_gain=8.73916 8.54894 10.9105 12.114 10.5062 9.28203 13.5283 18.6048 9.57194 9.23101 12.7664 9.37401 9.04643 12.0245 10.3917 10.2985 8.76571 10.0852 9.82532 9.61944 8.65277 11.097 8.52641 8.47033
threshold=315.53479370826329 0.41154969861054841 0.70855941575970816 1.6113601096433741 0.19300430403530622 0.033602906448683016 -0.028267327976460404 222.36015215990474 0.17027741350100875 0.013002544479020176 0.087048621603932494 29.774633848650975 -1.859908920115352 124.99658363043444 -0.12520510414978755 -1.2855602656030263 0.61763266670415706 0.52460769437113508 -0.255178540099332 2.5102046149788033 0.038274283276972458 -0.50858334575334208 0.80453084189824808 0.75625390869293319
decision_type=2 8 10 8 2 2 2 2 8 10 8 2 2 2 10 10 2 8 2 2 2 8 10 8
left_child=1 12 9 4 -4 6 7 -6 -8 10 20 -11 15 -14 -15 -1 -12 19 -19 -18 -3 -22 -10 -23
right_child=-2 2 3 -5 5 -7 8 -9 22 11 16 -13 13 14 -16 -17 17 18 -20 -21 21 23 -24 -25
leaf_value=0.0040137703500418053 0.0011901240515822095 -0.0035566706694198686 0.0090435495193698159 -0.0011238330999613266 -0.0039236070403964145 -0.0012360891014339206 -0.00051066410476346502 0.008057366114040003 0.011175542863013222 -0.0012023904694184642 0.0054610847295911312 -0.0060646039688570996 0.0040660101149383645 -0.0067219003913049106 0.0035549264646976037 -0.0030033398364863067 -0.0032710347958079329 0.0059529622566176724 -0.0021689737667171384 0.0047900576362236123 0.0067451584748348323 0.0032808896788148524 0.0014576848081500353 -0.00507116815743825
leaf_weight=25.932574160397053 485.98681396245956 176.03313361853361 17.145670138299465 247.02796731889248 40.960933066904545 79.010613657534122 14.969661779701708 15.562617190182207 31.541752398014069 80.409254774451256 33.208554834127426 80.224769800901413 128.16245754808187 19.981056295335293 14.767862111330031 74.076399095356464 84.398357942700386 39.353425934910774 20.942432574927807 15.134669564664362 18.184177935123444 17.049494504928589 13.873592294752596 28.946949265897274
leaf_count=148 3445 1287 111 2059 277 496 98 101 193 768 237 732 757 114 83 484 644 263 141 119 131 116 94 216
internal_value=4.75204e-05 -0.000375033 -0.000778079 0.00037517 0.00210972 0.00137726 0.00313931 -0.000380178 0.00631879 -0.00167075 -0.000896831 -0.00370007 0.00122792 0.00266574 -0.0023889 -0.00111336 0.00100676 0 0.00314532 -0.00193653 -0.00242461 0.000684439 0.00848839 -0.00194386
internal_weight=1802.89 1316.9 1053.98 460.093 213.065 195.919 116.909 56.5236 60.385 593.885 433.251 160.634 262.92 162.911 34.7489 100.009 193.037 159.829 60.2959 99.533 240.214 64.1806 45.4153 45.9964
internal_count=13114 9669 8083 3429 1370 1259 763 378 385 4654 3154 1500 1586 954 197 632 1404 1167 404 763 1750 463 287 332
is_linear=0
shrinkage=0.01


Tree=251
num_leaves=25
num_cat=0
split_feature=32 102 20 90 85 215 5 311 227 132 176 300 76 105 122 321 101 124 105 268 315 253 99 106
split_gain=10.0604 9.17991 9.21828 10.8735 8.87084 10.9429 9.82342 9.05064 9.33961 7.75657 10.6931 12.2466 9.94913 8.04172 9.09546 10.0394 12.1842 11.202 8.92902 8.91195 8.89516 8.83517 9.63055 9.15664
threshold=0.0015637226134585292 1.228056852784827 1.1532480022213498 5.3254837145921208 181.26176811803586 -0.88421989134877299 -2.9058552442747305 -0.65748347644502148 0.00795231771327389 0.016623788499878278 11.721009879432374 0.17307692307661801 1.0709263755307594 0.93544260628691212 0.54125200033427279 4.5000000000000009 -0.22993163380887152 7.5000000000000009 1.3170776672811495 0.44272663821268499 -0.14445869830926689 148.50000000000003 0.42651121584415264 0.58960696118975087
decision_type=2 10 10 2 2 2 2 2 2 2 2 2 10 8 8 2 10 2 8 2 2 2 10 8
left_child=1 2 9 -4 5 6 7 8 -2 12 11 -11 13 21 -15 16 17 20 -17 -20 -16 22 -1 -24
right_child=4 -3 3 -5 -6 -7 -8 -9 -10 10 -12 -13 -14 14 15 18 -18 -19 19 -21 -22 -23 23 -25
leaf_value=-0.00011909107332811587 0.008512678835683225 -0.0042998440521283838 0.0094552184372579673 -0.0018533731418341967 0.0057456932677796687 -0.0056956138743662066 0.0068573860649798384 -0.0058464951041109952 -0.0040476359512125757 -0.00060729665112211261 0.00083406426016616392 0.0091686962094196366 -0.0023887285496419909 0.0041040912168938074 0.015153502212703094 -0.004277812636551 -0.0042935196247898865 -0.00088780328846455492 0.0060319175399106903 -0.0040132897446420032 0.0024886218525050226 0.0035785375645228262 -0.0067995692069559282 -0.00016918874800930686
leaf_weight=641.85247617959976 9.8146202340722066 39.67963070422411 20.538771361112595 11.889211267232893 9.433289483189581 72.780526340007782 13.166415981948374 25.36822842806578 8.6247247755527479 19.483398653566837 372.6757515668869 31.88645676523447 163.96018799394369 99.647421836853027 12.578463226556776 54.359418794512749 12.156796887516974 13.127810925245283 19.653866045176986 11.92976953089237 11.072588719427587 53.26582895219326 42.141666859388351 39.66325806081295
leaf_count=4406 96 376 138 82 85 802 129 257 86 122 2318 195 1384 573 90 417 98 87 138 99 83 351 377 360
internal_value=6.91795e-05 0.000286362 0.000405772 0.0054651 -0.0024855 -0.0032018 8.61761e-05 -0.00222089 0.0028342 0.00029306 0.0014478 0.00560471 -0.000125159 0.000246441 0.00185802 0.000140885 0.00364447 0.00641349 -0.00189544 0.00219022 0.010165 -0.00024374 -0.000539366 -0.00371031
internal_weight=1810.75 1671.56 1631.88 32.428 139.188 129.755 56.974 43.8076 18.4393 1599.46 424.046 51.3699 1175.41 1011.45 234.526 134.879 48.9357 36.7789 85.9431 31.5836 23.6511 776.923 723.657 81.8049
internal_count=13149 11694 11318 220 1455 1370 568 439 182 11098 2635 317 8463 7079 1585 1012 358 260 654 237 173 5494 5143 737
is_linear=0
shrinkage=0.01


Tree=252
num_leaves=25
num_cat=0
split_feature=153 105 71 303 304 234 292 210 62 71 157 234 113 284 60 210 99 185 117 105 89 193 52 204
split_gain=6.91097 12.4447 10.5666 11.82 12.6153 9.5182 7.80847 7.34621 8.13595 10.3184 10.1735 7.00077 6.9866 7.60305 6.97415 6.91889 10.0174 13.9661 12.7256 12.4175 11.0279 10.8648 10.0987 8.5404
threshold=0.01564247762863535 1.3824999942590697 2.9913326147244166 0.0011764587081782359 -0.027352061769475185 0.027612579324582706 0.0096121884324131494 0.014760348583877998 34.500000000000007 2.2374217055869905 0.18758033419023137 0.1431009263773769 0.17335856502376734 0.0054538733206415677 60.685768124363342 0.07479814355648802 -0.13947884185834766 0.7956864564007422 0.30049970236228019 0.29343089506357939 1.3315692695249857 0.77154105736782908 340.50000000000006 0.17875939849624065
decision_type=8 10 10 2 2 2 2 2 2 10 10 2 8 8 2 2 10 10 10 10 10 10 2 2
left_child=1 11 7 4 -4 -3 -6 8 -2 10 -10 15 -9 14 -14 -1 18 19 20 -18 21 -17 23 -20
right_child=2 5 3 -5 6 -7 -8 12 9 -11 -12 -13 13 -15 -16 16 17 -19 22 -21 -22 -23 -24 -25
leaf_value=-0.00023232458290405888 -0.004240196389551372 0.00048635695708306809 0.0063097151815770837 0.0079785867425070586 -0.0051643489537809189 0.0098777065254395287 0.0039675285353480737 -0.0070303328301338742 0.011610741606184159 -0.0020002713399630469 -0.00039751230718324194 -0.0037231835205938425 0.0068256782496006266 -0.0049817193258656078 -0.0017751702403712264 0.01071950465845828 -0.0050364269354955969 -0.0035854322501435044 0.00050466545994813281 0.0027509525111757091 -0.0014006785794767921 -0.00030855962138925279 -0.0027130641333275537 0.0060743035136786782
leaf_weight=889.98674399405718 29.128274194896221 20.745127364993095 16.75513706356287 19.034267857670784 37.682800307869911 20.961411349475384 9.7582347989082319 46.657864652574062 13.223570033907892 28.107806123793125 11.97557510435581 41.456775993108749 11.389453858137129 38.866971805691719 25.263211652636528 14.237726345658301 21.773503124713898 84.108088746666908 36.293076626956463 120.83925362676382 112.37857445329428 18.050069443881512 17.734566956758499 125.0847210586071
leaf_count=6331 270 130 124 136 302 116 74 474 124 265 119 282 102 354 231 83 184 675 240 813 744 117 105 774
internal_value=7.96183e-05 0.000349135 -0.00133302 0.00162531 -0.000501627 0.00555793 -0.00314788 -0.00254702 -0.000209244 0.00207845 0.00640577 0.000191511 -0.00407569 -0.00204868 0.00117057 0.00031198 0.00119045 -0.000415912 0.00231221 0.00147993 8.96086e-05 0.0049992 0.0040724 0.00485827
internal_weight=1811.49 1523.65 287.843 83.2304 64.1962 41.7065 47.441 204.613 82.4352 53.307 25.1991 1481.94 122.178 75.5196 36.6527 1440.49 550.5 226.721 323.779 142.613 144.666 32.2878 179.112 161.378
internal_count=13169 10594 2575 636 500 246 376 1939 778 508 243 10348 1161 687 333 10066 3735 1672 2063 997 944 200 1119 1014
is_linear=0
shrinkage=0.01


Tree=253
num_leaves=25
num_cat=0
split_feature=100 297 221 94 194 308 294 55 297 193 196 33 266 68 147 162 147 162 127 107 23 75 322 258
split_gain=6.6113 9.57703 11.2096 13.1337 10.922 8.55014 8.46511 7.48097 7.46845 7.80613 9.28534 7.22852 6.95483 8.51193 6.75392 6.7463 9.86306 10.0233 10.6488 9.58215 12.5441 12.0493 10.5896 9.36186
threshold=0.67990093796261097 0.035214470272248104 -0.097397659140106022 0.42856297793562725 0.13811445341159209 0.0021170404045596689 -0.021166040160135676 0.84078921476472479 0.010194626573539187 0.64232409381663125 0.36398872445384078 0.03211344003214358 2.9987373737373741 388.50000000000006 0.25592231842231844 0.0039735169045513876 0.16163514847725377 0.0191635091809968 -0.23707187917713943 0.27914872946086139 0.37431398172131519 0.22210637594336233 2.5000000000000004 -0.46757192750622689
decision_type=10 2 2 10 8 2 2 2 2 8 8 2 2 2 10 10 10 10 8 10 8 10 2 2
left_child=1 2 3 5 -3 8 -5 -4 9 -1 12 -8 -11 -14 -7 23 17 18 -17 21 -21 -18 -22 -2
right_child=15 4 7 6 -6 14 11 -9 -10 10 -12 -13 13 -15 -16 16 19 -19 -20 20 22 -23 -24 -25
leaf_value=0.0090738708482131884 -0.0002433584439677283 0.0098775170963003867 0.0021031580026446136 0.00049512410683665768 0.00063818266722423576 5.5299332142765772e-05 0.0023659900901943994 -0.0056761352401621624 -0.0028169111309009663 -0.001448226578174493 -0.0047819396765207611 0.011125410970564955 0.011334501584438111 0.00061642258524871466 -0.0081787365934497362 0.0018056954886974555 0.0019072800982843612 0.0005561845094488602 -0.0036659866269563432 -0.0018805335281064778 0.010877183877264392 -0.00260496803097705 0.0026714100339490887 -0.0028879080627686538
leaf_weight=13.770917363464831 461.10333171486855 23.056880906224251 15.713619589805601 26.057075962424278 26.617500111460686 19.124088644981384 18.0319879129529 38.110402032732964 28.598365642130375 16.375533603131771 15.874046720564364 23.849347203969955 13.465131200850012 14.6033553853631 17.337065652012825 44.515430778264999 206.26522209495306 290.23695579171181 146.20369824767113 22.462716937065125 28.234927363693714 79.685747608542442 37.868315547704697 186.71453933417797
leaf_count=83 3331 140 119 152 160 109 118 263 177 103 105 133 84 89 116 372 1288 2271 1278 129 172 610 229 1560
internal_value=2.6023e-05 0.00134786 0.000552913 0.00161604 0.00524825 -0.000157653 0.00512367 -0.0033956 0.00132104 0.00297645 0.00122291 0.00776644 0.00354745 0.00635993 -0.00414236 -0.000248429 0.000333393 -0.000611533 -0.00237587 0.00154502 0.00436708 0.000633103 0.00649476 -0.0010164
internal_weight=1813.88 310.585 260.911 207.087 49.6744 139.149 67.9384 53.824 102.687 74.089 60.3181 41.8813 44.444 28.0685 36.4612 1503.29 855.473 480.956 190.719 374.517 88.566 285.951 66.1032 647.818
internal_count=13191 1951 1651 1269 300 866 403 382 641 464 381 251 276 173 225 11240 6349 3921 1650 2428 530 1898 401 4891
is_linear=0
shrinkage=0.01


Tree=254
num_leaves=25
num_cat=0
split_feature=73 119 62 114 64 77 240 235 302 22 313 33 106 148 150 307 144 224 114 150 287 64 233 62
split_gain=6.84788 8.45384 10.015 8.99931 14.8661 12.9248 10.4753 9.11165 10.0469 8.98107 8.36825 8.09824 8.89039 7.96812 8.47708 7.28019 7.17521 10.135 9.2088 10.6198 8.96994 10.3274 8.3405 10.2412
threshold=315.53479370826329 0.44062539308307441 222.50000000000003 0.47499818936807098 0.60546941670866128 0.84223981782463231 -0.11845417286432583 0.0068415140262739109 -0.0023462808040476987 0.5666732284709125 -0.014491457312488654 0.032934002869440468 0.80669223308270943 0.090417378355888423 0.16539907460960093 -0.011050659676471392 0.081696829675266341 0.40123726873798043 0.72620955713536361 0.094604429757268196 -0.032748018257858655 0.86213892207635756 0.7005421049538697 42.500000000000007
decision_type=2 10 2 8 8 10 2 2 2 10 2 2 8 10 8 2 10 2 8 8 2 8 2 2
left_child=1 3 13 5 7 6 10 8 -5 16 -1 12 -11 14 -3 -13 18 -18 -6 20 -20 -22 -19 -24
right_child=-2 2 -4 4 9 -7 -8 -9 -10 11 -12 15 -14 -15 -16 -17 17 22 19 -21 21 -23 23 -25
leaf_value=0.0024456418124981305 0.00091630805714316315 0.0083251792575086154 0.0070719276596280045 0.0009343520608576857 -0.0023417340808953415 -0.00551630041100434 0.0055204786309646552 -0.00068667032910256574 0.011948464033814377 0.0079479212953479286 -0.0063677140908222707 0.0035959853590833723 -0.00062054413620818904 -0.0023917909556415771 -0.0021774126064061411 -0.0054023120193453502 -0.0048259657648317003 -0.0020411166447728201 0.0062790062170861661 -0.002126513486726793 0.0050985874629629023 -0.0014988105755572001 -0.0033335164872363532 0.0042247891324890948
leaf_weight=17.412260346114635 489.74631940573454 12.28666713088751 9.8249267265200597 13.540243394672869 240.55917159467936 62.800968408584595 24.819409042596817 15.904899179935454 21.899985134601593 36.71945808082819 20.844341620802879 15.176668420434 16.587276332080364 349.4602136015892 13.523041956126688 15.134701192378996 21.352120220661163 36.661465421319008 35.872607059776783 93.913748219609261 31.936519667506218 71.794115863740444 18.609054289758205 122.12582385540009
leaf_count=106 3474 110 74 85 1764 454 146 101 135 214 131 85 105 3068 122 91 138 227 225 702 190 498 132 781
internal_value=-8.95012e-05 -0.000464959 -0.00170581 4.93806e-05 0.000440318 -0.00240588 0.000779904 0.00550042 0.00814839 7.62305e-05 -0.00244 0.00311172 0.00536719 -0.00198969 0.00311675 -0.000944373 -0.000311018 0.00127012 -0.000979619 0.000430578 0.00216598 0.000604666 0.00207397 0.00317216
internal_weight=1808.51 1318.76 385.095 933.665 807.788 125.877 63.076 51.3451 35.4402 756.443 38.2566 83.6181 53.3067 375.27 25.8097 30.3114 672.825 198.748 474.076 233.517 139.603 103.731 177.396 140.735
internal_count=13158 9684 3374 6310 5473 837 383 321 220 5152 237 495 319 3300 232 176 4657 1278 3379 1615 913 688 1140 913
is_linear=0
shrinkage=0.01


Tree=255
num_leaves=25
num_cat=0
split_feature=153 83 189 299 109 261 138 315 148 274 149 16 235 225 109 144 259 156 52 171 170 109 216 29
split_gain=7.1031 9.07435 8.0977 7.19673 8.28406 13.1816 11.3227 10.5063 10.3698 9.74566 9.28352 11.8002 8.85735 8.66971 8.3002 8.41306 9.89403 8.19408 9.50473 8.91251 13.4596 8.38599 11.7949 9.35933
threshold=0.049443833272216117 3.5013525619451138 0.14235330340037658 -0.052933153802719006 1.6620855197605064 -0.23144605173473912 0.10146459539786133 -0.10203041346183468 0.23202209944751384 4.1308973535440554 0.16682301438399003 0.99947562852899263 0.0014084534982215797 0.69622413271698291 1.1744431469712573 0.075974683544303812 -0.69890712932675469 0.051085651651965137 288.50000000000006 14.774503798963842 1.6476047696986249 1.0213859543395061 1.0628194629208936 0.26317832625040866
decision_type=10 10 10 2 10 10 2 2 10 2 10 2 2 2 10 10 10 8 2 10 10 8 2 2
left_child=1 3 -2 -1 5 6 7 9 -6 -5 11 13 -8 -11 15 16 -15 18 19 -7 -21 -19 23 -23
right_child=2 -3 -4 4 8 17 12 -9 -10 10 -12 -13 -14 14 -16 -17 -18 21 -20 20 -22 22 -24 -25
leaf_value=0.0014088536293826854 -0.0038722033584560629 0.0072007673904486615 0.0047416835153114281 0.00374636944602728 0.00058637822038010883 -0.0038249775905938072 0.00063420742234122039 -0.0035368506455929626 0.0063450154542950554 -0.0044330093865910742 -0.0066212805752623987 0.005803446047120654 0.0093612750605682072 -0.0059583252673999819 0.0055648242774577316 0.0013326480307574871 4.9257228115543978e-05 -0.0050794227250850676 0.0048046478089348822 -0.0023317881006946766 0.0091714888279752424 0.0089331691262100228 -0.002359528311527039 -0.00036973822365644649
leaf_weight=347.58767464756966 74.690774708986282 15.517062351107596 10.133861273527144 78.266207702457905 229.43553391098976 51.190130144357681 23.615430936217308 67.991337731480598 33.623566515743732 40.993962712585926 17.650505810976028 32.327070370316505 21.519030950963497 41.387732163071632 24.672678887844086 149.99278020113707 71.125805795192719 88.499095134437084 34.215719386935234 22.751946486532688 14.267985850572584 14.490181930363176 276.20998293161392 27.682951666414738
leaf_count=2410 730 107 91 478 1607 399 170 498 195 268 157 241 139 296 140 984 497 774 235 182 110 100 2160 203
internal_value=6.49345e-05 0.000206268 -0.0027113 0.00013035 -0.000197463 -0.000580085 0.000473744 4.6142e-05 0.00138615 0.000600666 -7.08284e-05 0.000296364 0.00512402 -0.00028821 0.000337586 -0.000204219 -0.00224415 -0.0017124 0.000539645 -0.00120188 0.00241401 -0.00239152 -0.00160292 0.00316618
internal_weight=1809.84 1725.01 84.8246 1709.5 1361.91 1098.85 569.543 524.408 263.059 456.417 378.151 360.5 45.1345 328.173 287.179 262.506 112.514 529.308 122.426 88.2101 37.0199 406.882 318.383 42.1731
internal_count=13171 12350 821 12243 9833 8031 3868 3559 1802 3061 2583 2426 309 2185 1917 1777 793 4163 926 691 292 3237 2463 303
is_linear=0
shrinkage=0.01


Tree=256
num_leaves=25
num_cat=0
split_feature=32 313 234 227 107 241 185 111 318 109 120 238 5 137 100 13 309 93 312 302 114 307 156 107
split_gain=6.88349 7.75617 10.2816 8.75345 10.5865 7.81276 8.89041 6.56122 8.17583 5.9107 11.666 7.9318 7.44005 9.4809 8.30168 14.5493 10.5643 9.29317 9.01633 10.466 10.1746 10.0999 11.2925 14.9018
threshold=0.0016625115394608102 -0.055237721621062032 0.074506557589923403 0.00795231771327389 -0.77290510903890164 0.89444444444444449 0.65020325203252038 0.62467366733815721 0.75147404635861326 2.290809100281376 1.235352529746677 0.32299436038234047 -2.8712440139818409 0.19513673318551369 0.67990093796261097 0.63789364927158421 -0.014151147821650832 -0.87147554751303569 -0.37580027233426583 0.048944178450328467 0.72439208681671763 -0.0033439261358933809 0.20015772870662465 0.056093950525070095
decision_type=2 2 2 2 8 2 10 8 2 10 8 2 2 2 8 10 2 8 2 2 8 2 10 10
left_child=7 5 -3 4 -4 6 -2 8 -1 12 11 -11 13 -9 15 -14 -17 -16 20 21 -19 22 23 -20
right_child=1 2 3 -5 -6 -7 -8 9 -10 10 -12 -13 14 -15 17 16 -18 18 19 -21 -22 -23 -24 -25
leaf_value=-0.0017315991337618975 -0.003166934028660421 -0.0063165259749908397 0.010308945620740287 -0.0042555534586124341 -0.0018687092933062919 -0.004835681783744908 0.0080683200880301825 0.00080992197431097284 0.0076573230870163713 0.0094880655144274767 -0.0026460764304932784 0.0009328915037031181 -0.00031293632505150284 0.0063884436223033015 -0.0057530314728606105 -0.00023330920245113776 0.0070828493732765663 -0.0033479619554817232 -0.0048718316020905719 -0.0057951194424802344 -0.00031184633207623002 0.002128821286707488 0.0065012582794810262 0.00044987320695943683
leaf_weight=12.919376216828821 8.5282256901264208 53.881654769182205 10.618087776005266 21.838324494659901 13.428583428263666 10.112676590681074 18.301261574029922 251.42563786357641 22.725559949874878 23.846397817134857 21.960710823535919 19.87409432977438 184.09650037437677 32.161287732422352 32.282487906515598 29.138116054236889 55.601719751954079 181.78357884287834 75.668346904218197 23.178976245224476 278.19530160725117 247.97731533646584 17.235393822193146 157.43545884639025
leaf_count=81 82 607 105 223 136 105 174 1534 139 144 169 141 1157 212 215 180 329 1446 589 177 2048 1864 115 1161
internal_value=9.03011e-05 -0.00204265 -0.00346933 2.66507e-05 0.0039919 0.00175746 0.00450166 0.00026895 0.00435145 0.000171752 0.00304679 0.00591498 4.52395e-05 0.00150318 -0.000278941 0.00127341 0.00462965 -0.000694008 -0.00051046 0.00038773 -0.00152709 0.000708554 -0.000702422 -0.00131119
internal_weight=1804.22 136.709 99.7667 45.885 24.0467 36.9422 26.8295 1667.51 35.6449 1631.86 65.6812 43.7205 1566.18 283.587 1282.59 268.836 84.7398 1013.76 981.474 521.495 459.979 498.317 250.339 233.104
internal_count=13133 1432 1071 464 241 361 256 11701 220 11481 454 285 11027 1746 9281 1666 509 7615 7400 3906 3494 3729 1865 1750
is_linear=0
shrinkage=0.01


Tree=257
num_leaves=25
num_cat=0
split_feature=153 153 189 162 153 22 28 297 197 123 77 196 305 188 164 204 165 189 209 222 289 124 131 28
split_gain=7.55061 12.4259 8.34121 6.95524 11.1069 13.6453 10.4134 8.70942 8.57226 6.84862 7.07009 7.39799 6.43257 7.74941 5.75833 5.70208 6.48729 7.1033 5.64672 8.7898 7.99631 9.14568 10.6515 10.3912
threshold=0.049443833272216117 0.045084975438992723 0.12145557059079595 0.043557312252964435 0.015611460138648182 1.2556739911584909 0.23241888857033641 -0.041198934502787617 -0.3191555142866605 2.4465588951544155 4.0739233855681709 0.61602564102564117 0.46540880502969034 0.42919799498746874 0.0035149493451939713 0.33423423423423432 179.09433449074078 -0.59154304168718053 0.78593890386343224 50.500000000000007 0.06919350235600237 13.500000000000002 1.9974428520515553 0.20523578150123453
decision_type=10 10 10 10 10 10 2 2 10 10 10 8 2 10 10 2 2 8 2 2 2 2 8 2
left_child=1 3 15 4 5 18 14 -8 -9 10 11 12 13 -5 -6 16 17 -2 20 -20 21 22 23 -1
right_child=2 -3 -4 9 6 -7 7 8 -10 -11 -12 -13 -14 -15 -16 -17 -18 -19 19 -21 -22 -23 -24 -25
leaf_value=-0.0043197719571871516 0.0087982834181661047 0.0085104593709160702 0.004513181540587813 0.0053110840046376954 -0.0063533050018917837 0.0078593635056442065 0.0067380661683676861 -0.0044301893937437045 0.0036094963136359998 -0.0028147450713393272 0.0094144435778568646 -0.0029006830667263768 0.0085811929894928658 -0.0041563555031850835 0.0014024981527733236 -0.0062259535921609854 -0.0051435593128330926 -0.0025579006409313428 -0.0036435666584380137 -0.00016879112649511102 0.0040505097071432674 -0.0015750902002206035 0.00027909784764952779 0.0046820836321057584
leaf_weight=12.238155938684939 8.126008138060568 14.933175534009932 10.938444606959818 16.245590142905716 62.702218547463417 20.074304655194283 12.862964704632757 35.375894583761692 17.632357232272625 16.481166951358318 15.513826772570608 18.12992912530899 17.405735820531845 13.002104729413984 9.8982197791337949 43.78099550306797 13.989574700593947 8.9056710451841408 82.609827592968941 499.12889306992292 59.280734233558178 190.66289309412241 504.6599363386631 102.19983822107315
leaf_count=80 80 122 98 105 602 125 107 327 160 131 104 117 108 81 72 416 145 91 676 3614 397 1223 3533 639
internal_value=4.47203e-05 0.000191509 -0.00280197 0.00010408 -5.39337e-05 0.000202324 -0.00273242 0.000151378 -0.00169026 0.00266845 0.00386375 0.00217997 0.00422793 0.00107547 -0.00526951 -0.00401067 -0.000594349 0.00329256 8.05288e-05 -0.000679261 0.000590849 0.000323059 0.000913778 0.00362949
internal_weight=1806.78 1721.04 85.7407 1706.1 1609.33 1470.85 138.472 65.8712 53.0083 96.7784 80.2972 64.7834 46.6534 29.2477 72.6004 74.8022 31.0213 17.0317 1450.78 581.739 869.042 809.761 619.098 114.438
internal_count=13153 12323 830 12201 11555 10287 1268 594 487 646 515 411 294 186 674 732 316 171 10162 4290 5872 5475 4252 719
is_linear=0
shrinkage=0.01


Tree=258
num_leaves=25
num_cat=0
split_feature=99 20 300 317 9 81 309 309 38 121 176 189 312 103 109 206 131 65 218 281 39 284 270 33
split_gain=6.73933 10.642 6.93388 8.71029 6.50545 10.5638 7.75827 7.03568 6.80633 6.76388 6.8226 9.3691 10.155 9.26692 11.0273 8.91249 8.89596 9.56022 15.1557 8.16502 8.12582 7.80692 7.76942 7.35855
threshold=1.2991274216249038 1.0800916303881238 0.36446432654425681 -0.0037795279339850386 1.2225067631426811 1.3887417712346466 -0.045159550701708122 0.025195957291765662 0.51391308555942705 -2.2749236555014396 11.721009879432374 -0.43377525795757982 -0.15229070598963121 1.7207734991037873 1.6322669066613535 36.500000000000007 1.9974428520515553 3.8040995939370998 0.038585607940446659 3.0520773893635322 0.058850587152984475 0.0039261418534238821 0.1395017872115088 0.0084122069880583818
decision_type=10 10 2 2 2 10 2 2 2 10 2 8 2 10 8 2 8 10 2 2 2 8 2 2
left_child=1 4 3 -3 5 9 -6 -8 -7 -1 11 -11 15 14 22 -13 -15 -18 21 -16 -14 -19 23 -12
right_child=-2 2 -4 -5 6 8 7 -9 -10 10 13 12 20 16 19 -17 17 18 -20 -21 -22 -23 -24 -25
leaf_value=0.0032687971858739659 -0.0043013722810644126 -5.7979308518148198e-05 -0.0016672579680051096 0.0098463190782255745 0.0040611971788560106 0.00099948017806333282 -0.0047907012058271701 0.0011755408217517225 0.0086919625071378796 -0.00038828482719215871 -0.0048171659382048202 0.0083048882623707795 -0.0043562161658509948 0.0042730328468449583 -0.00091600406738747114 -0.0011048044740569946 -0.0045934055601815574 0.012682206014270827 -0.0042798557252253155 0.0042117507029099588 0.0048254377163073434 0.00036295492483962499 -0.0070420547350010763 -9.561752514107192e-05
leaf_weight=59.942834287881851 31.587322689592838 12.84009082615375 11.872439086437224 24.334381416440014 14.222907550632952 24.966722138226032 73.420318067073822 25.039065480232239 20.538636207580566 104.87422530353069 31.380246222019196 45.619221583008766 19.492446102201939 15.237674467265604 43.763911604881287 11.697776481509207 118.54783815890551 8.6767414361238462 23.18848529458046 95.057758741080761 14.104402825236319 9.9240483865141886 14.371834449470041 955.10835553705692
leaf_count=429 310 87 85 171 119 176 623 211 132 739 249 318 145 127 265 80 1073 75 208 579 96 94 95 6678
internal_value=7.9975e-05 0.000165106 0.00462756 0.00663884 3.05663e-05 0.000194649 -0.00226147 -0.00327304 0.00479903 5.2216e-05 -8.06114e-05 0.00164641 0.00394498 -0.000341456 -8.7883e-06 0.00640619 -0.00246067 -0.00317004 0.000880491 0.00260213 -0.000398225 0.00707546 -0.000378274 -0.000260231
internal_weight=1809.81 1778.22 49.0469 37.1745 1729.18 1616.49 112.682 98.4594 45.5054 1570.99 1511.04 195.788 90.9138 1315.26 1139.68 57.317 175.575 160.337 41.7893 138.822 33.5968 18.6008 1000.86 986.489
internal_count=13164 12854 343 258 12511 11558 953 834 308 11250 10821 1378 639 9443 7866 398 1577 1450 377 844 241 169 7022 6927
is_linear=0
shrinkage=0.01


Tree=259
num_leaves=25
num_cat=0
split_feature=32 193 317 143 253 53 313 99 109 83 83 149 162 94 144 294 262 132 301 319 176 144 124 76
split_gain=7.37746 9.24331 14.3827 7.18479 7.05329 10.1858 6.84307 6.76584 8.50079 10.6518 10.5299 6.59173 12.0987 11.7577 8.75996 11.3634 8.75018 7.59119 6.95261 9.84033 9.61219 9.30945 10.0518 9.9284
threshold=0.0015637226134585292 0.76011695906432764 0.009565185830429734 0.17907926583299719 211.50000000000003 94.500000000000014 -0.052932983778469597 1.2991274216249038 2.290809100281376 2.879306243594161 3.3668416862727994 0.26401991614255771 0.0028943620675211533 0.57278596023775863 0.0051948402417962012 -0.21751918158567771 1.0804572596287632 0.012674291589025255 1.0469134270908242 -0.061416682616209299 12.904597755130796 0.0086331113981913971 6.5000000000000009 0.7584628094761473
decision_type=2 8 2 10 2 2 2 10 10 10 10 10 8 8 8 2 10 2 2 2 2 8 2 10
left_child=3 2 6 4 5 7 -2 8 11 -10 -11 14 -13 -14 15 -1 17 -17 19 20 -16 -21 -23 -24
right_child=1 -3 -4 -5 -6 -7 -8 -9 9 10 -12 12 13 -15 18 16 -18 -19 -20 21 -22 22 23 -25
leaf_value=0.0071085662203169003 0.002810385924141266 -0.0044229304174459713 0.0084459077917513475 0.0048324503132026412 0.0044702896635118962 -0.0050488386249551735 -0.0044169540780014862 -0.0044296847146815272 0.0093815630451896184 -0.0038171346787503374 0.006800736823241115 -0.0016630887127122376 0.011189688620509453 -0.00059096827685751585 0.00037878614096303138 -0.0033363255946980966 0.005365364085295905 0.0044931338022313446 -0.0018770380928738806 0.0083325893098823815 -0.0034583372995852313 -0.00031681806398524832 0.0076691703438442702 0.0017355182895351263
leaf_weight=10.752591423690317 17.683980748057365 74.643899351358414 14.85442979633808 31.247826106846333 34.806873098015785 34.816356748342514 34.311380364000797 27.907547980546951 20.04784919321537 20.478632733225822 12.731857903301714 26.091871917247772 21.099157817661762 12.446061767637728 719.07728596031666 188.27772972732782 11.18770883977413 10.720558099448679 121.82678300142288 20.049187079071999 68.930048890411854 134.04285304248333 38.099867567420006 100.936697922647
leaf_count=79 169 814 140 158 222 228 361 273 124 135 82 212 139 96 4861 1494 89 88 888 147 484 975 211 686
internal_value=9.90482e-05 -0.00206926 0.000617487 0.000287065 0.000191308 8.98039e-05 -0.00192221 0.00021373 0.000306725 0.00412877 0.000440506 0.000161208 0.00334048 0.0070861 2.09578e-05 -0.00179542 -0.00234438 -0.00285223 0.000358839 0.000615977 3.0645e-05 0.00217069 0.00163351 0.00348961
internal_weight=1807.07 141.494 66.8498 1665.58 1634.33 1599.52 51.9954 1564.7 1536.8 53.2583 33.2105 1483.54 59.6371 33.5452 1423.9 220.939 210.186 198.998 1202.96 1081.14 788.007 293.129 273.079 139.037
internal_count=13155 1484 670 11671 11513 11291 530 11063 10790 341 217 10449 447 235 10002 1750 1671 1582 8252 7364 5345 2019 1872 897
is_linear=0
shrinkage=0.01


Tree=260
num_leaves=25
num_cat=0
split_feature=254 101 157 65 81 78 241 206 255 217 41 171 174 128 221 224 65 116 215 109 161 226 246 33
split_gain=6.9055 7.2887 6.05467 8.25967 9.40534 8.925 7.78031 7.59275 11.5126 9.99187 11.8867 8.64659 8.89629 8.8288 8.04067 7.56191 8.59933 13.1828 12.0102 8.24134 7.75937 11.8886 12.1642 7.76712
threshold=227.50000000000003 -0.74776151622708042 0.50531975099037929 0.92917897485939605 -0.10481664405347182 -48.331419363153437 0.81666666666666676 61.500000000000007 194.50000000000003 0.81831709956709975 481.50000000000006 6.8419757842815327 240.93861111111116 1.906403323906473 -0.21611859741736503 0.40123726873798043 2.7026611383887675 0.28086330444808666 -0.25813808928837356 2.3487247349341756 1.0000000180025095e-35 0.062561154598825844 0.61232255367237076 0.045260889292196016
decision_type=2 10 10 8 8 2 2 2 2 2 2 10 10 10 2 2 8 8 2 10 10 2 8 2
left_child=2 -2 3 4 -1 -6 15 11 9 14 -11 -8 13 -13 -9 -5 20 -18 -19 -20 21 23 -23 -17
right_child=1 -3 -4 6 5 -7 7 8 -10 10 -12 12 -14 -15 -16 16 17 18 19 -21 -22 22 -24 -25
leaf_value=-0.00062051050069243305 0.0012636279772836501 0.0092765421581992615 -0.0043769382188724084 -0.0046332657543224293 0.0096720238813480484 0.0013993141840799445 0.0014608747708356145 -0.0035783789068484983 -0.0069375728544571252 0.009965252308825617 0.0013256110620405517 -0.0042713147271611273 0.001272413953069669 0.0043577604704510258 0.0034015892736722593 -0.0058654804667134354 -0.001830047723607146 0.0074655907596694032 -0.00028400881121584893 0.0056409563983547389 0.0018547819203076463 0.006411787634393251 -0.0016025217629698229 0.0025787971393249594
leaf_weight=40.251775167882442 43.425902120769024 13.323218330740927 27.484951265156269 26.383337423205376 25.066128671169281 27.223075270652771 53.668607637286186 45.321454741060734 15.168402954936026 20.595567375421524 54.238605082035065 188.84805967658758 40.608352333307266 10.290911577641962 22.345919944345951 46.961205273866653 293.0401231572032 25.478202402591705 176.69926612079144 24.15554853528738 505.13584773987532 30.039991892874241 42.311259590089321 11.976968072354792
leaf_count=268 282 92 182 177 140 188 378 331 113 154 407 1492 337 89 152 346 2401 170 1351 163 3394 186 291 79
internal_value=0.000166278 0.00351432 5.18276e-05 0.00013002 0.00299054 0.00567737 -3.63502e-05 -0.00115009 0.00060809 0.00153812 0.00399385 -0.00209504 -0.002903 -0.00376538 -0.00121487 0.000389505 0.000516109 -0.000436139 0.0013645 0.000492313 0.00129328 -0.000853079 0.00182807 -0.00409347
internal_weight=1810.04 56.7491 1753.29 1725.81 92.541 52.2892 1633.27 451.086 157.67 142.502 74.8342 293.416 239.747 199.139 67.6674 1182.18 1155.8 519.373 226.333 200.855 636.425 131.289 72.3513 58.9382
internal_count=13163 374 12789 12607 596 328 12011 3453 1157 1044 561 2296 1918 1581 483 8558 8381 4085 1684 1514 4296 902 477 425
is_linear=0
shrinkage=0.01


Tree=261
num_leaves=25
num_cat=0
split_feature=5 143 233 147 305 82 204 233 61 39 303 65 61 189 255 97 65 161 120 323 148 27 271 270
split_gain=7.16435 7.94001 8.92426 11.2716 10.6024 9.34042 8.68273 7.22373 8.33878 6.97238 7.36724 7.3086 13.3367 6.93676 10.1448 6.84787 6.79296 11.9421 11.7572 10.7999 10.3507 11.9591 9.98811 9.88855
threshold=-2.9065284865735039 0.17907926583299719 0.85918911527416941 0.24461975483990492 0.3946611853367154 0.76087797788112044 0.19948979591836738 0.84898873354146887 391.77081385235959 0.051300849687946466 0.0043295367648815931 1.9044628992781738 253.2408383944788 0.29383244763437261 18.500000000000004 0.29758750930160466 0.86679602364484187 0.0033641739524092472 0.62097112523439313 342.50000000000006 0.16246827411167516 0.8115188167831292 0.052674495872370851 0.028253022199753439
decision_type=2 10 2 10 2 8 2 2 2 2 2 10 2 8 2 10 10 10 8 2 8 2 2 2
left_child=9 2 7 4 -4 -6 -5 13 -9 -1 11 12 -11 16 -15 -7 19 20 -19 -2 21 -18 23 -20
right_child=1 -3 3 6 5 15 -8 8 -10 10 -12 -13 -14 14 -16 -17 17 18 22 -21 -22 -23 -24 -25
leaf_value=-0.0064185598501436429 0.0078458937722686462 0.0050254536757028999 -0.0063486997740743638 0.0084343291367099012 -0.0032240957365919499 -0.0011572287697238619 -0.00081217375779402069 -0.00039730668993318274 0.0082512950820490902 -0.003098596719073133 -0.0056230204204242998 -0.0012769059361022112 0.012064483026972153 -0.0018575624626330635 0.009170188065916943 0.0073405866122667621 0.0015723905489708877 0.0046258752248155184 0.00015917647452320523 -0.0019375156127016909 -0.0040338796546505271 -0.0056797051796213379 0.00070946921022025321 -0.0044971225848414011
leaf_weight=27.607499413192272 25.33811029791832 31.570086039602757 57.565665349364281 13.748536728322504 60.778730355203152 17.425326257944107 24.619512617588043 19.363622032105923 22.03630793094635 8.4957104772329348 20.542321264743805 46.175482578575611 10.412936143577097 12.410016775131227 17.806684836745262 15.987465761601923 104.77076563984156 62.790073446929455 104.6320683285594 17.031938813626766 116.2137974947691 25.988774634897709 864.40480315685272 77.218666762113571
leaf_count=318 148 165 462 97 458 151 172 141 160 84 204 455 97 94 131 135 650 376 853 105 859 162 5941 713
internal_value=0.000104611 0.000269618 0.000170141 -0.00185139 -0.00307165 -0.000931225 0.00282962 0.000435351 0.00441753 -0.00229813 -0.000794782 0.00088568 0.00569029 0.000310707 0.00484007 0.00313752 0.000202502 7.44513e-05 0.000518906 0.00401616 -0.00190056 3.33463e-05 0.00025961 -0.0018513
internal_weight=1804.93 1691.7 1660.13 190.125 151.757 94.1915 38.368 1470.01 41.3999 113.234 85.6265 65.0841 18.9086 1428.61 30.2167 33.4128 1398.39 1356.02 1109.05 42.37 246.973 130.76 1046.26 181.851
internal_count=13131 11973 11808 1475 1206 744 269 10333 301 1158 840 636 181 10032 225 286 9807 9554 7883 253 1671 812 7507 1566
is_linear=0
shrinkage=0.01


Tree=262
num_leaves=25
num_cat=0
split_feature=153 153 69 153 109 122 279 67 53 148 181 112 1 271 63 177 236 311 237 238 215 160 107 100
split_gain=7.79446 10.7363 7.21705 8.36752 10.6048 9.13328 13.6258 10.0176 10.4834 8.44381 8.4559 7.95827 10.0405 10.4491 7.42767 9.79233 7.41906 9.0843 8.38861 6.91274 6.67517 11.6462 16.7277 8.95407
threshold=0.050059665871121727 0.045084975438992723 0.30050889352893001 0.01564247762863535 1.7751702418613615 0.5831164900693222 -0.018879308972487848 261.46229079304049 10.500000000000002 0.16028087688393036 0.046807790826929589 82.500000000000014 0.50623134556813221 0.066700824659672767 0.47877870196322664 7.2982314961642993 0.43133512947163605 -0.53151872131456235 -0.15136935622867234 -0.25675873879287264 -0.47546963091832439 0.064915910048653422 -0.58419236603082403 1.0262654664085025
decision_type=10 10 10 8 10 10 10 2 2 10 2 2 2 2 10 10 2 2 2 2 2 8 8 8
left_child=1 2 3 4 5 14 7 8 -7 11 -11 12 13 -5 20 -16 17 -6 -19 -8 21 -1 -23 -22
right_child=-2 -3 -4 9 16 6 19 -9 -10 10 -12 -13 -14 -15 15 -17 -18 18 -20 -21 23 22 -24 -25
leaf_value=9.6188286219468233e-05 -0.0029045874453372434 0.0076514624796838494 0.0035015395391988025 -0.00093521904400303217 -0.0014409702145048641 -0.00077322078899535855 -0.0070320441678679204 -0.0026115143844105838 0.009260341841891475 0.002324396677943286 -0.0063283535775376263 -0.0060645881071770573 -0.0038000695518589224 0.0075727504033222147 0.0088608856343320459 -0.00066914829350412991 0.00041679064300181981 0.010193274359769645 0.0021984363986900209 -0.0018064923253865014 -0.00031553295118417042 0.011943061854951569 0.0017856995310570989 -0.0046382230833658302
leaf_weight=660.35588324815035 82.24116438627243 16.264069251716137 57.734639331698418 26.118255726993084 15.834980092942713 18.711334638297558 49.616025254130363 34.527541004121304 19.120372250676155 12.200474627315996 56.299517601728439 15.774570487439631 24.68191073089838 27.500768646597862 19.864660441875458 19.478605508804321 69.365104913711548 30.18798121064901 25.66898708045483 55.402443647384644 292.37241254746914 16.760912284255028 105.36660825461149 54.751785680651665
leaf_count=4416 803 135 375 260 96 163 473 281 161 105 510 140 219 225 126 130 409 189 166 486 2051 114 679 431
internal_value=4.9577e-05 0.000195636 0.000111448 -1.23785e-05 0.000223881 -5.1064e-05 -0.00214739 0.00115815 0.00456553 -0.00214673 -0.00474187 -0.000163089 0.00118406 0.003572 0.000270607 0.00439132 0.00280434 0.00499693 0.00682065 -0.00440485 0.000115539 0.000627942 0.00342756 -0.00103235
internal_weight=1806.2 1723.96 1707.7 1649.96 1487.39 1346.33 177.378 72.3592 37.8317 162.575 68.5 94.0755 78.3009 53.619 1168.95 39.3433 141.057 71.6919 55.857 105.018 1129.61 782.483 122.128 347.124
internal_count=13143 12340 12205 11830 10371 9511 1564 605 324 1459 615 844 704 485 7947 256 860 451 355 959 7691 5209 793 2482
is_linear=0
shrinkage=0.01


Tree=263
num_leaves=25
num_cat=0
split_feature=271 39 11 271 197 149 311 67 262 174 42 311 262 78 153 217 34 47 67 308 40 183 247 94
split_gain=7.50685 9.35747 8.883 7.64854 9.88911 10.9265 9.38459 9.21476 12.9235 6.8023 9.53859 9.26263 10.3791 12.6264 10.8898 9.1563 8.69662 9.89162 9.658 10.1646 9.5153 9.2508 8.37129 8.31578
threshold=0.052674495872370851 0.024828566060776856 0.17836065273404411 0.036106811735822961 -0.3412317422287367 0.22709643993782846 -0.47727936002519533 296.35328676123135 -0.14519870230900003 58.931805555555563 124.50000000000001 -0.31756442467542606 1.0202925994437153 92.142586075454645 0.04834813775907746 0.87527777777777793 0.18497511797856692 14.500000000000002 43.2542788225661 -0.00076696088352419263 0.0066107898454022592 -0.97275926821826653 1.6378627702865509 0.84462340293787019
decision_type=2 2 10 2 10 10 2 2 10 8 2 2 10 2 10 2 2 2 2 2 2 10 2 10
left_child=1 3 -3 4 6 -6 -1 8 -5 -2 11 15 13 -13 -14 16 17 18 -11 22 -18 -21 -20 -12
right_child=9 2 -4 7 5 -7 -8 -9 -10 10 23 12 14 -15 -16 -17 20 -19 19 21 -22 -23 -24 -25
leaf_value=0.0024004916869330337 -0.0011650015526668625 0.0027513126183517657 -0.0044846302492156315 0.0066851184796203836 -0.00042310556247810544 0.0091578021997599877 -0.0065723434868465028 0.01031564360853183 -0.0058184953969389478 -0.0028877921622129815 0.0015629828505339296 -0.00050585113742755434 0.0092956129523834221 -0.0050426920055201682 -0.002007687544605067 -0.0031514226418955988 -0.0025524298094126729 -0.0011580450321132278 -0.0020497895641921025 0.011060713308600154 0.0049035788270165494 0.0043060481005564085 0.0060524442823472338 0.0088823810552892315
leaf_weight=14.157186999917029 242.19537794589996 17.878866605460644 107.90897441655397 13.556559704244137 66.624342560768127 11.553630970418451 39.723715648055077 11.722841210663317 13.820623189210892 15.790894277393816 421.42246492952108 399.15087050199509 17.056289121508602 69.995857127010822 13.217239253222941 37.87718989700079 66.725004643201828 43.581398949027061 31.101590447127819 31.440497368574142 19.862392008304596 69.462458185851574 17.62019158154726 13.540071643888949
leaf_count=123 1658 150 1038 93 551 95 363 79 105 107 2789 2830 117 563 118 282 468 318 218 206 130 516 136 90
internal_value=7.32555e-05 -0.00137183 -0.00341025 0.000151648 -0.0010045 0.00125177 -0.00419477 0.00388415 0.000385973 0.000360139 0.000654234 2.47582e-05 -0.0008341 -0.00121115 0.00458124 0.00131024 0.00190991 0.00300325 0.00410666 0.00489151 -0.000729364 0.00666569 0.00103278 0.00184929
internal_weight=1806.99 296.947 125.788 171.159 132.059 78.178 53.8809 39.1 27.3772 1510.04 1267.84 832.882 499.42 469.147 30.2735 333.462 295.584 208.997 165.416 149.625 86.5874 100.903 48.7218 434.963
internal_count=13143 2597 1188 1409 1132 646 486 277 198 10546 8888 6009 3628 3393 235 2381 2099 1501 1183 1076 598 722 354 2879
is_linear=0
shrinkage=0.01


Tree=264
num_leaves=25
num_cat=0
split_feature=299 203 203 109 271 185 109 141 267 217 270 15 311 122 115 263 221 270 235 28 33 93 158 194
split_gain=6.32458 8.96591 16.4906 7.26298 6.91337 9.2988 9.20994 11.6811 9.56048 10.2893 11.8947 8.96079 8.70761 8.65689 8.6659 9.20648 8.88974 7.96081 10.8242 7.89339 8.54356 7.57854 10.1659 10.3142
threshold=-0.04770368072787428 0.010695493022191719 0.026432231020027949 2.2683624778100966 0.1356211670607653 0.59594926350245514 1.6620855197605064 0.081426753907669958 1.0175207371825639 0.73024790440520781 0.047025823271982382 -0.67313960960330643 -0.022393739864358702 -0.036444640190500595 -0.89238671280409199 1.6041358739172791 -0.5157337866771442 0.09212004730928447 0.020993712170182765 0.26518915830492595 0.058006698134091227 -0.7497542939808387 0.31985617181846382 0.060054644808743174
decision_type=2 2 2 10 2 8 10 2 2 2 2 2 2 8 10 8 2 2 2 2 2 10 10 10
left_child=1 3 -3 -1 5 12 13 8 9 10 -8 -10 -2 21 16 19 -15 -6 -19 20 -16 -7 -23 -24
right_child=4 2 -4 -5 17 6 7 -9 11 -11 -12 -13 -14 14 15 -17 -18 18 -20 -21 -22 22 23 -25
leaf_value=0.00025040012803678036 -0.0062490852608227546 0.0091037283380620681 -0.00089359723839518997 0.0064727630028178062 0.0027742333081732001 -0.0014476919856353816 0.006248481619272642 -0.0021727195837192913 -0.003703784196847533 0.0070442097056807604 -0.0031290447485420644 0.0049989922913977313 0.0022924343791139172 0.00078242261236050102 -0.0019860201941505175 0.0073215554643777936 -0.0044019682080344881 -0.00077708463587196038 0.0075836126256194486 0.0048261496395163965 0.0049439119060113411 0.0033189249290705653 -0.0067814438316956003 0.0026211044769394948
leaf_weight=332.78220959752798 47.121773712337017 33.850772336125374 28.830326288938522 17.094146743416786 148.95093840360641 112.17380749434233 20.822733193635941 61.711858592927456 32.791289590299129 62.384495593607426 28.7646639123559 14.880100525915621 13.837299108505247 40.684420488774776 226.37069017440081 11.318834438920019 151.85514350235462 213.64396090060472 13.833091981709002 18.930497072637081 16.521592170000076 122.72667459398508 21.091459050774574 20.333321444690228
leaf_count=2381 360 223 192 116 857 764 133 546 248 445 202 115 99 348 1893 91 1359 1379 85 160 119 805 142 132
internal_value=0.000167378 0.00125135 0.00465062 0.000606952 -0.000153047 -0.000579411 -0.000332397 0.00144415 0.00286205 0.0044283 0.000914681 -0.000838953 -0.00427864 -0.000867218 -0.00169605 -0.000535271 -0.00330586 0.00100015 -0.00017702 -0.000953677 -0.00145883 0.000529006 0.00188749 -0.00227135
internal_weight=1813.31 412.557 62.6811 349.876 1400.75 1024.32 963.362 221.355 159.643 111.972 49.5874 47.6714 60.9591 742.006 465.681 273.142 192.54 376.428 227.477 261.823 242.892 276.325 164.151 41.4248
internal_count=13194 2912 415 2497 10282 7961 7502 1689 1143 780 335 363 459 5813 3970 2263 1707 2321 1464 2172 2012 1843 1079 274
is_linear=0
shrinkage=0.01


Tree=265
num_leaves=25
num_cat=0
split_feature=5 180 283 167 65 114 76 89 184 141 105 35 196 255 194 176 184 40 275 318 274 236 64 298
split_gain=7.52647 6.6552 10.3744 6.33107 6.33031 10.8568 9.48582 8.58046 9.39535 16.0753 12.2454 14.6139 9.51402 13.1443 10.2505 9.1507 14.7061 9.50143 12.0092 8.72171 8.45249 13.1535 11.1778 8.39662
threshold=-2.9065284865735039 4.0028901734104059 -0.0045024772747545017 1.0000000180025095e-35 0.92917897485939605 0.71170873479357177 0.76679084420215182 3.8477486626808859 1.440456583028306 0.064038834951456333 1.0801467272519485 0.0035624165843526527 0.42330316742081453 107.50000000000001 0.035149493451939719 11.721009879432374 0.21284652937040369 0.0061376601011731797 0.11012945387919375 1.5893267298306062 4.2690787124464267 0.32407991219466631 0.80460824344258308 -0.0090826596271242361
decision_type=2 2 8 2 8 10 8 8 8 2 10 2 8 2 10 2 8 2 2 2 2 2 8 2
left_child=1 -1 -3 -4 -2 6 -6 15 -9 10 12 -12 13 -10 -14 16 -7 19 23 -17 21 -8 -23 -19
right_child=4 2 3 -5 5 7 20 8 9 -11 11 -13 14 -15 -16 17 -18 18 -20 -21 -22 22 -24 -25
leaf_value=-0.0044990992379519493 0.002717542029342059 0.006826337714874499 0.002666881848770758 -0.0054448312094349588 0.00037624806944126543 -0.0024718073660430183 -0.0032019200593719804 -0.0021821654654373837 -0.0046361167905732701 -0.0017614312184953838 0.01320056052989242 0.00075509999912053572 0.010963678631931054 0.0050328835365760997 -0.00018299795939046744 0.0007245543272555449 0.0079332779394682834 -0.0044411302765112633 0.0080444456670594154 -0.0050343000388062154 -0.0025500798705782534 0.011371232607302497 -6.9750745164125813e-05 0.0027773341729690751
leaf_weight=61.776521116495132 96.662998653948307 14.19782082736492 12.915334239602087 23.129998177289963 359.84544136375189 16.904842734336853 28.753862872719765 149.61902313679457 36.244666166603565 108.6352037191391 20.316453672945499 16.842050783336163 14.06215074658394 19.158205941319466 15.596138559281824 261.15800215303898 47.324805945158005 17.124254062771797 36.390136443078518 26.358667083084583 312.18647710233927 14.544621482491495 16.373824208974838 82.212108790874481
leaf_count=665 590 131 125 227 2287 107 232 1098 300 919 128 110 106 140 110 1746 300 113 233 187 2552 102 135 521
internal_value=0.000101845 -0.00237493 0.0003188 -0.00252986 0.000269695 0.000116593 -0.000778301 0.000872252 -0.000250546 0.00100834 0.00346242 0.00803913 0.00125645 -0.00119286 0.0055673 0.00174703 0.00519096 0.00119091 0.00334237 0.000149037 -0.00189263 0.00149035 0.0057863 0.00143421
internal_weight=1808.33 112.02 50.2432 36.0453 1696.31 1599.65 731.704 867.947 380.474 230.855 122.22 37.1585 85.0612 55.4029 29.6583 487.473 64.2296 423.243 135.726 287.517 371.859 59.6723 30.9184 99.3364
internal_count=13164 1148 483 352 12016 11426 5308 6118 2911 1813 894 238 656 440 216 3207 407 2800 867 1933 3021 469 237 634
is_linear=0
shrinkage=0.01


Tree=266
num_leaves=25
num_cat=0
split_feature=209 233 197 273 120 279 234 278 109 71 192 81 297 315 32 147 210 63 219 295 286 280 117 109
split_gain=6.90786 18.5107 8.77106 10.0016 12.3339 9.31069 8.51918 8.23274 11.2972 8.09071 11.3609 8.08623 7.97927 7.42596 10.4231 9.19041 7.89591 7.76858 7.17061 10.0399 10.8039 7.18038 7.14559 6.23139
threshold=0.76013698630136994 0.76197221098070966 -0.45545749439294564 5.4713495324663919 0.60301387957868713 0.031029261059489669 0.13240163615114922 0.0072011212278179125 1.1825368859594807 2.1397816760993096 0.86567307581886721 1.0002332579601705 -0.0046930085322921993 -0.64252123615837886 0.0014214648260700896 0.16380131362889985 0.10510071474983756 -0.23344923007024185 0.012232530300763133 0.10451076773214596 2.6770740316639237 0.13556305480591149 2.2015085303471573 1.5585715578217496
decision_type=2 2 10 10 10 8 2 10 10 10 8 10 2 2 2 10 2 10 2 2 2 2 8 10
left_child=1 2 -1 4 -4 7 13 22 -9 10 12 -11 -3 15 23 -2 -16 -18 19 -7 -21 -22 -6 -15
right_child=6 9 3 -5 5 18 -8 8 -10 11 -12 -13 -14 14 16 -17 17 -19 -20 20 21 -23 -24 -25
leaf_value=-0.0012137252799016402 -0.0010012186429171177 0.010081856645535911 0.0055987163105937418 -0.0059329179111452593 -0.0009979380147037949 -0.003090246522795301 -0.0048811620417053532 -0.0012948683466591701 0.0081963251295002499 0.01204411154588062 -0.0010576550322075903 0.0010986704180903164 0.0022945023551363651 -0.00080520965336783649 -0.0068134958544424648 0.0063250640865952423 0.0054294112968227837 -0.0059616161703868733 -0.002935023571906975 0.0098456253027875591 -0.0039066004894887218 0.0055608215574809864 0.005858303042294003 0.0014707716614793314
leaf_weight=317.51017951965332 31.346037738025188 20.634328946471214 52.976002991199493 17.861828818917274 308.74579843878746 11.804324649274347 41.130913771688938 22.358734823763371 23.500560164451599 18.791274935007099 46.096123494207859 11.021077044308184 36.299955397844315 512.07170724123716 41.839157082140446 32.710810795426369 11.567004859447481 7.4039113223552695 12.425584830343722 34.058475695550442 12.043713800609114 14.605814091861246 13.137896895408629 154.01335882395506
leaf_count=2280 265 140 307 120 2210 86 295 149 154 130 353 85 237 3728 471 219 115 85 85 230 89 105 89 1129
internal_value=7.3069e-05 0.000644379 8.98937e-05 0.000884731 0.00115934 0.000605923 -0.0005943 -8.92046e-05 0.00374251 0.00407201 0.00259485 0.00847628 0.00547869 -0.000353434 -0.000645699 0.00283458 -0.00451329 0.000740013 0.00353252 0.00472306 0.00632843 0.00128378 -0.000666189 -0.000273432
internal_weight=1805.95 973.872 841.029 523.519 505.657 452.681 832.083 367.743 45.8593 132.843 103.03 29.8124 56.9343 790.952 726.895 64.0568 60.8101 18.9709 84.9379 72.5123 60.708 26.6495 321.884 666.085
internal_count=13156 6849 5904 3624 3504 3197 6307 2602 303 945 730 215 377 6012 5528 484 671 200 595 510 424 194 2299 4857
is_linear=0
shrinkage=0.01


Tree=267
num_leaves=25
num_cat=0
split_feature=32 118 270 273 268 5 277 5 181 116 63 148 81 277 123 37 5 122 24 300 323 216 291 263
split_gain=7.73704 9.75594 10.8368 9.31869 7.74604 8.80236 7.57029 6.59463 9.62001 7.14073 14.4669 11.6791 17.4875 11.3245 10.4052 9.53581 8.92184 8.50013 11.7996 9.64695 7.67292 9.68991 7.53769 7.44974
threshold=0.0016625115394608102 20.500000000000004 0.054802181974196319 3.4298411441165553 0.34999334992940795 -2.908964877275698 -0.010486826605494248 -2.8712440139818409 0.053944638567372798 -0.16900300018275616 -0.062995028555585197 0.15599583577330994 0.29107408367400694 -0.021264510775260852 -0.10896092029255984 0.4906101216716629 -2.6843108905290429 -0.021594023724452922 -0.83355184304086738 0.24448239469247543 527.50000000000011 1.1091172963172862 0.36515182169387733 -0.21507537196808826
decision_type=2 2 2 10 2 2 8 2 2 10 10 8 10 10 10 2 2 10 2 2 2 2 2 8
left_child=7 -2 -3 6 -5 -6 -4 8 -1 11 -11 12 13 -9 -15 -14 -16 18 -13 -20 21 -21 -12 -23
right_child=1 2 3 4 5 -7 -8 9 -10 10 22 17 15 14 16 -17 -18 -19 19 20 -22 23 -24 -25
leaf_value=0.0062076334511576127 -0.0069141344468695697 -0.006159631113729273 0.010002546056422753 -0.0060572259470288948 -0.0029290750626584151 0.0067862669540143493 -5.6445540444357458e-06 -0.0062413909509510535 0.00083524812695192133 0.0050646621383667887 0.0036741219471497998 -0.0061862330779215114 1.5060028187758186e-06 0.00394090139226642 -0.007084941295995394 0.008716169141595502 0.00026303040731914503 -0.0044599237866256832 -0.0029048620847765155 0.0085217207841660359 -0.00315200734721939 -0.0042508211468807221 -0.00017659012648599964 0.0046814650566823161
leaf_weight=35.504191681742668 31.335043653845787 24.3502162322402 14.045381240546702 18.7459352388978 17.776254236698151 14.313531197607515 13.311873741447927 30.04141715914011 272.47741498053074 59.520951710641384 51.483594097197056 29.741936199367046 20.03915748745203 46.722404465079308 20.56622276455164 31.866492122411728 54.731650620698929 116.89427115023136 45.602257966995239 26.775104887783527 14.837325625121592 14.7879456654191 786.36256351321936 16.994137190282348
leaf_count=198 362 293 134 187 174 138 129 200 1684 352 373 198 146 263 134 203 349 966 302 178 98 96 5914 111
internal_value=6.93823e-06 -0.00228 -0.000706132 0.00113607 -0.00139224 0.00157495 0.0055567 0.000193886 0.0015089 -0.000104167 0.000417756 -0.00110017 0.000691263 -0.00103025 0.000357444 0.0055448 -0.00191559 -0.00247226 -0.000849175 0.000589595 0.0028014 0.00440237 7.04392e-05 0.000488393
internal_weight=1808.83 133.878 102.543 78.193 50.8357 32.0898 27.3573 1674.95 307.982 1366.97 897.367 469.6 203.967 152.062 122.02 51.9056 75.2979 265.633 148.739 118.997 73.3945 58.5572 837.846 31.7821
internal_count=13182 1417 1055 762 499 312 263 11765 1882 9883 6639 3244 1295 946 746 349 483 1949 983 785 483 385 6287 207
is_linear=0
shrinkage=0.01


Tree=268
num_leaves=25
num_cat=0
split_feature=108 297 176 300 297 100 136 82 304 282 120 53 213 140 84 160 271 198 106 182 83 121 127 252
split_gain=6.39962 11.7174 8.91602 10.3538 7.98015 7.58194 12.1908 14.2322 13.611 12.7172 12.579 9.67118 9.01882 8.55244 8.00768 7.68326 7.6079 9.10113 8.02832 7.52756 7.50035 7.33784 8.4725 9.46389
threshold=1.4994854544011738 -0.026984664323865402 12.743329067728331 0.22458321756001151 -0.051246612569940252 0.67990093796261097 0.32339757506930766 0.45572737483882325 -0.0071769327382750761 -0.027878633384375046 0.53635554339761815 57.500000000000007 -0.15579607344511967 0.0016129074217154573 5.2138024041674784 0.0279199688190204 0.052674495872370851 112.50000000000001 0.25773757020957266 100.50000000000001 0.88361969714409516 -1.6535914861196137 0.13484645913596452 119.50000000000001
decision_type=10 2 2 2 2 10 2 10 2 10 10 2 2 2 2 10 2 2 8 2 10 10 10 2
left_child=5 4 3 -3 -2 6 7 9 15 -1 -8 12 13 -11 -15 -9 18 20 -7 -20 -18 22 23 -22
right_child=1 2 -4 -5 -6 16 10 8 -10 11 -12 -13 -14 14 -16 -17 17 -19 19 -21 21 -23 -24 -25
leaf_value=-0.0045653820535281036 0.0032523479231262946 0.00085014860828624137 -0.00045350103322326554 0.012483622760770531 -0.0058186566051765297 0.0050905245150720813 0.002198426195965779 -0.0034341764669240634 0.0093255548687743179 0.0014740298764698517 -0.0063216165193245499 -0.0019779747301158553 -8.4324968755356141e-05 0.013870547417678004 0.0032437430555733839 0.0051799902230592878 -0.0034488498888623001 -0.0032390045993119236 -0.0029422384869244745 0.0051041355068044622 0.0045763520798691908 -1.1303640325849506e-05 -0.0037410424850573987 -0.0026546277352376864
leaf_weight=34.598398849368095 15.219302572309969 12.421479791402815 15.519496120512484 20.137716330587864 18.378640748560429 12.045455664396284 29.423821955919266 17.606327183544636 42.986666664481163 24.99351105093956 35.39153965562582 40.231651842594147 37.23644608259201 16.170918330550197 15.386557586491106 18.172745577991009 52.831582345068455 83.763628505170345 213.328095279634 9.6696758046746236 102.1192871555686 910.0509028583765 16.864532262086868 19.726612851023674
leaf_count=223 106 88 117 147 141 100 197 103 254 144 255 231 255 94 94 107 396 607 1940 80 671 6600 117 137
internal_value=-3.38873e-06 0.00268312 0.00572475 0.00849828 -0.00174869 -0.0001348 0.00126838 0.00227934 0.00571027 0.000602723 -0.00250898 0.00201137 0.00374095 0.00616032 0.00941429 0.000974117 -0.000445839 -0.000117116 -0.00207819 -0.00252905 0.000127073 0.000317001 0.00243508 0.00336376
internal_weight=1814.27 81.6766 48.0787 32.5592 33.5979 1732.6 312.199 247.383 78.7657 168.617 64.8154 134.019 93.7874 56.551 31.5575 35.7791 1420.4 1185.36 235.043 222.998 1101.59 1048.76 138.71 121.846
internal_count=13204 599 352 235 247 12605 1957 1505 464 1041 452 818 587 332 188 210 10648 8528 2120 2020 7921 7525 925 808
is_linear=0
shrinkage=0.01


Tree=269
num_leaves=25
num_cat=0
split_feature=99 239 315 197 12 152 105 151 307 77 127 316 287 127 298 131 191 315 121 37 120 273 206 252
split_gain=6.26853 8.56298 8.19442 7.89539 7.78933 9.12342 7.24258 10.4273 10.0409 8.65511 8.1582 7.39266 11.2293 6.91614 7.96107 8.7521 7.55872 6.8644 6.80915 6.74715 6.50075 10.2367 10.1791 10.0037
threshold=1.2242135538382042 1.3518965088672987 -0.29468205015834137 -0.17717984042676113 0.84179995918665063 0.11119697750300533 0.96109023611504363 0.083200212992545278 -0.021594624393522648 4.1271739685569608 0.93714373007140284 -0.034486459811239274 -0.022358421436801838 0.20391538292466962 -0.0024494804041567662 1.5050462600925341 0.019998768315332777 -0.31199998192830686 -0.26585785275209878 0.52502319109461981 0.80910960197290394 2.6623557488212852 94.500000000000014 105.50000000000001
decision_type=10 8 2 10 2 8 10 10 2 10 10 2 2 8 2 10 8 2 10 2 8 10 2 2
left_child=1 4 -3 -4 5 6 7 9 17 20 13 -9 -13 19 15 -15 -16 -8 -6 -10 21 -1 -23 -22
right_child=-2 2 3 -5 18 -7 8 11 10 -11 -12 12 -14 14 16 -17 -18 -19 -20 -21 23 22 -24 -25
leaf_value=0.007295423893530174 -0.0035793141272731461 0.0083930284233417821 -0.0037141773903042719 0.0041216528286007357 0.0099347747933854185 -0.003010041741174752 0.0022847504398378037 -0.0078983419946414609 -0.00391265095622805 0.0077478243293975816 -0.00097770945422276574 0.0033742173162067913 -0.0032938710768923023 -0.0033244862317090692 0.0038909932537838001 0.0059820190916375368 0.010872011439081819 -0.0040677926270992907 0.0010785430544737102 0.0047307048266255845 0.00012017074667269202 -0.00016089590596441816 0.0032746785750238198 -0.0027347305718572663
leaf_weight=20.962986163794994 42.245719768106937 20.94372832775116 18.231241978704929 30.279763862490654 11.630412951111792 95.256501227617264 25.71974354237318 20.067573249340057 17.46758504956961 12.005018167197703 39.485472187399864 31.036511577665806 97.884950742125511 18.238618366420269 40.770485244691372 16.635398797690868 29.811584927141666 39.777306899428368 24.506920464336872 13.419559285044668 472.87545748054981 401.13733663409948 106.77706404775381 162.53934440761805
leaf_count=138 408 160 151 241 83 872 162 180 120 103 275 271 905 121 248 98 183 264 203 86 3473 2583 647 1197
internal_value=0.000101908 0.000196069 0.00356687 0.00111459 5.187e-05 -5.10822e-05 0.000133313 -0.000157248 0.00171639 0.000159903 0.00295066 -0.00262402 -0.0016428 0.00409232 0.00528291 0.00120424 0.00715984 -0.00156718 0.00447102 -4.52624e-05 6.21332e-05 0.000879451 0.000573569 -0.000617451
internal_weight=1809.71 1767.46 69.4547 48.511 1698.01 1661.87 1566.61 1325.29 241.326 1176.3 175.829 148.989 128.921 136.343 105.456 34.874 70.5821 65.4971 36.1373 30.8871 1164.29 528.877 507.914 635.415
internal_count=13172 12764 552 392 12212 11926 11054 9497 1557 8141 1131 1356 1176 856 650 219 431 426 286 206 8038 3368 3230 4670
is_linear=0
shrinkage=0.01


Tree=270
num_leaves=25
num_cat=0
split_feature=115 255 121 71 304 306 121 135 308 281 137 82 228 289 34 323 82 16 105 323 176 153 162 305
split_gain=7.13082 12.3463 10.2952 8.51211 8.28432 10.7087 12.1283 9.3822 7.70636 6.75156 7.14309 6.66657 6.64764 6.63175 6.96113 7.51131 8.09386 6.73562 6.6213 6.56877 7.1093 7.51468 10.3258 9.7836
threshold=-0.51655126540875618 195.50000000000003 -0.7454841213483524 3.0537523790089782 -0.036316368691354288 0.7258796241630604 -0.61159403919952759 0.22752906884643412 -0.0016583683969223601 0.60250401100044049 0.17035049272772956 0.70963433863515413 0.11793682990437555 -0.015397003837629207 0.22031812869724463 67.500000000000014 0.4263907239512929 1.2348316771688614 1.3997196495424571 506.50000000000006 12.541064559415538 0.011257075272450791 0.0081892697466467972 0.44999999999512508
decision_type=10 2 8 10 2 2 8 2 2 2 2 10 2 2 2 2 8 2 10 2 2 10 10 2
left_child=2 4 -1 9 5 -2 -7 13 -5 10 -4 -10 -11 -6 15 -15 -17 -18 -19 20 21 22 23 -14
right_child=1 -3 3 8 7 6 -8 -9 11 12 -12 -13 19 14 -16 16 17 18 -20 -21 -22 -23 -24 -25
leaf_value=0.00018563758101521299 -0.0016254751851765164 0.0092134357997172116 -0.0022252955582271077 -0.0039246726702694438 -0.0033090137889760234 -0.0014901109132293637 0.0097967022491049754 0.0069172889332711771 -0.00076202004739957848 0.0040062398914216743 0.0073970190447476027 0.0077747207521709502 -0.0029921218136287242 0.0061778564103841527 0.0071170793678689082 -0.0067786793373604895 0.0053149530453436549 -0.0021935963447554407 0.0043117376069211708 -0.005375465032219009 -0.0038833096636052577 -0.004124658493998656 0.0046871891024264298 0.0056705151136876965
leaf_weight=1059.3052101954818 21.955275803804398 15.781902395188807 13.532028570771219 12.20008063316345 62.954791307449341 12.165358468890188 30.559438146650791 14.892554864287375 13.688706852495669 12.625352077186106 12.241286836564539 21.193440571427345 66.461344584822655 13.6910038664937 11.477078936994074 17.48785687237978 17.471388444304466 81.188461177051067 16.41334144026041 73.737626850605011 113.7641725987196 41.774292439222336 39.371632471680641 13.270745255053042
leaf_count=7199 161 100 117 91 468 81 217 103 96 115 99 154 550 105 76 139 119 650 114 622 989 419 283 112
internal_value=-5.58287e-05 0.00130129 -0.000345672 -0.00163799 0.000799636 0.00388804 0.0066682 -8.03011e-05 0.00226773 -0.00212909 0.00259022 0.00459276 -0.00248638 -0.000638945 0.000460157 -0.000181104 -0.000961145 5.63812e-05 -0.000998563 -0.00275505 -0.00200004 -0.000617859 0.000671252 -0.0013926
internal_weight=1809.2 316.038 1493.17 433.861 300.257 64.6801 42.7248 235.576 47.0822 386.778 25.7733 34.8821 361.005 220.684 157.729 146.252 132.561 115.073 97.6018 348.38 274.642 160.878 119.104 79.7321
internal_count=13179 2333 10846 3647 2233 459 298 1774 341 3306 216 250 3090 1671 1203 1127 1022 883 764 2975 2353 1364 945 662
is_linear=0
shrinkage=0.01


Tree=271
num_leaves=25
num_cat=0
split_feature=317 158 317 28 204 220 115 201 168 253 268 165 128 168 315 227 271 17 18 128 77 162 109 301
split_gain=7.14678 8.27896 7.87734 9.48849 8.33395 8.24307 12.3517 6.26062 7.48321 8.37974 8.16448 10.4582 8.71732 7.52702 10.7351 9.04633 12.0239 11.1171 12.7697 9.18957 9.1581 8.66628 12.454 7.54797
threshold=0.02902604245069999 0.20013812154696134 0.016272130965285309 0.25317463516891081 0.18127053669222346 0.34383267195767203 -0.99491646141141865 0.49800000000000005 149.50000000000003 215.00000000000003 0.45940117791410812 179.87935185185188 -0.1880114630240198 158.50000000000003 -0.083925844117831841 0.0065898037172138274 0.13340974829072724 2.6837555907904354 0.270090087501826 0.30665144589396803 3.9180029029271481 0.007013444827020824 1.3016875177417906 0.81973084662652085
decision_type=2 10 2 2 2 2 10 2 2 2 2 2 10 2 2 2 2 2 10 10 10 10 10 2
left_child=2 -2 7 4 -4 6 -6 -1 10 13 11 12 -9 14 15 16 20 19 -19 -17 21 22 23 -10
right_child=1 -3 3 -5 5 -7 -8 8 9 -11 -12 -13 -14 -15 -16 17 -18 18 -20 -21 -22 -23 -24 -25
leaf_value=0.0028319440977721978 0.0025196344073925838 -0.0061627670832709912 -0.0047609015670821066 0.0098215992099926971 7.0470052733610198e-05 -0.0015997911304150272 0.012071707486028102 0.0041132815317148101 -0.0048492653641368684 0.0066791858615860332 -0.0023966274216174464 -0.0040181371639445304 -0.00013497036539385384 -0.00020158183164017761 -0.0050074206186512598 0.006251118564859816 0.0065508325768673312 0.015477126545962299 0.0015959393320577823 -0.0031004087968303953 0.0063421810532918663 -0.0058347153004351653 0.0080156281835444872 0.0037715844255438425
leaf_weight=71.280685402452946 13.569772824645041 34.179431967437267 14.415328420698641 14.200660988688467 17.09660529345274 20.372772164642811 14.789680361747743 53.173994340002537 29.25760455429554 18.316962897777557 240.7954452931881 57.293236300349236 346.98532467335463 683.4512198343873 17.444499932229519 18.743632949888706 27.729492209851742 15.359848745167257 11.832843087613581 17.852831028401852 13.269934691488741 31.041460834443569 13.475377880036829 12.269440121948717
leaf_count=490 89 259 116 97 117 142 102 415 222 116 1921 428 2619 4763 132 123 164 106 90 121 119 238 98 89
internal_value=3.27035e-05 -0.00367243 0.000139526 0.00313338 0.00135124 0.00321408 0.00619814 -9.08054e-06 -0.000140395 0.00045586 -0.000917649 -0.000126959 0.000452051 0.000306096 0.0019571 0.00266307 0.00106149 0.00565639 0.0101926 0.00176882 -0.000600835 -0.00185143 0.000555258 -0.00220101
internal_weight=1808.2 47.7492 1760.45 80.875 66.6744 52.2591 31.8863 1679.57 1608.29 910.045 698.248 457.453 400.159 891.728 208.277 190.832 127.043 63.7892 27.1927 36.5965 99.3138 86.0439 55.0024 41.527
internal_count=13176 348 12828 574 477 361 219 12254 11764 6381 5383 3462 3034 6265 1502 1370 930 440 196 244 766 647 409 311
is_linear=0
shrinkage=0.01


Tree=272
num_leaves=25
num_cat=0
split_feature=5 5 109 131 277 321 145 81 150 109 75 170 282 81 118 267 40 313 259 232 292 313 244 274
split_gain=7.34089 10.0346 8.21883 8.92141 14.2361 8.91485 8.83656 8.01155 9.53468 9.86423 10.4307 11.9366 12.5143 11.2785 10.7475 13.035 9.02361 8.25204 8.68882 7.83654 10.4916 12.49 7.813 8.25112
threshold=-2.8935132521978844 -2.8712440139818409 2.1525822659375815 1.0867398045584185 0.038342301831672483 4.5000000000000009 0.047477193974966421 -1.0000000180025095e-35 0.026519369395768624 0.97673868213642379 0.41342276742340772 4.6771320262725089 0.014192835403214666 0.77570209068504681 86.500000000000014 1.1846034262346661 0.0082000833792815944 0.014607336237430284 0.81244779471297701 2.7241120743786311 -0.0034691164778374085 -0.0021279003961516695 0.0068055555555555569 5.669376920374253
decision_type=2 2 10 8 10 2 10 8 8 8 8 8 8 10 2 2 2 2 10 2 2 2 2 2
left_child=-1 19 3 4 -3 22 -4 -7 -9 -10 11 12 14 -14 15 16 -11 18 -12 20 -2 -22 -5 -24
right_child=1 2 6 5 -6 7 -8 8 9 10 17 -13 13 -15 -16 -17 -18 -19 -20 -21 21 -23 23 -25
leaf_value=-0.0014926714203848778 0.0067400151738319335 -9.7594829139798636e-05 0.0010224575103521981 0.0032688773552918388 0.0099116842066973715 -0.0046590924413298616 0.0079763867862104182 0.0017935222831059214 -0.0038325943689632726 -0.00057536363107190801 -0.0042581821577310341 -0.0030838291903421649 -0.0045445726787888161 0.0046050882866179831 0.008800026365025115 0.0086012968242835334 0.0076418184983026039 0.0007490361973170709 0.0035060848675313333 -0.00068112767546742669 -0.0034730332637854678 0.0038802109215727272 0.001061231923811002 -0.0024575790892469715
leaf_weight=229.0035197250545 60.079726584255695 37.612510249018669 69.803138144314289 99.135825410485268 19.755288764834404 51.215582512319088 22.669442147016525 127.74653861671686 111.60425458103418 98.633043721318245 136.05094613879919 62.052271053195 44.539402633905411 16.14751310646534 26.218725249171257 21.619100585579872 12.544709369540213 64.148986794054508 13.800023853778837 58.897022515535355 32.072087094187737 65.890885055065155 240.94195129722357 88.838953576982021
leaf_count=2168 298 227 513 682 109 360 133 789 917 671 1163 420 321 96 152 150 80 543 122 350 174 337 1698 717
internal_value=0.000168737 0.000412115 9.1871e-05 -0.000119236 0.00363743 -0.000305476 0.0029247 -0.000937516 -0.000659926 -0.00118356 -0.000566752 0.000693242 0.00179031 -0.00199709 0.00325167 0.00198743 0.000510234 -0.00221769 -0.00348462 0.0023954 0.00353998 0.00143278 0.000849432 9.73778e-05
internal_weight=1811.02 1582.02 1365.08 1272.61 57.3678 1215.24 92.4726 786.321 735.106 607.359 495.755 281.755 219.702 60.6869 159.016 132.797 111.178 214 149.851 216.94 158.043 97.963 428.917 329.781
internal_count=13190 11022 9863 9217 336 8881 646 5784 5424 4635 3718 1890 1470 417 1053 901 751 1828 1285 1159 809 511 3097 2415
is_linear=0
shrinkage=0.01


Tree=273
num_leaves=25
num_cat=0
split_feature=299 294 120 299 162 304 131 309 128 108 5 106 73 303 47 140 72 222 74 106 220 295 286 159
split_gain=7.24787 6.98437 8.3679 7.63988 7.48783 8.67547 10.4952 11.5679 7.11389 6.66449 11.1028 7.59937 6.63298 8.59265 8.39606 9.42723 11.2087 10.7694 9.68773 7.68976 6.66122 6.47463 8.02035 9.30255
threshold=-0.052933153802719006 -0.01945484969909805 1.2459523765234779 -0.020584398872756256 0.043557312252964435 0.00030184091713586497 1.7005433662600902 0.0078165980957349852 1.3089234552930249 1.4994854544011738 -2.2072159292773059 0.67778797678102098 327.17862094722165 -0.00081468158707265583 27.500000000000004 0.0279829035661073 -62.604654240109411 112.50000000000001 270.50000000000006 0.56477797512565553 0.28101168719823116 0.037170990934573329 0.57278480941076615 0.18092745238582841
decision_type=2 2 10 2 10 2 8 2 8 10 2 8 2 2 2 2 2 2 2 10 2 2 2 10
left_child=12 4 9 -4 5 -2 -7 -8 -6 21 -11 -12 14 -14 15 16 17 -1 -17 -15 -19 -3 23 -23
right_child=1 2 3 -5 8 6 7 -9 -10 10 11 -13 13 19 -16 18 -18 20 -20 -21 -22 22 -24 -25
leaf_value=-0.0015992305991520542 -0.002853350616513583 -0.0061580733736795899 0.0052622104113139168 -0.0032603578173702975 0.0086897327273865472 0.0069883948615737327 0.0028709034754091046 -0.0042006293830460679 -0.001077482808812597 0.010976205166201267 0.0053819806720425602 -0.0047394552185292625 0 0.00081531556218296679 -0.0039380816770775203 -0.0017295013606177315 0.0068736292245660212 0.0012432584556650898 0.0067516104264753411 0.010341002221194386 0.0094452955195971442 0.00061356674862751714 0.00013492955239714123 0.0089666367634048758
leaf_weight=61.898665256798267 244.97556629031897 12.548101991415022 9.0644981116056424 100.76551106572151 10.955817110836504 17.762299075722694 40.511014848947525 46.806931227445602 14.700211845338346 12.933715209364889 11.484837613999845 12.535445354878901 29.779512621462345 13.720552153885363 32.666185468435287 114.27668063342571 45.886263974010944 24.446705788373947 12.379906654357908 23.095171809196472 15.523343510925768 33.878585673868656 840.98042358458042 19.971989057958126
leaf_count=417 1756 92 80 917 76 108 298 360 110 84 83 91 203 91 213 905 312 161 87 155 95 251 6062 138
internal_value=4.91016e-05 -0.000274862 0.000142301 -0.00243308 -0.00144028 -0.00183116 0.000554923 -0.000921511 0.00350835 0.000449294 0.00445704 0.000119679 0.00128417 0.00408066 0.000642597 0.00122629 0.0029203 0.000991733 -0.000762813 0.00712911 0.00486765 0.000271564 0.000382052 0.0040234
internal_weight=1803.55 1429.87 1054.16 109.83 375.712 350.056 105.08 87.3179 25.656 944.333 36.954 24.0203 373.673 66.5952 307.078 274.412 147.755 101.869 126.657 36.8157 39.97 907.379 894.831 53.8506
internal_count=13145 10506 7798 997 2708 2522 766 658 186 6801 258 174 2639 449 2190 1977 985 673 992 246 256 6543 6451 389
is_linear=0
shrinkage=0.01


Tree=274
num_leaves=25
num_cat=0
split_feature=5 5 68 270 137 317 254 73 262 29 296 189 23 131 42 89 206 62 317 317 162 9 96 263
split_gain=6.17687 8.08915 8.22194 7.73555 9.22893 7.43049 7.30923 7.26072 10.7758 8.72558 7.52274 7.19099 7.08196 7.01631 11.2474 9.80469 8.92645 6.92992 6.49066 9.00587 5.91468 9.33696 16.6246 9.16466
threshold=-2.8935132521978844 -2.8712440139818409 519.50000000000011 0.054802181974196319 0.19309643958508552 -0.010854836809237656 223.50000000000003 310.94171343463051 -0.52184356360932949 0.27354037874377252 0.88210721678180326 -0.49492331434358589 -0.96607628887284336 5.1803809425763907 86.500000000000014 2.1211323535609066 76.500000000000014 118.50000000000001 -0.0072411334130329909 0.010142925156187758 0.053605637657361802 1.2225067631426811 -0.016970847903395769 1.3199911640807345
decision_type=2 2 2 2 2 2 2 2 10 2 2 8 8 8 2 8 2 2 2 2 10 2 8 8
left_child=3 2 7 12 13 -3 20 8 9 -2 -10 -8 -1 18 -15 -16 17 -17 -5 -20 21 22 -7 -22
right_child=1 5 -4 4 -6 6 11 -9 10 -11 -12 -13 -14 14 15 16 -18 -19 19 -21 23 -23 -24 -25
leaf_value=0.0032878496828077841 0.0089384650925420483 -0.0044174641371994144 -0.0022896316374596162 0.0015059326625454169 0.0061019408407901789 -0.00034846922235959749 -0.00062202401917211788 0.0062215989139011406 0.0021794612789895439 0.00067610838738632237 -0.0035246510136865724 0.0078098473821473259 -0.0061892348781663036 -0.0051270171961821185 -0.0015674308617531808 0.014304174218464574 -0.00077311845500322384 0.0023113688885580837 -0.0075760832447638263 0.00019271560780076795 0.0042933848721625626 -0.0033978190276220998 0.0051178147507888443 -0.0033075613875765729
leaf_weight=7.3657770305871964 25.487115740776062 36.492132924497128 35.936825297772884 19.661919243633747 15.945716001093386 1066.8219355642796 16.846599131822586 43.994948416948318 45.541648909449577 24.72454085201025 41.412830911576748 20.408461160957813 47.068932764232159 19.909378811717033 23.963013142347336 11.879439808428293 10.661358773708342 9.4175902605056745 39.215490788221359 22.526881277561188 61.060729347169399 88.006128147244453 55.845146961510181 18.620655886828899
leaf_count=75 125 257 192 168 148 7598 114 235 245 123 241 125 518 199 210 109 103 84 348 199 430 774 409 149
internal_value=-7.00794e-05 0.000151995 0.00193203 -0.00160003 -0.000530573 -0.000133985 -6.30596e-06 0.00279738 0.00158794 0.0051431 -0.00055148 0.00419783 -0.00478976 -0.00130585 0.000861534 0.00315557 0.00656488 0.00993886 -0.00329781 -0.00484216 -0.000137423 -0.000314032 -6.34311e-05 0.00245218
internal_weight=1808.82 1581.2 217.098 227.615 173.181 1364.1 1327.61 181.161 137.166 50.2117 86.9545 37.2551 54.4347 157.235 75.8308 55.9214 31.9584 21.297 81.4043 61.7424 1290.35 1210.67 1122.67 79.6814
internal_count=13178 11017 1161 2161 1568 9856 9599 969 734 248 486 239 593 1420 705 506 296 193 715 547 9360 8781 8007 579
is_linear=0
shrinkage=0.01


Tree=275
num_leaves=25
num_cat=0
split_feature=32 313 94 100 217 185 323 253 266 118 115 102 12 152 315 197 276 29 169 141 105 295 162 261
split_gain=6.39107 8.62522 9.68891 13.3959 7.92112 11.6177 6.93785 6.0638 7.91036 7.32018 11.9521 7.87065 7.54929 9.11373 6.86078 9.81783 9.27719 10.4609 8.82141 10.7246 9.54322 11.6122 9.23672 12.9658
threshold=0.0014316399604838677 -0.054424237038792282 0.58511235831212127 0.91169057107260854 0.78389189189189201 0.64722883373002393 202.50000000000003 211.50000000000003 2.7828759398496246 154.50000000000003 -0.50901632190577906 1.228056852784827 0.84179995918665063 0.17529120364171913 -0.78623614211451232 -0.83998466156648288 2.3796779357805073 0.26870280015068082 71.500000000000014 0.0008745162819865708 0.35857768505242943 0.18749999999881631 0.0047961906514538107 0.10868521652060607
decision_type=2 2 10 10 2 10 2 2 2 2 10 10 2 8 2 10 2 2 2 2 8 2 10 8
left_child=7 4 3 -3 5 -2 -4 9 -9 11 -11 12 14 -14 -1 -16 17 -17 22 -20 -21 -22 23 -18
right_child=1 2 6 -5 -6 -7 -8 8 -10 10 -12 -13 13 -15 15 16 18 -19 19 20 21 -23 -24 -25
leaf_value=0.0044204985654538722 -0.002831835317394915 -0.00485569404480099 4.9994358713045185e-05 0.0057725126840388287 -0.0030990786790673366 0.010254968235145904 -0.0074187217448925622 0.0094982271760163592 0.00026046322683645837 -0.0068325603182718218 0.0035311133431960924 -0.0040442980188837895 0.007109873095560341 -0.0019115035901167391 -0.0034457056848016436 0.0073125409690183753 -0.00048173206274167195 0.00099287072297548295 0.006454665516721466 -0.0022435088835228755 0.0080389969305259251 0.00061988635567808588 0.00081548134413618001 -0.0048819828784163709
leaf_weight=37.038322426378727 9.2488614544272441 21.001669436693192 15.966790232807396 20.743020288646221 15.928244113922117 14.744041562080382 48.943850703537464 13.592842161655424 22.184059828519821 31.693751335144043 14.147570468485354 37.019337989389896 32.024048455059528 14.782362163066862 66.954195782542229 36.088653184473515 519.28628327697515 84.962640859186649 40.486374244093895 60.820752009749413 26.300720207393169 79.72002001106739 470.47217896580696 74.33385344594717
leaf_count=241 89 213 178 219 165 137 549 80 147 220 97 359 240 121 491 253 3490 588 225 417 166 560 3312 626
internal_value=0.000140403 -0.00184008 -0.00330476 0.000434124 0.00200898 0.00540682 -0.00564157 0.000318526 0.00423684 0.00022446 -0.00359395 0.000342113 0.000455223 0.00429404 0.000326571 0.000213596 0.000396927 0.00300955 0.000141233 0.00201405 0.00084051 0.00263137 -0.00022711 -0.00105506
internal_weight=1808.48 146.576 106.655 41.7447 39.9211 23.9929 64.9106 1661.91 35.7769 1626.13 45.8413 1580.29 1543.27 46.8064 1496.46 1459.43 1392.47 121.051 1271.42 207.328 166.841 106.021 1064.09 593.62
internal_count=13183 1550 1159 432 391 226 727 11633 227 11406 317 11089 10730 361 10369 10128 9637 841 8796 1368 1143 726 7428 4116
is_linear=0
shrinkage=0.01


Tree=276
num_leaves=25
num_cat=0
split_feature=99 25 109 10 142 153 5 169 93 25 257 208 231 136 115 87 159 315 315 109 231 121 71 200
split_gain=5.71746 10.2734 7.62302 8.26402 8.73545 8.06085 10.6937 9.13079 8.70208 9.243 8.72765 7.7167 9.53271 7.77848 7.09848 7.63342 10.3009 7.57917 7.83363 7.73669 15.8385 11.5412 10.7103 9.58073
threshold=1.2242135538382042 0.98785592873026773 2.290809100281376 2.0999749604778279 0.023549217666864731 0.015611460138648182 -2.7572440115601888 18.500000000000004 -0.08924937722685243 0.51783116709061316 51.500000000000007 3.354358141951169 0.16250212803296232 0.21819495533368369 -0.45884382004409979 2.254235880059047 0.16461133750988385 -0.054835087797135862 1.0000000180025095e-35 1.6322669066613535 -0.34173118023114207 -0.61159403919952759 2.1964470663411553 1.4149402438268923
decision_type=10 2 10 2 2 10 2 2 8 2 2 2 2 2 10 10 10 2 2 10 2 10 10 2
left_child=1 2 3 4 5 8 7 -7 11 10 -10 12 14 -14 17 16 -16 19 -19 20 22 23 -1 -21
right_child=-2 -3 -4 -5 -6 6 -8 -9 9 -11 -12 -13 13 -15 15 -17 -18 18 -20 21 -22 -23 -24 -25
leaf_value=0.00024675829676832505 -0.0033999415461527498 0.0076024705470037158 0.0039192294584581141 -0.0038603575107949016 0.0057622465224207468 0.0072813020179989998 -0.0046593857876625414 -0.0014782937173088929 0.0087668847316395102 -0.0012368244485574348 0.0017622165583539246 0.0067486480792452886 -0.005763600189702618 0.0016149478192798202 0.0078274132892603519 0.0073201822057488907 -0.0016506576748485963 -0.0049479686784934373 0.0012579058475299376 -0.0031575481193916043 -0.0021703096679764502 0.0073623480301869479 0.004386616606949988 0.0033522756306542433
leaf_weight=685.11326728016138 42.546544246375561 15.686337910592554 48.289703391492367 50.858026437461376 24.208252780139446 13.9709335565567 76.526077769696712 38.070803806185722 30.365762196481228 34.688408590853214 43.308530226349831 14.018351987004278 47.076087065041065 18.282373681664467 12.51793063431978 24.354526787996292 42.429492339491844 57.042574390769005 28.990588515996933 36.983472272753716 273.70271164178848 32.48954676836729 66.064453862607479 49.422716051340103
leaf_count=4652 414 121 309 462 219 123 718 359 199 249 283 100 366 134 82 165 304 422 209 215 2123 221 409 293
internal_value=0.000103643 0.000194026 0.000114776 0 0.00012584 3.13683e-05 -0.00234285 0.00111 0.00024002 0.00293178 0.00488076 2.36625e-05 -5.7969e-05 -0.00370352 0.000130892 0.00297731 0.000769724 -5.82714e-05 -0.00287204 0.000159085 -0.000122743 0.00254293 0.000627343 0.000542813
internal_weight=1807.01 1764.46 1748.77 1700.48 1649.63 1625.42 128.568 52.0417 1496.85 108.363 73.6743 1388.49 1374.47 65.3585 1309.11 79.3019 54.9474 1229.81 86.0332 1143.78 1024.88 118.896 751.178 86.4062
internal_count=13151 12737 12616 12307 11845 11626 1200 482 10426 731 482 9695 9595 500 9095 551 386 8544 631 7913 7184 729 5061 508
is_linear=0
shrinkage=0.01


Tree=277
num_leaves=25
num_cat=0
split_feature=149 144 71 290 132 275 289 147 144 323 36 138 263 94 296 102 72 160 149 175 14 150 289 81
split_gain=7.11677 9.47992 9.34226 8.78961 8.60688 8.27769 8.14659 8.05882 12.9892 10.2038 10.1735 7.8409 8.65 8.36201 7.75098 7.61431 10.6119 8.95753 15.9015 10.6583 10.0038 11.11 9.54718 8.97774
threshold=0.26401991614255771 0.0051948402417962012 1.4978344337882457 0.03508771929778394 0.010608800636400146 0.086956521738342799 -0.0014040321948364241 0.24248077792853914 0.0078278186274509821 679.50000000000011 0.028861253818809 0.14265110817859705 0.1215838526180134 0.60410066072202451 0.68889185629264837 0.64910327237399745 37.18248558354221 0.067583317583317606 0.086628386253162409 32.630137665268286 0.0958766413149401 0.10531975099037919 0.025539157868644472 0.59795847949158443
decision_type=10 8 8 2 2 2 2 10 8 2 2 2 10 10 2 10 2 8 10 10 2 10 2 10
left_child=1 3 -2 -1 5 -5 -7 8 10 11 14 12 13 -9 -3 17 -17 18 -10 20 22 -22 -19 -20
right_child=2 7 -4 4 -6 6 -8 9 15 -11 -12 -13 -14 -15 -16 16 -18 19 23 -21 21 -23 -24 -25
leaf_value=0.0048503054459323085 -0.0015572052388287266 -0.00012791396687734265 0.0060635855972198402 -0.0046017003457862462 0.0035137738827627418 0.0022508703671206345 -0.0032177438448276387 0.00078817635072747476 0.00082469060084316178 0.0091711753374559956 -0.003271236271629451 0.0074153301612258603 -0.0048480217923254597 0.0079446039110185034 0.0085828971409196396 -0.0041745028349547209 0.0033886491444586214 0.005408737656129441 -0.0035850129512734019 -0.0041147956598283188 -0.003524404180489681 0.0012946588840409261 -7.2327974171823139e-05 0.0003617670383456862
leaf_weight=15.711455933749674 24.002385497093201 13.586807943880556 39.775207303464413 123.35515639930964 20.672822669148445 46.867394492030144 57.44373033195734 226.0070096552372 260.33852738142014 14.452239900827406 12.2770564481616 16.243535436689854 22.213367737829685 14.912482529878615 34.863365888595581 95.895253956317902 20.430828660726547 90.539601609110832 216.54888138175011 35.781912878155708 57.694494925439358 224.93790762126446 47.514679789543152 76.900437355041504
leaf_count=127 200 112 279 988 177 366 470 1433 1632 87 92 94 146 89 273 888 152 595 1758 265 405 1683 331 540
internal_value=2.7951e-05 -9.37863e-05 0.00323626 -0.00182915 -0.00230583 -0.00287544 -0.000756711 0.000217815 -0.000149424 0.00169239 0.00424796 0.00121352 0.00075177 0.0013227 0.00624863 -0.000397442 -0.00278857 -0.000114072 -0.000967619 0.000918832 0.00137408 0.000282112 0.0035517 -0.00255377
internal_weight=1808.97 1745.19 63.7776 264.051 248.339 227.666 104.311 1481.14 1187.31 293.829 60.7272 279.376 263.133 240.919 48.4502 1126.58 116.326 1010.26 553.788 456.469 420.687 282.632 138.054 293.449
internal_count=13182 12703 479 2128 2001 1824 836 10575 8726 1849 477 1762 1668 1522 385 8249 1040 7209 3930 3279 3014 2088 926 2298
is_linear=0
shrinkage=0.01


Tree=278
num_leaves=25
num_cat=0
split_feature=79 193 272 40 321 115 224 246 146 105 105 226 149 141 147 147 2 312 77 156 188 181 310 28
split_gain=6.54403 10.4644 11.2128 9.32884 11.8979 8.29328 7.91184 8.61606 6.6123 7.18334 6.56246 9.55413 11.3474 7.48155 7.04806 8.61365 7.70122 6.64981 7.78108 8.60537 6.63596 7.64261 9.75708 9.71102
threshold=82.795235970020755 0.79329085457271376 0.069781084423102963 0.0071471139111186797 5.5000000000000009 -0.80742053527288482 1.5368185630582067 0.76568721427994413 0.29059046731460531 -0.39877748174540534 1.4910714491559707 0.024440019910403187 0.16522977827325655 0.05990102850556369 0.088416582102454247 0.0968564845292956 1.0284053474010209 -0.43440277944654831 3.6254627323748179 0.054741010273972608 0.81649831649831661 0.079722182098319619 -0.28630390852293791 0.23860880589463404
decision_type=2 8 2 2 2 8 2 10 10 8 10 2 10 2 10 10 10 2 10 10 8 2 2 2
left_child=1 2 3 4 -1 -6 8 -8 9 -3 14 13 -13 -12 17 16 -16 -2 19 -19 21 22 23 -17
right_child=10 6 -4 -5 5 -7 7 -9 -10 -11 11 12 -14 -15 15 20 -18 18 -20 -21 -22 -23 -24 -25
leaf_value=0.0077718106031684003 -0.0055935987858294414 0.0038482592718999012 -0.0018761155368022607 0.011424887917030575 -0.0031465607398963964 0.0052797667251082148 -0.0019312768383464836 0.0089177645850793824 0.0040722909211356809 -0.0038789826954499272 0.0045152553756787799 -7.1314490655339751e-05 0.010062670303431958 -0.0049131323601015672 0.0091330256500148851 -0.0024110834091611751 -0.00032585071915421863 0.0075741102035478489 -0.0041672271007782234 -0.0024155866291639631 0.0048217070159785646 0.00019032436293035332 -0.0033181223908562252 0.0011813454510199931
leaf_weight=32.598024643957615 44.991101942956448 11.710522949695585 27.105236001312733 17.217250674962997 28.469608396291733 15.78969546407461 11.366522490978243 13.752115473151205 14.14339706301689 76.205721959471703 10.652031153440477 19.201833300292492 22.452054083347321 19.764062516391277 15.845225207507612 125.99701214581728 15.240533500909804 15.232447117567064 26.834568358957767 14.27967084944248 22.228779569268227 859.01149125024676 166.19652223587036 177.90237782150507
leaf_count=204 426 81 170 96 178 103 87 100 91 553 68 149 139 172 133 923 138 126 266 121 160 6170 1237 1253
internal_value=4.7647e-05 0.00154587 0.00361425 0.00521521 0.00345386 0 -0.000453074 0.00427484 -0.00171057 -0.00275035 -0.000193249 0.00269376 0.00566202 -0.0014772 -0.000339037 -0.000148932 0.00482679 -0.00284793 -0.000475299 0.00292158 -0.000274023 -0.000370106 -0.00139131 -0.00031332
internal_weight=1804.19 248.358 121.18 94.0746 76.8573 44.2593 127.178 25.1186 102.06 87.9162 1555.83 72.07 41.6539 30.4161 1483.76 1382.42 31.0858 101.338 56.3467 29.5121 1351.34 1329.11 470.096 303.899
internal_count=13144 1663 751 581 485 281 912 187 725 634 11481 528 288 240 10953 10014 271 939 513 247 9743 9583 3413 2176
is_linear=0
shrinkage=0.01


Tree=279
num_leaves=25
num_cat=0
split_feature=32 85 215 207 262 114 76 120 29 277 120 134 309 165 307 159 77 105 30 302 323 22 313 186
split_gain=6.5282 8.83081 9.76972 8.77952 7.44843 6.56435 13.1124 8.89065 8.20605 11.0327 8.81492 10.8157 8.77854 8.62397 8.11945 10.7093 7.20986 9.27083 11.3917 9.23009 9.1721 8.28106 7.99645 10.7291
threshold=0.0014316399604838677 181.26176811803586 -0.88421989134877299 -1.0518268884019397 -0.99788036317089934 0.71170873479357177 0.87469985781714743 1.014052550486394 0.36547492970090939 0.018578768394553333 0.80910960197290394 0.15698342811716506 0.015163371895815349 178.81052083333336 -0.021933817025178125 0.16680042803638312 4.5739375366273611 0.95325439068398365 0.11907206414393275 0.0050520144662404088 410.50000000000006 1.3954353078900861 0.025259714583558013 0.048465393047290951
decision_type=2 2 2 2 8 8 10 8 2 10 10 2 2 2 2 8 10 10 2 2 2 10 2 10
left_child=4 2 3 -2 -1 6 7 8 10 -10 -6 12 13 -12 15 -7 17 19 -19 -16 -21 -18 23 -22
right_child=1 -3 -4 -5 5 14 -8 -9 9 -11 11 -13 -14 -15 16 -17 21 18 -20 20 22 -23 -24 -25
leaf_value=0.005905026185834562 -0.0016464231709328991 0.006183566720162138 -0.0049862628575783269 0.0069687159260255595 0.00036616292324663182 0.0021104726542384108 -0.0028255745566205331 0.0072298459065659243 5.4231279224948105e-05 0.010075744274503876 0.0072943148881967276 -0.0072158220084202153 -0.0057278718813123389 -0.00093621070048576969 -0.00037613074067484325 -0.003241859616777532 -0.0049415077507930323 0.0043946602080057644 -0.0021976786933682831 0.00060543974292198623 0.007152404630826511 0.0044294933207143106 0.0076441597382583513 -0.0032888799760518407
leaf_weight=20.405980937182903 48.227624870836735 9.6867305710911733 74.1009172052145 12.546247027814386 406.2508914321661 56.726890727877617 178.5978907123208 14.873285412788389 27.807733990252018 15.577091991901396 14.891074530780314 34.243623226881027 21.200493335723877 42.800514034926891 292.39177320897579 98.035634957253933 33.35440281778574 160.07378751784563 29.212734289467335 119.61684074997902 14.221316516399382 10.18455885350704 44.757046796381474 20.488449968397617
leaf_count=98 482 87 836 127 2596 382 1505 112 190 96 115 228 179 334 2058 707 299 1043 235 818 93 86 289 126
internal_value=0.000102751 -0.00191335 -0.00261775 0.000347962 0.000282362 0.000201466 -0.00047984 0.000253958 3.24265e-05 0.00407229 -0.000323406 -0.00275657 -0.000625133 0.00141412 0.000788386 -0.00127092 0.00123304 0.00148881 0.00335455 0.000753049 0.00239843 -0.00259065 0.004971 0.00117965
internal_weight=1800.27 144.562 134.875 60.7739 1655.71 1635.31 756.243 577.645 562.771 43.3848 519.387 113.136 78.8921 57.6916 879.063 154.763 724.301 680.762 189.287 491.475 199.084 43.539 79.4668 34.7098
internal_count=13121 1532 1445 609 11589 11491 5355 3850 3738 286 3452 856 628 449 6136 1089 5047 4662 1278 3384 1326 385 508 219
is_linear=0
shrinkage=0.01


Tree=280
num_leaves=25
num_cat=0
split_feature=39 271 209 226 160 65 246 220 184 117 263 151 65 146 127 232 80 239 222 310 249 229 184 177
split_gain=6.36882 10.919 8.99478 7.14054 8.00427 7.93136 7.40583 7.42959 7.33449 7.58158 7.70828 7.32556 10.9617 10.1602 8.29251 8.96814 9.56758 8.37182 7.55622 11.9516 8.53735 8.45765 8.29768 7.05573
threshold=0.099296958015172868 0.20790524970258822 0.60730974632843793 0.065064703901476909 0.20025062656641607 3.8944372390318134 1.0323773551992621 0.075853471423091692 0.86513956611377529 -0.017088568730138188 -0.83958991685046225 0.087447625420191508 3.5240794898366876 0.040683765438967408 0.34395689806012536 3.7872854795329993 34.500000000000007 0.88558618501212683 302.50000000000006 -0.34133070610196753 0.040408163265306128 -0.14606378438730136 0.11625769519298161 6.9487346114241202
decision_type=2 2 2 2 10 8 10 2 10 10 8 8 10 10 8 2 2 10 2 2 2 2 8 8
left_child=3 2 -2 4 11 6 7 -5 9 10 -9 18 23 -14 -15 17 -17 -16 20 -20 -1 -21 -22 -13
right_child=1 -3 -4 5 -6 -7 -8 8 -10 -11 -12 12 13 14 15 16 -18 -19 19 21 22 -23 -24 -25
leaf_value=0.0005102679671228008 0.0013260023006954754 0.0022965220525681339 -0.0041905657428831719 -0.0057362077634256197 0.0039265126079417543 -0.0031143911462347051 0.0059950033600207403 0.0037265218102821235 0.00011875401142223868 0.0032485290053175975 -0.0047081297569548115 0.0032185611169573028 -0.0047393955900252843 -0.0028726999260725661 0.00084298199166880504 -0.0041345919077341448 0.0069975219696880768 0.011522980412860302 -0.0021476539621522938 0.011678144567768287 -0.0069561260824185546 0.0014995191682152982 -0.0010950197065572539 -0.004411598670592291
leaf_weight=468.94952178746462 37.078407131135464 52.040332458913326 120.02754202485085 12.437191873788832 41.156894020736217 38.099313728511333 31.102838799357414 15.264721594750879 250.12621259689331 218.12366127222776 24.366104766726494 11.181175932288168 24.56558358669281 20.433435127139091 12.345334939658644 18.115816481411461 9.3828020542860013 18.176117666065693 20.723418317735195 16.337897978723049 25.791892752051353 16.333672843873501 170.83521250635386 127.52193540334702
leaf_count=3343 257 302 878 101 324 310 238 90 1759 1467 163 94 238 186 109 177 74 152 143 100 183 108 1190 1128
internal_value=5.27223e-05 -0.00157509 -0.00288186 0.000269717 -0.00024344 0.00114049 0.00145074 0.0011461 0.00134758 0.00252187 -0.00140359 -0.000434182 -0.00192937 0.000529988 0.00230033 0.0041878 -3.38893e-06 0.00767298 7.27237e-05 0.00359404 -0.00022233 0.0071449 -0.001957 -0.00373713
internal_weight=1800.52 209.146 157.106 1591.37 1001.85 589.52 551.421 520.318 507.881 257.754 39.6308 960.694 241.722 103.019 78.4535 58.0201 27.4986 30.5215 718.972 53.395 665.577 32.6716 196.627 138.703
internal_count=13114 1437 1135 11677 7549 4128 3818 3580 3479 1720 253 7225 2158 936 698 512 251 261 5067 351 4716 208 1373 1222
is_linear=0
shrinkage=0.01


Tree=281
num_leaves=25
num_cat=0
split_feature=100 136 82 120 304 277 114 256 159 192 65 235 65 72 93 262 276 2 218 114 25 37 39 66
split_gain=6.28786 10.8347 13.977 13.3113 11.5687 10.6501 10.4243 10.1216 9.6577 11.0511 9.55634 9.48326 13.6945 10.9336 9.39511 9.3418 8.79757 12.5017 10.8334 8.85105 8.46969 8.1653 7.71737 10.7398
threshold=0.67990093796261097 0.32339757506930766 0.45572737483882325 0.53635554339761815 -0.0071769327382750761 -0.026664202875596146 0.71170873479357177 9.5000000000000018 0.054257755001908096 0.82127542442357038 1.6652402419624079 0.0047892764247409259 4.0376262867610295 -256.01842782175845 -0.87147554751303569 -0.2081235201215311 4.1136363574316297 0.85128171895409677 0.050886691776522296 0.83746698935452935 0.69673987148899663 0.60807740992770443 0.075078342760606112 15.791829758649794
decision_type=10 2 10 10 2 10 8 2 8 10 10 2 10 2 8 10 2 10 2 8 2 2 2 2
left_child=1 2 5 21 15 -1 7 -2 14 -10 -9 -8 13 -13 -7 -4 22 18 -18 -19 -14 -3 23 -15
right_child=6 3 4 -5 -6 8 11 10 9 -11 -12 12 20 16 -16 -17 17 19 -20 -21 -22 -23 -24 -25
leaf_value=-0.0038403084016834549 0.005339308892206557 -0.0021821606511217514 -0.0033040628896454129 -0.0062329585675401722 0.0089222110472821602 0.0021894191269492473 -0.00030646743689281228 0.00043859018022211342 0.0095184767072804145 0.0006685393150193936 -0.0024416657621204305 -0.0022088237434455728 -0.0056766888363082779 0.0034679065769362017 -0.005004129539836785 0.0062211286888703681 -8.1663171451487988e-07 -0.0029890876308068847 0.0094669120521579074 0.0024127223276375178 0.0037397578760914947 0.0074857528457377429 0.0016135239422507561 0.014390380133810721
leaf_weight=38.342853613197803 19.279666766524315 16.086845092475418 19.152602642774582 34.764571391046047 44.115013055503368 47.630943492054939 615.06843100115657 163.60368081182241 25.445167012512684 29.610492564737797 376.14776900410652 37.95035108178854 32.762311980128288 20.6492103561759 25.499136410653591 16.583138316869736 17.960837684571743 44.259464636445045 32.811234891414642 82.285151109099388 10.683723948895929 13.826621629297732 22.306631594896317 17.991083741188049
leaf_count=248 154 106 110 250 258 270 4598 1144 158 192 3078 243 266 140 161 100 115 359 195 566 86 91 149 124
internal_value=4.33272e-05 0.00133053 0.00228549 -0.00223535 0.00564893 0.00059906 -0.000226059 -0.00130321 0.00198914 0.0050425 -0.00156905 0.000419067 0.00180863 0.00263322 -0.000398859 0.00122251 0.00342558 0.00222629 0.00627622 0.000491466 -0.00325188 0.00251734 0.00664441 0.00921497
internal_weight=1804.82 311.057 246.379 64.678 79.8508 166.529 1493.76 559.031 128.186 55.0557 539.751 934.728 319.66 276.214 73.1301 35.7357 238.264 177.317 50.7721 126.545 43.446 29.9135 60.9469 38.6403
internal_count=13161 1944 1497 447 468 1029 11217 4376 781 350 4222 6841 2243 1891 431 210 1648 1235 310 925 352 197 413 264
is_linear=0
shrinkage=0.01


Tree=282
num_leaves=25
num_cat=0
split_feature=99 105 83 128 64 3 184 184 286 65 174 253 157 306 227 247 234 301 14 1 105 307 112 148
split_gain=7.26925 9.95884 7.97262 8.39134 8.19856 7.51472 10.5126 7.90135 8.9544 10.5619 7.83167 11.2936 11.1639 9.96881 8.58116 8.08834 7.38994 7.37215 7.36469 6.94212 9.59133 10.2611 11.1065 10.7057
threshold=1.2991274216249038 1.3824999942590697 2.3561597536457959 -0.022285297627422995 1.1688601732190593 2.5471693845014545 -0.79716597214367135 -0.072240938208095684 1.5459675075367412 1.8225233866766384 160.1526388888889 217.50000000000003 0.19167997870074552 1.042235253858012 0.0063391601366284923 1.6965473434899641 0.026370467773408693 0.84872401708553291 0.80789623175516756 0.47885442130425698 0.51325900106333633 -0.0046366743657284088 109.50000000000001 0.25770033520966423
decision_type=10 10 10 10 10 2 10 8 2 10 10 2 8 2 2 2 2 2 2 2 8 2 2 10
left_child=1 5 3 -3 16 7 -7 8 9 -1 11 13 -12 18 -15 -16 -4 -6 19 20 -8 23 -23 -22
right_child=-2 2 4 -5 17 6 10 -9 -10 -11 12 -13 -14 14 15 -17 -18 -19 -20 -21 21 22 -24 -25
leaf_value=0.002664018624674724 -0.0046198315036841192 0.0041273749449722728 0.00080136094866066867 -0.0061020821940037263 0.0050348734977807676 0.0071867777402672304 -0.0014010844953164492 0.001205917101343127 -0.005348371537671954 -0.0055905088680499671 0.00017247659648502383 0.0071659913171548874 -0.0045182050325174427 -0.0055223919525742909 0.0055700440597182422 -0.0038425615472160832 0.010234407274736915 -0.0043310141558938762 0.0062708229118734584 -0.0037500975272094549 -0.0011978037692679444 0.0015394174494768906 0.0079772881608765871 0.0056460823737580594
leaf_weight=54.246405564248562 30.35505872964859 12.473500579595568 12.31899358332157 14.082284040749071 14.865378163754942 14.070619627833365 254.28514001518488 570.83788320422173 39.157645896077156 18.428702853620052 88.189485542476177 16.885385751724243 114.74490414559841 63.430791065096855 14.946994923055174 15.919549427926539 28.547733187675476 13.149348206818102 15.042029373347757 48.867590859532356 177.84326185286045 115.28724503517151 33.166298121213913 23.315986730158329
leaf_count=359 304 88 83 101 103 100 2055 3732 271 130 730 112 959 498 104 124 172 102 128 399 1282 843 219 150
internal_value=1.59885e-05 0.000103134 0.00319742 -0.0013283 0.00493981 -7.72882e-05 -0.000631058 0.000728437 -0.00166949 0.000425935 -0.000764516 -0.000303512 -0.00250062 -0.000496324 -0.00348974 0.00077076 0.00765087 0.000612027 -5.91439e-05 -0.000233086 6.60695e-05 0.00113874 0.00310716 -0.00033202
internal_weight=1804.46 1774.1 95.4372 26.5558 68.8815 1678.67 995.995 682.671 111.833 72.6751 981.925 778.99 202.934 762.105 94.2973 30.8665 40.8667 28.0147 667.808 652.766 603.898 349.613 148.454 201.159
internal_count=13148 12844 649 189 460 12195 7703 4492 760 489 7603 5914 1689 5802 726 228 255 205 5076 4948 4549 2494 1062 1432
is_linear=0
shrinkage=0.01


Tree=283
num_leaves=25
num_cat=0
split_feature=65 84 159 233 280 313 136 100 114 270 19 221 318 28 100 192 29 88 29 210 184 8 162 132
split_gain=6.63737 9.11485 8.35442 7.79656 8.76178 7.11923 6.54442 8.53043 11.6873 11.229 9.00244 8.6751 11.5749 8.13114 9.86219 13.575 13.2753 10.4819 10.8042 9.71419 11.475 9.3323 10.0492 10.3819
threshold=0.92917897485939605 -1.2075114800146194 0.089923156842373522 0.87513213530655409 0.12507309941506531 0.026134538311240327 0.32339757506930766 0.67990093796261097 0.71170873479357177 0.071457583845886061 -0.58556828901653957 -0.14414252132282579 0.94287611458926213 0.23835871533889444 1.0534856865688547 1.6548735121914897 0.25392828427989905 1.1463963738096583 0.25582575847007444 0.033955955263461325 2.42482591882424 -0.262560421458717 0.0068752156629182685 0.014160009395131146
decision_type=8 2 10 2 2 2 2 8 10 2 10 2 2 2 8 10 2 8 2 2 10 2 10 2
left_child=1 -1 5 6 -5 -3 7 9 -9 10 -2 12 -12 14 15 17 -17 18 -10 -18 -21 22 -15 -24
right_child=3 2 -4 4 -6 -7 -8 8 13 -11 11 -13 -14 21 -16 16 19 -19 -20 20 -22 -23 23 -25
leaf_value=-0.00062620918858025966 -0.0018386568049248155 0.0033569459774009701 -0.0006308742793193976 -0.0037434188461099071 0.0021069669872634512 0.012484889486210531 -0.0028140941750960215 -0.0012938904802570793 0.0076585016334064287 -0.00043514693166803696 0.0038580651118499082 0.00048676723974659908 0.013411804500044746 0.00021473201058574 -0.0017036517816812992 -0.00097564821525248507 0.0092777182799669965 -0.0030265905573671537 -0.00046447048233357833 0.0054118680015508725 -0.0039543406444193189 -0.0014250672886420689 0.0019354302489114528 0.0070179977869652896
leaf_weight=48.474417500197887 16.281038448214531 22.781049139797688 16.491789519786835 103.12511866539717 31.460486233234406 15.18646766245365 69.110018141567707 455.63464172184467 20.14270731061697 78.819191806018353 34.715405464172363 21.753471508622169 21.441168025135994 101.97807011753321 219.29282641410828 46.55425413697958 37.127089709043503 94.308716766536236 55.240560665726662 39.493354000151157 16.404254280030727 65.863201819360256 95.54181994497776 71.740054942667484
leaf_count=311 93 142 117 855 258 87 489 3576 116 459 212 140 127 709 1815 335 260 638 330 259 117 513 673 493
internal_value=8.16244e-05 0.00251227 0.00521604 -6.92532e-05 -0.00235321 0.00764763 0.000130878 0.000273022 -1.97163e-06 0.00234194 0.00462094 0.00600052 0.007993 0.000680416 -9.18678e-05 0.00105286 0.00333248 -0.000840371 0.00189238 0.00546405 0.00258767 0.001892 0.00271351 0.00420185
internal_weight=1798.96 102.934 54.4593 1696.03 134.586 37.9675 1561.44 1492.33 1319.32 173.01 94.1911 77.91 56.1566 863.687 528.564 309.271 139.579 169.692 75.3833 93.0247 55.8976 335.123 269.26 167.282
internal_count=13124 657 346 12467 1113 229 11354 10865 9834 1031 572 479 339 6258 3870 2055 971 1084 446 636 376 2388 1875 1166
is_linear=0
shrinkage=0.01


Tree=284
num_leaves=25
num_cat=0
split_feature=131 321 131 209 263 120 70 109 204 306 29 239 120 70 70 126 277 232 301 288 266 82 127 233
split_gain=5.77983 8.81826 7.94075 7.94992 13.633 8.64157 12.9261 8.33694 12.023 7.88312 10.9015 7.75126 9.01037 11.1154 11.0212 11.0052 9.37936 8.76961 11.5322 8.33287 8.76748 8.12824 7.71663 7.6967
threshold=1.804052230354825 4.5000000000000009 2.2141980887747068 0.87533783783783792 -0.25311871236959821 0.68155039720904365 0.47474714348821306 1.4031403344534763 0.42618293591654249 0.90673103421442547 0.26079292006809068 0.78707693376276178 1.111776080824346 0.80830258206282524 0.67865477417278586 0.67862873090945708 -0.036673231183053934 1.8353839705547534 0.87287018556707818 -0.008191927907199692 2.8711563855876254 0.74395587576754796 0.47283001484307779 0.81259005763688774
decision_type=8 2 8 2 10 10 10 10 2 2 2 10 10 10 8 8 10 2 2 2 2 8 10 2
left_child=-1 2 -2 5 -5 6 -4 8 -7 -9 -11 17 13 15 -14 23 -15 18 -3 20 -19 -18 -12 -13
right_child=1 11 3 4 -6 7 -8 9 -10 10 22 12 14 16 -16 -17 21 19 -20 -21 -22 -23 -24 -25
leaf_value=0.0013336588181994292 -0.0039404352495849525 -0.0012488790491609959 0.00013697222239886659 0.0033250507031987943 -0.0054092909065548171 0.0008612119499604513 0.0088138633094614546 0.00087689274863895562 -0.0053534036681573251 0.00026133603903793703 0.013740491435992111 0.0035670381197152202 0.0052322867965501696 -9.3062226602734865e-05 -0.0025654661894503488 -0.0022174331952484216 0.0025934859088262104 0.0071658788108700782 0.0041205425943996159 -0.0031655463875785959 -0.0032364345827532981 0.011345025724150795 0.0040974353233169183 -0.0024789435228984103
leaf_weight=296.2545996978879 29.521318055689335 177.49818680435419 31.679134897887707 27.417573809623718 41.305173225700855 144.30160813778639 35.51817575097084 108.36574937403202 36.629525527358055 27.043901666998863 14.647549964487551 90.379685536026955 17.882755130529404 26.650541290640831 146.28987287729979 102.50051878765225 23.228494860231876 14.485821910202505 48.554209098219872 279.95356181263924 12.732102833688257 21.700296349823475 23.66754562407732 24.788238376379013
leaf_count=1890 207 1247 202 205 359 1117 214 793 290 203 98 623 157 173 1246 815 148 98 324 2140 106 143 180 181
internal_value=6.33364e-05 -0.000187804 0.000862066 0.00117413 -0.00191686 0.00168951 0.00490915 0.00104249 -0.000454737 0.00258978 0.00526014 -0.000743137 0.000216003 0.00127603 -0.00163549 0.000128895 0.00461275 -0.00155744 -5.43352e-05 -0.0026497 0.00242022 0.00726482 0.00850235 0.00222882
internal_weight=1803 1506.74 520.097 490.576 68.7227 421.853 67.1973 354.656 180.931 173.725 65.359 986.644 453.42 289.248 164.173 217.668 71.5793 533.224 226.052 307.171 27.2179 44.9288 38.3151 115.168
internal_count=13159 11269 3868 3661 564 3097 416 2681 1407 1274 481 7401 3486 2083 1403 1619 464 3915 1571 2344 204 291 278 804
is_linear=0
shrinkage=0.01


Tree=285
num_leaves=25
num_cat=0
split_feature=102 25 35 239 315 146 4 225 149 109 83 134 125 159 320 303 22 238 307 302 218 108 40 147
split_gain=7.26999 9.33797 9.33274 8.23653 8.77781 8.2111 7.879 8.26444 7.73659 11.752 11.1363 8.94391 10.1595 9.47598 8.44161 8.17758 11.2716 8.41917 12.3262 11.3526 9.3197 8.39048 8.15782 8.00517
threshold=1.228056852784827 0.88306087140849099 0.0024834454104571972 1.3730132164743296 -0.29468205015834137 0.023966455578052531 128.14554400722477 0.76231346026611779 0.086628386253162409 1.0213859543395061 1.0402058046671585 0.17911610173431908 0.6215373549683193 0.10761691279887485 -0.051869789710890603 -0.0022933389178634192 -0.63730190332801928 -0.80642337437465661 0.012486628328247229 -0.0046945432958933947 0.11454357506361325 0.29397223681368678 0.011565470787751398 0.14696020140339602
decision_type=10 2 2 8 2 10 2 2 8 8 10 2 10 10 2 2 10 2 2 2 2 10 2 10
left_child=1 3 -3 8 -5 -2 7 -6 10 11 -1 12 22 -14 15 16 -12 18 -17 -19 -20 -18 -10 -11
right_child=5 2 -4 4 6 -7 -8 -9 9 23 14 -13 13 -15 -16 17 21 19 20 -21 -22 -23 -24 -25
leaf_value=-0.00079145614200339305 0.00046516847979169538 0.00088113343845756538 0.011651016556035527 0.0089911618041040829 0.0082331770160456626 -0.0081262158051304979 -0.0056095924033987121 -0.0019493613987218465 -0.00060843446647648172 -0.0011116959635305444 0.0069216457802638801 -0.0066404595616223507 0.0037635555944986895 -0.0049901874694961339 -0.0015499343984868811 0.00075272786977559456 -0.0057159887683289395 0.014831570740917744 0.013272795582425468 0.0033224871058489618 0.0020827452098015793 0.0024759591539538863 0.0071619221848337137 0.00079489189087861485
leaf_weight=177.45919842272997 20.822826139628887 20.783357620239261 11.104799143970011 17.914792321622372 14.239196412265301 19.874675527215004 10.570220552384852 13.049770124256611 156.66173516958952 343.63770788908005 15.417165391147135 36.186087533831596 11.984168365597723 91.624743692576885 41.222511745989323 75.916238076984882 26.485468551516533 14.369528129696844 14.353202827274801 22.09275709092617 15.792681746184824 19.396873079240322 11.919381394982336 601.1297883875668
leaf_count=1145 203 165 82 137 102 199 87 115 1293 2853 98 305 96 768 258 453 158 83 87 130 97 108 95 4032
internal_value=7.23893e-05 0.000172339 0.00530693 6.86542e-05 0.00375366 -0.00396367 0.000795949 0.00360556 -5.95439e-05 -0.000454771 0.00110553 -0.0021403 -0.00147596 -0.00389477 0.0024767 0.00330606 0.000215229 0.00459829 0.00301479 0.00862794 0.00812537 -0.00228964 4.46364e-05 9.90941e-05
internal_weight=1804.01 1763.31 31.8882 1731.42 55.774 40.6975 37.8592 27.289 1675.65 1253.14 422.506 308.376 272.19 103.609 245.046 203.824 61.2995 142.524 106.062 36.4623 30.1459 45.8823 168.581 944.767
internal_count=13149 12747 247 12500 441 402 304 217 12059 9442 2617 2557 2252 864 1472 1214 364 850 637 213 184 266 1388 6885
is_linear=0
shrinkage=0.01


Tree=286
num_leaves=25
num_cat=0
split_feature=83 121 83 10 105 109 79 79 185 27 176 85 290 141 174 73 176 68 197 315 158 154 84 83
split_gain=6.96477 8.57587 7.76013 8.16249 8.5855 7.10349 7.41363 10.3121 8.6047 9.60734 9.16506 7.39179 10.5992 9.12968 11.7992 8.7325 11.5876 11.1374 9.81493 15.9798 13.7709 8.56532 10.7988 9.49338
threshold=3.5013525619451138 -0.68225548616456144 3.0738447926172645 1.2092311285847206 0.96109023611504363 2.3175888047283166 82.795235970020755 75.425166008157376 0.79177241962774969 0.70701195664320038 11.787971990453816 55.914247991496048 0.16043590172485664 0.08262807292037079 58.931805555555563 315.53479370826329 11.709977909204033 310.50000000000006 -0.48246693800359652 -0.15179937522384648 0.23631482357664133 0.022870219025825436 8.3504678880629548 1.5633968431505261
decision_type=10 10 8 2 8 10 2 2 8 2 2 2 2 2 10 2 2 2 8 2 10 10 2 10
left_child=2 -2 5 -4 -5 6 7 8 9 -1 -10 12 21 14 -13 16 17 -16 20 -20 -17 -8 23 -23
right_child=1 -3 3 4 -6 -7 11 -9 10 -11 -12 13 -14 -15 15 18 -18 -19 19 -21 -22 22 -24 -25
leaf_value=-0.0018718515484950347 0.010184924768835216 0.0001666365264888512 0.0018160954302011683 0.0017680902972995874 -0.0064683800638466451 0.004654247132509063 -0.0021343294085264652 0.0068534750427480234 0.0047258929071526783 0.0049123371558245539 -0.002758841933550605 -0.0013484374260709624 0.0018863061484831348 -0.0037657967334344161 0.0075698060747103023 0.006265773607859646 -0.00027052092013922892 -0.0025330144677947952 0.0068896247680564461 -0.002804527584632325 -0.0020602643176096912 -4.5036569511575696e-05 -0.004980891163564061 0.0079488415071389696
leaf_weight=27.826446987688541 12.11744164675474 20.646016195416451 25.444585055112839 14.878572195768355 51.826509572565556 30.826382756233215 455.98071518167853 30.404354371130466 17.669493660330772 66.417613722383976 78.900710344314575 208.13473817706108 99.86261647939682 46.806712277233601 36.038988515734673 26.171628542244434 299.84766665101051 13.362004816532133 87.631590366363525 19.115221560001373 60.131628729403019 32.266074366867542 16.807928584516048 24.255725003778934
leaf_count=177 83 171 194 124 415 218 3624 203 124 399 549 1432 783 407 240 166 2068 85 571 131 423 262 125 183
internal_value=3.77756e-05 0.00441718 -4.96365e-05 -0.0028307 -0.00461953 0.000106971 1.34183e-05 0.00170524 0.00079121 0.00290267 -0.00128329 -0.000251122 -0.00105949 0.000387064 0.000660655 0.00143661 0.000481027 0.0048287 0.00312816 0.00511677 0.000572486 -0.00162426 0.00149553 0.00358463
internal_weight=1803.37 32.7635 1770.61 92.1497 66.7051 1678.46 1647.63 221.219 190.814 94.2441 96.5702 1426.41 629.173 797.24 750.433 542.299 349.249 49.401 193.05 106.747 86.3033 529.31 73.3297 56.5218
internal_count=13157 254 12903 733 539 12170 11952 1452 1249 576 673 10500 4977 5523 5116 3684 2393 325 1291 702 589 4194 570 445
is_linear=0
shrinkage=0.01


Tree=287
num_leaves=25
num_cat=0
split_feature=307 117 217 233 275 236 303 323 201 257 316 5 35 131 245 147 16 107 170 51 187 23 147 304
split_gain=5.4989 9.5616 8.67334 10.1387 10.7506 9.58104 10.8397 8.97316 8.96539 8.37894 10.6966 8.32994 10.3237 14.5078 12.7485 10.7791 19.6014 9.71063 9.05023 8.77535 8.39 9.04291 8.49201 8.9753
threshold=-0.0039649471182876149 2.368833019097448 0.76942339797097736 0.76197221098070966 0.15104977242610476 0.30042997656350928 0.0040284580589359225 342.50000000000006 0.79919354838709689 180.50000000000003 0.0070079231393100046 -2.9019884133277198 0.0022509855187020545 1.4196479739606607 -0.381855638803763 0.10960059137425214 1.3831614882090195 0.17252316255134539 1.6984599073664379 197.50000000000003 0.026030491247882554 1.056754090091107 0.14014701648312103 0.028937582456644021
decision_type=2 8 2 2 2 2 2 2 2 2 2 2 2 10 2 10 2 8 10 2 8 8 10 2
left_child=1 9 3 4 8 6 -5 -6 -2 11 -11 -1 13 14 -13 -16 -17 -18 -19 -15 21 -14 -23 -24
right_child=2 -3 -4 5 7 -7 -8 -9 -10 10 -12 12 20 19 15 16 17 18 -20 -21 -22 22 23 -25
leaf_value=-0.0048148340301604571 -0.00016137796508488132 0.0054010761239526037 -0.00040792616672569192 -0.0014809116504309234 0.0088361920866058888 0.0088087453310267214 0.0075944432607599919 0 0.0059588764801974696 0.0053230233538096852 -0.0042452501587416161 0.0034522785706278141 -0.003180675410574835 0.009261234875715162 -0.0061634890127915303 -0.0059038476030879861 -0.0032196729517234551 0.0016697578941111666 0.011450645659142703 7.841342644057786e-05 0.0036012446114632945 -0.0028815291725244651 -0.00013282314629858402 0.0064698926647534854
leaf_weight=52.125588104128838 359.2268247641623 23.060320973396301 494.2559007704258 34.710368625819683 25.718761697411537 30.508499071002007 17.571340277791023 19.39121799916029 22.778727680444717 41.663223437964916 13.346389316022394 58.521886952221394 249.68474346399307 26.711848877370358 40.219782553613186 31.335874393582344 12.704055383801458 22.463514633476734 15.565281443297861 16.483795173466206 26.058724068105221 67.058544650673866 76.562592856585979 25.123570829629898
leaf_count=551 2494 160 3760 246 174 216 120 141 163 267 90 386 1661 190 366 231 104 171 109 116 171 571 534 174
internal_value=4.12541e-05 -0.000576267 0.000533661 0.00144552 0.000807077 0.00459145 0.00178506 0.00527161 0.00024223 -0.000774337 0.00288965 -0.00106568 -0.000752698 0.000986763 -0.000279672 -0.00211152 2.10247e-06 0.00378847 0.00621541 0.006 -0.00163228 -0.00198269 -0.000180892 0.00162033
internal_weight=1802.85 798.69 1004.16 509.906 427.116 82.7902 52.2817 45.11 382.006 775.629 55.0096 720.62 668.494 224.006 180.81 122.289 82.0687 50.7329 38.0288 43.1956 444.488 418.429 168.745 101.686
internal_count=13166 5852 7314 3554 2972 582 366 315 2657 5692 357 5335 4784 1673 1367 981 615 384 280 306 3111 2940 1279 708
is_linear=0
shrinkage=0.01


Tree=288
num_leaves=25
num_cat=0
split_feature=99 69 260 62 107 262 215 311 28 73 147 116 215 90 240 246 84 251 84 246 63 27 196 299
split_gain=8.76124 9.9616 6.90082 9.06296 7.7298 9.49712 10.8242 10.3114 8.62389 9.01412 8.46675 10.5775 10.1696 9.42091 8.34316 8.05139 9.75639 7.88584 8.04205 9.73029 7.46769 7.42297 8.73283 8.63927
threshold=1.2577492900503946 0.31959780962330558 0.55504112266426142 187.50000000000003 0.25521975655414714 -0.99788036317089934 0.093462197990341042 -0.39184470681150096 0.21876612487100106 111.15377234468691 0.13664314076950848 -0.075349296024951232 -0.4904593849604128 7.7722528586539044 1.4833187423024494 1.0952069437712577 18.273960766893577 420.16930555555558 14.646258534508741 0.68851258052370834 0.29476273964377048 0.6182391740751364 0.59307048984468347 -0.044552159793413974
decision_type=10 10 10 2 10 10 2 2 2 2 10 10 2 2 2 10 2 2 2 10 8 2 10 2
left_child=1 2 4 -4 5 7 8 -1 9 -7 13 12 -12 20 17 21 -17 -13 19 -19 -6 -10 23 -23
right_child=-2 -3 3 -5 10 6 -8 -9 15 -11 11 14 -14 -15 -16 16 -18 18 -20 -21 -22 22 -24 -25
leaf_value=0.0097039325232954089 -0.004685373854230678 0.0038489428291936562 -0.0041248648104087625 0.0036734051559679619 0.0037058336302017172 -0.0049862281819252124 -0.0046637935665209173 0.00034904318414001552 -0.0048434415880321434 -0.0007147933332940508 0.0038377644332081907 -0.00101121622116649 -0.0042192068213776105 0.0072574090900415821 0.0075095647364146504 -0.00082994463023515334 0.01135327827386323 0.0072990078138158677 0.008092479275139397 -0.0024613401717424443 -0.0034462638679188611 0.0020474115939044858 0.0063922933355155436 -0.00037312298081559816
leaf_weight=17.011174686253071 35.112532652914524 67.828135021030903 73.319290868937969 16.047117419540882 15.71437703818083 58.451368734240532 52.507089182734489 30.120966367423534 25.254909299314022 266.5228855162859 24.006894998252392 40.958825469017029 34.811895817518234 9.6480192914605123 45.974511347711086 11.1517251431942 11.580705642700194 13.357562303543089 29.733228027820587 24.922093860805035 68.912805005908012 190.82674114406109 20.663265384733677 614.20578508451581
leaf_count=103 351 460 645 119 122 459 452 208 175 1936 148 251 254 71 288 99 84 86 168 175 580 1307 135 4449
internal_value=6.76671e-05 0.000170256 1.63232e-05 -0.00264358 0.000169337 -0.000168759 -0.000339507 0.00410533 -0.000138663 -0.0015227 0.00158608 0.00267748 -0.000889062 -0.000884152 0.00402941 0.000378257 0.00590877 0.00239864 0.0044246 0.00118886 -0.00202943 0.000210164 0.000382029 0.000204577
internal_weight=1798.64 1763.53 1695.7 89.3664 1606.34 1298.3 1251.16 47.1321 1198.66 324.974 308.04 213.765 58.8188 94.2752 154.946 873.683 22.7324 108.972 68.0129 38.2797 84.6272 850.951 825.696 805.033
internal_count=13125 12774 12314 764 11550 9407 9096 311 8644 2395 2143 1370 402 773 968 6249 183 680 429 261 702 6066 5891 5756
is_linear=0
shrinkage=0.01


Tree=289
num_leaves=25
num_cat=0
split_feature=157 76 109 148 56 256 28 109 284 217 146 82 145 154 43 309 28 188 147 166 162 270 270 33
split_gain=6.52934 6.60236 6.94982 9.05369 8.39856 11.068 9.16723 8.39428 8.2856 11.113 12.6564 9.40346 10.2722 9.36214 11.1622 11.054 10.5378 8.42353 8.78465 7.81231 7.69678 8.06982 12.8327 10.709
threshold=0.50531975099037929 0.70338746342682812 1.9109651622609172 0.19489857200053387 305.50000000000006 126.50000000000001 0.2472806152632617 2.0385920608371673 -0.046796068184646038 0.69739269761118672 0.12708106210388223 0.63950744247166813 0.087005046583850942 0.022870219025825436 163.50000000000003 0.040401083433870395 0.2331097153290303 0.21294035577258461 0.21380444646098007 179.50000000000003 0.011463143102221088 0.078753640383993115 0.062203211739399057 0.027881505337534879
decision_type=10 10 10 10 2 2 2 10 10 2 10 8 10 10 2 2 2 8 10 2 10 2 2 2
left_child=1 -1 8 4 -4 6 7 -6 9 17 20 -12 -13 14 -10 -16 -15 -3 -19 -18 21 22 23 -11
right_child=-2 2 3 -5 5 -7 -8 -9 13 10 11 12 -14 16 15 -17 19 18 -20 -21 -22 -23 -24 -25
leaf_value=0.0013868686516659112 -0.0045724741551403372 -0.0041603747403873154 -0.0017207146198921109 0.0051009937409629636 0.0084848243090570458 -0.0020562679621163676 0.012278111998092691 -0.00044640149866796036 -0.0024778135356375154 0.010937633198362615 -0.0019182951880141641 -0.0020802474917293802 0.0089340037451459704 -0.0012002957206650277 -0.00049799537250392104 0.0070487657583468543 0.009122676967789253 -0.00097541059684909078 0.0040347510328697074 0.0015771315669531475 0.00088404048493116987 0.0002892258860640405 0.019034202723120595 -0.0020836024290195958
leaf_weight=304.069684676826 28.221093833446503 50.741762265563011 94.30026875436306 47.929858669638634 13.15307632088661 31.222508281469345 11.290489844977854 29.442399568855762 447.536226965487 10.891240611672407 59.883552640676498 12.441628962755205 18.24788648635149 70.737520195543766 275.07793620973825 18.024503953754902 19.750377334654331 127.42872266471386 44.984070375561714 39.985536716878414 19.943464212119579 9.5820736065506917 10.031706087291239 10.076226033270357
leaf_count=1878 187 381 738 284 96 226 77 221 3627 95 422 91 116 525 2016 122 138 964 283 288 165 78 74 89
internal_value=-2.68078e-05 5.20077e-05 -0.000225056 0.00137096 0.000304952 0.00254397 0.00519673 0.00264726 -0.000519672 0.000719415 0.00278894 0.00036685 0.0046407 -0.00105378 -0.00148932 2.5882e-05 0.00139007 -0.000694829 0.000370228 0.0043889 0.00621864 0.00858771 0.0108834 0.00513563
internal_weight=1804.99 1776.77 1472.7 227.339 179.409 85.1085 53.886 42.5955 1245.36 374.252 151.098 90.5731 30.6895 871.112 740.639 293.102 130.473 223.155 172.413 59.7359 60.5247 40.5812 30.9992 20.9675
internal_count=13181 12994 11116 1642 1358 620 394 317 9474 2758 1130 629 207 6716 5765 2138 951 1628 1247 426 501 336 258 184
is_linear=0
shrinkage=0.01


Tree=290
num_leaves=25
num_cat=0
split_feature=254 101 213 114 76 234 224 247 303 303 114 194 236 176 239 77 70 108 224 277 235 193 63 226
split_gain=7.18491 7.0338 6.30935 12.8523 10.1281 9.23951 9.99973 10.5956 10.4672 11.3267 10.1223 8.74039 8.73044 8.68119 10.9356 8.41747 10.2148 9.29775 12.3748 8.66988 8.36645 8.20561 8.18795 8.14957
threshold=227.50000000000003 -0.74776151622708042 -0.37904380120578157 0.47499818936807098 0.69607573271969081 0.0585855779288703 0.40123726873798043 0.513746322490506 0.002393407934690713 0.0080476791891937825 0.97840071317674171 0.070298986903879437 0.30279733959311428 12.713090103741697 0.82868803179936668 0.80338028495130187 0.44221398321137251 1.3790018892373621 2.1282544752056571 -0.045440305308726357 0.0052151327241079211 0.87543103448275872 0.33275164497534998 0.055658818669971091
decision_type=2 10 2 8 8 2 2 2 2 2 8 10 2 2 10 8 10 10 2 8 2 8 10 2
left_child=2 -2 3 -1 -5 13 -7 12 10 11 -9 -10 -8 14 -6 -4 -17 18 19 22 23 -20 -18 -16
right_child=1 -3 15 4 5 6 7 8 9 -11 -12 -13 -14 -15 20 16 17 -19 21 -21 -22 -23 -24 -25
leaf_value=-0.0063359482391819105 0.0012215269171047137 0.009087530571187245 0.0034038255919031802 0.0039288117102364338 -0.002808467979334033 -0.0073137176273019534 0.0017843499218559787 -0.0026622370895236377 0.011359021851454307 -0.0013915784727642337 0.0026740356977170247 0.0023285949736530638 0.010912321519696462 -0.0051270062318907921 -0.0015841039043672945 -0.0033195568850176329 -0.0050469843192081964 0.0038685769524647467 -0.00061380566708429149 0.0018414991685840498 0.0062574030218015969 -0.0051254879030808 0.0039367127891125116 0.0070362064218398891
leaf_weight=36.940006077289581 43.294301703572273 13.365648239850996 83.300602339208126 45.56631226837635 151.38233474642038 13.231830760836599 32.467772990465164 138.88070871680975 16.335817247629166 33.639856673777103 44.753462128341198 29.635202638804913 14.012171819806097 67.502741977572441 67.708167262375355 75.577544517815113 34.087141960859299 70.010851971805096 335.18457854539156 367.31835034489632 23.53055228292942 43.321717355400324 11.478625588119028 10.139181509613989
leaf_count=276 279 91 486 264 1161 93 223 1063 111 244 308 217 89 557 558 552 237 499 2593 2523 178 391 84 75
internal_value=2.15356e-05 0.00343928 -9.42023e-05 -0.000805735 -0.000482882 -0.000812874 0.000377594 0.000772885 -2.00158e-05 0.00294332 -0.00133539 0.00603253 0.0050266 -0.00200925 -0.00112494 0.000411756 0.000135192 0.000449388 0.000132881 0.00132695 0.00138733 -0.00116717 -0.00266479 -0.000240665
internal_weight=1802.67 56.6599 1746.01 725.726 688.786 643.22 322.957 309.725 263.245 79.6109 183.634 45.971 46.4799 320.263 252.76 1020.28 936.979 861.401 791.39 412.884 101.378 378.506 45.5658 77.8473
internal_count=13152 370 12782 5417 5141 4877 2348 2255 1943 572 1371 328 312 2529 1972 7365 6879 6327 5828 2844 811 2984 321 633
is_linear=0
shrinkage=0.01


Tree=291
num_leaves=25
num_cat=0
split_feature=99 20 10 105 307 71 65 61 65 323 188 233 106 176 277 125 145 307 251 240 311 71 307 88
split_gain=6.10087 9.48852 9.15136 8.93721 7.5282 10.3357 10.4205 8.99284 8.98553 9.56126 8.65209 8.54145 9.8754 8.20129 8.74355 9.73463 10.5029 7.92056 7.85343 7.4398 9.19893 8.49832 8.44187 7.3971
threshold=1.2577492900503946 0.9050387478887475 2.1217621823095576 1.3824999942590697 -0.0039649471182876149 1.8389733079629436 2.52594198954016 710.74526000860135 2.7263173132326677 129.50000000000003 0.57924641148325373 0.85918911527416941 0.38901242211260906 12.450843362077135 0.01229749232698858 0.94171814144004118 0.084516199930401673 0.0037195775244269224 1641.43875 1.654313323099829 -0.12228622892328357 2.1051427884464102 -0.015391974639445865 0.92198641517556168
decision_type=10 10 2 10 2 8 8 2 10 2 8 2 10 2 8 10 10 2 2 2 2 10 2 8
left_child=1 2 3 4 8 6 18 -8 9 23 -11 12 -7 -14 15 16 -15 -13 -6 -10 21 -21 -23 -1
right_child=-2 -3 -4 -5 5 11 7 -9 19 10 -12 17 13 14 -16 -17 -18 -19 -20 20 -22 22 -24 -25
leaf_value=-0.00073712586204931208 -0.0038635887464902193 0.0032641334806268337 -0.0045708061185585043 0.0040985563496865572 0.00080605124582324437 -0.0036172145308339728 -0.0043990223521988307 0.002480933985566001 -0.0032520815981404222 -0.0010647631043169271 0.0045595992576822619 0.0030635994074422507 0.0047402052395795636 0.011001547350882511 -0.0018022296534282842 -0.00076541140324792748 -5.9302195650092945e-05 -0.0056749564056609494 -0.0031115240892855382 -0.0029530332800460453 -0.0038342754771031173 0.00043648653753209076 0.010609898693202306 0.0064208225910433779
leaf_weight=21.90871711820364 36.242387007921934 88.801446802914143 40.589617427438498 50.697415053844452 458.78419749811292 21.062161356210709 87.609499752521515 21.851640723645687 198.22265923023224 301.28411100059748 27.204308673739433 14.640578277409075 141.36354637145996 20.645041935145855 53.137238100171089 27.671529524028301 13.198324404656885 23.457588836550713 54.680567286908627 13.432312056422232 27.478223338723183 15.694109506905077 15.273660093545915 35.541406057775021
leaf_count=132 361 626 379 325 3102 160 777 192 1557 2063 175 119 962 161 390 202 87 197 425 116 230 120 120 243
internal_value=4.38754e-05 0.00013031 -3.94195e-05 7.94749e-05 -5.4771e-05 0.000518681 -0.000227731 -0.00298857 -0.000875012 0.000103814 -0.000560827 0.00198595 0.00259808 0.00314739 0.00110778 0.00360577 0.00698987 -0.00231261 0.000372076 -0.00226385 0.000467946 0.00322234 0.00595385 0.00376824
internal_weight=1810.47 1774.23 1685.43 1644.84 1594.14 938.102 622.926 109.461 656.04 385.939 328.488 315.176 277.078 256.016 114.652 61.5149 33.8434 38.0982 513.465 270.101 71.8783 44.4001 30.9678 57.4501
internal_count=13221 12860 12234 11855 11530 6774 4496 969 4756 2613 2238 2278 1962 1802 840 450 248 316 3527 2143 586 356 240 375
is_linear=0
shrinkage=0.01


Tree=292
num_leaves=25
num_cat=0
split_feature=73 79 284 105 196 209 174 271 40 244 200 246 210 268 244 198 284 279 209 120 229 83 151 137
split_gain=5.95354 8.95894 12.266 9.78441 9.1576 9.677 8.49366 7.80165 9.31508 7.6778 10.5747 8.85761 9.3715 7.87033 7.61545 7.6388 7.41228 8.76967 7.1133 6.59722 8.26495 6.29036 9.83931 9.92087
threshold=315.53479370826329 96.439319725669733 0.027156609053484829 0.1671523401192708 0.15412895927601813 0.59275647328744685 58.931805555555563 0.069054261916017171 0.0090968199550774346 0.0070833333333333338 2.1643577008067365 0.67968713365756817 0.025078616352201263 0.47657790972400588 0.0090277777777777787 97.500000000000014 -0.043557290919771667 -0.063364949834486969 0.81494165398274998 0.9717119750097617 -0.19462420763419211 1.282798091272529 0.0050441442129099566 0.10620468976551174
decision_type=2 2 8 10 10 2 10 2 2 2 2 10 2 2 2 2 10 10 2 10 2 8 10 2
left_child=1 2 3 16 -5 -6 9 14 -9 11 -11 13 -13 -2 15 -8 17 -1 -18 -16 -21 -3 -23 -24
right_child=6 21 -4 4 5 -7 7 8 -10 10 -12 12 -14 -15 19 -17 18 -19 -20 20 -22 22 23 -25
leaf_value=0.00069910140974326952 0.0067731178116274609 -0.0025103411879544737 -0.0016013192735882206 -0.0011574370866202391 0.00090157724298031662 0.010786189481784215 -0.0057086436086557129 0.0037874687290272288 -0.0029389496789518953 -0.0056965176371487928 0.0036309741859860312 0.0057305660438646804 -0.0029072099137515896 -0.0017026968120306726 -0.0020858801983495863 0.0035900656298562738 0.0061651870949009299 -0.0073821355725050795 0.00020753313643183995 0.0075938286689508404 -0.0025906650160973546 0.0028132173304566094 0.0051417175464399658 -0.0010068538304130359
leaf_weight=53.355095021426678 30.925996109843254 172.15712555497885 104.98772444576025 13.481376320123671 15.005117371678351 31.610417924821377 31.999640747904778 185.98567426204681 20.835510589182377 47.581601597368717 13.717122495174406 12.649455204606054 64.411353424191475 14.539823144674299 21.426068156957626 9.5274776294827443 37.097208008170128 14.855587400496004 41.371652781963348 23.869442716240883 9.5024561807513219 81.775568351149559 24.398015357553959 717.89035697281361
leaf_count=341 194 1319 751 90 94 188 275 1190 148 336 107 90 482 102 165 79 225 98 296 201 82 490 195 5571
internal_value=2.77488e-05 -0.000323211 0.00114806 0.00255162 0.00585965 0.00785937 0.000968882 0.00199132 0.00307438 -0.000716458 -0.00352514 0.000728669 -0.00132337 0.00410093 -0.000345393 -0.00345923 0.00110394 -0.00127145 0.0031535 0.002051 0.00469021 -0.000786606 -0.000417889 -0.000784573
internal_weight=1794.96 1307.99 311.764 206.776 60.0969 46.6155 486.972 303.146 206.821 183.825 61.2987 122.527 77.0608 45.4658 96.3251 41.5271 146.68 68.2107 78.4689 54.798 33.3719 996.221 824.064 742.288
internal_count=13109 9658 2083 1332 372 282 3451 2140 1338 1311 443 868 572 296 802 354 960 439 521 448 283 7575 6256 5766
is_linear=0
shrinkage=0.01


Tree=293
num_leaves=25
num_cat=0
split_feature=115 18 158 205 218 306 69 12 296 263 78 319 174 309 270 88 322 129 106 176 277 308 294 316
split_gain=7.0759 10.1835 8.05873 10.0051 8.11295 7.99628 8.51498 14.2627 8.21029 8.2881 7.73536 7.54995 10.6276 7.99532 12.3012 8.82398 10.0759 7.4485 7.25492 10.3752 8.2815 6.77213 6.88741 6.7387
threshold=-0.45884382004409979 0.14086575390157199 0.31985617181846382 -0.32103140639013811 0.093242293843857044 0.94320256081027165 -0.41784907414182648 0.0042433641021105304 1.0382220928407941 -0.56916839544139664 -131.84537255645276 -0.16169878183831668 118.31597222222224 -0.02682193975347846 0.090646788258881825 0.7957139296284691 1.5000000000000002 1.209453153808685 0.450238865905154 12.874898373983742 -0.021264510775260852 -0.00081175631538223569 -0.012556804739690506 0.040019342359767902
decision_type=10 10 10 2 2 2 8 2 2 8 2 2 10 2 2 10 2 10 10 2 8 2 2 2
left_child=2 -2 4 17 -1 6 8 -8 23 -10 -7 12 -3 14 -13 16 -15 -4 -18 20 -20 22 -5 -6
right_child=1 11 3 21 5 10 7 -9 9 -11 -12 13 -14 15 -16 -17 18 -19 19 -21 -22 -23 -24 -25
leaf_value=-0.00038976214659504848 0.0065987074941156413 0.0041467260381747298 -0.0067207131112598907 0.0013860077905665296 0.0021549721824560488 0.0042353973676910002 0.014140063092568963 0.0027690307470185837 -0.00067950239139172655 0.0087148905565182649 -0.0039629102754030919 0.0098554689555241173 -0.0055958430579258331 -0.0029130273882536895 -0.0019816483257333929 -0.0043889168837024399 -0.00047126295780649386 -0.0015047575868730452 0.002658406835529746 -0.00062656343610685312 0.012002590870934998 0.0013788613239745832 -0.0068680105326045402 -0.0018267097561997713
leaf_weight=969.24246093630791 31.703692398965359 13.621378205716608 52.346444204449654 15.661371894180773 76.468532435595989 12.700583748519419 11.169317960739134 65.037593003362417 14.386144436895846 21.42126290500164 43.020264714956284 22.238043390214443 33.687896721065044 31.559922352433205 12.047770068049429 25.833168335258961 30.861113384366035 59.829779051244259 19.401858374476433 19.143897227942944 21.60592246055603 95.981292799115181 21.382168561220169 88.744388855993748
leaf_count=7118 211 102 408 112 495 74 67 484 88 141 321 153 269 249 83 190 234 470 143 147 151 724 167 604
internal_value=1.61249e-05 0.00152819 -0.000241285 -0.00189345 7.24862e-05 0.00141306 0.00210809 0.00489663 0.0009925 0.00514187 -0.0019622 0.000752951 -0.00269461 0.00167875 0.0058354 0.000620216 0.00175948 -0.0040534 0.00342963 0.00537804 0.00806325 -1.79238e-05 -0.00350284 1.54674e-05
internal_weight=1809.1 261.705 1547.39 245.201 1302.19 332.948 277.227 76.2069 201.02 35.8074 55.7208 230.001 47.3093 182.692 34.2858 148.406 122.573 112.176 91.0128 60.1517 41.0078 133.025 37.0435 165.213
internal_count=13205 1932 11273 1881 9392 2274 1879 551 1328 229 395 1721 371 1350 236 1114 924 878 675 441 294 1003 279 1099
is_linear=0
shrinkage=0.01


Tree=294
num_leaves=25
num_cat=0
split_feature=317 210 250 39 275 82 177 277 297 38 297 272 233 307 181 183 35 5 284 100 172 71 11 5
split_gain=7.07733 8.33811 7.87359 8.53929 12.7449 13.718 10.2435 9.61616 10.0265 9.44061 9.65209 9.90189 8.10748 10.6636 8.87981 8.69312 8.0977 7.6261 7.56992 9.39679 12.6139 8.51381 7.53504 8.58983
threshold=0.02902604245069999 0.07479814355648802 0.023532668881506093 0.080473787496495669 0.097560975609437425 0.56010697829991529 7.3149118704782827 0.018578768394553333 0.031749200856082273 0.29948577622673439 -0.020709233392544355 0.035815702805013096 0.86389336353051893 -0.001961246930911448 0.091763735523835196 -0.94962994622657459 0.0044809584365169677 -2.6765610487004925 -0.14804166290053919 0.95673234434129062 3.3858333333333337 1.4508507571979516 0.3200980304402406 -2.8935132521978844
decision_type=2 2 2 2 2 8 10 8 2 2 2 2 2 2 2 10 2 2 10 10 10 8 8 2
left_child=1 -1 3 4 12 -6 9 -7 -9 -5 -11 16 13 15 18 -3 -12 -16 -15 20 -20 -22 23 -8
right_child=-2 2 -4 6 5 7 22 8 -10 10 11 -13 -14 14 17 -17 -18 -19 19 -21 21 -23 -24 -25
leaf_value=-0.00039518816472406093 -0.0037110113561165019 0.0041589604477992505 0.0076390389391456526 -0.0015819276718502015 0.0088656447143890104 0.0086475009468815565 -0.0060528260994690709 -0.0057868744271571404 0.003493787312405342 -0.0030795348362335009 -0.0036119287350335218 0.0082571357097736588 -0.0038809848830821361 -0.002289919849524234 -0.0049271147751327677 -0.0044839615675897502 0.0060254619530354225 0.0031573605415714024 0.009535761872149856 0.0091262026975136353 0.003333887367204579 -0.0051068308053078383 -0.0047471433792908206 0.001359560243839024
leaf_weight=1118.8524469211698 46.633173741400242 13.166996277868746 14.799885980784891 57.069094814360142 44.288246013224125 10.611930616199968 17.107264392077923 19.688967406749725 21.28859930485487 15.573880285024641 17.082340344786648 39.55033341050148 31.056182011961937 13.568143486976622 21.565377108752728 41.586302004754543 12.656625531613825 19.579102754592896 15.28330212831497 35.816688135266304 24.361786745488651 18.456078179180615 63.354355923831463 69.3284527733922
leaf_count=8369 341 84 94 390 289 79 152 149 163 106 122 253 258 96 156 295 82 134 90 275 170 133 447 431
internal_value=1.84854e-05 0.000123954 0.00103531 0.000842563 0.00193727 0.00495443 -0.000400271 0.00129076 -0.00102841 0.00150541 0.00357711 0.00514966 0.000654557 0.00139594 0.00277618 -0.00228537 0.000626375 -0.00110159 0.00425984 0.00525596 0.0025394 -0.000373605 -0.00220702 -0.000242076
internal_weight=1802.33 1755.69 636.84 622.04 330.318 95.8777 291.722 51.5895 40.9776 141.932 84.8632 69.2893 234.44 203.384 148.63 54.7533 29.739 41.1445 107.486 93.9179 58.1012 42.8179 149.79 86.4357
internal_count=13158 12817 4448 4354 2371 680 1983 391 312 953 563 457 1691 1433 1054 379 204 290 764 668 393 303 1030 583
is_linear=0
shrinkage=0.01


Tree=295
num_leaves=25
num_cat=0
split_feature=73 79 143 109 215 92 205 185 69 60 317 108 69 294 309 146 209 29 216 33 148 220 180 39
split_gain=6.22434 7.52917 11.5403 10.3201 10.1791 14.3126 11.0834 9.76079 9.71015 10.4716 10.3812 10.8365 9.51218 8.50318 11.2974 8.07219 7.95905 11.475 10.3408 7.70546 7.49958 7.32912 6.89568 8.46549
threshold=315.53479370826329 103.22663011641714 0.15843327290475531 1.0213859543395061 -0.50517038982857809 222.50000000000003 -0.35415998300791857 0.78969482529854063 -0.44165591340961813 38.991747311576162 0.0079323347376085724 0.57875829095357578 0.41942247597798948 0.046064880774796431 -1.0000000180025095e-35 0.043256237006237014 0.69162772585669796 0.27588284171167438 0.46571177124136293 0.043390467341516296 0.20257927708171639 0.49866310160427813 2.8039878113407526 0.10503580130276964
decision_type=2 2 10 10 2 2 2 8 10 2 2 10 10 2 2 10 2 2 2 2 10 2 2 2
left_child=1 7 3 -3 6 8 19 16 -6 10 11 -10 -11 14 -13 -14 21 18 -18 -5 -8 -1 -2 -24
right_child=22 2 -4 4 5 -7 20 -9 9 12 -12 13 15 -15 -16 -17 17 -19 -20 -21 -22 -23 23 -25
leaf_value=-0.00084742979350906306 0.0068181460374500107 -0.0024435534363343369 0.008256373577810585 0.0016561055916680201 -0.0058705391978689505 -0.0074424951680880404 0.0026052968844560952 -0.0007315914973310345 -0.0042993494099328924 -0.0024184490800368314 0.006423701242074779 0.00038371207597561889 -0.0023839608303783729 -0.0018435592607321573 0.0069442226439393332 0.0073782494342530657 0.00062435339694741907 0.00074911587585137674 0.011260962604508236 -0.0044688092015072699 0.011828387219992534 0.006519089819068946 0.0010427054294358225 -0.0051126407428232299
leaf_weight=73.041752494871616 16.743357315659523 297.88018117845058 11.102529503405092 99.608638286590576 28.272231444716454 28.65001242607832 24.954397641122341 170.87415370345116 34.978085465729237 193.7582977078855 32.567548803985119 62.067305669188499 12.487918347120287 45.582715444266796 43.559359855949879 17.40380235016346 13.493423670530317 39.307303339242935 29.62974476069212 22.835815235972404 13.417888432741163 13.581107519567011 451.55278387665749 20.660159528255463
leaf_count=461 124 2321 79 698 219 230 157 1225 298 1621 224 443 104 347 309 120 84 245 171 154 83 88 3203 140
internal_value=3.06837e-05 -0.000328461 -0.000777809 -0.000907655 -0.000205579 -0.000911975 0.00195933 0.000945503 -0.00047007 -8.74307e-05 0.00145626 0.000498551 -0.00160112 0.00167378 0.00320951 0.00341604 0.00263062 0.00480161 0.00819896 0.00043033 0.00644786 0.000466541 0.000990599 0.000742312
internal_weight=1798.01 1309.05 969.127 958.024 660.144 499.327 160.817 339.927 470.677 442.405 218.755 186.187 223.65 151.209 105.627 29.8917 169.053 82.4305 43.1232 122.444 38.3723 86.6229 488.956 472.213
internal_count=13148 9681 7407 7328 5007 3915 1092 2274 3685 3466 1621 1397 1845 1099 752 224 1049 500 255 852 240 549 3467 3343
is_linear=0
shrinkage=0.01


Tree=296
num_leaves=25
num_cat=0
split_feature=144 319 304 294 247 106 127 152 146 108 307 127 62 209 70 207 307 300 27 304 309 79 81 262
split_gain=5.61199 8.40208 10.1612 8.9774 9.76224 7.39295 6.75063 7.37019 11.4269 9.97931 10.8636 10.5954 7.79362 8.33566 7.65133 7.64964 8.86939 9.13396 7.52259 7.28253 12.8523 7.55431 12.7999 10.1376
threshold=1.0000000180025095e-35 -0.16685205217944638 -0.036316368691354288 0.088188841495794604 2.2752189299240144 0.45989873474404863 1.504081682049377 0.12185120558375635 0.025534654756471282 1.098906846719454 -0.016562194545543297 0.93714373007140284 41.500000000000007 0.7645185462720121 0.63670853674402395 -0.33647642167584063 -0.006056370777281962 0.2792485285679383 0.94027335875452367 -0.099565556009470105 -0.065686217121009291 92.260075469046214 -0.12512189996826864 -0.99788036317089934
decision_type=10 2 2 2 2 10 10 10 10 10 2 10 2 2 10 2 2 2 2 2 2 2 10 10
left_child=1 -1 5 -4 -5 -3 7 9 -9 12 -11 15 13 14 -2 -12 -17 -18 -15 -14 -21 22 23 -22
right_child=6 2 3 4 -6 -7 -8 8 -10 10 11 -13 19 18 -16 16 17 -19 -20 20 21 -23 -24 -25
leaf_value=-0.0048200610030866287 0.0069912273387872214 0.0071209334946073944 -0.0028000664314829509 -0.0028061667225342587 0.0080137313636599317 -0.00055433691485992794 0.0040301736580425993 0.0058350312453017937 -0.004044955476300181 -0.00091239670973582154 0.00091966909325139361 -0.0026672187340094824 -0.0046993068210879939 -0.005810918936914029 -0.002248624174416832 0.013627033068919115 -0.00056032689149972191 0.009239267274898438 0.0021924283261779919 0.0087174916001724282 0.0040720828929074462 -0.00014909856149498925 0.0045962888152225583 -0.0042545885179084992
leaf_weight=54.45090139657259 12.183242172002794 23.520644582808018 129.8967450261116 13.207125112414362 15.283981293439863 22.795681513845921 40.757852967828512 11.017081357538698 79.245263010263443 50.0620172098279 20.443567298352718 13.945113472640513 26.982371635735035 61.602843329310417 19.614911392331123 18.076530762016773 17.293218098580837 17.048754036426544 12.577828884124754 15.043703928589819 19.910182997584343 976.90483865141869 88.871785029768944 38.334886573255062
leaf_count=454 82 175 1042 111 127 181 353 101 726 316 129 97 184 511 141 106 111 103 94 101 111 7019 516 262
internal_value=-7.83254e-05 -0.00143176 -0.000471978 -0.0016837 0.00316619 0.00350906 0.000151008 3.74499e-05 -0.00268696 0.000217763 0.00275486 0.00484295 -5.99644e-05 -0.00262013 0.00154538 0.00633982 0.0082795 0.00461158 -0.00440997 0.000177659 0.000305472 0.000170301 0.0022606 -0.00133471
internal_weight=1799.07 259.155 204.704 158.388 28.4911 46.3163 1539.92 1499.16 90.2623 1408.9 136.869 86.8072 1272.03 105.979 31.7982 72.8621 52.4185 34.342 74.1807 1166.05 1139.07 1124.02 147.117 58.2451
internal_count=13153 2090 1636 1280 238 356 11063 10710 827 9883 862 546 9021 828 223 449 320 214 605 8193 8009 7908 889 373
is_linear=0
shrinkage=0.01


Tree=297
num_leaves=25
num_cat=0
split_feature=109 103 89 279 93 99 234 305 122 109 127 180 120 71 127 5 84 226 150 218 270 323 233 118
split_gain=6.04033 7.85856 7.56244 8.55574 6.86006 11.5007 7.84121 16.5233 10.4399 7.23484 10.1517 12.1064 8.2405 11.7208 10.8215 11.9451 10.0004 8.99797 14.9255 21.9288 7.94983 7.32674 10.872 7.65242
threshold=2.3487247349341756 2.7178624488030203 4.421769596728427 -0.011409242788600614 -0.050420772771041317 0.42651121584415264 0.08638308604825104 0.46885359941584337 0.9216568773581012 1.0213859543395061 0.13484645913596452 1.535969450603597 0.76889629494685441 2.1964470663411553 -0.22461294850403979 -1.7775656290376916 5.7597328081215666 0.096655234723605141 0.01354408707349884 0.13487604779739612 0.094541634835752494 627.50000000000011 0.68157814280552553 154.50000000000003
decision_type=10 10 8 8 10 8 2 2 10 10 10 2 8 10 8 2 2 2 10 2 2 2 2 2
left_child=1 4 -2 -4 5 9 7 -6 -9 10 12 -12 14 16 -1 20 17 -14 -19 -20 -16 23 -23 -11
right_child=2 -3 3 -5 6 -7 -8 8 -10 21 11 -13 13 -15 15 -17 -18 18 19 -21 -22 22 -24 -25
leaf_value=-0.00059723493380844104 0.0074487144561615768 -0.0052325684713616649 0.0048297092225593908 -0.004275133055194013 0.00075492649410869965 -0.0020949107602281007 -0.0011850529072046565 0.014116555986812962 0.0025891497636559187 0.00084709850332943674 0.0054753689135926455 -0.0039641869196682909 -0.0020812211580157548 0.0058360849071771815 0.0063192097565971097 -0.0030683052292640495 -0.0046569131112363712 -0.0026919766718292875 0.013017782557085019 -0.0010052452856506074 -0.0005403297743501286 -0.0026089512556512462 0.0065388043149549784 -0.0048503946784239143
leaf_weight=127.3090610280633 21.704644173383713 25.896838899701834 17.447620414197445 18.152979291975498 72.424792639911175 254.04487137869 49.728620707988739 16.654835991561413 16.196504399180412 564.22049916535616 12.699433200061319 119.92802915722132 116.87452957034111 19.992908276617527 80.119360692799091 20.505047127604485 74.753879360854626 31.448335692286491 19.711709581315517 21.070491217076778 20.350299909710884 15.758711963891981 45.893643513321877 21.750116400420666
leaf_count=775 136 273 123 146 559 2267 356 110 137 3800 96 922 938 139 494 143 570 216 150 173 124 96 297 141
internal_value=6.05768e-05 -4.60317e-05 0.0031767 0.00018796 3.98984e-05 -0.000159451 0.00202748 0.00354558 0.00911991 0.000218152 -0.000512701 -0.00295701 0.000107087 -0.00104997 0.00143084 0.003538 -0.00163212 -0.000379929 0.00233402 0.0061558 0.00494336 0.000968864 0.00417299 0.000611524
internal_weight=1804.64 1747.33 57.3052 35.6006 1721.44 1566.43 155.005 105.276 32.8513 1312.39 664.763 132.627 532.136 283.852 248.284 120.975 263.859 189.105 72.2305 40.7822 100.47 647.623 61.6524 585.971
internal_count=13181 12776 405 269 12503 11341 1162 806 247 9074 4740 1018 3722 2186 1536 761 2047 1477 539 323 618 4334 393 3941
is_linear=0
shrinkage=0.01


Tree=298
num_leaves=25
num_cat=0
split_feature=69 99 286 135 67 67 106 220 107 116 16 205 189 93 150 97 31 34 160 14 106 315 321 120
split_gain=4.88109 7.13167 8.78464 13.0828 11.5292 10.0925 9.85457 11.1214 8.60079 9.85424 9.46764 10.7227 14.1206 10.8031 7.9154 8.56123 8.89979 12.5469 12.0159 18.2518 9.76093 9.88371 9.72287 9.39672
threshold=0.41942247597798948 0.42651121584415264 1.9119718301938611 0.12995370087091315 215.45372184785251 104.52680909838411 0.63735872623095724 0.38501602564102572 0.29080678368324925 0.5693619300350018 1.5078613387396582 -0.2351692369390756 -0.33932559599750295 -0.37103566604777205 0.14300533491404863 0.83675690367237099 0.0027510368419459337 0.12733348740127734 0.064915910048653422 0.10939119462375463 0.62793443090058609 -0.13666665479058371 9.5000000000000018 0.80910960197290394
decision_type=10 10 2 2 2 2 10 2 10 8 2 2 8 10 10 8 2 2 10 2 10 2 2 8
left_child=1 8 6 4 5 -4 -3 -8 14 10 11 12 -10 -13 15 16 18 -18 23 20 21 -20 -22 -1
right_child=-2 2 3 -5 -6 -7 7 -9 9 -11 -12 13 -14 -15 -16 -17 17 -19 19 -21 22 -23 -24 -25
leaf_value=0.0008635848344079951 0.0029326964643961971 -0.0048840048466824741 -0.00024922735988233073 -0.0031522059296949069 0.00018471535405411755 0.010112974575000504 0.0020446999072273619 -0.0050958303452191336 0.0021521173296084645 -0.0048827146357110869 0.0076357363777378234 0.0004439215190676406 -0.007045638690194771 0.0099168689617463463 -0.0033479312812469066 0.0054875016311136419 0.0036375618427812693 -0.0037552579212573782 0.0003088805745462761 -0.0012547300625085237 0.0043461882545404599 0.0087265352601697491 0.013260695307935786 -0.001398306290029657
leaf_weight=391.9527155905962 55.396358102560043 97.802752420306206 13.995491638779638 71.756889097392559 100.02156078070402 23.91222083568573 62.510084342211485 29.883493445813656 52.865013629198074 14.140361249446867 34.168096229434013 23.832908377051353 20.98759276419878 22.593373849987984 62.556504987180233 27.317566089332104 26.266654919832945 110.00367738306522 63.752989821135998 81.639167048037052 41.023418970406055 15.199302636086939 18.609674230217934 340.4172168597579
leaf_count=2460 398 859 120 664 830 195 537 249 333 86 215 153 134 136 535 187 224 868 422 579 246 102 105 2528
internal_value=8.46378e-05 -9.69769e-06 -0.00117815 0.000231485 0.00202709 0.00651177 -0.00271801 -0.000337306 0.000338096 0.00243106 0.00318318 0.00176313 -0.000612684 0.00538041 3.2774e-05 0.000231166 8.44344e-05 -0.00227782 0.000429184 0.00246161 0.00463924 0.00218851 0.00762074 -0.000187744
internal_weight=1802.61 1747.21 399.882 209.686 137.929 37.9077 190.196 92.3936 1347.33 168.587 154.447 120.279 73.8526 46.4263 1178.74 1116.18 1088.86 136.27 952.594 220.225 138.585 78.9523 59.6331 732.37
internal_count=13165 12767 3454 1809 1145 315 1645 786 9313 1057 971 756 467 289 8256 7721 7534 1092 6442 1454 875 524 351 4988
is_linear=0
shrinkage=0.01


Tree=299
num_leaves=25
num_cat=0
split_feature=65 71 210 3 129 244 295 310 164 9 96 126 239 230 224 77 208 205 123 113 6 193 235 221
split_gain=6.68072 8.05903 9.20103 8.42407 7.58441 9.65974 7.5458 7.46184 12.6079 8.94371 9.21429 9.43217 8.13183 8.84041 9.97928 8.19526 9.17773 7.37997 7.68417 11.6984 10.045 7.68888 8.15678 8.1681
threshold=0.92917897485939605 1.8389733079629436 0.19693044433977078 2.5471693845014545 0.99157423499971742 0.0048611111111111121 0.12313685294739767 -0.1480297035024751 0.012270400481782597 1.5318543266003608 -0.016970847903395769 0.59082664877320445 0.80597592702857701 78.500000000000014 2.1282544752056571 2.6915447553385792 0.4576720556263042 -0.68642547287110889 0.34634971565816702 -0.16844653106669136 -0.27829879119722262 0.60956554878048796 0.0084122069880583818 -0.21017487241279006
decision_type=8 10 2 2 8 2 2 2 10 2 10 10 10 2 2 10 2 2 8 10 2 10 2 2
left_child=6 3 7 4 5 -2 -1 9 -9 10 12 -12 15 -14 -15 16 -3 -6 -19 21 -21 -20 23 -23
right_child=1 2 -4 -5 17 -7 -8 8 -10 -11 11 -13 13 14 -16 -17 -18 18 19 20 -22 22 -24 -25
leaf_value=0.0058590327153449596 0.0035603472429051614 -0.0049086693089374555 0.0065381104555658513 -0.0018562827212358893 -0.0041713634667294918 -0.0017979831260081689 0.00032889062921515494 -0.0020923757374852166 0.0065739805996320698 -0.0039400389301986888 0.0098334086363959534 0.0010149920255521888 -0.0040537710879411885 0.0057321275581737339 0.0012363995904073051 -0.0020143552305187753 0.0028542933619113008 0.0072460381105971475 -0.0075486593422987294 0.0081946148908640069 0.0013490349790004582 0.004400330035973221 -0.006425080273414656 -0.0024694415432350856
leaf_weight=37.353051863610744 36.379346616566181 15.428501330316065 22.381633080542088 404.45733707025647 18.901654839515686 235.51786876469851 65.946533806622028 177.01692441105843 15.708690419793127 32.195708267390728 21.565494313836098 26.147280335426331 18.794506818056107 70.329038940370083 161.38733288645744 139.59267078340054 91.199864931404591 21.684598729014397 13.427816919982432 29.721209436655045 68.445819854736328 37.841869510710239 13.141895361244677 27.494061052799225
leaf_count=234 220 95 158 3324 144 1577 424 1349 108 283 157 185 147 448 1237 1076 547 122 99 183 476 260 95 208
internal_value=6.7951e-06 -0.000144484 0.000590867 -0.000787335 7.65527e-05 -0.00104797 0.00244139 0.000393134 -0.00129561 0.000962876 0.0012736 0.00534934 0.000851901 0.00211076 0.00265811 -0.000434304 0.00162359 0.00140308 0.00195399 0.00124721 0.00360377 -0.00129182 0 0.00151219
internal_weight=1802.06 1698.76 791.748 907.013 502.556 271.897 103.3 769.366 192.726 576.64 544.445 47.7128 496.732 250.511 231.716 246.221 106.628 230.659 211.757 190.073 98.167 91.9056 78.4778 65.3359
internal_count=13156 12498 5790 6708 3384 1797 658 5632 1457 4175 3892 342 3550 1832 1685 1718 642 1587 1443 1321 659 662 563 468
is_linear=0
shrinkage=0.01


Tree=300
num_leaves=25
num_cat=0
split_feature=102 69 232 118 183 118 143 9 96 165 148 226 234 313 136 147 117 309 147 299 238 226 81 164
split_gain=8.36352 8.24109 6.95555 5.93171 7.71546 6.63613 9.41169 7.86684 10.3388 10.4501 8.37091 7.05139 7.60577 6.98411 9.12492 13.8378 13.031 10.3692 12.9837 7.89576 9.72999 8.62054 11.1725 8.21757
threshold=1.228056852784827 0.41942247597798948 3.3940589536109824 155.50000000000003 -0.019200922571682613 114.50000000000001 0.019816004263315853 1.2225067631426811 -0.045498286392428436 179.55467592592598 0.19313973232789167 0.045540960940200492 0.067497605549946951 0.020067036845659431 0.32339757506930766 0.24350078846587073 0.10458019724337171 -0.022440579846903005 0.28468320848938827 -0.046268152850942539 -1.4270380015018509 0.075152670408415417 0.49571486490914163 0.0017607598546753136
decision_type=10 10 2 2 8 2 10 2 8 2 10 2 2 2 2 10 8 2 10 2 2 2 10 10
left_child=1 3 -3 5 -5 7 11 8 13 -10 -9 -7 -13 -1 15 19 -17 -18 -19 21 -21 22 -15 -22
right_child=-2 2 -4 4 -6 6 -8 10 9 -11 -12 12 -14 14 -16 16 17 18 -20 20 23 -23 -24 -25
leaf_value=-0.00068327689724569009 -0.0044307844065106751 -0.00068317854139151896 0.0072496988102963879 -0.0059290293464343315 0.0023505383930173293 0.0076348842169471232 -0.0025091079089968448 -0.0041101692234033829 0.0063859814187667129 -0.0015372325632553151 0.0043958427206217104 -0.0032717001412638923 0.0047218410651853121 -0.0047450401110984098 -0.003849229703889295 -0.0041129022579340455 -0.0011189107293998915 0.010643147360162355 0.0015937204254074867 0.0064615044193942917 -0.0013054932267041761 0.0058157638941752163 0.0041516302025566519 0.0054227251901875877
leaf_weight=858.75632787123322 39.536299332976341 16.843905135989189 25.968959048390388 33.247598223388195 14.297507390379904 31.876037530601025 25.601105198264122 78.064802389591932 46.296360030770302 23.486058123409748 11.001932479441164 17.73767051845789 25.637826986610889 24.117727220058441 37.185325913131237 13.312813170254229 16.463693149387836 43.510233819484711 26.272935584187508 16.272337034344673 288.24831173941493 45.00689672678709 26.781441107392311 16.530885688960552
leaf_count=6256 398 108 174 221 103 209 172 692 333 171 80 118 164 178 272 90 102 273 160 111 2178 304 194 106
internal_value=-4.03375e-05 6.4546e-05 0.00425821 -4.61201e-05 -0.00342704 5.5056e-05 0.00250574 -0.000105834 6.94012e-05 0.0037496 -0.00294509 0.00425397 0.00143098 -0.000118865 0.000753705 0.00110627 0.00440106 0.00581582 0.00744559 0.000292686 -0.000461423 0.002768 -7.30953e-05 -0.000890576
internal_weight=1802.05 1762.52 42.8129 1719.71 47.5451 1672.16 100.853 1571.31 1482.24 69.7824 89.0667 75.2515 43.3755 1412.46 553.703 516.517 99.5597 86.2469 69.7832 416.958 321.052 95.9061 50.8992 304.779
internal_count=13167 12769 282 12487 324 12163 663 11500 10728 504 772 491 282 10224 3968 3696 625 535 433 3071 2395 676 372 2284
is_linear=0
shrinkage=0.01


Tree=301
num_leaves=25
num_cat=0
split_feature=100 94 309 126 114 262 309 64 320 126 82 107 320 109 151 230 232 109 82 184 262 40 256 105
split_gain=5.83331 10.0342 13.5484 7.67748 7.23209 9.59015 8.1664 7.59347 7.71194 8.7285 14.8872 8.21873 7.30939 7.28538 8.17066 6.95087 8.64461 13.0646 8.89291 11.6794 9.01834 8.83143 12.2562 10.5547
threshold=0.67990093796261097 0.48387176013116745 -0.012010986076387951 0.16043545005025217 0.68817831782585726 -0.99788036317089934 -0.057385071824727012 0.60920300153431761 -0.022895826431970901 0.86848513563267038 0.69221588339219042 0.10506325114210942 -0.041380485020826953 0.50019002848463512 0.0091116645911166472 104.50000000000001 2.7128062515281814 1.162712221484822 0.63755672664880614 1.6579341195178445 0.70219860420875757 0.0062926079180608092 71.500000000000014 0.96109023611504363
decision_type=8 10 2 10 8 10 2 10 2 8 10 10 2 8 10 2 2 10 10 8 10 2 2 10
left_child=1 3 -3 -1 5 -2 12 13 9 10 -9 -10 -6 -7 -15 -8 21 -18 19 -19 -21 23 -23 -17
right_child=4 2 -4 -5 6 7 15 8 11 -11 -12 -13 -14 14 -16 16 17 18 -20 20 -22 22 -24 -25
leaf_value=-0.0037311669570189638 0.0065762573064994728 -0.0016673696320159311 0.010248635062063072 0.0013237144331605206 0.0056129687104114123 -0.0028907696733190334 -0.0014711761110994116 -0.0020790781739800489 -0.0020501410854864492 -0.0050143243708728382 0.0052961845471734461 0.0074999435119291573 -0.0019667892322105698 0.010029337341071306 -0.0007962649494129406 -8.3486401804384137e-05 -0.0055508492043390579 -0.002443294624829455 -0.00084087056106751338 0.0074152387903938565 -6.1701574906478188e-05 0.010933847591006428 0.0021970305759915704 0.0052767915056856031
leaf_weight=31.748152330517769 12.739240713417528 13.611477129161356 23.636218369007111 225.76439881324768 47.466061137616634 13.037892475724218 214.26776525378227 281.47264939546585 15.940920360386373 83.01904134452343 27.501837968826294 15.117230728268622 15.173056095838545 14.135249316692354 10.895263753831385 236.63488199561834 42.186912592500448 29.009527996182442 244.64112560078502 44.526438921689987 23.98836762458086 18.950903303921223 71.298299245536327 40.55281949788332
leaf_count=224 91 83 138 1364 329 101 1694 2166 132 740 226 115 113 92 84 1600 391 201 1927 324 186 120 458 231
internal_value=0.000119951 0.00139939 0.00605934 0.000662721 -0.000132535 -0.00115143 0.000337709 -0.00140606 -0.00179567 -0.00218051 -0.0013771 0.00280739 0.00375582 0.00272304 0.00568001 0.000104675 0.000558995 -0.000486317 0.00017574 0.00268761 0.00488501 0.0016505 0.00432012 0.000742689
internal_weight=1797.32 294.76 37.2477 257.513 1502.56 473.859 1028.7 461.12 423.052 391.994 308.974 31.0582 62.6391 38.0684 25.0305 966.057 751.789 384.352 342.165 97.5243 68.5148 367.437 90.2492 277.188
internal_count=13130 1809 221 1588 11321 3747 7574 3656 3379 3132 2392 247 442 277 176 7132 5438 3029 2638 711 510 2409 578 1831
is_linear=0
shrinkage=0.01


Tree=302
num_leaves=25
num_cat=0
split_feature=149 87 20 188 201 323 99 183 109 193 99 55 137 114 313 239 114 288 277 307 316 186 33 104
split_gain=5.70796 7.90837 11.4409 6.75544 5.8849 10.3618 6.8781 13.9739 8.64607 7.70608 9.04923 8.60835 7.12977 8.91799 6.94265 9.73451 8.53622 12.7992 10.1363 9.45379 12.1588 12.4308 11.4574 9.78673
threshold=0.26401991614255771 1.8206878472849046 0.55520194645580634 0.38913470993117016 0.46201923076923085 512.50000000000011 1.2991274216249038 1.2569258466949755 2.290809100281376 0.59476565172767715 0.66616782519403228 2.9517073568776073 0.19464368051641992 0.72439208681671763 0.014607336237430284 1.3264003220036897 0.97840071317674171 -0.008191927907199692 0.095545771754851655 -0.0075513871143855779 0.0043199721460591015 0.10135754907356449 0.036396807373320857 12.500000000000002
decision_type=10 8 8 10 2 2 8 8 10 10 10 2 2 10 2 8 8 2 10 2 2 10 2 2
left_child=4 -2 -3 -4 5 -1 7 8 9 -6 14 -12 -13 -14 15 -11 17 -16 19 23 22 -22 -21 -19
right_child=1 2 3 -5 6 -7 -8 -9 -10 10 11 12 13 -15 16 -17 -18 18 -20 20 21 -23 -24 -25
leaf_value=0.0054854147090668539 0.0099700631526312561 -0.0031121569098681787 0.0003502206713220555 0.010107773179027214 -0.0022395264799486242 -0.0038336195208146283 -0.0045172215464017252 0.0086761956409412821 0.003830217931538846 -0.00054527811653078714 -0.0071343713208993163 -0.0029196699799180748 -0.0040747546264963226 0.0058204084495981955 0.0053422042703073595 0.0063018697088979194 0.0052905074505410253 0.004288399982286039 -0.003567846580534802 0.0011630853224779366 -0.001913207748550522 0.0027875513498507409 0.0087860299357987327 -0.0037597104451368717
leaf_weight=42.67652802914381 10.33395393937826 27.753066450357441 13.727680347859858 12.874915286898611 166.73805063217878 13.763543620705603 31.453836474567652 15.548482671380041 51.524152405560017 726.7053649276495 27.825373083353043 66.222753919661045 11.386422470211981 23.418857887387276 51.232497379183769 18.522900849580765 42.647587031126022 16.518267594277859 59.15857321023941 41.876780062913895 111.89022706821561 107.47245747596025 36.854252085089684 68.637432709336281
leaf_count=295 77 234 96 79 1178 95 320 118 336 5186 264 628 114 201 353 144 276 121 440 310 809 734 256 471
internal_value=0.000135895 0.00298827 0.00121403 0.00562646 2.40642e-05 0.00312102 -8.47532e-05 7.0724e-06 -9.00334e-05 -0.000225403 1.60199e-05 -0.00247972 -0.00102796 0.00249321 0.000272677 -0.000350457 0.00113775 0.000748721 0.000183823 0.000787537 0.00162753 0.000391484 0.00492548 -0.00209905
internal_weight=1796.76 64.6896 54.3557 26.6026 1732.07 56.4401 1675.63 1644.18 1628.63 1577.11 1410.37 128.853 101.028 34.8053 1281.52 745.228 536.288 493.64 442.408 383.249 298.094 219.363 78.731 85.1557
internal_count=13135 486 409 175 12649 390 12259 11939 11821 11485 10307 1207 943 315 9100 5330 3770 3494 3141 2701 2109 1543 566 592
is_linear=0
shrinkage=0.01


Tree=303
num_leaves=25
num_cat=0
split_feature=299 89 126 73 47 11 0 218 9 156 170 70 185 213 185 282 106 118 118 5 182 85 129 140
split_gain=7.17875 8.36611 13.1102 7.98866 10.1104 8.9606 7.96857 10.1026 7.38211 7.31302 13.522 8.14138 7.43291 9.21266 8.52374 7.05301 7.04716 6.98148 10.0851 6.50958 8.17747 10.0604 6.3627 10.1392
threshold=-0.052933153802719006 0.93375204498550246 0.46426872086337911 327.17862094722165 27.500000000000004 0.41228268097248599 533.50000000000011 0.070894063773943167 1.5318543266003608 1.0000000180025095e-35 2.0470865708643018 0.71226576319760093 0.59594926350245514 -0.11117015849294558 0.60584720443875384 -0.0063972805230016984 0.58247575831392961 19.500000000000004 20.500000000000004 -2.9036302471197559 50.500000000000007 49.530400059352139 1.0268689508540685 0.0279829035661073
decision_type=2 8 8 2 2 10 2 2 2 8 10 8 8 2 8 8 10 2 2 2 2 2 8 2
left_child=3 2 -2 4 6 16 8 -8 22 10 11 -3 13 -11 -14 -7 -5 19 -19 -16 -21 -22 -1 -24
right_child=1 9 -4 5 -6 15 7 -9 -10 12 -12 -13 14 -15 17 -17 -18 18 -20 20 21 -23 23 -25
leaf_value=-0.0012568040019990882 0.010726950226182582 -0.0058909091424388859 2.1585814829894378e-05 0.0014771263029777356 -0.0043582466308340053 -0.0057499768410192841 0.00017407790707910789 0.010434275355676354 -0.0061458469790517042 -0.0048128680499199628 0.010532435296107657 0.0034438483220955701 0.0059351898894234156 0.0034344649929403631 -0.0070258364774730391 0.0038811480096115872 0.010142661479629557 0.006839116676784638 -0.00018732167328240767 -0.0020962796723416831 0.0090197625754635698 -0.0021645982969687619 0.0054287358252925935 0.0001164014069970702
leaf_weight=77.706754095852375 14.816428512334822 12.804503463208674 33.060852691531181 16.172352775931358 33.169528439640999 10.580033242702482 19.039543516933918 17.149790123105049 12.480179354548453 69.923073470592499 14.487776122987269 20.329738974571228 18.649875201284885 14.337657436728476 20.091528195887804 14.682445228099825 25.365843594074249 18.022722609341145 971.52188589423895 196.99520352482796 13.077030226588251 14.262434422969816 56.921799935400486 91.415255468338728
leaf_count=533 90 104 241 103 217 84 128 104 113 508 96 154 123 98 238 109 153 133 7012 1569 91 100 390 709
internal_value=0.000103804 -0.000218513 0.00376968 0.00133104 0.00062907 0.00439429 0.00127333 0.00546769 0.000575911 -0.000364592 0.00337161 -0.000315721 -0.000505303 -0.00333168 -0.000307267 -0.000289938 0.0071021 -0.000415844 -3.91212e-05 -0.00191893 -0.00137498 0.00349705 0.00102311 0.0022253
internal_weight=1807.06 1432.38 47.8773 374.684 307.883 66.8007 274.713 36.1893 238.524 1384.5 47.622 33.1342 1336.88 84.2607 1252.62 25.2625 41.5382 1233.97 989.545 244.426 224.335 27.3395 226.044 148.337
internal_count=13200 10557 331 2643 2194 449 1977 232 1745 10226 354 258 9872 606 9266 193 256 9143 7145 1998 1760 191 1632 1099
is_linear=0
shrinkage=0.01


Tree=304
num_leaves=25
num_cat=0
split_feature=294 237 235 193 72 62 172 114 153 153 311 294 175 123 201 147 128 313 53 239 302 100 2 247
split_gain=5.46981 8.22351 7.50545 7.1491 16.2856 9.18149 8.32303 8.03001 6.97048 8.00575 6.7407 6.92762 6.71367 6.79232 6.24218 6.18519 6.11912 6.06729 5.97441 6.67188 11.0902 9.21801 10.8669 8.72826
threshold=-0.1333807416772019 -0.015369730000126107 0.0055736194095535934 0.59476565172767715 25.741126619665163 36.500000000000007 15.157291666666667 1.1663434021034027 0.049443833272216117 0.043678721329545943 -0.071662192562373703 0.038187580548218754 52.199028363339544 0.42827496119539338 0.59348516949152552 0.20557053673672937 0.95226786037921618 0.01373951254698 94.500000000000014 0.78707693376276178 0.010077597457503218 0.74581553498478337 0.74445154633995625 2.0004523556379099
decision_type=2 2 2 8 2 2 10 8 10 10 2 2 8 10 2 10 8 2 2 10 2 10 10 2
left_child=1 2 15 4 7 12 8 -2 9 14 11 -8 13 -5 -7 16 -1 -4 19 20 21 -16 -23 -21
right_child=3 -3 17 5 -6 6 10 -9 -10 -11 -12 -13 -14 -15 18 -17 -18 -19 -20 23 -22 22 -24 -25
leaf_value=-0.0046846704105266805 -0.0042396987792134629 -0.0040596034127938713 0.0026157276147276286 0.00076577152362715406 0.0055316174237351554 0.0064786822473178541 0.0068214241593790572 0.0033013730515715936 -0.0034861682402209425 0.0077631588422892271 0.010780151916183114 -0.0026344085651167411 0.00025292840549880524 -0.0054764086263206615 0.00072047704381306154 0.0048458849605173774 0.001841530592744177 0.011936237083467202 -0.0032354893807582637 0.0025373526907707254 0.0015913200975196801 -0.0058631709369861389 -0.0011203052890818113 -0.00023713738887355782
leaf_weight=19.810394868254662 117.08768686652184 16.315657682716846 17.756424359977249 22.335180498659611 21.470599442720413 13.784947514533995 11.351365320384504 13.73615090548992 43.164256662130356 12.076656475663183 10.699098184704779 14.478435568511484 68.79375521838665 64.171850420534611 192.70739801973104 30.455734252929688 36.400483660399914 12.129358239471911 43.05848179012537 268.58570195734501 244.81383527070284 57.694455325603485 254.68780095875263 192.89788863807917
leaf_count=146 853 123 121 156 137 88 83 93 435 102 80 112 568 583 1217 187 281 76 287 1877 1694 433 1906 1507
internal_value=0.000156988 0.00208759 0.00303268 0 -0.00204489 0.000208825 0.00047372 -0.00338702 0.000337367 0.000474493 0.00500749 0.00175 -0.00207137 -0.00388033 0.000387099 0.00142448 -0.000556092 0.00713706 0.00030487 0.000438818 -0.000142733 -0.000989406 -0.00204442 0.0013811
internal_weight=1800.46 132.868 116.552 1667.6 152.294 1515.3 1360 130.824 1323.47 1280.31 36.5289 25.8298 155.301 86.507 1268.23 86.6666 56.2109 29.8858 1254.45 1211.39 749.903 505.09 312.382 461.484
internal_count=13145 934 811 12211 1083 11128 9821 946 9546 9111 275 195 1307 739 9009 614 427 197 8921 8634 5250 3556 2339 3384
is_linear=0
shrinkage=0.01


Tree=305
num_leaves=25
num_cat=0
split_feature=317 131 275 288 321 4 257 297 235 193 79 171 248 317 203 263 31 62 170 100 110 42 128 138
split_gain=5.46625 7.08315 7.24349 5.65606 5.78133 10.8321 9.2756 13.0867 8.71487 8.3573 10.9677 10.6052 10.3693 10.9693 9.1556 9.08842 9.73207 11.2301 9.11338 8.87234 10.8686 8.80079 8.87167 12.9829
threshold=0.02902604245069999 1.3915652469662385 0.083596308721227849 0.052333017405257455 4.5000000000000009 446.23297683631364 180.50000000000003 -0.01428155178155178 0.011246495351729663 0.8948992852501626 80.539392312401915 6.0140567351389018 0.85857142857142865 -0.0015094348220347864 0.0096620612397311442 -0.27474700808795344 0.0016652800887409875 63.500000000000007 2.1758209333700322 0.79828557737804184 3.5000000000000004 184.50000000000003 0.83753087887246969 0.11540195602413818
decision_type=2 10 2 2 2 2 2 2 2 10 2 10 2 2 2 10 2 2 10 10 2 2 10 2
left_child=3 2 -2 4 5 9 8 -8 -6 10 -1 -11 14 -14 15 -12 17 -17 -18 -16 -21 22 23 -19
right_child=1 -3 -4 -5 6 -7 7 -9 -10 11 12 -13 13 -15 19 16 18 21 -20 20 -22 -23 -24 -25
leaf_value=0.0048947301281512222 -0.0041012856668841318 -0.0080896912431594661 0.0048482194239345697 0.0057904570518581269 -0.00095517982524966169 0.0088198543119305927 0.0082246154801911952 0.00034986696606828564 0.0019745111931630858 0.004027251265370819 -0.0041681775859096753 -0.0046633848835862845 0.0092955999560715447 -0.00063100790130144239 0.0082459743369491609 -0.0043816960528479032 0.0016766387844029792 0.0028922718171057477 -0.0033287202923038524 0.0038651952658281187 -0.006542748907777428 -0.0017815595548110882 0.00058641667990748608 0.012587829881807809
leaf_weight=63.226070329546928 18.162730142474178 15.805354818701742 13.029826603829859 14.747614838182924 909.99853697791696 13.883329413831232 25.914123758673668 81.480650261044502 111.38062212616205 16.190523479133844 56.251358322799206 53.25636725127697 23.252883344888687 18.508233651518822 21.694993704557419 21.078520052134991 53.219911571592093 38.463928237557411 102.06304741278291 28.547283917665482 11.901819244027136 26.966015353798866 37.974139347672462 21.418614596128464
leaf_count=393 136 123 84 105 6809 106 162 544 785 118 371 437 162 148 130 160 453 262 803 207 87 170 253 144
internal_value=5.38445e-05 -0.0032111 -0.000240564 0.00014709 8.92096e-05 0.00087363 -0.000333477 0.00242215 -0.000630123 0.000645128 0.00108077 -0.00254468 0.000529142 0.00511353 3.91454e-05 -0.000581879 0.000117285 0.00195546 -0.00160755 0.00349596 0.000551044 0.0031072 0.00447667 0.00678926
internal_weight=1798.42 46.9979 31.1926 1751.42 1736.67 607.897 1128.77 107.395 1021.38 594.014 524.567 69.4469 461.341 41.7611 419.58 357.436 301.184 145.901 155.283 62.1441 40.4491 124.823 97.8567 59.8825
internal_count=13152 343 220 12809 12704 4404 8300 706 7594 4298 3743 555 3350 310 3040 2616 2245 989 1256 424 294 829 659 406
is_linear=0
shrinkage=0.01


Tree=306
num_leaves=25
num_cat=0
split_feature=154 154 66 232 25 82 133 204 145 228 193 201 185 160 275 133 232 147 126 170 187 316 257 112
split_gain=6.01194 6.9163 9.77908 10.7302 9.56274 7.06946 6.47087 6.11927 11.0128 8.40729 6.025 11.1259 9.79283 11.4072 10.3738 11.441 9.50437 9.36475 9.34873 9.21634 8.862 10.002 9.93944 9.14662
threshold=0.060737812911725968 0.022870219025825436 -47.327857880759801 2.7618243627849215 -1.3853991736807434 0.7415495527153162 0.056467092037409329 0.32163382594417084 0.11565895014722309 0.24950592885375497 0.76011695906432764 0.80442955214122269 0.82910783055198978 0.0074005613746833719 0.091703056768258628 0.046026392796212824 1.4316154138842518 0.25727148209322004 0.80229571956286561 5.4427794925109279 0.017595459236326112 0.026370847404382315 84.500000000000014 42.500000000000007
decision_type=10 10 2 2 2 8 2 2 10 2 8 2 10 10 2 2 2 10 10 10 8 2 2 2
left_child=1 10 4 7 -3 -5 -7 9 -9 -4 16 -12 13 -13 18 -16 20 -14 -15 -19 21 22 23 -1
right_child=-2 2 3 5 -6 6 -8 8 -10 -11 11 12 17 14 15 -17 -18 19 -20 -21 -22 -23 -24 -25
leaf_value=0.0033380489020318478 -0.003655907879041308 0.003018401795157616 0.0031383906785323744 -0.0043591568303444819 -0.0053721769832323274 -0.00089090547173436804 0.0070650445280171607 0.0063498558851319562 -0.0048012374914025557 0.011241002333718005 -0.0026709985971548529 -0.0045017793170123036 -0.0013434165843946317 0.0081095376523584485 -0.0041342893130348673 0.0072215584236594169 5.7299501419758329e-05 0.00066941922918869405 -0.0010559252034823305 0.0095387041834722672 0.010007896748997845 -0.0028368162953087252 2.2507446406199444e-05 0.012855301465942489
leaf_weight=36.217884123325348 38.974131293594837 21.370875395834446 29.18051466345787 21.180525667965412 28.485611073672771 22.679179780185223 14.73943145573139 17.5752526819706 12.893663696944712 26.291500575840473 204.25155222415924 16.579812198877335 335.9584184885025 50.325606390833855 24.427384674549103 10.304706327617167 708.43156960234046 52.323083586990833 13.07222545892 12.563360393047331 13.026271715760229 30.337321259081364 44.063717730343342 13.433679424226282
leaf_count=239 274 138 212 173 191 188 115 119 86 175 1502 117 2711 367 198 70 5113 361 106 78 73 189 279 80
internal_value=9.07655e-05 0.000180078 0.0019449 0.00324884 -0.00178757 -5.28026e-05 0.00249525 0.00544112 0.00159364 0.00735652 -4.15766e-05 -0.000713089 7.10278e-05 0.00261249 0.00391733 -0.000446983 0.000529383 -0.000667023 0.00624019 0.00272964 0.00291123 0.00195073 0.00354887 0.00648856
internal_weight=1798.69 1759.71 194.397 144.54 49.8565 58.5991 37.4186 85.9409 30.4689 55.472 1565.32 719.806 515.555 114.71 98.1299 34.7321 845.51 400.845 63.3978 64.8864 137.079 124.053 93.7153 49.6516
internal_count=13154 12880 1397 1068 329 476 303 592 205 387 11483 5510 4008 858 741 268 5973 3150 473 439 860 787 598 319
is_linear=0
shrinkage=0.01


Tree=307
num_leaves=25
num_cat=0
split_feature=5 5 181 89 191 237 321 293 185 323 131 287 81 156 120 109 123 132 126 216 144 4 225 283
split_gain=6.62948 9.8618 10.3409 7.14844 14.1812 9.77726 6.90807 8.13181 9.07077 8.20051 8.12484 14.4393 9.42368 13.3187 8.19402 12.3209 10.1574 9.59436 9.78637 8.05462 8.47106 13.3452 11.5175 7.95349
threshold=-2.8935132521978844 -2.8773415074710829 0.054460838240686822 2.9897941699928836 -0.92103435417990387 -0.047113126559711595 4.5000000000000009 -0.0090405696713356 0.74921383647798756 420.50000000000006 1.1296400249269674 0.032336210725532444 -1.0000000180025095e-35 0.28694318070964259 0.50641174665346289 1.0339124374110222 0.41154969861054841 0.016623788499878278 0.72897208950156756 0.3719510087671577 0.032090078045960403 -95.386718332157784 0.77290079059280203 -0.0084705901111341401
decision_type=2 2 2 10 10 2 2 2 10 2 8 2 8 10 8 10 10 2 10 2 10 2 2 8
left_child=3 2 -2 5 -5 -1 7 8 -3 19 11 -8 -12 14 16 23 -14 -17 -19 -9 21 22 -21 -16
right_child=1 6 -4 4 -6 -7 10 9 -10 -11 12 -13 13 -15 15 17 -18 18 -20 20 -22 -23 -24 -25
leaf_value=-0.0033117235850162532 0.007727226124896504 -0.0083311930936169933 0.0013832251397961433 0.0078372103127784063 -0.0017820972872632282 0.0058576549896253429 -0.0009337210445857718 0.0056312459289116394 0.0017183003363946854 0.0033156726380142178 -0.0048371136168656927 0.010524445135891495 0.0081997233712298723 0.0076938495712023849 0.003078147070580814 -0.00058341480188740726 -0.0023021946733308265 0.0061761965132720135 -0.001464753519831776 0.00029833719393368918 -0.0024318391348910223 0 0.012801498387232067 -0.0034522956226791719
leaf_weight=149.8015921600163 27.738627061247826 16.363674215972427 179.49751261621714 19.292636409401894 47.172782149165869 9.9460702091455442 26.556686043739319 24.086818538606167 15.098189711570738 138.43033203482628 49.921030342578888 15.289033234119414 19.479016952216625 16.671566888689995 18.18923557549715 455.39690784364939 13.762977853417395 42.359934523701668 24.888968586921692 13.735220514237882 98.127141833305359 161.28717862069607 13.860360845923422 200.38560754060745
leaf_count=1425 138 118 961 176 462 98 161 159 109 954 354 82 114 101 132 3396 100 271 178 91 653 1267 93 1545
internal_value=8.15641e-05 0.000313289 0.00233018 -0.00150736 0.00120225 -0.00264225 1.88753e-06 0.000963552 -0.00373616 0.00131611 -0.00052228 0.00363297 -0.000741749 -0.000465676 -0.000670096 -0.000894627 0.00398473 -5.47928e-05 0.00338909 0.000401182 -8.51389e-05 0.0011467 0.00722009 -0.00287177
internal_weight=1797.34 1571.13 207.236 226.213 66.4654 159.748 1363.89 480.989 31.4619 449.527 882.901 41.8457 841.055 791.134 774.463 741.221 33.242 522.646 67.2489 311.097 287.01 188.883 27.5956 218.575
internal_count=13138 10977 1099 2161 638 1523 9878 3444 227 3217 6434 243 6191 5837 5736 5522 214 3845 449 2263 2104 1451 184 1677
is_linear=0
shrinkage=0.01


Tree=308
num_leaves=25
num_cat=0
split_feature=73 29 29 224 30 163 237 0 320 136 106 298 59 284 272 171 77 319 261 256 251 7 60 60
split_gain=5.80561 9.28111 11.0203 8.59539 8.17553 9.87154 8.35963 7.99165 8.60535 8.42903 8.19082 9.8547 9.26775 9.05807 7.35597 7.32376 7.17068 6.86994 8.79872 7.41019 6.73287 5.86697 9.30864 11.6416
threshold=315.53479370826329 0.25491683775179269 0.26809081056414358 2.0985123383042583 0.011202240896358545 0.010113796189745559 -0.14557695519550765 859.50000000000011 -0.042823095226692802 0.19356318437407519 0.69672962988274478 -0.0015071598611641134 3.3813466673336463 0.0077701253226487585 0.032176992345509671 5.6959109202897471 2.8807217303537542 -0.20960973325465848 0.091350188930261075 148.50000000000003 0.03486111111111112 -0.4930504224520193 38.991747311576162 7.950999303125978
decision_type=2 2 2 2 2 10 2 2 2 2 10 2 10 8 2 10 10 2 10 2 2 2 2 2
left_child=21 3 4 20 -3 6 -6 8 10 -9 12 14 17 -13 -12 -5 -11 -4 19 -19 -2 22 23 -1
right_child=1 2 7 15 5 -7 -8 9 -10 16 11 13 -14 -15 -16 -17 -18 18 -20 -21 -22 -23 -24 -25
leaf_value=-0.00048618394470500374 0.0059463350772875588 0.0083038303777242875 0.0086133174716172805 -0.0063259603470568505 -0.0055803140779777461 0.0069062769148369755 0.0047506763566059458 0.0041556427953606439 -0.0034754921085844788 -0.00055136125149767316 -0.0037963142450280251 0.013702267720745778 -0.0034194812976693981 0.0024429062276759067 0.0059579654356574589 -0.0002080372522983302 -0.0062882988797596986 -0.0063402867651478328 0.0057310699855469228 0.0025990855854724306 -0.0024390424657273519 0.0023150638426733378 -0.0025323031988766544 0.0028216202401427758
leaf_weight=936.39922194555402 19.733939275145531 35.86250551789999 14.45015314221382 38.021660555154085 18.24968653917313 19.553148604929447 9.7481866702437383 21.114150404930115 21.384393848478794 67.795526146888733 13.079843297600748 17.552774757146835 28.659661345183849 13.653563730418684 12.218803234398363 38.608294770121574 30.041734546422958 16.15480495989323 22.149236835539341 15.628236368298529 14.28994447737932 77.208031639456749 184.38084360957146 117.12778049334884
leaf_count=6650 129 230 93 284 152 129 76 147 155 435 98 117 226 106 85 303 233 118 148 104 96 607 1546 921
internal_value=3.72191e-05 0.000966067 0.00171207 -0.00154785 0.00485965 0.00192039 -0.00184429 0.000777305 0.00212535 -0.00120018 0.00296079 0.00589803 0.00112131 0.00942048 0.00100478 -0.0033739 -0.00245068 0.00309906 0.0012468 -0.00206286 0.00248052 -0.000307986 -0.000477324 -0.000110878
internal_weight=1803.07 487.95 377.296 110.654 83.4135 47.551 27.9979 293.883 174.931 118.951 153.547 56.505 97.0421 31.2063 25.2986 76.63 97.8373 68.3824 53.9323 31.783 34.0239 1315.12 1237.91 1053.53
internal_count=13188 3464 2652 812 587 357 228 2065 1250 815 1095 406 689 223 183 587 668 463 370 222 225 9724 9117 7571
is_linear=0
shrinkage=0.01


Tree=309
num_leaves=25
num_cat=0
split_feature=299 309 162 2 250 266 39 303 288 263 9 105 123 208 109 112 313 159 251 83 209 77 308 318
split_gain=7.16852 7.71894 12.2692 9.6617 8.70576 8.51017 10.8249 7.26928 11.1817 7.81843 9.07497 6.91766 10.1086 9.24377 12.6712 10.4551 10.076 7.82761 8.30051 7.34393 9.83239 9.0711 8.04819 7.32107
threshold=-0.057290772317237885 -0.017211087218923168 0.058055274688237284 1.3217320876908865 1.0000000180025095e-35 4.2514705882352954 0.081768353611943817 0.0091299976470094277 0.0043200084684878615 0.73685797501091355 1.2344835232567635 1.0631438680210092 0.92350867669650383 0.63485135148996596 1.0213859543395061 38.500000000000007 -0.031902777104638194 0.28176345672791409 45.972500000000004 0.88361969714409516 0.90954545454545466 0.72224918971580465 0.0022080824977005107 1.1010002318418179
decision_type=2 2 10 10 2 2 2 2 2 10 2 10 8 2 10 2 2 8 2 8 2 10 2 2
left_child=7 2 4 11 -2 6 -6 8 9 -1 -11 12 19 15 17 -14 -17 18 -15 21 23 -3 -22 -21
right_child=1 3 -4 -5 5 -7 -8 -9 -10 10 -12 -13 13 14 -16 16 -18 -19 -20 20 22 -23 -24 -25
leaf_value=0.00040684160696566693 -0.0032667075732587744 0.0019603555495129191 0.0060303344945136575 -0.006414540757966527 0.0066111510771410713 -0.0045328005543899923 -0.0032639627127193146 -0.003155439593305275 0.0071439070236641519 0.010226136093576008 0.00095977908018697285 0.002047596245820172 -0.0014255268225400245 -0.001738239035458925 -0.00054293021665950962 -0.00028913980341164445 0.0095181424382877588 0.0037524575431733083 -0.0074533409503757565 1.1042772731387378e-05 0.0091696728066750464 -0.0044992379236291728 -0.00029168407320320934 0.0035453691707475351
leaf_weight=241.57685827463865 201.86302448436618 38.71667493134737 16.298948228359222 19.425216004252434 29.241894245147705 16.970143802464008 14.683281317353247 29.852399751543999 32.245471157133579 16.165052309632301 25.92736828327179 175.45856162905693 39.003794901072979 47.551951237022877 399.41209560632706 16.888141185045242 23.29096794128418 8.995197765529154 59.490972928702831 185.20668391138315 27.022493302822113 43.06722504645586 12.327782258391379 83.306784860789776
leaf_count=1684 1487 231 114 189 199 126 99 209 212 119 219 1242 338 417 3130 134 177 81 564 1136 180 319 84 497
internal_value=6.19934e-05 -0.000244953 -0.00173177 0.000109374 -0.0022764 0.000989809 0.00329075 0.00135084 0.00180416 0.00112884 0.00496238 0.000234921 -9.21459e-05 -0.00091185 -0.001403 0.00221092 0.00562553 -0.00427124 -0.00503426 0.00115376 0.00186003 -0.00146616 0.00636156 0.00113693
internal_weight=1803.99 1458.22 279.057 1179.16 262.758 60.8953 43.9252 345.767 315.915 283.669 42.0924 1159.74 984.281 594.633 515.45 79.1829 40.1791 116.038 107.043 389.648 307.864 81.7839 39.3503 268.513
internal_count=13187 10744 2025 8719 1911 424 298 2443 2234 2022 338 8530 7288 4841 4192 649 311 1062 981 2447 1897 550 264 1633
is_linear=0
shrinkage=0.01


Tree=310
num_leaves=25
num_cat=0
split_feature=99 93 170 122 137 282 145 308 159 107 253 14 19 306 248 206 312 147 16 11 109 228 29 99
split_gain=6.88573 10.1814 10.126 8.51009 10.2029 8.36723 11.4261 9.47807 10.8099 8.18408 8.46206 10.4482 10.8633 13.1224 10.8718 11.6196 7.84158 7.80955 8.20471 9.82199 7.80813 16.8431 12.7785 10.6906
threshold=1.2242135538382042 -0.050420772771041317 1.9434191072793741 0.71689744197132632 0.12467187984429365 -0.015625662282065043 0.02045465110873507 -0.0010447637406713565 0.19102800603722961 0.25521975655414714 153.50000000000003 0.10523983979118832 0.062167146712953203 0.93335956424006494 0.71897435897435902 52.500000000000007 0.062703777111204409 0.11544808326986546 1.3952210734174442 0.14047175797305683 1.5128385791993686 0.41824123588829476 0.29378208321601079 0.649324550124046
decision_type=10 8 8 8 2 10 10 2 10 10 2 2 10 2 2 2 2 10 2 10 10 2 2 8
left_child=1 3 -3 9 -5 6 -4 -7 -9 10 11 12 -1 14 -14 -16 17 -11 19 -19 -6 22 -22 -24
right_child=-2 2 5 4 20 7 -8 8 -10 16 -12 -13 13 -15 15 -17 -18 18 -20 -21 21 -23 23 -25
leaf_value=-0.00021935137401810192 -0.00396532466294338 -0.00094569099308346302 -0.0035697443301148154 0.0053100148107931627 -0.0048665553910155097 -0.00023014863878123803 0.0046418950922246776 0.00095308237537509706 0.012006151826756625 -0.0052453157702026425 0.0032831480936194573 -0.0023865016363084409 0.013046011336800481 -0.004159923487048113 0.0076768946022089911 -0.0036858574097965403 0.00718747758552323 0.006608403204834975 0.0043435561544658578 -0.0012861382563595311 -0.00085001940384637445 -0.0055039495296872673 0.013708294265618553 0.00061396026624065873
leaf_weight=812.74420891702175 39.453228678554296 61.480699829757214 25.560633689165115 15.063100520521401 84.067442823201418 14.655953019857405 39.397501900792122 13.157534942030905 29.667390465736389 14.37329640984535 63.325943306088448 209.96651678532362 14.38981496542692 12.586201660335062 17.342427678406242 13.769035633653401 22.387862093746662 16.082849562168121 72.291617065668106 91.391385361552238 48.890947002917528 44.846974335610867 11.17718420922756 12.038673512637617
leaf_count=5541 395 468 191 143 852 103 282 91 209 117 410 1643 95 92 130 98 145 94 467 577 426 399 84 112
internal_value=2.14385e-05 0.000117591 0.00232574 -0.00014306 -0.00197334 0.0039607 0.00138158 0.00665626 0.00890285 0.00015037 -0.000187622 -0.000399986 8.40287e-05 0.00415776 0.00658867 0.00273066 0.00192022 0.0012128 0.00180825 2.58093e-05 -0.00259044 -0.000869312 0.00209908 0.00776408
internal_weight=1800.11 1760.66 183.92 1576.74 216.084 122.439 64.9581 57.4809 42.8249 1360.65 1144.12 1080.8 870.832 58.0875 45.5013 31.1115 216.527 194.139 179.766 107.474 201.021 116.954 72.1068 23.2159
internal_count=13164 12769 1344 11425 2016 876 473 403 300 9409 8009 7599 5956 415 323 228 1400 1255 1138 671 1873 1021 622 196
is_linear=0
shrinkage=0.01


Tree=311
num_leaves=25
num_cat=0
split_feature=299 203 211 305 263 266 233 144 136 225 129 323 127 218 313 72 305 131 162 123 188 307 105 152
split_gain=7.55242 11.0444 19.0314 6.40617 6.68623 6.54643 7.59374 7.95409 7.27174 14.9408 11.9566 10.5048 10.6453 6.6601 6.84795 7.09892 6.34093 6.1225 6.53231 11.7336 7.96357 7.31698 13.0749 9.86615
threshold=-0.04770368072787428 0.010695493022191719 0.020942982456140354 0.55030762442710779 0.43332930245611229 6.4649014778325133 0.72842166879523218 0.10533428165007114 0.26054115208731454 0.65009505703422066 0.93790788732644026 267.50000000000006 0.34395689806012536 1.0000000180025095e-35 0.03906615028802541 5.6927256242628053 0.36717363028138739 0.37530696854581952 0.043557312252964435 2.4465588951544155 0.68100524205982127 -0.012160254072530704 0.48639620853501925 0.12005221932114883
decision_type=2 2 2 2 10 2 2 10 2 2 8 2 10 2 2 2 2 8 10 10 10 2 10 8
left_child=1 3 -3 5 -5 6 8 -8 10 -10 -1 12 -12 -13 15 -15 -4 -2 21 20 -20 -19 -23 -24
right_child=17 2 16 4 -6 -7 7 -9 9 -11 11 13 -14 14 -16 -17 -18 18 19 -21 -22 22 23 -25
leaf_value=-0.005774075673594399 0.0046750934009139964 0.010555447735168564 0.0044702418888130134 -0.00033952828160901683 0.0092760397290754942 0.006028037291405725 -0.0036574897814677571 0.0038487568365721332 -0.00012754509834938388 0.010834232242618827 0.0090737752461376806 0.0034746969131859303 -2.6192679155589713e-05 -0.006569924361842042 0.0028515700044125666 0.0016790553881658396 -0.0037632142014073595 -0.0020082786410263601 0.0058892350054589862 -0.0022403005736584074 -0.0024199702818859751 -0.0011816477275896366 0.0016459343565973104 -0.0038320510671740948
leaf_weight=28.485096938908104 21.168897576630116 28.760673023760319 13.346421666443346 12.3662740662694 13.349794343113897 14.787695981562136 84.556618273258209 14.304145850241182 31.888004139065742 17.289273090660572 23.624914668500423 21.405777484178543 24.537178166210651 35.940165720880032 14.907447852194307 12.676410771906374 19.289444908499718 290.20082092285156 56.619631998240948 40.976074688136578 12.442273966968058 565.78618850558996 369.84505756571889 33.278857473284006
leaf_count=195 126 185 84 87 95 113 633 84 212 112 172 160 188 253 108 87 133 2161 366 362 84 4229 2607 330
internal_value=2.24107e-05 0.00120817 0.00502271 0.000501351 0.0050429 9.75985e-05 -0.000234639 -0.00248432 0.000834916 0.00408803 -0.000202571 0.00107818 0.00467454 -0.00103501 -0.00265356 -0.00442547 -0.00027934 -0.000329579 -0.000417213 0.00188705 0.00434173 -0.000623186 -0.000202636 0.00116758
internal_weight=1801.83 411.515 61.3965 350.119 25.7161 324.403 309.615 98.8608 210.754 49.1773 161.577 133.092 48.1621 84.9298 63.524 48.6166 32.6359 1390.32 1369.15 110.038 69.0619 1259.11 968.91 403.124
internal_count=13166 2901 402 2499 182 2317 2204 717 1487 324 1163 968 360 608 448 340 217 10265 10139 812 450 9327 7166 2937
is_linear=0
shrinkage=0.01


Tree=312
num_leaves=25
num_cat=0
split_feature=317 317 305 143 63 261 255 267 294 47 237 266 269 40 282 302 266 201 80 33 97 247 288 237
split_gain=5.71593 6.51747 8.82664 8.10487 7.96741 9.04958 6.64677 8.77786 9.41431 8.61814 9.18147 13.5719 10.4043 9.4846 8.49745 8.47394 8.63481 8.45446 8.32824 8.97132 8.00552 11.2522 8.66976 7.88014
threshold=0.02902604245069999 0.015153460695270907 0.40186193647046037 0.038535788535788547 0.43448366527258236 -0.21643491591348077 68.500000000000014 0.97088390848207817 -0.19422678806723895 15.500000000000002 -0.17550503614251844 2.29663694598338 2.0580177653108933 0.0072507579342130637 0.035711517308075633 -0.0025321829177598373 2.4647175985204157 0.86385701676963822 20.500000000000004 0.043215940236241486 0.092524634194842442 0.83860882853693963 -0.0054914898493383666 -0.14214270612785609
decision_type=2 2 2 10 10 10 2 2 2 2 2 2 2 2 10 2 2 2 2 2 8 2 2 2
left_child=1 6 3 -3 5 -4 7 18 -9 10 11 -8 17 14 15 16 -12 -13 19 20 -1 -22 -23 -21
right_child=-2 2 4 -5 -6 -7 9 8 -10 -11 13 12 -14 -15 -16 -17 -18 -19 -20 23 21 22 -24 -25
leaf_value=-0.0028058812022529068 -0.0032095104874382873 0.0074875421066221397 0.0019847342689541993 -0.00051695468379626432 0.0056794583525976343 -0.0059792146946414841 -0.0026059078937549322 0.0052810274177072644 -0.0030306970743520117 -5.6490777491562034e-05 0.0044634621441675734 0.0094055049715345111 0.0010642464652589785 0.0047700520568783175 -0.0059226474543332755 0.004127862669316135 -0.0044880230594284091 0.0014023707300109304 -0.0022713736120650273 -0.00071076605063739775 0.0094848066738121069 0.0045344112490962353 -0.00045501416239382907 0.0088780519703247993
leaf_weight=63.470710709691048 48.252793125808239 39.921647667884827 26.399851135909557 17.143175847828388 15.011669605970381 25.453382782638073 25.022059835493565 12.012307770550249 192.59327792003751 716.13761818036437 12.031595297157763 53.782238326966763 40.618374727666378 31.615551874041557 25.872099980711937 32.8962027952075 37.743448294699192 19.07764445245266 113.38278937339783 12.425456136465071 12.275369815528391 40.588235929608345 172.70296190679073 21.169697813689709
leaf_count=464 355 271 175 120 112 196 184 85 1576 4948 83 383 302 218 188 241 292 149 819 96 81 303 1408 148
internal_value=8.69001e-05 0.00018291 0.00236729 0.00515551 -0.000110889 -0.00201358 1.29465e-05 -0.000778879 -0.00247222 0.000524638 0.00200719 0.00380609 0.00525774 0.000182224 -0.00123257 0.000371356 -0.00218092 0.00745456 2.42986e-05 0.000846953 0.000251296 0.00114015 0.000536887 0.00552488
internal_weight=1807.6 1759.35 123.93 57.0648 66.8649 51.8532 1635.42 640.621 204.606 994.797 278.659 138.5 113.478 140.159 108.543 82.6712 49.775 72.8599 436.015 322.632 289.037 225.567 213.291 33.5952
internal_count=13197 12842 874 391 483 371 11968 4980 1661 6988 2040 1018 834 1022 804 616 375 532 3319 2500 2256 1792 1711 244
is_linear=0
shrinkage=0.01


Tree=313
num_leaves=25
num_cat=0
split_feature=5 200 72 302 192 221 120 154 179 233 147 144 161 124 66 58 218 218 241 127 148 302 149 125
split_gain=5.8484 6.6887 6.41357 10.558 7.90262 8.42275 8.9498 11.81 11.1987 9.13774 8.30994 8.39033 8.03219 7.66499 9.51502 10.2165 7.72927 11.9913 7.59718 9.68811 8.8619 9.42222 8.8494 8.51816
threshold=-2.908964877275698 2.2848688747196184 -144.94011379953872 0.05696097958175466 0.098350750129757858 -0.068220820791897854 0.51606109358650698 0.0082559427451648643 4.4764579496623709 0.68370443674748482 0.21927479125621543 0.023542007809547804 0.0028268565355324886 5.5000000000000009 -25.821035567496196 0.84787480063226284 0.085746533376330231 0.063335710465323602 0.84523809523809534 1.504081682049377 0.090417378355888423 -0.060597689603214454 0.17576941287878792 2.2909723047033803
decision_type=2 2 2 2 8 2 8 10 2 2 10 10 10 2 2 10 2 2 2 8 8 2 10 8
left_child=1 -1 3 4 -2 6 -6 10 9 -9 11 -8 -12 14 -11 -16 17 -15 20 -20 22 -22 -4 -21
right_child=2 -3 18 -5 5 -7 7 8 -10 13 12 -13 -14 16 15 -17 -18 -19 19 23 21 -23 -24 -25
leaf_value=-0.0040290106943167191 -0.0019205094884924884 0.0030053255987448776 0.0010143869810311976 0.0075924899503311671 0.0067031261074433739 -0.0044199272224624579 0.0029484647335244756 -0.0018353932790124128 -0.00078858373437148662 -0.0017591792776717281 -0.0014430474137243053 -0.0043205174829150433 0.003365826385082192 0.0044298505669623893 0.011741384831428194 -0.00066795655992754523 0.0036602793205961098 0.01747342487382304 -0.0025794359632465148 0.0085615812558779616 -0.0052714132048945605 0.00022646359802091679 0.010794752573255094 -9.973209522453415e-05
leaf_weight=61.196792285889387 87.484044782817364 14.729866508394478 25.601750440895557 21.048042222857475 29.690287545323372 21.441332824528217 18.169365353882313 16.690113574266434 50.216055057942867 24.065532103180885 60.595012858510017 67.222024977207184 74.281879596412182 16.761159136891369 13.278421528637411 10.532494626939295 27.172205321490765 14.486385084688662 227.15844425559044 11.607365503907202 29.567416906356812 813.80014810711145 12.533663697540758 51.716415513306856
leaf_count=639 539 155 205 137 168 145 150 106 313 149 401 476 453 108 91 82 161 87 1764 106 221 5963 96 464
internal_value=7.17182e-05 -0.00259235 0.000193623 0.00107858 0.000780064 0.00132253 0.0016434 0.00121375 0.0031455 0.00474138 -0.000321409 -0.00271726 0.00121284 0.00580418 0.00258241 0.00672817 0.00818584 0.0114586 -0.000224779 -0.00161942 0.00023738 1.54735e-05 0.00477894 0.00177202
internal_weight=1801.05 75.9267 1725.12 553.134 532.086 444.602 423.161 393.471 173.202 122.986 220.268 85.3914 134.877 106.296 47.8764 23.8109 58.4197 31.2475 1171.99 290.482 881.503 843.368 38.1354 63.3238
internal_count=13179 794 12385 3566 3429 2890 2745 2577 1097 784 1480 626 854 678 322 173 356 195 8819 2334 6485 6184 301 570
is_linear=0
shrinkage=0.01


Tree=314
num_leaves=25
num_cat=0
split_feature=273 273 312 303 30 0 121 59 224 218 90 282 201 33 296 144 322 39 113 67 321 109 298 64
split_gain=5.50585 8.28311 8.94036 7.67405 6.71294 5.80564 9.36071 6.44046 5.66224 7.38705 8.566 10.6736 11.8774 10.3442 10.1881 8.56184 10.8243 11.7606 8.55608 8.28835 8.75613 7.99152 7.92018 10.0171
threshold=5.4082838600369101 5.0127736004036345 -0.57828450330437986 -0.0032760054734243776 0.0021762811404755144 512.50000000000011 -1.2183744666052034 0.71261042759689164 0.47392928090255421 0.093242293843857044 6.2180520284688203 0.077152961196148451 0.93369963369963382 0.020884699496586362 0.89288896792140371 0.046638418079096057 1.5000000000000002 0.080473787496495669 0.030526503736749335 136.97657628475682 8.5000000000000018 1.0213859543395061 0.011746747875780136 0.7366830936954244
decision_type=10 8 2 2 2 2 10 10 2 2 2 8 2 2 2 10 2 2 8 2 2 10 2 10
left_child=1 8 -3 -4 -2 7 -7 -5 -1 21 11 12 15 18 -15 19 -17 -18 -13 -11 -21 -10 23 -12
right_child=4 2 3 5 -6 6 -8 -9 9 10 22 13 -14 14 -16 16 17 -19 -20 20 -22 -23 -24 -25
leaf_value=-0.0027737858635803751 0.00061703332988908004 -0.0035942613458774292 0.010372557742607381 0.0036532944158161069 -0.0053040343158086509 -0.0010046496237110052 0.009622222799737061 -0.0054018613559525253 -0.0014828874798780646 -0.001938595497511736 -0.0042880145910918592 -0.00076526220332276353 -0.004538042925765976 -0.0071706145999781926 0.0026620099061859591 0.00048047225247051088 0.01445724533889458 0.0043876240646190659 0.0088433389998561623 0.0072446859564285248 -0.0017863667483007974 0.00031931393910108574 -0.0055565654860721472 0.0022728627747413462
leaf_weight=64.315155111253262 34.787378311157227 13.734594836831091 15.326572038233278 13.194748505949976 37.665457993745804 12.87951050698757 17.530987560749058 12.565820403397082 339.29916828125715 26.770419418811798 28.655207291245461 20.176592014729977 12.449684418737887 26.731893129646778 14.311351612210272 17.93010151386261 23.836106427013874 27.630921475589275 13.43679069727659 34.860470369458199 13.437779158353804 872.1616964712739 22.927515357732773 86.196264304220676
leaf_count=437 221 99 97 99 287 81 118 95 2616 201 188 155 102 194 100 114 141 176 107 253 95 6438 170 598
internal_value=0.000114777 0.000230138 0.00321822 0.00462781 -0.00253166 0.00261938 0.00538977 -0.000826224 6.94358e-05 0.000190517 0.0014231 0.00258751 0.00404747 -0.000503919 -0.00376867 0.00486745 0.00735582 0.00958204 0.00343779 0.00236979 0.00475261 -0.000186892 -0.000539519 0.00056337
internal_weight=1802.81 1730.36 85.2322 71.4976 72.4528 56.1711 30.4105 25.7606 1645.13 1580.81 369.351 231.572 156.915 74.6566 41.0432 144.466 69.3971 51.467 33.6134 75.0687 48.2982 1211.46 137.779 114.851
internal_count=13182 12674 589 490 508 393 199 194 12085 11648 2594 1638 1082 556 294 980 431 317 262 549 348 9054 956 786
is_linear=0
shrinkage=0.01


Tree=315
num_leaves=25
num_cat=0
split_feature=232 159 227 71 65 227 45 160 161 77 262 44 305 128 174 35 279 29 111 146 35 319 274 293
split_gain=5.34711 7.31042 7.75198 9.41838 13.9451 11.4676 10.6393 8.57332 8.07555 7.57689 7.291 7.65979 7.13458 6.92446 7.82434 9.82696 7.9291 6.70951 8.22275 11.9575 6.56395 6.51324 9.36641 11.2544
threshold=0.84865645009030544 0.0091603266950100719 0.0046765422018749921 1.9557649880968844 2.3900679611517792 0.0082693472442021774 2.5000000000000004 0.066126634308452503 0.015278847725097465 1.7925227542363047 0.41378963632819243 37.500000000000007 0.33870967741707864 -0.35601067602610764 85.451250000000016 0.0033927081235072373 0.043826865919466169 0.33136032502101437 1.7572880062671223 0.22921747967479678 0.0046332073959585553 -0.14636907919666539 5.3166837553703212 1.0000000180025095e-35
decision_type=2 10 2 10 10 2 2 10 10 10 10 2 2 8 8 2 8 2 8 10 2 2 2 2
left_child=13 -2 21 4 5 17 7 8 -5 -7 -8 -12 -11 -1 -15 16 -16 18 19 -4 -6 -3 -23 -24
right_child=1 2 3 6 20 9 10 -9 -10 12 11 -13 -14 14 15 -17 -18 -19 -20 -21 -22 22 23 -25
leaf_value=-0.0039277873965711625 -0.0041857901414418443 -0.0016060735034477008 0.012535049965104239 0.0045522567078640636 -0.00026356061819815557 0.0014398515580553179 -0.0036474642838918367 0.0062966311809179651 -0.0036966798765057339 0.0030298580502053948 0.006119252170048951 -0.00065097887704478486 -0.0040214716864666053 0.0082617720695478611 0.0067754891515237458 -0.0032438715058786265 -0.0013389066308544346 -0.0011680219350106889 0.00072299483571645581 0.0019602787001620423 -0.005134446015794005 0.0013028653179780578 -0.00052633711997787126 -0.0073714789463843172
leaf_weight=13.406276769936083 38.935008876025677 339.58940196409822 23.236098766326904 22.407467387616634 51.036641925573349 116.17939552664757 31.930118791759014 82.514138154685497 19.551690086722374 15.958750426769255 24.243833042681217 41.810443080961704 62.529661737382412 20.442132391035557 32.387728601694107 25.768282525241375 16.775162473320961 17.501058347523212 24.639870516955853 20.663990333676338 59.66407149285078 327.83879201859236 347.91581458225846 23.064380533993244
leaf_count=89 262 2566 154 147 442 736 260 517 126 112 179 325 480 117 222 163 123 116 172 121 472 2282 2805 179
internal_value=8.5073e-05 -5.4166e-05 4.95995e-05 0.00093857 0 0.00118682 0.00256744 0.00447402 0.000695275 -0.00016472 7.75958e-05 0.00196907 -0.00251958 0.00220518 0.00316622 0.00151213 0.0040654 0.00416358 0.00553142 0.00800069 -0.00296048 -0.000476082 7.58729e-05 -0.00100739
internal_weight=1799.99 1691.21 1652.28 613.867 391.41 280.709 222.458 124.473 41.9592 194.668 97.9844 66.0543 78.4884 108.78 95.3733 74.9312 49.1629 86.041 68.54 43.9001 110.701 1038.41 698.819 370.98
internal_count=13167 12453 12191 4359 2805 1891 1554 790 273 1328 764 504 592 714 625 508 345 563 447 275 914 7832 5266 2984
is_linear=0
shrinkage=0.01


Tree=316
num_leaves=25
num_cat=0
split_feature=115 172 121 129 14 312 21 128 59 235 207 311 125 312 221 29 197 311 5 114 302 186 29 273
split_gain=5.68465 10.4141 8.29681 8.88143 7.34693 6.76725 8.53497 8.05193 7.95979 6.6414 7.70225 6.58176 6.8744 6.4661 7.64634 7.55345 6.44412 6.55385 9.53815 8.64312 10.5526 9.55652 8.76382 10.6243
threshold=-0.45884382004409979 2.3488888888888892 -0.61895657752157962 1.3890375923668139 0.063014261836904908 -0.43440277944654831 0.46139066583826055 2.0017925326909718 3.5824231105512938 0.010999092650468801 0.15306687519743001 -0.66319421089668262 1.0642365703272354 0.1096386937165104 -0.058472517824686897 0.28884426291808518 0.068070379709844892 -0.32244478630160567 -1.9075349909970756 0.97840071317674171 0.010412811497656058 0.14557495484647806 0.28245514027956781 3.9468945938775799
decision_type=10 10 8 8 2 2 8 10 8 2 2 2 8 2 2 2 8 2 2 10 2 10 2 10
left_child=2 -2 13 -4 -3 7 8 11 -7 -6 -11 -5 -13 16 15 -15 17 18 19 20 -1 22 23 -22
right_child=1 4 3 5 9 6 -8 -9 -10 10 -12 12 -14 14 -16 -17 -18 -19 -20 -21 21 -23 -24 -25
leaf_value=-0.0011898735486317656 0.0094106839939927158 0.0063583171356868589 -0.0040773663939854344 0.0010814374045037345 -0.00034690763277592636 0.0013028391329609099 -0.0018459490912412111 0.0047217670289496525 0.0090058252571838734 -0.0013433731087238434 0.0084798341804062823 0.00048345277293854156 -0.006561050077208007 0.0018511681471544848 -0.0009852837978409489 0.01154633467873426 0.0059486955589502614 -0.0010115159071973135 0.0069301861858784312 0.0034921112233310962 0.0078736129417621287 -0.0014890150867696652 0.0001169944436532899 0.0011057747565327493
leaf_weight=348.51942712068558 12.425175696611403 19.394722685217857 97.463297802954912 23.094631910324097 198.1939981803298 70.098102755844593 65.607798181474209 11.231392446905373 14.319387704133986 12.063431710004808 16.729242749512196 17.454762801527981 54.27280817180872 19.69881871342659 22.298353753983974 12.955846130847929 15.203160807490347 446.81957843154669 19.799596823751926 73.224937066435814 49.367960594594479 70.124544017016888 68.825115762650967 44.374691843986511
leaf_count=2422 74 126 846 187 1511 560 615 101 113 87 113 145 491 142 162 87 107 3097 133 478 323 483 478 306
internal_value=1.68386e-05 0.00138058 -0.000213102 -0.00155213 0.000868919 -0.000552933 0.000806025 -0.0024555 0.00287167 0.000322699 0.00458114 -0.00342857 -0.00488012 0.00018621 0.00344925 0.00634238 1.93041e-05 -7.50391e-05 0.000545716 0.000321907 -9.08079e-05 0.00154555 0.00286372 0.00480714
internal_weight=1803.56 258.807 1544.75 353.542 246.381 256.079 150.025 106.054 84.4175 226.987 28.7927 94.8222 71.7276 1191.21 54.953 32.6547 1136.26 1121.06 674.236 654.437 581.212 232.692 162.568 93.7427
internal_count=13187 1911 11276 3058 1837 2212 1288 924 673 1711 200 823 636 8218 391 229 7827 7720 4623 4490 4012 1590 1107 629
is_linear=0
shrinkage=0.01


Tree=317
num_leaves=25
num_cat=0
split_feature=121 200 200 73 171 270 234 174 88 62 221 316 151 37 232 282 83 301 140 143 84 245 184 266
split_gain=6.86106 8.47196 6.77712 6.70032 7.88785 9.48312 7.82453 8.0244 11.9405 10.2656 8.61777 7.78551 9.64705 8.50062 7.52076 8.83385 7.8759 12.9287 7.97087 10.5847 7.4627 7.39824 9.12508 7.23066
threshold=-2.2749236555014396 0.32996119418792852 0.84383303970091594 315.53479370826329 9.5993587602078723 0.10640931114388036 0.022085186170549709 58.931805555555563 0.8150767777301563 218.50000000000003 -0.12975267068431756 -0.029494343060026702 0.12106443238140195 0.66913131423573158 0.84865645009030544 -0.047610001447387452 1.317319548233135 0.80162459526056551 0.0037071394214251365 0.035511042131470889 43.177020637547976 -0.70015239593203205 0.16710659790069318 4.177171215880894
decision_type=8 2 2 2 10 2 2 10 10 2 2 2 10 2 2 10 10 2 2 10 2 2 8 2
left_child=1 -1 -3 14 5 6 -5 -8 10 -10 11 20 13 -13 15 -2 17 21 19 -18 -9 -16 -23 -20
right_child=3 2 -4 4 -6 -7 7 8 9 -11 -12 12 -14 -15 16 -17 18 -19 23 -21 -22 22 -24 -25
leaf_value=-0.00092880630004696428 -0.0042356142120833365 0.011905724081148048 0.001532999620051625 -0.0026903137940624006 0.0062256170133507373 -0.0046058389342128244 -0.00022671455574786771 -0.0047386059170413412 -0.00326982866970006 0.0045968872559855193 -0.002030609367881716 0.0084488983506332913 -0.0017376634865165826 0.0007425525936697458 -0.0054737225978135533 0.0035656029050528952 -0.00014468124911211705 0.00041570671829681001 2.9058278134458351e-05 0.0084842304023685748 0.0049404371357140162 0.0049074478254742876 -0.0029839760161158731 -0.0025240339200006037
leaf_weight=20.593289211392403 14.962364226579664 12.418436065316202 12.802732191979883 47.135444924235344 24.216311268508434 29.098306424915791 155.77267476916313 13.159672737121584 47.976442702114582 21.78668113052845 17.909542106091976 83.345199652016163 12.567231513559816 18.212562784552574 99.993490606546402 80.575492523610592 33.533870473504066 131.32315027713776 674.63684321939945 21.437491253018379 13.018239155411718 15.653213754296301 68.701837830245495 129.73002757504582
leaf_count=138 107 80 92 371 180 198 1100 90 361 141 129 528 113 138 691 522 206 947 5061 136 82 128 576 1058
internal_value=7.4994e-05 0.00377934 0.00736448 -2.7099e-05 0.000969887 0.0006545 0.00103991 0.0015171 0.00270113 -0.000715448 0.00419998 0.00502688 0.0061303 0.00713439 -0.000409154 0.00224655 -0.000630839 -0.00197426 -0.000131294 0.00345442 5.23877e-05 -0.00366265 -0.00139587 -0.000388891
internal_weight=1800.56 45.8145 25.2212 1754.75 484.198 459.982 430.884 383.748 227.976 69.7631 158.212 140.303 114.125 101.558 1270.55 95.5379 1175.01 315.672 859.338 54.9714 26.1779 184.349 84.3551 804.367
internal_count=13173 310 172 12863 3431 3251 3053 2682 1582 502 1080 951 779 666 9432 629 8803 2342 6461 342 172 1395 704 6119
is_linear=0
shrinkage=0.01


Tree=318
num_leaves=25
num_cat=0
split_feature=299 303 317 65 131 100 307 120 160 216 233 189 138 234 149 307 284 122 284 149 83 299 72 312
split_gain=5.91896 7.96192 13.4737 7.38448 7.04452 6.63441 8.26357 7.28778 8.44728 8.8515 8.60288 8.43133 8.33031 7.46388 7.25969 7.13063 6.91955 6.643 6.60287 8.64045 11.0888 11.4748 8.97487 8.40849
threshold=-0.057290772317237885 0.0091299976470094277 0.0089145472885443517 2.8761898468643001 0.37530696854581952 1.2111844147642252 -0.0027480278784143375 0.95123662816720034 0.047662734818698128 0.89676940222022639 0.735602365565175 -0.38333975581613877 0.16760570086338245 0.078444409678765134 0.15943284856705098 -0.01061886207152812 -0.12292605460009524 0.5557255940077811 -0.015245561135972028 0.083449396471680606 1.0743151262483723 -0.041169125485895679 -328.49403179973075 -0.38862399418569343
decision_type=2 2 2 10 8 8 2 8 10 2 2 8 2 2 10 2 10 10 10 8 10 2 2 2
left_child=1 2 5 -4 -2 7 -7 8 9 11 12 -1 15 14 -9 -10 -16 -18 19 20 21 -6 -22 -20
right_child=4 -3 3 -5 18 6 -8 13 10 -11 -12 -13 -14 -15 16 -17 17 -19 23 -21 22 -23 -24 -25
leaf_value=-0.0024862969771740346 0.0051066274527923573 -0.0035442243104326998 0.0099407756230617747 0.00026755138247560445 0.0049755208383151289 0.0092027526038303969 -0.0012458303973954176 -0.0061399976447198482 0.013810336208882985 -0.0051821036956525889 -0.001944009749865456 0.0056599422558792972 0.00079345265282799364 0.0027373040594377862 -0.0050750921332287074 0.004322990891813515 0.0074919546810917007 -0.0021613723936925321 -0.00080850391580695308 -0.0020572947057545202 -0.0014708418912045432 -0.004695943702503905 0.0065074762837674296 0.0010512836005852281
leaf_weight=21.522966772317886 21.613411128520966 29.007302038371563 25.241311244666576 11.50293307751417 14.282816007733343 16.890690725296739 11.043590448796747 38.116728417575359 13.310030207037924 25.221579931676388 17.55880393832922 24.09809560328722 23.713855616748333 26.020908914506435 13.941878169775007 24.695696175098419 12.448195584118368 11.264236532151697 461.01536521315575 350.76425839588046 19.267757721245289 41.461437724530697 40.610267907381058 507.65305396914482
leaf_count=136 127 202 159 83 85 136 102 297 82 172 123 145 155 183 116 158 92 100 3491 2668 120 277 239 3736
internal_value=6.49418e-05 0.00123631 0.00170511 0.00717455 -0.000214143 0.000918518 0.00530543 0.000374362 0.00176496 -0.000726414 0.00395166 0.00187542 0.00565632 -0.00165905 -0.00322603 0.00839962 -2.7547e-05 0.00312757 -0.000304911 -0.00127886 0.00106687 -0.00207958 0.00397373 0.000165345
internal_weight=1802.27 345.599 316.592 36.7442 1456.67 279.847 27.9343 251.913 150.121 70.8426 79.2784 45.6211 61.7196 101.792 75.771 38.0057 37.6543 23.7124 1435.05 466.387 115.622 55.7443 59.878 968.668
internal_count=13184 2441 2239 242 10743 1997 238 1759 971 453 518 281 395 788 605 240 308 192 10616 3389 721 362 359 7227
is_linear=0
shrinkage=0.01


Tree=319
num_leaves=25
num_cat=0
split_feature=157 146 308 321 120 219 138 138 181 117 117 90 109 143 75 198 259 192 263 135 302 303 95 277
split_gain=6.35033 6.56627 9.07944 7.92355 12.1166 10.5528 9.84527 15.3277 9.70269 11.0643 8.36134 7.64399 7.63571 10.3564 9.9682 13.4398 12.0068 10.1299 8.4308 8.01645 7.63151 7.4595 7.60274 7.40657
threshold=0.50531975099037929 0.28026140526140531 0.0017586254624315143 4.5000000000000009 0.68155039720904365 0.025696049301199519 0.15580917441814193 0.18710853290479365 0.14938999189962146 1.1899112984831832 1.270339636066218 4.2378854853662391 1.0213859543395061 0.064987857670784507 0.40564253358465646 59.500000000000007 -0.45127251472220048 1.1051905918942277 0.68530910885800977 0.29052704286791114 0.004500075115074346 -0.0013080450330219347 -1.7084192439442314 0.024668072224619749
decision_type=10 10 2 2 8 2 2 2 2 10 8 2 10 8 8 2 10 8 8 2 2 2 8 10
left_child=1 3 -3 4 -1 6 10 8 9 -8 -6 -11 13 23 15 17 -17 18 -14 21 -4 -15 -23 -5
right_child=-2 2 20 12 5 -7 7 -9 -10 11 -12 -13 14 19 -16 16 -18 -19 -20 -21 -22 22 -24 -25
leaf_value=0.0045065613294910821 -0.0043773941678453112 0.0044549760743635555 -0.0063800434904043813 -0.0037904962613212034 0.00062024302257733912 -0.0058045544841148714 0.0015779313459276423 -0.0010176220901180278 -0.0025768640422235457 0.013194808270896355 -0.0032874993357133926 0.0036936772560217353 -0.00043885607459718076 0.0062994882494485996 -0.0011908129809834308 0.0038563218686439183 -0.003379490976845831 0.004155249752574041 0.0068385983208103379 -0.003416550598925548 0.0027465388984717282 -0.0047340327048492501 0.002858524802605364 -0.00027520479665392737
leaf_weight=82.577038481831551 27.432311423122883 75.143113501369953 15.026131279766561 177.01863831281662 277.12338541075587 22.966425694525242 25.49817681312561 54.424548767507076 10.448742434382437 26.716985210776329 65.203862406313419 16.447340615093708 129.68012124300003 29.996930219233036 298.21172074601054 27.732115864753723 90.184962600469589 148.25433242321014 15.243313126266001 27.634705998003483 16.217566952109337 17.476495638489723 34.708692628890276 91.565855033695698
leaf_count=517 182 433 91 1426 2068 179 214 412 85 185 506 115 840 207 2508 171 613 966 92 200 93 127 250 697
internal_value=0.000162974 0.000240573 0.00261628 8.43573e-05 0.00102446 0.00042376 0.000759124 0.00303165 0.00576839 0.00710438 -0.000142075 0.010048 -0.000418583 -0.00156031 0.000192879 0.00120035 -0.0016187 0.00234224 0.000436505 0.001002 -0.001779 0.00256417 0.000184346 -0.00261121
internal_weight=1802.93 1775.5 106.387 1669.11 581.407 498.829 475.863 133.536 79.1112 68.6625 342.327 43.1643 1087.71 378.401 709.307 411.095 117.917 293.178 144.923 109.817 31.2437 82.1821 52.1852 268.584
internal_count=13177 12995 617 12378 4281 3764 3585 1011 599 514 2574 300 8097 2907 5190 2682 784 1898 932 784 184 584 377 2123
is_linear=0
shrinkage=0.01


Tree=320
num_leaves=25
num_cat=0
split_feature=32 209 317 127 148 239 99 109 64 239 141 317 168 117 294 193 72 321 117 255 169 269 185 26
split_gain=6.504 9.38366 11.7213 8.03494 7.41943 8.79562 7.95787 9.48044 8.27904 7.17357 10.4874 6.57108 6.98304 6.1976 6.70427 8.65405 9.19621 8.88695 8.1139 9.43018 9.53784 10.51 7.82776 9.76131
threshold=0.0014316399604838677 0.80444664031620572 0.00926172561907233 -0.52953587619007758 0.035441050528118766 0.52584301428780378 1.2991274216249038 2.290809100281376 1.1736450878509561 1.3264003220036897 0.064038834951456333 -0.0053347563144788323 161.50000000000003 -0.086176042056667443 -0.14496847621387043 0.59476565172767715 21.309066250496048 4.5000000000000009 0.44119949200177039 26.500000000000004 10.500000000000002 1.4425033058691896 0.63434715821812604 172.50000000000003
decision_type=2 2 2 8 8 10 10 10 8 10 2 2 2 8 2 8 2 2 10 2 2 2 10 2
left_child=4 2 -2 -4 5 -1 7 9 -9 13 -11 12 -3 -6 18 16 -16 22 -15 -20 -21 -22 -17 -24
right_child=1 11 3 -5 6 -7 -8 8 -10 10 -12 -13 -14 14 15 17 -18 -19 19 20 21 -23 23 -25
leaf_value=-0.00027547666527220075 -0.0018789654546468311 -0.0053972277463392474 0.012018039174431106 0.0001180857718386673 -0.0039917632795327604 0.0068267081020369127 -0.0051423964759934274 0.0073715431894840391 -0.00022316488419208251 0.0083583553232099983 -0.0010784426769477444 -0.0070601025701601322 0.0058438872188169592 0.0083610228554794382 -0.0035890951392973497 0.0057805335722098663 0.0036373160526561379 -0.00047057650630824745 -0.0045501639840489581 0.0086640367405309542 -0.0047368335678166741 0.0061334333658729636 -0.0039837566812958719 0.0014020787038920546
leaf_weight=32.21759457141161 67.94715529307723 8.0808737874031085 9.1179690882563573 11.236698523163797 35.880659975111485 33.987263679504395 25.201878257095814 31.191924482584 24.106657244265079 22.134003773331642 20.879265069961548 39.946494854986668 8.3350456357002241 17.160378754138947 113.0751975029707 33.380005620419979 18.262855142354965 788.33196078240871 18.738543428480625 17.437365248799324 18.209990710020069 12.556616231799124 34.335428059101105 353.91029867529869
leaf_count=194 715 91 81 112 236 187 257 184 164 156 180 465 87 109 786 220 115 5613 138 118 126 81 283 2439
internal_value=9.7291e-05 -0.00191407 0.000135737 0.00631121 0.000277127 0.00348675 0.00013641 0.000231552 0.00419421 7.75823e-05 0.00397251 -0.00499497 0.000277991 -4.38607e-05 6.2551e-05 -0.000110929 -0.00252099 0.000155136 0.00275411 0.0010205 0.0033385 -0.000126914 0.00132276 0.000897712
internal_weight=1795.66 144.664 88.3018 20.3547 1651 66.2049 1584.79 1559.59 55.2986 1504.29 43.0133 56.3624 16.4159 1461.28 1425.4 1341.3 131.338 1209.96 84.1029 66.9425 48.204 30.7666 421.626 388.246
internal_count=13137 1551 908 193 11586 381 11205 10948 348 10600 336 643 178 10264 10028 9456 901 8555 572 463 325 207 2942 2722
is_linear=0
shrinkage=0.01


Tree=321
num_leaves=25
num_cat=0
split_feature=149 162 94 149 83 22 107 151 107 247 232 67 165 131 170 84 55 111 247 209 176 84 196 170
split_gain=5.5329 10.7436 8.57985 5.96901 12.1743 9.70318 9.40765 8.74674 8.49143 7.91897 7.77776 8.99303 7.48106 10.133 8.2621 7.42495 9.13342 8.05398 8.58836 8.01944 9.37442 10.5431 14.0468 7.18206
threshold=0.26401991614255771 0.0028943620675211533 0.57278596023775863 0.092335018445142789 1.0402058046671585 -0.059609783577343436 -0.73312227234464256 0.0053908747457134566 -0.60473305207272332 0.19626419101655521 0.98086897047011734 56.20115377365012 178.99035300925928 1.8307782847297702 1.2139734997645719 15.404150418197963 1.9531534362410194 1.447154900462017 0.96649594654699034 0.88857852265673498 12.188730129653377 5.9916536596497121 0.28514963297571999 2.6291536381369798
decision_type=10 8 10 8 10 10 8 10 8 2 2 2 2 8 10 2 2 10 2 2 2 2 10 10
left_child=3 -2 -3 4 10 12 7 -6 -7 -8 -1 -12 13 -5 -14 16 19 -17 -19 20 -11 -22 -23 -16
right_child=1 2 -4 5 6 8 9 -9 -10 15 11 -13 14 -15 23 17 -18 18 -20 -21 21 22 -24 -25
leaf_value=0.0014317446268860426 -0.0016642518200266213 0.0092229056050575717 -0.00089843181242563869 0.0022436893027539613 0.0021603091518862848 0.0059134472247473558 0.006625107495066335 0.0109799439105542 -6.1765855168214592e-06 -0.0038017491079106402 -0.0064200170011314795 -0.00055603960633204916 0.0071782911550064511 -0.0049217358228626756 -0.0040634121339144496 0.0091817188692581205 -0.0044600557879038716 0.0058279718069455715 -0.0035052269028237933 0.0067957595294407293 -0.0015859421915624511 0.012048530638558692 -0.00085877862855731908 1.1242584438470555e-05
leaf_weight=75.200947009027004 27.972861811518669 25.344007469713688 11.000553861260412 22.05706125497818 27.425503760576248 22.0618996322155 22.884752579033375 19.153767861425877 888.10496342182159 39.377952091395855 38.213226802647114 74.955553509294987 9.8782490119338018 107.85186813399196 56.867207948118448 16.201915554702282 37.866932563483715 15.781418293714522 18.138114377856255 17.177692666649818 33.557366497814655 15.6422051563859 14.604222148656843 155.18085495010018
leaf_count=475 230 166 86 165 172 177 131 138 6593 233 283 487 84 926 488 92 274 83 104 108 203 83 84 1256
internal_value=7.54855e-05 0.00289178 0.00629059 -3.33172e-05 0.000929633 -0.000391117 0.00225231 0.00623009 0.000154156 0.00138084 -0.00102028 -0.00265352 -0.00179448 -0.00367554 -0.000656329 0.000718667 -0.000354202 0.00396199 0.000924448 0.00100241 -0.000108764 0.00222018 0.00624711 -0.00111607
internal_weight=1792.5 64.3174 36.3446 1728.18 466.182 1262 277.812 46.5793 910.167 231.233 188.37 113.169 351.835 129.909 221.926 208.348 158.226 50.1214 33.9195 120.359 103.182 63.8038 30.2464 212.048
internal_count=13121 482 252 12639 2950 9689 1705 310 6770 1395 1245 770 2919 1091 1828 1264 985 279 187 711 603 370 167 1744
is_linear=0
shrinkage=0.01


Tree=322
num_leaves=25
num_cat=0
split_feature=254 197 106 172 73 307 11 174 157 155 87 75 162 105 103 106 2 85 224 77 162 210 210 239
split_gain=5.3048 7.64953 8.06541 6.41861 6.88304 9.78791 11.4272 10.8785 8.5607 9.65652 8.12428 7.50673 10.1628 8.04065 8.09173 7.96844 7.64302 7.42784 7.32702 7.16551 9.18533 8.95536 8.07479 7.49735
threshold=223.50000000000003 -0.48574726586437494 0.66126140820684953 2.704305555555556 315.53479370826329 -0.013827840310540121 0.41228268097248599 63.961111111111116 0.29763458908367529 0.0037209334524032039 3.3034126823256407 0.041388568563631357 0.023294573643410855 0.93544260628691212 2.7178624488030203 0.29434723176168104 1.2410954690479283 60.588891887866353 3.4189930397239836 2.7239284631303748 0.004722556759891164 0.15804341361879279 0.057771773680864599 1.2119113831267774
decision_type=2 8 10 8 2 2 10 10 10 10 10 8 8 8 10 8 8 2 2 8 10 2 2 10
left_child=3 2 -2 -1 11 10 7 -7 9 -8 -6 12 -5 16 15 -15 19 -9 -11 20 -13 23 -22 -21
right_child=1 -3 -4 4 5 6 8 17 -10 18 -12 13 -14 14 -16 -17 -18 -19 -20 21 22 -23 -24 -25
leaf_value=-0.0021693802377711338 -0.0040864205885599338 0.0065129340773818602 0.0053214474959161614 0.00040052103707365771 -0.0038201160707485877 0.00063710468971769657 0.003906931109015078 0.0011589590932558494 0.0044478229605860202 -0.0053119632079685489 0.0038716526994309647 -0.0027523298383159678 0.0078019826391288625 0.0076221317571424857 -0.0053191834982049728 0.0003088500914844461 0.0057408629659673549 0.0076462446738606825 0.0020449767112143686 -0.0052076420590022147 0.0052407044909136991 0.0038483533727388147 -0.0017658883793952704 0.0017125587570399892
leaf_weight=118.84952805191278 20.162100628018379 28.457937143743038 12.23953929543495 642.92693325132132 50.850261986255646 60.529485180974007 20.944583639502525 25.089477702975273 28.156792536377907 50.290563248097897 15.798301443457602 87.049143433570862 16.30474866181612 12.978912927210329 21.201254457235336 270.14972095936537 9.5536862015724164 72.058432102203369 16.218100141733885 132.55963851511478 34.451052106916904 12.005639545619486 27.168631196022034 16.100167062133551
leaf_count=828 140 176 84 4270 346 403 159 175 206 442 117 755 94 98 223 2014 100 439 150 1260 257 105 200 151
internal_value=0.000149527 0.0029842 -0.00036151 4.51714e-05 0.00021153 0.00147057 0.00230698 0.00403356 -7.95939e-05 -0.00164251 -0.0018986 -0.000123928 0.000617794 -0.000909369 0.000250701 0.00072001 -0.00201206 0.00606146 -0.00349313 -0.0023048 -0.000692794 -0.00375231 0.00219408 -0.00443344
internal_weight=1802.09 60.8596 32.4016 1741.24 1622.39 339.936 273.287 157.677 115.61 87.4532 66.6486 1282.45 659.232 623.218 304.33 283.129 318.888 97.1479 66.5087 309.334 148.669 160.665 61.6197 148.66
internal_count=13192 400 224 12792 11964 2437 1974 1017 957 751 463 9527 4364 5163 2335 2112 2828 614 592 2728 1212 1516 457 1411
is_linear=0
shrinkage=0.01


Tree=323
num_leaves=25
num_cat=0
split_feature=174 175 230 83 119 253 208 44 307 184 202 209 120 11 257 131 259 154 310 79 228 235 144 11
split_gain=5.7629 7.56341 8.36019 11.8455 11.1149 8.8698 9.8552 9.45433 8.85324 9.50615 9.16931 8.96556 7.50408 7.92463 9.75128 9.25166 8.49029 7.43191 8.07634 7.30104 8.6588 10.3676 8.59321 10.674
threshold=58.931805555555563 14.11505985259736 151.50000000000003 1.3457192077222799 0.44062539308307441 129.50000000000003 1.5629659539287806 30.500000000000004 0.021985248461125002 0.11625769519298161 0.11915683704674532 0.85521778584392028 0.50641174665346289 0.3381666131144887 90.500000000000014 1.210076524945854 -0.51444745081791099 0.004722556759891164 -0.33610901693070722 96.439319725669733 0.24601052542229015 0.015367746288798922 0.05385910385910387 0.12031084560255317
decision_type=8 10 2 10 8 2 2 2 2 8 2 2 8 10 2 10 10 10 2 2 2 2 10 8
left_child=-1 2 3 -2 -5 8 -7 -8 9 11 -10 -4 -11 14 16 -16 -14 18 -17 20 21 -3 -21 -24
right_child=1 19 5 4 -6 6 7 -9 10 12 -12 -13 13 -15 15 17 -18 -19 -20 22 -22 -23 23 -25
leaf_value=-0.0012971796158463883 -0.00036428885846878005 -0.0030787394702224869 -0.0059411444879040433 0.011801176286862437 0.00013930517954815946 0.0083127862091473964 -0.0041557250350074612 0.0057703166286086818 0.0077570857379294783 0.0058820893189092741 0.0005774665974619187 0.0024877366878453089 0.004797449511929521 -0.0010682951618385494 0.001012493879670016 -0.0037183684630016918 -0.0030866437079290583 0.0093796396133103786 0.0059075939323698324 -0.00063652604462408958 0.0027948298003448186 0.0061151380996148468 0.003289383611017712 -0.0066270934032608428
leaf_weight=272.58808881416917 29.728864215314388 64.857943624258041 44.90437763184309 22.545806616544724 12.414971500635145 27.536440782248974 18.27141247689724 14.73866845667362 27.770017847418785 20.365643613040447 44.479559734463692 15.143976546823977 14.274804018437861 288.60136784240603 130.72094010561705 12.16360565274954 66.256456650793552 26.997493922710419 18.407084658741951 436.68895348161459 118.81738898158073 12.19004552066326 11.756378695368765 48.185953978449106
leaf_count=1928 229 478 286 139 108 170 129 105 186 119 307 104 80 2226 849 81 473 171 112 3558 796 84 77 375
internal_value=3.38756e-05 0.000273984 0.000913654 0.00429213 0.00800829 0.000614025 0.00419989 0.000354014 0.000291339 -8.90788e-05 0.00353954 -0.003783 0.000309711 7.55295e-05 0.00130557 0.00254194 -0.00156117 0.00578726 0.00205682 -0.000496742 0.00112478 -0.00144579 -0.00114103 -0.00460527
internal_weight=1800.41 1527.82 835.321 64.6896 34.9608 770.632 60.5465 33.0101 710.085 637.836 72.2496 60.0484 577.787 557.422 268.82 188.289 80.5313 57.5682 30.5707 692.497 195.865 77.048 496.631 59.9423
internal_count=13170 11242 5874 476 247 5398 404 234 4994 4501 493 390 4111 3992 1766 1213 553 364 193 5368 1358 562 4010 452
is_linear=0
shrinkage=0.01


Tree=324
num_leaves=25
num_cat=0
split_feature=321 36 4 84 122 75 71 129 289 106 126 175 113 106 36 227 235 144 204 168 226 235 90 148
split_gain=7.90173 9.46735 9.35587 8.14443 11.2149 8.39831 12.5859 9.49854 7.51292 7.13833 8.88207 17.4231 10.2448 7.09595 7.71182 7.09397 9.66254 12.065 9.14639 8.33698 9.98265 7.72309 7.50197 7.02202
threshold=4.5000000000000009 0.029888180909545231 446.23297683631364 20.359376455999087 0.029165055460179602 -0.47578801033322532 0.63937021480617962 1.7471452602137925 -0.10328828418189832 0.55915466626925825 0.66463328927168053 19.569960811507361 1.0000000180025095e-35 0.48506585222245002 0.016140874425654875 0.015847900341571231 0.004744965158559513 0.02120676731984153 0.43308457711442788 174.50000000000003 0.067994187966448724 0.0079470338091027753 2.9768475337648748 0.040134228187919473
decision_type=2 2 2 2 10 10 10 8 2 8 8 10 10 10 2 2 2 10 2 2 2 2 2 10
left_child=2 9 15 5 -5 6 -3 8 -7 10 11 13 -13 14 -2 16 23 18 -18 20 22 -22 -19 -1
right_child=1 3 -4 4 -6 7 -8 -9 -10 -11 -12 12 -14 -15 -16 -17 17 19 -20 -21 21 -23 -24 -25
leaf_value=0.0055069529572531672 0.0034239014482601764 -0.0021726583119138685 0.008054086733519282 0.0091942253565590742 0.0012300292948082263 0.00294994195484746 0.0061969401471345413 0.0055642596016706007 -0.0047157155846816448 -0.00019414427547714087 -0.0039105530956250753 -0.00098864845713773279 0.0083570080604951653 -0.0047571504756235726 -0.0020542586033784212 -0.0025397204367198617 0.0087288142664805526 0.0040681571332363544 -0.00078467443358506126 -0.0048693071893825711 0.0085553522422717274 0.0014247422335442233 -0.0042889827886993994 -0.000193713277321968
leaf_weight=20.120107389986515 31.246454797685146 29.959196887910366 15.008132405579088 23.696384139358997 57.422638915479183 13.553039811551569 37.787905804812908 11.432336457073687 64.627685211598873 544.05158415809274 144.47132675349712 18.394389495253563 26.36669846624136 63.115185104310513 101.56578489392996 58.373240597546101 43.474892519414425 13.602832600474356 12.117867052555082 16.925611682236195 26.033799454569817 35.882489554584026 28.497853115200996 361.87975398823619
leaf_count=132 228 179 115 122 389 92 219 90 482 4142 1173 133 196 466 695 416 314 97 84 114 169 231 207 2696
internal_value=6.99581e-06 -0.000479643 0.000905948 0.00128567 0.0038009 -4.90232e-05 0.00254292 -0.00203738 -0.00331753 -0.000936326 -0.00197298 -0.000773779 0.0046654 -0.0020704 -0.000713269 0.000694302 0.00104523 0.00296014 0.00670047 0.00111838 0.00220569 0.00468229 -0.00147983 0.000142348
internal_weight=1799.61 1167.69 631.917 238.479 81.119 157.36 67.7471 89.6131 78.1807 929.211 385.16 240.689 44.7611 195.927 132.812 616.908 558.535 176.535 55.5928 120.943 104.017 61.9163 42.1007 382
internal_count=13181 8606 4575 1573 511 1062 398 664 574 7033 2891 1718 329 1389 923 4460 4044 1216 398 818 704 400 304 2828
is_linear=0
shrinkage=0.01


Tree=325
num_leaves=25
num_cat=0
split_feature=233 301 15 10 254 11 95 107 29 188 301 304 36 289 295 95 57 93 184 306 317 61 254 77
split_gain=6.33209 9.00687 6.88943 8.07223 6.58604 7.33562 10.7325 9.75925 8.4772 10.0957 7.26554 7.82684 7.37942 6.98877 7.23822 6.67844 6.63486 13.2142 10.5571 8.31359 13.6053 10.1485 8.51742 8.1948
threshold=0.87513213530655409 0.84216538552599063 -1.087171225163577 0.2083941192099753 223.50000000000003 0.70524050297330809 -1.2960460916881635 -0.64664616916134976 0.27171698043300169 0.26847469967236992 1.0526778514752142 -0.022901968090420385 0.029018643176842249 0.021400763441559837 0.15517241379109695 -0.40200405032261416 0.24980177907607112 -0.08924937722685243 2.0641014522722529 0.7258796241630604 -0.0049825622733393436 354.40610621456193 21.500000000000004 4.0739233855681709
decision_type=2 2 2 2 2 10 8 10 2 10 2 2 2 2 2 10 10 10 8 2 2 2 2 10
left_child=4 -2 3 -3 5 10 7 -7 9 -8 15 -12 -13 14 -6 16 17 18 -1 20 -18 22 -21 -23
right_child=1 2 -4 -5 13 6 8 -9 -10 -11 11 12 -14 -15 -16 -17 19 -19 -20 21 -22 23 -24 -25
leaf_value=0.00024262731288751102 -0.0035505088686457582 0.0036939131829175275 0.005510205521630689 -0.0052369287639900041 -0.0039350222632861774 -0.0041343236711598496 0.0036968315500044762 0.0062862458904427831 -0.0078537885879765342 -0.0061713349473510159 0.002314138139915612 -0.0038714807978773459 0.0017230832845424014 0.0076336357425961969 0.0048458061955714846 0.005890688219039068 0.0049209701879214651 0.0088279693879802015 0.0032458913603288994 -0.00035690948364823808 -0.0060337815774133031 -0.0030035259484173446 0.010273922299317296 0.0019663233423592831
leaf_weight=916.8831006847322 103.70449538901448 15.381977915763853 20.998219098895788 20.065940216183662 16.019188776612285 12.355192497372625 19.364160358905792 19.650808334350586 35.05061062797904 16.627633087337017 37.275459475815296 108.66788304597139 27.837876588106155 21.532643303275108 15.834150098264216 20.230234928429127 11.716456308960913 17.239423699676991 131.62022467702627 13.257787473499777 55.04946793243289 78.988428853452206 13.586737319827078 53.055093914270401
leaf_count=6323 861 96 182 169 106 97 153 131 288 130 271 850 189 137 102 145 88 112 995 115 462 615 99 463
internal_value=4.76308e-05 -0.00183182 0.0013276 -0.00134863 0.000234419 0.000114498 -0.00242786 0.00222552 -0.00454294 -0.000954026 0.000295847 -0.00160788 -0.00271145 0.00359859 0.000440137 0.000551775 0.000454614 0.000785039 0.000628344 -0.00109189 -0.0039745 0.000161685 0.00545783 -0.000999793
internal_weight=1801.99 160.151 56.4461 35.4479 1641.84 1588.46 103.048 32.006 71.0424 35.9918 1485.41 173.781 136.506 53.386 31.8533 1311.63 1291.4 1065.74 1048.5 225.654 66.7659 158.888 26.8445 132.044
internal_count=13179 1308 447 265 11871 11526 799 228 571 283 10727 1310 1039 345 208 9417 9272 7430 7318 1842 550 1292 214 1078
is_linear=0
shrinkage=0.01


Tree=326
num_leaves=25
num_cat=0
split_feature=157 146 149 162 114 144 177 275 144 305 36 102 109 149 221 205 205 235 278 181 37 239 238 181
split_gain=5.9789 6.96998 5.73468 13.127 6.40082 6.30201 8.67622 8.36269 7.6542 13.8603 13.9251 8.80688 8.29962 11.9715 8.94671 14.8152 11.2234 11.6226 9.90429 9.47426 8.90337 10.3929 10.2317 8.62358
threshold=0.50531975099037929 0.37634080717488794 0.26401991614255771 0.0028943620675211533 0.71836941977870539 0.0051948402417962012 6.9331086760221892 0.086956521738342799 0.0078278186274509821 0.36531936526671666 0.031360986537661346 0.64910327237399745 1.1744431469712573 0.087889098349349409 -0.25621239699411619 -0.28431476130320127 -0.4609079102257771 0.0087815693078850988 -0.0016680578742348357 0.13045803301557782 0.68302398674005516 0.63595015959579004 -0.717993850831942 0.15238786370861845
decision_type=10 10 10 8 10 8 8 2 8 2 2 10 10 10 2 2 2 2 8 2 2 10 2 2
left_child=1 2 5 -4 -5 6 -1 -8 9 -7 -11 12 13 -10 16 -16 -14 19 -17 -18 -15 22 -22 -21
right_child=-2 -3 3 4 -6 8 7 -9 11 10 -12 -13 14 20 15 18 17 -19 -20 23 21 -23 -24 -25
leaf_value=0.0039295645980124026 -0.0043993004539435989 0.0069447167955616141 -0.0021049256073935553 0.0092508290917776154 0.00026611735221732346 -0.0046473383266855735 -0.0038199203294010981 -3.3532745690311891e-05 0.00082684866936967322 0.0078307918875709405 -0.003900354458115029 -0.0026303986104455643 0.00067970722667875258 -0.0024439258625643116 -0.0055662499062195383 -0.0017167487496398885 0.0044555569512675364 0.010795795918270982 0.0032927051152432598 -0.0071471993086952828 -0.00060594107809094531 -0.0017218181758209617 0.011829944274684749 0.0035318525122053409
leaf_weight=23.628573957830667 27.487926609814167 11.822387643158434 28.354091241955757 24.891300857067108 11.674857802689074 14.886143811047075 127.38423755019903 106.73160809278488 355.53375647962093 45.979754071682692 10.763199567794798 113.99840257689357 212.29999028146267 299.88868749141693 42.392524346709251 72.053908482193947 87.290500156581402 21.038038775324821 80.700069062411785 13.344172760844232 10.941023431718351 33.946562897413969 12.443578608334063 11.63985802978277
leaf_count=194 183 69 234 165 87 115 1043 867 2226 356 78 1035 1436 2418 297 483 572 129 535 95 93 288 103 80
internal_value=2.73168e-06 7.84488e-05 2.06967e-05 0.00287397 0.00663378 -9.24911e-05 -0.00152392 -0.00211909 0.000165668 0.00328778 0.00550877 -3.60393e-06 0.000239888 -0.000467316 0.00117146 -0.000531745 0.00213254 0.00437632 0.000935053 0.00292795 -0.00175454 0.00177986 0.00653756 -0.00228295
internal_weight=1801.12 1773.63 1761.8 64.9202 36.5662 1696.88 257.744 234.116 1439.14 71.6291 56.743 1367.51 1253.51 712.754 540.759 195.147 345.613 133.313 152.754 112.275 357.22 57.3312 23.3846 24.984
internal_count=13181 12998 12929 486 252 12443 2104 1910 10339 549 434 9790 8755 5128 3627 1315 2312 876 1018 747 2902 484 196 175
is_linear=0
shrinkage=0.01


Tree=327
num_leaves=25
num_cat=0
split_feature=153 105 10 227 210 129 238 83 274 231 127 196 157 91 62 97 77 282 259 10 77 105 153 162
split_gain=5.93802 9.4113 10.7524 13.1219 12.127 9.93475 9.39851 8.65704 8.60633 8.08462 7.99826 8.0803 9.42095 7.75348 13.3949 9.42066 7.73087 6.96173 6.94682 7.30418 7.21332 8.27111 6.93691 6.11839
threshold=0.049443833272216117 0.96109023611504363 1.1135147280970215 0.0081218357822523488 0.13657804459691256 1.9656499227176021 0.048489509191085051 2.879306243594161 6.6106412778742731 0.13127210243618362 0.93714373007140284 0.60061349693251542 0.21279030137786653 22.408502112729263 116.50000000000001 0.51548244202407745 2.9465977251277251 -0.080888680773514215 0.81244779471297701 1.6746890645758956 4.2494478225559265 1.3676644825071913 0.026702317290552589 0.010700912640703547
decision_type=10 10 2 2 2 10 2 10 2 2 10 10 10 2 2 10 10 8 10 2 10 10 10 8
left_child=1 2 5 4 7 6 23 17 -9 13 18 12 16 15 -15 -5 -12 -4 19 -3 21 -21 -18 -1
right_child=-2 10 3 9 -6 -7 -8 8 -10 -11 11 -13 -14 14 -16 -17 22 -19 -20 20 -22 -23 -24 -25
leaf_value=-0.00014206838447202032 -0.0024792405196872101 0.0036344193350616176 0.0028193363759267034 -0.0064434039851346417 0.0043049817391344275 0.0068258886693498789 0.0062569855716808958 -0.0034211971456149909 0.0078242307372074042 -0.0032393320575559818 -0.0034523028038519177 -0.0061171800667264853 -0.0043685789688146549 0.012820136613022344 0.00088288103337099094 0.0053415335460485847 0.0075264331801150278 -0.0040968463033217283 0.0088469282963653216 -0.0039562652115142745 0.0044999318604815163 0.0032592412437693718 -0.0009050164014838592 0.0029569140030684267
leaf_weight=906.27350462600589 82.784492488950491 133.79699034243822 13.400145553052424 11.275303214788439 21.129716288298368 20.573241099715233 22.399236887693405 10.604226142168047 11.344950787723063 19.332587592303753 11.940586119890211 18.81184696406126 21.991443075239658 15.270370818674563 20.905090488493443 10.222909312695263 28.827375866472721 234.31787310168147 14.584531575441359 46.78786962479353 22.913345135748386 20.712198294699192 13.003616794943808 65.653019391000271
leaf_count=6294 833 808 102 104 169 148 154 88 93 156 77 134 168 121 158 74 206 2002 99 350 173 129 107 410
internal_value=9.01831e-05 0.000218614 -0.000145297 -0.00160384 -0.00257327 0.000385292 0.000231954 -0.00315518 0.00258102 0.00200568 0.00171947 -0.000718303 0.000781987 0.00385006 0.00651421 -0.000828507 0.0030198 -0.00369097 0.00268623 0.00217537 -1.7887e-05 -0.00168564 0.00499192 7.42357e-05
internal_weight=1798.86 1716.07 1382.7 367.803 290.797 1014.9 994.326 269.667 21.9492 77.0063 333.37 94.5749 75.763 57.6737 36.1755 21.4982 53.7716 247.718 238.795 224.21 90.4134 67.5001 41.831 971.927
internal_count=13157 12324 10073 3067 2454 7006 6858 2285 181 613 2251 692 558 457 279 178 390 2104 1559 1460 652 479 313 6704
is_linear=0
shrinkage=0.01


Tree=328
num_leaves=25
num_cat=0
split_feature=5 118 73 175 316 87 221 118 34 307 47 190 304 119 239 237 197 185 53 235 116 149 201 323
split_gain=5.7862 7.12686 5.74622 8.52718 8.41174 15.4118 9.10848 8.08294 9.06356 8.02527 7.7711 12.7732 10.2466 8.3195 11.1655 8.8188 7.95793 7.55361 8.78937 10.5245 14.545 8.54519 8.25715 7.43194
threshold=-2.908964877275698 106.50000000000001 315.53479370826329 5.5279390323325774 -0.02550971239271194 3.3481857278022336 -0.097397659140106022 43.500000000000007 0.21616351484772542 -0.011050659676471392 28.500000000000004 87.500000000000014 0.004206994698587708 0.44062539308307441 1.3264003220036897 -0.321439269753306 -0.4730789913720394 0.66199895547721643 23.500000000000004 0.0080375119782077394 0.17898315673559786 0.27837094111172267 0.65635629251700689 380.50000000000006
decision_type=2 2 2 10 2 10 2 2 2 2 2 2 2 10 10 2 10 10 2 2 10 10 2 2
left_child=1 -1 10 -4 5 -5 7 -6 9 -9 11 13 -12 14 -2 -15 -14 22 19 21 -21 -19 -17 -18
right_child=2 -3 3 4 6 -7 -8 8 -10 -11 12 -13 16 15 -16 17 23 18 -20 20 -22 -23 -24 -25
leaf_value=-0.0036910852808528494 0.00038470343165649735 0.0050582780156885098 -0.0013388800491077281 -0.0028201052277923452 0.00049186850667114928 0.007275750109243642 -0.0029875280604589765 0.00028219209233141867 -0.00053678611967809332 0.0064650534985225437 -0.0045148395607896496 0.0073337027033846015 -0.0044527718406544743 -0.0058584155041239098 0.0087845234757011025 5.702028809717038e-05 -0.00080222781702070768 -0.0025220649256308876 -0.0052563353562410228 -0.0032062853103967627 0.01079453373028885 0.0062690899057975162 0.0070666412881402419 0.0083594916726789127
leaf_weight=66.46902322396636 742.15284198522568 8.1431845873594266 103.45146687328815 71.77845212072134 75.275419890880585 16.12517261505127 23.114232212305069 25.941026955842972 29.792974032461643 122.76175030320883 81.615093283355236 21.272908397018909 13.679343335330485 35.034929540008307 13.358120448887346 88.115300230681896 15.895345941185953 121.62079373002052 52.583416566252708 11.090292960405352 14.354599319398401 9.3750221654772741 18.027136489748955 15.496062003076075
leaf_count=708 4962 76 696 476 581 117 171 180 192 822 528 132 91 336 85 725 103 1160 453 115 114 76 137 97
internal_value=0.000100412 -0.00257265 0.00022087 0.00116274 0.00187979 -0.0007872 0.0027295 0.00328147 0.0044262 0.00541863 -0.000131944 0.000133489 -0.00245216 -2.25609e-05 0.000566899 -0.00129143 0.00130813 -0.000732779 -0.00182994 -0.000598707 0.0049473 -0.00176566 0.00140995 0.00400922
internal_weight=1796.52 74.6122 1721.91 468.24 364.789 87.9036 276.885 253.771 178.496 148.703 1253.67 1126.99 126.686 1105.71 755.511 350.201 45.0708 315.167 209.024 156.441 25.4449 130.996 106.142 31.3914
internal_count=13133 784 12349 3235 2539 593 1946 1775 1194 1002 9114 8295 819 8163 5047 3116 291 2780 1918 1465 229 1236 862 200
is_linear=0
shrinkage=0.01


Tree=329
num_leaves=25
num_cat=0
split_feature=121 317 275 317 126 304 270 275 228 158 230 96 99 22 118 150 146 140 71 322 72 298 82 120
split_gain=6.12144 5.96116 6.86461 5.94406 7.22531 7.02536 5.33546 9.40071 9.30934 11.7803 8.46764 8.20546 7.89354 11.5113 8.31196 7.34243 7.21268 8.10364 7.89958 11.984 8.98299 10.6509 7.33283 11.0266
threshold=-2.2749236555014396 0.02902604245069999 0.083596308721227849 0.016272130965285309 0.86379703156164167 -0.011037244240745534 0.09212004730928447 0.092307692307431979 0.25388642770841729 0.27283422459893053 393.50000000000006 0.22052780443661013 0.66616782519403228 1.2556739911584909 117.50000000000001 0.20604537840718748 0.2690691661279897 0.0043497180913459723 1.0828135544336905 2.5000000000000004 -157.14407726133331 -0.0017879851259422811 0.50368499519753807 1.1373875247494587
decision_type=8 2 2 2 8 2 2 2 2 10 2 10 8 10 2 10 10 2 8 2 2 2 10 10
left_child=-1 3 -3 6 5 -5 11 8 -8 10 -10 12 13 15 -14 16 18 -18 19 -2 21 -21 23 -20
right_child=1 2 -4 4 -6 -7 7 -9 9 -11 -12 -13 14 -15 -16 -17 17 -19 22 20 -22 -23 -24 -25
leaf_value=0.0035897647630737843 -0.0053686861373115381 -0.0065668534923454085 0.0010475206505730992 0.0083574145616246362 -0.0022635703020762047 0.0014037472554607445 -0.0042003334101163451 -0.0033166123792798914 -0.0015251878722022047 0.0051365655830923956 0.0064448325345390278 0.0060979594636934595 -0.0025525187987686703 0.0080099625361384399 0.0048909213035873622 0.0065245243665042977 0.0012797248129072509 0.0084914858002326093 0.0026903185743458731 -0.0020677885657118555 -0.0026920801708113294 0.0078267596666049231 -0.00022317821370648278 -0.0064173073476883821
leaf_weight=45.024553120136261 63.867657601833344 26.255027800798416 18.463244803249836 23.244767621159554 20.078697986900806 37.038455694913864 37.402041390538216 125.91807772219181 106.95635456591845 48.838116407394409 12.327172853052614 20.480015203356743 156.81076668202877 16.807057231664658 13.851312980055807 15.695862315595148 87.778563447296619 16.66379003226757 173.39784999191761 17.26424527913332 44.822585552930832 22.282995842397213 636.28372485935688 11.641998529434202
leaf_count=303 488 204 128 152 164 253 270 884 728 334 78 163 1473 103 113 131 510 97 1195 128 354 154 4649 114
internal_value=6.11978e-05 -3.44523e-05 -0.00352699 6.20197e-05 0.00266946 0.00435645 -7.04071e-05 -0.00119759 0.000123342 0.00114495 -0.000562524 0.000218704 0.000110315 0.00042104 -0.00187239 0.000282546 0.000173416 0.00263414 -9.75369e-05 -0.00220016 0.000283561 0.00363437 0.000287005 0.00202357
internal_weight=1799.19 1754.17 44.7183 1709.45 80.3619 60.2832 1629.09 331.442 205.524 168.122 119.284 1297.65 1277.17 1106.51 170.662 1089.7 1074 104.442 969.561 148.237 84.3698 39.5472 821.324 185.04
internal_count=13170 12867 332 12535 569 405 11966 2294 1410 1140 806 9672 9509 7923 1586 7820 7689 607 7082 1124 636 282 5958 1309
is_linear=0
shrinkage=0.01


end of trees

feature_importances:
kirim_naqd_q90=211
amt_min=184
kirim_naqd_mean=137
chiqim_karta_std=104
chiqim_bank_otkazmasi_q50=102
chiqim_bank_otkazmasi_q90=102
cash_share_of_volume=98
chiqim_bank_otkazmasi_mean=91
karta_max=90
chiqim_bank_otkazmasi_std=90
share_is_floor=87
chiqim_karta_q90=81
hist_bank_b10=81
chiqim_karta_q50=68
chiqim_xalqaro_mean=67
naqd_max=66
hist_bank_b4=62
hist_bank_b6=62
hist_karta_b8=60
kirim_naqd_q50=59
karta_expsum=58
kirim_naqd_q10=57
amt_skew=56
kirim_naqd_std=56
chiqim_max=54
bank_otkazmasi_std=52
bank_otkazmasi_max=51
gap_max_h=51
w90_naqd_minus_all=50
z_mean_naqd=49
chiqim_karta_mean=48
w90_max=48
w90_xalqaro_minus_all=47
kirim_bank_otkazmasi_mean=46
kirim_bank_otkazmasi_std=46
last50_mean_minus_all=46
share_is_night=45
chiqim_karta_q10=44
chiqim_bank_otkazmasi_q10=44
chiqim_naqd_std=44
w14_share_in=44
w90_share_xalqaro=44
cash_intl_share=44
hist_bank_b7=43
share_is_naqd=42
naqd_mean=42
kirim_bank_otkazmasi_q90=42
chiqim_naqd_q10=42
naqd_sum=41
hist_bank_b1=41
hist_bank_b5=41
hist_bank_b8=41
chiqim_bank_otkazmasi_n=40
hist_karta_b7=40
hour_mean=40
z_mean_bank_otkazmasi=39
kirim_bank_otkazmasi_q50=39
w60_naqd_minus_all=39
last10_naqd_minus_all=39
hist_karta_b6=38
w3_share_in=38
w14_in_minus_all=38
sig_days_since_2025=38
bank_otkazmasi_mean=37
hist_karta_b3=37
w90_share_in=37
bucket4_mean=36
amt_spike_z=35
w60_xalqaro_minus_all=35
share_is_weekend=34
w1_share_in=34
w30_in_minus_all=34
xalqaro_max=33
share_gap_lt_10m=33
w90_share_naqd=33
w1_naqd_minus_all=33
w1_in_minus_all=33
naqd_std=31
last10_std=31
hist_bank_b3=30
hist_bank_b9=30
w60_in_minus_all=30
chiqim_n=29
karta_std=29
hist_all_b4=29
hist_bank_b0=29
w1_mean_minus_all=29
chiqim_naqd_q90=28
w30_mean_minus_all=28
w3_naqd_minus_all=28
w30_naqd_minus_all=28
w90_in_minus_all=28
amt_max=27
std_tx_per_day=27
w1_max=27
w3_in_minus_all=27
last50_xalqaro_minus_all=27
karta_sum=26
bank_otkazmasi_expsum=26
kirim_xalqaro_mean=26
chiqim_naqd_q50=26
hour_std=26
w30_share_in=26
z_last50_minus_all=26
last10_mean_minus_all=26
hist_karta_b4=25
span_days=25
w3_mean_minus_all=25
w7_share_in=25
z_mean_karta=24
share_in_then_out_1h=24
karta_mean=24
hist_all_b5=24
w60_share_naqd=24
sig_month=24
kirim_sum=23
naqd_expsum=23
xalqaro_std=23
w1_share_bank=23
w14_max=23
w60_max=23
w60_share_xalqaro=23
w90_mean_minus_all=23
bucket1_n=23
net_flow_share=23
w14_naqd_minus_all=23
cnt_is_floor=22
cnt_is_naqd=22
hist_karta_b2=22
w14_share_naqd=22
w30_mean=22
w7_naqd_minus_all=22
w90_share_of_tx=22
amt_std=21
share_passthrough_24h=21
chiqim_expsum=21
bank_otkazmasi_sum=21
xalqaro_mean=21
hist_karta_b5=21
hist_karta_b10=21
w60_share_in=21
w60_mean_minus_all=21
z_last30d_minus_all=21
amount_trend=21
amt_top5_mean=20
chiqim_naqd_n=20
hist_karta_b0=20
w7_mean_minus_all=20
bucket5_mean=20
in_out_count_ratio=20
w7_in_minus_all=20
kirim_std=19
kirim_karta_q90=19
hist_all_b9=19
w7_max=19
w14_mean_minus_all=19
last10_span_h=19
bucket2_n=19
in_out_volume_logratio=19
amt_range=19
w1_share_of_tx=19
last50_naqd_minus_all=19
activity_trend=19
share_is_xalqaro=18
hist_all_b3=18
hist_bank_b2=18
w3_share_bank=18
last10_mean=18
cnt_is_bank_otkazmasi=17
kirim_mean=17
kirim_max=17
chiqim_std=17
kirim_karta_std=17
hist_all_b0=17
w3_max=17
w7_share_bank=17
last50_std=17
share_is_in=16
share_is_big3=16
share_in_then_out_24h=16
share_passthrough_1h=16
chiqim_mean=16
hist_all_b6=16
w30_share_naqd=16
bucket3_n=16
bucket5_n=16
w30_share_of_tx=16
amt_q90=15
z_std=15
z_max=15
kirim_karta_q10=15
chiqim_naqd_mean=15
gap_mean_h=15
gap_std_h=15
w1_mean=15
w1_share_naqd=15
w3_rate_ratio=15
amt_q10=14
z_q90=14
cnt_in_then_out_1h=14
chiqim_sum=14
kirim_karta_mean=14
kirim_bank_otkazmasi_q10=14
w3_share_naqd=14
w60_share_bank=14
bucket4_n=14
bucket1_mean=14
w7_rate_ratio=14
w14_rate_ratio=14
w60_rate_ratio=14
w90_rate_ratio=14
cnt_in_then_out_24h=13
naqd_n=13
kirim_karta_n=13
hist_all_b1=13
w30_share_bank=13
w90_share_bank=13
last50_max=13
w1_xalqaro_minus_all=13
w60_share_of_tx=13
xalqaro_sum=12
hist_all_b8=12
hist_karta_b1=12
gap_median_h=12
tx_per_active_day=12
w30_max=12
last10_max=12
last10_share_in=12
bucket3_mean=12
w30_xalqaro_minus_all=12
z_median=11
share_is_karta=11
share_is_bank_otkazmasi=11
kirim_expsum=11
hist_all_b2=11
hist_all_b10=11
active_days=11
w7_share_naqd=11
w14_n=11
w90_mean=11
w7_xalqaro_minus_all=11
w30_rate_ratio=11
amt_sum=10
amt_q75=10
share_is_big2=10
kirim_karta_q50=10
chiqim_karta_n=10
amt_q25=9
z_mean_xalqaro=9
z_mean_last30d=9
cnt_is_in=9
cnt_is_night=9
hist_karta_b9=9
max_tx_per_day=9
w14_mean=9
w90_n=9
last50_mean=9
card_vs_bank_ratio=9
intl_share_of_volume=9
w3_share_of_tx=9
z_mean_chiqim=8
z_mean_last50=8
cnt_passthrough_24h=8
w3_mean=8
last50_share_naqd=8
bucket0_mean=8
w1_rate_ratio=8
recent_month_vs_prior=8
cnt_is_karta=7
karta_n=7
bank_otkazmasi_n=7
w7_n=7
w7_mean=7
w30_n=7
last50_span_h=7
bucket2_mean=7
w14_share_of_tx=7
z_q10=6
hist_all_b7=6
w14_share_bank=6
w14_xalqaro_minus_all=6
sig_dow=6
amt_n=5
amt_mean=5
amt_median=5
z_mean=5
cnt_is_weekend=5
kirim_n=5
kirim_bank_otkazmasi_n=5
kirim_naqd_n=5
active_day_share=5
w1_n=5
w7_share_xalqaro=5
w30_share_xalqaro=5
w60_n=5
bucket0_n=5
z_mean_kirim=4
cnt_is_big2=4
xalqaro_expsum=4
gap_min_h=4
w3_n=4
w60_mean=4
last50_share_in=4
w3_xalqaro_minus_all=4
w7_share_of_tx=4
last10_xalqaro_minus_all=4
cnt_is_big3=3
kirim_xalqaro_n=3
days_since_first=3
tx_per_day=3
last50_share_xalqaro=3
cnt_passthrough_1h=2
w1_share_xalqaro=2
w14_share_xalqaro=2
n_tx=1
chiqim_xalqaro_n=1
days_since_last=1
w3_share_xalqaro=1

parameters:
[boosting: gbdt]
[objective: binary]
[metric: binary_logloss]
[tree_learner: serial]
[device_type: cpu]
[data_sample_strategy: bagging]
[data: ]
[valid: ]
[num_iterations: 330]
[learning_rate: 0.01]
[num_leaves: 25]
[num_threads: 8]
[seed: 44]
[deterministic: 0]
[force_col_wise: 0]
[force_row_wise: 0]
[histogram_pool_size: -1]
[max_depth: -1]
[min_data_in_leaf: 82]
[min_sum_hessian_in_leaf: 0.001]
[bagging_fraction: 0.940095]
[pos_bagging_fraction: 1]
[neg_bagging_fraction: 1]
[bagging_freq: 1]
[bagging_seed: 21897]
[bagging_by_query: 0]
[feature_fraction: 0.461733]
[feature_fraction_bynode: 1]
[feature_fraction_seed: 12646]
[extra_trees: 0]
[extra_seed: 20733]
[early_stopping_round: 0]
[early_stopping_min_delta: 0]
[first_metric_only: 0]
[max_delta_step: 0]
[lambda_l1: 0.101037]
[lambda_l2: 2.84043]
[linear_lambda: 0]
[min_gain_to_split: 0.0360256]
[drop_rate: 0.1]
[max_drop: 50]
[skip_drop: 0.5]
[xgboost_dart_mode: 0]
[uniform_drop: 0]
[drop_seed: 20829]
[top_rate: 0.2]
[other_rate: 0.1]
[min_data_per_group: 100]
[max_cat_threshold: 32]
[cat_l2: 10]
[cat_smooth: 10]
[max_cat_to_onehot: 4]
[top_k: 20]
[monotone_constraints: ]
[monotone_constraints_method: basic]
[monotone_penalty: 0]
[feature_contri: ]
[forcedsplits_filename: ]
[refit_decay_rate: 0.9]
[cegb_tradeoff: 1]
[cegb_penalty_split: 0]
[cegb_penalty_feature_lazy: ]
[cegb_penalty_feature_coupled: ]
[path_smooth: 0]
[interaction_constraints: ]
[verbosity: -1]
[saved_feature_importance_type: 0]
[use_quantized_grad: 0]
[num_grad_quant_bins: 4]
[quant_train_renew_leaf: 0]
[stochastic_rounding: 1]
[linear_tree: 0]
[max_bin: 255]
[max_bin_by_feature: ]
[min_data_in_bin: 3]
[bin_construct_sample_cnt: 200000]
[data_random_seed: 182]
[is_enable_sparse: 1]
[enable_bundle: 1]
[use_missing: 1]
[zero_as_missing: 0]
[feature_pre_filter: 1]
[pre_partition: 0]
[two_round: 0]
[header: 0]
[label_column: ]
[weight_column: ]
[group_column: ]
[ignore_column: ]
[categorical_feature: ]
[forcedbins_filename: ]
[precise_float_parser: 0]
[parser_config_file: ]
[objective_seed: 3944]
[num_class: 1]
[is_unbalance: 0]
[scale_pos_weight: 1]
[sigmoid: 1]
[boost_from_average: 1]
[reg_sqrt: 0]
[alpha: 0.9]
[fair_c: 1]
[poisson_max_delta_step: 0.7]
[tweedie_variance_power: 1.5]
[lambdarank_truncation_level: 30]
[lambdarank_norm: 1]
[label_gain: ]
[lambdarank_position_bias_regularization: 0]
[eval_at: ]
[multi_error_top_k: 1]
[auc_mu_weights: ]
[num_machines: 1]
[local_listen_port: 12400]
[time_out: 120]
[machine_list_filename: ]
[machines: ]
[gpu_platform_id: -1]
[gpu_device_id: -1]
[gpu_device_id_list: ]
[gpu_use_dp: 0]
[num_gpu: 1]

end of parameters

pandas_categorical:[]
