signal_id,y,oof_lgb,oof_logreg,oof_blend_prob
SG_000002,0,0.20291041658236955,0.6982469059703543,0.28721181838635884
SG_000003,0,0.2561284522824096,0.5812510964668922,0.24587554271181994
SG_000004,0,0.0975645637489488,0.30631368303246226,0.08531172607649883
SG_000005,0,0.19718979324230737,0.5801451763923777,0.2198155104651102
SG_000006,0,0.11482560696324723,0.38991990067671994,0.11411267481945198
SG_000008,0,0.17922479904250757,0.5400925626598612,0.19393442049629858
SG_000012,1,0.2311288551658182,0.5953576487896876,0.24241282236699047
SG_000013,0,0.11150956875702454,0.3576395426999598,0.10385700899791966
SG_000014,0,0.11573832572935146,0.40153920873296284,0.11781128943056382
SG_000015,0,0.10881428984666258,0.31136858787778204,0.09070775468337662
SG_000016,0,0.1937982814381357,0.5770507613055244,0.21681826392687423
SG_000017,0,0.1338799923094974,0.5342972020493925,0.1698922066444863
SG_000019,0,0.2960084859150102,0.6425635114270696,0.2964439879225198
SG_000020,0,0.19459433092505732,0.46670480732200803,0.17118481085583262
SG_000021,1,0.1190778620154833,0.4000001309015376,0.11879023148180376
SG_000022,0,0.2143867388353562,0.6757264356096598,0.279054898465803
SG_000023,0,0.14345246200739883,0.40153610112912624,0.1290967801326397
SG_000025,0,0.08096665468727283,0.33026882221336157,0.08428220310192884
SG_000027,0,0.1339010708350491,0.48830723602173515,0.1533303551768991
SG_000028,0,0.08349504296353522,0.31934815488855506,0.08283413847167358
SG_000029,0,0.23066751692925433,0.5166101536496354,0.20537189615487839
SG_000030,0,0.24224550171082093,0.5998103567513668,0.24952667556306452
SG_000031,1,0.1720006867902509,0.5968911352608065,0.2155619821519144
SG_000035,0,0.1278434959941441,0.4772964940260458,0.14671894127578108
SG_000037,0,0.14764387325481984,0.501044737246155,0.16428053218138505
SG_000038,0,0.1957303425868703,0.4951206435929509,0.1826456439982145
SG_000040,0,0.20669921869968677,0.6068987032968505,0.23720909696819054
SG_000041,0,0.29106686905123885,0.6430964474343795,0.2946647257056063
SG_000042,0,0.2626301177048909,0.5716634997686372,0.24369996473372474
SG_000043,0,0.11197335215093963,0.37206529117386794,0.10796163533127533
SG_000044,0,0.21537079945480095,0.3554472344055834,0.138221863564154
SG_000045,1,0.1984501226925146,0.5112382747214513,0.19024813825347037
SG_000046,0,0.1610375238322612,0.49330397655843256,0.16744715494649529
SG_000047,1,0.22565345691545255,0.6010950969880179,0.2429108683757534
SG_000051,0,0.11300227759904109,0.36118578410236624,0.10541004581428066
SG_000052,0,0.24217852542267235,0.6618688219814759,0.2841673774185755
SG_000056,1,0.1939739816709802,0.6796199051388673,0.27080787548928165
SG_000057,0,0.12255039081407042,0.26154773784853613,0.08238211186293336
SG_000060,0,0.10256180845679536,0.3302633882520823,0.09318128584385589
SG_000063,1,0.1503235724195435,0.4575059403359235,0.150104806442222
SG_000064,0,0.11090778609517181,0.4744642957640364,0.13747530006198352
SG_000065,1,0.10906160212499794,0.3978461016452275,0.11386151756370126
SG_000066,0,0.12989055643135758,0.47907177980644683,0.14828420452504548
SG_000067,0,0.10441605077163602,0.3470244775516615,0.09821718849193489
SG_000068,1,0.2177106207020175,0.5970887431408496,0.2373320993252618
SG_000069,0,0.13086913543602288,0.4451537832087739,0.13762152742973252
SG_000070,0,0.15544623041427139,0.5692713552715931,0.19490175315146088
SG_000071,0,0.17412133937494811,0.5956975506736482,0.21606602624552193
SG_000074,0,0.17454919733647212,0.6925168617029912,0.2678650567285172
SG_000076,0,0.15155863066011632,0.4735150041353057,0.15617916632798556
SG_000077,0,0.21420887133881036,0.6090527014437035,0.24178807382825498
SG_000078,1,0.235764899800341,0.5900775239389608,0.24175819890699346
SG_000079,0,0.13174954182070292,0.45391975228895204,0.1408344123433511
SG_000082,0,0.2671456401679002,0.7398364801376516,0.3497908723407873
SG_000084,0,0.15338332669766885,0.4441908211987403,0.14685750175503243
SG_000085,0,0.29939090659236484,0.6454815773642343,0.29964657434643566
SG_000088,0,0.08897120684359795,0.30081311987323206,0.08071972699488199
SG_000089,0,0.10156376139185654,0.3746076596594306,0.10426086442242784
SG_000090,0,0.09987049417471938,0.4347983646113822,0.12000369618624253
SG_000091,0,0.15367906124850003,0.500950227818513,0.16700558284400582
SG_000093,0,0.1577809118649801,0.4809479127996969,0.1615165985159961
SG_000094,0,0.1049481980893668,0.25523509778456765,0.07541372312916973
SG_000095,0,0.27374329703184036,0.5466075359531354,0.23575581873946935
SG_000096,0,0.2560149188822125,0.67356791185853,0.29785860159198024
SG_000097,0,0.12220435384954263,0.5190640763862029,0.1582505920185485
SG_000098,0,0.13576328299526866,0.5231863222505234,0.16670101285459768
SG_000101,0,0.2462283199117994,0.6574959951907758,0.2834244604130259
SG_000102,0,0.23195941844997622,0.6706036541356263,0.2846117595169466
SG_000103,0,0.1255171730629774,0.45904606387331137,0.13965128516335784
SG_000104,0,0.12617003082200187,0.4090937108785076,0.12445150671739971
SG_000108,0,0.125020283042894,0.23941362939082383,0.07733199693754637
SG_000109,0,0.11947332928040659,0.38577243712118975,0.11486466641259686
SG_000110,0,0.1051808382390353,0.4267458330879504,0.12027990197089745
SG_000111,1,0.2640971968455827,0.5833244394256601,0.25020170505170736
SG_000112,0,0.1291823130073935,0.41516576325507437,0.12754650538988052
SG_000113,0,0.11933313219071963,0.31546675618667935,0.0954983197798251
SG_000114,0,0.1627048446774442,0.46290242073460675,0.15714564595044217
SG_000115,0,0.13468875413939943,0.44715749660116116,0.1399441173266059
SG_000116,0,0.2137358803082835,0.5154969152331064,0.1982123675955395
SG_000117,0,0.20686352302762423,0.5461337665820982,0.2086225943621174
SG_000119,0,0.17301971279796216,0.4634318375285536,0.16152348134905523
SG_000121,0,0.3221977828075826,0.6956734511209313,0.3423870393003989
SG_000122,1,0.27391890377857314,0.5953853128811849,0.26051958799928354
SG_000123,0,0.1665216724778634,0.5032692854662388,0.1735915603645144
SG_000124,1,0.30990687041831105,0.6849807809285675,0.3296008317583438
SG_000126,0,0.126696310935878,0.4021729177150342,0.1226044979126526
SG_000127,0,0.11044324887028889,0.3944308853070243,0.11350871869693965
SG_000128,0,0.12981601336926002,0.4833377266305577,0.14968860769638392
SG_000130,0,0.16492604789771317,0.3862411444901312,0.13218860283207545
SG_000131,1,0.12213144560690938,0.3992409828132919,0.11985015564735184
SG_000132,0,0.11843016702536018,0.4104619369009913,0.12156325620665458
SG_000133,0,0.17650975795571813,0.4762639293820792,0.1676389256244356
SG_000134,0,0.11293870814694112,0.4395860702552978,0.12772634211113668
SG_000135,0,0.3143351668230787,0.7048952835804326,0.3455142588058603
SG_000136,0,0.16912794828725097,0.34310786696878237,0.11996212340449407
SG_000138,0,0.31056224798128035,0.6085847993973063,0.28260409628023725
SG_000139,1,0.2001476540348761,0.3877010398230499,0.1446159701281049
SG_000140,0,0.11404643393391282,0.4878866957201545,0.1433948080301015
SG_000141,0,0.27131358459382277,0.6324683879243139,0.2799324095469485
SG_000142,0,0.1122865222396356,0.3230457144468398,0.09498428846007632
SG_000143,0,0.25079195000643484,0.6195008411053825,0.263731704832597
SG_000144,0,0.13260744509123223,0.4790881792613807,0.14956832288306895
SG_000145,0,0.12598115695761444,0.48923989098958026,0.14983444163707654
SG_000148,1,0.1392232964597034,0.3277592136148007,0.10565663873937935
SG_000150,0,0.20558359596298711,0.6328013978445102,0.2501422875738808
SG_000151,0,0.10298484102029833,0.3355856320070761,0.09470216170469731
SG_000152,1,0.1910178616664819,0.5792490800506801,0.2165491870600911
SG_000154,1,0.18334188733214854,0.6007288896467073,0.22300644595709732
SG_000155,0,0.19177004894551378,0.4934388994716534,0.18038680831569018
SG_000156,1,0.1360968490205627,0.4734134601814719,0.14926119214550934
SG_000157,1,0.2983852942353584,0.6012478631724589,0.27362091820449896
SG_000158,1,0.12123149419721545,0.3554899742430112,0.10704707330722642
SG_000159,0,0.24722179328556915,0.5713758058445334,0.23728320722625973
SG_000160,0,0.1113592111840858,0.5762693189111814,0.1733299062863932
SG_000162,1,0.24529876564293293,0.556932728566087,0.22951405482224993
SG_000164,0,0.15291259740296262,0.47805685981863094,0.15837176754283894
SG_000166,0,0.1488358603788189,0.5585980634965032,0.18709293410102443
SG_000167,0,0.21762818028367056,0.5558789376164387,0.21758278598397035
SG_000168,0,0.1298641281407915,0.48742322646539354,0.15110050802319044
SG_000169,0,0.3022130960610874,0.6810816201349947,0.32359563907042777
SG_000170,0,0.17166624565455324,0.46307304203390565,0.160850702441423
SG_000171,0,0.11136689667178883,0.4674730622207641,0.13550938757609943
SG_000172,1,0.09847149085659436,0.2536590544950605,0.07297268283379078
SG_000174,0,0.13958370835488235,0.4984089010073467,0.15956410397392767
SG_000175,0,0.19843033164754662,0.5484366934866783,0.2060062572337817
SG_000176,0,0.09306472592333827,0.3187755392922212,0.08660434437418557
SG_000177,0,0.10299824949922541,0.38685374734424993,0.10816533920547128
SG_000180,1,0.14449246145355962,0.45525817314229894,0.14685992579360035
SG_000181,1,0.17348789165313408,0.4550146935264741,0.1586806743145773
SG_000182,1,0.2843245606447549,0.6329849304223066,0.2858017481639429
SG_000183,0,0.12563476424131628,0.394283600332252,0.11983968874500682
SG_000184,0,0.13689006527086592,0.433113353182388,0.13637961939566096
SG_000185,0,0.26158604647516764,0.5757749259285947,0.2453416052433211
SG_000186,1,0.0970888972071539,0.3596043596958616,0.09842477121090933
SG_000188,0,0.25428973775737607,0.6213716527445771,0.26628800050220724
SG_000189,0,0.1701745744587367,0.4282026961110311,0.14802054999728823
SG_000190,0,0.174301398521119,0.6155768664403485,0.22567620420068477
SG_000191,0,0.19101052602471316,0.5234002365025509,0.1921475485708347
SG_000194,0,0.13343651199606354,0.4146444870266342,0.12915339139003462
SG_000197,0,0.08685413771195132,0.4023784666783996,0.10469120447666629
SG_000198,0,0.1837001135242983,0.5586001623598064,0.20388272688634698
SG_000199,1,0.11276361813807682,0.4067041919220364,0.11799943719017789
SG_000200,0,0.27055534386561525,0.5563008462934985,0.23923823948601727
SG_000202,0,0.22556630790887186,0.5754793803298403,0.23017921505838862
SG_000204,1,0.20588362189434103,0.5842331276165988,0.22570947168381839
SG_000206,0,0.23262526517504115,0.5775428028569105,0.23419722716777483
SG_000208,0,0.16174153218488974,0.48024302995075574,0.16295930670347586
SG_000209,0,0.13250477054934257,0.4803236969939677,0.14993906186950828
SG_000210,0,0.21023684667069997,0.5585197556762159,0.21563208550654422
SG_000212,0,0.29146402971380964,0.689013837090528,0.3241714541037209
SG_000213,0,0.15023883799273471,0.498712383141031,0.16461950732715497
SG_000215,0,0.14130130937797572,0.4093837348592107,0.13069905833242323
SG_000216,0,0.10879457803379305,0.33218634381246226,0.0960677851289251
SG_000220,0,0.08343119076336963,0.22766223977841385,0.06217082672240452
SG_000221,0,0.09379740699266866,0.2931025351636541,0.0807246850312553
SG_000222,0,0.13004652319537466,0.41851617161121796,0.12893303947495627
SG_000223,1,0.19998026510947595,0.5476484976390786,0.20633335148612417
SG_000224,1,0.25621581975218843,0.5619692180236111,0.23633585012479688
SG_000225,1,0.23869529945523174,0.6114941151248469,0.25410149398229703
SG_000226,0,0.15533628719019038,0.40018291292486274,0.13318293842559342
SG_000228,0,0.3086852676514941,0.6909289389458604,0.33314433920015557
SG_000230,1,0.14678506213037187,0.47379933603213525,0.15419091166135196
SG_000231,0,0.1152100956783636,0.41164550007856165,0.12050318557863089
SG_000233,0,0.10486699371653972,0.3393584018266107,0.09641078420646232
SG_000234,0,0.12064201960776927,0.32365763771012124,0.09814629046219453
SG_000235,0,0.1199373069090141,0.5118876093835953,0.15454138123711586
SG_000236,0,0.0744148607130471,0.16457518532611518,0.04591022451280723
SG_000237,0,0.13918120390928243,0.3812428846644742,0.12126594288555236
SG_000238,0,0.26405910358385637,0.6051487286594768,0.26164085237664575
SG_000239,0,0.10439321553497455,0.3769731665894369,0.10611218694263988
SG_000241,0,0.14679851871080285,0.5070462390453134,0.16608754791827682
SG_000243,1,0.2151556790400396,0.4695888500263208,0.1800388393114389
SG_000245,0,0.24710011653187614,0.6568500289739266,0.2834408650156223
SG_000247,0,0.13221224694923447,0.4347413235476143,0.13490197073498159
SG_000248,0,0.27051569097280687,0.606106932242463,0.264864975522444
SG_000249,0,0.2669837132384325,0.5235625015210399,0.22232449170560295
SG_000251,0,0.12561481486589157,0.3657759115378713,0.1116036394926797
SG_000252,0,0.10893066714534587,0.3649058093702655,0.10477209157545452
SG_000254,0,0.19294369081669846,0.5145936636093043,0.18934307090014418
SG_000255,0,0.17692264472028083,0.5156064969698225,0.1829317336016092
SG_000256,1,0.24447131902220698,0.6105192944836801,0.2561197652485868
SG_000257,0,0.13886107603147513,0.43144683785291943,0.1366751891007442
SG_000258,0,0.12167355994058264,0.42291250202903163,0.1266767883544511
SG_000259,1,0.08251809694178346,0.23651480723759435,0.0638194912475302
SG_000260,0,0.2546873393693121,0.6051396637912301,0.2576654219584473
SG_000261,0,0.12408701675531138,0.45142392731889125,0.13656026858353912
SG_000263,1,0.15505255888664793,0.40728841079021816,0.13535654469647526
SG_000264,0,0.09492010557655871,0.2765155668895557,0.07719331950604039
SG_000265,0,0.16711518669612568,0.46267894046690483,0.15887000122171616
SG_000266,0,0.11205942259590074,0.4764178052208626,0.1386805863760529
SG_000267,0,0.1702392331845111,0.48541132550100224,0.16845369543312955
SG_000268,0,0.22623917420702333,0.49906555825637305,0.19618011433258145
SG_000272,0,0.09527387966135487,0.36392865859224793,0.09874532228901006
SG_000273,0,0.12142024693615931,0.3537653879122223,0.10664072943373953
SG_000274,0,0.07464502223074602,0.10278725036508601,0.032518483489682705
SG_000275,1,0.22722582828375607,0.5452521979728178,0.2167250236616919
SG_000276,0,0.15754542054259413,0.43650099707606277,0.14594323997376282
SG_000277,0,0.16182803034082324,0.44269925792134673,0.14975203461268607
SG_000278,0,0.09721394972892468,0.36521767159077095,0.09992095433459136
SG_000279,0,0.08841697509437214,0.26232899611662025,0.07161849542571556
SG_000280,0,0.15968221124596074,0.4761409624953497,0.1606013137278106
SG_000281,0,0.13075121145755272,0.4357441968529008,0.13458658249154187
SG_000282,0,0.15725708856301568,0.46807394688399506,0.1567024490593014
SG_000283,1,0.3533313682490477,0.6195461444990504,0.30595302432033117
SG_000285,0,0.2169624394857883,0.5213725508345829,0.20200973767365582
SG_000288,0,0.15967591763257474,0.46304405963261686,0.15594337479021017
SG_000289,0,0.1398497323436569,0.468240892817447,0.14920557091849435
SG_000292,0,0.25429237359421547,0.5481164435584819,0.22891709898930804
SG_000293,0,0.14171623304810357,0.37066717365052143,0.11903877565693265
SG_000294,0,0.1366341741272389,0.36262607767489624,0.11480865425353957
SG_000295,0,0.19215897912424162,0.5593571137704009,0.20805447753017733
SG_000296,0,0.36989303037047955,0.6106192982565446,0.30708347502912187
SG_000297,0,0.1466328350249384,0.5415644807463301,0.17914343048127865
SG_000298,0,0.20265901884532989,0.4785704232885743,0.17884919170863475
SG_000299,0,0.32865932803714815,0.697894503784498,0.34677913047304315
SG_000300,1,0.15609641169973018,0.3807668845387955,0.1273184877293712
SG_000303,0,0.36226756112368347,0.6770277807902655,0.3464170272951313
SG_000305,0,0.2391738158663388,0.5394984321028751,0.21892046143932803
SG_000307,0,0.23079767575295185,0.6222518339707872,0.2563135097143127
SG_000308,0,0.24839495213132637,0.5065104497241129,0.20772403843954845
SG_000310,1,0.27819781313453473,0.5464482723424621,0.2373832591248806
SG_000311,0,0.12901622055177628,0.5188474028668012,0.16170215947547065
SG_000312,0,0.18877241305200834,0.57438554138575,0.21327251922770918
SG_000313,0,0.10134911097113695,0.4560062935440873,0.12692643416130253
SG_000315,0,0.16122355646160827,0.4607259130288567,0.1557678274471266
SG_000316,0,0.11546103359281583,0.39217015487312096,0.11501753795083454
SG_000317,0,0.1301257836267075,0.391397051438887,0.12079294412954363
SG_000318,0,0.15211481742570443,0.4062852879254444,0.13391998229212326
SG_000322,1,0.13926479263959515,0.48585689807673105,0.15499149958644146
SG_000323,1,0.19340750529273612,0.5551874757600892,0.20676651246016137
SG_000324,0,0.19913456546265138,0.5233252948891358,0.19553953905397667
SG_000326,1,0.20022217142266108,0.5258699686892481,0.19706387936680414
SG_000327,0,0.1313352081178678,0.5229392156018183,0.16437209407671122
SG_000330,0,0.11636405482347063,0.37449356298842074,0.11042044536726658
SG_000331,0,0.19305255259020013,0.5760454318840704,0.21601104410581592
SG_000332,0,0.14063957332050236,0.4724470587411098,0.1509907125645986
SG_000336,1,0.2953092575736708,0.6007587902377537,0.27211412630266235
SG_000337,0,0.13277452585961852,0.4844691975594534,0.15147834052959586
SG_000338,0,0.12179512987728554,0.32351771289019515,0.09851493404087024
SG_000340,1,0.11683172351169213,0.37601028971331274,0.11103306362868176
SG_000342,0,0.17537312598528662,0.5547879268226595,0.1983875657107582
SG_000343,0,0.21155755592530143,0.5106719187599458,0.19531336443827652
SG_000344,0,0.117772530226966,0.4244844729304146,0.1254216968378473
SG_000346,0,0.12142978545461607,0.4269439666059296,0.12778692132126915
SG_000348,0,0.21060622957711014,0.5877162542078341,0.22951867240863777
SG_000352,0,0.2762980109087414,0.5973764450423551,0.26255672247572603
SG_000353,1,0.22563081194843948,0.629876805915615,0.25807610957880994
SG_000354,0,0.12043085051773235,0.32117150432903496,0.0974047458609009
SG_000355,0,0.21742381047414414,0.487190567552202,0.18792684969546217
SG_000356,0,0.12272143493959449,0.37209242131145753,0.1122762461525607
SG_000358,0,0.17972010948007067,0.5077765890893985,0.18103480007072878
SG_000359,0,0.14667792652628786,0.4904710374787637,0.16001905978688877
SG_000361,0,0.29329634673276783,0.679649220165355,0.3187053246943869
SG_000362,0,0.18847576709090955,0.5239844870904962,0.1913071007923537
SG_000363,0,0.26072200260359973,0.6331032626727987,0.2756888142037617
SG_000364,0,0.12511308898289478,0.4631398833523807,0.14078306481121747
SG_000365,1,0.09910349145615953,0.24214016942799854,0.07043962217715367
SG_000367,0,0.12073277251988557,0.3882058495977619,0.11607623096441387
SG_000369,0,0.11184325091274923,0.45402523923851346,0.131582678454413
SG_000371,1,0.1595047374658806,0.5138760686631012,0.17451586351133436
SG_000372,0,0.08038045147024205,0.32733410951401226,0.08334665284471923
SG_000373,1,0.1459926671211966,0.5057932744249688,0.16524974430477563
SG_000374,1,0.24728348340587858,0.6469617372646281,0.27767979477436283
SG_000375,0,0.11547722049678145,0.4392267435308879,0.12880579250780652
SG_000376,0,0.17621837580012542,0.5540753106135744,0.19847546997605775
SG_000377,1,0.13202360596478355,0.4096989983617781,0.12705790361785183
SG_000379,0,0.14928668041674445,0.5279011296705599,0.17512261142639868
SG_000380,0,0.07412172445880376,0.24409478101789572,0.06253572499217672
SG_000381,0,0.12647566539482194,0.4585460642478805,0.13993346813212218
SG_000382,0,0.12316947853467108,0.44763343691791124,0.13494531507742183
SG_000383,0,0.22221083950898335,0.5074907956882767,0.1981736353845194
SG_000384,0,0.3122301480170871,0.6701007882030435,0.3206756094482031
SG_000385,0,0.27025772872045617,0.5852549276233301,0.25370777739275246
SG_000387,0,0.10689858701025758,0.5171171042726785,0.14925539129825902
SG_000388,0,0.1407015638376541,0.5497081202946688,0.1793519612625343
SG_000389,0,0.1349146360986928,0.45382885133161593,0.14221367387267597
SG_000390,0,0.1558479487680856,0.431438587669899,0.1435743817989115
SG_000391,0,0.1188320232803703,0.4736579707472769,0.14117529456896094
SG_000392,0,0.15623231704631382,0.5275965969867563,0.17831027303946992
SG_000393,0,0.18426540236192057,0.5346014797335242,0.19388305520902854
SG_000396,0,0.21222118970652912,0.5494072887082507,0.2123577350458037
SG_000399,1,0.09152620361575381,0.28228626931636075,0.07733943294487991
SG_000400,0,0.13178278944363175,0.3906131081689144,0.12121585806536757
SG_000403,0,0.2320932774499637,0.5486916606813014,0.22028913561718455
SG_000404,0,0.24641085887462463,0.6093693184445845,0.2563525381942198
SG_000405,1,0.12934071316457682,0.3599760902304773,0.11135708094976877
SG_000406,0,0.16655717787887656,0.45011726286174514,0.15420304731418058
SG_000407,0,0.10687315826817717,0.5071180852512366,0.145895597356415
SG_000408,1,0.23014942378751405,0.5912478601604912,0.23991378777230807
SG_000409,0,0.20689234912167306,0.5674872964805185,0.21829001561324302
SG_000410,0,0.3200978918410924,0.6707525468165927,0.32447053981485857
SG_000411,1,0.08358139550360687,0.24424124396533523,0.06588331092316885
SG_000412,0,0.07419253063737229,0.25610923409604136,0.06510540430482922
SG_000413,0,0.14586800601863406,0.4987428476379452,0.16262289715258432
SG_000416,0,0.20717472673390558,0.48136221657712436,0.18168148651728155
SG_000417,0,0.13588504010756447,0.4093520932928186,0.1285223308569551
SG_000418,0,0.12767519293309923,0.45387184334375874,0.1389801999564196
SG_000421,1,0.2122134113255015,0.5499075899169857,0.2125791856629023
SG_000423,0,0.1325905428668818,0.37131490793339766,0.11584536715688024
SG_000424,0,0.21707227607045498,0.3703235806739503,0.14391802729988742
SG_000426,0,0.09110925713641789,0.23709881674892744,0.06675179068562764
SG_000427,0,0.09083001314168569,0.3223707691360519,0.08657572302159755
SG_000428,0,0.1730020323085852,0.5004821313374789,0.17532818085979415
SG_000429,0,0.11434380515799207,0.4068713788526005,0.11874105156075014
SG_000432,0,0.22144618427175408,0.5516693655109228,0.21726165742878112
SG_000433,0,0.10185823747104387,0.3464853371034947,0.09704646235613698
SG_000434,1,0.2902881165987773,0.8317546768278186,0.4492494052737627
SG_000437,0,0.2696970165503398,0.5764228925975259,0.24894496711289704
SG_000438,0,0.12873149694335273,0.42004912420363333,0.12884791698457113
SG_000439,0,0.22661849685218227,0.5430970538633544,0.21549858446362866
SG_000441,0,0.10910043342304644,0.37851876836975945,0.10853329204180763
SG_000442,0,0.20461884754102266,0.5198313930595891,0.1963439297722041
SG_000443,0,0.18748913609255524,0.5900141505338872,0.21991436334120068
SG_000445,0,0.21658446765236727,0.6497912389187515,0.2648731134142738
SG_000446,0,0.12198669460122002,0.4486241065238025,0.1347127587823659
SG_000447,0,0.0975827763288672,0.32772636754096307,0.09059074847754842
SG_000448,1,0.09482826355984673,0.28965502436247403,0.08028151898868788
SG_000449,0,0.17993542994516018,0.5054794864072216,0.18022237699970617
SG_000451,1,0.3632509753404791,0.7582623143570699,0.4097043815794031
SG_000453,0,0.12848263516865377,0.2338237826914188,0.07681110708345978
SG_000455,0,0.10238372362770193,0.3199718747490534,0.09051294471693518
SG_000456,1,0.2708337390477262,0.6113569523735449,0.2678607940714361
SG_000457,0,0.23642672224874575,0.5195432875893007,0.2088909880684204
SG_000458,1,0.3009356463053938,0.6138691100950993,0.2817083929077425
SG_000459,0,0.23607769928150749,0.5919267468096779,0.24282643561013428
SG_000461,0,0.09123056080679742,0.2754373134153625,0.07563420678634554
SG_000463,0,0.2319436300657337,0.5321881031710101,0.2127377599162027
SG_000464,0,0.24837441126447327,0.5244800175534372,0.2156958801759442
SG_000465,0,0.0870692196350385,0.38047954246988674,0.09920295247872332
SG_000466,1,0.10168188220577738,0.39420186555676634,0.10956724939992228
SG_000467,0,0.13717145833699096,0.45078723205226345,0.14220993782527697
SG_000468,1,0.13914849458894799,0.551380357766481,0.17920890094700695
SG_000469,0,0.2680679599019152,0.563880974460895,0.2419962446184249
SG_000470,1,0.1272702918408647,0.5024570369184752,0.15501114086464704
SG_000472,0,0.08505664273887503,0.4285107884513553,0.11063121483582253
SG_000473,0,0.10482782396963645,0.4738389597216865,0.13413992835318433
SG_000477,0,0.15517895517096178,0.45659171731255166,0.15182690472038965
SG_000478,0,0.11671426975433552,0.4441538962539626,0.130882609233502
SG_000479,0,0.11681341085066262,0.38535049372396885,0.11365101049156433
SG_000481,0,0.2149357221907501,0.4728560185841856,0.18124692568632397
SG_000483,0,0.24533114171018436,0.5513456538025621,0.22688031378353177
SG_000485,0,0.10022749019507259,0.3843468378757855,0.10626227020974352
SG_000486,0,0.16193387675568058,0.4775446383219415,0.16206301548089985
SG_000489,0,0.2991700269756319,0.5487245128530329,0.24643410036158345
SG_000490,0,0.12192069359432323,0.4682281495178834,0.14091685257025904
SG_000491,0,0.1567219565469906,0.5117250918334979,0.17242656442381965
SG_000492,0,0.15912129355672264,0.5303205489419086,0.18073680364101324
SG_000493,0,0.08466570978995103,0.27284983360592135,0.07266174980837484
SG_000495,0,0.11224417071098404,0.49677942070667,0.1453764946332981
SG_000499,0,0.3178249487042202,0.6587765080900813,0.3157337363042039
SG_000500,0,0.18500364819594153,0.5031458195722133,0.1814340999162041
SG_000502,0,0.2906446391959396,0.5299762716242793,0.23411241570120328
SG_000503,0,0.15912683457709237,0.4550170812689895,0.15291176846630666
SG_000504,0,0.19642253061498738,0.5062591272483684,0.18739053287052704
SG_000505,1,0.29761843193285836,0.5861653032575679,0.2651371697857024
SG_000507,0,0.13527487135324892,0.458957048934159,0.14405849879464705
SG_000508,0,0.12289262319408427,0.3591592950666761,0.10870049552307735
SG_000509,1,0.184778475770679,0.560658386708822,0.20528018394544045
SG_000510,0,0.09955668626573343,0.3772437363867817,0.10408099869617968
SG_000512,0,0.15791486559580403,0.5574065833650768,0.19114080765765998
SG_000514,0,0.23373359163919827,0.5993125011794673,0.24556852443038044
SG_000515,1,0.27076798344846637,0.6015893205624937,0.26253323939117035
SG_000516,0,0.14546655188948457,0.4728088904679661,0.15326540734275046
SG_000517,0,0.11042051370086764,0.41050786496021274,0.11804676524354958
SG_000518,0,0.08671140815361922,0.2693303875598615,0.07260907630022538
SG_000519,0,0.16196792970739252,0.5768625695485041,0.2014642390242145
SG_000520,0,0.10146468005121938,0.4747636012548358,0.13264549075603235
SG_000521,0,0.12145190995815545,0.4071194064184633,0.1218763474499004
SG_000522,0,0.12972748187310087,0.3700949881962598,0.1144077698186149
SG_000523,0,0.268056235135242,0.6092678159781044,0.26555085509951726
SG_000525,0,0.2200365528000328,0.6295975321797195,0.2553148031751218
SG_000528,1,0.15469627979539557,0.48483475551068317,0.16157594401892852
SG_000529,0,0.28021489414400946,0.6700275812416763,0.30662403235412905
SG_000531,0,0.1075702058300508,0.4497776641564087,0.1282012935552961
SG_000532,0,0.09829362579510932,0.38335500347947166,0.10513325546250005
SG_000533,1,0.20639779627316515,0.5464537846245516,0.2085656957275318
SG_000534,1,0.16228992850640045,0.4787654488706044,0.1626561236595868
SG_000537,1,0.2678958940669109,0.6261455632705365,0.2748491748447462
SG_000538,0,0.16920108390595143,0.490946588207986,0.17008534172304235
SG_000539,0,0.10417203210610315,0.3688935803274541,0.10386055481005511
SG_000540,0,0.16732450873991425,0.5003592099632803,0.17283374199595267
SG_000541,0,0.10629949041399371,0.46619330489051697,0.13254528299557478
SG_000542,1,0.17961583725207153,0.5128452068172028,0.18299709400282946
SG_000543,1,0.3062000225456196,0.6606497813458103,0.3119902958839031
SG_000544,0,0.10564780083365836,0.2684356347626433,0.07886873986484241
SG_000545,0,0.2618739273236666,0.6491623110334886,0.285563104057919
SG_000546,0,0.17713089063632756,0.5048221848698765,0.1787726902968879
SG_000547,1,0.10652561672052063,0.35905854484757505,0.1022280967530995
SG_000548,0,0.09915047358899076,0.2901226608436605,0.08195147050634174
SG_000549,0,0.17781259540090688,0.5013351396514961,0.1777045273151338
SG_000550,0,0.12586856135930954,0.17092956077249255,0.05968685958446735
SG_000552,0,0.11548239896271402,0.40776324673771996,0.11949595998778464
SG_000553,0,0.21230615617798343,0.565366920353781,0.21967490429845712
SG_000554,0,0.15345834147362025,0.361416986616398,0.1204130358182179
SG_000555,0,0.11842244107770077,0.3913340923367483,0.1160197962469339
SG_000556,0,0.1629373215214305,0.4932001697620662,0.16823613644508978
SG_000557,0,0.1571942479302784,0.5113793528596137,0.1725109843087412
SG_000558,1,0.20413740971581648,0.6108974290583571,0.23802688930233834
SG_000559,0,0.2854142521935742,0.6440253985429223,0.29280316343250573
SG_000560,0,0.11337941178439105,0.35088941668290136,0.10277515762285143
SG_000562,0,0.16478194518342973,0.44869727249974745,0.1530003542101165
SG_000564,0,0.09896412217589208,0.3483757536157759,0.0963456233183826
SG_000565,0,0.10737382469961587,0.38572550304832115,0.10976935963620442
SG_000566,0,0.24143629271510125,0.5785022946774442,0.23839137854879577
SG_000568,0,0.08890708110204308,0.1612016746722413,0.048869311503065484
SG_000569,0,0.14052429062942148,0.3606872324631589,0.11564621403172008
SG_000570,0,0.12098285159559619,0.43766853903580094,0.13085684492671745
SG_000571,0,0.14493016443276754,0.39931083418889773,0.1289742791496186
SG_000573,1,0.3107477154615861,0.7010461961908838,0.3411586439542092
SG_000574,0,0.10543734180438281,0.4326224232223403,0.12209993165392655
SG_000575,0,0.10780391981801096,0.3981504206698517,0.1133918324877474
SG_000576,0,0.2116857088130296,0.5161277456846242,0.19765604402441472
SG_000577,0,0.1304127413310626,0.4102237064131088,0.12655513744393063
SG_000578,0,0.10864885136141052,0.4268253897428906,0.1219396865877456
SG_000579,0,0.13101461265743006,0.3837040074363351,0.11887072149091732
SG_000581,0,0.23819211132058962,0.5760556136209843,0.23582336590902775
SG_000582,0,0.11724751049098736,0.417340380234174,0.1230691295837502
SG_000584,0,0.23023839406809343,0.707787630808069,0.3078191822556842
SG_000586,0,0.1512868694284899,0.4978983416196093,0.16479855961214576
SG_000587,0,0.25738467822800226,0.582645415989502,0.24710055336983447
SG_000589,0,0.13286224162831473,0.5426463218296659,0.17253131648583514
SG_000590,0,0.3385922837534818,0.6758634402653386,0.33572453197770175
SG_000592,1,0.2196395416536205,0.6131888778559176,0.24641958691695998
SG_000595,0,0.11191555668389465,0.33279569830244515,0.09740319482023695
SG_000596,0,0.11011356104646541,0.39294719536267003,0.11295112242310201
SG_000597,0,0.22507263640779454,0.6363541302583681,0.26137897171537877
SG_000599,0,0.17862019030709142,0.5126263311214202,0.1824820124659829
SG_000600,0,0.20696480012617322,0.5286119544950315,0.20103620442825892
SG_000601,0,0.13477051413461394,0.501724135887585,0.15844023008825114
SG_000602,0,0.16852286638586625,0.49033764041528544,0.16956861560342107
SG_000604,0,0.14554865202097844,0.5103599964780126,0.1667217268350191
SG_000605,0,0.1885223160590569,0.5762223856692769,0.21399562686744605
SG_000606,0,0.10336405051030706,0.3514878284818619,0.09895184963923331
SG_000607,0,0.19469407428826335,0.5819851553064607,0.21952698777586863
SG_000608,0,0.3547716689918698,0.6129218662173008,0.30257682792970714
SG_000609,1,0.22137609206156114,0.6043814780939009,0.24266952526217614
SG_000611,0,0.09217588052034813,0.27560970430632387,0.07601110838243923
SG_000612,0,0.15251099719634517,0.4479747626395641,0.14777781385629885
SG_000613,0,0.1888627389315746,0.42937404289486975,0.1553451244143703
SG_000618,0,0.12462531841512797,0.2583729378557471,0.08216639300350918
SG_000620,0,0.12380853922029837,0.4696289247378982,0.1422725877827109
SG_000622,0,0.08424972592835088,0.30060894480417916,0.07881730100388584
SG_000623,0,0.1026046090471675,0.3089216769342022,0.0878286945689394
SG_000624,0,0.11146081519859447,0.2920472919796921,0.08670453678971156
SG_000625,0,0.23449683851694494,0.582844523494946,0.23760242733927964
SG_000626,0,0.14576663858334218,0.5052375713628636,0.16494024861369158
SG_000627,0,0.15254225120471823,0.5157020623932881,0.17200499032164193
SG_000628,0,0.16618794330511621,0.551695733936119,0.19275909141497735
SG_000630,0,0.21103614895535291,0.5720451450188486,0.22223488593291624
SG_000631,0,0.1372416925895381,0.4939274433322602,0.15687013068424788
SG_000632,0,0.09873321704306098,0.4363487036648626,0.11987783768596795
SG_000635,0,0.10589123844238733,0.3854119353967787,0.10904167209890273
SG_000636,1,0.19715312326944012,0.548590707103254,0.20551689400288778
SG_000637,0,0.1180143137849952,0.35744123446044906,0.10635311553969785
SG_000639,0,0.10827404946014564,0.3592169607351825,0.10298117301518056
SG_000641,0,0.2794784393451758,0.6415453903335664,0.2887658215734069
SG_000642,0,0.11548106221825305,0.41396438263816115,0.12129836532825299
SG_000644,1,0.2891529745491312,0.6537431305347874,0.3003290541354723
SG_000645,0,0.11543401473561243,0.3967324051210425,0.11630438389205044
SG_000647,0,0.12035577857583017,0.355253159696786,0.10664837899646562
SG_000649,0,0.13545479898923904,0.4462675042522135,0.1399902145743388
SG_000650,0,0.28390511261612605,0.5606058253892476,0.2465591627593775
SG_000651,0,0.29070344941675574,0.6858202108896817,0.32167070842775064
SG_000652,0,0.16804435494238934,0.4156251162019634,0.14296221818145588
SG_000653,0,0.24877579896414023,0.5808220598640549,0.24261460358499742
SG_000654,0,0.13153453447500288,0.35508315284831327,0.11076791736232973
SG_000655,0,0.16236586382414842,0.4555155734346721,0.15440737083158235
SG_000656,0,0.11320394507067429,0.47655549476295905,0.1393046616265186
SG_000658,0,0.12909405485541775,0.4011415300861926,0.12327830728007044
SG_000659,0,0.18548631739873056,0.5165764793746113,0.1870050005566259
SG_000660,0,0.1338440569670277,0.501458573833036,0.15789706745461166
SG_000661,0,0.18329177819209166,0.5609996081751718,0.2047471237944982
SG_000663,1,0.3423208486636245,0.6339747085895269,0.3103111640803655
SG_000664,1,0.17366912492233513,0.4312014927094633,0.15037192492606882
SG_000667,1,0.14379294578554433,0.5181413781186011,0.16877328146303436
SG_000668,0,0.28967572100559313,0.6687356996003847,0.3099890416144684
SG_000669,0,0.23735520505818877,0.6079628925395818,0.2516473455806814
SG_000670,0,0.07538747070482434,0.3532982074048678,0.08704378501475289
SG_000671,0,0.16598119043888587,0.39556724138850163,0.13558216188814223
SG_000673,1,0.17213282891960136,0.4745400872151619,0.1652156570843674
SG_000675,1,0.20232382504788937,0.5199820812297961,0.19546277595930095
SG_000676,0,0.20766988043273962,0.583838962617728,0.22632738383659975
SG_000680,0,0.11073000171806226,0.4752717218834686,0.13763996051706276
SG_000681,1,0.26305874221311204,0.789202831050782,0.3902931319530831
SG_000682,0,0.14036097907546308,0.4053021054462912,0.12905750368067462
SG_000683,0,0.22292866315148963,0.5657811056567559,0.2244316867393304
SG_000684,0,0.17858392911082088,0.483983980301844,0.17137893637218107
SG_000685,0,0.2818242148289183,0.5972908018593205,0.26476846182517655
SG_000686,0,0.30020253816680337,0.6220998295182595,0.28611879642999855
SG_000687,0,0.18675006798024352,0.5453746962089987,0.19953733182691907
SG_000688,0,0.13764030353627435,0.45295664020431603,0.14312672391995787
SG_000689,0,0.14384635273630805,0.5184348519623613,0.16890867339360235
SG_000690,0,0.1632878934781609,0.4795973490325106,0.16338134583459776
SG_000694,0,0.3579865340749519,0.6956256110524334,0.35772120896526577
SG_000697,1,0.36198048219778545,0.6746187957431987,0.3446455881864216
SG_000699,1,0.261829189187374,0.5933080350076606,0.2544351000839228
SG_000700,0,0.09964347113581566,0.32532167717720695,0.09080086147612072
SG_000701,0,0.10145264408741773,0.35100855873621845,0.09804602978998236
SG_000702,0,0.10239069944597921,0.3733812679285384,0.10429277907179708
SG_000703,0,0.129483859578536,0.509118841195709,0.15845882656721816
SG_000704,0,0.06927331048379362,0.2940353289015556,0.07114950747147718
SG_000705,0,0.08382626335481984,0.395249530943376,0.10134787314305552
SG_000707,0,0.17248411977001302,0.4424170053956625,0.1538272386782254
SG_000708,0,0.11219252504409988,0.4262273679970554,0.12340866454945769
SG_000710,0,0.13861290623138625,0.1294769678945017,0.05083216202305889
SG_000711,0,0.10504979129113594,0.4045004198436765,0.1139260814044443
SG_000712,0,0.21552736640426418,0.563525826350979,0.2202124391931107
SG_000714,0,0.08253664610631893,0.4238214054582396,0.10803710162806175
SG_000715,0,0.2015108273333369,0.6415586889998602,0.25287925871050004
SG_000718,0,0.09854828165254977,0.42766102459702315,0.11732618276253248
SG_000720,0,0.33754846175881154,0.6697976688519112,0.3312153576884368
SG_000721,0,0.10459044041388964,0.3555652375053113,0.1005167347237404
SG_000723,0,0.1095209382936056,0.31907423708478294,0.0929426374177139
SG_000724,0,0.16209828329530307,0.3842289280579002,0.1305455406347893
SG_000725,0,0.11882287075712461,0.5113173781501765,0.15375847512034563
SG_000726,0,0.19848183644874187,0.53280254688225,0.19926876214918973
SG_000728,0,0.15838375881355948,0.586121776542861,0.2037268083762281
SG_000729,0,0.1495077082983394,0.46174537624369266,0.1512095052636587
SG_000730,0,0.16588397633652555,0.4629457147632689,0.1584638123321567
SG_000731,1,0.18451463641810203,0.5148318170173914,0.18588699914978438
SG_000732,0,0.13382418823280331,0.517034230093413,0.1634731119692229
SG_000733,1,0.20981716738493283,0.5528674465367619,0.21289048572977032
SG_000735,1,0.17525336674118455,0.4896938459472115,0.17216222839250253
SG_000736,0,0.09990455901752943,0.2076412997241517,0.06250878387069525
SG_000738,0,0.17113128305534386,0.3959275268025618,0.13753468351653617
SG_000740,0,0.20966378432870394,0.5402235744304017,0.20719984784343973
SG_000741,0,0.2824505524702604,0.6481808382850192,0.2940276749599378
SG_000744,0,0.20321093714306537,0.4979775609757691,0.18677614082270405
SG_000745,0,0.1762752303885434,0.47209499118198817,0.16599952115839214
SG_000746,0,0.2457578708042388,0.6348411859293994,0.27002845974044976
SG_000747,1,0.1680242428119898,0.5689387369886095,0.20099653885779312
SG_000748,0,0.2902926952638257,0.6196915707745646,0.28064336135319695
SG_000749,1,0.09021301437713246,0.3938993825818985,0.10414017189645497
SG_000752,0,0.2031650473093118,0.5150242436812924,0.19373996800240537
SG_000753,0,0.34647080578614037,0.7554956395858108,0.3998202946954742
SG_000754,0,0.14908924630512274,0.48320936042506124,0.1585172386691009
SG_000755,0,0.12516419173323648,0.4259908549983486,0.12913455972527607
SG_000756,0,0.1420149029193106,0.42600211306553737,0.1362376823200259
SG_000757,0,0.20471216013768748,0.564747963202746,0.21606993316404186
SG_000758,0,0.13172834565657934,0.41629416582832923,0.12895401400726783
SG_000760,0,0.24595953549365843,0.5167405806927037,0.21131279289228505
SG_000761,0,0.23519336907650332,0.5581169514577048,0.22595261075084488
SG_000763,0,0.18353740083523692,0.5767877612540749,0.2119175541554793
SG_000765,0,0.1153402880531546,0.36138192487274345,0.10639021436547517
SG_000766,0,0.115704116005514,0.3789311947723178,0.11139034050631234
SG_000767,0,0.15418129232764985,0.35903501244617914,0.11993542198767616
SG_000771,0,0.08867940142740015,0.29979000476989,0.0803670562593758
SG_000772,0,0.13799169408682127,0.39326667637094465,0.12444019700090936
SG_000773,0,0.15222645123462578,0.41167766337871287,0.1356918510307672
SG_000774,0,0.08756724423944402,0.3587735659596693,0.09403029556645091
SG_000775,0,0.21410626129258312,0.5060427424032515,0.1943926845211263
SG_000776,0,0.11882511513368932,0.24995134121734883,0.0782930899306801
SG_000777,0,0.16187789060016325,0.47984614925415486,0.1628732468006952
SG_000778,0,0.12146877110881109,0.44873932407265843,0.13450990442427177
SG_000779,0,0.09288673861393269,0.36293217779866654,0.09744300199939977
SG_000780,0,0.25775986615019414,0.6006810261390397,0.2566050942360294
SG_000781,0,0.10235593123015663,0.3556248536985335,0.09961397784961544
SG_000782,1,0.16265241692804133,0.5231542126793521,0.17955065158508093
SG_000783,0,0.10839201162426709,0.40336938057023386,0.1151146898134433
SG_000784,0,0.14861424114561098,0.4415685222815298,0.14402221978858232
SG_000785,0,0.16957400503541828,0.32560285781101833,0.11468801214380564
SG_000786,0,0.1244570554312842,0.3488087769922103,0.10639985984579003
SG_000787,0,0.12913354672146973,0.5966952566747006,0.19232349480185668
SG_000789,0,0.15905484016576144,0.426435024401967,0.14316408457880442
SG_000791,0,0.14690213745741065,0.5246281930727538,0.17271957010384736
SG_000792,0,0.11610065309064899,0.45343708899479956,0.13345337473712146
SG_000793,0,0.12289759935578486,0.5274158449655659,0.1616064325035514
SG_000794,1,0.34653338704746517,0.6794498363845104,0.34151122058989813
SG_000795,0,0.12553409214042355,0.4062550554669848,0.12333790726139404
SG_000796,0,0.14410541517959327,0.48902381744377416,0.1583308605738807
SG_000800,0,0.19141041788025817,0.5623029990014686,0.20902895084666992
SG_000801,0,0.2125078680642568,0.5898112616101461,0.23139441255013413
SG_000804,0,0.21718006239601306,0.6237764850612553,0.25085090449597647
SG_000805,0,0.19314307898314909,0.5050573569892978,0.18556296602836908
SG_000806,0,0.15910302304225352,0.1836181829272692,0.07019758204197839
SG_000807,0,0.17990282503717983,0.4905273642772216,0.17441063143338947
SG_000808,1,0.2049067861609519,0.5821511864980607,0.2242751505084234
SG_000810,0,0.10905517697049265,0.47938901343274215,0.1380819320622601
SG_000813,0,0.0807254433077838,0.27592429596663137,0.07187518626702563
SG_000814,0,0.11493779647222681,0.36593551369263805,0.10747933487787167
SG_000815,0,0.1024728429865422,0.49655898897413897,0.1400213674436843
SG_000818,0,0.2860561821907891,0.6354235496376432,0.28796657984738966
SG_000819,0,0.08491410478777793,0.4045904030070576,0.10428375801958122
SG_000822,0,0.2830417951372987,0.519180825426504,0.22622756035804004
SG_000823,0,0.10775223539853514,0.40304036048299785,0.1147364500815164
SG_000824,0,0.2686857020116321,0.586572016180586,0.2537507467099695
SG_000825,0,0.2966367984707998,0.5458283933481101,0.24404718563773983
SG_000827,0,0.20830804694227037,0.561818130723024,0.2163029807972413
SG_000828,0,0.13816191848614756,0.45600173611059547,0.14435996041285168
SG_000829,0,0.10130366894198771,0.40882463622206744,0.11339908941265087
SG_000830,1,0.2738909078269834,0.5988800815718213,0.26237224610733423
SG_000831,1,0.12612660661599856,0.4418372869133251,0.13446460178422948
SG_000832,1,0.2635674830987528,0.6284430358881109,0.2742793223219213
SG_000833,0,0.2088774953941854,0.5016748315310985,0.19052502509923264
SG_000834,0,0.14078688564014488,0.445653969229483,0.14208773388561274
SG_000835,0,0.21651255437778028,0.5858689421258751,0.23126081611912538
SG_000836,0,0.14256849419754128,0.44395051680345515,0.1422851303141929
SG_000837,1,0.20840479571309656,0.5091489822076865,0.19341930397354443
SG_000838,0,0.19874869806159431,0.48446428543415165,0.17963911430167215
SG_000839,0,0.21023343764850486,0.5790037424247233,0.22516725440556135
SG_000841,0,0.13669242254938122,0.3490119735632957,0.11087806540170378
SG_000842,0,0.13909272207229426,0.4237590761070825,0.13432605818575521
SG_000843,0,0.2332154095309201,0.637045750639213,0.2655518978282432
SG_000844,0,0.1951570347490138,0.5366319333938059,0.19948020863325283
SG_000845,0,0.23575537693991566,0.5979375721067643,0.2457467615121846
SG_000846,0,0.1606703293613194,0.5111466102562838,0.1739992625508801
SG_000847,1,0.1587825662177413,0.5253886746900385,0.1786402448454513
SG_000848,0,0.10574834373130709,0.39985420744236755,0.11294995538221875
SG_000850,0,0.1864849240520554,0.5340790700284929,0.1946386034295178
SG_000852,0,0.11534618353130464,0.28974468646721546,0.08741531849130933
SG_000853,0,0.1546495333889835,0.4751646801420492,0.15809814148739437
SG_000854,0,0.2019614378830984,0.54596624367789,0.20644992819215915
SG_000855,0,0.07945443973924687,0.2768441392044028,0.0715923887198724
SG_000858,0,0.13852201394338506,0.45030476098035666,0.14263935489907248
SG_000859,0,0.09950511352449389,0.29654059644538466,0.0836414539706462
SG_000860,0,0.11775274946659779,0.36413481273364806,0.10809762031905246
SG_000861,0,0.20070947003251852,0.5743014502020224,0.21869189383356408
SG_000862,0,0.11088882640351094,0.4593362347552249,0.13274591867399566
SG_000863,0,0.24066303560022542,0.5465801393065445,0.22277882300531024
SG_000866,0,0.2862802847647039,0.5700323065081776,0.25225505448738167
SG_000867,0,0.3097827913872136,0.6448904587051312,0.3036607625410732
SG_000868,0,0.09804577943808084,0.3439182384225779,0.09483560962305218
SG_000869,1,0.14226489452799573,0.3129763244876772,0.10244268696459545
SG_000870,0,0.19059146890138332,0.5061847936930322,0.1849638146465322
SG_000871,0,0.2901112284093675,0.6636484649594965,0.30693713063275624
SG_000872,0,0.09533429035242515,0.23229483135041465,0.06696316902032345
SG_000873,1,0.27256282702382767,0.5617551552339864,0.2427134575164785
SG_000874,0,0.2011937401546976,0.47835379419426816,0.1782000672648516
SG_000876,0,0.13536276403825784,0.4071198007567446,0.12762596115756963
SG_000877,0,0.2480297752099346,0.5807037271350372,0.24224460141636336
SG_000878,0,0.12154682371664338,0.3705456364776912,0.11137824271462304
SG_000879,0,0.169270752173471,0.5262024481235948,0.18376751088750903
SG_000880,0,0.3223308950787134,0.6641432486064838,0.32109258496543136
SG_000881,0,0.1560830609395352,0.4609836966086682,0.15372538460323576
SG_000882,1,0.14792316409111764,0.4153174560833209,0.13518722399089578
SG_000884,0,0.12872587948190914,0.4810179104306616,0.1483855379181041
SG_000885,1,0.2225155965551072,0.5818020881143174,0.23192116858997036
SG_000886,0,0.10495495431381081,0.3962481005745057,0.11159792735547724
SG_000887,0,0.2099468402176707,0.5428619269706407,0.20848158039895584
SG_000892,0,0.2650259432160757,0.5875102703529496,0.252739505706639
SG_000893,0,0.08331398335682051,0.43638580253542425,0.11179301958654486
SG_000894,0,0.08063004559241804,0.18739927202749226,0.052523535201487406
SG_000895,0,0.12399938485342042,0.4405589308067201,0.13311147959695024
SG_000896,0,0.13758112145311485,0.45268474733045233,0.14301143414442147
SG_000897,0,0.17423805250601562,0.5375549941822169,0.190626880022882
SG_000898,0,0.11806170220933687,0.43220009974247475,0.12786795756148014
SG_000899,1,0.15794853535749354,0.4546122636745988,0.1522879302535871
SG_000900,1,0.17321295157428143,0.49109240164968987,0.1718368332011219
SG_000901,0,0.15882861124576073,0.42600612900846474,0.14293338694980273
SG_000902,0,0.19096070634212559,0.5428571666842553,0.2003198563002568
SG_000904,0,0.06901518861717292,0.23816786639131082,0.05943963839020031
SG_000905,0,0.1472239487369165,0.5479991650464393,0.18199018433232836
SG_000906,0,0.25599191348001576,0.6183679310841012,0.26537468745844445
SG_000908,1,0.13745529718020327,0.5214284213009558,0.1668943272998038
SG_000914,0,0.10291956208853063,0.4543690438559353,0.12724400828748295
SG_000915,0,0.12233483429966484,0.3261991048858052,0.09942959347709006
SG_000916,1,0.3631253521284927,0.6696060629264977,0.3417109866026078
SG_000918,0,0.1366935891121304,0.394450745036381,0.12429401821196968
SG_000919,0,0.2124685724890645,0.5475176622418111,0.21161528093983464
SG_000921,0,0.26764385960309023,0.6104826021984835,0.26603927520459086
SG_000922,0,0.1737741351803069,0.5112177504319309,0.17982958158413853
SG_000923,0,0.09914415680961151,0.40436342097188904,0.11116384169214431
SG_000924,0,0.10002819861982502,0.2736631147637487,0.07827445238231913
SG_000925,0,0.12552296985432873,0.4565543937330582,0.1388543725221382
SG_000926,0,0.25490301219293676,0.5392079861182325,0.22496956002189408
SG_000927,0,0.15923128181375848,0.5298898341907186,0.18061819912574228
SG_000929,0,0.22890945193455395,0.5752347496115077,0.23149212254983126
SG_000930,0,0.26866976496908257,0.5703124199932239,0.24544440930217376
SG_000931,0,0.19378362942333002,0.5123817055657525,0.188790440283823
SG_000932,0,0.24329116684959184,0.7020544362160289,0.31043921742406144
SG_000933,0,0.1368590796693775,0.37844344335137875,0.11955433130774865
SG_000936,0,0.1211096342602017,0.45797038894704706,0.13724890611588916
SG_000937,0,0.1586026560874699,0.4868440840381872,0.16401063936123875
SG_000939,0,0.10626729580760413,0.38162862651036267,0.10817469967648419
SG_000941,0,0.08549280817717432,0.2519257772017037,0.0682503740155115
SG_000942,0,0.20887781426173646,0.5292775345868184,0.20211335883932371
SG_000944,0,0.11136092217883624,0.44712353048823966,0.12924799188364408
SG_000947,1,0.228397250917477,0.6316286426083284,0.2603174468588811
SG_000949,0,0.08157946639038206,0.21221733920229202,0.05820131905192675
SG_000951,0,0.09595880447918964,0.33842602476893724,0.09259976641215957
SG_000952,1,0.21666526557503296,0.6121689207506634,0.2445232033923682
SG_000953,0,0.19472564297865746,0.6389123240426546,0.24805129304110554
SG_000955,0,0.1234699849025761,0.03332999572606007,0.018800934484893173
SG_000956,0,0.09674722507793158,0.2682891144524888,0.07587468975513513
SG_000957,0,0.18921648794916288,0.521883217977651,0.19075843386096397
SG_000958,0,0.10663227349823733,0.41305600935457965,0.11705231986293156
SG_000960,0,0.10518616702449861,0.443342812319945,0.12511296831306587
SG_000961,0,0.12078321336050506,0.4546280286213815,0.13603934142231383
SG_000962,1,0.2524676326813784,0.5901487517137883,0.2488909323636036
SG_000964,0,0.1352208710263996,0.5636121172262166,0.1820064107970513
SG_000966,0,0.13089933706460427,0.40668248085785286,0.1256815560041338
SG_000967,0,0.12809442506765,0.3367434949123998,0.10436013318161136
SG_000969,0,0.18747201610762096,0.48859650890226214,0.17676113677606609
SG_000971,0,0.10122039562541174,0.2876131008008281,0.08207210138657568
SG_000972,0,0.17888206177898924,0.5244081849270663,0.18732249642753943
SG_000974,0,0.10331707641488382,0.4392766323184037,0.1230012231460575
SG_000976,1,0.22548216066028062,0.592004503421804,0.23824901808231713
SG_000978,0,0.1509952629588396,0.35166431513273655,0.11661774097008067
SG_000979,0,0.18401907155730698,0.5264834685269779,0.19041301960130128
SG_000982,0,0.2294344459887602,0.5448905783208301,0.2174622567149128
SG_000983,0,0.12849950149772324,0.3246177873947973,0.10114482658221273
SG_000984,0,0.12219691522210396,0.41599945281921313,0.12483015677102659
SG_000986,0,0.10082729952639315,0.31185677564553876,0.08789903072148107
SG_000989,0,0.20364184924570275,0.49208238012684724,0.18457668444231143
SG_000992,0,0.12281338686794324,0.43629443118890965,0.1312586634943553
SG_000993,0,0.12023798971500375,0.37950032028194264,0.11339095640694975
SG_000994,0,0.24579709573781217,0.5795237516709848,0.24072383717352802
SG_000995,0,0.09130773458590326,0.3338195044962782,0.08954346289397183
SG_000996,0,0.1062303672182956,0.36570791524499896,0.10387426192513144
SG_000997,0,0.2735711496096494,0.518728744350455,0.22254381493646144
SG_000998,0,0.2163120829174817,0.6548079411953577,0.2676119436897969
SG_000999,0,0.28058631082868324,0.692520505085061,0.32162601120319595
SG_001000,0,0.12955419315508307,0.38311126472898865,0.11812670824355455
SG_001001,1,0.12753898618966736,0.39802908314643687,0.12171890100182657
SG_001003,0,0.13980388430283044,0.5874221698999904,0.19440017392721629
SG_001005,0,0.18153914955701725,0.5050713285119909,0.18074006894788108
SG_001006,0,0.14058213952095647,0.41058079349974186,0.13078703013322576
SG_001007,1,0.15616873982789523,0.4399397966978412,0.14655205936653917
SG_001008,0,0.09175201504668651,0.3278452474786434,0.0882739626173997
SG_001011,0,0.1860836062814808,0.5235689812242769,0.19010932815288914
SG_001012,1,0.16961391975517345,0.6035707678521206,0.21749003798988933
SG_001013,0,0.20207525452409827,0.5294521902456479,0.19935773249717245
SG_001015,1,0.24961320073531987,0.513797352517805,0.2113907448685021
SG_001016,0,0.19928377031867076,0.5298391503272025,0.19834847589966026
SG_001017,0,0.2703906983623793,0.5844895678290898,0.2533653227909629
SG_001018,0,0.16607105529627725,0.48171116143235576,0.16533063204013843
SG_001019,0,0.09940869276713298,0.2695011864290961,0.07706361045183287
SG_001020,0,0.24342987812737063,0.5189232557303773,0.21131528657307913
SG_001021,0,0.0911324621838606,0.3000704573231035,0.08137649748398011
SG_001022,0,0.23370653041139114,0.6059984793745685,0.2490104294374426
SG_001024,0,0.16739161716273257,0.5276282700953483,0.18348547615834476
SG_001025,0,0.20644810732164645,0.49179835829507296,0.1855620323848513
SG_001026,0,0.30380414987139154,0.7000461221463615,0.33735274895903167
SG_001029,0,0.14476866773383165,0.48765547099630324,0.15814875414223664
SG_001033,0,0.10010002756539016,0.28242697718034065,0.08041860930700152
SG_001034,0,0.2671113399476121,0.6442991269004882,0.2850028031224066
SG_001035,1,0.235761902765298,0.5319641253295909,0.21415210983277042
SG_001036,0,0.1749105161736837,0.5112760120981591,0.18034594453546646
SG_001037,0,0.1733099065654334,0.5555385733737279,0.1977445924376433
SG_001038,1,0.23998492979403055,0.6086756005769663,0.2531786015704712
SG_001039,0,0.1180903472373881,0.4738383030624955,0.14086930096630348
SG_001040,0,0.1454412136033437,0.5071995744464809,0.16550696062760684
SG_001041,1,0.19027146857494023,0.5280838058931294,0.19377574094897038
SG_001043,1,0.11811229774994293,0.022886112254938792,0.014298528635659216
SG_001044,0,0.11248837918106384,0.4385863139661394,0.12721428711499877
SG_001045,0,0.09438849429733905,0.4154385668945851,0.11189620553231447
SG_001046,0,0.10621306222901865,0.4393859659588585,0.12445050647134964
SG_001047,1,0.3448828087839819,0.6621677661931143,0.32922890381926756
SG_001050,0,0.09762217865694445,0.38277705655104105,0.10467857291131862
SG_001051,0,0.25953577678529666,0.6082931370801865,0.26141850426807467
SG_001053,0,0.11067290352529098,0.4576702172819874,0.13212693028058192
SG_001054,0,0.2583704222003013,0.5897693933903038,0.2511594774897399
SG_001055,0,0.10270420854413985,0.3834958928891532,0.10713058476218304
SG_001056,0,0.14113940792014226,0.3822378956535614,0.12230130373329161
SG_001057,0,0.21369672989076216,0.6982918627768282,0.2929440983682213
SG_001059,0,0.11553058589762231,0.5154563714926995,0.15343815138961536
SG_001061,0,0.29293022124595164,0.5763503470974753,0.2581178753236489
SG_001062,0,0.10245063459874076,0.3500034912242592,0.09819475185602931
SG_001063,0,0.27490290625564584,0.6190055873502087,0.2738156368475206
SG_001064,0,0.24550102697875018,0.5734270851030067,0.23758122275630095
SG_001065,0,0.13369251496973902,0.335470844956239,0.1059641224720146
SG_001068,0,0.19602821664488798,0.5309335430842578,0.1974324657711743
SG_001069,0,0.13916680572851445,0.7894202097615765,0.31420241942540905
SG_001072,0,0.10927244575775245,0.5031553500193555,0.14589594240880205
SG_001073,1,0.18123193475685306,0.5157943206792954,0.1848692633735453
SG_001074,0,0.12085640022647448,0.43587340399055957,0.13024922501524627
SG_001077,0,0.27141402781411705,0.6420987449391584,0.2855912697969914
SG_001079,0,0.2653234552638655,0.4749723245470154,0.20020135808765085
SG_001080,0,0.2828750202266372,0.6867644686175117,0.31877796735658637
SG_001082,0,0.13231286013713797,0.4216995809809248,0.13086603311425044
SG_001083,0,0.33119314118789206,0.7159015973249698,0.36109731517365834
SG_001084,1,0.16705360015236193,0.5035192980735567,0.17391961407739914
SG_001087,0,0.20127328782665757,0.6306320445283009,0.24688199704991565
SG_001088,0,0.1224994902650603,0.39280796938833723,0.11812861514429059
SG_001089,0,0.19786712151382094,0.5107968239733954,0.189828327904693
SG_001090,0,0.10391619755159226,0.35467482976213577,0.10000790921285345
SG_001091,1,0.2080104411745941,0.5609149490147668,0.21576068927367983
SG_001092,0,0.14615071428994109,0.4341092728425531,0.14055152639926066
SG_001093,1,0.10017169661647152,0.10866150249712205,0.03859691765434677
SG_001094,0,0.1443820156367334,0.4571490700718067,0.14744813658762904
SG_001095,0,0.10188777477992257,0.28789125245991204,0.08237383761147349
SG_001096,0,0.23261331737040522,0.5534766794906724,0.2227185028231111
SG_001097,0,0.12681205443829166,0.2847105917420694,0.08978125308462497
SG_001098,1,0.2783587815251734,0.6104357066477839,0.270500458581958
SG_001099,0,0.12062134932873153,0.4017583823216423,0.11995283642618251
SG_001103,0,0.09200581120718802,0.4157984433583043,0.11081249700820463
SG_001104,0,0.09335406936730017,0.29121867025154985,0.08011335843741924
SG_001105,0,0.13011973071563512,0.4285061182402803,0.13204939468808122
SG_001110,0,0.10484729751075637,0.4779387618480839,0.13542404199323452
SG_001112,0,0.13832801880882173,0.5431515017367768,0.17556406664705593
SG_001113,0,0.16733835669016836,0.5223956386024601,0.18138150344708545
SG_001114,1,0.18866500685247767,0.5004352439868985,0.18187966746518094
SG_001115,0,0.16090403794582211,0.40342891282108406,0.13629365189366918
SG_001116,0,0.1374335613676355,0.5076803940873424,0.1618596308270586
SG_001118,1,0.13549802786470266,0.4383756054015057,0.1374684917377623
SG_001119,0,0.10264323480899307,0.3405867549945396,0.09584719419458347
SG_001120,0,0.12614752680606514,0.395323941312328,0.12035392003591114
SG_001122,1,0.13252183153339006,0.4873678307778892,0.15235205647372194
SG_001124,0,0.19217147543503313,0.5370266981740193,0.19835855083431367
SG_001127,0,0.30529985449793345,0.5996594040308394,0.27551136939774507
SG_001129,0,0.20993153828213465,0.4835911312600441,0.1836227153118914
SG_001130,0,0.12693321542471486,0.5046531885322435,0.15560830922846075
SG_001131,0,0.2764123025081318,0.6267596348993555,0.27884240866851645
SG_001132,0,0.19993862762338047,0.39476414501796836,0.14700171065381007
SG_001134,0,0.21852767940333592,0.5388667821073976,0.21028437580500708
SG_001136,0,0.16772094821512293,0.5951703913377374,0.21260097915774734
SG_001137,0,0.10603282322263036,0.2685577810076027,0.07902403001721718
SG_001138,0,0.2949043064994235,0.6108795753189425,0.2775633262504568
SG_001139,1,0.24581845564200147,0.6000139454935514,0.25117127959157076
SG_001140,0,0.10690855546486967,0.31202605178597903,0.09018554149494955
SG_001141,0,0.32120281308776844,0.8667791875836688,0.510129202456664
SG_001142,0,0.19067106382379376,0.5264693319315483,0.19327516054523317
SG_001144,0,0.32822346856557116,0.6592421905324135,0.32039905129667207
SG_001145,0,0.09009284999281819,0.2680453362515852,0.07351790970760999
SG_001146,0,0.16246394106124307,0.5337708713357576,0.18367172458739292
SG_001147,0,0.18091574234443594,0.48159871440739693,0.17142826991433488
SG_001148,0,0.1085623036083161,0.4746417734228422,0.13633016844041665
SG_001149,1,0.26322185816308113,0.5452935835922139,0.23106719891459612
SG_001150,0,0.10731947981432279,0.4645531578981768,0.13256199982459757
SG_001151,0,0.31196172200266964,0.6320033875308488,0.2967704640763148
SG_001152,0,0.12869494427137398,0.4749974359018621,0.14635604208541925
SG_001154,1,0.1734556852703475,0.570357838706899,0.2042420236435647
SG_001156,0,0.1433463151435883,0.5692789017312779,0.18865441356272694
SG_001158,1,0.1103970458088351,0.3733780583699148,0.10767099979438007
SG_001160,0,0.13331181326965993,0.4011750916817496,0.12499164418784592
SG_001162,0,0.12418616293914682,0.3976489237770971,0.12023475892608149
SG_001164,0,0.16087913874984908,0.47200648878829293,0.15962565585903232
SG_001165,0,0.13766464394295466,0.5515041009247292,0.17848408777267286
SG_001166,0,0.14237821895100822,0.577707501690819,0.1916656040785758
SG_001168,0,0.13055133583278877,0.4315928615091714,0.1331975654325133
SG_001169,0,0.1675541701016796,0.5528707527981737,0.1939004126428406
SG_001170,0,0.12146717463852019,0.41437563231347724,0.12403136175362359
SG_001171,0,0.2698843349120397,0.7278373730947788,0.3418891571280974
SG_001172,0,0.2993336363563456,0.6488142165739357,0.3016615938240747
SG_001173,0,0.18380010139582872,0.5572365911966637,0.20333274566861614
SG_001174,1,0.2773184932597396,0.7362803884764737,0.3519580934655445
SG_001175,0,0.09246628297250548,0.3049212680490983,0.08304025742711296
SG_001176,0,0.17926220347934949,0.5777590744532107,0.21032805815969252
SG_001177,1,0.24613671924016775,0.6815911662311499,0.2983115943376897
SG_001178,0,0.09710257624518055,0.28677202300578797,0.08041150919898805
SG_001179,0,0.11541930186998049,0.3474386296558684,0.10263072856339558
SG_001183,0,0.14997826963846117,0.421308473183352,0.1379256865346451
SG_001185,1,0.2342088397376945,0.5221557996646694,0.20917847844249637
SG_001186,0,0.21630359265400315,0.6270636852210757,0.2521949304364145
SG_001187,0,0.15409175862607058,0.45976560659989696,0.15246873911015554
SG_001189,0,0.09291342069125381,0.29678953103735656,0.08127263665409859
SG_001191,1,0.16077078814458787,0.6264055331710817,0.22384434235133616
SG_001193,0,0.23122397285462948,0.5131699481023005,0.204097572481261
SG_001194,0,0.2678501235057155,0.5411648921665205,0.23088763965767445
SG_001195,0,0.09754072436682833,0.20014341380212633,0.06009523641828204
SG_001197,0,0.36119508900316105,0.629107036268859,0.3148549431118039
SG_001198,0,0.17234646948210072,0.4579296101519068,0.15927284006798242
SG_001199,1,0.26093940482829053,0.5238306704888746,0.22017825292022242
SG_001200,1,0.2558582738419189,0.645941162283517,0.2809638160485083
SG_001204,1,0.2776622498918661,0.45058326926229125,0.19406206380485028
SG_001206,1,0.185831917596721,0.6642149037650706,0.25742732075777985
SG_001207,0,0.28588993734609386,0.5918926147402094,0.2635215206260257
SG_001209,0,0.14751971478355472,0.4561111712141482,0.14844109710883255
SG_001212,0,0.190267166359086,0.5864396303605097,0.21954906629827659
SG_001214,1,0.082616223861622,0.2870479855546352,0.07509006615205145
SG_001216,0,0.3154878219122756,0.6291588282978339,0.29652392999593047
SG_001218,0,0.13005477424722764,0.5115351298301798,0.15960445398063083
SG_001219,0,0.1489750490909002,0.2720826563298279,0.0928759954585979
SG_001220,1,0.29028639612246665,0.6268021854726882,0.2847214722580333
SG_001221,0,0.13567365612048252,0.509780607132903,0.16176001042323454
SG_001222,1,0.3174776531269567,0.7447537394223259,0.37761643289597463
SG_001223,0,0.15428724038651123,0.5842841270105872,0.20079341639186193
SG_001224,0,0.3478226946218255,0.6426697168318607,0.3179240151521037
SG_001227,0,0.31625162502524606,0.6862237191586722,0.33321740903571284
SG_001228,0,0.13597837967161222,0.39728875308640405,0.12487365526414591
SG_001231,0,0.14553373026007002,0.4642503919138296,0.15035377670961161
SG_001232,0,0.2283238448141478,0.5816187541113496,0.23434949108821837
SG_001233,1,0.13899230679147115,0.4780314359409608,0.15215874290481715
SG_001234,0,0.1078533537738622,0.45463901356224556,0.12980682836950766
SG_001235,1,0.10696695003248408,0.43538030149138074,0.12363924558655306
SG_001238,0,0.32087451751278745,0.6737443468930299,0.3267836579764105
SG_001239,0,0.20028572835744574,0.5368129323450072,0.20175293901872138
SG_001240,0,0.11824663835934292,0.4135526773348893,0.12239154071202712
SG_001241,0,0.1391060102174958,0.42819618744777027,0.13574004865524011
SG_001242,0,0.264349755417806,0.6274794993879622,0.27407310708615507
SG_001244,0,0.2727406837135427,0.565255858511513,0.24452629264158457
SG_001246,0,0.11432101242469006,0.39401279536519157,0.11505691555469007
SG_001247,0,0.14150164131301105,0.4290167879174366,0.13699254845737463
SG_001249,0,0.1864358968907509,0.5109439225180946,0.18513786410690605
SG_001250,0,0.14854631783821978,0.4785667528946335,0.15663573565881114
SG_001251,0,0.09677825648103093,0.14056905830654157,0.04582222339411322
SG_001253,1,0.12938110402443345,0.33690151779142463,0.1048590528819323
SG_001254,0,0.13528016756827532,0.3842866860208198,0.12069300756824172
SG_001256,0,0.145169691110154,0.44113592724730205,0.14245103531756637
SG_001258,1,0.17714798032995902,0.5511564159055884,0.1976589555903815
SG_001259,0,0.07540096304333636,0.23638374148655253,0.06135915482615093
SG_001260,0,0.2100573532614457,0.5818287996152145,0.22643641139896833
SG_001261,0,0.1164784804858131,0.35859946380708696,0.10607465171580467
SG_001263,0,0.1396127233108496,0.3806406595438325,0.1212473727012881
SG_001265,0,0.25025153002336875,0.5990686394463035,0.252574322055044
SG_001266,1,0.14951114666694987,0.5569800998053895,0.1867727358920481
SG_001268,0,0.19422649631073616,0.5133056061040909,0.18935107950532185
SG_001269,0,0.288799899585434,0.648894069011585,0.2972038419782369
SG_001270,0,0.1117141695225294,0.34811781237340533,0.10138561476419543
SG_001271,0,0.1447936004598574,0.4197033580907608,0.13534867159282163
SG_001272,0,0.09471971893069464,0.21620939345569673,0.06304440372503228
SG_001273,0,0.16500223812386858,0.5114630459550645,0.17606340039183999
SG_001274,0,0.16921762845662058,0.5930205748275262,0.2123664583023638
SG_001275,0,0.0987202540281204,0.3596687762178372,0.09913747087815063
SG_001276,0,0.1045988236454094,0.19705201743378792,0.061234431287923656
SG_001277,0,0.21210236433371688,0.5821841947880637,0.22751895763156624
SG_001278,0,0.11988494783984693,0.4184627149756954,0.12456082342769616
SG_001280,0,0.11978682073295337,0.4688294099013149,0.1400838482200303
SG_001281,0,0.14207158260517624,0.4803185771635059,0.15434966754984022
SG_001282,0,0.09968155666481042,0.3967324578429583,0.10934125150506177
SG_001283,1,0.1153577524194586,0.35251543066844326,0.10398088681547724
SG_001284,0,0.23314102096965458,0.5495699850787137,0.22112200355953476
SG_001286,0,0.27710165439029055,0.5698130812986921,0.24853873687020828
SG_001288,0,0.16174025150857133,0.464239882159093,0.15722109745702212
SG_001289,0,0.09770857254416554,0.4093632591270649,0.11184939623866452
SG_001290,0,0.21480966616544916,0.4980080031695462,0.19134294275983302
SG_001291,0,0.1326588044253416,0.4163153230237504,0.12934671338535242
SG_001292,0,0.16014866041928233,0.41041444454296105,0.13829094133366832
SG_001294,0,0.27282127244353227,0.534066155489165,0.22941552717772498
SG_001295,1,0.2529850785837628,0.5777527434348574,0.24281908051141549
SG_001297,0,0.2013892853337632,0.5371075771772558,0.20234921113625856
SG_001299,0,0.36515804397550283,0.6959878795738156,0.36101108536377585
SG_001300,0,0.1243830215767145,0.3821939566217551,0.11582001601097333
SG_001301,0,0.13260878013251962,0.39130731440041977,0.12174794693364505
SG_001302,1,0.11908853945207558,0.4687804519006922,0.13972989583853002
SG_001304,0,0.28109232654879684,0.6517478957165398,0.2956031725556602
SG_001307,1,0.09615171546054087,0.33663954133901713,0.09223332029214691
SG_001308,0,0.1417350980116113,0.4693705377898229,0.15042996516962806
SG_001310,0,0.2317415151704528,0.5947070588073967,0.24235110920484712
SG_001311,1,0.1203387397965797,0.3848168781214171,0.11494506854912884
SG_001315,0,0.4307694903409376,0.7171878693897121,0.4044730472727542
SG_001317,0,0.11124623263009288,0.10408532668573663,0.039256780541163466
SG_001320,1,0.26805035809603844,0.5460347520868556,0.23328948707945135
SG_001323,0,0.18524100361649765,0.505687327455804,0.18253907882723866
SG_001324,0,0.16321901812933357,0.5106326770806429,0.17494749809832724
SG_001325,0,0.10984469936013663,0.37106251230576476,0.10681205549346809
SG_001326,0,0.10728360457037495,0.38631282967428954,0.10989139145305646
SG_001328,0,0.14137984545894955,0.40743413663890554,0.13012200600594984
SG_001329,0,0.09256282880803496,0.4448135144078576,0.11910090904408988
SG_001330,0,0.15725135397208323,0.43665690909834093,0.1458787534550616
SG_001332,0,0.12515087032661276,0.4579741214646193,0.13913738365465705
SG_001333,1,0.10639065170467514,0.3704321017430788,0.10520465495271761
SG_001334,0,0.1436267470780318,0.5017349145074553,0.16266225431173736
SG_001337,0,0.09828567069117185,0.32082590665399374,0.08915442760076621
SG_001338,0,0.33727040065081787,0.6799361574901176,0.3379346661673777
SG_001339,0,0.33162034134531104,0.6096918153507492,0.29160861160455
SG_001340,0,0.10272779897395486,0.35945477888438787,0.10076711716941937
SG_001341,1,0.1240771352141455,0.4372300044305701,0.1321130165366701
SG_001342,0,0.2465067318159083,0.590869093560799,0.2467476344761519
SG_001343,0,0.15606653654520594,0.4535166948687753,0.15113523505150359
SG_001344,1,0.14909421535585707,0.4437590567353228,0.1449498308271559
SG_001345,1,0.29656143833048315,0.6395948149942228,0.2948922456330759
SG_001346,0,0.12019818695281136,0.37205947858708316,0.11127304448636839
SG_001347,0,0.10616384298295158,0.3422283126421128,0.09766434470536901
SG_001348,0,0.14826811298954165,0.5096308303129348,0.16773101323843323
SG_001351,0,0.11832984484238862,0.3769746006037036,0.11190888992151941
SG_001353,1,0.18275591674866953,0.6538053293424683,0.24995874774144078
SG_001355,0,0.07614229301258203,0.13824558629018457,0.040697422671434696
SG_001356,0,0.10605967952747364,0.34716870612226686,0.09891134059834486
SG_001357,0,0.1474302783352336,0.3931049316874151,0.12799342209697573
SG_001358,0,0.24265167414730873,0.6350534336090297,0.2687459401219254
SG_001359,1,0.27943560249476035,0.6006082723596103,0.2655808230218087
SG_001360,0,0.09510705246619855,0.2815742999946168,0.07845868569990817
SG_001363,0,0.15010036754031225,0.4571485264338226,0.1498884012098281
SG_001365,0,0.12475036537824012,0.47349584137799383,0.14398665879865039
SG_001366,0,0.1950352366183827,0.5715730557926221,0.21486397759826414
SG_001367,0,0.1698846030476049,0.45042150796865177,0.15562800885759162
SG_001368,0,0.0774903435396583,0.31659073598322945,0.0796392419004352
SG_001369,0,0.1974411395461569,0.5927105140719839,0.2258949601596405
SG_001370,0,0.2991980239601993,0.6328114441418073,0.2919605249500957
SG_001371,0,0.15166831697653207,0.4500714016190044,0.14813906160888782
SG_001372,0,0.18832011125874124,0.43365458775838867,0.15667435206308228
SG_001373,0,0.16388328492955875,0.47511504244989383,0.1620058386998553
SG_001375,0,0.2631229550510447,0.607600190993327,0.26256606636246044
SG_001376,0,0.14030258104775406,0.4439592730642011,0.14132661483151154
SG_001377,0,0.21989970705576253,0.5241425996374318,0.20438371937799232
SG_001378,0,0.19509653475283284,0.45327381520350374,0.16633423352811885
SG_001379,1,0.1070106350770601,0.374689596516348,0.10661151872443414
SG_001380,0,0.29748988022451095,0.5811218797403124,0.2624081206109008
SG_001381,0,0.09044805533681215,0.30679119086711726,0.08270356949846651
SG_001382,0,0.10249688161063981,0.35567894173681125,0.09968628400791073
SG_001383,0,0.1255800478215124,0.44317744214833993,0.13464008358991827
SG_001384,0,0.23827990632053941,0.530063996782191,0.214290840323439
SG_001385,1,0.1917146881418772,0.4022952843087816,0.1468474095225978
SG_001386,0,0.08699597572632994,0.27285854203245585,0.07351553501916205
SG_001387,0,0.14153862559332517,0.47301752724455554,0.15158929169513835
SG_001388,1,0.1628275050435544,0.4929069743937671,0.16807940073331332
SG_001391,1,0.23359703166766246,0.5908098323544443,0.2411908623141682
SG_001392,0,0.11370911179841155,0.33832567378718625,0.09953990554753404
SG_001393,0,0.2083998454127788,0.6007044305882354,0.2348953934127596
SG_001394,0,0.0990106955847843,0.3798469757600969,0.10452655997638118
SG_001396,0,0.11091497948478594,0.3067097634300055,0.09026291093818482
SG_001398,0,0.15532326813318806,0.4750162218583609,0.158335508575931
SG_001399,0,0.2599604547163328,0.6505828855041064,0.28555254764054033
SG_001400,0,0.25974857325132344,0.6111433322882951,0.26304913021093285
SG_001403,1,0.24990103096900437,0.6196487549607259,0.26342255952656424
SG_001404,1,0.28975640676229314,0.6075231364437331,0.2735898363811637
SG_001406,1,0.2642834247629539,0.5568363746767236,0.23704079324105978
SG_001407,0,0.08580672034645098,0.3017635756334336,0.07970166827698402
SG_001408,0,0.27038948096217674,0.6439436608694996,0.2862334248959575
SG_001409,0,0.08582686804623547,0.22320193753999842,0.06194480970460573
SG_001410,0,0.10361960358414259,0.33971201935494455,0.09601014215275532
SG_001411,0,0.24625195701692673,0.5565690650440441,0.22972590179021785
SG_001413,1,0.21870257407082902,0.6125885980763524,0.24567769273838122
SG_001414,1,0.230034781866429,0.665627555829087,0.28065798845469503
SG_001416,0,0.12837032321490693,0.4480946680765006,0.13744724217387128
SG_001417,1,0.2254050463394934,0.5834604119581609,0.23398860759319734
SG_001418,1,0.30156646480870947,0.5874609401552735,0.26738709454345894
SG_001420,0,0.1254468505606278,0.33782342492528133,0.10371558971267712
SG_001422,0,0.25372429490714804,0.6621106723514525,0.28967800069901667
SG_001424,0,0.11644614145521842,0.5126311694895694,0.15295351493741347
SG_001425,1,0.2402894949641121,0.6521370087389403,0.27748872594070123
SG_001426,1,0.28638781962360277,0.6243041489246145,0.28165011176184573
SG_001427,1,0.1812161267082827,0.4588765635730004,0.1631046300915316
SG_001428,0,0.15589289788252136,0.4350933853199038,0.14481286091678813
SG_001429,0,0.1217775531024512,0.50352620989301,0.152604585234468
SG_001430,0,0.1885777574695392,0.5996949512589259,0.22505429067843705
SG_001431,0,0.1402106547823179,0.5220100430792488,0.1684722252523285
SG_001434,0,0.17892884789483943,0.6891399439401041,0.26830383721476664
SG_001435,0,0.16323304634322836,0.4825991765070353,0.16445320412761102
SG_001436,0,0.08757643324666388,0.23694975597694426,0.06558200113454152
SG_001437,0,0.18099661216936355,0.548303315994222,0.19820248331376533
SG_001438,1,0.08236803249374619,0.4549235162922357,0.1162990612322477
SG_001439,0,0.2816778743685471,0.6841825899580417,0.3165108192521517
SG_001440,0,0.11231639410683623,0.3809482118507713,0.11055084296824612
SG_001442,0,0.10197407726284512,0.2621466426751087,0.0761405010285841
SG_001443,0,0.16821291136253066,0.5979600496879092,0.21414400199325226
SG_001444,1,0.110971371708202,0.3738071914035289,0.10802591939766241
SG_001445,0,0.0941973315007462,0.3544067865912087,0.09586377186405481
SG_001449,0,0.2133834518787472,0.5426588220256171,0.20983386345658653
SG_001450,1,0.32038275278679085,0.6923950793978924,0.33929032895469297
SG_001451,0,0.2205971495755773,0.687676997431142,0.28964664589799166
SG_001452,0,0.10785930892757305,0.41273593497538996,0.11752319423105952
SG_001454,0,0.16166796939256423,0.5276680961083096,0.18087474817011837
SG_001455,0,0.0689317467554596,0.2655892535399484,0.06505328600611197
SG_001456,1,0.11100662556594991,0.42733697020440903,0.12318711145252964
SG_001457,0,0.10626292378340953,0.34447233789315257,0.09828795338428098
SG_001459,0,0.14880394782913198,0.4716580403838131,0.15433141306966636
SG_001460,0,0.10615712293125568,0.4741167174563876,0.13492050006943443
SG_001461,0,0.16121075976851626,0.5011625602413664,0.17045652620622626
SG_001462,0,0.1024348975501894,0.33774054561663425,0.09503588112822826
SG_001463,0,0.2649399852690337,0.6660003336085792,0.2972059675716408
SG_001464,0,0.20662306292860463,0.5865747613633313,0.22716750524902357
SG_001466,1,0.18235476453119973,0.46577307893659936,0.16608541962262358
SG_001467,0,0.11986208155263416,0.4025821400248789,0.11987245044072128
SG_001468,0,0.3051638166351836,0.564476209657737,0.2566852871871986
SG_001471,0,0.10167490995551975,0.3133917457482582,0.08859825421949123
SG_001473,0,0.13212081088622107,0.4538770329976767,0.14098668111968848
SG_001474,0,0.16283858604965293,0.44894938873211554,0.15231103048732197
SG_001475,0,0.21544400206098926,0.5021601427417898,0.1933044884677501
SG_001477,1,0.13438234902094195,0.41858768262253504,0.13076284789903356
SG_001479,0,0.112906703036673,0.346884429635114,0.10151771167161858
SG_001481,0,0.22568529207857776,0.5688285343573443,0.22704597014265993
SG_001482,0,0.16159267040079706,0.43578850452992873,0.1473010270297438
SG_001483,0,0.08184422415382825,0.3116053013882247,0.08035802711877942
SG_001485,0,0.12880337432554048,0.2704743794600444,0.0865954336751351
SG_001486,0,0.08540953675971354,0.373231736822166,0.0966040926446867
SG_001488,0,0.21138227837358795,0.5253363036132453,0.20144976922548705
SG_001489,0,0.1662143487674236,0.5159540998487676,0.17834678954575747
SG_001490,0,0.18328029626596132,0.6173590375520158,0.23112216393532756
SG_001491,0,0.10384400836414297,0.3728388772070668,0.10477125125861589
SG_001492,1,0.1704777718950603,0.4978287584018173,0.1732320403939945
SG_001495,0,0.11661151932251958,0.4662958405181178,0.13773215842208866
SG_001496,0,0.2781710598714742,0.5522696298405972,0.24021356340446332
SG_001497,1,0.1130465820054526,0.2986553299047978,0.08893445996023965
SG_001498,0,0.22569198567936652,0.5325167701800968,0.21038222386234753
SG_001499,0,0.15717630713724698,0.4651532967724224,0.15564072666869191
SG_001501,1,0.2982124847308481,0.6128382056975942,0.2800151886619132
SG_001502,0,0.18310765161928413,0.5105913573355647,0.18359023984373607
SG_001503,0,0.11148964056743664,0.48721415621232345,0.1418530976377191
SG_001504,1,0.2482502572508231,0.6567692668213352,0.28392348766202624
SG_001507,0,0.11164743110811388,0.2736512416080263,0.08210823621483701
SG_001508,0,0.24912593799159097,0.5624953495623372,0.23373325641349355
SG_001509,0,0.20382463502904677,0.5539402708839729,0.21078994085352085
SG_001511,0,0.13656940662264824,0.4848405181063035,0.1533871798072218
SG_001512,0,0.10273210353627486,0.3409852806716976,0.09598483175348621
SG_001513,0,0.3091461096440249,0.6254609798987892,0.2917462795526078
SG_001515,0,0.12246554880493228,0.467443129318722,0.14092351514217838
SG_001516,0,0.1589736242103342,0.5224611416720578,0.177587020802831
SG_001517,0,0.10232594792808643,0.37191953275873774,0.10387748003549123
SG_001518,0,0.24300573285694513,0.6018436380869224,0.2509122659975902
SG_001519,1,0.21124098866979188,0.6329356910224535,0.2529479343131187
SG_001521,0,0.09463605257783557,0.40723325018853607,0.10979735347542462
SG_001522,0,0.28502902453761836,0.6690614843032344,0.30814640115785663
SG_001523,0,0.10819480402831207,0.37242489970585,0.10649626566272856
SG_001524,0,0.21766677013742897,0.4809460530550447,0.1854954187475145
SG_001526,0,0.1329868209828241,0.41546040368186377,0.12921915766821251
SG_001530,1,0.09006126807460613,0.27072726682786363,0.07412591019357896
SG_001532,0,0.12104110528379929,0.33508769877601696,0.1013775090443325
SG_001533,1,0.11060607421106201,0.397545935922013,0.11445360110641375
SG_001534,0,0.14065113476474986,0.41117316287558187,0.13099953878644505
SG_001535,1,0.10958287658687454,0.37224534346005456,0.10702511082597278
SG_001536,0,0.11868179270434327,0.4366674587865747,0.12950482972043126
SG_001537,0,0.1092225795500918,0.47989118083234894,0.1383280020589752
SG_001538,0,0.13194855031613903,0.3892688984863317,0.12088154360732467
SG_001539,0,0.14198095750078935,0.4913967559958345,0.15819406332842942
SG_001540,0,0.10242863415157939,0.3003561002626571,0.08563605648170909
SG_001544,0,0.13574248212837176,0.4384719672251037,0.13760406350644977
SG_001546,0,0.12455015922307609,0.38679990407889203,0.11721830245044791
SG_001547,0,0.23649507305225181,0.622351256388062,0.25894369134455986
SG_001548,0,0.16077721331960942,0.40958759501040815,0.1382556372067297
SG_001550,0,0.13470978213722004,0.43862202316904914,0.13720894320702073
SG_001551,0,0.14034890069026515,0.46328371577520716,0.14775344121360717
SG_001552,0,0.13620099599132324,0.42044340410085773,0.13209222028204887
SG_001553,0,0.28324990036409,0.6616100706689559,0.30264325676492726
SG_001554,0,0.09765001219742671,0.3956040184069979,0.10810033641161228
SG_001555,0,0.1150022507139115,0.30812924929100965,0.0920608459566761
SG_001556,0,0.09358430721725769,0.35325540046443865,0.09531073367850429
SG_001559,0,0.1687131760529282,0.5861637324527306,0.20898200357118746
SG_001560,1,0.15192476322338277,0.4636114140436412,0.15288329868232917
SG_001564,0,0.22866027627822824,0.6212347281542102,0.2547938823473174
SG_001565,1,0.10989877666611321,0.36305542242064165,0.10466841542556965
SG_001566,0,0.12964914533466101,0.45907754074998003,0.1415606274315099
SG_001574,0,0.1089278538344746,0.22547114553480682,0.06932166150771467
SG_001575,0,0.08989129674119568,0.3737222643005187,0.09881906498967831
SG_001577,0,0.13917708901123368,0.3119565090416099,0.10116566588679522
SG_001578,1,0.2491449420138303,0.658598124988927,0.2854356122525535
SG_001579,0,0.14953332417759355,0.5408973595778449,0.18031520692222858
SG_001580,0,0.10146056551353426,0.389289537839923,0.10813866762018634
SG_001581,1,0.27392286787876036,0.5968607006713742,0.26130653501529005
SG_001582,0,0.15777186358553522,0.5112296149662849,0.1727173226123241
SG_001583,0,0.1617037296374946,0.5927362343987115,0.2084089613595461
SG_001585,0,0.16933190509399618,0.4797253746689427,0.1659669596016894
SG_001586,1,0.18831664804079776,0.6939749768454878,0.2765450686110433
SG_001587,0,0.24885862995153085,0.6499110621368872,0.280127919697943
SG_001588,0,0.17761274714449146,0.6569958505429219,0.2489565671177376
SG_001589,0,0.11277704485602662,0.32822071187101803,0.09652030716496562
SG_001593,1,0.17013616962504544,0.46853727632749653,0.16220806508196672
SG_001594,0,0.31026662307373803,0.6130819884105371,0.28504081159002115
SG_001596,1,0.23646589781637026,0.5893037496029792,0.24167024020038527
SG_001597,0,0.17610967270829525,0.5173920379472283,0.18328830773986898
SG_001598,0,0.22317522989807329,0.4414343614715969,0.1719737481313228
SG_001599,0,0.13873204151781382,0.4010565877134841,0.12710669014797935
SG_001600,0,0.18435543332630647,0.5142527347287447,0.18558622892191903
SG_001602,1,0.24001783736210025,0.5622956297698789,0.22992031477840008
SG_001603,0,0.08812521102671274,0.3113346755248878,0.08285889787308663
SG_001605,0,0.12818412052893988,0.4880962735652432,0.15051923446177362
SG_001606,1,0.3244897519801,0.6547303758532962,0.3159528993364636
SG_001607,0,0.15149007652403115,0.5252326020748554,0.17514962568404355
SG_001608,1,0.2749406860082464,0.6576877915003085,0.29653831988088614
SG_001611,0,0.13627437499761655,0.2812625938997829,0.09174408573958588
SG_001614,0,0.2241330026638758,0.5936747847512387,0.23848885507884862
SG_001616,0,0.11721526395485656,0.42234784337653003,0.12453683129333284
SG_001617,0,0.1283448975362542,0.47050806560475666,0.1447031183560715
SG_001618,0,0.08989096953451915,0.33763242889187456,0.08987683585310224
SG_001619,1,0.25637460221382247,0.6118415556676939,0.2619829500391695
SG_001620,0,0.21612065732799057,0.572162511314488,0.2245134333296779
SG_001621,0,0.1835166473143918,0.6359387402471036,0.24075696298607152
SG_001622,1,0.18857549503256069,0.49594163305362937,0.18007239780841147
SG_001625,1,0.24278984791365973,0.6497793446925942,0.2772646808528141
SG_001626,0,0.1084270746477979,0.4928667136705188,0.14207032458470137
SG_001627,0,0.14661880232020255,0.4647832356866693,0.15100725209094693
SG_001628,0,0.07972274074846912,0.475291942098086,0.12040772898923127
SG_001629,0,0.09182725296459611,0.28184550222461024,0.07734543071499704
SG_001630,0,0.20526759100381595,0.5756716550569284,0.22137840602339248
SG_001632,0,0.13069307997940968,0.5114640862264156,0.15989902324281688
SG_001633,1,0.24910192994643507,0.5883103001464656,0.2465370720820437
SG_001635,0,0.1292095027713564,0.4602504886517565,0.1417413751068095
SG_001637,0,0.23707182965463325,0.5728153789626279,0.2337704086250782
SG_001639,1,0.3016829248960973,0.6030594601419045,0.2759470579256276
SG_001640,1,0.25690355119487135,0.696167339091903,0.31304258910826965
SG_001641,1,0.3007374175952622,0.6274425654836522,0.28944386880282874
SG_001642,0,0.19698270147329103,0.5361968342287509,0.20007820767832654
SG_001643,0,0.10647639792553533,0.4118737887209162,0.116646229512709
SG_001644,0,0.12328732238319233,0.43535614203856215,0.13118152741174427
SG_001645,0,0.08661797600983993,0.23786499989360388,0.06547522793884075
SG_001646,1,0.18925126138175707,0.5369410043543115,0.19705167189733824
SG_001648,0,0.18866199483034465,0.5574320342663035,0.2056277605679893
SG_001649,0,0.13023257361475737,0.4541629332772049,0.14023172675571338
SG_001651,1,0.09509944409491884,0.383013746128995,0.10359637074944945
SG_001652,0,0.2731925321438981,0.5712979616889505,0.24774199508230324
SG_001655,0,0.1144007411319513,0.30323764022999006,0.09058177788407352
SG_001656,1,0.1690488038932698,0.42342542061086513,0.14596812295344028
SG_001657,0,0.14056426759045546,0.49362879625737016,0.1583260524145577
SG_001659,1,0.21956363040058655,0.589094011432844,0.23419277976977707
SG_001660,0,0.2410374051793088,0.6035256605801178,0.2509358904139721
SG_001661,0,0.11663167253227402,0.40194199005125614,0.1183107404087214
SG_001662,1,0.14440112067739572,0.4983874350523551,0.161814261595188
SG_001664,0,0.19679908133596977,0.5241254514692444,0.19489611615345087
SG_001665,0,0.10719489782015212,0.2991509564503579,0.08703169093586337
SG_001666,1,0.2768296132535513,0.5917561855013267,0.2597839803916576
SG_001669,1,0.16740316692397073,0.435797550851878,0.14956660501190058
SG_001671,0,0.12931188293499976,0.575951676350162,0.18374816921320308
SG_001672,0,0.10728259648701714,0.506919232995621,0.14605569453391623
SG_001673,0,0.24256623100409622,0.5904376206152376,0.24485373386244205
SG_001674,0,0.11414889931089399,0.4085819283060265,0.11914891921685482
SG_001675,0,0.18756053424915572,0.4148855937722515,0.1497757074700143
SG_001676,0,0.1304414789266768,0.4114329276585608,0.12693446895666957
SG_001677,0,0.28166527715655804,0.641439647588832,0.28964584524300035
SG_001678,0,0.13413196387974832,0.3840464815127315,0.12017976480631862
SG_001679,0,0.1890743617633164,0.5055514931402123,0.18408206782505268
SG_001680,0,0.21904830082487714,0.5401396493430612,0.21106500444986004
SG_001681,0,0.23975112090593478,0.5884167754556093,0.242630360187876
SG_001682,1,0.27751087501600613,0.5946158540836285,0.261579187541482
SG_001684,0,0.1480338374375692,0.38884026362014373,0.12689551270868657
SG_001685,0,0.1371018685559154,0.5163240567061058,0.16483957357790235
SG_001687,0,0.10279619318946402,0.30201112709032185,0.08617911579787473
SG_001690,0,0.12247876051911759,0.4258871805239488,0.1279291854086699
SG_001691,0,0.21120491808293906,0.6115133397408492,0.24165634266290403
SG_001692,0,0.2319191703773492,0.5268954799882689,0.2103731262023102
SG_001693,1,0.28943018576906315,0.671262124429138,0.3115072546716583
SG_001694,0,0.09665274317994127,0.2893526487550967,0.08087011187339699
SG_001695,1,0.17011982574032422,0.2896724883933273,0.10393135995577835
SG_001696,0,0.11246686171277993,0.3466552694829922,0.10128676077808066
SG_001697,0,0.13703191106570364,0.474536774455942,0.15006949518950738
SG_001699,0,0.10690315637219706,0.3703335405397455,0.10539274274179262
SG_001700,0,0.259113773969031,0.5831099413294027,0.2480489302227583
SG_001701,0,0.09307736779896063,0.3209730207999649,0.08714185870375728
SG_001702,0,0.15688312008738428,0.4865742265548869,0.16316271890183673
SG_001703,0,0.13655539717762102,0.423927409718614,0.13333126985703322
SG_001705,0,0.1943664238468853,0.4352856951391155,0.15946313802271936
SG_001706,0,0.08653620882371106,0.3124947460540767,0.08249121251802508
SG_001707,0,0.15521934712857263,0.5121318933614538,0.17189207933281592
SG_001708,0,0.2818058707506555,0.6310878390086151,0.2836277291523034
SG_001709,0,0.1034194391499531,0.35696534584889433,0.10040262153019228
SG_001710,1,0.17699204044138395,0.6437067599638557,0.24143515626221798
SG_001712,0,0.27730918185561276,0.6032782955812797,0.26615154392389284
SG_001713,1,0.12662527123175274,0.4099010740295281,0.12488410582498881
SG_001714,0,0.10093254996207861,0.3456479469205475,0.09645569217017341
SG_001715,1,0.36843336836520546,0.6694404582195811,0.3437810749502647
SG_001716,0,0.1793465439022768,0.5520177067079434,0.19903731290392673
SG_001717,0,0.14719027681451488,0.4290249355730105,0.13931705511496112
SG_001718,0,0.15037203040109934,0.38922380573875365,0.12788154484936184
SG_001721,1,0.152417704858558,0.5444840661370554,0.1831601026752487
SG_001722,0,0.29193550025025616,0.6831227350959255,0.32041213416652703
SG_001724,0,0.21995097087781193,0.583690332841867,0.23171796086803334
SG_001725,0,0.13722830857593857,0.45092969081010603,0.1422813997845253
SG_001727,0,0.21157084970346593,0.45941012644256946,0.1747511150738766
SG_001729,0,0.15420532820658348,0.45650031873892055,0.15138997450828862
SG_001730,0,0.1552949576526553,0.5347685967773035,0.18068465656271257
SG_001732,0,0.3308425548642347,0.633011314832965,0.30508777387828817
SG_001736,0,0.23074274238590076,0.5893706278223976,0.23923207079639944
SG_001741,0,0.11960264716186862,0.48494262531833393,0.1452434426910462
SG_001742,0,0.11411305059280713,0.38934918336877583,0.1136514264549413
SG_001743,0,0.09421622380113544,0.3691686592679287,0.0996188568804314
SG_001746,0,0.22484647379710296,0.5845798028757724,0.2342946166945299
SG_001747,0,0.1474899828884636,0.41896966818188924,0.1361871046319426
SG_001748,0,0.18489897569142558,0.6028234483360915,0.22477826571899895
SG_001749,0,0.13225033669831576,0.5050450035429148,0.15838760885802797
SG_001752,0,0.2065391519963136,0.5703485002343911,0.21945965318420307
SG_001753,1,0.2207645149091043,0.6023959295168585,0.24138219262434757
SG_001754,0,0.19915118341506585,0.6561769788954147,0.2598194543875634
SG_001755,0,0.09776424573762481,0.3699804887321227,0.10139317639631151
SG_001756,0,0.12487349870472396,0.4608124209643365,0.1399203544311965
SG_001757,0,0.27151169973715417,0.6221145639049834,0.27412281597104504
SG_001758,0,0.16032478279954546,0.556406433262615,0.19190443067052454
SG_001759,0,0.1499411889633486,0.5032227824803821,0.1661380924544763
SG_001760,0,0.11268154187496382,0.49218791048302923,0.1440950728944921
SG_001762,0,0.173491490876544,0.454796904890715,0.15860418574569743
SG_001763,0,0.13165282775465031,0.5080113412646114,0.1591459823495815
SG_001764,0,0.13417336450701364,0.43690393967517804,0.13643060940040377
SG_001765,1,0.13727324352378215,0.4623853507362279,0.1460872703683926
SG_001766,0,0.22528416613607863,0.5836519324510041,0.23402993836692465
SG_001770,1,0.17542015182341789,0.46949254668606316,0.16469680717542243
SG_001771,0,0.18713982830321585,0.4352926359591334,0.15682683501744116
SG_001772,0,0.10906171576174027,0.2880307365923931,0.08487590839669489
SG_001773,0,0.2530100627526055,0.6302514413335734,0.27067535402175646
SG_001774,0,0.1428363954322368,0.4119446549750058,0.13211023806974612
SG_001775,1,0.17686402014234068,0.5357396001316093,0.1910637987290578
SG_001777,0,0.1418608198306197,0.43633351090080996,0.13950140979489045
SG_001778,0,0.1245674949678925,0.29441832477987884,0.09165495309586236
SG_001779,0,0.09552596247964179,0.33720286117081627,0.09211772204316812
SG_001780,0,0.12418167373585691,0.4067573676520847,0.12292155738360434
SG_001781,1,0.10078225941381692,0.4335868037416856,0.12010924066594926
SG_001782,0,0.1507180270112303,0.4607655689975297,0.15138875730889115
SG_001783,1,0.09252547354572137,0.4186603396265802,0.11184623898981316
SG_001784,0,0.22496942088570304,0.5793705961597028,0.23180457655548614
SG_001785,0,0.09288203932420329,0.29111997299098125,0.07991577013782727
SG_001787,0,0.28504943966488505,0.5671393831458198,0.2503001058019824
SG_001794,0,0.18520438016566323,0.4777315955613386,0.1716903647715706
SG_001795,1,0.11113453488877724,0.4537133931681306,0.13114166663562213
SG_001798,0,0.3042043566221773,0.7220854189844493,0.35365818471163585
SG_001799,0,0.14807396465595113,0.4030179174297663,0.13134038702054082
SG_001800,1,0.2981839728093436,0.6769826367832992,0.3190992173163026
SG_001801,0,0.11652969345946877,0.3258358624267446,0.0972597588030273
SG_001802,0,0.08880671968425356,0.32155929310279613,0.08555722805435634
SG_001805,0,0.11936503494418278,0.3307855813900183,0.09960736987526768
SG_001807,0,0.33813428194128486,0.6101054111158551,0.2944127595216667
SG_001808,0,0.08663336958805813,0.286019001052137,0.07639304186868569
SG_001809,1,0.16570315560779952,0.5615821608648262,0.19670122239944232
SG_001810,0,0.10872390145685144,0.3593665244739959,0.10320314802289321
SG_001812,0,0.16779683491244293,0.4870071022317797,0.16801754987518552
SG_001813,0,0.19944358924914596,0.775592497372771,0.3426570105619976
SG_001814,1,0.3108640148702908,0.6455518278509212,0.3045196762619317
SG_001816,0,0.08986856821736029,0.24861844184691195,0.06898202033779689
SG_001817,0,0.1912225202057558,0.567085297294911,0.21108899308126589
SG_001818,1,0.11224377509491472,0.439504384887769,0.12737415051172193
SG_001820,1,0.2449254833538058,0.6736912106859896,0.2927317203385565
SG_001821,0,0.12056198433536146,0.4227846600748726,0.12615014085008583
SG_001822,0,0.09574884473245117,0.39116211706899695,0.10603678434874524
SG_001823,0,0.14136576017091979,0.4817208251831422,0.1545163271669217
SG_001826,0,0.1518015938728613,0.400534936222349,0.13197106082821267
SG_001828,0,0.12378331039825985,0.30333900484280385,0.0937780380621661
SG_001829,1,0.17979157691459857,0.5831018796097509,0.21301480888511046
SG_001832,0,0.10146184044044539,0.2751969966489343,0.07913141270280762
SG_001834,0,0.11332641508846682,0.3599860358438709,0.1052130551393875
SG_001835,0,0.12586290778642908,0.4442574866247803,0.13510650063264276
SG_001837,1,0.21137206239452444,0.48632988699386076,0.1852705514506913
SG_001838,0,0.10145888653315456,0.3986075878137976,0.11066496311192074
SG_001839,0,0.09957854126122222,0.3666966568670525,0.10132549874010853
SG_001840,0,0.1976143252995518,0.45068818831085206,0.16630894871790572
SG_001841,0,0.07210337082336855,0.11787878705568137,0.03535228297531185
SG_001842,0,0.1770619091046325,0.5205764661981757,0.18497832225173924
SG_001843,1,0.14299949989590688,0.5025463366109068,0.16266145414133645
SG_001845,0,0.10733255026501275,0.39171232899398684,0.11139826080818119
SG_001850,0,0.12770811388284886,0.5000821886769587,0.15440348306031
SG_001852,0,0.1263130353105119,0.47135172973501266,0.14402482967221647
SG_001853,0,0.1908114214602125,0.5233592007669765,0.19204589230493999
SG_001854,1,0.11456323148111858,0.2117519210062061,0.06745206194455886
SG_001855,0,0.0778464810715097,0.31366047461790914,0.0791336277429496
SG_001856,0,0.2733172696348663,0.6195616276795552,0.27345659395344296
SG_001857,0,0.12571684029598265,0.44284772049553145,0.13459804175004572
SG_001859,0,0.20399372386152181,0.6144429819576435,0.2397641521196804
SG_001861,0,0.08906266531070411,0.3840191642236694,0.10104728903720843
SG_001863,0,0.10617370592305879,0.44562157271477587,0.126273077487141
SG_001866,0,0.16234009448217404,0.357057106570095,0.12208552597298765
SG_001868,0,0.15532493166813122,0.4643162015017992,0.15456857177134306
SG_001869,0,0.20626451321385816,0.6233764500511001,0.24547279395993699
SG_001870,0,0.1446933526888008,0.46818328273807586,0.1513316968096879
SG_001871,0,0.11698152634395059,0.3630728290697169,0.10750114686040661
SG_001873,0,0.22107944310781621,0.5739950025165587,0.22753419614700035
SG_001874,0,0.14342791830230348,0.3809280143611808,0.12275824967202015
SG_001875,0,0.15273500812082733,0.4414357754907847,0.14566651204481876
SG_001878,1,0.24863903214949046,0.5911831797585928,0.24781035773296606
SG_001879,0,0.10569548282931814,0.3468922070402521,0.09869411919159307
SG_001880,0,0.16569786722733754,0.4308004227800471,0.14720041635049277
SG_001881,0,0.13847742606056992,0.45952986418230635,0.14567007387024808
SG_001882,0,0.1821430344059879,0.62554670823086,0.2346784716254476
SG_001887,0,0.22647003217187514,0.62384346433469,0.25519334586192405
SG_001889,0,0.10667459606777341,0.3635068850047305,0.1034712740884954
SG_001891,0,0.13213287711966543,0.393217541326723,0.12213027621546677
SG_001896,1,0.26321406526749336,0.6426498379643942,0.28231144360071064
SG_001898,0,0.22632152491714255,0.5640166268967088,0.22503736175655728
SG_001899,0,0.11124559285054907,0.23290408340489513,0.07181236661177293
SG_001900,1,0.10237076992387596,0.361541229475878,0.10116398378719058
SG_001902,0,0.17659652360772235,0.4204428699940523,0.1477508120106978
SG_001905,0,0.09563810833867624,0.44531777115303167,0.12085680523199735
SG_001907,0,0.2123171584493424,0.5318029219127803,0.20462395932614752
SG_001908,0,0.25717893596660685,0.5750170376104805,0.24316821700428629
SG_001910,0,0.22454487505987678,0.6060320279679383,0.24494348993334436
SG_001911,0,0.11013446547869099,0.36515145730597176,0.10532954567880456
SG_001913,0,0.1171091749392512,0.37026074766974704,0.10954176004512231
SG_001916,1,0.1576886695542015,0.450191548589997,0.15065735370190406
SG_001917,0,0.1998653686534417,0.5566683276092205,0.21028087276195923
SG_001918,0,0.11478210404841506,0.39396736736040056,0.11524012039702004
SG_001920,0,0.2743682888150725,0.5977066590341664,0.2619410952561852
SG_001921,0,0.2404690994006986,0.5759338884931493,0.2367190682274196
SG_001922,0,0.15288117071164534,0.4058754967693426,0.13408025373553317
SG_001923,1,0.2286270887564764,0.5824820927580294,0.2349038015029006
SG_001926,0,0.27184081532260157,0.5871890796441828,0.2553568593183427
SG_001927,0,0.32842598472638107,0.626852003292903,0.3004040198736148
SG_001929,1,0.20146211051768315,0.5819374017208869,0.22261086207003164
SG_001931,0,0.13014960395725442,0.4281850351703263,0.13196234909958765
SG_001935,0,0.09694407842692675,0.32012641946370285,0.0884599329945049
SG_001937,1,0.19413929788913345,0.5331903339771934,0.19758006293460068
SG_001938,0,0.10410000066882014,0.2946339436189575,0.08481320324323412
SG_001939,1,0.11032183104386828,0.5402118447171138,0.15924212053449588
SG_001940,0,0.11530600911644151,0.4332682343969252,0.12693107075456253
SG_001941,0,0.11994280259438399,0.36427693629456215,0.1089937944944426
SG_001942,0,0.34096559915729907,0.6234755756024731,0.3034109056209185
SG_001943,0,0.11994514002847677,0.2602568191799811,0.08127012859935763
SG_001944,1,0.2853154261698369,0.6006160955208072,0.2679879899663685
SG_001945,0,0.153290016152807,0.5157036690387379,0.17235393887255335
SG_001946,0,0.13246265037658814,0.44383205537731724,0.13789987481515384
SG_001948,0,0.13144920682659222,0.3481294980364709,0.1087563495151857
SG_001949,0,0.10543140595398254,0.4215471737528352,0.11890911554988055
SG_001950,0,0.3068654456130688,0.60609574142817,0.2797200543586365
SG_001951,0,0.08457032718287205,0.2788356622275519,0.07397940322463882
SG_001952,0,0.15981964109299676,0.5145606097381155,0.17492173062696825
SG_001956,0,0.10676474876441261,0.26898074998817995,0.07936598496301182
SG_001957,0,0.10461115684849119,0.3822189441199122,0.10761915593018583
SG_001958,1,0.2919697940985119,0.6582354040237225,0.3043396704409891
SG_001959,0,0.14607448128081038,0.2672143275384351,0.09069266251738393
SG_001960,0,0.3131944607683859,0.6372395128973574,0.30042210427174415
SG_001961,0,0.22902776730200247,0.6948917010548573,0.298562711901243
SG_001962,1,0.227479146956474,0.6948804942279666,0.2977765207961356
SG_001964,1,0.2132296852797411,0.6014864634581479,0.2375037055141135
SG_001965,0,0.12478973726559407,0.46078354369342356,0.1398720052010064
SG_001966,0,0.11868727088784808,0.4427856925896833,0.13137928810831387
SG_001967,0,0.10375284051601187,0.38191868263545165,0.10716491463365298
SG_001968,0,0.2905499037437343,0.6488005035888592,0.2978993718882747
SG_001969,0,0.13657842395859407,0.3749409448616291,0.11840963266590779
SG_001970,0,0.27611412075692315,0.6153539905722878,0.2722868231552327
SG_001972,0,0.11012363826700888,0.6351547387958922,0.19727258767623385
SG_001973,0,0.09509051978024675,0.408455716610419,0.11034635819270783
SG_001974,0,0.077280027962232,0.24538488439098233,0.06394261479768394
SG_001978,1,0.1761590608607859,0.47414099525137887,0.16670897526202927
SG_001979,0,0.28162159569591005,0.6350608687315654,0.28586416382377317
SG_001983,1,0.29168260551558745,0.7142823556948411,0.3420964169246359
SG_001984,1,0.22653677610328657,0.5545360091676054,0.22070031354384356
SG_001985,0,0.07570283959046391,0.2250211338788626,0.05905518213322553
SG_001986,0,0.20387967019422518,0.5760248391720874,0.22092197364936178
SG_001987,0,0.16525553677678728,0.4995508117964678,0.17162664932246158
SG_001988,0,0.15645636396673962,0.45081971840079477,0.15036916654757093
SG_001989,0,0.23472532152039616,0.5767250812217457,0.2346886708249358
SG_001991,0,0.22447519399384133,0.5462106232922077,0.21603135525859776
SG_001992,0,0.13233681611542958,0.42729203693031415,0.13261627919138747
SG_001993,0,0.11946707016653317,0.44485477142541824,0.13237732873973365
SG_001994,1,0.18188340176909076,0.5724427023548203,0.20917459086738507
SG_001995,0,0.23231406267010865,0.6342109244310692,0.2635535523999765
SG_001996,0,0.2290686198012657,0.498227177202312,0.19690399435263442
SG_001997,0,0.10807862749261425,0.3943484496496303,0.11245487561868778
SG_001998,1,0.19483662839724933,0.5993811739513925,0.22789792842666207
SG_002001,0,0.16963495722819844,0.4289365795942341,0.14806743381722265
SG_002003,0,0.3484522145586458,0.6622680202859599,0.33076991453426463
SG_002005,0,0.11347902895925088,0.4446618469778559,0.12951445120461463
SG_002006,0,0.20783808632361822,0.4956018247423583,0.18764068130859501
SG_002007,0,0.12467242189949353,0.36529254986030724,0.11110598226963064
SG_002010,0,0.20568231637848675,0.5609936487396998,0.21478169744398298
SG_002011,0,0.13711359138221155,0.42496366573213584,0.13388919579167494
SG_002012,0,0.12140337517349899,0.3665822837890657,0.11020719833336763
SG_002013,0,0.10214882692835903,0.4040725450724345,0.11247990604993358
SG_002014,0,0.2118759334460465,0.5988098829558128,0.23554684420814193
SG_002015,1,0.11091035585351272,0.2887692916829058,0.0856861520771673
SG_002017,0,0.20818387791007317,0.5871693627878858,0.22816085593851884
SG_002018,0,0.23272630176010192,0.5767541068390355,0.2338551860243679
SG_002019,0,0.24498331463918563,0.5788279298610635,0.24003768539204645
SG_002020,1,0.2909159753845116,0.6104079621766711,0.27566826519960086
SG_002022,0,0.11460270198824368,0.4670270998462271,0.1369779251565883
SG_002023,1,0.27557601035372264,0.6357397055484901,0.2836670281774952
SG_002025,0,0.228980909489458,0.6381895313516912,0.26422793070358036
SG_002026,0,0.13132220963854158,0.41235513106494054,0.1275794991163664
SG_002028,1,0.3366844684934048,0.6575473168269186,0.32282798822793846
SG_002029,0,0.19080634877251645,0.43280859982137765,0.1572780141637231
SG_002030,0,0.11508233622576776,0.3202534042695817,0.09526338793920706
SG_002031,0,0.09259569093312407,0.29205454608965,0.08003098755994649
SG_002032,0,0.24809030005539068,0.7399599115408058,0.3403516029562045
SG_002033,0,0.12615596640012194,0.4083646666719716,0.124227348181431
SG_002034,0,0.0924167818074675,0.2601407578548931,0.07249154336260961
SG_002035,0,0.11429637541831084,0.4144062381916585,0.12090222744483717
SG_002036,1,0.23385055313934813,0.5862293158276353,0.23900676408258145
SG_002040,0,0.19913290042110154,0.5897802023593163,0.22527435021368516
SG_002041,1,0.24520353355676752,0.5877021264342447,0.24458475157950252
SG_002042,0,0.08824676323182688,0.3450257804055881,0.09096867949685557
SG_002043,0,0.2276728306923004,0.5786420004237066,0.2326157671946201
SG_002046,0,0.17902377716329898,0.5974955898769085,0.2193427669770496
SG_002047,0,0.09337765424309695,0.3985702246928634,0.1068814110929038
SG_002049,1,0.20146132130130698,0.600244708858793,0.2314440112350019
SG_002051,0,0.12506145468770738,0.42774068883686256,0.1296252023222089
SG_002053,0,0.09695543850010648,0.350689864997958,0.0960969233440294
SG_002054,0,0.18335177622129126,0.5588865637517186,0.20384829141906335
SG_002055,0,0.13822543327743567,0.4474469862208949,0.1415750575575601
SG_002056,0,0.12988971497299787,0.4516588988614767,0.13927011459659175
SG_002057,0,0.06979457417211474,0.19397265332295008,0.0506764731302286
SG_002058,0,0.18991895705656803,0.6746130786503327,0.26564820589659177
SG_002059,0,0.09348771799825258,0.38763190824687255,0.10405865042008292
SG_002060,0,0.20866246334956087,0.5331672776304346,0.20370297503521126
SG_002061,0,0.12151193063392889,0.4200978115593227,0.12576010052420386
SG_002062,0,0.09078424688251673,0.28741465351561224,0.07826780245513282
SG_002064,0,0.10879593239356529,0.40188915554592725,0.11487823232156902
SG_002065,0,0.12214559098922943,0.449901509226018,0.135186561220392
SG_002066,0,0.11039315442523435,0.36091331872292653,0.1042914916565059
SG_002070,1,0.2370672281179492,0.5617509373256794,0.22844564381606958
SG_002071,0,0.11870393204299823,0.4375444837356302,0.12978222853978671
SG_002072,0,0.11430029969637794,0.40130509113449087,0.11712413102687212
SG_002073,1,0.19974021240310666,0.5241167265843656,0.19612449772078036
SG_002076,0,0.16186249484215454,0.7337676765036781,0.28706069884126234
SG_002077,0,0.14771502405290657,0.48847385805045357,0.15977542353624366
SG_002079,1,0.1897005584139744,0.5492806224339146,0.20253313837255701
SG_002080,0,0.20617447370624134,0.5301971132407883,0.20138770282388416
SG_002082,0,0.2035168420345497,0.4711397087836526,0.1762849406766195
SG_002083,0,0.11696925345227886,0.38593631798941613,0.1138811242011268
SG_002084,0,0.22087305586822892,0.5952348056981673,0.23782164143909584
SG_002085,0,0.13666171660136442,0.3163448563486319,0.10158279862152839
SG_002086,0,0.1595192212018798,0.4798804270574249,0.1618786997920499
SG_002087,1,0.25997727780422725,0.6302796372285282,0.273755571179564
SG_002088,0,0.1000070523281889,0.3407037945071081,0.09481998189274872
SG_002089,0,0.1066664049551967,0.3635569936180687,0.10348124968637584
SG_002091,0,0.13661410659345594,0.39852304636637365,0.12549898674396853
SG_002092,1,0.1054359236493842,0.3980003159440023,0.11229650352115157
SG_002093,0,0.08045839738976816,0.2891971576770875,0.0747272635023942
SG_002094,0,0.10403946474936317,0.451018111156297,0.12681402104062095
SG_002095,0,0.1831654629041556,0.5629817005404529,0.20556144401037887
SG_002096,1,0.1831334603748338,0.544595599420167,0.19758865536723982
SG_002098,0,0.08820548489635727,0.32404517842102126,0.08590226745278541
SG_002099,0,0.15155131076694392,0.4620097292450956,0.1521711059403856
SG_002100,0,0.11268461123675544,0.4729752626958824,0.13790348405812441
SG_002101,0,0.08890815558266237,0.197439632231418,0.05708741078802156
SG_002102,0,0.10573303926004275,0.05114604634093869,0.023383618263827056
SG_002104,0,0.09966095665799028,0.39180579766103607,0.10800392149369364
SG_002106,0,0.10855800744160966,0.3273557209160923,0.09472515818845637
SG_002107,0,0.12750455633482505,0.4265064111274141,0.13030613951617206
SG_002108,0,0.09979068897124876,0.33450213665510053,0.09316381933764811
SG_002109,0,0.1058717432104791,0.45804166905200827,0.12984350893794352
SG_002111,1,0.1382929844864288,0.5861003120518976,0.1929998658283996
SG_002112,0,0.18150292667132453,0.5180879354095409,0.18590777557045293
SG_002113,1,0.10863971926977363,0.37271802522464365,0.10676126638536056
SG_002114,1,0.11884934607688347,0.35812494363563235,0.10686394017690785
SG_002115,0,0.20552551564401825,0.5778872740491925,0.2225356001891619
SG_002116,1,0.19939001364516953,0.49800968025525033,0.1852656389943199
SG_002117,0,0.09299234721742644,0.31575880393553435,0.08584649247057334
SG_002118,0,0.09939409494933325,0.36944991005162053,0.10196422223024569
SG_002119,0,0.19789440362161756,0.6079540011091792,0.23358054401671147
SG_002120,1,0.19591422980675952,0.44877439484789955,0.16496932887906493
SG_002121,0,0.17890940758968057,0.5526590917617256,0.19911149798616637
SG_002124,1,0.20397213012238682,0.5734572296443353,0.21976406082462074
SG_002126,0,0.23119859085411187,0.5802561551154389,0.23491650590261298
SG_002127,0,0.1790108703828099,0.39450235827159735,0.1398206733695177
SG_002128,0,0.18732674116453416,0.47096983294614747,0.16997725200725586
SG_002130,0,0.10797815891379094,0.35826926502598455,0.1026088784520426
SG_002132,0,0.16016460518425737,0.5462618149570024,0.18763642064355396
SG_002133,0,0.1795939158819845,0.5207107608537873,0.1861379459829627
SG_002134,0,0.3299810195507372,0.664954975921116,0.3248439803440084
SG_002135,1,0.3512925397860758,0.6290678414263288,0.310900853716777
SG_002136,0,0.157261039647245,0.5221328958991801,0.17666573942223646
SG_002138,0,0.13684786768697604,0.4947954016939141,0.15698890587799655
SG_002139,0,0.09508120083557227,0.37712369727491024,0.10205550118375945
SG_002140,0,0.08573436985639081,0.3323369400323668,0.08683480563854303
SG_002141,0,0.2023233105089318,0.5969159253170705,0.2302115094194956
SG_002143,0,0.24418762730595608,0.572736694423355,0.23669795059704202
SG_002144,0,0.09177959238111887,0.24965885067875582,0.06985370207601091
SG_002145,0,0.22394332920948626,0.5470281415417215,0.21618343295404002
SG_002146,1,0.16941471373279735,0.46312004596365247,0.15996012071520732
SG_002147,0,0.3166132221356657,0.5849257154537119,0.2718943662250366
SG_002148,0,0.1950299038723918,0.5573835837606621,0.20846121817320123
SG_002149,0,0.29624726741506563,0.6236396903753781,0.28537497255056826
SG_002153,1,0.17993070347000137,0.5000442415492858,0.17809555402610439
SG_002154,0,0.12375042444234181,0.2440524695075566,0.07818412701011687
SG_002155,0,0.07842617504527574,0.3981936039610078,0.09931665463448992
SG_002156,1,0.22204295298876306,0.6755419954439016,0.28278013640050803
SG_002157,0,0.22931001847877316,0.5277249703626143,0.20970713162471835
SG_002158,0,0.11034771776537505,0.4604922214675931,0.13283393381952655
SG_002159,0,0.13175736058763116,0.4028738452009768,0.12487925795381671
SG_002160,1,0.23062986822224388,0.5866828831954882,0.23784391286722675
SG_002161,0,0.1803401852091425,0.4865801996999955,0.17308353757017944
SG_002162,0,0.1617009015857029,0.5928582748674704,0.20846293855424722
SG_002163,1,0.12176115572419706,0.5595342557301362,0.17296678385073255
SG_002164,0,0.11031856921460108,0.36796240418666243,0.10616548953681948
SG_002165,0,0.173778693971787,0.47068535266244305,0.16447133985017542
SG_002167,0,0.1168300126610524,0.40759485343354335,0.12003294194845587
SG_002168,0,0.21417185755625945,0.5681080209655681,0.221760694533976
SG_002169,0,0.15122739690486317,0.43533135462769174,0.1430198404118283
SG_002170,0,0.24597882373515598,0.5937490929309901,0.24799909488391034
SG_002173,0,0.09046814736026204,0.32281420166074,0.08653540567957191
SG_002174,0,0.18127469625435252,0.4629226680770112,0.1646101817952803
SG_002175,0,0.11873643264597933,0.4303572318429395,0.12761652679445826
SG_002178,0,0.09699333337115977,0.203180069924374,0.0606566302984279
SG_002179,0,0.11843926939942058,0.37731685406244303,0.11204930884327333
SG_002180,0,0.17093930270663324,0.5151106900276587,0.1801162398900804
SG_002182,0,0.13241221325593214,0.37517339067237937,0.11690499288097021
SG_002183,1,0.1252607952104894,0.4598078652658703,0.1397773411607196
SG_002187,1,0.12327339968649935,0.388992922047979,0.11733829030046469
SG_002188,0,0.19344652090655803,0.5017730835767479,0.18437095807816756
SG_002189,0,0.1315774613046041,0.4539040037061703,0.14075222201980334
SG_002190,0,0.13139449613050078,0.3515900726208796,0.10972043116845508
SG_002193,0,0.2079073125683044,0.55755606685492,0.21418769494051634
SG_002195,0,0.3206574078927496,0.5704406552164993,0.26568889486509645
SG_002196,0,0.22866526784347005,0.5837245871236291,0.23553131687038648
SG_002197,0,0.229895600144523,0.6730422439673597,0.2851069496407155
SG_002198,0,0.21189565520900733,0.5980071286901169,0.2351563451732211
SG_002199,0,0.13816547673940024,0.5084705243643994,0.1624994609224869
SG_002201,0,0.1016867305091989,0.2947854585818613,0.08399526535336586
SG_002202,0,0.20734142326080485,0.609717669569143,0.23893570315186857
SG_002203,0,0.0839331446432313,0.3194145136755151,0.08303346599497188
SG_002204,0,0.14760431660701162,0.5232537562448689,0.1725346622397227
SG_002205,1,0.17833340060678124,0.46286335480653573,0.16343067780906945
SG_002206,0,0.19332731891498314,0.5384043571299589,0.19944651425146823
SG_002207,0,0.1071236627758833,0.49838908707889235,0.14316380401404663
SG_002208,1,0.16386735635366032,0.49610205252617495,0.16972394103413052
SG_002210,0,0.20826504429931525,0.4754857479307978,0.1797794892372287
SG_002211,0,0.12735935743513185,0.4292488002811606,0.1310891802719465
SG_002212,0,0.1269023538659405,0.3509628259351492,0.10790324172598213
SG_002214,0,0.17526237386705315,0.5264961047679882,0.18656982748215795
SG_002215,0,0.19947241580102626,0.4949554803057599,0.18407605032072916
SG_002216,0,0.11291291556363926,0.4398009474949319,0.1277787845598952
SG_002217,0,0.1058600414269294,0.39528219609358867,0.11173473848447335
SG_002218,0,0.14898083016466498,0.5344106855516739,0.17749718726983976
SG_002219,0,0.08184277401431045,0.23005790626900746,0.062179594960796836
SG_002221,0,0.14142878671655865,0.5555478339717559,0.1820520846390174
SG_002222,0,0.17526643016076493,0.46794491078683764,0.16406766615484578
SG_002224,0,0.19566558066734976,0.48809302935443116,0.17984681717842638
SG_002225,0,0.10426094906584078,0.42550500603973423,0.11948584779998195
SG_002226,0,0.12616161566547768,0.4081762183270667,0.12417332047580872
SG_002229,0,0.19848525803869402,0.5890626173699436,0.22463067860674882
SG_002230,0,0.1042683306385858,0.4638975394322508,0.13080039728009332
SG_002231,0,0.21083360719464753,0.5573813623479109,0.21537049271146072
SG_002232,1,0.09610434160983794,0.36446781008802165,0.09924573268594068
SG_002234,1,0.09913907576138115,0.3788219478442755,0.10431293353395857
SG_002235,0,0.11210104676192678,0.4045293671207826,0.11708605825855786
SG_002236,0,0.177177314518306,0.5579105749061536,0.20057012732562834
SG_002237,0,0.1915019541961326,0.6036009392789743,0.2283629882794329
SG_002238,0,0.08557145678015866,0.09255564005765758,0.03206990610022397
SG_002239,0,0.10758921486562752,0.18816044575083135,0.05983246513815971
SG_002240,0,0.2322203655091506,0.5984394760969199,0.2444586157483797
SG_002242,0,0.19546596725806265,0.42637198197052417,0.1566432042709717
SG_002243,0,0.1562108333582096,0.519637139352887,0.17521447043285407
SG_002244,0,0.18102922033978142,0.5152191217038021,0.18455165083447297
SG_002245,0,0.19335788962975706,0.4759858615109102,0.17424322161142858
SG_002246,0,0.08934326007386872,0.34593896021699766,0.09166744683166397
SG_002247,0,0.2242867312514053,0.5629320057344308,0.22366856954340908
SG_002249,1,0.11418697377663345,0.44511007777694034,0.1299861254319918
SG_002250,0,0.26441143235172754,0.6171257851879787,0.2683135669923392
SG_002253,1,0.10042707027526297,0.31840863333190117,0.08937751493473547
SG_002256,0,0.12397321651013771,0.41013000209951844,0.12383703019813654
SG_002257,0,0.29939628751390757,0.6068645680618996,0.2771427027958006
SG_002258,0,0.1385371181053252,0.4581399299710535,0.1452340184388557
SG_002259,0,0.12602227794169993,0.4596148222836797,0.14006833556001538
SG_002261,0,0.13055318341383623,0.46104994713456704,0.14261608958456407
SG_002264,0,0.17365713995517562,0.5116502803706832,0.17994838755307813
SG_002265,0,0.10789142425468594,0.4647443976428864,0.13291108610614732
SG_002267,0,0.14210428628713256,0.44283453209934964,0.14172285705354826
SG_002268,0,0.14821758937007198,0.4436898286434747,0.1445637151946393
SG_002269,0,0.1543600503999822,0.48257987599347674,0.1606177855648567
SG_002271,0,0.1840704630579207,0.5282428689112717,0.1911596086977596
SG_002272,0,0.13508100688570293,0.3703771645822203,0.1165050082475724
SG_002273,0,0.12086439873346773,0.37006368740744916,0.11097449036982791
SG_002274,0,0.10088606878185329,0.3844768507664398,0.10659015057452344
SG_002275,1,0.12087478880849407,0.45006197672118436,0.1346486079398743
SG_002276,0,0.11624931102541854,0.4547573805451685,0.1339343055083276
SG_002279,0,0.14534183528065367,0.36528706032441827,0.11873635225963851
SG_002282,1,0.1536618559115114,0.5082190463953057,0.1697033003531854
SG_002285,0,0.10545113486894336,0.3696045712761399,0.10458879070487585
SG_002287,0,0.31350761079877404,0.7453968439007301,0.3763170313489452
SG_002289,1,0.12820411145280486,0.38765885915499854,0.11892786447246183
SG_002290,0,0.14775754946807276,0.4351387851931078,0.14154629371948615
SG_002293,0,0.15756159538098985,0.4642921035974972,0.1555000779667968
SG_002295,0,0.1113382156202762,0.42323447243833273,0.12213958262772019
SG_002297,0,0.268162312306421,0.6568061876160225,0.2929819629042246
SG_002299,0,0.19399507924835113,0.5415948205685313,0.20110357426448822
SG_002300,0,0.1421738264335458,0.44533434560927426,0.1425728761081625
SG_002302,0,0.13249163846749532,0.4662065587198215,0.14519889789675014
SG_002303,0,0.11666239872333817,0.3337251587047107,0.09941134262213756
SG_002305,0,0.25582717429630736,0.5483978165912466,0.22965482473912507
SG_002306,0,0.31998361858124863,0.6638871942594987,0.3199338068711268
SG_002307,0,0.10598035165815771,0.45563724967390073,0.1291722803586246
SG_002308,0,0.15421193562975236,0.5138218319992873,0.1720678255180888
SG_002309,0,0.24935974260769264,0.5829822395273299,0.24394419870632517
SG_002310,0,0.23352974660892575,0.5988433062861056,0.24523886801125613
SG_002312,1,0.21973447592013365,0.576942701224542,0.22836215617454497
SG_002313,1,0.10111921413317455,0.46454341793376974,0.1293584178103296
SG_002314,0,0.20662898796580023,0.5939803454362086,0.23076267347394036
SG_002315,0,0.12426724928784742,0.3999374720760067,0.120940914590065
SG_002316,0,0.11432497150441652,0.45076577668164197,0.131780716139205
SG_002317,0,0.23783197496081543,0.5386239944915449,0.21798715123650056
SG_002318,0,0.154602541427461,0.4502012231366283,0.14939622268485056
SG_002321,0,0.23258289111520059,0.5519333454963805,0.22198867206463105
SG_002323,0,0.14218004475922685,0.3390816187006084,0.10990773350413859
SG_002325,0,0.15941264161779858,0.506006245545591,0.17148006689920275
SG_002326,0,0.2712660919979811,0.5498556433151803,0.23637353687216844
SG_002327,1,0.1323008310581892,0.39465325262992645,0.12262604295603716
SG_002329,1,0.12487308402650378,0.45719033696366557,0.13875767789711488
SG_002330,0,0.1322795756313698,0.5094599613538997,0.15997314455753964
SG_002331,0,0.18421678447570897,0.5325826396294211,0.19302055684608574
SG_002333,0,0.21904098730398802,0.5253916972651428,0.2045799587599872
SG_002334,0,0.1883299627683108,0.5678407211624007,0.21010501088710656
SG_002335,0,0.15390487964230856,0.4750955734935413,0.15775233990887447
SG_002336,0,0.17864732509841505,0.5279459948467669,0.1886586872961171
SG_002337,0,0.1424468395775214,0.4030163285790889,0.1291660702643798
SG_002338,0,0.2309810834599182,0.5893850289038475,0.23934270749399958
SG_002339,0,0.1822607790737472,0.5301270981862831,0.19114495033485124
SG_002340,0,0.29556530098734685,0.6480455591204094,0.2995854088783555
SG_002342,0,0.10984190968307363,0.35366752062293905,0.10213019801451056
SG_002343,0,0.11793122826963394,0.4019373362844122,0.11886487056480985
SG_002344,0,0.17619775902916154,0.5303241555213538,0.1885420090441983
SG_002345,0,0.15707919449845342,0.4909433550744604,0.16484188952916845
SG_002348,0,0.11464032885822108,0.4879271934017274,0.14371329596215981
SG_002349,0,0.25911598994617197,0.6001408504111615,0.2568912261449994
SG_002350,0,0.14328972661873987,0.4938114266495106,0.15965785222188394
SG_002351,0,0.12324437249594111,0.4510230276133285,0.13604608727971496
SG_002353,0,0.18629851000168438,0.5045880553877056,0.1825446523014438
SG_002354,0,0.33293486347945594,0.6625449155342038,0.32450786266822634
SG_002355,0,0.0967767885266933,0.323586925701517,0.08924739864938519
SG_002356,1,0.18898105171448568,0.5157922314422713,0.18816863234083384
SG_002358,1,0.2249755546499432,0.6102874331314708,0.2473396858835905
SG_002359,1,0.19607866337465743,0.5498948218732307,0.20561829264246118
SG_002360,0,0.08679652049462983,0.3981673608304525,0.10357494820339418
SG_002362,0,0.14880182958673446,0.48316345239444725,0.15837295480901153
SG_002363,1,0.19087110348891226,0.5045970618985898,0.18444366804578424
SG_002364,0,0.23145502154142714,0.6047128221377823,0.2473467011504474
SG_002365,0,0.10609314461788372,0.4152988262075045,0.11743957926743438
SG_002366,1,0.2148114309717231,0.46076855177624065,0.1764612536371924
SG_002367,0,0.1661573124264679,0.4550118832462154,0.1557626366797379
SG_002368,0,0.14122748315336933,0.4101976596898129,0.13092404322201895
SG_002369,0,0.16852039441771263,0.5150258847541175,0.17901244079435494
SG_002376,1,0.20681798694984457,0.5073400444608958,0.19203563699458454
SG_002377,0,0.2765561706916386,0.5371889218470646,0.23230619433095864
SG_002378,0,0.2617504144267351,0.5983580813203268,0.2570548696942384
SG_002379,0,0.2615188384014501,0.5063311518468188,0.2124999209568259
SG_002380,0,0.12202037879251833,0.3179422534827068,0.09709284735220962
SG_002382,0,0.15090244273696307,0.3213213609052255,0.10759687724013531
SG_002383,0,0.12665141861323687,0.4510921443113129,0.1376262129757557
SG_002384,0,0.11773975190494933,0.3564723041366314,0.10598083222051757
SG_002386,1,0.21021982811688159,0.5921067282133817,0.23148328917230457
SG_002388,0,0.12118917272374387,0.5000982081480726,0.15113023737898007
SG_002389,0,0.12402034535279811,0.31244016613436104,0.09629866758407017
SG_002393,0,0.12375035415840009,0.36958613103713805,0.11196691937636559
SG_002395,0,0.2694075197071404,0.5712891646058738,0.2462300903711881
SG_002397,0,0.2802800963919481,0.6391851682749435,0.2877139944557534
SG_002398,0,0.35812087078903393,0.6697817581546324,0.339765458704161
SG_002399,0,0.1379339009825191,0.04864094038819963,0.025603014621434914
SG_002400,0,0.10227414397265651,0.15560927573845518,0.050650471067625914
SG_002403,0,0.07957944735789003,0.2963944031035427,0.0759845681936747
SG_002405,0,0.2052538391294277,0.6382275280719796,0.25291204223460795
SG_002406,0,0.09989552793822896,0.3477142455604753,0.0965605521974792
SG_002408,0,0.11181912182200672,0.22955699134082264,0.0711445053458816
SG_002409,0,0.23450264046099348,0.5834682231025613,0.2379139220434866
SG_002411,0,0.12317062516802951,0.38364945135358275,0.11575459269922217
SG_002412,0,0.10468985576956423,0.4635052488897212,0.13089808567168104
SG_002413,0,0.17819935915585453,0.5360056744888099,0.19177308210775298
SG_002414,0,0.23251866220064152,0.5843223999439391,0.23748695593569727
SG_002415,1,0.1947481913668857,0.630963447547503,0.24383603443515192
SG_002416,0,0.10429154905178074,0.29913241407591035,0.08599974176385942
SG_002417,1,0.13080703995735063,0.45202134149208756,0.1397982010281165
SG_002418,0,0.09934813579446444,0.28859020093607846,0.08164978444445277
SG_002420,0,0.12967621745753677,0.4312244554977415,0.13270518354652944
SG_002424,1,0.22234526346948227,0.49402444932612116,0.19259773144843978
SG_002425,0,0.08975373811232368,0.4040123140815088,0.10655797587378629
SG_002426,1,0.12341089824125628,0.4306902492099055,0.12980340573678267
SG_002427,0,0.0797344020647406,0.30032909858994294,0.07692974085837312
SG_002428,0,0.15175888346659192,0.49603840892315576,0.16433248611889523
SG_002431,0,0.09463343540648707,0.4476491795636745,0.12099802392801809
SG_002432,0,0.16299126352223667,0.5268892670842893,0.181177694195826
SG_002433,0,0.12084601933738588,0.3693921960759389,0.11077848672913002
SG_002435,0,0.22103217317472948,0.5487462137013355,0.21575754215421972
SG_002436,0,0.14576651991692266,0.4804224252000079,0.15605061556795954
SG_002438,0,0.19478884659877357,0.5207380895636654,0.19264224339901762
SG_002439,0,0.31306029072312536,0.5856269961288336,0.27089522474586225
SG_002440,1,0.117497766601452,0.44101178813331987,0.13028588551156284
SG_002441,0,0.09991696538206524,0.3221918309288033,0.09012524242742948
SG_002443,0,0.15639637037568951,0.4490058437488833,0.14972346233224101
SG_002445,0,0.24141234140041623,0.5130000782497469,0.20793340774698285
SG_002446,0,0.11411890373103188,0.3198421824213995,0.09480967036903645
SG_002449,0,0.24427994186125132,0.6230108436206596,0.2627836410798415
SG_002451,1,0.2582582521690928,0.616496221593084,0.2653273358305975
SG_002452,0,0.1196786289039552,0.44676104165254593,0.13306546989739929
SG_002457,1,0.12203200490976503,0.41558226273099635,0.12463445053471099
SG_002461,0,0.08419048019506559,0.054607696076118845,0.022039370303034704
SG_002463,1,0.15816232195266056,0.5296107988056765,0.18000720626163166
SG_002465,0,0.162422090239892,0.3845353880785975,0.13075784044395308
SG_002467,0,0.18192466058830226,0.493647408899553,0.17644620138412104
SG_002468,0,0.1313560644670369,0.4650554909160381,0.14429861811899075
SG_002469,0,0.16908670841399584,0.44283170219514173,0.15265431380187836
SG_002470,0,0.13293495633268523,0.3955343036262274,0.12314164392201646
SG_002471,0,0.09655403132377849,0.3054217623178265,0.08471485009757701
SG_002472,1,0.13754235367408074,0.43839050345231634,0.13834613724071887
SG_002473,0,0.27698335671591895,0.6123210321691936,0.27096841627491125
SG_002474,0,0.15456702149632284,0.4865222078087813,0.16212816165491833
SG_002476,1,0.20803740736980922,0.7394443007449776,0.3186420327077596
SG_002478,0,0.12709156990816745,0.4838037246483989,0.14853875001851266
SG_002480,1,0.2513179450427769,0.6636158297104605,0.2894884919002963
SG_002481,0,0.2121722126293355,0.5602571532564252,0.21726065537374326
SG_002484,1,0.27986010042903886,0.6977932410021441,0.32490994838608434
SG_002485,0,0.13004610684548215,0.43232515797601595,0.13320863680282116
SG_002487,0,0.12981629065011868,0.4088457923426373,0.1258914384132432
SG_002488,1,0.1829954490943513,0.5204281676444348,0.187497559545801
SG_002489,0,0.20051281071219795,0.5416893242888416,0.2039590760314381
SG_002491,0,0.1434938331643706,0.4983203443912331,0.1613678069637525
SG_002492,0,0.09327460147417894,0.2505204065891121,0.07054497119419646
SG_002494,0,0.1121071259787615,0.32282446654172764,0.09486101129997603
SG_002496,0,0.11334757747142121,0.44918932368518383,0.13083001968203384
SG_002497,0,0.23377355847940962,0.5390007094093522,0.21653701158093858
SG_002499,1,0.26501281035349206,0.5325248260982727,0.22573628491009573
SG_002501,0,0.21522477890183386,0.5780356850860787,0.22691309111828528
SG_002503,0,0.08971941306842594,0.2744225896299995,0.07485784174738107
SG_002504,1,0.11085067939694682,0.3172161233275819,0.09294680550747582
SG_002505,0,0.09621808618170717,0.4037025167257002,0.10960451484884692
SG_002506,0,0.17558170254665703,0.4893809129392468,0.17218057972073775
SG_002508,0,0.11494485158455196,0.355534080195551,0.10464016735960477
SG_002510,1,0.10190704148467356,0.4008263832501912,0.111476788308269
SG_002511,0,0.16195476801277456,0.422664920359116,0.1430238198949532
SG_002512,0,0.20401141807740827,0.6105121359033538,0.23777208924933446
SG_002513,0,0.09355001331269408,0.2574834423225595,0.0722554032005175
SG_002514,1,0.11956416389183648,0.30733612841761593,0.09342244179804707
SG_002515,0,0.16064026093350312,0.5265140240079238,0.17994391838915985
SG_002516,1,0.13913986646775262,0.4919592045896076,0.15707054828870534
SG_002518,0,0.26174317891888293,0.641653842699224,0.28107773877173026
SG_002519,0,0.26247676623196176,0.607759395293226,0.2623786305385583
SG_002521,1,0.13307851440125662,0.47231519888374557,0.14750482376527455
SG_002523,0,0.1601314583407827,0.47599853427108046,0.16074106269738872
SG_002524,1,0.27860404650022974,0.6361274087757717,0.2851960540819277
SG_002525,1,0.2569508585921053,0.5825804623291061,0.24688873114523202
SG_002527,0,0.09980536044222067,0.2728710521629535,0.07800795831841016
SG_002528,1,0.2645055415493142,0.6913999560967465,0.3134267082332895
SG_002530,0,0.1242252463458523,0.3773051049324795,0.11435276965448168
SG_002531,0,0.16862124856848193,0.5791978072189596,0.20580692249811586
SG_002533,0,0.20813399064674168,0.5976142264116062,0.23324003414023553
SG_002534,0,0.14983215810271314,0.4535202735010133,0.1485410773132132
SG_002535,0,0.28860720464026657,0.6164243336628927,0.278093162233319
SG_002536,1,0.17362037345759562,0.4722674031977975,0.16498762134719705
SG_002537,1,0.22077720521253727,0.5324985372366557,0.20838773552291398
SG_002538,1,0.38704554840180744,0.6825150433438377,0.360478301658042
SG_002540,0,0.1270773243441483,0.5295506486328189,0.1645921380880245
SG_002542,0,0.18030243408952332,0.5100365378815283,0.18217617020659937
SG_002543,0,0.17483978916386167,0.4924187598340434,0.1730238148285589
SG_002547,0,0.16979663831332129,0.447395723052639,0.15452838195050947
SG_002549,1,0.1378153812556915,0.5357822456193249,0.17246865884644075
SG_002550,0,0.1576070651496552,0.5559387667688053,0.19037925452430773
SG_002551,0,0.1168304777217129,0.19332580153886259,0.06338897549675143
SG_002552,1,0.1992094515602358,0.5156657620035173,0.19238254013642297
SG_002553,0,0.12637978885647683,0.40376749215811697,0.12294831170224997
SG_002554,1,0.09820831924018748,0.21711938352970972,0.06426682253458653
SG_002556,0,0.10481629789461938,0.27278488312535415,0.07966462900672071
SG_002557,0,0.17277417084612257,0.5083011515746818,0.1782551903389855
SG_002558,0,0.09459649095665244,0.2671839260588521,0.07488011081091467
SG_002560,0,0.2592934192135948,0.5204716930165324,0.21802804414542765
SG_002561,0,0.11628179022497546,0.45732099199644105,0.13474854821883572
SG_002562,0,0.20440046195730346,0.5629215998769598,0.2150981848482667
SG_002563,0,0.1673138805297719,0.534184063424369,0.18608514803436707
SG_002564,0,0.26434097070663837,0.6469308754905488,0.2853357219534721
SG_002565,1,0.2633827419980746,0.652637916423771,0.2883177611333573
SG_002566,0,0.21001526739604795,0.42033367247372044,0.15952891664720703
SG_002567,0,0.3132027269033793,0.6209955427829273,0.2907913921884969
SG_002569,1,0.28877817557909397,0.582091544468618,0.2594860300842367
SG_002570,0,0.08523063105407917,0.2410421872888216,0.06572752307856977
SG_002571,0,0.21720946212027945,0.6462397033961902,0.2631651194058705
SG_002574,0,0.10658918260298382,0.37964554442195875,0.10777429583670319
SG_002575,0,0.09555670363669756,0.22398735016944255,0.06509690888982181
SG_002576,0,0.09327594823893497,0.43203737344459675,0.1158964438756349
SG_002578,1,0.10648850786272834,0.4366767081769153,0.12378873662851446
SG_002579,0,0.17509938377626375,0.5200471185173209,0.18390484934294066
SG_002581,0,0.270400229616322,0.6225760485500668,0.2739085368484523
SG_002582,1,0.22359288406784805,0.666837490133017,0.2782545868401119
SG_002584,0,0.20457350876730337,0.5330130368019043,0.20192901120444126
SG_002585,0,0.1096193763757551,0.41614351101984226,0.11929988655542194
SG_002589,0,0.17823881957557228,0.4566497014075554,0.16113340218898356
SG_002590,0,0.15116217566619483,0.572730587180681,0.19418276005277488
SG_002591,1,0.11182913685055496,0.4497157376948829,0.1302602056216217
SG_002592,0,0.15214418828640697,0.4117318048088432,0.13567761824353208
SG_002593,0,0.2538820014409584,0.6111488191792338,0.26053723439749144
SG_002595,0,0.08924635869793257,0.19599870721857016,0.05685663899221056
SG_002598,0,0.1993310671740842,0.4469302737474723,0.16554408811134552
SG_002602,0,0.15427721325953087,0.4538199821627247,0.1504993299376926
SG_002603,0,0.2680417886182919,0.5237274745405796,0.22279607627966044
SG_002604,1,0.1427621962977681,0.42212721458302566,0.1353045136840248
SG_002606,1,0.20203484690829865,0.49941273092966343,0.18688755826022913
SG_002607,0,0.12138770992247166,0.40710077606358896,0.12184359454037427
SG_002608,0,0.1311287509551058,0.5006176320483777,0.15627672467878156
SG_002609,0,0.0847049071672618,0.34617620064950577,0.08968663885595814
SG_002610,0,0.18726128393461708,0.5348248146256651,0.19529071745336019
SG_002611,0,0.08964927859088234,0.38009238310099386,0.10032277796590716
SG_002612,1,0.31393382553965643,0.6417037826844464,0.30344086899113326
SG_002614,0,0.16841508140122122,0.4545052461717115,0.1564877567994668
SG_002616,0,0.14124720675964686,0.46388745656059893,0.14835346863008694
SG_002617,0,0.1156938949796431,0.408279994184547,0.11973791801418061
SG_002619,0,0.15841043851981038,0.5684556830281616,0.1960458694005504
SG_002620,0,0.21251996848616173,0.5974978125857736,0.23518751586382872
SG_002621,0,0.12171283916936915,0.3246177688475448,0.0987827183110645
SG_002623,0,0.1280397762335174,0.4150805624812728,0.12704113470097836
SG_002624,0,0.16879624734593657,0.45665543147419346,0.157402349013016
SG_002625,0,0.09584549713852497,0.3950418224300553,0.1071107736801603
SG_002626,0,0.1214477491726645,0.32099775305120537,0.09771462810951222
SG_002629,0,0.2269717310044841,0.554570473680984,0.22089694802604137
SG_002631,0,0.08380945699657112,0.33339405895137186,0.08625452862431035
SG_002632,1,0.18978333556860727,0.5417632072066565,0.19933443893970026
SG_002634,1,0.2405449561653065,0.524351117063051,0.21261773470854303
SG_002635,0,0.27738500380135095,0.6494392486216846,0.292583108957307
SG_002636,0,0.13901109065071982,0.4527289089002252,0.1436497310209868
SG_002637,0,0.11540107695647824,0.2898471911841469,0.08745989644116801
SG_002639,0,0.1485580803254941,0.4979200147175494,0.16356256337583053
SG_002640,0,0.15635177518073629,0.5222842463784573,0.17630119648176934
SG_002641,0,0.3225496648994821,0.6716495241546552,0.32610798324412266
SG_002642,0,0.17283725767068106,0.47860376328525983,0.167004650749882
SG_002643,1,0.1062714631700961,0.41479469396515284,0.11737900833144366
SG_002644,0,0.11042764080102697,0.3723416497120707,0.10740097279134203
SG_002645,0,0.2790207765571791,0.5934961659180192,0.2615979678040867
SG_002646,0,0.17122226530009557,0.5784647636154835,0.2067579740907572
SG_002647,0,0.20313502999301158,0.47496782913404717,0.1776259908936399
SG_002648,1,0.14500521523549967,0.6300305143449789,0.21675789348666658
SG_002651,0,0.24249145091820992,0.5953431638728106,0.2473275874577642
SG_002655,0,0.3105399193275265,0.657108711034509,0.3115921242622408
SG_002656,0,0.1555291579969822,0.5083123236800862,0.17059236927615878
SG_002658,0,0.20769788629101768,0.5602983344893826,0.21534351369521593
SG_002659,0,0.1288920757520742,0.47714219759638793,0.1471647423744614
SG_002660,0,0.10999898504138513,0.38496833309494416,0.11068621504237182
SG_002661,1,0.1500723230144311,0.5305037800233104,0.17650722204285513
SG_002662,0,0.1798880053578574,0.4956706901483363,0.1763823008981057
SG_002663,0,0.20372222546243188,0.47616867445140976,0.1783185427217244
SG_002668,0,0.11362941631507174,0.41766607319398363,0.12155426642854453
SG_002669,0,0.20243156979916802,0.5873836524488765,0.22564555168008632
SG_002670,0,0.1415831836011763,0.5070753042335621,0.16363454786613885
SG_002671,0,0.15839071510464267,0.4595742765998468,0.15419458733867125
SG_002676,0,0.1095291218890474,0.39673552365098763,0.11375570743194298
SG_002677,1,0.14097278827658588,0.3364764483338782,0.10874458031785175
SG_002678,0,0.13528790901197243,0.4513465670259935,0.1415676283580576
SG_002679,0,0.13082954912497927,0.4741455634515952,0.14707367589996734
SG_002681,0,0.17464912952858372,0.4800378485047662,0.16828309722095725
SG_002682,0,0.12805365760215945,0.4414268677000702,0.13519341183019387
SG_002683,0,0.2566372976586821,0.5787517670069069,0.24482230774190367
SG_002685,0,0.15880604675646506,0.5243820863405532,0.17825790194705898
SG_002686,1,0.201814545234698,0.5419324471310862,0.20462233748983072
SG_002687,0,0.11966305172085258,0.36858004135208605,0.11008572978928403
SG_002690,0,0.13601399335465172,0.4261973582866191,0.13382030803032705
SG_002692,0,0.10597697373400439,0.29948765894209656,0.08668685084201314
SG_002694,0,0.3542956498977665,0.6445633680621748,0.3217342354666348
SG_002695,0,0.08952144848927025,0.14875532627470375,0.04615530291549526
SG_002696,0,0.1432426816820334,0.44763757153568606,0.14378642742305284
SG_002697,0,0.11380414777427224,0.4454434596357224,0.12990611456601125
SG_002698,0,0.29920699985765364,0.6598713727211946,0.3084953129794839
SG_002700,0,0.11800022796891503,0.4738779117611283,0.14083773115271728
SG_002702,0,0.11088813015904841,0.41486940583890525,0.11950902660855692
SG_002703,0,0.10546483769513958,0.22431163923486847,0.06805887352548949
SG_002704,0,0.09207996301343312,0.5051308130256421,0.1367590673496848
SG_002706,0,0.08387603011912081,0.35622020008771155,0.09172784922232315
SG_002707,0,0.09165200244246947,0.34374424388526714,0.0921197249773355
SG_002708,0,0.08891985932881098,0.25807172413205476,0.07082056156823087
SG_002709,0,0.0942417305111342,0.18350163920446544,0.05533971315742121
SG_002710,0,0.17504395678971643,0.5406986919486053,0.19229490996396476
SG_002711,0,0.26129134551453964,0.6047788420810958,0.26027569617849083
SG_002712,0,0.12891730678678603,0.5003267340612603,0.15508715800098005
SG_002713,1,0.1176634667403786,0.5067670566824801,0.15158422644622824
SG_002714,0,0.21402245035929804,0.4952917363756701,0.18992355871871597
SG_002715,1,0.15113925013607896,0.3517027415181907,0.11667825852584897
SG_002716,0,0.20261329803794115,0.5070257401046636,0.19021612464100995
SG_002717,0,0.13777616292881267,0.34939879645165084,0.11137255373446561
SG_002718,0,0.1997344404953224,0.5053810807165987,0.1883812169942325
SG_002719,0,0.09698541675361039,0.36932234967691274,0.10088150547929584
SG_002721,0,0.2073190967057715,0.5174719871733405,0.19645586763653064
SG_002722,0,0.09334077534078432,0.47000609373123164,0.12679557315421847
SG_002723,1,0.15240027392559463,0.38406296805067913,0.12701654881017313
SG_002724,0,0.0743974467639122,0.1594944599006807,0.04482854321849349
SG_002725,0,0.13904013069278223,0.4236462960685951,0.1342687523428325
SG_002726,0,0.13768163439712866,0.44767853997150786,0.14141550215829451
SG_002727,1,0.16234251638557687,0.5310235552372475,0.18251827503422838
SG_002728,0,0.18851663810397065,0.46566101504805774,0.16844940434318137
SG_002729,0,0.11764566054307135,0.3884240174978636,0.11486701603261229
SG_002730,0,0.12389830555083599,0.45371781278790013,0.13720031952352987
SG_002732,0,0.19478223586302612,0.47982167429028316,0.17627720148831363
SG_002734,0,0.1303265700015932,0.3958227330404581,0.1221882180088647
SG_002737,1,0.26184403011336665,0.6061777371315722,0.2612594238592913
SG_002739,0,0.2832358188178457,0.666675272217651,0.3058314555926578
SG_002740,0,0.3543012239057088,0.6741922365595698,0.3411680355231539
SG_002741,0,0.20604136112652127,0.643478651556768,0.25617631794896023
SG_002743,0,0.2387147328603256,0.6404790699276007,0.27002282699154656
SG_002744,0,0.08555603848809591,0.21308912760598633,0.05961190285168745
SG_002745,0,0.3009539806816737,0.6309315397314426,0.2915820777612731
SG_002747,0,0.13576129325704198,0.3921337788718819,0.12323048296128872
SG_002749,0,0.07506486252662205,0.18797260764470242,0.05103433589642637
SG_002750,1,0.20837280197231714,0.6408677346836769,0.2558824994872602
SG_002751,0,0.09783716082347342,0.3645186303619192,0.10001029833795351
SG_002753,0,0.1419600222157911,0.4236063075496405,0.13545037912316207
SG_002754,0,0.1265502705369074,0.43780622164782024,0.1333919011635753
SG_002756,0,0.12126581599882973,0.434045168731641,0.12987419048576054
SG_002758,0,0.07428288175273727,0.21685187416976032,0.05686002425963285
SG_002760,0,0.24194710851294401,0.5768739994253763,0.23780080080504992
SG_002761,0,0.21467321225713354,0.5691641592352729,0.22247279811826176
SG_002762,1,0.24435061363283558,0.6739890395477937,0.29264550618193663
SG_002763,0,0.24721005154098918,0.6725443233612305,0.2930940490646736
SG_002764,1,0.2997057106453343,0.6196518642258286,0.2845052922057118
SG_002765,0,0.17941197275779308,0.3483683262127643,0.12487304073409464
SG_002766,0,0.13945344192271905,0.4975460637395667,0.15919525919452499
SG_002768,0,0.27268441879959726,0.5599195178171846,0.24185185234869216
SG_002769,0,0.15404025759745682,0.43788428077968505,0.1450050660956675
SG_002771,0,0.17940264975038236,0.6440033222248537,0.24287177363103235
SG_002772,0,0.2860577858162649,0.5955865225358478,0.26556927738642305
SG_002774,0,0.18115412596946048,0.467249131646312,0.166157952430813
SG_002775,0,0.11255677035035642,0.4547710500084904,0.13215870528553278
SG_002776,0,0.2445137651224489,0.5580638951088684,0.22973519836708936
SG_002778,0,0.20852466240884926,0.5518979468421118,0.21190123218491497
SG_002779,0,0.08517810500496369,0.23200672155813848,0.06369766679255554
SG_002780,0,0.08686238030086334,0.3589816780028834,0.09376252239977718
SG_002781,0,0.11820565582494945,0.4966840872453406,0.14844784869042874
SG_002784,0,0.10441747705589936,0.3118508492802177,0.08922988971536741
SG_002786,0,0.12068082356028172,0.36996057467649807,0.11087332104405966
SG_002787,0,0.1406124320896985,0.5416706113290526,0.17615728607423473
SG_002790,0,0.1407698918747141,0.45756660834300766,0.14602189421633402
SG_002791,0,0.18267877598638568,0.47883324375817804,0.17109543852357495
SG_002792,0,0.13671717658111407,0.3745780005095813,0.1183541645957121
SG_002794,1,0.27758387721055194,0.5863548386737194,0.2572470505107297
SG_002795,0,0.1274014544335739,0.4491279101327038,0.13734037368469668
SG_002797,0,0.137648088137759,0.5055184241011649,0.16118484755494172
SG_002799,1,0.22416553788266977,0.464438854645309,0.18129784023353193
SG_002800,0,0.09677423484085257,0.4233873102613893,0.11525636701152149
SG_002801,0,0.22095705843385938,0.6082964188443907,0.24448805974304916
SG_002802,0,0.2014840257344647,0.4989528159079762,0.18648209001188434
SG_002803,1,0.11610729738819237,0.4977543829196445,0.14772324226818356
SG_002804,0,0.10518597125116802,0.31695940871434514,0.09080406356637076
SG_002805,0,0.13541060338267882,0.4599165960118207,0.14443605562169254
SG_002806,0,0.1142868430011351,0.34543478121056304,0.10165883276009502
SG_002807,1,0.3322181759460002,0.6263306119475572,0.30161944111664646
SG_002808,0,0.1587151325166511,0.4689032898852411,0.15761025645075244
SG_002810,0,0.13003540725481544,0.5059630516555581,0.15761747653614136
SG_002811,0,0.2896304322429814,0.6214002077354224,0.281342503261325
SG_002812,0,0.23007113177686725,0.6374807097075863,0.264338900434929
SG_002813,0,0.19515349331679976,0.587114535293519,0.2221555120985596
SG_002815,0,0.22624620762911238,0.5939451054711484,0.23955695705672464
SG_002816,1,0.19520616416934802,0.47688363067904366,0.17530913851046584
SG_002817,1,0.1716763159501075,0.535965039262914,0.18880813228010265
SG_002818,0,0.2198630411386688,0.5244423877725289,0.2044989211141729
SG_002819,0,0.11586244669678736,0.30256022613482964,0.09090704671584525
SG_002821,0,0.18778450104980823,0.47994028536127076,0.1735587237175949
SG_002822,1,0.12183929220801458,0.4088810613727799,0.12256100180950577
SG_002823,0,0.2694022930886908,0.5900249266497554,0.25584255153509317
SG_002824,1,0.12032689664890811,0.4649939368682635,0.13911380839099513
SG_002826,0,0.12968855513437716,0.539674049548917,0.16973178404327277
SG_002828,0,0.21007659831252368,0.5516327979914951,0.2124457507540272
SG_002830,0,0.1434821398121818,0.31128012551103146,0.10234690970407712
SG_002831,0,0.09844065113602106,0.3407986614990929,0.09420902663877034
SG_002833,1,0.31543293390607813,0.7042840731676515,0.3455601130684268
SG_002835,0,0.1076213822947477,0.27679388227769824,0.08158276890956953
SG_002836,0,0.25918149270088997,0.5906198500125525,0.2519364521051761
SG_002837,0,0.14333566668689562,0.5328511326940916,0.1741186797941389
SG_002838,0,0.12429210724533858,0.44472924474916764,0.13454575989705672
SG_002839,0,0.270285169422901,0.6484182493584396,0.28885205731854025
SG_002841,0,0.09207627597494868,0.4444133595415421,0.11873052614340134
SG_002844,0,0.24085123522574292,0.5414585558552224,0.22048702205758597
SG_002845,0,0.2380112226288932,0.5851495664828421,0.24024835873344216
SG_002846,0,0.1148196301192747,0.325226691282774,0.09647929085576253
SG_002847,0,0.2576786560347073,0.5854755729696568,0.24866530898600545
SG_002848,0,0.15098879218560587,0.5776549080950553,0.19619675922230184
SG_002851,0,0.118202890378368,0.4088024677828422,0.12097900905214184
SG_002852,0,0.3091888992499697,0.5697609519117293,0.2609656224843293
SG_002854,0,0.20176288789649763,0.59801212465567,0.2304876276727589
SG_002855,1,0.2037900349646725,0.5608829319509747,0.21390283208574404
SG_002856,0,0.1352617091431858,0.4587530149193425,0.14398530690298525
SG_002857,0,0.17780858560810134,0.4702109169238952,0.16592067634595042
SG_002858,0,0.23671781859460247,0.6136058327095786,0.2543466378030448
SG_002859,0,0.15288977544870752,0.4410136821518886,0.1455879231830039
SG_002860,0,0.1922668503882455,0.44532968897975406,0.16235059266894494
SG_002861,0,0.1230725628416605,0.41413709209204513,0.1246497564406872
SG_002862,0,0.1947287541046624,0.5779490508867158,0.21766225292957192
SG_002863,0,0.1742152062800132,0.5478490450016326,0.19490576736080764
SG_002864,1,0.1801222083681209,0.49360446771406385,0.17568297801751018
SG_002865,0,0.11833935972750431,0.41639469109049243,0.12327030410338104
SG_002866,0,0.16322918605745554,0.5301809484611352,0.1825937864952132
SG_002867,0,0.08690379947842308,0.3217080409748025,0.08480912429542779
SG_002868,0,0.09864035482751421,0.31578448076244664,0.08804422274708425
SG_002869,0,0.09294017878031825,0.30267216249094125,0.08268447567339077
SG_002870,0,0.24111742529283223,0.5832460576230771,0.24061559238207078
SG_002871,1,0.13612856581981445,0.4686281035008416,0.1476620582900738
SG_002872,0,0.12251109073601844,0.2649472751663566,0.08325517193480154
SG_002873,0,0.10760770692619093,0.30611789819170454,0.08893835066972314
SG_002874,0,0.14759907599398445,0.4705683687971646,0.15342691752606877
SG_002876,1,0.30720504531261567,0.6800222589663304,0.32507198514061075
SG_002877,0,0.09896052103387394,0.367848591435278,0.10135902537988252
SG_002878,0,0.0804529409830063,0.2403200601338079,0.06395379403126152
SG_002879,0,0.1890664914290785,0.46608814904704376,0.16882242768452216
SG_002880,0,0.10921856110368866,0.3744935182096888,0.10748498642381198
SG_002881,1,0.2699522777401037,0.5290550852292457,0.22598354890502692
SG_002883,1,0.30822881860812057,0.5793973224577068,0.2656783509120184
SG_002884,1,0.14318575906408282,0.48818719673308675,0.15761388119524028
SG_002885,1,0.2154830124012329,0.6073391424171266,0.24149832677051983
SG_002886,1,0.25126653785255254,0.550254544787206,0.2287330700234195
SG_002888,0,0.18324212845629498,0.7011842845917388,0.2782505227748348
SG_002889,0,0.15828814205428385,0.4666848696353188,0.15664650643241898
SG_002890,1,0.13680901555436767,0.5661576415451813,0.18389040679905563
SG_002892,0,0.222531399338159,0.5335262882240921,0.2095528684897796
SG_002893,0,0.08956457835767295,0.3331686764947915,0.08865738928518357
SG_002894,0,0.1271811766612524,0.3799437280814218,0.11627474296363641
SG_002895,0,0.09657884332995507,0.40055872682771065,0.10892939599377809
SG_002897,0,0.29011047726264166,0.5949129213317955,0.2668404751806504
SG_002898,0,0.15147885901791566,0.5003951175911104,0.1658016070417932
SG_002899,0,0.12473715470598891,0.3404881960474932,0.10419586820701343
SG_002900,0,0.22896751967808712,0.6226113558806813,0.25567359265110207
SG_002901,0,0.26422405570641533,0.5647555746896727,0.24090320508363808
SG_002902,1,0.27313321629595666,0.5817468084235691,0.25305681370130073
SG_002903,1,0.13025425474404093,0.4814480586178959,0.14925770947665973
SG_002905,1,0.19845565708587873,0.5442765487870145,0.2041986600063965
SG_002908,1,0.2736608906516356,0.6518215919747219,0.29238992989669693
SG_002909,0,0.20502367456538748,0.6246067173703258,0.24552259720332395
SG_002911,0,0.15782676064440837,0.4681818799589424,0.15698084374249716
SG_002912,1,0.19119127710432574,0.4510184988927773,0.1640368867974231
SG_002913,0,0.17279386684027373,0.5380009572595401,0.19015350190752695
SG_002914,1,0.1362517249206854,0.4614550888765712,0.14532170373805564
SG_002915,0,0.2547664188219638,0.6606433510286137,0.28926105240832445
SG_002916,0,0.18462327959520697,0.5248971721202846,0.19002383720551624
SG_002917,1,0.1686766001711705,0.5253417898587758,0.1831555333950751
SG_002919,0,0.2772174882639387,0.593727969622855,0.2609872715443093
SG_002920,0,0.10920809439632563,0.4809770734808659,0.1386654206496795
SG_002921,0,0.18420640182169776,0.43286351186289607,0.15488168217061682
SG_002922,1,0.18996619220228758,0.5857691238926944,0.21909287447240286
SG_002923,1,0.19246309751244214,0.5144713554790402,0.18909250869161354
SG_002924,0,0.2687109098265496,0.5983478294112592,0.25994780069011514
SG_002925,0,0.09493873073130328,0.4844536199079231,0.13202483491979441
SG_002927,1,0.13559445443577556,0.455326802731766,0.1430054711603657
SG_002928,0,0.1144061931954425,0.375474817863688,0.10989717448721836
SG_002929,1,0.15674701628367413,0.5168129036902921,0.17437818663901816
SG_002931,0,0.09610453572185342,0.4170572164459048,0.11318032132243204
SG_002933,0,0.13008336294370468,0.41887528393970663,0.1290586950651457
SG_002934,0,0.21072148420123749,0.6287692377287731,0.2504596696900526
SG_002935,1,0.09524525289979723,0.34264212143712625,0.09335731167545265
SG_002936,0,0.09414719288764695,0.3957174813357483,0.10649215758048498
SG_002938,1,0.28779204141891795,0.6079714420719234,0.2730338522350159
SG_002940,0,0.10908142858387926,0.4732091584281817,0.1361474785552107
SG_002941,0,0.17421375218982096,0.4091170070423722,0.1430316201465075
SG_002942,0,0.09803359343991076,0.42365220285127114,0.11595009457216715
SG_002945,0,0.16391209261930495,0.46511708161450355,0.158429124436707
SG_002946,1,0.11399911666817547,0.23052334907426003,0.0719977115052456
SG_002948,0,0.16103512020748814,0.4362576236571627,0.14724113965207755
SG_002951,1,0.10736081628271227,0.3087095744575469,0.08950717682695661
SG_002953,0,0.1270538759272701,0.2840730278578357,0.08968665420208502
SG_002956,0,0.2222856717185077,0.6291895905956676,0.25614572255437035
SG_002957,0,0.16918468906615214,0.588414312369248,0.21023985877815385
SG_002959,0,0.10196140899890842,0.35218321306331174,0.09855850755010245
SG_002961,1,0.10654331520784106,0.3026714980186145,0.08768799431968302
SG_002962,1,0.22047323996637422,0.4908389475967931,0.19057389951472756
SG_002963,1,0.19810404005004756,0.6087629783520287,0.23408492289121394
SG_002965,0,0.3038935721883153,0.6736334184194932,0.3193897617253318
SG_002966,0,0.11149321933612248,0.3697671636777979,0.10713683809081889
SG_002968,0,0.08331145048988566,0.19950023128527397,0.05594055198553093
SG_002969,0,0.14399074975541404,0.4021989931215569,0.12951159190942463
SG_002970,0,0.09801059045596759,0.3694428203878077,0.10136107703701211
SG_002971,0,0.12702819960190445,0.38688725220427894,0.11823463316218129
SG_002973,0,0.1452328687669634,0.49035401552711394,0.15931880519011307
SG_002974,0,0.14888671027629732,0.40053702755609255,0.1308689864466177
SG_002975,0,0.1272186399870884,0.39885212699358596,0.12183246686930056
SG_002976,0,0.09555201012177252,0.3914489441596982,0.10602132834972626
SG_002977,0,0.10740897847829112,0.40666010070157027,0.11559958827437378
SG_002978,1,0.2056865991466047,0.6811786330843638,0.2779313088482509
SG_002979,0,0.325932841794034,0.6150109777255328,0.2924316147060471
SG_002980,0,0.10734597666086676,0.422447230130303,0.12006410614916324
SG_002981,0,0.2113709485900684,0.5829630685451003,0.22756698797562866
SG_002983,0,0.09532686085557869,0.4562995629822845,0.12385845082611256
SG_002984,0,0.2895800487043419,0.6092903552056984,0.2744983257496556
SG_002986,0,0.22629729309470079,0.5334345551384031,0.2110333827352193
SG_002987,0,0.09687084889032392,0.4140523175726205,0.11272934527627972
SG_002988,0,0.10108639858365966,0.30958922131264416,0.08743294475138637
SG_002990,0,0.1574921114504002,0.505174597542894,0.1703028697815345
SG_002991,1,0.1821675960165998,0.5081510388372994,0.18222199185598695
SG_002992,0,0.09580116216479513,0.27613334874966683,0.07741111675648289
SG_002993,0,0.12979690499655486,0.4359237416412836,0.13422819547961443
SG_002994,0,0.11621551109782773,0.3306177412330966,0.09841772041010799
SG_002995,1,0.1588167412972746,0.4826913140835978,0.16259366724671886
SG_002996,0,0.14075297942305817,0.37518297623957936,0.12003556372328832
SG_002997,0,0.21384740779876696,0.5046552966362646,0.19371390179320672
SG_002998,0,0.1859245918120366,0.6492146092653671,0.24911317786799478
SG_003000,1,0.1251319608283699,0.48573072180746507,0.1482353960872806
SG_003001,0,0.13386452367316867,0.4104301264902103,0.12803377160995671
SG_003003,1,0.16770772511070794,0.4619560972600105,0.15885226044744247
SG_003004,0,0.14968908507098413,0.38989219177813533,0.12783700689359112
SG_003005,0,0.09499057700095519,0.34609752033748403,0.09411489240062129
SG_003006,0,0.11467975670342878,0.3904494621605282,0.11420077705362437
SG_003007,0,0.1731510466426476,0.521400452752763,0.1835850741603926
SG_003009,0,0.1155487264904836,0.4268764009932179,0.1251330557889031
SG_003010,0,0.13394584437786713,0.4364263594457928,0.13618103548550325
SG_003011,0,0.2034773464729227,0.5729208030460179,0.21929315940616037
SG_003012,0,0.11563852542889615,0.36358618800952275,0.10711252598334231
SG_003013,0,0.2288047305175425,0.5513312442954809,0.2201581236396591
SG_003014,0,0.09715915755225556,0.3627346099872317,0.0992580592691604
SG_003015,0,0.15371193605768443,0.46648353317927554,0.15464203104973906
SG_003016,0,0.33776306011205987,0.6614672013482841,0.325817817312437
SG_003017,0,0.10071667063635603,0.34618667402964043,0.09650575023727409
SG_003018,0,0.20000881318487376,0.5857448615087453,0.22375150975274802
SG_003019,0,0.14382330359309725,0.3831691445076676,0.12358655334082877
SG_003020,0,0.20675275132246865,0.45045001629120784,0.16957141609416684
SG_003021,0,0.18496527848820166,0.4017461529595387,0.14433330019727947
SG_003022,0,0.17292320485664484,0.5237314808493418,0.18441612421202977
SG_003025,0,0.16850154676924411,0.5415970440806926,0.18965814556012825
SG_003027,0,0.1496989746235187,0.5117521036807327,0.1691905430677503
SG_003029,0,0.3026247544667078,0.627219648763004,0.2900940061708285
SG_003032,0,0.08783505135011822,0.34177286441713756,0.09000100011217584
SG_003033,0,0.07846163547915719,0.21215693331113847,0.05721320713860134
SG_003034,0,0.18289430344263066,0.47632273049577023,0.1702354262514984
SG_003035,0,0.16805872869577754,0.4326881594495806,0.1487514700192592
SG_003036,0,0.12386021470203314,0.48138615781344846,0.1461640192588893
SG_003038,0,0.24946200850885555,0.6059553773073383,0.25585930980160015
SG_003039,0,0.13251084764372087,0.4413312664767262,0.1371219664554051
SG_003040,0,0.10655267715293114,0.24610232066425122,0.07367996185011838
SG_003041,0,0.26319774870824175,0.5214206910696126,0.2199249857671518
SG_003046,0,0.0914825380104584,0.3719553246729757,0.09909972317970984
SG_003047,0,0.2330144599553414,0.5853394069204649,0.2382046042283775
SG_003050,0,0.15038999514826068,0.45874300769202137,0.15055592299440246
SG_003053,0,0.3330775019158974,0.6596070018461221,0.322660058851979
SG_003054,1,0.11519287094684054,0.37999734143322855,0.11147841774304011
SG_003055,0,0.1415549649236615,0.4206356820351463,0.1343414546303542
SG_003056,0,0.10137151941759394,0.3027288124911441,0.08583959143883715
SG_003057,0,0.1287553776088187,0.4066247887302435,0.12478398971167201
SG_003058,0,0.14302126315972874,0.47654445747106344,0.15346912547860056
SG_003060,0,0.14845659159556104,0.4462651356966949,0.1455223524459746
SG_003061,0,0.1811194193733189,0.5798757448673931,0.21217634019494852
SG_003063,0,0.24544272945200532,0.632560268859004,0.26860172869390897
SG_003064,0,0.20269812445770263,0.6145290327839034,0.2391914624669768
SG_003066,0,0.21176143475445994,0.5341863528346755,0.2054316360463007
SG_003068,0,0.14135775453574187,0.47628071805181316,0.1526296033793274
SG_003069,0,0.28445948545248906,0.585557928590991,0.2595896283105033
SG_003070,0,0.07595285246846663,0.2832238718992715,0.07161508352298131
SG_003074,0,0.12583960832830604,0.46259811701336506,0.14094702654250263
SG_003076,1,0.12274006654943254,0.23431222581374775,0.07538200985421638
SG_003077,0,0.2843709176925399,0.5807630812810453,0.2570428889922803
SG_003078,0,0.13708453718842886,0.4670572099762834,0.14756620442732746
SG_003079,0,0.10712479606999466,0.5581158818808266,0.16386011321603902
SG_003081,0,0.11308486967420256,0.41421630274157334,0.12030721788583874
SG_003083,1,0.26046718592841717,0.6543773990774434,0.2880552677559952
SG_003086,0,0.16487262087679888,0.4671999179994534,0.15956872051912843
SG_003087,1,0.2688459490075762,0.5936947702695604,0.2575404323280086
SG_003090,0,0.12954414763300737,0.30518934274901194,0.09617256454128943
SG_003091,0,0.1854771081753018,0.43490647050268333,0.1560762415223337
SG_003092,0,0.09342162780077139,0.3416399847186409,0.09234692335470773
SG_003093,0,0.10715891980582772,0.4215854736601667,0.11972908350642121
SG_003094,0,0.2939447681254282,0.6165708057687351,0.2803791125391958
SG_003095,0,0.12676682369917416,0.4383571802056369,0.13365987551346648
SG_003098,0,0.1211841183645946,0.5418888712337817,0.16597409486001208
SG_003099,0,0.21149216814656038,0.6047000666364252,0.23832397850977896
SG_003100,0,0.35154994642156945,0.6427046858702541,0.31945259635110324
SG_003101,0,0.18448904068211255,0.6448509264027338,0.24599778283719265
SG_003103,1,0.31878627599451165,0.6726651168341128,0.3251744629267698
SG_003104,0,0.10088682391341885,0.4256517828771003,0.11790423367015906
SG_003106,1,0.16167973440376568,0.41945185911701616,0.14184901246553536
SG_003108,0,0.08740310566861742,0.27310161863111,0.07371872132405118
SG_003109,0,0.133723556176692,0.4913746625739982,0.15430771056430856
SG_003110,0,0.15171912979575253,0.474975717569536,0.15676274117985864
SG_003112,0,0.12325404140149955,0.44506300086723166,0.1341789192516808
SG_003113,1,0.11196365541302904,0.3975497739499408,0.115045001172671
SG_003114,0,0.10697674391704903,0.2829313337702219,0.08289520630613934
SG_003115,0,0.18194460078198685,0.508690710134283,0.18234138742801287
SG_003117,1,0.25789390413012475,0.6328494127037947,0.2743012187711438
SG_003119,0,0.18923111191529277,0.5321707878562917,0.19503475930343994
SG_003120,1,0.199873880736433,0.5807822604501235,0.22134218282913604
SG_003121,0,0.22999620364217224,0.4914705303312676,0.19442647048388964
SG_003122,1,0.25165959746259553,0.5369347243468654,0.22265245628327052
SG_003123,0,0.11840914770117428,0.3465553374875081,0.10352470769742561
SG_003124,0,0.2266809409715125,0.5549652415993922,0.22095894144401712
SG_003126,0,0.1313910588519076,0.42424235945253846,0.13126628191396464
SG_003128,0,0.27264474503414055,0.6091124125452357,0.2673909419680205
SG_003129,0,0.10658453494580315,0.40890987261665296,0.11585933005200875
SG_003130,1,0.1358228247749212,0.4389791733913619,0.13780101669141362
SG_003131,1,0.08634569900285198,0.33415045761642703,0.08752837008921599
SG_003132,0,0.2143268150995458,0.565651182734057,0.22068217795566228
SG_003134,1,0.08931015090064727,0.3115143746184019,0.08337420411001392
SG_003136,1,0.09958234782747626,0.4054199240890016,0.11165752715609652
SG_003140,0,0.33253060906514903,0.6360854572066962,0.30764498690374004
SG_003142,1,0.11083202404581262,0.45332715730002054,0.1308759911111496
SG_003143,0,0.15462744886867844,0.34904320087370083,0.1170537016202868
SG_003145,0,0.1303812040915929,0.4231787139149169,0.13050945234909453
SG_003146,0,0.10580043393237411,0.3204809701291681,0.09192767367337394
SG_003147,0,0.16237583474197523,0.516730674820066,0.17691969045092246
SG_003148,0,0.3081733971861515,0.5948119133310144,0.2739827171286978
SG_003149,0,0.29673138527553733,0.6829238162926276,0.32241103760736894
SG_003150,0,0.12937728788653355,0.36223766017219805,0.11201704263351038
SG_003152,0,0.18192398948168106,0.5200109085579621,0.1868658745573952
SG_003153,0,0.1505466041772212,0.45524168750952665,0.14942657554848157
SG_003155,0,0.1155757028171382,0.4008755039300217,0.11755076677876024
SG_003156,1,0.09973409053129105,0.29737154624623846,0.08392746252661097
SG_003157,0,0.19755861727883142,0.4251746432120529,0.15695474130674672
SG_003159,0,0.15240353008095908,0.5181254871961394,0.17286046975536148
SG_003161,1,0.21840361201410852,0.5845359696944118,0.23144847432912163
SG_003162,0,0.2314449830321316,0.4584323804009462,0.18151430219434794
SG_003163,0,0.10973184086981443,0.404805205468538,0.11611673743894863
SG_003165,0,0.09124022467633898,0.2912224697732523,0.07933055390692656
SG_003166,0,0.13805215275162788,0.30172038952652835,0.09794109547732663
SG_003167,0,0.09685443613951013,0.3892197993143551,0.10603237124599715
SG_003170,0,0.10613303020742075,0.3176339891728045,0.09132656018072931
SG_003171,0,0.08459171965980745,0.30523744851824597,0.08001922993541596
SG_003172,1,0.1899760428051548,0.6071882600660637,0.22938563645468074
SG_003173,0,0.16565395875664038,0.43767304797146533,0.1495324272536742
SG_003175,0,0.09023885933559887,0.2711895497258275,0.07429573248985068
SG_003176,1,0.25790339455212424,0.5279020500416982,0.22089365782219167
SG_003177,0,0.20700941008785279,0.5674863779403422,0.21834112114742285
SG_003178,0,0.2670312559891192,0.6643382645603212,0.2971172721264462
SG_003180,0,0.1512263165968296,0.4187037017560712,0.13757225806791942
SG_003181,0,0.3260774076261175,0.6877377613640204,0.33851723464680017
SG_003182,0,0.12571983137679488,0.4863959571767903,0.1487460330253469
SG_003183,0,0.33316591831851655,0.7931298909279548,0.4285078841070836
SG_003185,0,0.11281939780407453,0.4451016792069672,0.12933424689717715
SG_003187,0,0.22813962204347527,0.5330161266236848,0.211587466622601
SG_003188,0,0.19663630951589675,0.5357905966016936,0.19975619734844385
SG_003189,0,0.11685315371835751,0.4326620690840254,0.12745759487800537
SG_003190,0,0.11714271817476572,0.38954319580476515,0.11497629326850585
SG_003191,0,0.12600489998908737,0.42654574798092565,0.12966955888579282
SG_003192,1,0.24155239433054743,0.5387035836149522,0.21950052987720683
SG_003194,0,0.19368047444414874,0.5455029032744036,0.20265289214456692
SG_003195,0,0.11805933344035054,0.5216203162517831,0.1569499685802566
SG_003197,0,0.12597224433303153,0.361769595951767,0.11060343176434892
SG_003199,0,0.16090203932433964,0.43872052140917567,0.148025583948936
SG_003200,0,0.16353551758098528,0.42807387801645275,0.14544516690855328
SG_003202,1,0.31890191091710984,0.6632859259798709,0.3190866468888206
SG_003203,0,0.18443225765455487,0.527549949846468,0.19103151767186782
SG_003207,0,0.11495099645648728,0.38313198162162115,0.1122555926902797
SG_003208,0,0.17673022930513058,0.5197354355104834,0.18449581963094724
SG_003209,1,0.14095107274468718,0.3442883181844049,0.1109985079780864
SG_003210,0,0.12357036619149414,0.4218277107989109,0.127176478669684
SG_003212,0,0.11837524476128967,0.4855326076221195,0.1448234448374543
SG_003213,1,0.22646028903031976,0.5235727466014825,0.2067521414184887
SG_003218,0,0.22340925815246324,0.49759308932811475,0.19448439689762262
SG_003220,0,0.1281175938351767,0.3666262545270152,0.1127990003706331
SG_003221,0,0.19430174690723678,0.5032139399196105,0.18529710826028556
SG_003222,0,0.24444319395549807,0.5466354323519123,0.22431651859182103
SG_003223,0,0.2273748330023789,0.5717044386074922,0.22913782291708776
SG_003224,0,0.14830249134748832,0.3713576662162835,0.12162777156920436
SG_003225,0,0.1811530088884925,0.48683988830478764,0.1735154363512281
SG_003228,1,0.23122054429914554,0.5552232837421242,0.22295893469549335
SG_003229,0,0.1621287121180394,0.5042545890395946,0.17202996382305272
SG_003233,0,0.07800156173470246,0.3609493316490404,0.0900930364108431
SG_003235,1,0.08182180516193459,0.37687869313522127,0.09577949614143551
SG_003236,0,0.21999342246425505,0.6361918780910585,0.25889716314849504
SG_003237,0,0.1442745294100901,0.44707090286900963,0.14403598392672717
SG_003238,0,0.09833330564089282,0.366473963490631,0.10073063802844033
SG_003240,0,0.09315391580867571,0.2721517687466437,0.07554671285349514
SG_003242,0,0.16952947354880135,0.46501395791859096,0.16068784751064882
SG_003244,0,0.17308934258669761,0.47649879943068163,0.16632954489041862
SG_003245,0,0.16593123560847947,0.5553339137526497,0.19416315781726046
SG_003246,0,0.14472853024717156,0.45549595058833753,0.1470410745317193
SG_003247,0,0.16924940087008014,0.5127025886988632,0.1784279846725979
SG_003248,0,0.09984344942179484,0.4408329179175648,0.12172140004418701
SG_003249,0,0.1640210858253506,0.5421013376062532,0.1877697640306464
SG_003251,0,0.21564902615523487,0.7171320100029909,0.3066809506860323
SG_003252,1,0.1565370046498256,0.5356785846445928,0.18163796656133768
SG_003254,0,0.2341542349511118,0.5836854999837033,0.23787260210606814
SG_003255,0,0.170434378094811,0.4168017064927689,0.14424301542703083
SG_003257,0,0.17554085329460048,0.46162472876650934,0.16187402161324546
SG_003258,0,0.1364837799725437,0.459343370301398,0.14472471838289858
SG_003260,0,0.12622941143280245,0.3410920711285173,0.10490206005426257
SG_003261,1,0.18699304175904943,0.5480750412219358,0.20080508013268783
SG_003262,1,0.10665065293451492,0.33321099016100947,0.09551552998120043
SG_003263,0,0.17292080515531794,0.37852158154779875,0.13246294193596378
SG_003264,0,0.18427518788179656,0.41465279507996383,0.14852860732270226
SG_003265,0,0.15438247720292977,0.40094718598931456,0.13307099552830817
SG_003267,0,0.15031974127326347,0.3907396839842478,0.12833517794999527
SG_003268,0,0.2857783651543766,0.5086661006547684,0.22235112035763413
SG_003269,0,0.28675711091953643,0.604981217748006,0.27096138905849404
SG_003270,0,0.13436278782534306,0.462250784480383,0.14473799445112034
SG_003271,0,0.26102626948584956,0.6096973910972877,0.2628103627398072
SG_003274,0,0.1834961496662791,0.5269100764491267,0.19036081534570715
SG_003275,0,0.11199091034986709,0.4556431450864112,0.13215107321597563
SG_003276,0,0.22829129787476096,0.5588032560022156,0.22341565687415024
SG_003277,0,0.12737923718667277,0.3909457120120953,0.11956375336852074
SG_003278,0,0.1635559576564587,0.4579170366791971,0.1557340448137887
SG_003279,1,0.1394022251596946,0.4881750210257605,0.1558646369334462
SG_003280,1,0.08777634699233677,0.3609336752286181,0.09465731132053434
SG_003282,0,0.13185563580707785,0.4723263930738351,0.14694297845260498
SG_003283,0,0.163147627014553,0.5191161527434476,0.17819703125876352
SG_003285,1,0.11180652850953265,0.3680845793734336,0.10680578756125009
SG_003286,0,0.12541467294140843,0.3755904653185223,0.11432798038159864
SG_003287,0,0.14624694367900767,0.464716189775452,0.1508229075690102
SG_003289,0,0.15016912038613375,0.45740698821816494,0.15000569555657697
SG_003290,1,0.1718529218095922,0.5498078124894854,0.1946341259381749
SG_003291,0,0.10170007348484172,0.4346636155552882,0.12087046348529364
SG_003292,0,0.14298867396705428,0.4265598327314216,0.13681404939472144
SG_003297,0,0.1397342570324104,0.43293216033480075,0.13751577778610993
SG_003298,0,0.10174594681765851,0.3767568614605674,0.10491022654210713
SG_003299,0,0.14302106726234548,0.46175661661406603,0.14841199485401985
SG_003300,0,0.1169607763206262,0.434348244607435,0.12801517050358718
SG_003302,0,0.09837357594123879,0.41414042501981657,0.11347798595201591
SG_003303,0,0.12234587053202056,0.20209389864211516,0.06697841934673839
SG_003306,0,0.19411389394977732,0.40654926952918036,0.14914994870829038
SG_003308,0,0.292432105668091,0.6438955451866654,0.2957282984155552
SG_003309,0,0.22172912029970918,0.575200427495746,0.22839178180753786
SG_003311,0,0.11074084802170843,0.45740601936687536,0.1320793228902508
SG_003312,0,0.15617993345847556,0.3530517514384723,0.11879085691617641
SG_003313,0,0.17403358327642604,0.5013013451083296,0.17608462485521817
SG_003315,0,0.11591887063420687,0.374521277782149,0.11024794206630045
SG_003316,0,0.19642984794509544,0.49487900617997194,0.1828302711247965
SG_003317,0,0.15236696489261337,0.47386397796399876,0.1566522964319357
SG_003318,0,0.14973226405335538,0.42372587888017266,0.13861279085219014
SG_003319,0,0.1034257293109741,0.311224317834849,0.08870710106376338
SG_003320,0,0.21314335439200738,0.5449473928295351,0.21075136599632927
SG_003322,0,0.09799323139855466,0.40383794021734787,0.11048056614381822
SG_003323,0,0.11878884164176402,0.36168373622607936,0.10782420774045356
SG_003324,0,0.13167271814452927,0.4563485023917166,0.14158922972100108
SG_003326,0,0.3002660037961416,0.5980420834142242,0.2726128325394601
SG_003327,0,0.2048442631103977,0.5055422337491247,0.19050556684243058
SG_003329,0,0.11394292751854491,0.34207692821049274,0.10062858948744081
SG_003330,0,0.2927607266919186,0.6691823883524743,0.31163155718937985
SG_003334,0,0.10757232692720076,0.3979555408058425,0.11323500993929486
SG_003335,0,0.17210281860264978,0.43010402415804083,0.14940203561324553
SG_003336,0,0.14497040812501272,0.44052653644202616,0.14216747777571284
SG_003337,0,0.22253164334921852,0.5947154973136132,0.2382999993725078
SG_003338,0,0.14418632437292422,0.5294389337864643,0.17323175058815013
SG_003339,0,0.14591832196973348,0.3618141722686415,0.11790042998280668
SG_003343,0,0.12918655907619275,0.4250502726422195,0.13057917337400876
SG_003344,1,0.2480884421710546,0.5596703689239392,0.2319515412001341
SG_003345,0,0.19539411871659354,0.5354021522721923,0.1990577887521937
SG_003346,0,0.18433266058396178,0.5573651639767003,0.20363218717136264
SG_003347,0,0.22973372653724422,0.6231054033058564,0.25628931512298786
SG_003348,1,0.21871986989045042,0.6117989759561638,0.24527624357996028
SG_003350,0,0.10900859831884101,0.34610987192368303,0.0997974140812749
SG_003351,0,0.1949302972563007,0.6019322388499068,0.22918861670408847
SG_003352,0,0.19843068246849183,0.4505709868175274,0.1665672208725518
SG_003353,0,0.14358120221892953,0.40663351057792724,0.1307371028519814
SG_003354,0,0.232292847926152,0.8545947050709445,0.44612228917594776
SG_003356,0,0.23332554453010404,0.5377138875612383,0.21577448222579465
SG_003358,0,0.1042469604898651,0.29416882403322697,0.0847494745590251
SG_003359,0,0.14738400530883242,0.48942607447244857,0.15996591874513474
SG_003360,0,0.19388602024860324,0.5271233852411232,0.19491875237462042
SG_003362,0,0.16587698777631169,0.4744949210872514,0.16261458011631544
SG_003363,0,0.11759360362924215,0.3626338397686881,0.10762026944377041
SG_003364,0,0.1697266975844114,0.45907076493841764,0.15863541977962375
SG_003365,0,0.2702560762657531,0.5834388505195676,0.25276743253041567
SG_003366,0,0.1482974462687671,0.5038936103416254,0.16562598266624554
SG_003367,0,0.1574698932624142,0.4383958077138214,0.14655205237304877
SG_003368,0,0.28115297653695664,0.5575547949067533,0.24397262026185149
SG_003369,0,0.11249196411515651,0.4156340977472177,0.12045258416575241
SG_003372,1,0.11748480660176046,0.4748450571833121,0.14089547503686004
SG_003375,0,0.09263349179770182,0.2781495571365267,0.07676887934538092
SG_003376,1,0.1743589528090319,0.46961753692615665,0.1643147403564853
SG_003377,0,0.08762977542238352,0.3638827545789454,0.09531977302762201
SG_003378,0,0.14474809704202937,0.5380565877834124,0.17683250486433086
SG_003380,1,0.13810699786732675,0.35504812705770905,0.1131296329908794
SG_003381,1,0.1005029507162125,0.4221192104144267,0.11672294614630194
SG_003382,0,0.13820819707266013,0.4397847475733224,0.1390789164853677
SG_003383,0,0.12271616168021023,0.38590890017879714,0.11622201970414325
SG_003384,0,0.203723660759674,0.5798365197496498,0.2226440638945212
SG_003385,0,0.0931026241091661,0.4580231336834959,0.12316355835686549
SG_003386,0,0.21179706545278454,0.5287964733524388,0.203108187415539
SG_003387,0,0.15143215381906525,0.44552424501626026,0.14650624987745417
SG_003394,0,0.22661433740152923,0.5771220450106739,0.23142307723122485
SG_003395,0,0.10147781930935708,0.3071402913022819,0.08697045864212206
SG_003396,0,0.08194825516944614,0.23851081240348349,0.06406656936485715
SG_003400,0,0.1760596800721023,0.4919067791481831,0.17334005844944042
SG_003401,0,0.22523549872888513,0.574150653478308,0.22939780684512445
SG_003403,0,0.08802054564961477,0.1650966712972255,0.04953853538225715
SG_003405,0,0.1553155843690389,0.5108235847320142,0.17144145597746294
SG_003406,0,0.15875971758907456,0.5002350118997418,0.16902091327650232
SG_003409,0,0.3229044965766284,0.6519372030062021,0.31352408365387174
SG_003410,0,0.08578734323122221,0.2686545830008513,0.07212253596589827
SG_003411,0,0.26927801349179586,0.6169143204521246,0.27026879812642324
SG_003412,0,0.1586007925461458,0.5654480910557127,0.19486071451324452
SG_003413,0,0.17807671590491359,0.47159721799530274,0.16654071407658294
SG_003414,0,0.13886214664348287,0.46849565920619035,0.14884971370964378
SG_003415,0,0.11208098250161525,0.39473468509024934,0.11430172084603085
SG_003416,0,0.18592299790167635,0.5191066741756958,0.18821774642351807
SG_003417,0,0.15185883332369024,0.5403038349768006,0.1812191714412474
SG_003418,1,0.09685599539264272,0.3768127902902666,0.10277074785966679
SG_003419,0,0.11048586892417224,0.4583425779493432,0.13224105791835636
SG_003420,0,0.2320439242413788,0.6336087766305468,0.2630946155864775
SG_003421,1,0.16822741603960234,0.5453483091075914,0.19107903692215106
SG_003423,0,0.2938040866057206,0.6026323702006686,0.27253597202869445
SG_003424,0,0.11615612877457826,0.38893815682668476,0.11439301742971346
SG_003425,0,0.25709860102993337,0.46647909605715,0.19376393418357665
SG_003427,0,0.13013318029771906,0.40928234365096244,0.126154291705817
SG_003428,1,0.14060316294880346,0.5262939897732879,0.17027174827619332
SG_003429,0,0.14749097102170164,0.40361601446648965,0.13130524437664778
SG_003431,0,0.15320185158290528,0.5462879623275866,0.18426972762930052
SG_003432,1,0.12187884490713097,0.46162605334045975,0.13877543998216918
SG_003433,0,0.23803475289663087,0.5889619965142633,0.24217126777217668
SG_003435,0,0.11331763597966367,0.42562722102997097,0.12374767289486575
SG_003436,0,0.10283294216745542,0.3664139526347252,0.10263860586792203
SG_003438,0,0.18384306038756434,0.552701916972074,0.20138284047327412
SG_003442,0,0.21188353523552295,0.5545723521809321,0.21454442387547737
SG_003443,0,0.26278327496286574,0.5615496416767336,0.23875135596722194
SG_003445,0,0.1165013405521066,0.45047202858530744,0.13272594744080726
SG_003446,0,0.2076537125173906,0.5746068752292176,0.22194256303318294
SG_003448,0,0.08364724727657212,0.2687534890436971,0.07136663454271056
SG_003449,1,0.2127678024723267,0.5591005905614473,0.2169866524198915
SG_003450,0,0.11521867521240019,0.45828487872217827,0.13453688105080022
SG_003451,0,0.17593170654069154,0.5063278558776672,0.17884766343969047
SG_003454,0,0.2753705722307013,0.6451249120904773,0.28911340541041836
SG_003455,0,0.23153534114283505,0.4813558498953837,0.19081275010045629
SG_003456,1,0.14740572800731824,0.5532767991514846,0.18420193823813164
SG_003457,0,0.15200417394420532,0.4442173793534753,0.14630191270041049
SG_003458,0,0.11679523407114804,0.46856397052274723,0.13854285583529538
SG_003459,0,0.1745428547154314,0.4481549652022888,0.1566487017224809
SG_003460,0,0.2818128757516742,0.6800072854018382,0.3138099073266004
SG_003461,0,0.11710989790293314,0.40484553012499896,0.11935567470869296
SG_003462,0,0.11747825090224567,0.3988011184284884,0.11776661334526335
SG_003463,0,0.10065001079817924,0.2498017851111769,0.07274834613452325
SG_003465,0,0.2059961718426591,0.6755326988136793,0.27465308539583816
SG_003466,1,0.13207985104216244,0.4937037710656409,0.1543278370176717
SG_003467,0,0.288551313635766,0.583985952329611,0.2603922695348967
SG_003468,0,0.1939591767726232,0.5055209428845384,0.18608430796060882
SG_003470,0,0.11160215543365086,0.4401134424144571,0.12725304945056962
SG_003471,1,0.21225445778928717,0.5337372941761753,0.2054398197423157
SG_003472,0,0.2932286014249581,0.6834306403849101,0.3211944454934995
SG_003473,0,0.08313537348984297,0.22169072411133792,0.060761983245942154
SG_003474,0,0.1265989048939278,0.47422304147009287,0.1451070201417521
SG_003476,0,0.20458981437295023,0.5607572879600594,0.21419633811633879
SG_003478,0,0.09547342566909,0.32570809127195677,0.08925378765253983
SG_003481,0,0.18652765479575872,0.5030950926716443,0.18204837832150333
SG_003484,0,0.11424318633549035,0.39037923473274005,0.11399664349271102
SG_003487,0,0.23644393699694513,0.6124403912285025,0.25360640290719066
SG_003488,0,0.15642579391965147,0.5346995502367522,0.1811965874650394
SG_003490,0,0.10435737052480824,0.30147169334524404,0.08660667047978425
SG_003494,0,0.13202350060217885,0.44969746082290446,0.13959077319449403
SG_003495,0,0.12546680362433615,0.49125223740945984,0.1502642705243007
SG_003496,0,0.22095108904744007,0.4537958358538208,0.17596507460316915
SG_003497,0,0.16503680442555899,0.4938284714769387,0.16938019714387226
SG_003498,1,0.2563429323131645,0.6138938327145781,0.26308226960385683
SG_003499,0,0.1163370865852665,0.4592031218986695,0.1353637031304895
SG_003500,0,0.19893586991790246,0.57606562155503,0.2187093403252466
SG_003502,0,0.11316397955875594,0.3748838842213491,0.10922495798265684
SG_003503,0,0.10640443397770123,0.4823609411956826,0.1376346603856761
SG_003504,0,0.13259972449924273,0.33823729318630424,0.1063647449293298
SG_003506,0,0.09326830249427387,0.19263600418905394,0.05719328212344
SG_003507,0,0.10947952335386553,0.3541651749122741,0.10211873865705266
SG_003508,0,0.1384624576517948,0.46392759693415714,0.1471329494798675
SG_003510,0,0.11166308949852105,0.3759405369474077,0.10889716306361626
SG_003511,0,0.13782395752139312,0.3449557980106695,0.1101064170120296
SG_003512,0,0.1823102259250213,0.42170573467270644,0.15027053959832778
SG_003513,0,0.09290840216607711,0.3272073140938388,0.08858970520475978
SG_003514,0,0.08922882786807566,0.32017592254496524,0.08539969484240108
SG_003515,0,0.3269481662125909,0.6070400645529027,0.28824218659497697
SG_003516,0,0.12084604692497608,0.42123075929438525,0.1258087400548821
SG_003518,1,0.3290373818002717,0.6317798310329669,0.30361056312602647
SG_003519,0,0.09991395916047936,0.2272126946908002,0.06714625242415823
SG_003520,0,0.06866763400802232,0.2743717490629243,0.06676906005450253
SG_003522,0,0.1319140805663103,0.4033142264420249,0.12507566585102897
SG_003523,0,0.08739571875212493,0.34032902059056397,0.08946222219639824
SG_003524,1,0.1657119495793495,0.3912568590663742,0.13408579563798412
SG_003525,0,0.11210249348033174,0.33001174468466216,0.09674108328807067
SG_003527,0,0.25646114314430374,0.6058025324207955,0.25877466626478557
SG_003529,0,0.13790981546841177,0.5278348923523862,0.16950952354585486
SG_003530,1,0.0811859730777099,0.1052141170918109,0.03432294032728537
SG_003531,0,0.08175584906684942,0.2958211604560182,0.07673194960153372
SG_003533,1,0.21612102800928637,0.5598078517501108,0.21874758802289487
SG_003534,0,0.1007045653300264,0.4044994279054036,0.11192894976447951
SG_003536,1,0.285516397971858,0.6654750322316315,0.30607737096452203
SG_003537,0,0.14166096994157773,0.46945412442608625,0.1504254913634928
SG_003539,1,0.2655573258164508,0.5863663364210733,0.2523654611044538
SG_003540,0,0.15604628589218142,0.5381155628075399,0.1823731485878435
SG_003542,0,0.18492565549225312,0.4318931581911837,0.15480260219122285
SG_003543,0,0.09339581538980381,0.36345905673586676,0.09780113410132259
SG_003544,0,0.17935337498163376,0.5162261889757914,0.1842323599415954
SG_003546,1,0.13490814212031874,0.542968526973792,0.17372410021281076
SG_003547,0,0.18915875257122794,0.5434431018561252,0.19977792952350315
SG_003550,1,0.28134139458463275,0.6555207736034376,0.2980235402395953
SG_003551,0,0.15275636004520812,0.47761543512364557,0.15814709345063285
SG_003552,0,0.2302678536351536,0.5347082095866299,0.21319646821633123
SG_003553,0,0.25819420430420514,0.6465785635538684,0.2823865246588248
SG_003555,0,0.2035947335462108,0.5836287893988658,0.22438326030011657
SG_003556,0,0.22744526623664893,0.6270905661941416,0.25739769101135873
SG_003558,0,0.20767839180861603,0.5760502630848588,0.2226322467769466
SG_003559,0,0.1676526835170323,0.4659502389564428,0.16026108302125883
SG_003560,0,0.12708204719250274,0.49526585947193413,0.1524309394313146
SG_003561,0,0.13552783854406117,0.5136106954514155,0.16307416318051254
SG_003562,1,0.1397542501583736,0.3847614628103965,0.1225415070668572
SG_003563,0,0.13817625673922806,0.4481845265518886,0.14179484995318342
SG_003564,0,0.11311927485931023,0.2770130190336602,0.0834325316764434
SG_003565,1,0.1705736561688381,0.5214617470345427,0.1824631274170942
SG_003567,0,0.23265626807541917,0.6145825575855011,0.2530526186439389
SG_003569,0,0.09392419079245402,0.08701386417903452,0.032015201332990434
SG_003570,0,0.16273447423787799,0.4967802749713314,0.1694835029202045
SG_003571,0,0.2739597972333195,0.6119477384168197,0.2694975973828176
SG_003573,0,0.19350590653866032,0.5381835068116492,0.19942960435990872
SG_003574,0,0.17978480507085193,0.696774839159534,0.27350026649831594
SG_003576,0,0.11924568775125023,0.4657973457880871,0.13885110157657995
SG_003577,0,0.14450152501754085,0.5190878219100631,0.16946897877497885
SG_003579,0,0.13472096574291645,0.5072899210021864,0.16039890932626416
SG_003580,0,0.12764106071282258,0.3363178032957557,0.10408116734395813
SG_003581,0,0.1179564431225919,0.360043079138311,0.10704708720462837
SG_003582,0,0.23610273411863605,0.532956548856726,0.21473323355655735
SG_003583,0,0.11291255520120815,0.32095834188197514,0.09466656706693284
SG_003586,1,0.14101564232791866,0.49906809666628144,0.16047519557500728
SG_003587,0,0.09102862284814213,0.25637777342232676,0.07115106244412196
SG_003590,0,0.27213411458064024,0.6064279843097747,0.2657146563765676
SG_003591,0,0.3274687171936809,0.6306068514033093,0.30226747420544625
SG_003592,0,0.17636021978276342,0.4530629634522835,0.15910742857664034
SG_003593,0,0.11306261091102188,0.435919233785275,0.1266852158229469
SG_003595,0,0.15382685517755015,0.3836752979825855,0.12741273919313512
SG_003596,0,0.25229484880689607,0.512174319207843,0.21167798259793613
SG_003599,0,0.21498058343478343,0.5902425344349059,0.23271559690872987
SG_003600,1,0.18050231353656543,0.5402470371493132,0.19457296710232122
SG_003602,0,0.10074644393782105,0.32799073523267874,0.09190014334980719
SG_003604,0,0.12083501236162254,0.4314632323143797,0.12889374338224582
SG_003605,0,0.17539534959943737,0.45771344928224894,0.1604018637071638
SG_003606,1,0.11972905770211839,0.4088752190542846,0.12165745749625502
SG_003607,1,0.1545219530644368,0.43283449798061757,0.14351272186724223
SG_003608,0,0.1398864096459999,0.30031184882939094,0.09812155358860342
SG_003609,0,0.09214496040271027,0.2978629987229128,0.08123830468453085
SG_003612,0,0.16893528082574957,0.5115100901318951,0.1778250763864996
SG_003614,0,0.09141402277209566,0.19569888558445692,0.057390030445466096
SG_003615,0,0.20149297359521504,0.5520189862212654,0.20892052980589879
SG_003616,0,0.16070411592088388,0.5047169099636627,0.17157088604072185
SG_003617,0,0.21901396621876346,0.5632782775310579,0.22159111430702425
SG_003621,0,0.37354884140150024,0.5946289873723494,0.2991092693786645
SG_003622,0,0.11375894016804637,0.3998067818949606,0.11646236192336235
SG_003623,0,0.194869248419032,0.328871340214188,0.12326156442846103
SG_003624,1,0.11155288547145324,0.4519971103137496,0.1308214450345573
SG_003626,0,0.18547548769343866,0.3909949595049354,0.14085728022484395
SG_003630,0,0.2655467026044918,0.6042412654521767,0.2617784270889901
SG_003631,0,0.13156647342621558,0.4732645539903493,0.14712242599523243
SG_003632,0,0.25390282984674983,0.5950849595194472,0.2520450775034398
SG_003633,0,0.2195325324188461,0.5075301907995052,0.1971453102764965
SG_003634,0,0.14061352349744788,0.4538492015132742,0.14471647958728082
SG_003635,1,0.12408343140168178,0.4218643785725679,0.12740998090213876
SG_003636,0,0.11994536406157612,0.38399865304298036,0.11455161667457406
SG_003638,0,0.09898021685354023,0.3540710484364319,0.09780824222455993
SG_003639,0,0.15736993170123628,0.4341830984337395,0.1450944344057696
SG_003640,0,0.17603059837324228,0.5399473253593963,0.192430967908304
SG_003641,1,0.32478939209440155,0.6949783005555863,0.343025137470576
SG_003642,0,0.1169591688144224,0.3910584725029844,0.11533086078325577
SG_003643,0,0.14860984043235745,0.42725361461971956,0.13931235047110918
SG_003644,0,0.127072644293823,0.46098448478393333,0.14099679066070359
SG_003645,0,0.1190803081229968,0.44327437544215204,0.13171111078411643
SG_003646,0,0.15276481424227992,0.4777425235903511,0.15819584881775303
SG_003647,0,0.15749329841678864,0.49809549029803435,0.16766082572300386
SG_003649,0,0.11671804318448871,0.4564718919316567,0.13469263289790845
SG_003651,0,0.15370524275242986,0.525892060703787,0.17645511311842427
SG_003652,0,0.1425346615858912,0.41005226197470707,0.1313964995975698
SG_003653,0,0.2479184682741573,0.6738896396225856,0.29427100847686144
SG_003654,1,0.10117330241381728,0.33129114732481807,0.09289947824112851
SG_003655,1,0.29536249188525154,0.5985788401726276,0.27094189518538025
SG_003656,1,0.308585771405458,0.627836295441656,0.2929121715739426
SG_003657,0,0.21650742629336775,0.5726961952463278,0.22493417272148492
SG_003658,1,0.166024301219713,0.44842116818577066,0.15339839050458734
SG_003659,0,0.10686610518330375,0.43235061598913616,0.12270567016809521
SG_003660,0,0.14448974206718554,0.43406411873220613,0.13985432434340417
SG_003661,1,0.292300176266255,0.5865142577986253,0.26321843187969296
SG_003662,0,0.09712104988854557,0.48667974954781323,0.13393477506206566
SG_003663,0,0.20596532881270177,0.5425444805320148,0.20665846752429087
SG_003664,0,0.21794572668244303,0.567409754973406,0.2230650251733561
SG_003665,0,0.12248272148006482,0.5286292767905341,0.16182387538779852
SG_003667,0,0.10768786076605412,0.45071050152161163,0.12853955333372258
SG_003669,0,0.0878374317682344,0.35690671780467437,0.09369269499685286
SG_003672,0,0.09703083989383388,0.3509087003902001,0.09618408455131501
SG_003673,0,0.08340786603725796,0.4199608324815638,0.10749176916441745
SG_003674,0,0.18598766549106463,0.43219931499957237,0.15530115280442075
SG_003675,0,0.10716627942821201,0.46184537020291033,0.13165455063761097
SG_003676,0,0.11191997771271722,0.41841847967796164,0.1210024876684482
SG_003677,0,0.10597067230327296,0.46661669255849036,0.13250656951984713
SG_003678,0,0.09044682326145337,0.34026659371269846,0.09075438811065943
SG_003679,0,0.16208447901221365,0.4405346164708539,0.14911223079537098
SG_003680,0,0.11761799962273956,0.36114820061695513,0.10721988422915522
SG_003681,0,0.18832683648031126,0.5215165229386568,0.1902285739064771
SG_003682,1,0.296953094535464,0.5427355073101698,0.24263952255786367
SG_003683,0,0.11730234185613136,0.39940116204032866,0.11786472887262425
SG_003684,0,0.20145565349058178,0.5613213133779829,0.2130743952574854
SG_003685,1,0.1882631404599371,0.49485768690387977,0.17951992131547687
SG_003686,1,0.294136740088684,0.7382034382247805,0.3614788189064817
SG_003687,0,0.162072126572287,0.5560193462150773,0.192592170709324
SG_003688,0,0.33270846008770866,0.6081396160572793,0.29114299605448113
SG_003690,0,0.14582357197183507,0.4988795618977461,0.16265182567638967
SG_003692,0,0.24152258379946182,0.5161259497959952,0.20934859409520365
SG_003693,0,0.11271855356086351,0.3780079742712441,0.10990421621117138
SG_003694,0,0.2644538100629416,0.633461123671614,0.27752630459498573
SG_003695,0,0.20177868058962456,0.6272258088636276,0.24532906645878128
SG_003696,1,0.1814667505280633,0.4575478007612007,0.16271702057274748
SG_003697,0,0.3533858528888653,0.6352525265091505,0.3155384320061553
SG_003698,0,0.16822134082251375,0.442848319713291,0.15232241923063947
SG_003700,0,0.18884718845500004,0.41858967930726865,0.15152771844961804
SG_003701,0,0.10576623352430159,0.44861789614323544,0.1269624965791784
SG_003703,0,0.13842744054433978,0.48482623006963177,0.15424554175037242
SG_003707,0,0.12084866979000046,0.5167414086169811,0.1567170335138415
SG_003709,0,0.22990341417196372,0.5345129727200026,0.21296298956096024
SG_003712,1,0.3157881377480738,0.5483560551917304,0.2524354326532331
SG_003713,1,0.20168207155011317,0.5761670182603861,0.21999942487873111
SG_003716,0,0.13016695183275415,0.4610074120083493,0.14242592254973027
SG_003717,0,0.09876464856089388,0.40926134766061134,0.11232380899752946
SG_003718,0,0.17104070882996072,0.5012471813956936,0.1747799909076607
SG_003719,0,0.08578264420057856,0.3108772359133141,0.08180791197221651
SG_003720,0,0.3879145136056816,0.7853333710854706,0.4456125949140419
SG_003721,0,0.10612817122162756,0.33495960253836715,0.09576608251890327
SG_003723,1,0.1399477644329123,0.436476186989775,0.13874625775762028
SG_003724,0,0.09080735155527785,0.2781874052063886,0.07612252388173579
SG_003725,0,0.14245186445764466,0.5330968253564006,0.17377396868507336
SG_003726,0,0.2345975500737926,0.5531574542528213,0.22338287294972328
SG_003727,0,0.20623587555927891,0.547106502415981,0.2087856131168518
SG_003728,0,0.11402721939136613,0.3708798761781395,0.10847322653232133
SG_003729,0,0.12533992228841315,0.3956993936973991,0.12013531597312926
SG_003730,0,0.15355707395960028,0.556580773390269,0.18864011527680033
SG_003731,1,0.10876307480715434,0.2543066178626076,0.0763727203224552
SG_003732,0,0.147577660377046,0.4892715427713701,0.15999831858832853
SG_003733,0,0.13448842811230816,0.3564443407372521,0.11223323949131478
SG_003734,1,0.25224502953387795,0.5632040821926722,0.23533894824747711
SG_003735,0,0.15583318852531422,0.3867133936663845,0.12909160886782037
SG_003736,0,0.15699639942373272,0.48797295487435444,0.16372098468871066
SG_003737,0,0.22862862231175765,0.5390830894433717,0.21450241991123703
SG_003738,1,0.194905620964006,0.5805908847751532,0.21897305852885884
SG_003739,0,0.21563440906680645,0.5594788332416349,0.21838819057262646
SG_003740,0,0.2563418274294063,0.6125341891709649,0.26234389937435293
SG_003741,0,0.23833288221999052,0.631417726200399,0.2647532515711999
SG_003742,0,0.08361185913024595,0.34167042505608314,0.08812541238485196
SG_003743,0,0.14819085444426747,0.4553397691787913,0.1484649015886287
SG_003744,1,0.3737448940578027,0.5556764576050701,0.2774417990815362
SG_003747,0,0.15698868534276733,0.39323233758318565,0.13157593485626823
SG_003748,0,0.1391792027399917,0.4896680808078784,0.15628392910713368
SG_003749,0,0.1164333284444255,0.4741054757781486,0.1401368853957338
SG_003750,0,0.10097008504098128,0.31135369635823806,0.08782752306298194
SG_003752,0,0.18590667779270195,0.6642936695518701,0.2575121778806066
SG_003753,0,0.10045731299332754,0.10082715532574756,0.036635079394954084
SG_003755,0,0.12655213779776897,0.4513459367948016,0.1376619425146818
SG_003756,0,0.3883007207911633,0.711765634200246,0.382505146051743
SG_003759,1,0.22107288968742544,0.5591166856058973,0.22053178339520726
SG_003760,0,0.17396935324036103,0.49361473279464,0.17311262689532034
SG_003761,0,0.26576729877238375,0.554463052628187,0.236469242447034
SG_003762,0,0.11697363876878104,0.30909661336567695,0.09299729756167817
SG_003763,0,0.1605272045935967,0.46863863951096985,0.1582769241493212
SG_003764,0,0.16744833776193727,0.5437338737254372,0.1900475213046546
SG_003766,1,0.24055382308318965,0.5440874964709567,0.22158051699884804
SG_003770,1,0.3232137203487219,0.6381486681697748,0.3051015351277083
SG_003771,1,0.3508384304163616,0.6774434392283172,0.34194159350865844
SG_003772,1,0.2900973699620482,0.6110630002211975,0.27569815099843337
SG_003773,0,0.2638933952957379,0.5889528936521071,0.25302162736082484
SG_003774,0,0.11297720361042131,0.2774347705875301,0.08349364925364916
SG_003775,1,0.09688457991157788,0.3803309737785216,0.10370363572966121
SG_003776,0,0.23660786206957382,0.6112401230792675,0.25304380166338936
SG_003778,0,0.3445859849083254,0.5571450401573135,0.2675894071980511
SG_003779,0,0.08938701623043045,0.3682886768421253,0.0972197294373507
SG_003780,1,0.08264354974425438,0.22804799827904032,0.06200066426455699
SG_003781,0,0.11865536104743858,0.386131344312234,0.11463153067854677
SG_003782,0,0.22490068642690167,0.6379579951510869,0.26218926230517664
SG_003784,0,0.10576314878003286,0.2798792227645192,0.08172927201758191
SG_003785,0,0.13810334707330726,0.45933103095191474,0.14543862437824845
SG_003789,0,0.08230504814122054,0.31736501934985695,0.08187441311390403
SG_003790,0,0.10081197106505398,0.35562167627226865,0.09897262031739111
SG_003791,0,0.12243811300389378,0.3492069831562169,0.10576127148816077
SG_003793,0,0.11038112322798847,0.47095107661864233,0.1361017448436601
SG_003794,0,0.1148859057055438,0.4014992440318836,0.11743267826368882
SG_003796,0,0.11889255132399516,0.40463698779217055,0.12005918511734054
SG_003797,0,0.09977993428854155,0.3865012131973814,0.10663694553679574
SG_003798,0,0.27532369098122006,0.6601304125656985,0.29821732155405867
SG_003799,0,0.132096769678164,0.4400018853636537,0.13651832135661834
SG_003800,0,0.1026811213033038,0.17840350160699567,0.056256972465106025
SG_003801,0,0.21807519558992897,0.5138041673969397,0.19922317492685387
SG_003802,0,0.2792181550064394,0.6070047334410833,0.26897120657987794
SG_003803,0,0.2371741728148158,0.5440590371770478,0.22021299657529622
SG_003804,0,0.2151553256159124,0.5034458839680337,0.19372501681898627
SG_003805,0,0.1700548306813511,0.4792049560710861,0.1660758452415615
SG_003808,0,0.09915954313541735,0.3502548238807956,0.09690610546431457
SG_003811,0,0.1243673101703965,0.38764904899416963,0.11739099768247649
SG_003813,0,0.1829569198810083,0.5663845581551756,0.2069709510266896
SG_003814,0,0.1148697395120406,0.4546263147180129,0.13323226744632627
SG_003815,0,0.09606944140156361,0.3889361426960511,0.1055965582353374
SG_003816,0,0.10592109353712827,0.4316296621656222,0.1220440274647712
SG_003817,0,0.16158387748535305,0.5082772068381695,0.17331489059897023
SG_003818,0,0.1056010293624809,0.5522438232664212,0.16078866139075082
SG_003819,0,0.20894997315298713,0.5340237353774578,0.20419389163216442
SG_003821,0,0.20460155353126688,0.5392485552899271,0.2046394858205431
SG_003823,0,0.09204094767873118,0.32994254135085604,0.08890214949250384
SG_003824,0,0.1274190554016864,0.41654342599771044,0.1272235142293048
SG_003825,1,0.19392196467386189,0.5568482040565162,0.2077301825721664
SG_003826,0,0.12658618875070693,0.4663169244276395,0.1425042012682288
SG_003827,0,0.11596419034017531,0.36979250135296293,0.1089536946085109
SG_003828,1,0.22962035304477943,0.59276710159081,0.24044573571714387
SG_003830,0,0.13196139881862168,0.4753521942061306,0.14800616494316987
SG_003831,0,0.245967938210316,0.5217427678510895,0.21354392653430035
SG_003832,0,0.11255819976569414,0.41277363070228135,0.11965460696816528
SG_003833,0,0.13025168489449004,0.2981698495857673,0.09449139370227255
SG_003834,0,0.11886009130697284,0.3266156383365463,0.09830592383392144
SG_003836,0,0.15802095021053703,0.45652245861489305,0.15297970437637196
SG_003837,0,0.10406620436580245,0.4322433195314566,0.12132850720945206
SG_003838,1,0.14397511878246566,0.5122544421024021,0.1666741906932775
SG_003839,0,0.18452505649779286,0.5468672344725307,0.1991814951217533
SG_003840,0,0.1147473350143332,0.3772027849416577,0.11051655024038033
SG_003841,0,0.1690660379901067,0.5491556530851305,0.1930566561327652
SG_003842,0,0.123910702571414,0.5073626949482227,0.15502290262161025
SG_003845,1,0.11734595886248626,0.3959390499542326,0.11688808459885174
SG_003846,0,0.13416207222074428,0.46339182215137725,0.14502529479476758
SG_003847,1,0.29448921371076364,0.8356313078851902,0.4559828089694321
SG_003848,0,0.09560229474212383,0.3589285564350731,0.09761317511979621
SG_003849,0,0.2526008897869218,0.516742769674314,0.2138286680535306
SG_003850,0,0.10157402003329956,0.40165068699363776,0.11154985627163362
SG_003853,0,0.1949066034743565,0.6160770735349607,0.2362261005607578
SG_003854,0,0.09334579271795963,0.2776540391550317,0.07690608957740112
SG_003855,0,0.13579761631144918,0.44698579363565566,0.14037222127699056
SG_003857,0,0.13968771529302576,0.5141551759333632,0.16530957174344224
SG_003858,0,0.1385939730316611,0.5052113697043972,0.16152957787165842
SG_003859,0,0.18883162499670245,0.45777135551456305,0.16563528726324944
SG_003861,0,0.1631615698468942,0.5438809400886455,0.18809124257116952
SG_003862,0,0.12496370814067363,0.2816029704297425,0.08837864086513354
SG_003864,1,0.25659149340447,0.5760026149812324,0.24342196045690812
SG_003866,1,0.14708552493533011,0.4720405933349842,0.1537123567420429
SG_003867,0,0.13987272160075537,0.3188126303023967,0.10332782281266387
SG_003870,1,0.13933384050064648,0.4440010053747585,0.14092690680689626
SG_003871,0,0.235683274034445,0.5623739499199428,0.22817011042859958
SG_003872,0,0.24502656910976742,0.4974687693499776,0.2025538600476646
SG_003873,0,0.1949037427829039,0.43793527735810583,0.16062049003107115
SG_003875,0,0.16373266653592214,0.4309299799611962,0.14648682979358352
SG_003876,0,0.11973205536420527,0.3504803979467782,0.10509688825792542
SG_003877,0,0.12270665364314344,0.4233647414550674,0.12726527049114875
SG_003879,0,0.13745057567016614,0.4578400259460057,0.14465525026143503
SG_003882,0,0.11738042512716451,0.26444534663285624,0.08156938867476407
SG_003883,0,0.11226125481547446,0.3828584736020194,0.11105764164651907
SG_003884,0,0.22004745410778637,0.5889378596713826,0.23433013516045587
SG_003885,0,0.19207666663378276,0.5173496045327273,0.1901074459480688
SG_003887,1,0.20041950218944185,0.528829053106219,0.1983981535702629
SG_003888,0,0.12198940068639358,0.48741147175013383,0.14725141360601704
SG_003889,0,0.13180096888448656,0.43737108679786124,0.13555534860912855
SG_003890,1,0.1679695368757869,0.4976775925308635,0.17209566373711102
SG_003891,0,0.14875904369600654,0.5371019881476896,0.17844077935550703
SG_003892,0,0.1284898087956617,0.4676261204891457,0.143821406294552
SG_003893,0,0.08261541553239744,0.2763846995889367,0.07269325195951935
SG_003894,0,0.11759711840293152,0.3754138235043864,0.11117542684961679
SG_003895,0,0.18858130230871595,0.5463187800669057,0.20075660641594045
SG_003897,0,0.2119018916473904,0.5594553638542631,0.21677683944281395
SG_003898,0,0.12313578153118714,0.45993111502884526,0.13882523877789585
SG_003899,0,0.23475734838603224,0.5631641654840143,0.22816221763347505
SG_003900,0,0.1245758858257708,0.44211217104413475,0.1338550801678343
SG_003901,0,0.15503586208437892,0.4275959761926608,0.14197834805268938
SG_003902,0,0.11339442261195619,0.4049117025461618,0.11776261564710297
SG_003903,0,0.21298083890240108,0.5522518097904161,0.213961409344082
SG_003909,0,0.18631699361352513,0.45587016079216575,0.16397288057033427
SG_003911,1,0.2687344713803654,0.6151941192958676,0.2690864441109125
SG_003912,0,0.34902813955034073,0.5823650467661767,0.28288447519463583
SG_003913,0,0.1484114077013886,0.4743344709317587,0.1550927878598591
SG_003914,1,0.2721259795104117,0.6105105450804139,0.2679391735782855
SG_003915,0,0.10675943350528748,0.3220818974620183,0.09269462461164407
SG_003916,0,0.13721908393985696,0.4674962058731482,0.14777429469640718
SG_003918,1,0.1351928585495674,0.41436677041007614,0.1297884317874281
SG_003923,0,0.1465533734880348,0.4440911319059718,0.1440048694802994
SG_003924,0,0.12772601320953095,0.4280518119475618,0.13087825045425705
SG_003927,0,0.30564839636195135,0.7035875230313862,0.3406986510586282
SG_003928,0,0.23937219442610572,0.6123290078591865,0.2548436272002469
SG_003929,0,0.13202137320862736,0.4408318163515516,0.13674946875357308
SG_003930,0,0.237045839219283,0.6102046008657115,0.2526907507531292
SG_003931,0,0.11986333758036517,0.357941060536625,0.10720346654955763
SG_003932,0,0.10549078542882757,0.41055276389891593,0.11582139399968758
SG_003933,0,0.23266546996844176,0.5814195040854837,0.2361158986812505
SG_003934,0,0.21053483842689583,0.503418186052733,0.1918964508855243
SG_003936,0,0.128335787711385,0.39257458329954553,0.12042693767410627
SG_003938,0,0.11809748059451909,0.47246541758425736,0.14043042955105126
SG_003939,0,0.1407996827452448,0.42819152037412683,0.13643891936545954
SG_003942,0,0.11243588532430078,0.4764142236701602,0.13887059909911809
SG_003943,0,0.12195038585416258,0.4188454643203769,0.12557534407280022
SG_003944,0,0.15414720221647196,0.45299478950640154,0.1501627877705533
SG_003946,0,0.14013245747095038,0.640902659388505,0.2191981220121627
SG_003947,0,0.19291259535516256,0.5194515955934242,0.19132240903412095
SG_003948,0,0.11350681584948165,0.42664323032050394,0.12413395120199852
SG_003949,0,0.15179380413604365,0.526537196273222,0.17579733234520187
SG_003950,0,0.2411844721746407,0.603140460993527,0.2507988175305889
SG_003952,0,0.14309112545004835,0.4308595020880215,0.13823984534517073
SG_003953,0,0.1877325112395464,0.5780447893124093,0.21446247345114117
SG_003954,0,0.12572405984565957,0.5097197735095458,0.15677245654914634
SG_003955,0,0.10707086965074575,0.4224423937448089,0.11993422103429975
SG_003956,0,0.12105687954109666,0.496107034833087,0.14970716815123383
SG_003957,0,0.1162038917147722,0.5810542676476943,0.17816585133486246
SG_003960,0,0.16070272218177029,0.48222276067798997,0.16323474575061178
SG_003962,0,0.09485187335167855,0.2510276163592822,0.07117901583288429
SG_003963,0,0.13974205411098867,0.419819877494636,0.13334732847605832
SG_003964,0,0.2093325625587982,0.4750898739911453,0.1800274628941154
SG_003965,1,0.32890785142285656,0.6490364752745219,0.314189495088798
SG_003968,1,0.17399018454012924,0.5174097694159009,0.18236703451258912
SG_003970,0,0.2571856901321022,0.6912428990319975,0.309873702603871
SG_003971,0,0.10880643403587315,0.29551222706023034,0.0866754026990228
SG_003973,0,0.10943261662947971,0.30990837769137114,0.0905561970814325
SG_003974,0,0.13709541215225798,0.4325270415807407,0.13627931449142722
SG_003975,0,0.14255933965357023,0.4837096318456532,0.15575378539490306
SG_003976,0,0.12487993624970854,0.28207693545666435,0.0884779302345203
SG_003980,1,0.18954136751835468,0.5198078393846117,0.19004464246691044
SG_003981,0,0.22802136261065817,0.49837754138204937,0.19656977355409483
SG_003982,0,0.11754472271495991,0.527275361482772,0.15867407082372184
SG_003983,0,0.10856993475501071,0.34065925095264715,0.0981936279078359
SG_003984,1,0.10792033009299401,0.46163365130268225,0.13197039331810673
SG_003985,0,0.08745051186979581,0.3623755431370028,0.09486532847260161
SG_003986,1,0.21932669957401849,0.6296368405617792,0.25500291465362274
SG_003987,0,0.15860230707474599,0.4622571197129378,0.15522077685070013
SG_003989,0,0.10519192594109826,0.3723280306235042,0.10520770600384594
SG_003990,1,0.16231034231691732,0.5169858521426397,0.17698890029487901
SG_003991,0,0.20275188366098776,0.5526791739825588,0.20976122045993784
SG_003993,0,0.11864593334803082,0.36633692375778953,0.10905972171378561
SG_003996,1,0.28669344771409117,0.618178881303503,0.27829029607367584
SG_003997,0,0.13842318896956404,0.31420504027276597,0.1015553470684876
SG_003998,0,0.1485313643176913,0.4609289726439802,0.15051229013493173
SG_003999,1,0.0772429906113086,0.21756228977563324,0.0579789851664566
SG_004000,0,0.09166225350582174,0.31539159936027333,0.08523251090480254
SG_004003,1,0.20117608195111958,0.5279463555333774,0.1983412070353138
SG_004004,0,0.18034525905040752,0.5786530444443208,0.2112505204137574
SG_004005,1,0.2615242723044458,0.6211563054469426,0.26930667590038143
SG_004006,0,0.10681475777782312,0.5530188365859395,0.16180273580198695
SG_004007,0,0.178875290404139,0.49906814944258265,0.1772729829270915
SG_004008,0,0.1119198727457999,0.44171238144601227,0.12788358831496346
SG_004009,0,0.13894946778636375,0.45783748111490596,0.1453148779680117
SG_004010,0,0.18238561808312007,0.5345718849041398,0.19304133178342034
SG_004013,1,0.10632696537782088,0.4433399435292324,0.12567217873569073
SG_004014,0,0.19778053457139366,0.566309632864634,0.2137024276677949
SG_004015,0,0.16118358885919618,0.4088844324549322,0.13817712714609387
SG_004017,1,0.1801791685233851,0.43896745573306384,0.15554437210863167
SG_004018,0,0.10310968381569785,0.28979517610765143,0.08326888458824408
SG_004020,0,0.16516987414404757,0.44927830131433655,0.15335744829882095
SG_004021,0,0.18313352472558542,0.4843095282033168,0.17335725019790885
SG_004022,0,0.18563547608777334,0.6064081519385103,0.22688163675314
SG_004023,0,0.11995168953419028,0.42990598047050177,0.1280258578152849
SG_004024,0,0.21110428303338744,0.5433587538527321,0.20918853125644607
SG_004025,1,0.21708321869144984,0.5568007109985861,0.21777446741965178
SG_004026,0,0.10456496343550577,0.3177100261836745,0.09076296767217698
SG_004027,1,0.21846950977990254,0.5408441809819069,0.21114018622493047
SG_004028,1,0.1925360784169047,0.4850819036162834,0.17742881402297944
SG_004029,0,0.15496595298252483,0.48927187394294575,0.16330043715146914
SG_004030,0,0.1075134446717323,0.4169276967004814,0.11855926038943371
SG_004031,0,0.12459718795496318,0.7465372446639094,0.2699723672918664
SG_004032,0,0.09750981950585097,0.41608627249133295,0.11359746329749214
SG_004033,0,0.20994770090050194,0.49879021222335496,0.18976563747858044
SG_004035,0,0.14522488780589274,0.4557167775513252,0.14732812434110212
SG_004037,0,0.0793902343812514,0.29822049101296766,0.07631620385799921
SG_004038,0,0.10538340041644,0.3692465152845354,0.10446471967577674
SG_004039,0,0.23583471839542827,0.5014492882327898,0.20082639724166804
SG_004040,0,0.13107403086894556,0.43852578120757996,0.13560477525670472
SG_004043,0,0.16809252017721601,0.5616551637957365,0.19788457106697102
SG_004044,0,0.3716935856329325,0.6287740241376362,0.31879352404857847
SG_004046,0,0.10852533169030387,0.33642990658310806,0.09707066096148383
SG_004047,1,0.16147341728908207,0.49944169069230215,0.16992654543508554
SG_004051,0,0.12975942206542224,0.4544067881608344,0.14009705569416397
SG_004052,0,0.2362690063726153,0.574669051292754,0.23433614751513374
SG_004053,0,0.13003969225608794,0.46238697064138573,0.14281878950873889
SG_004055,0,0.13844185282858032,0.505675764383349,0.16162372135648156
SG_004056,1,0.1186283976624577,0.3709397798636794,0.11033635529136011
SG_004057,0,0.10785028693694637,0.3432198515244937,0.09858441844290912
SG_004058,0,0.20048645518257943,0.5794383185828307,0.2209895999278346
SG_004059,1,0.21451867930018462,0.601092867254668,0.23789411361642607
SG_004061,0,0.20539053448927028,0.5369458900450906,0.20397178802796853
SG_004062,0,0.15913071603809462,0.579756808947204,0.20129933113355594
SG_004067,1,0.29351856942137716,0.641293986906372,0.29462411833008323
SG_004068,0,0.12272268640968877,0.4218760102047495,0.12682260231322257
SG_004069,0,0.18116204400271516,0.49182321234171394,0.1754279825108607
SG_004070,0,0.14443513765108482,0.42142165306459795,0.13575400272085664
SG_004072,0,0.29549097368511584,0.5622111257079047,0.2518297681368726
SG_004073,0,0.12157631647984397,0.39863036711396593,0.11944057038225735
SG_004075,0,0.08379227463068971,0.2534561507153735,0.06800237045596244
SG_004076,0,0.10804875853778316,0.3277415786102536,0.09463359717270851
SG_004077,0,0.1869613165686607,0.4596822579868696,0.16562498810815562
SG_004082,0,0.13436790875955487,0.3429329289410883,0.10831618597581223
SG_004084,0,0.20040183694702537,0.48437438841686264,0.18025031137939612
SG_004085,0,0.0906076983727286,0.3229900975640793,0.08663443478006663
SG_004086,0,0.11455189019399385,0.33137408740591034,0.09800762954862326
SG_004088,0,0.11523367382745485,0.4428746664116612,0.12979915944415057
SG_004090,0,0.19591728225498414,0.6544840616849075,0.2572091244325336
SG_004092,0,0.11974612355534535,0.39991587410261764,0.1190476836236054
SG_004095,0,0.29406603274181253,0.6432709354091126,0.29604663328418235
SG_004096,0,0.1211031866732566,0.33819786210597313,0.10224647653436399
SG_004097,0,0.25162468424241796,0.6516040339682214,0.28239035494949416
SG_004098,0,0.21256094036722517,0.6240286591565057,0.24881226536904777
SG_004099,0,0.1495674889998572,0.42905744905926174,0.14028543967755794
SG_004101,0,0.10190690353067984,0.3775451860739189,0.10518994220303335
SG_004102,0,0.1293404081111933,0.4666155838320713,0.14388407023667685
SG_004103,1,0.11939164560135222,0.41583069430251,0.1235635666140238
SG_004104,0,0.22077442575287998,0.6280406718656686,0.2548179786870322
SG_004105,0,0.0907397202140489,0.37504422234712076,0.09954477810421296
SG_004106,0,0.3970783344058919,0.7240951671218738,0.3958277942339751
SG_004108,0,0.1522357261753217,0.45827914152296706,0.15117636470584828
SG_004112,0,0.11194190729163911,0.39844437326617627,0.11528841959837265
SG_004113,1,0.09206410548248883,0.33077670657035396,0.08911485132253885
SG_004114,0,0.3240467382159121,0.624462308440017,0.2972161085003024
SG_004115,0,0.17076590099061328,0.3655224256452698,0.12755567016258512
SG_004116,0,0.1283607894746371,0.36728235983260127,0.11307930828204209
SG_004117,0,0.17095147878595918,0.5170667866542523,0.18089157913726162
SG_004118,0,0.16218093974795864,0.5317839081867768,0.18274607126746287
SG_004119,0,0.19053149450766824,0.5869010813539599,0.21989033964334173
SG_004120,0,0.23008578683309933,0.5540997508204175,0.2219678069597263
SG_004121,0,0.20542531486628332,0.5858908977650138,0.22629554002726096
SG_004122,0,0.08145340488077336,0.34628936320821435,0.08824880349692919
SG_004124,0,0.27972867413512487,0.5837990178266663,0.2567736133114087
SG_004125,0,0.2176954119164556,0.5168081078094733,0.20035014422970898
SG_004128,0,0.21611185168966598,0.5205538918952445,0.20131703670975515
SG_004132,0,0.22912149477260035,0.7588239218489399,0.34543368656483336
SG_004133,0,0.20302400217879213,0.5139249536132984,0.1932260164093417
SG_004134,0,0.14146618448541814,0.4306263944617972,0.13749473073352167
SG_004135,0,0.21150810137397413,0.6436544477243886,0.2589529425688378
SG_004137,0,0.1362972337042845,0.4802679229596267,0.15168756636921507
SG_004138,0,0.10021486317092403,0.38249215662931985,0.1057625378791006
SG_004139,1,0.22951762947960952,0.564071188212411,0.22640698426711126
SG_004141,0,0.14059715144505236,0.38520023964727174,0.12299299207962773
SG_004142,0,0.37710886958541723,0.7661905290965437,0.4228831470806324
SG_004143,0,0.10287434714965231,0.30032443471863246,0.08578873814220195
SG_004144,0,0.15527498545858173,0.42864403961040015,0.14241955352330365
SG_004145,0,0.2176822001964059,0.6423851407029801,0.26123034789567223
SG_004146,0,0.15755252834370345,0.5602414313273408,0.19214572687928463
SG_004147,0,0.08398356381907095,0.3721842445153972,0.09566870110678477
SG_004148,1,0.15810308934415748,0.3816716225083883,0.12831783452400639
SG_004150,1,0.24921162611328307,0.5615714078637382,0.2333214754092491
SG_004151,0,0.12400061730795602,0.47524476326949056,0.14420209534577672
SG_004153,1,0.13574537366237674,0.4528124426120541,0.14224782255321988
SG_004154,0,0.2596625131141011,0.6251134699944042,0.2707076480838032
SG_004156,0,0.09828243895341437,0.37178551602435933,0.1020897730682279
SG_004158,1,0.2623749037588599,0.5758909713525647,0.2457200637018844
SG_004159,0,0.2743540800704107,0.5848669301693403,0.25516649236088657
SG_004160,0,0.22973634814487012,0.6278296942848828,0.25885340599413126
SG_004161,0,0.20682504213482267,0.4663902031441193,0.1756923232655531
SG_004162,1,0.3314330415555464,0.5676623300195771,0.26827854829921755
SG_004165,0,0.18719499065230816,0.5416787761466345,0.19815763710869205
SG_004166,0,0.13743088799136935,0.44326768646004705,0.13987316468716143
SG_004167,0,0.1094500673496192,0.3427260109055338,0.09907756146148854
SG_004169,0,0.2042852678777424,0.5442135690772687,0.2066762182419
SG_004172,0,0.3138927699700776,0.6005487849010956,0.2794172269859432
SG_004173,0,0.23804745822030224,0.573770521500389,0.2346447823301418
SG_004176,0,0.17537934111976514,0.5303827896855876,0.1882003175371401
SG_004177,0,0.11049907949158759,0.31521010027041957,0.09230152523952503
SG_004179,0,0.12526545468317854,0.4041772100953623,0.12260816359833299
SG_004180,0,0.2831194920250839,0.5384212655059075,0.2353666424264094
SG_004182,0,0.12859559109863156,0.3102032129877493,0.09722683387994327
SG_004183,0,0.10354185708764284,0.4326458075599018,0.12119037208044592
SG_004185,0,0.21792724370919955,0.54700218969573,0.21367481978379302
SG_004188,0,0.23462674675051884,0.5812130864975462,0.236851413539628
SG_004189,0,0.1153490430826406,0.3510452516251301,0.10357901692093514
SG_004190,0,0.08528565030877884,0.26690299316102817,0.07154567114533451
SG_004193,0,0.08505834520065232,0.23628615383986515,0.06461075836533642
SG_004194,0,0.19608864276713053,0.513061797388445,0.1900228454678666
SG_004195,0,0.09072490803160048,0.34375643236209213,0.09172739097454062
SG_004196,1,0.1517501068673289,0.41520944857432834,0.13664624968356254
SG_004198,1,0.24162513297309396,0.5743153143303322,0.23640721507781504
SG_004199,0,0.18416662906378822,0.601466473322858,0.2237649405996685
SG_004200,1,0.176846984161754,0.5107343384854021,0.18096990876713834
SG_004202,0,0.24514528373432887,0.6355882518263247,0.2701748005077301
SG_004203,0,0.12495387558613859,0.5193152275178473,0.15977726199501432
SG_004205,0,0.14762725790473985,0.43433114799386974,0.14122795573987693
SG_004206,0,0.2647855001666406,0.5089090193423119,0.21484986412823648
SG_004208,0,0.09569986804910623,0.3805269447916995,0.10322026667912426
SG_004210,0,0.13652675344944168,0.46314076446165686,0.14600553934527727
SG_004211,0,0.19374230733012163,0.49518855746672036,0.18187263517638125
SG_004212,0,0.08717118283429055,0.39182494558817993,0.1021317392533871
SG_004213,0,0.15161079298017333,0.34768741396686537,0.11563313332347176
SG_004215,0,0.14275337214715,0.433212651213277,0.13886116745877414
SG_004216,0,0.28662655124418474,0.5472558341131872,0.2409816391397054
SG_004217,0,0.14584999104580484,0.4252528642946189,0.13755400095700654
SG_004219,0,0.13541470190043384,0.43435599173110934,0.13615031572716868
SG_004221,0,0.27104064354570595,0.6138755021775488,0.26933342927943704
SG_004222,0,0.21059318083351294,0.5121552453013101,0.19554817765206986
SG_004226,0,0.139319695750342,0.41679422197794375,0.1322242618535322
SG_004227,0,0.1308536651654516,0.486078080880557,0.15111552726178268
SG_004231,0,0.12778854033721476,0.4323891265416019,0.13224886753560208
SG_004232,0,0.25913585620200646,0.5153276473038708,0.21564396164509478
SG_004233,0,0.124678225923389,0.39298749360579055,0.11907108644959871
SG_004234,0,0.06706872812361099,0.20927570684232127,0.052890542230948426
SG_004236,0,0.2532287539947654,0.6269700110111794,0.26893159545966516
SG_004237,0,0.10848200922428908,0.3482216152080145,0.10014760006936999
SG_004240,0,0.15773902339275878,0.5770728310503782,0.19941947041343547
SG_004241,0,0.2883806401677433,0.5970927981475351,0.26732088972753304
SG_004242,0,0.20832011767257871,0.5979459303045768,0.233489562290472
SG_004243,0,0.100611907388282,0.45625064645636493,0.12661832889410296
SG_004245,0,0.2077877249388862,0.6687965623262905,0.2715378042779047
SG_004246,0,0.1934526948412115,0.5496123840520778,0.2043395497072697
SG_004247,0,0.13029295600926546,0.4538694357421565,0.14016407718673732
SG_004248,0,0.11109571124036514,0.3398197051841074,0.09894459084683241
SG_004249,0,0.08795814052328232,0.14620258182646298,0.04521027572760341
SG_004250,0,0.15771870194882398,0.5043654469220792,0.17010110609956952
SG_004251,1,0.21755756664895606,0.542362566939239,0.21144011865754872
SG_004252,0,0.11058711383094622,0.43757465886777963,0.12601406966729858
SG_004254,1,0.2552870958224654,0.636347829299296,0.2751461875233692
SG_004255,0,0.2006360512741534,0.45653175833692683,0.1696196504141668
SG_004259,0,0.1172558221266347,0.4245390390743847,0.12520676070159092
SG_004260,0,0.15629585629338813,0.4861413560206736,0.16274887612642655
SG_004261,0,0.13780254385930416,0.4178145495262765,0.13192708150991175
SG_004264,0,0.0938613668689013,0.40439393381799105,0.10866216555414648
SG_004266,0,0.1247033413567842,0.5380586868846803,0.1664689615095967
SG_004267,1,0.1672667792237074,0.5402883260041886,0.1885472908738993
SG_004270,0,0.13492252658461368,0.4111201040675561,0.12867648815908453
SG_004272,0,0.2606316131227104,0.5941105867815509,0.2543561900574688
SG_004273,0,0.13699017923909043,0.5205671713893963,0.16634492039773133
SG_004274,0,0.14296816947324664,0.4935516372780196,0.15941640937223975
SG_004275,0,0.20594884209551131,0.6012609724893228,0.23403832080616527
SG_004276,0,0.16052667509801274,0.48598630488770433,0.16453123971080844
SG_004277,0,0.24949935726228864,0.5501036807949802,0.22795933861212614
SG_004278,0,0.12449893147026751,0.49210485935333736,0.15007544274077608
SG_004279,0,0.145740680828692,0.4737638767776102,0.15371740358740152
SG_004280,1,0.32831627795122337,0.6297815618987854,0.3021145476640289
SG_004281,1,0.2004630614885936,0.5421081677916707,0.20411983763488092
SG_004282,0,0.12243329458876055,0.38182468155338734,0.11493513493735216
SG_004283,1,0.25944899072474054,0.6179610437539576,0.26664478381419343
SG_004284,0,0.1044980797605215,0.33796210901050106,0.0959058754237868
SG_004285,1,0.11029704364859709,0.34832038687567507,0.10088686331922858
SG_004287,1,0.30275604270710416,0.5899648780842386,0.26920510254120755
SG_004288,1,0.24275642083307103,0.6173937947068463,0.2590524756874642
SG_004292,0,0.23478477992838723,0.6408209008793455,0.2684055150777382
SG_004293,1,0.21337997591758776,0.5467290699448427,0.21164652740101628
SG_004294,0,0.08987325899952546,0.29934650268253,0.0807233978981825
SG_004295,0,0.1730046309528328,0.5078534678162289,0.17818077868562698
SG_004296,0,0.16079356724260432,0.5190986398299018,0.17711756006048238
SG_004298,0,0.20496638856013447,0.4283944269507007,0.16072999897498647
SG_004299,0,0.10679233231358022,0.4025521495045032,0.11416965797928136
SG_004301,0,0.1284874937308215,0.4370348430453629,0.13400441246686065
SG_004303,0,0.19774186978980904,0.5604549935325933,0.21103943009625223
SG_004304,0,0.19269290749469362,0.5731016954207572,0.2144939454895683
SG_004307,0,0.09267917254387832,0.3753398580215288,0.1005075718705007
SG_004308,0,0.1280656108943964,0.3907117141774925,0.11976970859408272
SG_004309,0,0.17179244086000808,0.4810782067523106,0.16749030832096945
SG_004310,1,0.24587516998034542,0.5623859373618062,0.2323597070500296
SG_004311,0,0.330218350260961,0.6160488189366459,0.2947429364887127
SG_004314,0,0.15972904130031465,0.40202852318085364,0.13540565356399994
SG_004316,0,0.10208636611592452,0.3240214639021452,0.09141887539359862
SG_004317,0,0.2440373775628355,0.6634423621926057,0.2859924108489412
SG_004318,0,0.21100051920579488,0.5147975020026583,0.19682006204130223
SG_004319,1,0.09210005701372659,0.2379959667111358,0.06727275488920946
SG_004323,0,0.1417924144140863,0.5171857234556603,0.16744991734282574
SG_004324,0,0.1360345765986836,0.4562029134367052,0.1434883784097014
SG_004327,0,0.11084759574520975,0.3684639422679792,0.10651804780936575
SG_004328,1,0.2179324949918895,0.6746036296444364,0.2801541451832809
SG_004329,0,0.17542691747593198,0.43453858209494883,0.15219495561118732
SG_004330,0,0.12172075683707444,0.4346017065510519,0.13024868854859947
SG_004331,0,0.10557073489787246,0.4563130925519405,0.1291697201234318
SG_004332,0,0.11247076936905222,0.25807077858600064,0.07844973105453958
SG_004333,0,0.19426305406819036,0.47417151930686624,0.17390069456935964
SG_004334,0,0.16293788433743317,0.4439540649934762,0.1506241969124972
SG_004335,0,0.1458866259053974,0.5483834362126977,0.18147040043153628
SG_004336,0,0.24822960209070621,0.600670800843902,0.25254815267987524
SG_004337,0,0.1238556804586174,0.4482350145808526,0.13544807900857186
SG_004338,0,0.12276185339601203,0.4687065268226415,0.14147382219732219
SG_004340,0,0.09290504327521304,0.27950081459987713,0.07718322799933194
SG_004341,0,0.10138411602743658,0.3376515851266847,0.09459603965849687
SG_004343,0,0.23819790819823186,0.5667447006752943,0.231302879506372
SG_004344,0,0.10084537405785127,0.34460702092330364,0.09615391240679058
SG_004345,0,0.14244719726543328,0.5065135577921999,0.16384109471956784
SG_004346,0,0.11892810983363293,0.1974915439014672,0.06495928472685636
SG_004351,0,0.21312367236495253,0.5625500909085146,0.21872574329991581
SG_004352,0,0.12273570863683847,0.34893851950845683,0.10579779670536991
SG_004353,0,0.2707628374797084,0.6978700473478386,0.3207427088482421
SG_004354,0,0.13804602399944974,0.4763671194343853,0.15115644123366231
SG_004355,1,0.09587400767660255,0.3035451055989552,0.08400423359373053
SG_004356,0,0.1526203210308863,0.552517860721585,0.18650833302149342
SG_004360,0,0.19173750960078054,0.5484247246514623,0.20306504242542964
SG_004361,1,0.29151092166063425,0.5922423961198177,0.26596456984498223
SG_004363,1,0.1602315873848206,0.47141950495227336,0.15914340727071627
SG_004364,0,0.09131473837639564,0.3326836299169147,0.08926978993020206
SG_004366,0,0.15040052603908668,0.4490104142220747,0.14725345606315549
SG_004367,0,0.12309694493229746,0.5153793936284284,0.1574138813995227
SG_004371,0,0.12029527781982095,0.3587824243584,0.10760249917956764
SG_004372,1,0.20255889626375698,0.5282465321981125,0.1990471565821715
SG_004373,0,0.12312647586552382,0.35651599256652144,0.10805048238404592
SG_004374,1,0.08790295837295946,0.41484444190029623,0.10848595081216789
SG_004375,0,0.09891899377794222,0.38363306338679304,0.10548754309948351
SG_004376,0,0.2635541820983733,0.6445444073681431,0.2835756513156131
SG_004377,0,0.2700703817481496,0.6027210698586253,0.262851387029983
SG_004380,0,0.1572702935027985,0.4067732439380602,0.1360257926179988
SG_004381,0,0.10556729853245293,0.3991022032721163,0.11266029176420896
SG_004382,0,0.2472039455916474,0.5702430917268634,0.23672023224832847
SG_004383,0,0.11694684357307446,0.37414949010086834,0.1105598065818848
SG_004384,0,0.11244179112032432,0.36666048394424683,0.10667510290236729
SG_004385,0,0.3178536112875699,0.6428903089027383,0.3057944511343967
SG_004386,0,0.15870660645059645,0.5541050001145231,0.1901576798841044
SG_004387,1,0.06966733992476755,0.25121922546595293,0.062368407119702395
SG_004389,0,0.1252603080757599,0.433968307514523,0.1316291520842744
SG_004392,0,0.25717236341416794,0.5540121802240948,0.23286704966361615
SG_004393,0,0.15864402661306176,0.38639192697670754,0.13000265093897237
SG_004394,0,0.08860921565649882,0.29191376245817285,0.07850285480511231
SG_004395,0,0.1827977185568684,0.5199184655133755,0.1872056563152265
SG_004396,0,0.11167322880900056,0.351467579075432,0.10226480149854529
SG_004397,0,0.12058051611214128,0.3737571775753661,0.11190286268493209
SG_004398,0,0.21279702923137145,0.562351144976304,0.21849304118655288
SG_004399,0,0.14057438453826013,0.5996759051803201,0.20017432310009156
SG_004400,1,0.115336750259084,0.3528489656841314,0.10406325516080778
SG_004402,0,0.244734377961099,0.6556933444213634,0.2816552699615287
SG_004403,0,0.11188455952642308,0.2394941387355091,0.0736333854413008
SG_004407,0,0.12896056607822737,0.3370038048031695,0.10473911137286812
SG_004409,1,0.2412353500002465,0.5995358714139934,0.24894794496630995
SG_004410,1,0.19954487907333993,0.5371802670492725,0.20159531461559385
SG_004411,0,0.1489125309567712,0.4926804058943986,0.16182648074206568
SG_004412,0,0.14878100507692585,0.4636496461836502,0.15155199178356066
SG_004413,1,0.20617551516725366,0.47171189728393303,0.17751329383309847
SG_004414,1,0.10943596256452219,0.4649402030386474,0.13375165170456788
SG_004416,0,0.15061728552233689,0.5072782211411563,0.16795010823181886
SG_004418,0,0.13392458052693554,0.3030173419483183,0.0969921934795784
SG_004421,1,0.15240969193272516,0.4074528181554043,0.13440580466928737
SG_004424,0,0.16132604603982162,0.43860638515770517,0.14815427619025198
SG_004425,0,0.10898065602583168,0.3977388499152498,0.11379591829384002
SG_004428,0,0.09607247418343033,0.4497492421092737,0.12235576012898891
SG_004430,0,0.17289595725888465,0.5481645263611128,0.19442802375492654
SG_004431,0,0.1260851312630069,0.3722560267624446,0.11363279710876661
SG_004433,0,0.19108276500632423,0.5877187282155494,0.2205348679025262
SG_004434,0,0.15741877988504993,0.5216282272320718,0.17654352805113072
SG_004435,1,0.17062933678446604,0.49492549961845506,0.172194080913214
SG_004436,1,0.11685732888083629,0.39391008854995385,0.11610139175195335
SG_004437,1,0.297031025627906,0.6752171190488415,0.31743010265951144
SG_004438,0,0.31271126063120774,0.6137530047879783,0.2864094514853424
SG_004440,0,0.21667391034391104,0.5895415543321564,0.23312833539699415
SG_004441,0,0.12031532517808648,0.39811951178579597,0.11876514591708981
SG_004442,0,0.2295661636164313,0.5556778733574522,0.22248692255731328
SG_004443,0,0.09437142691627343,0.26154105379830817,0.07347934029557203
SG_004444,1,0.1779610990946682,0.49573137486732005,0.1756004430251988
SG_004446,0,0.11808669993756382,0.3540046206826226,0.10543747615953994
SG_004449,0,0.16805932623610098,0.4308173809611583,0.1481111840713057
SG_004450,0,0.2734137854848728,0.6675718251313092,0.30201920010116967
SG_004452,0,0.10061993022863895,0.24025295487733583,0.07045857601490765
SG_004453,1,0.13101755789295957,0.34557104753334217,0.10787667300071115
SG_004454,0,0.24548649800431865,0.5880116376132164,0.24486125674922005
SG_004455,0,0.1734590287507606,0.46884624098286637,0.16366901069869003
SG_004456,0,0.12519711843130812,0.47255027497398827,0.14388914823616666
SG_004459,0,0.1937357738673097,0.4207585359022861,0.15402536691756225
SG_004463,0,0.17788693465841646,0.5045967919917941,0.17900669400748948
SG_004466,0,0.13487728793287482,0.4358481173038733,0.13639606273487395
SG_004467,0,0.23791571008159232,0.620021589247097,0.2583194963139886
SG_004468,0,0.231819277281606,0.5895028369503107,0.23976509696136186
SG_004470,0,0.3601857994797713,0.6716185184133217,0.34186037098522537
SG_004471,0,0.19339534730160826,0.5958729996375566,0.2255144790109536
SG_004472,1,0.20284028053149897,0.5143875738701404,0.19334294310060746
SG_004473,1,0.23615042299273528,0.5749106241849516,0.23440408286878883
SG_004478,0,0.2689367928473962,0.6396695710488876,0.2830816682971274
SG_004479,0,0.2826105500926341,0.6754523391852661,0.31119046164340786
SG_004481,0,0.13965179780197093,0.48474782811341766,0.15478395989865837
SG_004483,0,0.13183770032186662,0.39126506521001875,0.12143149380801962
SG_004485,0,0.27880352440561645,0.6684810500668671,0.30500846976493645
SG_004487,0,0.11113822371655159,0.220216360259369,0.06864034035992374
SG_004488,0,0.27582722156484324,0.5623280351944908,0.24427752759434013
SG_004489,0,0.1561489208135091,0.5251303430922246,0.177310008503656
SG_004490,0,0.09409076807209722,0.2827526344979388,0.07837505853216925
SG_004491,0,0.1159676842199321,0.35332049998914195,0.10443523890953438
SG_004492,0,0.15393142509881544,0.5488713106933452,0.1856726807636106
SG_004493,0,0.15326361220600715,0.5231175523741339,0.17517531283029902
SG_004495,0,0.11938763946531518,0.4386597282224165,0.13043535663004407
SG_004496,0,0.23874068291244496,0.6707611865169005,0.2879683295662409
SG_004497,0,0.2581883223487782,0.6732932252223393,0.2986931700481402
SG_004498,0,0.18981397742971365,0.5369951524459138,0.1973200877300352
SG_004499,0,0.2395919036409543,0.5282078843971115,0.21397171974207418
SG_004500,0,0.11827989833009361,0.38167475265175554,0.11321389118184014
SG_004501,1,0.29753043216764796,0.667243271403918,0.31246749146043035
SG_004502,1,0.10964054665636076,0.3795749702533388,0.10905002315101946
SG_004503,0,0.17939327443443676,0.48135647727668956,0.17071800422021188
SG_004505,0,0.4110909701675676,0.605805998051287,0.31997607195084665
SG_004506,0,0.11589043735146116,0.3830104962600458,0.11261022839809735
SG_004507,0,0.21155672778719228,0.5555144132823983,0.21483204340587367
SG_004510,1,0.27491928163415574,0.6182372884635184,0.2733924395010696
SG_004512,1,0.1673590265569256,0.49920995921203315,0.1724123947037027
SG_004513,0,0.12405332536023439,0.369576301572825,0.11208166974413394
SG_004516,1,0.14693173638696452,0.4517657312545533,0.14672607131054974
SG_004517,0,0.14154384826313202,0.5204674821476252,0.16855005184788474
SG_004519,0,0.10044080461561618,0.35875475493562936,0.09962839571596523
SG_004520,0,0.1079874619408201,0.3176945919852001,0.09202588820824086
SG_004522,0,0.3719905284654638,0.6664463017334159,0.3432144995401231
SG_004523,0,0.32488656961078416,0.6554958219607366,0.3166054396470785
SG_004524,0,0.12762173446636302,0.46404255594346194,0.14224486336018374
SG_004525,0,0.17454076512929925,0.4811804007181646,0.16866462152227596
SG_004527,0,0.1134068825143481,0.3233488272896021,0.09547183423574514
SG_004528,1,0.2848317393059787,0.6113469342705743,0.273687971456516
SG_004529,0,0.2636172111713438,0.6119928906825176,0.2651585732980758
SG_004531,0,0.16684493728357175,0.47682320999177674,0.16386557702439322
SG_004532,1,0.0802542654579454,0.14435505529871365,0.04300753367563774
SG_004533,1,0.18444921379055965,0.5204036756991187,0.1881135959600102
SG_004535,0,0.153550671638188,0.4675453333964957,0.15494422854216844
SG_004537,0,0.12688395225845184,0.33680517965182394,0.10394740421766818
SG_004540,0,0.12409730394762974,0.3677701890149905,0.11158647196386211
SG_004542,1,0.18047932628040117,0.5569496217232104,0.2016837590702885
SG_004543,0,0.18027495501327354,0.47372627454455885,0.16821364069596267
SG_004544,0,0.10951937782384119,0.3715133716225119,0.10679995749895665
SG_004545,0,0.1674262747874166,0.43806576461557595,0.15035657092049315
SG_004546,0,0.10801679176403772,0.3619039992214519,0.10359394015130503
SG_004547,0,0.06570004553430833,0.20926672774163352,0.05242236518588419
SG_004548,0,0.0995760480522367,0.18258988625633296,0.056488215025093394
SG_004550,0,0.12744525394326897,0.3452807115475639,0.10650877838778068
SG_004551,0,0.08706687216009029,0.2693695169631407,0.07274581249633875
SG_004554,0,0.1749752000157729,0.47464030110341854,0.16641303733407042
SG_004555,1,0.24594958440780434,0.5764225106812879,0.2392462471850194
SG_004557,0,0.2121782760511605,0.6006449777310163,0.23660119097326288
SG_004558,0,0.15331837902023066,0.477927446076584,0.15850245067801175
SG_004560,0,0.07890034518430238,0.1093603466445887,0.034844817243675476
SG_004561,1,0.17858932713380146,0.4638231878929754,0.16388294098063438
SG_004563,0,0.1891423734539491,0.5307155729545824,0.19438740462483378
SG_004564,0,0.08569373538848486,0.2513411548318729,0.06818831454623255
SG_004566,0,0.1856686909183837,0.4695711242965991,0.16880132200628112
SG_004567,0,0.10833527042974293,0.4260037072874917,0.12155421008318329
SG_004569,0,0.10744334762128023,0.4744091174561221,0.13567950085432104
SG_004570,0,0.18842253101686815,0.5287828485099972,0.19327080405738284
SG_004571,1,0.20303542546077744,0.4910502496422878,0.183925985661106
SG_004572,0,0.17987558233577047,0.4459356523826151,0.15791026262289995
SG_004573,0,0.14488737671337626,0.5348258910380618,0.17564816964587868
SG_004574,0,0.17554199460023923,0.48732470720422405,0.17138598154448226
SG_004575,0,0.1182783207047982,0.40928494829830037,0.12115274606851072
SG_004578,0,0.23355429572897224,0.6124159075053,0.2523075396140046
SG_004579,0,0.13681192506402343,0.4623872886272999,0.14588202974359232
SG_004580,0,0.21455055354436214,0.6231087848172536,0.24926315049176734
SG_004581,0,0.10305269588239213,0.3829059352436108,0.10712481968044028
SG_004582,0,0.30232196144272777,0.6441612828236084,0.30008078967567314
SG_004583,0,0.14255286459525215,0.4658191661412253,0.14958319413672855
SG_004584,0,0.1727800095241013,0.3903090073565862,0.1362646520761236
SG_004585,0,0.11912558326831951,0.4988402275930832,0.14964710352033816
SG_004586,0,0.1167772778715293,0.38192504399493243,0.11267000258914214
SG_004587,1,0.08543429935537046,0.3176374147015628,0.08324372792305305
SG_004588,0,0.14125719657789002,0.5876009534835047,0.1952762136660569
SG_004589,0,0.1507224086055105,0.45489014011801604,0.1493807762077261
SG_004590,0,0.20350388803192357,0.609042721154064,0.2367896966027218
SG_004591,0,0.17323335016872088,0.4847706311933159,0.16946561175922525
SG_004592,0,0.16853431890240025,0.4074414007795412,0.14041135977472335
SG_004595,0,0.1463989137112481,0.46070286232676455,0.1495195254853538
SG_004596,0,0.25310568903179465,0.540149650373659,0.22470873099351032
SG_004597,0,0.13214166558519666,0.46375064372487257,0.14422716045086922
SG_004598,0,0.33141554029065584,0.7390492457845107,0.37929258095152263
SG_004599,0,0.30941643406487845,0.6938373599303351,0.3354865158678577
SG_004601,0,0.11895279989439765,0.4450848264660205,0.13221036702869812
SG_004603,0,0.11705650088392296,0.4599946794174919,0.13595850767352832
SG_004604,0,0.14720284832890343,0.42012941763955963,0.1364457996535771
SG_004605,1,0.20520888489552055,0.5969879247194216,0.2315839351611376
SG_004606,1,0.25871112903530674,0.5731790371695148,0.2428726405297056
SG_004607,0,0.1441360341767367,0.5042244313275936,0.1638052668474096
SG_004610,0,0.14305408237430514,0.47574010282997187,0.15320561997290127
SG_004611,0,0.10784432096409409,0.41248798858192326,0.11744586695368436
SG_004613,0,0.1001708276588732,0.3477414716886638,0.09668051392089029
SG_004615,0,0.10649342357570603,0.34689629121054344,0.09901248876398622
SG_004616,0,0.3169331591406693,0.6707194207334682,0.32309728919944725
SG_004618,0,0.20675014815179657,0.6362505416402239,0.25257007856989466
SG_004619,0,0.16261943044164412,0.4873285224334729,0.16592577315145524
SG_004621,1,0.2534123740783824,0.6864783699749586,0.3049395470117469
SG_004622,0,0.17121251565074735,0.4507069364410473,0.15625193357274259
SG_004624,0,0.17747567127721808,0.5148902521697475,0.18288690767347837
SG_004625,1,0.2206960388545206,0.6117248891920443,0.24614226898567793
SG_004627,0,0.34899336211795395,0.5819441642919987,0.28263813518198744
SG_004628,0,0.11845561293409002,0.40508875894055957,0.12000398998070694
SG_004629,0,0.13383921558730677,0.5059191608254274,0.15947781071124287
SG_004630,0,0.1478768158209028,0.42339574528412377,0.13776720275884566
SG_004634,0,0.21304624401098468,0.5968116175063048,0.23508580246782387
SG_004636,0,0.15714594394722317,0.5761771891603539,0.19872894773505664
SG_004639,0,0.14777613303142212,0.5231976604657059,0.1725958334722729
SG_004640,0,0.1477978536897668,0.4917469247204367,0.16098498706592027
SG_004642,0,0.22512246003118894,0.5850059883693233,0.2346242510337299
SG_004643,0,0.10546338934197923,0.30449571881378357,0.08776079865463664
SG_004644,0,0.09335537508326137,0.2990215485319331,0.08197028709602758
SG_004646,0,0.17014608213403729,0.3266198722429378,0.11517556699953393
SG_004647,0,0.10422951724020485,0.2717375958095581,0.07921366556855386
SG_004648,0,0.08428539086118925,0.388367369055988,0.09983979033934905
SG_004649,0,0.1345035952497461,0.4501931822684701,0.14084714658548556
SG_004650,0,0.074834865612591,0.04250561287727883,0.01760582961679948
SG_004651,0,0.1289558630960255,0.44240868018482227,0.13590303575761759
SG_004654,0,0.08322215961230141,0.30717590592009514,0.07991039709989405
SG_004657,0,0.16835070031176533,0.4888747060681333,0.1689484014212351
SG_004660,1,0.1891497037207525,0.5786282769068121,0.21539273824535393
SG_004661,0,0.15022980873879246,0.580802559101062,0.1971559457716342
SG_004663,0,0.1287491758784688,0.4434943446206139,0.1361550683939653
SG_004665,1,0.211550330723517,0.5065300654351915,0.1935853823288034
SG_004666,0,0.0951881899038833,0.18183026184480292,0.05519525949996418
SG_004667,1,0.1982691575697431,0.5733760728461498,0.21716070142238575
SG_004670,1,0.3316884413073563,0.6344044629650825,0.3062773968069476
SG_004671,0,0.2570576605474985,0.6224853484365593,0.2681099838114369
SG_004673,0,0.11757309595710462,0.34426954411927396,0.10258930985873406
SG_004674,0,0.18582632682684985,0.5922621952105314,0.22017941537175872
SG_004675,1,0.23490698158154233,0.6071660393107939,0.25014992219689286
SG_004677,0,0.10886636098104292,0.21488887559491873,0.06670826281767596
SG_004678,0,0.3678216278744822,0.639681088205248,0.3240746421556175
SG_004679,0,0.14679713630625935,0.5395173205352436,0.178420751345016
SG_004680,0,0.20145407392026418,0.6542759562716385,0.2599144808217966
SG_004681,0,0.26945178302602235,0.6366163206707356,0.2815258775868986
SG_004683,0,0.12955727528874358,0.4208225220367211,0.12943472127675476
SG_004684,0,0.21982577342904153,0.532326960882557,0.20792573047965912
SG_004686,1,0.10171807943759191,0.3419344145934863,0.09582246762237814
SG_004687,0,0.30709871962493346,0.6732455429513661,0.32052627785329724
SG_004688,0,0.15693246536653438,0.5016779069811075,0.16874246635843096
SG_004690,0,0.1420085454109132,0.48188056335181956,0.15486452091073696
SG_004691,0,0.11547475222090736,0.40341373988187096,0.11823689472395146
SG_004692,0,0.18438885183362072,0.6699201964513529,0.25992450710127496
SG_004693,0,0.17548306531450264,0.5930019531397789,0.21548500859377473
SG_004694,0,0.22444887334089603,0.5388691339534442,0.2127098943169209
SG_004696,0,0.1604243750631984,0.5257459236532616,0.17954207081502455
SG_004698,0,0.10342759907103642,0.32485114952711913,0.09214193629995189
SG_004699,1,0.17753095191757104,0.4179498652309814,0.14723655629814403
SG_004702,0,0.1955451423132771,0.6966450300306817,0.28220390060778894
SG_004703,0,0.15261686347925224,0.517753626394943,0.1728188645086266
SG_004704,0,0.15669510647701015,0.5112497565244165,0.1722339767106213
SG_004705,0,0.1260726953058999,0.374276393136304,0.11420731636638065
SG_004706,1,0.18160676945664914,0.5700565660253427,0.2079758597756954
SG_004707,0,0.29556219384388976,0.6053644822527504,0.2747565632280734
SG_004708,0,0.14992174894629717,0.4305145566241498,0.14090519043306968
SG_004711,1,0.13861162016223016,0.4399877667622058,0.13931613319404665
SG_004713,0,0.17320860079846745,0.5037083661491395,0.17666051028112628
SG_004714,0,0.1293383627054484,0.4598565380844245,0.14167213391808198
SG_004715,0,0.16417793905582115,0.5375421643192215,0.18598995860108677
SG_004717,0,0.2834288590777796,0.625073366308032,0.2808479461771097
SG_004718,0,0.10541323693054179,0.3946476252049627,0.11136142680528853
SG_004719,0,0.08234927081213982,0.27417042677586984,0.07209793899524089
SG_004722,0,0.1838766067389668,0.5770104109112228,0.21217884118860106
SG_004724,0,0.21398404308601796,0.630997851191189,0.2532125519042857
SG_004725,0,0.13479729878458255,0.4971295658157569,0.15683135392434505
SG_004726,0,0.08046781555290687,0.4257564860693068,0.10741833233903522
SG_004727,0,0.11610366942919803,0.30465361227786986,0.091535084390679
SG_004728,1,0.23455501738532783,0.5892219871498381,0.24080670782733485
SG_004729,0,0.12152584463404958,0.5170977838140434,0.1571987179817164
SG_004730,0,0.2784515908641589,0.6487278682479904,0.29261922943111957
SG_004732,1,0.2948205574911605,0.6072975262272141,0.27552895237965913
SG_004733,0,0.13439517808757437,0.6340740654928111,0.21240393577139385
SG_004734,0,0.14846630462942603,0.47133528659982193,0.1540718259142206
SG_004735,0,0.21001586591971125,0.5814786604345614,0.2262504228735611
SG_004740,1,0.1652304498499636,0.5761956807363704,0.20279940227023768
SG_004741,0,0.14872701925979598,0.5541370795207233,0.18521812531687107
SG_004743,0,0.08573646261335315,0.3095809687099859,0.08148736279098089
SG_004744,0,0.14432039505052982,0.39742461744209484,0.12815453595369508
SG_004745,1,0.09244726437519697,0.4876069377108734,0.13156333411432
SG_004746,1,0.28016852327991565,0.6134387785715296,0.2729167216264784
SG_004747,0,0.2507594300512324,0.6465647869781255,0.2790284971904686
SG_004748,0,0.12604111438003082,0.3964459731846582,0.12064101369502216
SG_004749,0,0.11530508703891677,0.3934379976872819,0.11531160487881605
SG_004750,0,0.1380544028660277,0.5416606861197829,0.17484668536797765
SG_004752,0,0.16104133697429604,0.49220570724295104,0.1670421289263372
SG_004754,0,0.12057347471840778,0.3779758780165798,0.1130932626889353
SG_004756,0,0.16772472483867273,0.5538696727295906,0.19440160931756997
SG_004758,0,0.10038411569564061,0.6048416978488229,0.1775876156516307
SG_004759,0,0.175464543449071,0.5112476274372052,0.1805748418947452
SG_004765,0,0.10713527101675839,0.24945231004798502,0.07467776396277279
SG_004767,0,0.29609664435037786,0.6775074276586578,0.31852682876867744
SG_004768,0,0.10877503844233306,0.38350207183326007,0.10976067264800457
SG_004770,0,0.1339865275776238,0.45703701317560796,0.1428516535134503
SG_004771,0,0.12585355521085526,0.40750117814869263,0.12384289588518996
SG_004774,0,0.24133800495494548,0.5665570923961912,0.23251152166701655
SG_004775,0,0.21772857976169427,0.5848586968848287,0.23130749220606067
SG_004776,0,0.0778014849181693,0.2745147629261118,0.07044365481555509
SG_004777,0,0.13053985301133206,0.3102416636136543,0.09787987333366568
SG_004778,0,0.12356013616727228,0.4015141346856683,0.1211117172801544
SG_004779,0,0.14623991246550286,0.4937175299335032,0.16098228517549082
SG_004780,0,0.26355896253065825,0.6056425929711112,0.26169565120659255
SG_004781,1,0.2417746653312314,0.6179097650311716,0.2588966230461163
SG_004783,0,0.11655366406668395,0.4239924566419668,0.12472928889838437
SG_004785,0,0.15158133974444896,0.48905301460864453,0.16171853472856124
SG_004788,0,0.18469816672834485,0.5097249484591132,0.1839175797049267
SG_004790,0,0.07483703960859962,0.16889293244011677,0.04693909934070317
SG_004791,0,0.180017936343475,0.5168585776488716,0.18477275590608272
SG_004792,0,0.19046893578645774,0.5682508941777491,0.2112706195161181
SG_004793,0,0.15805163736742808,0.3172961518561745,0.1086449084898928
SG_004794,0,0.0958961455906759,0.33260360324782,0.091126370047288
SG_004795,1,0.1458368155838849,0.5684217296624763,0.18960556089285713
SG_004796,0,0.11338830288998819,0.5218574947014614,0.15449216564957496
SG_004800,0,0.10264777273903108,0.5363060704586726,0.15336091952020245
SG_004802,0,0.07436844644278177,0.19577680164755346,0.05246651426411672
SG_004803,1,0.32808754488471936,0.6424787164801452,0.30976228528619393
SG_004805,0,0.23509127780102812,0.6013692893290824,0.2472210416771964
SG_004806,0,0.11022964089737759,0.5242349576149294,0.15356273546155513
SG_004807,0,0.1591976292623072,0.4762315216997001,0.16042755937110156
SG_004808,0,0.11621422668511099,0.3731556685026608,0.10998746122849883
SG_004809,0,0.14019377746341538,0.46582691195718884,0.1485421926429134
SG_004810,0,0.10364479078446638,0.40032824735588185,0.11213214366931386
SG_004811,0,0.32448767371411974,0.6456390563734439,0.3102389845944051
SG_004812,0,0.10387058096733394,0.3945056852404982,0.1106346200135487
SG_004814,0,0.08143211308387081,0.2803567922891835,0.07313178737772288
SG_004815,0,0.174367259343113,0.5044676604719064,0.1774523899076665
SG_004819,0,0.20394908523306673,0.47782266596161893,0.17905200799124207
SG_004820,0,0.17462761472025087,0.5121242595647988,0.18055678452766397
SG_004822,0,0.19663999727243078,0.4750548674738329,0.1751618066551381
SG_004823,1,0.20340005059058355,0.49317721015882543,0.18492000822684732
SG_004824,1,0.18714755630691302,0.5800014287028133,0.2150879051618195
SG_004825,0,0.11466268031438102,0.4257643961022813,0.12440094571426671
SG_004826,0,0.23113839558581595,0.5904009006280823,0.23991948138824923
SG_004832,1,0.1684193497842932,0.5425709826674299,0.19002096403722887
SG_004833,0,0.12239032108258258,0.4004121969828041,0.12030076497770104
SG_004834,1,0.32708926683231065,0.6025561003740512,0.2857465867690171
SG_004835,0,0.26447456555963184,0.6600414194183521,0.2933072050496
SG_004837,0,0.10507310191301494,0.4049021027427499,0.11404858522194418
SG_004838,0,0.13228797485106206,0.384915389135428,0.11972362459592045
SG_004839,1,0.12228226537452548,0.4804372114519944,0.14507961250757864
SG_004841,0,0.20450245171931522,0.3387134428163143,0.1293224516170203
SG_004843,0,0.10136650773426191,0.3768808327285349,0.10477792437237206
SG_004845,0,0.09594914542897719,0.29795267236714734,0.08268212879858175
SG_004847,0,0.14048115895571098,0.3408307380854819,0.10983475015694098
SG_004848,0,0.1563454414531936,0.31653779071028304,0.10789376853295361
SG_004849,0,0.13387287358644176,0.5131816845631053,0.16210035075775864
SG_004850,0,0.19415309547971893,0.4683392152104577,0.17163506602141634
SG_004851,0,0.22089796508854623,0.548154917037189,0.21543338950278337
SG_004852,0,0.10156118379919184,0.3584829556591889,0.10002724533353917
SG_004854,0,0.10736433933157295,0.40139577020416883,0.11410251213132463
SG_004857,0,0.2255775424254122,0.5795481450177487,0.23215365975411834
SG_004858,0,0.28886042910013826,0.6200203679131358,0.2802357154165006
SG_004859,0,0.11262253232733871,0.4250785797191482,0.12326829460627801
SG_004860,0,0.08669414596867543,0.2629909740789852,0.0711638273001728
SG_004861,0,0.20592631176532059,0.4989349688918395,0.1882401637233214
SG_004862,0,0.17055031214334812,0.5287912903612857,0.1853844667930383
SG_004863,0,0.16585126291573174,0.4498991570993077,0.15384574494179995
SG_004864,0,0.12537429916663426,0.45074559800976416,0.13693462789241706
SG_004865,0,0.094295028975288,0.3721277385338616,0.10041285217219884
SG_004869,0,0.27433055305754,0.5802151627436929,0.252748565246312
SG_004870,0,0.16876342911750278,0.5860174336532895,0.20894082735369188
SG_004871,0,0.2374642017866694,0.6575367373481785,0.27935669124759677
SG_004872,0,0.10615930646340949,0.3116070242358061,0.08980635031562047
SG_004874,0,0.14097842775794162,0.4541600943433464,0.1449778974982037
SG_004875,0,0.152866978274271,0.5402380580165024,0.18168387050597137
SG_004876,0,0.15950261788936496,0.4836977425659313,0.1632548431104051
SG_004878,1,0.23088543601180614,0.5680840705709272,0.2288904111291434
SG_004879,0,0.09868538480805288,0.3206317302427052,0.08926115773364361
SG_004880,0,0.2744932577899295,0.6660357140404868,0.3015351738176047
SG_004883,0,0.17781187677310986,0.5089738858740546,0.18069121000402458
SG_004884,1,0.2162949487152408,0.6243523639803751,0.25074267147613777
SG_004885,0,0.1328581061016304,0.37971861303646637,0.11840981563241379
SG_004886,0,0.29111389388927034,0.5832544128972218,0.2610225578997213
SG_004888,0,0.08518181710627211,0.2559825501124549,0.06905235283871557
SG_004889,0,0.12407162382249165,0.41915913892130985,0.12658692506216945
SG_004890,0,0.13584858686831955,0.4814269678991834,0.15187680352313443
SG_004891,0,0.14713122585348704,0.3895722786829073,0.1267857427417703
SG_004892,0,0.2426801899086735,0.4869675299456206,0.1972267395171074
SG_004893,0,0.11168039154895448,0.3263514427377455,0.09562565759249911
SG_004894,0,0.29743942057824485,0.6686426328343986,0.31332929358867073
SG_004895,0,0.164538484136155,0.40137439048674756,0.1369561048796054
SG_004896,0,0.22164944477854742,0.6004193329627325,0.2407775025310596
SG_004897,1,0.10687240088281774,0.4137700764188706,0.11736510466909175
SG_004899,1,0.178267143410636,0.5061042323459243,0.17975851313482327
SG_004901,0,0.22723518880333307,0.6128552530010574,0.24970226938755638
SG_004902,0,0.24064752274263723,0.601427082509348,0.24967376448446438
SG_004903,1,0.22769779074717622,0.5225057614885236,0.20677552758838638
SG_004904,1,0.2700696078794414,0.6301342113258943,0.27805522042725433
SG_004905,1,0.1719484617447532,0.5208830207215795,0.18284525663705367
SG_004908,0,0.2991428318620352,0.637454260790431,0.2946973058618929
SG_004909,0,0.08141472328980172,0.3610987991925361,0.09175702507702223
SG_004910,0,0.128027161796204,0.395538647355721,0.12117894348331282
SG_004911,0,0.11610517165431895,0.30774046197399324,0.09234176850181312
SG_004914,0,0.23444706633334764,0.5762266257489012,0.23432734267172395
SG_004915,0,0.11348618393571841,0.22239504219659872,0.06982420670129562
SG_004916,0,0.287789495604259,0.6527512466161177,0.2991279997632062
SG_004917,0,0.16491141181899074,0.46828002166521043,0.1599717782590413
SG_004918,0,0.11547879530991374,0.4089466913717007,0.11983731463552753
SG_004920,0,0.29051516223866414,0.5789145351882455,0.258508010793742
SG_004921,0,0.20153221454988415,0.5489010971042693,0.20755698832470373
SG_004924,1,0.18681565376284195,0.5304711874915495,0.19327713726944587
SG_004926,0,0.11824865885686243,0.32933155370696504,0.09881339780999929
SG_004928,0,0.3160692346408491,0.6066555943365822,0.2837121406595103
SG_004931,0,0.11596443847412263,0.3666940743822305,0.10809748288938957
SG_004932,0,0.22859800863535482,0.4866023359876717,0.19188671214925826
SG_004933,1,0.10855459480409357,0.47001206559188896,0.13487922213950412
SG_004934,1,0.1647673945412501,0.47728092728493005,0.16316258850604373
SG_004935,0,0.09326798945635795,0.2991810787277938,0.08197543795309079
SG_004936,0,0.18631751936921517,0.5691144628565855,0.20974910460393198
SG_004937,0,0.13212258369912666,0.4259731315680067,0.1321140043224281
SG_004938,0,0.11307501673375336,0.4751517922862184,0.13879179922335388
SG_004940,0,0.14918681046991475,0.42391489391110426,0.13845739121381487
SG_004941,0,0.08490553119877671,0.25859777893308517,0.06954198687033059
SG_004943,0,0.18977606425341284,0.5051569210165858,0.184215140640446
SG_004946,1,0.27522193131575223,0.6470135890314402,0.2901778805502105
SG_004947,0,0.1287368496426942,0.4204046084869905,0.12895906439929522
SG_004948,0,0.1040476311306685,0.3790025091727543,0.10650827133756209
SG_004949,0,0.1379208255540267,0.48693945096269303,0.1547446468358172
SG_004950,1,0.11678408815214937,0.38631761643175305,0.1139123666524324
SG_004951,0,0.22028563230633016,0.555836144454878,0.21868513182063307
SG_004952,0,0.17802828292421546,0.4760987048722764,0.1681932934373641
SG_004953,0,0.24524476050607755,0.6040250652809902,0.2530217712656102
SG_004954,0,0.09321741595764045,0.29315080519655323,0.08052144473474976
SG_004955,0,0.23379156690315317,0.5207673349483327,0.208404821192369
SG_004956,0,0.11579832849944723,0.3933409974444743,0.11549260731464539
SG_004957,0,0.2818745146755541,0.6043128423857619,0.2685941328367567
SG_004958,1,0.2539377790965799,0.6235674009254769,0.26734892911791397
SG_004961,0,0.12294028247096334,0.32193724504213184,0.09848908860281212
SG_004962,0,0.13584948367544394,0.3649363049238262,0.1151964856146787
SG_004963,0,0.1724338123817962,0.5190823072785733,0.18234482414787254
SG_004965,1,0.21527405735574268,0.6174826456053977,0.24664149050179665
SG_004966,1,0.23106558769372598,0.5958584513643808,0.24263897326581235
SG_004967,1,0.1637744763274677,0.4526404303462664,0.15397199513182838
SG_004970,0,0.2218215168566504,0.609769944693854,0.24564170013648734
SG_004971,0,0.23892516687512122,0.6270351032201649,0.2625974176880452
SG_004972,0,0.11417906565335534,0.3972907339152782,0.11592690786343082
SG_004974,0,0.13461444863936714,0.39921477079120793,0.12491796272889505
SG_004976,0,0.11171907333844916,0.36299337268561804,0.10538682969618596
SG_004977,0,0.2225927919994464,0.5851762461715038,0.23360261656295517
SG_004978,0,0.15606220847572613,0.5227514787100128,0.176346869452544
SG_004979,0,0.1636746698512651,0.5140124435685443,0.17645379528614488
SG_004980,1,0.24926032338266454,0.7507062871184984,0.34945229391775495
SG_004982,0,0.10524901633975826,0.460012814082278,0.1301243076794344
SG_004983,0,0.1584613757510106,0.4360910932535773,0.1461686306483102
SG_004984,0,0.3236736076470503,0.5945083245746554,0.2798959342764404
SG_004986,0,0.14962377869638346,0.560127588460266,0.18812190293867276
SG_004987,0,0.2141599893127332,0.5133517058072133,0.19747605254233586
SG_004989,0,0.17106850882640837,0.5494215139775774,0.19410568654845417
SG_004991,0,0.09556216549765062,0.3480828002979831,0.094853167908874
SG_004992,0,0.178836341971033,0.43520023694254134,0.15370975516421193
SG_004994,0,0.1180213199638574,0.3338752179249566,0.09995008015720042
SG_004995,0,0.09935580001288706,0.36700897034723945,0.1013110059526547
SG_004996,1,0.22282840865025502,0.6105249244456827,0.24649039169593565
SG_004998,0,0.11341785703967965,0.4487891716320822,0.13074147148091805
SG_004999,0,0.22376549632360887,0.4910386620074657,0.19190369123011772
SG_005001,0,0.17810920677758998,0.5729642108559476,0.20762232748398038
SG_005003,0,0.22946612760811247,0.5810090746705966,0.23454245604148818
SG_005005,0,0.13666761213994724,0.43529904743419134,0.13698317017529976
SG_005006,0,0.09592745123447687,0.25808482250542464,0.0731876534043895
SG_005007,1,0.15564697825264903,0.45653548408946626,0.15200197893987402
SG_005008,0,0.1646285915679172,0.4656804843753758,0.15892498416188844
SG_005009,0,0.1977157075636762,0.4769290262503207,0.17630182197519845
SG_005010,1,0.12536022966712124,0.4955703706504578,0.15168313810609854
SG_005012,0,0.11244622700446527,0.3864274540750423,0.11212892742690682
SG_005014,0,0.09728709372592692,0.4684436855525478,0.1284889837116852
SG_005015,0,0.13625773769805358,0.37919086318221557,0.11954925024619088
SG_005016,0,0.11823414790068539,0.4617705246130258,0.1370845892817317
SG_005017,0,0.12366487308849054,0.4103164606598978,0.12376206681673711
SG_005021,0,0.10688724984484461,0.47420192229447045,0.13532658213261245
SG_005023,1,0.20182931108788282,0.49730141343522255,0.18595443807970444
SG_005024,0,0.10675482696164222,0.33807330970301236,0.0968152688219293
SG_005025,0,0.09823071192004527,0.333805438794581,0.0923656389292436
SG_005026,0,0.10574371363472368,0.3862527795279044,0.10920675030859527
SG_005028,0,0.20930863372730898,0.5249367651863481,0.2004301934217438
SG_005032,0,0.14427895032160998,0.4173091003741689,0.1343802270586191
SG_005034,0,0.09929678256156153,0.3155466030464213,0.08823587443563133
SG_005035,0,0.11781437390950172,0.31397008144463023,0.094572597050796
SG_005036,0,0.11487507804893855,0.4704412770204767,0.13819373801614832
SG_005038,0,0.13259717766486714,0.3167067993282433,0.10034302011194648
SG_005039,0,0.13808748223322218,0.3950719861300952,0.1250259014830176
SG_005040,0,0.16926744107680525,0.4926577960776021,0.17075686228652742
SG_005042,0,0.11745336196257834,0.3848318355744003,0.11376834030108803
SG_005043,0,0.08652923620329023,0.3603440709669362,0.0939453737182038
SG_005044,0,0.11239355006863237,0.37558577218953776,0.10910145494302019
SG_005045,0,0.1228192281411028,0.42499766840333203,0.1278088765518039
SG_005046,0,0.06878056905745034,0.2221829444925611,0.05609215819602466
SG_005047,0,0.1681496609504629,0.5327410582651975,0.18588553539683045
SG_005050,0,0.1841891398141775,0.5416579186193861,0.19681502098832024
SG_005051,0,0.18796763432776373,0.5004301434069571,0.18159042646527346
SG_005053,0,0.11395060022366961,0.38143988797491124,0.11136770400299224
SG_005054,0,0.1968423298540021,0.5752858130453001,0.21739555028429133
SG_005055,1,0.15457964224937418,0.449630081659192,0.14919202408238394
SG_005056,0,0.29376515389398855,0.6370307214875663,0.29218167954191454
SG_005059,0,0.09021054561149526,0.30393399358348294,0.08193490282894245
SG_005060,1,0.21887102662412694,0.6130148975754839,0.2459764057561652
SG_005061,0,0.18944319332553305,0.5386541168991554,0.19786134459634172
SG_005063,1,0.10305389039804075,0.2682333929425678,0.07797010099731565
SG_005064,0,0.15072960638896618,0.4534784564509081,0.14890356550904807
SG_005065,0,0.24440676971619288,0.6378115713273744,0.2711018199072529
SG_005066,0,0.10922620643683749,0.36713965543920785,0.10549508931462354
SG_005067,0,0.17198513921645064,0.5077166271605877,0.17768527535307546
SG_005068,0,0.14411376875512094,0.45564459883454694,0.14682698776368297
SG_005069,0,0.1575911246426485,0.5230229438171959,0.17716437353899503
SG_005070,0,0.30343203318897943,0.6169564525608405,0.28448491007031085
SG_005071,0,0.20694017596680167,0.4660004299329805,0.1755846272248765
SG_005072,0,0.13572191825160815,0.44378714325053253,0.13930427543727159
SG_005073,1,0.15246340783169476,0.4648938681104642,0.15355717059691876
SG_005074,1,0.2004620574816253,0.560201878739015,0.2121302597152762
SG_005075,0,0.3065408946221095,0.6669688510003658,0.31619059763574214
SG_005076,0,0.22815346982451545,0.5485531696178965,0.21861283780173305
SG_005077,0,0.0979407821772137,0.3655568192178846,0.10032336748185831
SG_005078,0,0.20913856311989285,0.5069944938556223,0.19281967691899304
SG_005079,0,0.276780599381587,0.6036220858166538,0.26611980595961027
SG_005081,0,0.14846654708542495,0.31469939710484623,0.10490073387808957
SG_005082,0,0.11931429212527551,0.445863336239901,0.13261850344819942
SG_005083,0,0.10731541905905494,0.32839361450400434,0.0945252406463716
SG_005084,0,0.16865581147180095,0.5730636712740794,0.20310869520313685
SG_005087,0,0.2925216342704471,0.7071510563966853,0.33731121355614224
SG_005088,1,0.2647051694417796,0.5566266186398249,0.2371046296957792
SG_005092,0,0.20715889898931664,0.5576783165901914,0.21391899543459714
SG_005093,0,0.17299676462017563,0.527247683874631,0.18586274234938077
SG_005095,0,0.09167641317102067,0.2684189825773077,0.07415930632866673
SG_005096,0,0.11762769881838914,0.3384560088375524,0.10103828633698353
SG_005099,0,0.14579556718031914,0.5515242281976718,0.18268021282471503
SG_005103,0,0.2562962017050994,0.5870601274536063,0.248903833932938
SG_005104,0,0.09392288835811631,0.2597438304842601,0.07290786546580307
SG_005105,1,0.11891193473667012,0.292090183477643,0.08919894182316775
SG_005106,1,0.21051276797223104,0.5654269503217794,0.21892301306788797
SG_005107,0,0.09056855264246148,0.5374897660626695,0.14629268662755288
SG_005109,0,0.11900280832974768,0.35164289026574025,0.10513960871065986
SG_005111,0,0.32372354106540896,0.663528173016547,0.32128104171512967
SG_005112,0,0.09564225648528128,0.43766153159329746,0.11868353625182708
SG_005113,0,0.21117850132473484,0.529583054608477,0.20319361902407643
SG_005115,1,0.3071281805997172,0.6458325663983544,0.30312543063905584
SG_005116,0,0.1317045187224003,0.4324538945476229,0.13396338310118944
SG_005117,0,0.15380667151756836,0.44800685678985885,0.14832211915103982
SG_005118,0,0.12793933822604328,0.37864616618240104,0.11619476342601907
SG_005119,0,0.23494772421264568,0.5835796105231769,0.23815942520171404
SG_005121,0,0.14900474275419462,0.43432456560299026,0.1417866299215821
SG_005124,0,0.12869271061603574,0.4566592550233475,0.14034083813577425
SG_005125,1,0.22878382446082704,0.5745413391480079,0.2311032906868255
SG_005127,0,0.12131493854364128,0.4386222936653154,0.13130048990521723
SG_005128,1,0.11321691155035914,0.4772805207076681,0.13954296177204376
SG_005129,0,0.11049248894055926,0.4174487671120549,0.12007349685244588
SG_005130,1,0.20693663431257184,0.4974789518096527,0.18804777442467477
SG_005133,0,0.16142005739776205,0.5413941662795649,0.1862531294352826
SG_005135,0,0.12462084768526487,0.3223770883707088,0.09919260818918235
SG_005136,1,0.1939205424415735,0.7140593869960602,0.2927127377997454
SG_005138,0,0.23292105281944242,0.5143529201749972,0.20526612692835916
SG_005139,0,0.09308705718873696,0.331748397928934,0.08977211586436157
SG_005144,0,0.2737838557048688,0.6524172923785332,0.29280532569127204
SG_005145,0,0.15492265668728217,0.515514318259386,0.17303949428395965
SG_005146,0,0.23233054748899953,0.5871601687501586,0.23881608377888358
SG_005147,0,0.16552094449320287,0.4908615999001654,0.16848127683722652
SG_005149,0,0.12526807088290068,0.26355504565776455,0.08371386209543612
SG_005150,0,0.1340667841065692,0.4418702704819659,0.13797069682096735
SG_005151,0,0.14171221670820716,0.4997864712399288,0.16106063699494735
SG_005152,1,0.18780271305157595,0.4573237717696911,0.16507659034175284
SG_005153,0,0.09569622469343869,0.2560475527462776,0.07263209946688799
SG_005154,0,0.11862377652194772,0.5283321061198358,0.15963819616895542
SG_005155,0,0.37921509725843067,0.7083544575232281,0.37608354286835183
SG_005156,0,0.23842742182979673,0.5433821598296652,0.22040436066109917
SG_005157,0,0.12569815387188077,0.2212749468553994,0.07279243867451794
SG_005158,0,0.34215352276479655,0.6730169781775945,0.3353008976813768
SG_005159,0,0.2144735758688805,0.5801560562225102,0.2275972469833373
SG_005160,0,0.16664751923088866,0.5562141360813606,0.19487709515810261
SG_005162,0,0.0935870710838103,0.441774441191347,0.11878160445173233
SG_005163,1,0.3136698359008668,0.6261734849931343,0.2940147016390164
SG_005164,0,0.1178260044856343,0.40437231409625146,0.119525942361376
SG_005165,0,0.08482948115960033,0.3231258042924448,0.08427700090487666
SG_005166,0,0.2472537962310105,0.6725919710490312,0.29314445982122195
SG_005167,0,0.0988516570525279,0.4970568807193275,0.13815197436278773
SG_005169,0,0.1458629794344359,0.38726739578157793,0.12560122812722177
SG_005172,0,0.09357920612813668,0.22416973540055976,0.06454645872881436
SG_005173,0,0.0829923867623109,0.27230738176880775,0.07192121072119213
SG_005176,0,0.22918721189112182,0.5683665474057104,0.22830954889195973
SG_005177,1,0.15631646380689765,0.5724877897227386,0.19671660709801406
SG_005180,0,0.17201841772105178,0.5411464077883046,0.19109670002980886
SG_005181,0,0.07190854479978312,0.19757562021285618,0.05208022781563701
SG_005182,0,0.1115967250456442,0.4410057125143271,0.12751790439689972
SG_005183,0,0.08305484354926349,0.23144481668370107,0.06288159244324097
SG_005184,0,0.21587831988560358,0.5252778495064538,0.20325343325476927
SG_005185,0,0.11988312818148605,0.39798900361780276,0.11854622466165238
SG_005186,1,0.17157767087844544,0.5400565043207872,0.19044401748276632
SG_005187,0,0.2664445866539394,0.5957136191130502,0.25761305114329913
SG_005189,0,0.2763088601771477,0.6361134449357735,0.28420085216000074
SG_005192,0,0.1337758351161778,0.4998586995389806,0.15729937229526364
SG_005193,0,0.20444172394559565,0.6299862967738266,0.24808386429931514
SG_005195,0,0.13132295772536987,0.48847325457039587,0.15215950615286145
SG_005197,0,0.18957369758524498,0.5078461245598258,0.1852079042881683
SG_005198,0,0.28979903724299994,0.6418669368350677,0.29338572083153647
SG_005201,0,0.0953040088116869,0.2857950432377878,0.07953337675520851
SG_005202,1,0.0961171695121888,0.3269497240767563,0.0898162399180382
SG_005204,0,0.14009842222601188,0.38618381943364405,0.12310184715866025
SG_005206,0,0.12400007920494231,0.3675058184925121,0.11147405153166356
SG_005207,1,0.18307108633003946,0.6128818604038725,0.22879190521843937
SG_005208,1,0.24796987103010548,0.582851526588128,0.24329802335963616
SG_005209,0,0.12540004191247733,0.36625632667314084,0.11165792768067331
SG_005210,0,0.2336819975284422,0.5440356265147498,0.21879511427293524
SG_005211,0,0.11708920573715305,0.3626595680798219,0.10742951935289223
SG_005212,0,0.16693184306695397,0.2732753396552552,0.09816258964776375
SG_005215,0,0.10818404426071676,0.3905114987822999,0.11143769107169446
SG_005217,1,0.2154874238075993,0.5767691393630824,0.22642378218478484
SG_005218,0,0.1805901585325075,0.486785992224352,0.173264375627991
SG_005219,0,0.3543647159362395,0.634243683417376,0.3153053627632777
SG_005221,0,0.33305177492021265,0.6110014374393785,0.29293049600067467
SG_005222,0,0.1218739454126078,0.4145218854895845,0.12425011637041555
SG_005223,0,0.13967243843376828,0.3470142614996368,0.11134651860758926
SG_005225,0,0.13046930521532124,0.4021315243341562,0.12413390184200757
SG_005226,0,0.10828285398958415,0.3688518265812461,0.10556796662719643
SG_005227,0,0.12048865938496293,0.286038737527974,0.08812955162483604
SG_005229,0,0.2412153697518742,0.6009915119207441,0.24969384139056813
SG_005230,0,0.1721032197495833,0.4340218684950301,0.15075560536057891
SG_005231,0,0.25656468407946703,0.6479217732951891,0.28244740215417363
SG_005232,0,0.08820583433735242,0.3623741385906383,0.09520825861414192
SG_005234,1,0.16964804411454645,0.6008947557317474,0.21624661709444656
SG_005236,1,0.07971670735095344,0.097673528751692,0.03228228191228312
SG_005237,0,0.09575716309698579,0.3556027547858331,0.0968348681950921
SG_005238,0,0.19669784991277003,0.5341387781216062,0.19907806803436368
SG_005239,0,0.07873706045365729,0.23572182695024602,0.06237011185008599
SG_005242,0,0.10558454827977204,0.4402236770451494,0.12439052265762124
SG_005243,0,0.10737153945303661,0.3569299909885439,0.10200757289645943
SG_005244,0,0.11859883015012888,0.3590521181277914,0.10702298695995728
SG_005245,0,0.11065644310803169,0.446050960064585,0.12858474552398946
SG_005249,0,0.11852265946114193,0.4620183537068144,0.13730155942751582
SG_005252,0,0.08785459697502411,0.2235142692590195,0.06264708497707885
SG_005254,0,0.1143345611124598,0.5240982060770182,0.15579494908003944
SG_005256,0,0.09498049604585208,0.36529564390648567,0.09896610265114106
SG_005257,0,0.22363155333213558,0.7310519596854078,0.3208969155472031
SG_005258,0,0.17565112442044395,0.5384266525544562,0.19162791682919222
SG_005259,0,0.07991085966182514,0.33405993012391355,0.08469328859291826
SG_005260,0,0.14405120524037454,0.5322335873121664,0.1742356660292362
SG_005261,0,0.15146039987492074,0.4531843136521885,0.1491094018148636
SG_005262,1,0.288407113123948,0.6326719522167575,0.2873478559631502
SG_005263,0,0.08691123391502263,0.14397209675685393,0.04446062259116457
SG_005265,0,0.24363651267312994,0.5811067632910495,0.24060883426453863
SG_005266,1,0.10769092687058579,0.4569370314147036,0.1304227476725346
SG_005267,0,0.18638419402237974,0.4952925036368101,0.17892132861289464
SG_005269,0,0.10193961136099998,0.4186900526432319,0.11644825744262143
SG_005271,0,0.16067338032398207,0.44034451273880837,0.1484882153288057
SG_005272,0,0.11739350505304008,0.4207625849242124,0.12414577771697323
SG_005273,0,0.1403634895061506,0.39082270336891267,0.12461100546365018
SG_005274,0,0.06933026307747038,0.3603469931059243,0.085638659477167
SG_005275,0,0.19331798032103575,0.5234439951694004,0.1931444119306395
SG_005276,0,0.11940040374590415,0.46037760532480876,0.13720179420469475
SG_005278,0,0.19022150595172005,0.43346897970743126,0.157302130225226
SG_005279,0,0.25032928531453713,0.6805086417706524,0.2996109142326171
SG_005280,0,0.07715827099032,0.33257617712271537,0.08311442372142577
SG_005281,0,0.12807888590073957,0.35825304980061035,0.11039700478803331
SG_005285,0,0.12031996309918142,0.4339025921396969,0.12940523708004426
SG_005286,0,0.21227244524703578,0.6067721302960658,0.23973257275868573
SG_005288,0,0.17361345332201095,0.5038685584182351,0.1768964944144147
SG_005290,0,0.16792479564492083,0.5191896035391064,0.1803802360268983
SG_005293,0,0.16027341579037915,0.4046597786953267,0.13646048877531808
SG_005294,0,0.20158415782473751,0.5322853307544045,0.20036030708863278
SG_005295,0,0.1413186743539668,0.48491531903812424,0.15560861750350027
SG_005297,0,0.26214081784997034,0.6125183504743438,0.2648168246925787
SG_005298,1,0.297965216851334,0.6547639604938689,0.3047579783179442
SG_005299,0,0.09369942044940205,0.1753354478306555,0.05330750387130641
SG_005300,0,0.18483381270096036,0.5369244077137127,0.19510593768603984
SG_005301,0,0.209092739885681,0.47972490100263926,0.18176591079751522
SG_005303,0,0.14125322284627104,0.3612090100534635,0.11606134986199008
SG_005304,0,0.15238063725464027,0.4085537814240184,0.1347475090122939
SG_005306,0,0.13103832161335605,0.48143294749761695,0.14962407474126665
SG_005307,0,0.11663633467878703,0.43728563924734914,0.12875457905119927
SG_005308,0,0.16247589951145677,0.498586939556123,0.17004710219517077
SG_005309,1,0.28438300264948574,0.6339654459126683,0.28639978767873686
SG_005310,0,0.08683872571893936,0.14884118312531502,0.045556952342204256
SG_005314,0,0.16671158161351585,0.456427928676422,0.15648532094739265
SG_005315,0,0.2008541495145075,0.6750256391362585,0.2716806254819975
SG_005317,0,0.11706151603137971,0.51276520069906,0.1533273839203954
SG_005318,0,0.1126500591035084,0.4124003360506028,0.11958779584658699
SG_005319,0,0.10023103809784013,0.31168598286708843,0.08763317284898334
SG_005324,0,0.182758662921601,0.49955048299154375,0.17908602886223815
SG_005326,0,0.14090107932398022,0.4407722891897369,0.14054098672134432
SG_005327,1,0.14430937456306026,0.433106178462348,0.13946859749091062
SG_005330,0,0.1068838662343049,0.44159103683178214,0.1254267016956457
SG_005331,0,0.12991036578244394,0.3242399585098183,0.10152394569195121
SG_005334,0,0.2041494381602642,0.534946545262458,0.20258399747010447
SG_005336,0,0.1387728417145914,0.4496640807723677,0.14253774329516658
SG_005337,0,0.10845439285122777,0.4191332731289593,0.1196251796322493
SG_005338,1,0.18770413410082612,0.469333289644423,0.1695097555951189
SG_005339,0,0.12455432544537055,0.43130914798203007,0.13049784978599202
SG_005342,0,0.30859288150539727,0.5876976563060563,0.27027267726552145
SG_005343,0,0.2381807273340397,0.6966039354856618,0.30425216501322055
SG_005344,0,0.22589743237822646,0.5729751756683971,0.22911691836890674
SG_005345,0,0.19781213556984892,0.5872077763155754,0.22343425599966776
SG_005347,0,0.19247098362631934,0.5562742832558201,0.20682870528664976
SG_005348,0,0.13163490651502893,0.3988785840070248,0.12362700526018011
SG_005349,0,0.10717648289154365,0.26605170746577433,0.07877549384894965
SG_005352,0,0.2491881389357629,0.5429405694485476,0.22447397732456503
SG_005354,1,0.21157562518853612,0.5167353284072714,0.19786824442376558
SG_005355,0,0.3672514748913798,0.5943620441587725,0.2965645681668896
SG_005357,1,0.12546769663185164,0.3187398066937485,0.09849592544801646
SG_005358,1,0.14277968010436212,0.46435876083784094,0.14918723744707166
SG_005359,0,0.09987888172581227,0.2652640777008284,0.07620345019093293
SG_005361,0,0.17615728360029204,0.5273771311470562,0.1873244330402858
SG_005364,0,0.12006513324667274,0.37049254744884985,0.11078015309332737
SG_005366,0,0.12378743605846658,0.4682400284654217,0.1418108761604748
SG_005367,0,0.13288523848414538,0.44119186859058174,0.13724049915759787
SG_005368,0,0.12869253870022065,0.4057538052010296,0.12449628469891999
SG_005369,0,0.2045821394457703,0.6880900702750967,0.2816401954695085
SG_005370,1,0.2813778424050524,0.6247612926746906,0.2798050377158539
SG_005373,0,0.24031748027650932,0.6179626167060955,0.25827864809370366
SG_005374,0,0.11663653566277687,0.3903124034286955,0.11498371523519631
SG_005375,0,0.13532998116995318,0.4411926728913214,0.13829952528497308
SG_005377,0,0.27741708625858813,0.6257623463994775,0.2787002214936647
SG_005381,1,0.1472553656080203,0.4834968582863074,0.15780011573558558
SG_005382,0,0.1446979053268218,0.49067530547303984,0.15918855752483105
SG_005383,0,0.08296051850325357,0.20009612874165944,0.05596843549728078
SG_005385,0,0.2062033306037271,0.5027378273446448,0.18989999711752553
SG_005388,0,0.22283867567692664,0.6501714682325714,0.26810927082892577
SG_005389,0,0.2938189282161045,0.6047248934006866,0.2736958710474771
SG_005390,1,0.2823330134128999,0.5928598288860728,0.2626023011715759
SG_005391,0,0.09431731983498175,0.3139250343958658,0.08592177849293652
SG_005392,0,0.30042225772337333,0.7368290707380635,0.36333198707313563
SG_005393,0,0.13185453286858445,0.40960013982345167,0.12695848937630164
SG_005394,0,0.22312987120305858,0.5613965578650236,0.22246134499514605
SG_005395,1,0.2824014703181713,0.7647449791850468,0.3778569103677176
SG_005396,0,0.13126079032592866,0.47160873027808775,0.1464275462583795
SG_005398,0,0.07691849894743347,0.2559029845298035,0.06607400380783163
SG_005399,0,0.20741172930381357,0.5903095514453529,0.22933108128054128
SG_005400,0,0.2924119864400985,0.6583806316882389,0.30462222238973935
SG_005402,0,0.13185530228555778,0.4096870789423938,0.12698528764741387
SG_005403,0,0.08732365625439897,0.4099745242675589,0.10690771808703428
SG_005404,0,0.12120713754391442,0.32069608737899125,0.09754939562498599
SG_005405,0,0.28929015662571883,0.6322882621442316,0.2874959248613016
SG_005406,0,0.18591341258446378,0.5415384013448797,0.19753059952761082
SG_005407,1,0.1741854450551382,0.5050975245639726,0.17761879135489272
SG_005409,1,0.31261897020237545,0.6945048169363692,0.3373654245284229
SG_005410,0,0.10889622993008725,0.36172080912380433,0.10390294531863105
SG_005411,0,0.22479800215681112,0.6406984481733186,0.2636715561212637
SG_005413,0,0.11809647111817995,0.41369651534453783,0.1223683471239691
SG_005415,0,0.1789239764951471,0.5592067857125088,0.20194395377717964
SG_005416,0,0.283253162322963,0.7256183385891156,0.3465993750692291
SG_005417,0,0.07567585419869473,0.16389538131650372,0.04610332303509279
SG_005418,0,0.2843576626657718,0.64222628695194,0.29127217876726735
SG_005419,0,0.17640593702187815,0.48682677776399613,0.17155614999359023
SG_005420,0,0.08919905784161673,0.29204535602556236,0.07875684451807535
SG_005422,1,0.11174700388498178,0.3906775480281656,0.11301948118031482
SG_005423,0,0.1313806644175119,0.4730748538102514,0.14697259317012823
SG_005425,0,0.2477937465623703,0.5791017312619834,0.24134518269768412
SG_005426,0,0.12825884767070664,0.3261578666409796,0.10148645402508823
SG_005427,0,0.1424712292948286,0.42636379606519204,0.13653994942935924
SG_005429,1,0.09602859075085307,0.25101592005476675,0.07155871139784617
SG_005430,0,0.10491641371673947,0.4302738162509995,0.12116978491229399
SG_005431,0,0.17237352361178285,0.47786729674029116,0.1665410678547739
SG_005433,1,0.09798795090702644,0.3371768501717332,0.09311350650331628
SG_005434,1,0.21727501443918484,0.5130790847364913,0.1985988445079216
SG_005435,0,0.08344678556147293,0.27793841435087413,0.07335504223270552
SG_005436,1,0.12668575600201354,0.4259302458063708,0.129775537960559
SG_005437,0,0.09500422189010473,0.2306712418196315,0.06648443719335612
SG_005438,0,0.15459356412247174,0.48272726187329895,0.1607727715028951
SG_005440,0,0.10909122418168682,0.32428134381689927,0.09412884232889035
SG_005441,0,0.24395564694300095,0.6472130019847443,0.2763035031737946
SG_005442,0,0.10864378436862865,0.37592278921239125,0.10763327645441968
SG_005443,1,0.15627881268184915,0.47002394826392785,0.15697625867934273
SG_005448,0,0.1227751145897124,0.4474941994755847,0.13472107740175218
SG_005453,0,0.25120647948494673,0.530709477088146,0.21961366743473348
SG_005454,0,0.1807695662560447,0.5171344170345938,0.18520791484146137
SG_005455,0,0.13833424833548352,0.41712151980254,0.1319268118176932
SG_005458,0,0.17849153922994387,0.5383421122592215,0.1928743214838024
SG_005461,0,0.1440676870171506,0.44283724214961584,0.1425503602435311
SG_005462,0,0.2764161449424444,0.6864809947658262,0.31564832501682305
SG_005463,0,0.12497442715962137,0.5350372982938608,0.16549657143033478
SG_005464,0,0.1443896787920553,0.4667841186623211,0.15071948417743886
SG_005467,0,0.20597883853454538,0.42622290676085073,0.16028916605000118
SG_005468,0,0.10088565467435316,0.3563592197115013,0.09919417134847042
SG_005469,0,0.13440665187905723,0.41450073401255944,0.1295078003932454
SG_005471,0,0.26252735771601404,0.607360533306416,0.2621849307032144
SG_005472,0,0.16986269970950318,0.40820803243718595,0.14115046114688976
SG_005474,0,0.08098059432951477,0.18267872791079398,0.051595499849448195
SG_005475,0,0.1553110786285722,0.5384911230759002,0.1821698869703123
SG_005476,1,0.11219516180988691,0.3508254882081144,0.1022969394982636
SG_005478,0,0.09772410654502056,0.3131398727514068,0.08704305821205872
SG_005479,0,0.17273002748835087,0.5084204872526062,0.17828251674542384
SG_005480,0,0.11099623207081459,0.35481502540398197,0.10289462736935007
SG_005481,1,0.23742822972908417,0.6187948240257303,0.2574396751214447
SG_005482,0,0.09378935805352952,0.3847719987013696,0.10345300221412508
SG_005483,0,0.18322906117899299,0.4635962347962865,0.1656236489009218
SG_005484,0,0.24664305203964507,0.5397317041477305,0.22198272539807815
SG_005485,0,0.15603236796149186,0.4562069391744263,0.1520484086054552
SG_005487,1,0.2692658175025051,0.6110213116606463,0.267017188751568
SG_005488,0,0.36608541482434975,0.6222025922649383,0.31256321563472245
SG_005490,1,0.1212293877811535,0.5489811157152901,0.1686475724443628
SG_005492,0,0.25953509363332955,0.6306046017161593,0.2737462991680924
SG_005493,0,0.42043883319598746,0.6745178001928457,0.3684427268200173
SG_005494,0,0.24744579045046655,0.6351895316234749,0.2709845378460782
SG_005495,0,0.10662195907936645,0.33154359342960055,0.09507402330632177
SG_005498,0,0.09808865322204129,0.37357194075857275,0.1024709596795914
SG_005500,0,0.13471864101136644,0.48033769341898236,0.15097873680485832
SG_005501,0,0.2383947844890704,0.5620972092084895,0.2291578400123902
SG_005502,0,0.3157157128737704,0.5768454845944501,0.2672055831579277
SG_005505,0,0.24597088681536652,0.5181627587400024,0.21194863389542978
SG_005507,0,0.16332843921456675,0.4963288558797788,0.16957399755785518
SG_005508,0,0.1420390963317835,0.426724510997731,0.1364787385763065
SG_005509,0,0.13207219464124806,0.46482057129284843,0.14454863565033896
SG_005512,0,0.12071126041867791,0.41077302637465546,0.1226381438401768
SG_005513,0,0.1512849235370662,0.4663690688627941,0.15356584830743783
SG_005514,0,0.23217813347773933,0.6194765025869253,0.2554471092031823
SG_005516,1,0.13687955602955576,0.4827046415752877,0.1527945019725215
SG_005517,0,0.11437509983600015,0.3149965514117005,0.09363270378423584
SG_005520,0,0.26915984027472767,0.6309559736800398,0.27813319486462673
SG_005521,0,0.20547241898525068,0.5968805452057206,0.2316528340297453
SG_005522,0,0.20315253211137288,0.5235147284638649,0.19729007537675897
SG_005523,0,0.09702552074000043,0.38462352027444097,0.10489562762112532
SG_005525,1,0.15250015628160454,0.4751742307069667,0.15717199635424695
SG_005526,0,0.24015067664514142,0.5134513936779735,0.20765006087637128
SG_005527,0,0.09690255708145896,0.4746839026523602,0.13015372516112758
SG_005528,0,0.13981780570091243,0.41248930190301564,0.13107752030039266
SG_005533,0,0.12077590001731713,0.34002905442047276,0.10262589496721074
SG_005536,0,0.10922919822842016,0.4072679554211765,0.11659006110393884
SG_005537,0,0.09503482725000617,0.3617734937709708,0.09809132622118569
SG_005538,0,0.15398604447398867,0.41594275246675805,0.13774904018049905
SG_005539,0,0.13641463255650357,0.48300506708886576,0.15268206788809105
SG_005540,0,0.15163514668568065,0.5156655242369192,0.17156747542795064
SG_005543,0,0.12133323138434399,0.4079333331349893,0.12206581532872711
SG_005544,0,0.09681052296703146,0.3500359011002967,0.09587040158984984
SG_005545,0,0.14565598893082105,0.4475798814849873,0.14478801845418002
SG_005546,1,0.14944516114053621,0.5120020691745256,0.16916525664612853
SG_005547,1,0.14238109234788346,0.4622630550550766,0.14830326166828076
SG_005548,0,0.369273496109858,0.6436060840669466,0.32714560408054233
SG_005549,1,0.1420067901812,0.43556056448072794,0.13931166742671974
SG_005551,0,0.10762546182873249,0.3974410788451649,0.11311526798369419
SG_005552,0,0.16615542806935177,0.4294029448987194,0.14690074664712788
SG_005553,0,0.14360951661333943,0.45128938145180414,0.1451548689724057
SG_005554,0,0.12573513386998272,0.4119942574097767,0.12513882663792936
SG_005556,0,0.15613274257557508,0.5502931249038162,0.18733115050811203
SG_005558,0,0.16863643866594238,0.5407607382434135,0.18937692947039844
SG_005559,0,0.24705235657868677,0.7338146033866014,0.3351126067775063
SG_005560,0,0.09773246962209614,0.37524592846241817,0.10275109924950991
SG_005561,0,0.16341237538315834,0.5607538816586435,0.1952375232602442
SG_005562,0,0.17698179872317168,0.47727462849357377,0.1682070306914466
SG_005563,0,0.10330684417458036,0.3717836661124957,0.10426117539343514
SG_005564,0,0.1361097566867086,0.49602055084237984,0.15706906523681913
SG_005566,0,0.17097734370228687,0.5032544262758165,0.17552354152702235
SG_005567,0,0.21499775867933354,0.5856367494634197,0.23047491039354098
SG_005568,0,0.11494795358435976,0.3828183063507557,0.11216645206324875
SG_005570,0,0.2003151902206215,0.5334777781859888,0.20033433144099583
SG_005571,0,0.1904279453611426,0.4878648756482447,0.17766807012317523
SG_005573,0,0.15298869459199008,0.43238334884730056,0.14275107315606841
SG_005574,0,0.13207884330748784,0.27865465173856974,0.0897729003431156
SG_005576,0,0.1340974684461099,0.406341257086172,0.12687752950150039
SG_005577,0,0.2805709581641868,0.6581732955383307,0.29932352219329683
SG_005578,1,0.11774302486519662,0.45293500909866014,0.1340776570748477
SG_005581,0,0.23244321140287302,0.5333570722836661,0.2134600126015817
SG_005582,0,0.09321055602730884,0.5658354715273614,0.1578397302322253
SG_005584,0,0.20526794212968005,0.5240055606736447,0.19837214039078224
SG_005585,0,0.12992680973783097,0.37584603201919403,0.11615071683655971
SG_005586,0,0.13831838985718192,0.4649874176770439,0.14742432039959288
SG_005587,0,0.34293372926895654,0.6806952953164903,0.34084990815479965
SG_005588,0,0.13495501130078238,0.4606655782357699,0.14447978385415583
SG_005589,0,0.13232409464663428,0.4646113431705459,0.14459446875314305
SG_005590,0,0.1321582003337605,0.5139893089279457,0.1615379856659036
SG_005595,0,0.09867323710583126,0.35221069369081587,0.09720356889412458
SG_005596,0,0.22688055164609622,0.5731364224150378,0.2296143879933651
SG_005597,0,0.1279002560665452,0.410310805361955,0.1255397072679109
SG_005598,0,0.09863645629293182,0.3616988066572413,0.09962541949758302
SG_005600,0,0.10563686648783498,0.49991100892041396,0.1428481450218047
SG_005601,0,0.09569382742590742,0.35967504910463455,0.09784269847838818
SG_005602,0,0.20845420712581253,0.5215084719083455,0.19862192284817434
SG_005604,0,0.21009108415990532,0.5768611787771661,0.2240873469045914
SG_005605,1,0.26163187494967394,0.6436612667176063,0.2822036897176755
SG_005607,0,0.11715798108439085,0.46478693939774135,0.13751983728093597
SG_005608,0,0.17480957164598585,0.4861329246260023,0.1706323231512309
SG_005609,0,0.17337707287222262,0.5991487943657354,0.21731213731968438
SG_005610,0,0.09244739788506358,0.294275869488272,0.0805016980036586
SG_005612,0,0.14805378489770082,0.5681553670205806,0.19064736415550312
SG_005613,1,0.13415276864963077,0.518032265578592,0.1640009785268097
SG_005614,0,0.18946668756786963,0.5443542322856525,0.2003044492721367
SG_005616,0,0.1447809344932931,0.3104649765752999,0.10252423810216053
SG_005617,0,0.2293823844840399,0.6147978625707814,0.2516945229164075
SG_005618,0,0.29258129071114797,0.6331616504376542,0.28939478865914114
SG_005619,0,0.16499963696566974,0.4866567347825359,0.16669800828527012
SG_005620,0,0.10769719910427526,0.4055750995994497,0.11542402359892362
SG_005621,0,0.36489618778813676,0.6726193314127135,0.3444856217754043
SG_005623,0,0.11530507917976345,0.45485282392962495,0.1335116057864972
SG_005624,0,0.19845039860966926,0.5999529376971773,0.22988661571352575
SG_005626,0,0.15750493405455798,0.5317973157755552,0.18055998961345734
SG_005627,0,0.10835525107204985,0.21425307512987493,0.06641363316050507
SG_005628,0,0.22383534730608312,0.5548709429097246,0.21972946814365554
SG_005629,0,0.2692788998619049,0.6295560834862232,0.2773837239062931
SG_005631,0,0.17889008475248178,0.43081903543216093,0.15219338313263314
SG_005632,0,0.11239712488716065,0.37977529524605336,0.11025967655613061
SG_005633,0,0.1204978447486949,0.5142681874530844,0.1556652521625168
SG_005637,0,0.2306079480940224,0.5451376733380935,0.21805286165033733
SG_005639,0,0.09769293085573788,0.391648130302785,0.10706268029968331
SG_005641,0,0.2653212795377959,0.4507083959768423,0.19001515614829537
SG_005642,0,0.19380607813782835,0.5397714064426452,0.2002388000999285
SG_005646,0,0.16932314072204013,0.5725689890012546,0.20321687977907854
SG_005647,0,0.26360269801150316,0.5336534757841044,0.22572638485786417
SG_005648,0,0.12443789748776772,0.3628261658938472,0.11031931626017619
SG_005649,1,0.23746525996783788,0.5679973530836515,0.231601779888163
SG_005651,0,0.11716347281084316,0.4268253203684994,0.12584748184248484
SG_005652,0,0.08278797541478143,0.35859605757200236,0.09179823528431716
SG_005653,1,0.1366790062176855,0.5101876769114417,0.16239841073797823
SG_005657,0,0.091495505898441,0.1668595352207905,0.05079988338803312
SG_005658,0,0.11176698602046335,0.2557377166344023,0.07764994651293171
SG_005659,0,0.1113126284457736,0.34179332090692927,0.09954956474066765
SG_005660,1,0.16877188930773981,0.426256656858487,0.1468260061866363
SG_005662,0,0.2808435716859522,0.6652589605176179,0.3038749233070345
SG_005663,0,0.19854740586142264,0.461261901079899,0.17062549945889469
SG_005665,0,0.32156259792243297,0.6778858363732724,0.32984859215443213
SG_005667,0,0.2806701110603121,0.5839603253558631,0.2572352081135062
SG_005668,0,0.14760264740061071,0.40034572836814636,0.13032005568449787
SG_005669,0,0.26405372531365856,0.6298869281522257,0.27531012686679257
SG_005670,0,0.11989043732652394,0.3501485114685452,0.10506554780719606
SG_005672,1,0.21283839521476225,0.5194383624024573,0.19952289282470032
SG_005673,0,0.20220231435344962,0.5009072857471093,0.18755901307011802
SG_005674,1,0.2880899433245544,0.56467629948319,0.2502311993186821
SG_005675,0,0.162112703311368,0.43822632085673163,0.14833493194234124
SG_005676,0,0.16467939912570742,0.4837806941380853,0.1655017382534965
SG_005677,0,0.1209773568350949,0.539046845015802,0.16481083568975127
SG_005678,1,0.13288825976331367,0.35502262461929524,0.11124352200635329
SG_005679,0,0.11652529859889361,0.28634599670164373,0.08692647177895614
SG_005680,0,0.18199529224905908,0.5081818909246146,0.18216123577374327
SG_005682,0,0.20642897004236582,0.4342791801179942,0.1634098424489238
SG_005684,0,0.11551343856340407,0.41934299499231276,0.1228890626364697
SG_005685,1,0.11679003666525271,0.3724818020212431,0.11003182329706433
SG_005686,1,0.19072345003008537,0.7598577590449106,0.324395232517405
SG_005689,0,0.14737800350859817,0.49705941882347326,0.16270924546232696
SG_005690,0,0.12625407951037915,0.45099718750348416,0.1374153655254572
SG_005695,1,0.23716613579248227,0.6086026183780864,0.25190014227740026
SG_005697,0,0.09452731770230503,0.28952308343685607,0.08014041208326604
SG_005698,0,0.16283562131455345,0.5000964173066665,0.17077242856079528
SG_005699,0,0.15522930524364817,0.42236432775548494,0.14032933262343864
SG_005700,0,0.11038855068355165,0.4043055455747447,0.11626666806133475
SG_005701,0,0.26303222873275356,0.5857277007191833,0.2510005292279078
SG_005702,0,0.10070649046372825,0.4037893724965492,0.11173521349264642
SG_005705,0,0.20913109104949024,0.6115777397039001,0.24072134109796545
SG_005708,0,0.2124678423546615,0.49827686025833623,0.1905416857508749
SG_005709,0,0.30213458156043776,0.6143861825175143,0.2824901219694943
SG_005710,0,0.19762379922226703,0.5290577465208497,0.1973166022029246
SG_005711,0,0.11158848996081604,0.3850037094027159,0.11137018565542606
SG_005712,0,0.22980806884621643,0.49124404993318677,0.19426174153359285
SG_005714,0,0.24472512491429121,0.633611964941434,0.26887033553693424
SG_005716,0,0.16595081123005906,0.6404014156626308,0.23374282296894217
SG_005717,0,0.12119684686359915,0.36894978562986397,0.1107916624125224
SG_005718,0,0.192890914569773,0.545851192008109,0.2024574323620662
SG_005720,0,0.1529464636041738,0.4337175733675571,0.1431766585082759
SG_005721,1,0.15901198926398896,0.4086857470420062,0.13730022652882024
SG_005723,0,0.13892933155672285,0.5148398008634927,0.16519145378382713
SG_005727,0,0.3096079053419953,0.6589928280769362,0.31239064245363934
SG_005728,0,0.10251587665947104,0.44100412534531497,0.12310751613755132
SG_005729,0,0.23302178569997167,0.6684443966018633,0.2838051723830545
SG_005731,0,0.23795161023070696,0.6048139882712704,0.25026123139878
SG_005732,1,0.19350380319693747,0.5518646975495689,0.20534749022545248
SG_005733,0,0.13460555102408686,0.4700530788672538,0.14744739290892173
SG_005734,1,0.1854027985329234,0.6325923404356912,0.23997568355568147
SG_005737,1,0.17416109188990436,0.5125729631637796,0.18053041505319184
SG_005738,0,0.20091511406790677,0.5007321672659149,0.1869728066625415
SG_005739,0,0.21230600404171704,0.516336007814332,0.19799344373314234
SG_005741,1,0.2299178480618352,0.5155553852984945,0.20462267823934963
SG_005742,0,0.12130830094342322,0.3715242918872318,0.11156052106446732
SG_005743,0,0.1955674837834023,0.6044893851796104,0.2307499278175399
SG_005744,0,0.11131403562886504,0.3245567303704294,0.09502213202026598
SG_005745,0,0.2232423817953354,0.5065335767957562,0.19817006605221954
SG_005746,1,0.11058510242267912,0.4960445096938886,0.14425591942184068
SG_005747,0,0.131685428350171,0.4604170011362717,0.14292382428705466
SG_005749,0,0.07595454259327183,0.2774057256935043,0.0703518582659201
SG_005751,0,0.09370020349176156,0.33665095089399144,0.09122964785160247
SG_005752,0,0.2085685856459135,0.5421372990703277,0.20758095205366495
SG_005754,1,0.2634874697461436,0.6678707557012102,0.29771434681363523
SG_005755,0,0.1304437925908023,0.36593340947711517,0.11347779433163208
SG_005756,0,0.09774883579351568,0.17211954899039705,0.053556279515857265
SG_005757,0,0.13178398338637573,0.45965116589557486,0.14271765319761542
SG_005760,0,0.1379810326948366,0.4839785555801986,0.15374497046121702
SG_005761,0,0.21694001284159845,0.5423479056256701,0.211177354081811
SG_005762,0,0.21893757279450787,0.5077383280302038,0.19700003803338592
SG_005763,0,0.092369966819335,0.36494090268763757,0.09772160175589004
SG_005766,0,0.08965649788036749,0.3497541646744063,0.0927391639099104
SG_005767,0,0.20110725774604873,0.5389835142646989,0.2030397641042331
SG_005768,0,0.3732156375623907,0.6088498867959871,0.3073138668293254
SG_005769,0,0.12869768510241927,0.3559783079439068,0.10998093708074365
SG_005770,0,0.15361825003690607,0.5141868776912791,0.17193126675308257
SG_005771,0,0.19328844471661466,0.5030776399796744,0.1848283746610259
SG_005774,0,0.1811205417405146,0.48361344302249015,0.1722746307177137
SG_005775,0,0.1468162922907322,0.48742793916613797,0.15899675744803007
SG_005777,0,0.24099655809980827,0.5032842156852815,0.2035546370235562
SG_005779,0,0.1356366231830605,0.4481156560398927,0.14066882027041472
SG_005780,0,0.10102841428682106,0.42980215952403156,0.11915050764804241
SG_005781,0,0.1209495927966993,0.43916228830536713,0.13130098647026398
SG_005782,0,0.2862904786928009,0.6438096360571747,0.29305000357077066
SG_005783,0,0.08743274702572279,0.3758880656107333,0.09822048392227756
SG_005785,0,0.10839069833411308,0.35850094465670007,0.10283744110293551
SG_005787,0,0.15145774624950245,0.4884091479540213,0.16143142131158386
SG_005788,0,0.13654798533314624,0.44201626327819427,0.1390890879695223
SG_005790,0,0.14473283508413157,0.46636342746791914,0.15072606937982783
SG_005791,0,0.19819423446989007,0.4946418184376306,0.18344147285999673
SG_005792,0,0.10298643198718542,0.16370160419561544,0.052776780000428895
SG_005793,0,0.2494742856146995,0.5078916672056342,0.20873242941767667
SG_005795,0,0.20009591005380636,0.6329620009785203,0.24754241681055614
SG_005797,0,0.09468363114391772,0.2813743307124996,0.07826050819524376
SG_005798,0,0.22017423364302632,0.6092747664692878,0.2446362633239061
SG_005799,1,0.12303518565402048,0.4770995994253219,0.14434611579693116
SG_005800,0,0.2809263560748268,0.5820051745690803,0.25631777088935376
SG_005802,1,0.10683130587800367,0.4140881321956685,0.1174364961860355
SG_005803,0,0.1107995519402772,0.3100244567816173,0.09107358993327207
SG_005804,1,0.12539103715552988,0.4485420846090722,0.13624438282183415
SG_005805,0,0.15016449923023897,0.5075927102515293,0.16785733429552682
SG_005806,0,0.18110146377430844,0.41282408814472765,0.14676563515213675
SG_005808,0,0.20335562143356525,0.5193525384009883,0.19562407286463548
SG_005810,0,0.1533020801777035,0.5307769747303388,0.17816378756343382
SG_005812,0,0.08322014658677658,0.09428197365674164,0.032090520437673964
SG_005815,0,0.23211949473030669,0.5836930820414724,0.23700397492505876
SG_005816,1,0.17468220891778405,0.39063656620536885,0.13703439622640964
SG_005819,0,0.1252979760526349,0.5418689057111931,0.16820999747589874
SG_005822,0,0.15248020927214737,0.4666968770180873,0.15419128245695626
SG_005823,1,0.10384870937414083,0.30563298783225706,0.0874626212055152
SG_005826,0,0.2214799696125367,0.6038362121325552,0.242438027501292
SG_005829,0,0.22742191430909767,0.8204903740127493,0.4024927043708684
SG_005831,0,0.20198893181072616,0.5747015803521842,0.21945425468022284
SG_005832,0,0.2372764185331575,0.4977919445366833,0.1998103802120716
SG_005833,0,0.1583793646917933,0.5053797371722863,0.17077954274733598
SG_005834,0,0.36338404373704986,0.5428714320876177,0.2668996709389004
SG_005835,0,0.11559186849247172,0.45393906762809844,0.133365857059585
SG_005836,0,0.13169468775784107,0.2683335242546448,0.08687878036174099
SG_005837,0,0.21640861986013415,0.6623849095950409,0.2720718268577404
SG_005839,0,0.2479641064937054,0.6356926810925096,0.27150261843491735
SG_005841,0,0.12235992226920751,0.4029947822799247,0.12104580343503715
SG_005843,0,0.1715082728964226,0.5264072809381002,0.18485706568723537
SG_005844,0,0.1926474552079783,0.501284299700623,0.1838495862397132
SG_005845,0,0.15669917580938497,0.505516254817424,0.17007312799180288
SG_005849,0,0.0981131895560121,0.22621673525585073,0.06637858639155973
SG_005850,0,0.31549155953251107,0.5908680580779362,0.27469534309877514
SG_005851,0,0.13265707816426212,0.4430725771660281,0.13774192988620929
SG_005852,1,0.1707694760661751,0.5935277030541158,0.21338067519800044
SG_005853,0,0.08747883656617357,0.2571852429509202,0.07012187228135526
SG_005854,0,0.15792240494590146,0.4419034583069578,0.1479208759040173
SG_005855,0,0.19256557381912023,0.5080055718222058,0.1865120803345429
SG_005856,0,0.11520974178054218,0.46774752107040396,0.13750484520417977
SG_005858,0,0.24613953212874237,0.6189668034631698,0.26139791304352
SG_005859,0,0.14043213335884266,0.4629707694142326,0.14768489536042548
SG_005860,0,0.154507022672731,0.56026011841746,0.1906382395118962
SG_005863,0,0.29675591866706513,0.6837672245700919,0.32298805773535594
SG_005864,0,0.21135504027232946,0.5185524337705774,0.19854783918307964
SG_005865,0,0.09933145121167064,0.3594542637959544,0.09934137927221905
SG_005866,0,0.15288524118748348,0.46140256842835026,0.15252656788901356
SG_005867,0,0.11255557691894753,0.356536598195988,0.10397421234710016
SG_005868,0,0.11454427932124127,0.41492161327918686,0.1211625303837267
SG_005869,0,0.17454334526990525,0.47589447004290325,0.16670099131845184
SG_005870,0,0.1489160482659824,0.21316448539508712,0.07634224701653725
SG_005876,0,0.1043593542640584,0.429561056733919,0.12069673103850947
SG_005878,0,0.3047508529441613,0.6805580886754031,0.3243581492558778
SG_005879,0,0.16621183331658393,0.5486787444557828,0.19151290653333763
SG_005881,0,0.1669649676065957,0.4615154942928548,0.158393833686654
SG_005882,0,0.10317607599555191,0.3899196144128565,0.10907463151972789
SG_005883,0,0.11405705275299986,0.406236708774704,0.11843289110618237
SG_005885,0,0.10365834961441421,0.30259245186044886,0.08663495955701314
SG_005886,0,0.18134227263727318,0.42636250223689476,0.151541210210349
SG_005887,0,0.2972282959988506,0.5965892299391189,0.2706042579614768
SG_005888,1,0.27079282829143103,0.6543258355026841,0.2926417302319268
SG_005889,0,0.10224336283400592,0.3059097636977995,0.08694628453832252
SG_005890,0,0.06535009777460682,0.2565837009081949,0.06177324076304273
SG_005891,0,0.2097813599244112,0.592147756934075,0.23130437150303645
SG_005893,0,0.08893504519534162,0.31894066410032307,0.08498601685798302
SG_005895,1,0.22050070196549362,0.5689535204306877,0.22489018820506532
SG_005896,0,0.15314729094113835,0.4356332351279005,0.14389417086169315
SG_005897,1,0.11785631311866945,0.34371791299628285,0.10254604225114133
SG_005900,0,0.1027516989163521,0.056076281532469435,0.024579499032357593
SG_005901,0,0.1434123710897565,0.4119023233575075,0.13232503826814765
SG_005902,0,0.19945053575908958,0.5095528993791788,0.18996721646005796
SG_005903,0,0.12299668761057884,0.5394114572440866,0.16604745833374085
SG_005904,0,0.3335489923562888,0.6516024357912524,0.31772721655333525
SG_005906,1,0.3393555239323214,0.6427950596598719,0.314565612889451
SG_005907,0,0.09440551086600357,0.35037526214868153,0.09493966400360235
SG_005908,0,0.10289710396211053,0.14972951099624293,0.04935166562491615
SG_005911,1,0.13058383931475903,0.43664707932442876,0.1347982415997083
SG_005912,1,0.1767463455450081,0.6983056594979671,0.2727142435132173
SG_005913,0,0.10356075288130646,0.3977316025904858,0.11137979875495906
SG_005914,0,0.08267698086612962,0.34809536180421763,0.08923308351518672
SG_005915,0,0.13391604300824805,0.4601737205989233,0.1438510683116629
SG_005916,0,0.1264003498858784,0.47557130839332507,0.14545872912238994
SG_005917,0,0.2406471131439639,0.6220363110662679,0.26063325908355367
SG_005918,1,0.2771610801716598,0.6814987214842295,0.3126871659497141
SG_005919,0,0.10367344703515767,0.27482931995647153,0.07978580559771901
SG_005923,1,0.29098230656279117,0.5650660649797936,0.25154802087820494
SG_005924,0,0.24351918753174764,0.5285846869004259,0.21567195847876003
SG_005926,0,0.09743870365162322,0.33293627204210197,0.09183066801478702
SG_005927,1,0.2059271584696054,0.6122537725276245,0.23956158743468633
SG_005929,0,0.14770486127801657,0.39992338712794334,0.13022652500883672
SG_005930,1,0.14444144250820057,0.5501000976673683,0.1814225138644233
SG_005931,0,0.18043956803604236,0.5460233973686551,0.1969804284843473
SG_005933,0,0.1367304832759357,0.4776938247996866,0.1510069940794536
SG_005936,1,0.10729052458019628,0.39459015823644267,0.1121757361650159
SG_005938,1,0.2382010517378349,0.6165963869533712,0.25660292569975646
SG_005940,1,0.13073532315490535,0.46935091077684943,0.14543334024720067
SG_005941,0,0.14935952912007996,0.567356302969354,0.19098749366880713
SG_005942,0,0.3536596663820619,0.6912737872228935,0.3527746541557401
SG_005944,1,0.2273554619517512,0.5938797223424694,0.24001226520612776
SG_005945,0,0.15526245535822417,0.4810293938568832,0.1604550879728156
SG_005946,1,0.19947942514349604,0.4957915686971565,0.18441291354291758
SG_005947,0,0.14126909129356366,0.3729578584671138,0.1195598267296644
SG_005948,0,0.1695115626459641,0.5075611342812458,0.1765471074547286
SG_005949,0,0.18287443711866283,0.4458597452682898,0.1590233064211756
SG_005950,0,0.21565337892360573,0.5860244706876556,0.23095495171856922
SG_005952,0,0.26196677925705486,0.609006497788817,0.26283612541897633
SG_005953,0,0.08544464914575167,0.43841291789176545,0.113507315743362
SG_005954,0,0.12020365980770203,0.3905702131230021,0.11653816256451949
SG_005956,0,0.08457293163247952,0.39050463967050764,0.10052021572363512
SG_005957,1,0.19910868128426418,0.5504476373045992,0.2071866951547746
SG_005958,0,0.18069331807147296,0.5104275255884637,0.18249798183296678
SG_005960,1,0.17150810281146878,0.5036887341597156,0.17592009831394137
SG_005961,0,0.09700450411851476,0.17261579642178895,0.053491770299554424
SG_005962,1,0.2800640734518752,0.6106382685213488,0.271320818218257
SG_005963,0,0.10645662366334115,0.3105793213586305,0.08965427060201085
SG_005964,0,0.10924274897476882,0.47404291406598026,0.13649183411544158
SG_005965,0,0.10669776748690034,0.3641908093809712,0.10366313603036285
SG_005968,0,0.13638501153902857,0.4549086124289302,0.14321734812414863
SG_005970,0,0.20908840972284393,0.5427523504476505,0.2080713637160485
SG_005971,0,0.2015957434571988,0.49246094922295985,0.18392213580497557
SG_005972,0,0.10705977599721363,0.4027792249309792,0.1143531497112888
SG_005973,0,0.19745873336782818,0.5707757837020563,0.2155972708032663
SG_005974,0,0.1529320790972227,0.476988133215778,0.15800117168386643
SG_005975,0,0.1969188123672725,0.6506675864517606,0.25558842000802034
SG_005978,0,0.12035425256526601,0.4184907448122554,0.12477431301454807
SG_005981,1,0.1459009881075872,0.43623747156060216,0.14114522577947927
SG_005982,0,0.12292661269998728,0.4527271952125909,0.13643750418032843
SG_005983,0,0.08442923297707118,0.29914606451812087,0.07855295783237677
SG_005984,1,0.12504830637226066,0.500402946107719,0.15318710293323717
SG_005987,0,0.15954913273935112,0.48053547140878466,0.16212828316498762
SG_005988,0,0.17603194609187967,0.5232650063679115,0.18560649947697158
SG_005989,0,0.24514133065716456,0.5826352011187066,0.2420047576766017
SG_005990,0,0.13272782918135576,0.48903822133138036,0.15302491770980217
SG_005992,0,0.23431078071087943,0.4285852166899171,0.1708348113776281
SG_005993,0,0.1031375780630016,0.2909793214016483,0.08357064480956204
SG_005994,0,0.10420333382746565,0.434471491256087,0.12203949777989494
SG_005995,0,0.15098577827604995,0.4925902763740808,0.16273001174004836
SG_005996,0,0.20818894966507007,0.5003881741742984,0.18972643585644441
SG_005997,0,0.11471826726109045,0.48263058562601235,0.14202742677424124
SG_005998,0,0.1996733149983457,0.5890020611428063,0.22515156518115703
SG_006001,0,0.12110464309482737,0.5018705463845813,0.15169239005600832
SG_006002,0,0.14588760131281195,0.419644537368629,0.13576677993761868
SG_006003,0,0.19458738134455902,0.6192004109786945,0.23765937309445848
SG_006005,0,0.13610217353801948,0.46667701019568636,0.14699584259361548
SG_006006,1,0.18340268937890955,0.583194361235418,0.21478699221623238
SG_006007,0,0.14926945802767125,0.4451961664859961,0.14550252879290185
SG_006008,0,0.2062412357770467,0.48029005407400405,0.18090014053928158
SG_006010,0,0.24106250640034058,0.5814850621520307,0.23971433326505903
SG_006011,0,0.1973220693648372,0.5887781579896416,0.2239550832183165
SG_006014,0,0.1019648580966011,0.24176057838613163,0.07123083336401177
SG_006015,1,0.11229611772817812,0.28272677134392077,0.08461437586629568
SG_006016,0,0.186259544203656,0.5978845511099623,0.22306324477938985
SG_006017,0,0.1404940075198522,0.4611188106875817,0.14708993497069406
SG_006018,0,0.11342179359179232,0.34200200919532175,0.10041061238747781
SG_006019,0,0.20682639654912593,0.49115464660257246,0.18545101558288496
SG_006020,1,0.10277808865876907,0.30736652784260704,0.08750471553505183
SG_006021,0,0.2227480271037018,0.5399519338839279,0.21250040587103616
SG_006024,0,0.345017677633126,0.7549964014922835,0.39873749170304046
SG_006025,0,0.09824593529411164,0.46000273350189114,0.126492080800928
SG_006027,0,0.09296579804316112,0.2823918562725355,0.07788526752434649
SG_006030,0,0.32148088049814394,0.6221282446632508,0.294803888190774
SG_006031,1,0.3392589638407248,0.6302173555990701,0.3067893676056335
SG_006032,0,0.15188987051937217,0.4463072501667128,0.14695849815976242
SG_006034,0,0.1455612726469654,0.4679891851517987,0.1516457903371416
SG_006037,0,0.26468095304335976,0.6518642149618162,0.2884329800388106
SG_006040,0,0.2097011803065391,0.6124433204675311,0.24143126497725928
SG_006042,0,0.09351648588636467,0.4001251522456509,0.10735980535092332
SG_006043,0,0.10186424937408055,0.30587669035461773,0.08679914048079519
SG_006044,0,0.12672761507606708,0.5375008597303836,0.16734577370897352
SG_006045,0,0.13866802277705156,0.4428661540533598,0.14027308124874713
SG_006046,0,0.14241441848661485,0.40107714266790584,0.12855171125687098
SG_006048,0,0.1421762727000632,0.5197958122675232,0.16860765327377317
SG_006051,0,0.2044608073166423,0.5572810314604856,0.21256702179553036
SG_006052,0,0.14737912467699396,0.5016348710959498,0.16437356068436987
SG_006053,0,0.1328216346849265,0.3835093093377624,0.11951461905424879
SG_006055,0,0.08133288333423218,0.15751220483084336,0.04617658332108366
SG_006056,0,0.12633168473565326,0.32496130514555777,0.1004908800826026
SG_006057,1,0.13754892413439435,0.5611152186523829,0.18224855588977074
SG_006058,0,0.16199582976940138,0.4655732878588855,0.15779961869766224
SG_006059,0,0.23874238502573708,0.4963693594133515,0.19975287533036304
SG_006060,0,0.14170928599377183,0.47323749345634974,0.15174120813601819
SG_006061,0,0.10743602581983318,0.17706910170758772,0.05707725803468921
SG_006062,0,0.19791301408698128,0.29627911857598493,0.11358782489152629
SG_006064,0,0.134396778644114,0.44084191257783495,0.1377841194853605
SG_006065,0,0.1013969253791624,0.3144829871532985,0.0887661133877207
SG_006066,0,0.13757962781193758,0.4352842032020124,0.13736464157600012
SG_006068,1,0.08948926223634641,0.3306364957987891,0.08801473311171427
SG_006070,1,0.30801042392133304,0.5827336389188846,0.26737412111911524
SG_006071,1,0.22072222614041814,0.6332093109039177,0.257603590959748
SG_006072,0,0.12018284187244382,0.5470000082641794,0.1673212512381338
SG_006078,0,0.12445189602825381,0.40296104323107407,0.12190958791562147
SG_006080,0,0.23954797088004476,0.6420011847191325,0.27127348978033433
SG_006082,0,0.08517400999893247,0.3048388099368394,0.08016097132610715
SG_006083,0,0.11030981085669628,0.32146810284379024,0.0938504470147799
SG_006084,0,0.09991642175147353,0.4093743693201282,0.11289945492562868
SG_006085,0,0.1559224214176319,0.42942335842656415,0.14293333759325486
SG_006087,0,0.09561312535430706,0.16127094108199674,0.050486265111430395
SG_006088,0,0.2388342625870016,0.6535504059980821,0.2776416455278074
SG_006089,0,0.10962919722937843,0.4275451157028155,0.1226075881214934
SG_006090,0,0.10445778067889032,0.30242633709325856,0.08688112773434153
SG_006091,0,0.1290168585586195,0.3786828290806576,0.11662445804424146
SG_006093,0,0.08192783938279907,0.298022674790599,0.07729900241310508
SG_006094,0,0.26574303358346935,0.6298571498649348,0.27602651911338405
SG_006096,0,0.1288439024166666,0.45152569508044493,0.13875684435133956
SG_006098,0,0.13851451222545763,0.5221569264976949,0.1676897879658187
SG_006100,1,0.11276451739835926,0.4568126394384028,0.13288865809149408
SG_006102,0,0.15656213738601532,0.4567266107007811,0.15244758275680773
SG_006103,0,0.16175920056107315,0.4820518750174229,0.16362473204084468
SG_006104,0,0.21661333189393484,0.7603605406632201,0.33980565159653786
SG_006105,0,0.15977498655904024,0.4463736363721187,0.15019161113874235
SG_006106,0,0.11873216665966085,0.41951578789033306,0.12436795568555324
SG_006107,0,0.09732347891975039,0.453696174198101,0.12415542747443657
SG_006108,1,0.14095788422934627,0.4883289919402489,0.15663900462217895
SG_006109,0,0.14909124552995864,0.4674959448102005,0.15301192610465777
SG_006110,0,0.2708138297223837,0.5204377754833992,0.22231163216019778
SG_006111,0,0.13832089123996807,0.45488955839281164,0.14406189516386633
SG_006113,0,0.18079757963394746,0.4891416151804453,0.17424902995486388
SG_006114,0,0.1458318175693101,0.5044040237841397,0.16466573151259672
SG_006115,0,0.15356642103853405,0.48652437027183676,0.16168790453915208
SG_006116,0,0.12595068170172719,0.3883672975579613,0.11823619799014536
SG_006117,0,0.30119853653947565,0.6421827657744995,0.2984060783560948
SG_006118,1,0.25102331951708107,0.6675506668286701,0.29177384219273
SG_006119,1,0.11410040326085635,0.4308226376496521,0.1256456707873411
SG_006120,0,0.24080894423339175,0.5738777951243798,0.23585221258172467
SG_006121,0,0.18460748359686383,0.5009983871107718,0.18042316206247028
SG_006123,0,0.135946964029503,0.3259027250533459,0.10403323610061349
SG_006124,0,0.08505899103987118,0.3427113326495328,0.08901392303953151
SG_006125,0,0.2577614332436701,0.6008788574541857,0.2567103347750175
SG_006126,0,0.2340725791522205,0.5159796100661692,0.20641891414736513
SG_006128,0,0.19382998765511217,0.5757924911527419,0.21625183031004608
SG_006129,0,0.13424389902246706,0.41538995550745217,0.12971556328750986
SG_006130,0,0.14212716425738262,0.41749550488149506,0.13357786546782502
SG_006132,0,0.10018762070394703,0.013936678078889826,0.009498479954764681
SG_006134,0,0.14649464326384054,0.46116581839431114,0.14971831729181415
SG_006135,0,0.18166243564857507,0.4915861214188249,0.17554317056993854
SG_006138,0,0.20743398833310742,0.550297308936927,0.21071748442815363
SG_006139,0,0.08933194594791344,0.2305712215867917,0.06470207669395707
SG_006141,0,0.12437570664070352,0.4778959728819157,0.14525709816618432
SG_006142,0,0.12421338202332081,0.4486807572840405,0.1357518217895657
SG_006144,1,0.2659340970941755,0.5095147928907752,0.21554317613507687
SG_006145,0,0.2415526155053107,0.6849100990956893,0.29824171192421717
SG_006146,0,0.08699074751049866,0.33367040418826033,0.08768947744920252
SG_006147,0,0.15728709132675942,0.4916116682402315,0.16517827573400623
SG_006149,0,0.12092055962758719,0.4318854784077401,0.12906052601122875
SG_006152,0,0.2295980027202201,0.6014442844272976,0.24484087575216462
SG_006153,0,0.11491298652914861,0.37492962737925484,0.10995274905506204
SG_006155,0,0.2016660619334177,0.5740308794805709,0.21899694957890267
SG_006156,0,0.1966401379725339,0.589495795606428,0.22398031267367413
SG_006157,0,0.16699914013520487,0.463964399257208,0.15928234772986216
SG_006158,0,0.17912244356424845,0.5090037547174245,0.18126389699547224
SG_006159,0,0.15057854550176555,0.4909990250362677,0.1619715168754208
SG_006160,0,0.13035032899935295,0.39076539245495623,0.12069489561455946
SG_006162,0,0.12571481153799388,0.41886989690399334,0.12720463079281338
SG_006164,1,0.19618215538823783,0.584010715390154,0.22116648759965002
SG_006165,0,0.09551653219191321,0.3511490623063878,0.09560603886762056
SG_006166,0,0.21410257801831678,0.5659050811487238,0.22070330539533733
SG_006167,0,0.18967327338878162,0.545153521160253,0.20073907719284026
SG_006168,0,0.15130281181578534,0.4653011780140549,0.15320314971868565
SG_006171,0,0.12966226404152095,0.38060954846480527,0.1174369779381652
SG_006172,1,0.20393885920972707,0.6086876964019124,0.23681580362367918
SG_006173,1,0.2366222258172845,0.6095735593872346,0.2521708918856016
SG_006174,0,0.13534003548908438,0.4713131221713948,0.14820629303591712
SG_006175,0,0.16190924784271044,0.4892438871868134,0.16632508365034407
SG_006176,0,0.13956523123009326,0.5081939480405341,0.16307460777780264
SG_006177,0,0.08897325231233448,0.26862224987020755,0.07325530458201589
SG_006178,0,0.1324761369260706,0.3566421294825427,0.11155824038652537
SG_006180,0,0.12217693701070553,0.3915611591883842,0.11763492120355562
SG_006182,0,0.20105026445758,0.5423329931785875,0.20446953986149122
SG_006183,0,0.14574652316209494,0.38569776161245556,0.1250755510303249
SG_006185,0,0.2922514721580332,0.6618065291695754,0.3067060784903509
SG_006186,0,0.10452609047364932,0.3472384527044413,0.09831690935916142
SG_006188,0,0.10847091517956835,0.4102740192440649,0.11710154858317535
SG_006190,0,0.1398728819177616,0.4673469511039887,0.1489132355184592
SG_006191,0,0.20223086633921364,0.5327651814226391,0.20083817917618205
SG_006192,0,0.16184189068192573,0.5323315919601718,0.18280651100878756
SG_006193,1,0.0921757915108213,0.33150971425837944,0.08933952598420225
SG_006194,0,0.11005829368723509,0.4760223483228385,0.1375337035032591
SG_006195,0,0.1645843692274348,0.557121627415889,0.19426951388013836
SG_006196,0,0.11095515670324572,0.40787607724015834,0.11753392150361183
SG_006198,1,0.19469541321939543,0.4305654806066313,0.1578760949602761
SG_006199,0,0.10615459466296151,0.27669169338001465,0.0810714243356339
SG_006200,0,0.11092183893720793,0.37519936496064726,0.10838652607086718
SG_006201,0,0.09789717219394047,0.4899863921794266,0.13539469843480773
SG_006203,0,0.1583031988512242,0.5402658243863672,0.1843142145065749
SG_006204,0,0.19605916891244649,0.6031752262642285,0.23033679275221072
SG_006205,1,0.12664177294814766,0.4797670137732082,0.14696927339052926
SG_006207,0,0.09605510286440931,0.351673918086559,0.09596658856964421
SG_006208,0,0.23201547732197333,0.6578695309255743,0.27697552704652045
SG_006209,0,0.26142007019225216,0.6375849286947859,0.2785709881961075
SG_006210,1,0.21624170951830926,0.6182415127692757,0.24748919679150225
SG_006211,0,0.11721481743034974,0.3860587702144716,0.11401732032379767
SG_006214,0,0.17984780345977083,0.7268834872516984,0.2933553008607874
SG_006215,0,0.16657914193614295,0.5563882922714263,0.19491795810217538
SG_006216,1,0.1873715399971081,0.4624283175154409,0.16680099795832454
SG_006217,0,0.10560288829163511,0.3753696567672582,0.10619839860719622
SG_006219,0,0.13162072232959923,0.5899407775378047,0.19088051422615482
SG_006220,0,0.12520279819586683,0.4606553964179109,0.14002319023574164
SG_006221,1,0.36745778458777467,0.6759293902657142,0.3478099951633279
SG_006223,1,0.11661086498026989,0.5273837855785491,0.15820266202267297
SG_006227,0,0.10542558284799303,0.35761732510205513,0.1013976870465228
SG_006228,0,0.1566965674384176,0.6294284433307553,0.22309493994398244
SG_006230,1,0.13927625529936785,0.42238029630284823,0.13396535342421695
SG_006231,0,0.09371246185648947,0.4662509424401131,0.1258941073809579
SG_006232,0,0.13239234986165485,0.43758758194309283,0.13588007625149814
SG_006233,0,0.2513686331153711,0.6286675017075369,0.2690600784251875
SG_006234,0,0.13165163652508385,0.3621828772104977,0.11284802878999693
SG_006235,0,0.11716539114869236,0.3715265194742309,0.10991641707018304
SG_006236,0,0.19579651459130668,0.5248778202040647,0.1947885726198422
SG_006239,0,0.1339794489598787,0.3652358908371973,0.11459401592620787
SG_006243,0,0.11018564793547715,0.4588229966838471,0.1322400372735082
SG_006246,1,0.19629593477726268,0.5754559708984193,0.2172251507358813
SG_006248,0,0.1428478471653353,0.4114192302573326,0.13194956146343964
SG_006249,0,0.15050741610349938,0.5019700409605699,0.1659369808290802
SG_006253,0,0.09757001040996162,0.4133062080052067,0.11286225514678278
SG_006255,0,0.11424320920813551,0.44150252747060276,0.1289178629107095
SG_006257,0,0.2554243550711381,0.6638923261840034,0.29155237128591643
SG_006258,0,0.12291340190297136,0.4644284752547888,0.1401637891713069
SG_006259,0,0.13007749964667603,0.4024578200995382,0.12407279420848738
SG_006261,0,0.1260956482584105,0.4480017023150193,0.13639290258603373
SG_006265,0,0.14844760635233895,0.5061110865412541,0.16651207872915574
SG_006267,0,0.11619640374546465,0.3970971768110651,0.11673309265630444
SG_006268,0,0.14739923473945604,0.5266556836561941,0.1737336549922052
SG_006270,1,0.211724237562402,0.5222992972867896,0.20029023862873685
SG_006271,1,0.14932685587840688,0.5213797219634836,0.17264557299235925
SG_006272,1,0.2625368098385768,0.5548016373617224,0.23536512468390186
SG_006273,0,0.28665383936513816,0.6910987541027829,0.32342018665107247
SG_006274,0,0.1662678787962625,0.5321037778221008,0.1847649268108457
SG_006276,0,0.13104349001570048,0.4074960491846949,0.1259869364253929
SG_006278,0,0.18301623050296353,0.618169364944859,0.2313947520156969
SG_006279,0,0.3145185935601915,0.6526504016334683,0.31046291429098133
SG_006280,0,0.1987344806527462,0.5914737776633961,0.22590263946734626
SG_006281,1,0.28985198510994287,0.6734183194470239,0.313090599084382
SG_006282,0,0.23713075847933004,0.5704068227318153,0.2326262161315234
SG_006285,0,0.10787318333187856,0.41081867399671407,0.11698504098804695
SG_006286,0,0.10239250173905749,0.415249432018802,0.11569772138608891
SG_006289,0,0.12473902189180668,0.34289129555437414,0.10486109882522339
SG_006290,0,0.1313005855302656,0.37389950750207657,0.11610983264029502
SG_006291,0,0.10037823760025072,0.1405524705989647,0.04657400234974246
SG_006292,0,0.1386218022744832,0.5441804779386689,0.17611458983327047
SG_006293,0,0.14980181229346148,0.45450410561217675,0.14886219827970765
SG_006294,1,0.25725844250218816,0.6606917343578149,0.2904306825703264
SG_006295,0,0.12942694871857294,0.4254122929352138,0.130793694284332
SG_006296,1,0.20293628457544058,0.6397250911661243,0.25258608832757296
SG_006297,0,0.1576386482795312,0.46818464634920715,0.15690250840033906
SG_006298,0,0.09452067950265795,0.27866941838327486,0.07756210301591042
SG_006299,1,0.1792051671252981,0.49521236913160555,0.17592069355323142
SG_006302,0,0.17733990539479927,0.46922290378828796,0.1653685877410464
SG_006303,0,0.10026382130145599,0.40120978499056714,0.11082521197529085
SG_006305,0,0.30636869676984696,0.6519442303696882,0.306582923374546
SG_006307,0,0.32307826504772774,0.5986092947476392,0.2819506965149467
SG_006308,0,0.14535865418506885,0.4273302404269826,0.13802598563988763
SG_006309,0,0.1778810195677812,0.5503413581973441,0.19764886088363953
SG_006310,0,0.15527795857344232,0.4377961183652935,0.1454730654898824
SG_006311,1,0.263064859863066,0.6297721539284116,0.27481480831594746
SG_006312,1,0.13138530936303425,0.561383722752332,0.1790369747072987
SG_006314,0,0.14991142853164618,0.4187165269841956,0.13706082109596318
SG_006316,0,0.10167594842599754,0.36403876514959915,0.10152545395244922
SG_006318,0,0.15702816317331955,0.5249051219211264,0.17763381837887102
SG_006319,0,0.08489147842831535,0.35326560467750817,0.0914770500782555
SG_006321,0,0.20194605280979003,0.5432973744565491,0.20527417770570314
SG_006323,0,0.10293335685321305,0.2870919063761912,0.08254196261268014
SG_006324,0,0.12814624659088533,0.43965121289258835,0.13467550769420347
SG_006325,1,0.1859873986864002,0.6928678741390477,0.27456022974300864
SG_006327,1,0.08644545479432958,0.3174357013157781,0.08361313418532786
SG_006329,0,0.13783537192325904,0.43813441561367567,0.1383882836080937
SG_006330,0,0.1044324928761446,0.35998703612008787,0.10161371524220107
SG_006332,0,0.14295626582740392,0.5944306816827862,0.19918334701595877
SG_006333,0,0.19555759337183432,0.538357525571423,0.2003906683260685
SG_006334,0,0.3128098755896389,0.6342449333794681,0.29846051477733254
SG_006335,0,0.1259631802534854,0.4323165207388622,0.13142792892311936
SG_006336,0,0.1996550068265759,0.5404815779129248,0.20306734325204528
SG_006338,0,0.1713337522884156,0.470781347408255,0.1635125592563967
SG_006339,0,0.3076972981424089,0.6157984293241364,0.28555581240215133
SG_006341,0,0.10227583478944739,0.3968030134185866,0.11054432957577254
SG_006342,0,0.10389235297784911,0.3205692480975611,0.09123403188105568
SG_006343,0,0.2410318266895416,0.7752090593794763,0.3658241951111784
SG_006344,0,0.12148688560134524,0.3253037488082809,0.0988880520482216
SG_006346,1,0.26366537032620857,0.607057879230665,0.26250262603051194
SG_006347,0,0.2038633287306797,0.5770024856723961,0.2213729892835481
SG_006350,0,0.08983229746426429,0.2161661988924929,0.06159080734219295
SG_006351,0,0.12379306333784228,0.39885889880965314,0.12042774494655732
SG_006352,0,0.2241449565138004,0.5669282316370975,0.22549012683234362
SG_006353,0,0.16128478962227222,0.5319980917135054,0.18241375474235838
SG_006354,0,0.31200710954799904,0.6153512733726607,0.28704264157831744
SG_006355,0,0.13222425217429323,0.4035216703489158,0.12526383008741593
SG_006359,0,0.09221065386766662,0.28341478629341954,0.0778526522603484
SG_006361,1,0.11009637266754507,0.4710548592092051,0.135989825640626
SG_006362,0,0.10606237180029389,0.3905178208687784,0.110512917123709
SG_006363,0,0.11075422828935598,0.40641090122859913,0.11702696464594355
SG_006364,0,0.2600843626730782,0.7114461333936591,0.32515258283079956
SG_006365,0,0.30058761490878144,0.6359139438861379,0.2943831597684415
SG_006366,0,0.15365081760467256,0.4361199847051933,0.1442588178469994
SG_006367,0,0.17717230771263706,0.4436470732298349,0.15606246615846336
SG_006368,1,0.29185581471123223,0.694999858860457,0.32845109532718636
SG_006369,0,0.09016847458425914,0.29575265705885323,0.07999171220167892
SG_006370,0,0.12167424411066231,0.40718977887875724,0.12199146350373999
SG_006372,0,0.09225101691519189,0.31191172629969593,0.0846296152593155
SG_006374,0,0.2527502063149079,0.5816707388507771,0.24469201582892186
SG_006375,1,0.1377031372665708,0.37189807871971614,0.11792833002791385
SG_006376,0,0.15499059859998185,0.482282626919695,0.16078644586806248
SG_006377,0,0.20870165389587625,0.5853052774504888,0.22749611800244135
SG_006378,0,0.10786516393015082,0.37766413255142184,0.10777873667264648
SG_006379,0,0.15547123401882187,0.42119396254583963,0.14003901576363315
SG_006381,1,0.1273051369986207,0.3658481019788509,0.1122681437519412
SG_006383,0,0.10590344532847897,0.3873523946041904,0.10957653564215147
SG_006384,0,0.21204838654821354,0.593298934023083,0.2328969931421875
SG_006385,1,0.2051373288147684,0.5488857324591843,0.20910412913066326
SG_006386,0,0.131067594892082,0.5023054835540901,0.1568391766616997
SG_006387,1,0.18966531139690157,0.5510340587453065,0.2032789562055681
SG_006389,0,0.09087454172864746,0.3203530023044149,0.08610868547836226
SG_006390,0,0.16249557002184534,0.3571656349657547,0.12217108068371846
SG_006391,0,0.14451420619756147,0.475142839657352,0.15365108079271453
SG_006392,0,0.1308426628823387,0.3660409818463331,0.11365848382558635
SG_006395,0,0.12581762739690594,0.3889314994306869,0.11834739565626003
SG_006397,0,0.09268476023161891,0.3660513512836731,0.09814292618930572
SG_006399,0,0.11302882244875312,0.3536416262904028,0.1033795534326868
SG_006401,0,0.09799961350415172,0.05504466442894353,0.02374610863109163
SG_006402,1,0.309362350049965,0.6075210870092853,0.28152250210829666
SG_006405,0,0.14526918340081993,0.42879683535335006,0.13846391800021338
SG_006406,0,0.2012070653119096,0.5563880448987422,0.21074426775590066
SG_006407,0,0.27266505012858183,0.6845491092048963,0.31264729597381186
SG_006408,0,0.10986175830294176,0.36509551673258894,0.105203369241899
SG_006409,0,0.31165141779598565,0.6468980328202162,0.30567900500639356
SG_006410,1,0.1284140162080438,0.4719689800180339,0.14521847208068558
SG_006412,1,0.11419347647405813,0.38824083001243614,0.11337340423712307
SG_006413,0,0.16986994163551472,0.41230029681892116,0.14252126495010875
SG_006414,0,0.12662193103828076,0.48758209125773433,0.1495860974262312
SG_006415,0,0.17520823850267567,0.5467885975887112,0.1949169482601225
SG_006416,1,0.10746185779380331,0.44700042327175293,0.12731647757087652
SG_006419,0,0.23951385917888368,0.6625104506346027,0.2833008721949402
SG_006422,0,0.16431344618861235,0.5404941647616485,0.18725183542405463
SG_006425,0,0.2757987622054419,0.5903983509069765,0.25864801921460395
SG_006426,1,0.15811144706231148,0.42758625751359536,0.14318049408408648
SG_006427,0,0.13110544789567616,0.4301877163923218,0.1329962225949637
SG_006428,0,0.13288583268918663,0.40117992885076115,0.12482226823559876
SG_006430,0,0.12101355004665504,0.47422122327792476,0.1424228911793271
SG_006431,0,0.14154626836082498,0.45260075729593985,0.14470543209983153
SG_006432,0,0.10826310760545022,0.28820877481519286,0.08464985777507707
SG_006433,0,0.10872077241966747,0.27688605322759663,0.08196801262909151
SG_006434,0,0.12854406253401546,0.31963769648596196,0.09979030698167517
SG_006436,0,0.18962088298878635,0.42075023575121245,0.15256304720718553
SG_006437,0,0.25695174338174404,0.6100144059081835,0.26124352943131984
SG_006440,0,0.1568011935704535,0.47339460575349324,0.15839261080965053
SG_006442,0,0.09093012268908003,0.2651398560052704,0.07313944568911852
SG_006443,0,0.16161733773068257,0.48621635686189835,0.16508581954239687
SG_006444,1,0.34991377369201815,0.6556210670830748,0.3270323658708114
SG_006447,0,0.3212132417230755,0.6980079776776528,0.3436115616444843
SG_006449,0,0.10674854710484875,0.4425671594563104,0.12564950839135056
SG_006450,0,0.208849267037577,0.6208158994923005,0.2453644236916141
SG_006453,0,0.11538255934193502,0.432785823999925,0.12682159990103334
SG_006454,0,0.09898680543032416,0.36933231178807807,0.10175698667156834
SG_006456,0,0.12202326858728356,0.3967381189660817,0.11907495106017314
SG_006457,0,0.12137474893113925,0.4098011433636234,0.12263499091210843
SG_006458,0,0.1685403683236341,0.7340702661819513,0.2914873932038723
SG_006459,0,0.10650578302294893,0.40416305599696417,0.11449116494065045
SG_006460,0,0.08283899021810286,0.2977717691927255,0.07760663878207552
SG_006461,0,0.13310006076069616,0.4720973384052824,0.1474417274134592
SG_006462,0,0.10313673331371043,0.30023104685593854,0.08585988897168703
SG_006464,0,0.16857137360369556,0.5579854145139497,0.19654695925867507
SG_006465,1,0.23672663116554005,0.6930830664446277,0.3012052084006238
SG_006466,0,0.18697716257743058,0.5327908065739466,0.1943146909433453
SG_006468,0,0.15389430568492912,0.43993684008388473,0.14563409012866746
SG_006471,0,0.16597802125423028,0.4629087791892265,0.15848901106188856
SG_006472,0,0.13401163807627725,0.3656676538114574,0.11473154492764827
SG_006473,0,0.19253074425593095,0.49362603781686365,0.1807674081762659
SG_006474,0,0.09050592345665458,0.3259040937095276,0.08729442932805064
SG_006475,0,0.11326188581683548,0.31901708302486265,0.09428549800797008
SG_006476,0,0.12478110698711779,0.439950564997051,0.13327286628268092
SG_006478,0,0.2045413984660629,0.5309276195510345,0.2010200507952061
SG_006479,0,0.3721060128002918,0.7089098526113419,0.37349552368003547
SG_006481,0,0.11644508785219672,0.38847023887865306,0.11438102324217618
SG_006482,0,0.273636207209984,0.5995675926053355,0.2626355645862074
SG_006483,1,0.09477572664192428,0.29986301159451684,0.08270485606473929
SG_006484,0,0.14572565646248348,0.49925357723360836,0.1627419176522446
SG_006485,0,0.10452139963745839,0.4209657984000606,0.11831478089020371
SG_006489,0,0.09165409658129625,0.22320717450656954,0.06374315377616042
SG_006492,0,0.2120053569925661,0.8512073523178634,0.4294672533318936
SG_006495,0,0.2185959201098879,0.6135680573954698,0.2461375195683452
SG_006499,0,0.29350813378867824,0.5780834914757788,0.25924933945057205
SG_006501,0,0.15274448005886862,0.4436697098398517,0.14642088206258902
SG_006504,1,0.091416855995598,0.3537497514170665,0.0944952477437606
SG_006508,0,0.223355180806745,0.48848495459979296,0.19069824169708818
SG_006509,0,0.2744731590840912,0.6285409327666998,0.2790338494600953
SG_006510,0,0.15718985039685773,0.45351365863489723,0.15159663502850687
SG_006511,0,0.1114675487968436,0.28145254115232327,0.08401898353113117
SG_006513,0,0.1392335572932839,0.49249916431575086,0.1573046046988793
SG_006514,0,0.1961010004919983,0.5360377324943751,0.19963222559246863
SG_006515,1,0.13250250429287294,0.5327528107381354,0.16860217444236367
SG_006517,1,0.20225511827937478,0.5222198125895576,0.19637313187732497
SG_006518,0,0.14935457617287498,0.48205620325189774,0.1582260946768892
SG_006519,0,0.2191465818152161,0.52095506517189,0.20270561192186645
SG_006521,1,0.12838908589175194,0.37697785235122944,0.11588576103740578
SG_006523,0,0.2739074886528136,0.6572807272915824,0.29582998090601503
SG_006524,0,0.19226074722736652,0.5207212272468403,0.1915709703966307
SG_006525,0,0.1901699129990718,0.5073913158127543,0.1852730519341424
SG_006526,0,0.14654225100466742,0.4197278504409042,0.13605420068677881
SG_006527,0,0.1322089498800517,0.4574905112534444,0.14220297160970816
SG_006529,0,0.2891518038971506,0.64463763912954,0.2947748865008209
SG_006530,0,0.1512248899057325,0.44011026101925943,0.14460766788533827
SG_006531,0,0.08651128718304445,0.21501848650235905,0.06033149057037673
SG_006532,0,0.12343696269576743,0.4794619248566078,0.14532033382797227
SG_006533,0,0.08891925938690703,0.31166646732875924,0.08325449368007727
SG_006538,1,0.14014851831005193,0.37961920090889567,0.12114133983785844
SG_006540,0,0.3365555552429944,0.7104644877561962,0.3593787250825883
SG_006542,0,0.08613445654907914,0.20055967926349352,0.05699616198250667
SG_006544,0,0.26324705277715693,0.6189757119164667,0.2688380408095333
SG_006546,0,0.16009538631618395,0.45155766029339806,0.1521078200678763
SG_006547,0,0.09222019848153169,0.0966689544310973,0.03420570328852506
SG_006549,0,0.11779957145088082,0.5940577921547101,0.18442919041843792
SG_006552,0,0.1970621592299828,0.5351164640987903,0.19965059556989292
SG_006553,0,0.11740620268025335,0.43743757096362396,0.12915497391180172
SG_006554,1,0.1835560894219734,0.6298493779604234,0.2376077046185145
SG_006555,0,0.09973157428047481,0.3239046297477655,0.09048106987990047
SG_006556,0,0.23495765854672937,0.6233833516980634,0.2588107627288108
SG_006558,0,0.08460572450507604,0.23190216136110317,0.06348869347545832
SG_006559,0,0.11907684734322688,0.4447889081720744,0.13217647720615364
SG_006561,0,0.2817513636598904,0.676214376709423,0.31130103555397476
SG_006562,0,0.10038108244811388,0.36302038106983675,0.10071097450032859
SG_006563,0,0.10829777054564434,0.25712427980799135,0.0769249325273276
SG_006565,0,0.34254074059476447,0.737111515394425,0.3826934511811542
SG_006568,0,0.100406531080018,0.3494787669021837,0.09722247103029359
SG_006569,0,0.17173152185860852,0.48492239505713713,0.16889624978214107
SG_006570,0,0.19334481491187142,0.5270088467255571,0.19464069470307097
SG_006571,0,0.14330495359332993,0.32318106430798343,0.10569318698539168
SG_006572,0,0.1074650624080964,0.36231178434662903,0.1034773181398589
SG_006573,0,0.14304513920074582,0.4205261423058313,0.13490883688452085
SG_006574,0,0.203150838082357,0.4636642087302162,0.17326866653674441
SG_006575,0,0.10426019944740546,0.3656652502157284,0.10304136537943134
SG_006576,1,0.15196981795863732,0.46414098773465645,0.1530858509024028
SG_006578,0,0.13755618922145033,0.3567746366420608,0.11343528734724694
SG_006580,0,0.10568277947058564,0.3573864575327583,0.10144191665172378
SG_006582,1,0.2479416932692056,0.663464506716763,0.2878291463378904
SG_006583,0,0.2583911486081452,0.6065810965190664,0.2600121674214912
SG_006584,0,0.2496576196369671,0.5447329413245974,0.22549631011629492
SG_006585,0,0.28576872755015764,0.6424645679664838,0.2920201162184046
SG_006586,0,0.21466603855343983,0.5638754911110944,0.2200038727260972
SG_006587,0,0.18186674999448052,0.44107385210093913,0.15692855807116082
SG_006589,1,0.3024256945917996,0.6148947973535065,0.2828979866602858
SG_006590,0,0.11228088796932367,0.5371091210354464,0.15925384175159535
SG_006591,0,0.2260803606144579,0.5198742332773753,0.20499155896767082
SG_006593,0,0.13107805064558053,0.4251303489208406,0.13140923732003304
SG_006594,1,0.21842996664659284,0.6063332468084082,0.24233128127434092
SG_006595,0,0.2646062340173366,0.6431512613111335,0.2832211216640794
SG_006596,1,0.10834107149133461,0.3688125713968453,0.10558148200997895
SG_006598,0,0.12633247750555612,0.4988978595504978,0.15330989752203916
SG_006599,0,0.12518566465642178,0.3512369364781407,0.10734639115150217
SG_006600,0,0.14418150585059542,0.4267404657116991,0.13735788690717698
SG_006602,0,0.095989135792927,0.20500677194639688,0.06080476303797636
SG_006603,0,0.1991756192012819,0.49034942167417417,0.18212649716682053
SG_006604,0,0.14959429654797646,0.5146549610968469,0.17022955006162493
SG_006605,0,0.1651210416801329,0.5127413266424447,0.17661022415798852
SG_006606,0,0.12051489044727322,0.3827317329349012,0.1144216355217908
SG_006609,0,0.19047158569995135,0.4985516942401956,0.18187539847997578
SG_006611,0,0.2549647807418349,0.6062387675216018,0.2583693380322775
SG_006612,0,0.21754578403792255,0.5920353355750333,0.23474600285980846
SG_006613,0,0.11501387625767252,0.34259463296443604,0.10117296152085921
SG_006614,0,0.24986273845454735,0.5781327374328631,0.24171983109340858
SG_006617,1,0.2681082187063481,0.6974228290714874,0.31919383478451596
SG_006618,0,0.14786884437981526,0.5013667648130735,0.1645020180540841
SG_006619,0,0.12862471006888743,0.32529180296508453,0.1013737150488418
SG_006621,0,0.11850812294759587,0.48175597234424383,0.143649456622659
SG_006625,0,0.23325360505900616,0.6696349334226428,0.2846437688431174
SG_006628,0,0.08390542476297176,0.2558576583829284,0.06857703206861608
SG_006629,0,0.14413423170820228,0.6157469113976752,0.2094810489810345
SG_006630,0,0.2569570005915611,0.5850192538524714,0.2481335992128975
SG_006631,0,0.19556381963485828,0.5877977098047602,0.22267061864883345
SG_006632,0,0.15945742175504043,0.3838550221516252,0.1294894647716072
SG_006634,0,0.14575120059903654,0.4337900308226689,0.14028350247678792
SG_006635,1,0.16487057027456475,0.37122750264883897,0.12738020504521977
SG_006636,0,0.09726528081590935,0.3911321320713462,0.10672878259816944
SG_006640,0,0.15972740984679276,0.4337811355296483,0.14588930593991048
SG_006641,0,0.28674531707045875,0.6685934408309648,0.308605964642753
SG_006642,0,0.3214477037311507,0.6357404571573577,0.30291298762790925
SG_006643,0,0.16849246690773087,0.49132429859387805,0.1699254301675642
SG_006646,0,0.17666495107053617,0.4135081191837801,0.14540436014616587
SG_006647,1,0.29295770075242666,0.6466260900735944,0.2976066927558597
SG_006648,0,0.10299441270553343,0.38398280114108924,0.10738910262035571
SG_006649,0,0.11632229501967571,0.4436533148602977,0.13054631201595993
SG_006650,0,0.1631556287428502,0.42530976471889437,0.1443689088846608
SG_006652,0,0.13490011206133623,0.4609940462137899,0.14456378401995398
SG_006653,0,0.10181220675137341,0.34065170197787414,0.09553210924873555
SG_006654,0,0.07350614518794542,0.2561774314525412,0.06486171204023555
SG_006655,0,0.2833663980520748,0.537562437811093,0.23504620466444825
SG_006656,0,0.1696840638149322,0.41641851343028646,0.14383635500746667
SG_006657,0,0.12175370184291429,0.4658386315984847,0.14006669867378746
SG_006658,1,0.16997495477639504,0.5287700201082289,0.18511567321179698
SG_006660,0,0.17680365675587748,0.5006463226165727,0.1770101477182359
SG_006661,0,0.10455511710885775,0.32335055928448997,0.09218967669298156
SG_006662,0,0.12142422234530355,0.37253781988335444,0.11189231838384908
SG_006663,0,0.10424605995204199,0.3321350336813765,0.09431174725878974
SG_006665,0,0.16496310054364208,0.3983439344038367,0.13612069648255432
SG_006666,1,0.17439786116130507,0.5486787898492747,0.19533980301580847
SG_006667,1,0.12325451176976987,0.4615918334488349,0.13941295813842514
SG_006669,0,0.11104393243776754,0.4175771629782804,0.12036128130639931
SG_006670,0,0.11720165699999918,0.48526783992923134,0.14414536913171788
SG_006671,1,0.1909076785775622,0.541895546641929,0.1998844843835966
SG_006672,1,0.27239721289753643,0.5806945918067924,0.2522178050265991
SG_006674,0,0.25947148410820636,0.69335598670866,0.31236906209889037
SG_006675,0,0.14481385100198974,0.5063086529068268,0.16488507705268382
SG_006676,0,0.12989295215267985,0.4586407674288238,0.1415296437231588
SG_006677,0,0.12483704813241336,0.36733709762477684,0.11174872472196211
SG_006678,0,0.20929091557697,0.5315589537947348,0.20326798334604015
SG_006679,0,0.08504072887187347,0.36987134519767617,0.09559934941712261
SG_006680,0,0.10118402974621342,0.3445999923735302,0.09628940902400142
SG_006681,1,0.1911995318018659,0.5248052217973573,0.19280985445988458
SG_006682,0,0.21273555638575056,0.42512727515631976,0.1622237822761438
SG_006683,0,0.12923302914797385,0.2948703552461533,0.09327227596811415
SG_006684,1,0.19947097328406596,0.5334880505847623,0.19998096907167984
SG_006685,0,0.08937943945617886,0.25586417701608405,0.07047340844267799
SG_006686,0,0.1194267045107963,0.3658215006583846,0.10922267786158438
SG_006689,0,0.10328435058625861,0.3026121773102027,0.08650490442438999
SG_006691,0,0.16406682004740344,0.46860667733746436,0.1597394498142196
SG_006692,0,0.07496444971264313,0.3540171861918523,0.08700520438788623
SG_006694,0,0.29696356201985846,0.7563633140332392,0.3777103394716939
SG_006695,0,0.18335737773327368,0.557619307226515,0.2032971782191684
SG_006696,0,0.16194628325972443,0.39578367536294723,0.1341981490222249
SG_006697,0,0.21050147727836685,0.5585107568679868,0.21574207234466494
SG_006699,0,0.23910568090312645,0.621925391935653,0.2598838722570753
SG_006701,0,0.20574515606752627,0.5938328754935136,0.23028508632954092
SG_006702,0,0.12615314149433574,0.4273498287722254,0.1299806389162678
SG_006703,0,0.15464279342973006,0.5266101285648689,0.1771767268247048
SG_006704,0,0.3008673189841655,0.6257705931001291,0.28852181035191904
SG_006705,0,0.09606998375374622,0.4174550379581917,0.11327258123438003
SG_006707,0,0.15997787534632657,0.5741868632969402,0.19929849742754824
SG_006708,0,0.14912421828515562,0.4290772337877587,0.14011384956432377
SG_006709,0,0.2327771118926706,0.7029946004460249,0.30584405581539686
SG_006711,1,0.17729916915672317,0.5369597413519682,0.19176412786697528
SG_006712,0,0.14537393974318646,0.5423689187116458,0.17883177594135594
SG_006714,0,0.11280679876774691,0.04943428705099266,0.02354303982181073
SG_006715,0,0.10011860141932383,0.3327100581746391,0.09284209755071907
SG_006717,0,0.12379002644378449,0.39787382659762305,0.12013746717666118
SG_006718,1,0.12297841871233699,0.415919859158544,0.12514274635817574
SG_006719,0,0.11881231704973873,0.5433187665944658,0.16518930607627724
SG_006720,1,0.19494626897346187,0.554041264660583,0.20694363526377893
SG_006721,0,0.18255630746282928,0.4294910267858187,0.15308357298993286
SG_006722,0,0.23267727856118536,0.5426984773637545,0.21777807917201963
SG_006723,0,0.10641574181412007,0.40552376809808416,0.11483147195541439
SG_006724,0,0.17478787353794512,0.5396470392200514,0.19174182513402535
SG_006725,1,0.21905665619570666,0.4648349346735911,0.179600030742656
SG_006726,0,0.11324399089331738,0.37087106686157445,0.10815285606908748
SG_006727,0,0.15288504591065283,0.46166578340834563,0.15261748930617705
SG_006729,1,0.20829604588071518,0.5417183405077591,0.2072815900265281
SG_006730,0,0.22894063515357174,0.49605518656126585,0.19594420157171155
SG_006731,0,0.23215344811021957,0.5441731559033481,0.21823953345650984
SG_006732,0,0.25146783648757826,0.6198928634125661,0.264242110821842
SG_006733,0,0.10004134413524397,0.44731218699031305,0.12369929148501707
SG_006735,0,0.27665991479427915,0.5833320944306574,0.2552980052877552
SG_006737,0,0.12131782405664669,0.3722017837361592,0.1117554649844443
SG_006738,0,0.10028087623074994,0.3490029677756678,0.09704877723838386
SG_006739,1,0.26900853214998643,0.6204942613846975,0.27214746055019917
SG_006740,0,0.08376735531210067,0.34858039095489635,0.0898420622606286
SG_006741,1,0.26315092595801687,0.624266271130205,0.27174491818462354
SG_006742,0,0.2231314956164744,0.612003119768532,0.24739690010182408
SG_006743,0,0.17488798104635847,0.40430429702267984,0.14165530039783616
SG_006746,0,0.12393990258609285,0.4593599931788525,0.13901853813216533
SG_006747,1,0.1735864752619075,0.5208216241050005,0.1835468365951946
SG_006748,0,0.16046057380012738,0.5400970463363611,0.1852731307382787
SG_006750,0,0.14519345058377606,0.4408422139640859,0.14236423435044834
SG_006751,0,0.2063784724256101,0.495550121972549,0.18704686326273565
SG_006752,0,0.24234530992238704,0.5757472448078614,0.23741169360999378
SG_006753,0,0.08584614988467991,0.3286696030227071,0.08601280468174881
SG_006754,0,0.19599241213913332,0.53466285367533,0.19899948924254734
SG_006755,0,0.18363829140267637,0.5200977401477868,0.1876404994077753
SG_006756,0,0.2483083052078736,0.5876034397625884,0.24584353355243493
SG_006757,0,0.13790361587586694,0.39349599489429177,0.12447561845246653
SG_006759,0,0.20565007485379694,0.5623099148907573,0.2153673958329188
SG_006761,1,0.23093441486896685,0.5992517316264206,0.2443086062359675
SG_006762,0,0.1476150833747339,0.48672998694456415,0.15910872065710605
SG_006763,0,0.3203065930380931,0.6803633438153336,0.3309803879144622
SG_006764,0,0.1311281226110739,0.4870413897498186,0.1515757641400463
SG_006767,0,0.10316814070325046,0.3482425530066478,0.09803044986055404
SG_006768,1,0.10342368213986353,0.3192492603527861,0.09072398076087959
SG_006770,1,0.16622105235803367,0.6380051057732279,0.23265576262387933
SG_006771,0,0.14136171797876937,0.4457233391860761,0.14235550502795166
SG_006772,0,0.15784338579140447,0.45311604254120014,0.15172769200315725
SG_006773,1,0.18173151738355262,0.6064066520544343,0.224953275941485
SG_006774,0,0.08328197385606481,0.27476443373010123,0.07257981400507646
SG_006775,1,0.1872407942653446,0.6450164960534626,0.24751804548730408
SG_006776,0,0.13185683585139982,0.47722240979658626,0.1485866746053956
SG_006777,0,0.14246946959682,0.5102882969520125,0.16523142979035693
SG_006779,0,0.08373845740157115,0.4196405224743672,0.10758327229638355
SG_006782,1,0.23502716627760492,0.6341316070839698,0.26475618078552554
SG_006783,1,0.158968100959493,0.4477023534490503,0.15032214874892255
SG_006784,0,0.15230386066528148,0.5269009575138245,0.17618083464417705
SG_006785,0,0.17040244674200364,0.4870142706878288,0.16912056221277577
SG_006787,0,0.07257957953316609,0.22278943829353803,0.05752923340423697
SG_006788,0,0.27243157993626627,0.5347494100595861,0.22959111189962386
SG_006790,1,0.21150264716916903,0.5014461444820785,0.1914655109866869
SG_006791,0,0.10592094916456514,0.5282564726840796,0.1524992059893868
SG_006794,0,0.11280757933465997,0.34367377302006746,0.10062210238802075
SG_006795,1,0.12581685600224793,0.3593995403303778,0.10987474143896614
SG_006796,1,0.3461433089811552,0.6818106224886176,0.3429717588276732
SG_006797,0,0.2479704921106578,0.5987185530749447,0.25141865411241265
SG_006798,0,0.14837316726340632,0.43590854417138414,0.1420509370825399
SG_006799,0,0.1197752256882359,0.43957459838833746,0.13089279528762796
SG_006801,0,0.08893754034961084,0.1416201640708236,0.044372686950213854
SG_006803,0,0.10840852924698229,0.22048704987508833,0.06795445840081625
SG_006804,1,0.13596095407042907,0.34227415227187885,0.10868623636734581
SG_006805,0,0.18387170945288545,0.548838916601541,0.19973221034188848
SG_006806,0,0.1350309255186207,0.4030725869434793,0.12625591227669333
SG_006807,0,0.09875025537946547,0.36588751720312085,0.10075853156661985
SG_006809,0,0.07792645605883428,0.30368884452026357,0.07693337896183258
SG_006810,0,0.1197941923058788,0.345501143755585,0.10375630340389656
SG_006811,0,0.1575169517653954,0.5209082397615635,0.17631045066789816
SG_006812,0,0.1634266790525446,0.4565176695921181,0.15518950929191908
SG_006813,0,0.19112378964444088,0.568222251311071,0.21155704778434117
SG_006814,0,0.18567612401820188,0.5397453059358882,0.19666619722584838
SG_006815,0,0.14745390276063106,0.48822984808670805,0.1595704397780474
SG_006816,0,0.1638984201180346,0.4796665208374257,0.16366491588771884
SG_006817,0,0.12950630712039088,0.5813233325316184,0.18606495923888722
SG_006818,0,0.16492720536434216,0.5404811594892893,0.18753425216227598
SG_006819,0,0.137455352228679,0.5043177572961779,0.16066097538846066
SG_006821,0,0.2704135755236882,0.5632205653649223,0.24259524920672487
SG_006822,0,0.28171474462122165,0.6601579528496065,0.30106012419718614
SG_006823,0,0.13213733193988647,0.6445472339652379,0.21609221280163265
SG_006824,0,0.1805947854002079,0.45004390029090063,0.15966017514780234
SG_006825,0,0.13028324571658909,0.4581735035333872,0.14155507894597943
SG_006826,0,0.16113853165096323,4.747069383806409e-08,2.1084714283116053e-05
SG_006827,0,0.15404112570673495,0.4694290824094917,0.15581338573960846
SG_006828,0,0.30992472085719336,0.6294227231540787,0.2943992908989213
SG_006829,1,0.11853506146342091,0.4399464234727836,0.1304385024861065
SG_006830,0,0.14795148081902135,0.4889317118678162,0.16004575640744467
SG_006831,0,0.18634241938319132,0.4757343939291048,0.17138689253493228
SG_006832,0,0.34519786436349986,0.6814078610576406,0.34229538634755474
SG_006834,1,0.14648263710227785,0.47553680457870856,0.15466195227104806
SG_006836,0,0.09816347452738079,0.19074127643217426,0.05805239112222922
SG_006838,0,0.22386433162537098,0.6023856306137563,0.24276960975266382
SG_006839,0,0.32179971604612834,0.6771902578253721,0.3294827010910506
SG_006840,0,0.15246604760934448,0.3747106263816407,0.12414160948576199
SG_006842,0,0.08480751383601638,0.24498273353246586,0.06646411137405915
SG_006843,0,0.1742221724075327,0.5668371486849964,0.2030615321292635
SG_006844,0,0.1370476110410431,0.4559873128008528,0.14386486963976963
SG_006845,0,0.19619619434501975,0.5254123129904639,0.19518069879056324
SG_006846,0,0.23222040431373592,0.591925467018295,0.24115537292486014
SG_006849,0,0.1261075343298505,0.4261270435596162,0.12958569609092677
SG_006850,0,0.2386151706316857,0.5453203335659668,0.22137336994164886
SG_006853,0,0.1912990051897857,0.5715038568475811,0.21312531303443094
SG_006854,0,0.11754240435533055,0.4699490186678843,0.13935087202713758
SG_006855,0,0.18838202397548473,0.5203383681145696,0.1897692634096738
SG_006856,1,0.23297472052433296,0.7457548044999833,0.33701928675807596
SG_006857,0,0.09455879393550382,0.3760383625541472,0.10153898564482534
SG_006858,1,0.11518790363143543,0.4534356233740148,0.13301658537158134
SG_006859,0,0.1261870094016857,0.3837279370622711,0.11698048972327499
SG_006862,0,0.08593967996070861,0.2974366887076024,0.07875431594269416
SG_006864,0,0.09991530239291119,0.35584348866133864,0.09865550620458181
SG_006865,0,0.10513769066848022,0.43434045263108473,0.12245438157247227
SG_006867,0,0.24136952091823485,0.5527115725769266,0.22592788695395494
SG_006869,0,0.20501707210461548,0.5152860178374994,0.19460419568419168
SG_006870,0,0.12798881485449828,0.4827276028128403,0.14860830598593056
SG_006871,0,0.11509070744528031,0.40504658208910266,0.11854079791400882
SG_006872,0,0.09923470483194607,0.4157250337055565,0.11432902913186115
SG_006873,1,0.14925725518907104,0.5604339308213931,0.1880616711519867
SG_006875,0,0.1447297713255534,0.44422125067803103,0.1432847318238564
SG_006876,0,0.19424292473067584,0.49983062167775505,0.18391934955561837
SG_006878,0,0.1513355460455221,0.44688718001476074,0.1469252708835039
SG_006882,0,0.15615699547274792,0.46980965055259044,0.156848866827291
SG_006883,0,0.2865782816528339,0.5456481761546426,0.24017580336025382
SG_006884,1,0.21200961454628361,0.5400495039928204,0.20810528200655837
SG_006885,0,0.2199219226532659,0.633011793215565,0.25711862039669287
SG_006886,0,0.11822195062610584,0.3528407706151577,0.10517036409559856
SG_006887,0,0.3238042766674518,0.6621907813058547,0.32044842039411775
SG_006888,1,0.1854554815596788,0.5329905421591213,0.1937333046846577
SG_006891,0,0.14191888372812955,0.45648257182371454,0.1461597230825848
SG_006892,0,0.15766388968789888,0.40512071747010103,0.13563866779163955
SG_006893,0,0.1221990354062702,0.33024321315195954,0.1004779502314965
SG_006894,0,0.22181247058169937,0.6000462202575831,0.24066173271856403
SG_006895,0,0.14126174096914534,0.43788248233619437,0.1397532893143029
SG_006896,0,0.10171506651679907,0.3303962334858266,0.09288513601228768
SG_006898,1,0.34877842897521355,0.6972985813937392,0.35501430744961215
SG_006899,0,0.15211911398153785,0.483537771854014,0.15997678354965184
SG_006900,1,0.30596410556365056,0.6749412773758735,0.3211516277428416
SG_006902,0,0.1273484996254829,0.4777762316475586,0.14664325178685772
SG_006903,0,0.097717863288505,0.3059776788680358,0.08528717991411705
SG_006904,0,0.2561329964131382,0.5892774902876776,0.24997489473050447
SG_006905,1,0.26577944673336024,0.5772584357788519,0.24779040133521338
SG_006906,0,0.14536201835751947,0.5856326489614361,0.196656656111737
SG_006907,0,0.1604175986024047,0.4731378706956934,0.15983604014856614
SG_006909,1,0.16919927703801055,0.5026289635351193,0.17451350657394546
SG_006911,0,0.17449430993931667,0.465831499158073,0.16298596601671048
SG_006912,0,0.1398805487808046,0.4548945190661737,0.14474477107678604
SG_006913,1,0.1270163406178759,0.3844414691873734,0.11751659559494661
SG_006915,0,0.22861900095938995,0.5651862630899338,0.22655768785267855
SG_006916,0,0.32898286205316885,0.6374927199079697,0.3070613119886767
SG_006917,1,0.10989480470214337,0.32138519785164466,0.09367661536151398
SG_006919,0,0.21017343543238043,0.5002952084309006,0.19047030410486684
SG_006920,0,0.09526045732974804,0.3759695914507036,0.10183707343588179
SG_006921,1,0.2301860388558242,0.5802826358706508,0.23449563775550542
SG_006922,1,0.17427012928510907,0.5369234069416928,0.190381081375725
SG_006923,1,0.25471661088505987,0.5545482535907879,0.2321501751756405
SG_006926,0,0.1445886175625476,0.4334129297240048,0.13968318089915033
SG_006928,1,0.30720993798788615,0.6858066315820709,0.32898103800478595
SG_006930,0,0.11356326195782274,0.18639054990476375,0.060852687746650834
SG_006931,0,0.11148005662828571,0.3891234878633731,0.11247116489383988
SG_006932,0,0.10186139482882661,0.31538455405790766,0.08916575219954581
SG_006933,0,0.0821847839835211,0.3362344000104576,0.08621024355334941
SG_006934,0,0.08793048972064323,0.4114455502547553,0.10760215344120092
SG_006935,1,0.15993953748546783,0.4919940241469569,0.16648286501085588
SG_006936,0,0.11733950067913342,0.2455211512124737,0.0767316603021324
SG_006939,0,0.22931454310731816,0.6102789372210364,0.24928839091333882
SG_006941,1,0.13293838453552811,0.4274536073586719,0.13292168491457468
SG_006943,0,0.11120815141575487,0.40408706914764325,0.11656692164965374
SG_006944,0,0.12232484232352041,0.42856274869444044,0.12867400045774968
SG_006946,0,0.17667173960919139,0.45785835083033666,0.16095660205741086
SG_006947,0,0.28477340565965575,0.7536267180348043,0.3695535864486055
SG_006948,0,0.10475160797485465,0.503064279296089,0.14338782673678044
SG_006952,0,0.09857257849634944,0.38638687052086695,0.10606274283557213
SG_006955,0,0.09682184917121091,0.24895525885303824,0.07132987082154796
SG_006958,0,0.16620556836949685,0.48125598597704666,0.165220185572598
SG_006959,0,0.25915974533199976,0.5718325354530612,0.24238265394264402
SG_006960,0,0.1158076987946377,0.23539840693605227,0.07373109414302734
SG_006961,0,0.12251571006903696,0.4429497172336566,0.13318422940818667
SG_006965,0,0.1720394149734901,0.5364050116934839,0.18915386832059825
SG_006967,0,0.3374411352374426,0.601492597720587,0.2891885458272051
SG_006968,0,0.23868748535774198,0.6131239327541215,0.2549637825104403
SG_006969,1,0.1361391003749165,0.35587703772634444,0.1126652439350826
SG_006973,0,0.12060134824985684,0.3073385701152824,0.09377564273025202
SG_006975,0,0.13335899970180423,0.5323508332096034,0.16889293075865705
SG_006976,0,0.13871717642536038,0.43032502556367697,0.13625686906620477
SG_006979,0,0.13543616162063885,0.483878656982842,0.15252660814995792
SG_006980,0,0.1672782863053832,0.48837385561424734,0.16830589648621755
SG_006985,0,0.24650756659235065,0.5798858928437272,0.2412009603978121
SG_006986,0,0.1366141832714591,0.5284076133727483,0.169072920585326
SG_006988,0,0.2278246549010207,0.5875423321750891,0.23705346313530395
SG_006989,0,0.18903671090206406,0.5528037029563836,0.2037687822170842
SG_006990,1,0.09872180342254729,0.3357942187155456,0.09306182238297143
SG_006991,0,0.3604213763702759,0.7123226383498464,0.37109231750837685
SG_006992,0,0.15523758887422778,0.4149055079631769,0.13789343930940426
SG_006993,0,0.2627426212307559,0.5582858698334013,0.23713914946562936
SG_006995,1,0.13449539305654487,0.481754304420535,0.1513585240761551
SG_006996,0,0.09838222908580797,0.41137467685637674,0.11272150410928292
SG_006998,0,0.08767811118046803,0.3284146739551723,0.0867246027484152
SG_006999,0,0.2726110680775034,0.6341016630128656,0.2814361547010619
SG_007000,0,0.16421715191813915,0.5072742309849204,0.17410555180200685
SG_007001,1,0.24239755120432008,0.5938209231348465,0.24650697761059936
SG_007003,1,0.11299587804055362,0.22874200823738552,0.0712719563521868
SG_007004,0,0.19630825537317056,0.5953327832089739,0.2266289961449595
SG_007006,0,0.10594602294457428,0.31182307623239974,0.08978320459760876
SG_007007,1,0.10339257109917153,0.37822590422893215,0.10601662375825187
SG_007008,0,0.19840912485720497,0.6406712326480182,0.25084960596478856
SG_007010,0,0.12860887402192875,0.4514033934794939,0.13861166973415742
SG_007012,0,0.1399492153274379,0.44962680989212844,0.1430337195617992
SG_007013,0,0.11216266273270958,0.3764135105393209,0.10923408914465939
SG_007014,0,0.20963178801978677,0.46334199399626436,0.17555682498975136
SG_007015,0,0.17078510347986497,0.5078119624785029,0.1772001263002584
SG_007016,0,0.09935105353322717,0.33289110309865727,0.09258325686957343
SG_007020,0,0.25436951805563357,0.576070183405027,0.2425461008891799
SG_007021,0,0.12665128231439715,0.4309974435191017,0.13132141198860411
SG_007022,0,0.10880668301545664,0.33209796725437063,0.09604938426289211
SG_007023,0,0.2626617044585289,0.5987147942895831,0.2576245453070743
SG_007024,1,0.21247697551127834,0.4501609293032303,0.17153089062721258
SG_007025,0,0.14168672010521363,0.537676773715328,0.17515349748235748
SG_007026,0,0.2156147798224933,0.49325215296017993,0.1897042909438695
SG_007027,0,0.13195775341984828,0.31627368252715704,0.10001049042847968
SG_007028,0,0.1527307060968676,0.49864263501415595,0.1657256558826536
SG_007031,0,0.14976622550912377,0.5107163808003885,0.16883507586973334
SG_007032,0,0.15545982400561376,0.44770071507710185,0.14889541435474962
SG_007034,0,0.287563884370766,0.6190995650627268,0.27917361189939593
SG_007035,0,0.13674171483560493,0.44165042887497735,0.13905429263496893
SG_007036,0,0.11041314608645897,0.3631097458678478,0.10489144093001714
SG_007037,0,0.08146959486502901,0.23262183692434066,0.06261693148620137
SG_007038,0,0.19863510323335998,0.6382745058536086,0.2496661587763406
SG_007039,0,0.12286791069423164,0.5396986073556794,0.16608380930657146
SG_007041,0,0.13378905843322658,0.46133691449955117,0.14417743910399625
SG_007042,0,0.1022636105278207,0.3043647552450238,0.08657000514697255
SG_007043,0,0.08545437708588653,0.2577263448930102,0.06953926241958508
SG_007044,0,0.08708622645107268,0.3987861329986598,0.10387807579191227
SG_007045,0,0.14956850965219096,0.5039444987011698,0.16623224701837241
SG_007046,0,0.1436979972726468,0.46609219941867197,0.15017977644985275
SG_007048,0,0.08318876398107411,0.38020967841566383,0.09726676123835239
SG_007049,1,0.18328715761294978,0.5840050411522022,0.21510596986784333
SG_007050,0,0.10164617332235533,0.3520576578569178,0.09839646400333481
SG_007051,0,0.2323167869304196,0.5269969872253604,0.2105750327087377
SG_007052,0,0.11821621637722395,0.42005063113788693,0.1242991302127554
SG_007053,0,0.08323307441346585,0.2185234409014863,0.06009658139778143
SG_007057,0,0.21111597505385915,0.5876926558313568,0.22973664115535428
SG_007058,0,0.21228246684063135,0.610510698733881,0.24164345318783342
SG_007059,0,0.14847452474557635,0.4940319042466249,0.16211537699541678
SG_007060,0,0.10471574287825715,0.40288611347397635,0.11332552941547298
SG_007063,0,0.17431228782991334,0.5220607419192059,0.18436321903762062
SG_007064,0,0.09069239100025211,0.28281320762430806,0.07715870903467675
SG_007065,0,0.29704068876403605,0.6210368856397717,0.28420386816251353
SG_007066,0,0.27185155895351426,0.5290562588023732,0.22669695487374122
SG_007070,0,0.13335760409804626,0.44706947758591553,0.13933234181262213
SG_007071,0,0.10775806940288424,0.4223277162533276,0.12022182727703735
SG_007072,0,0.22352713293477153,0.7060826300223257,0.3032218142859836
SG_007074,0,0.39023109385318583,0.6872880596847442,0.3651884194685114
SG_007077,0,0.1071917609800775,0.3138403808058473,0.09075018160103125
SG_007079,0,0.11480012754618091,0.37311353596964847,0.10940349320636199
SG_007081,1,0.18457197049650276,0.5406674574891515,0.1965664600291726
SG_007082,0,0.13488063079343673,0.39761072476484677,0.12453793831355527
SG_007083,0,0.3386348501905357,0.6543777278127321,0.32159588281287216
SG_007084,0,0.21084974152572486,0.658673363044141,0.2671470633166925
SG_007085,0,0.15651554494654998,0.4773889625752488,0.15969377244917407
SG_007086,0,0.16729873637655432,0.5077365738824458,0.17564425563573638
SG_007087,0,0.12152534638754908,0.3121038029342461,0.09535869342886376
SG_007088,0,0.11344529578029978,0.3370867540946821,0.09911134473204518
SG_007089,0,0.28372907840413486,0.668467860146759,0.3071910329234886
SG_007090,0,0.31386518395965873,0.6320570635662753,0.2975853338564453
SG_007092,0,0.09553560803192533,0.28837241988653006,0.08023198908205507
SG_007093,1,0.16495924752346416,0.5193016563378169,0.17909007868809199
SG_007094,0,0.10852198864687874,0.30752060565975403,0.08962123929645037
SG_007096,1,0.28275726400514395,0.648923653571784,0.29461051240732794
SG_007097,0,0.23930368641135571,0.5910153254383149,0.24375259649082862
SG_007098,0,0.15453241543885812,0.4553790810239406,0.15114051500730305
SG_007099,1,0.312478696175392,0.6841997391656318,0.3301923142538754
SG_007101,0,0.15847738437402692,0.5305779897445443,0.18053643218226761
SG_007102,0,0.1675442118088133,0.45240761821628317,0.1554001833703676
SG_007103,0,0.08567135592100832,0.23237605586938687,0.06393960947779308
SG_007105,0,0.12164444979159932,0.4890350160302442,0.14762261234158117
SG_007106,0,0.13527563543495724,0.4295251795787273,0.1345601805368198
SG_007107,1,0.2231004711563552,0.5045159261756926,0.19726422365649282
SG_007108,0,0.1286765062205598,0.4643591371509438,0.1428367375328655
SG_007109,0,0.13567758990978282,0.46292874544821594,0.14555422778377497
SG_007110,0,0.11416284526145515,0.36910201928849,0.1080387530976043
SG_007111,0,0.06517717199814226,0.31818533946712124,0.0743826082221192
SG_007113,0,0.28639908637467426,0.5548559094614928,0.2446485965984057
SG_007115,0,0.13305532445751334,0.529385389083662,0.16762968534498146
SG_007116,0,0.25546574094046187,0.5261724448333766,0.21917404548256994
SG_007117,0,0.28764121728169195,0.6962093398362784,0.3273769092110047
SG_007118,0,0.18849172969456598,0.4880946846167197,0.17697855850198785
SG_007119,0,0.3055096407736444,0.6467761489515149,0.3030237143879719
SG_007120,0,0.21294700803217292,0.5040027616112237,0.19308904168469843
SG_007121,0,0.23891272972880162,0.5267654979068213,0.2130606221499763
SG_007122,0,0.18510063402692944,0.5623743736635108,0.20618486864095525
SG_007123,0,0.17313709867500518,0.4995211946358717,0.17501683099982973
SG_007124,0,0.13831299904234554,0.4044064192422554,0.1279710921560925
SG_007125,1,0.21238730781529078,0.585209692416381,0.22910389176675286
SG_007126,1,0.21569881573326455,0.5841702711409646,0.2300747634875236
SG_007128,0,0.2678923297388631,0.6217864939866755,0.2723937600980478
SG_007129,0,0.12780608589752535,0.42531657451750826,0.13006974560610146
SG_007131,0,0.15948647264438964,0.49576809570122987,0.16768034188755548
SG_007132,0,0.22073692550594692,0.5165250205334824,0.20143690902272648
SG_007134,0,0.11229528529383903,0.35218674620777013,0.10270115300191958
SG_007135,0,0.10574469207707103,0.3984205723100866,0.11255090983662233
SG_007137,0,0.2236050748079799,0.5608142607677061,0.2223901473132035
SG_007140,0,0.26320366011825586,0.6126492457956481,0.26534082422921573
SG_007141,0,0.1348028460976929,0.3600054508591907,0.11337778927610492
SG_007142,0,0.17799968627227933,0.49131546684988114,0.17392332822821965
SG_007144,0,0.1469171801756254,0.34770755785468127,0.114048396800377
SG_007145,0,0.2623348224873911,0.5884768125473894,0.25213249669919063
SG_007147,1,0.15229465798527478,0.48664699974490316,0.16116944495258917
SG_007148,0,0.10607503935185934,0.20950665160867465,0.06463949669842517
SG_007149,0,0.15252964741325903,0.588866038414245,0.20189123814669968
SG_007151,0,0.18939346298067325,0.5167746375609015,0.18874253029186028
SG_007152,1,0.24208285106432656,0.6670536021434738,0.2872763623615821
SG_007153,0,0.0965912068070326,0.4021653613134168,0.10936731739843683
SG_007154,1,0.12922386797021787,0.3754017810228625,0.11575121213926431
SG_007156,1,0.14405232194831666,0.5272683745195611,0.17233866534285316
SG_007158,0,0.1273561196633644,0.5085474016041526,0.15718717394850512
SG_007159,0,0.14340860425063764,0.41766204845179533,0.13414456817336803
SG_007161,0,0.09346524051138555,0.31952845168097477,0.08694570701999695
SG_007164,0,0.2237446120141204,0.5217210691371501,0.20486862306158188
SG_007165,0,0.09316139905931349,0.299446178200415,0.08199848149077639
SG_007167,0,0.13622028044468076,0.59468408793466,0.19553231119492154
SG_007169,0,0.09821040060961567,0.14727402856434613,0.04774223926739697
SG_007171,0,0.13477981175165885,0.3784518835128586,0.11876963869592044
SG_007172,0,0.12289171602361142,0.3908137433003535,0.11771058971457649
SG_007173,1,0.2750149546049758,0.6310303338054959,0.28069587403081586
SG_007174,0,0.19052593287546146,0.6319996390882098,0.2422659120476987
SG_007175,0,0.2284854708450023,0.6317647846788923,0.2604331436041923
SG_007176,0,0.14253351863101116,0.40229373387080586,0.12897539996458454
SG_007177,0,0.2294111762030101,0.5062389673507872,0.2004251809736383
SG_007178,0,0.1074537712953173,0.40257732660053097,0.11447312959379978
SG_007180,0,0.2676858360205024,0.6709200906194059,0.3015481976831585
SG_007182,0,0.139190302556933,0.4729474274411854,0.15050876979963637
SG_007184,0,0.11387437212776023,0.3667874290126375,0.10728718254235448
SG_007185,0,0.17063002360232837,0.4177676874046949,0.1446416317914204
SG_007187,0,0.1865578435620758,0.6675795525487018,0.2597430235840417
SG_007188,1,0.18217603421526465,0.540052020781134,0.19524005711748454
SG_007189,0,0.21973357601381238,0.5932732044653871,0.23633578975276076
SG_007190,0,0.179425608227086,0.5390662143536472,0.1935957623993978
SG_007191,0,0.09437744028395884,0.4583480246415227,0.12394568953818404
SG_007192,0,0.12007163989366648,0.33171402527281246,0.10011288365739779
SG_007193,1,0.25587061965648245,0.5740054902201427,0.2421291553599694
SG_007194,1,0.21917843806379225,0.4869124812311938,0.18847889846123095
SG_007195,0,0.08445653341527691,0.3306204865619202,0.08588043032068733
SG_007196,0,0.19535275587420098,0.5508850204854022,0.20573378114831406
SG_007197,1,0.15683204114319352,0.49502964765700935,0.16623342501219338
SG_007198,1,0.24954006611239174,0.6558936392485499,0.28399282471155335
SG_007199,0,0.1754389739685811,0.5119823436298816,0.18085308141506118
SG_007200,0,0.12303271504589842,0.4556531383512611,0.13741366435663468
SG_007201,0,0.16945539373292587,0.5186928191092155,0.18086837457861554
SG_007206,0,0.09438064216849744,0.26658402880702275,0.07466526049669084
SG_007207,0,0.114228139741498,0.34977858988612875,0.10280460203371553
SG_007208,0,0.11214176858823345,0.28292128056541704,0.08461293464647097
SG_007209,0,0.12631855204451378,0.4090954555137016,0.12451415348293063
SG_007211,0,0.15420153517095525,0.4962592277424673,0.1655124509577128
SG_007213,1,0.21907999496878386,0.5773644665342054,0.22827947266625745
SG_007214,0,0.12643247831086182,0.5697651841076514,0.17962503704096097
SG_007216,0,0.27985072252335913,0.5889772706107388,0.2595400091112468
SG_007217,0,0.13770627025873708,0.45870529483332034,0.14505517760889347
SG_007219,0,0.11116626600802025,0.4944836045269143,0.14405187268890476
SG_007220,0,0.12990639788552127,0.40338217651492403,0.12428083832195713
SG_007221,0,0.08301898972956225,0.3512574720037506,0.09014312161235016
SG_007222,0,0.10109898426743341,0.32335764006110157,0.090872557215691
SG_007223,0,0.13724167409301286,0.5012713172899037,0.15946954407046793
SG_007224,0,0.18523236209450822,0.4977291833882738,0.17939991681941103
SG_007225,0,0.09542314903918347,0.33702107188198327,0.09203039504184808
SG_007227,0,0.09402890267336102,0.4334566219387117,0.1166772039078796
SG_007228,1,0.1309828997374613,0.5026329095377244,0.1569126478579827
SG_007230,0,0.10293975530314599,0.3120318259288248,0.08872960103781033
SG_007232,0,0.12439445576939007,0.3678151536338458,0.11171389010557113
SG_007233,0,0.1532068602465075,0.4338852014831533,0.1433366871199251
SG_007235,1,0.29510685654726143,0.6776474065273251,0.3181825284020407
SG_007236,0,0.23533012520961005,0.6243349412719865,0.2594964980337607
SG_007238,0,0.23915660863310806,0.5722047535210769,0.23434533810244212
SG_007241,0,0.11904649935519111,0.36008685893287296,0.10748222084063797
SG_007242,0,0.17367964092927154,0.5593949610695885,0.1995721302486359
SG_007243,1,0.15335766395312408,0.44585798385931674,0.14740992331135733
SG_007244,0,0.12776808592518993,0.3687717255860086,0.11328089801095904
SG_007245,0,0.09134545754533442,0.3957906614996714,0.10517735472622304
SG_007246,0,0.10314048736146246,0.37083068995518537,0.10393720248066013
SG_007247,0,0.1743222374093459,0.331116147560095,0.11784557037927651
SG_007248,0,0.22180821534829032,0.6158588121855691,0.24880945238693727
SG_007250,0,0.22704124188092534,0.6284088093935949,0.25792845515759044
SG_007251,0,0.12754992964045317,0.33168740402615193,0.10276629337199453
SG_007253,0,0.27503642268320866,0.578458384612667,0.2521275767675046
SG_007254,1,0.29336574608385146,0.6958435908426961,0.3297174109445031
SG_007258,0,0.16557092171246768,0.4610570861342999,0.15766425046071528
SG_007259,1,0.27344564349735107,0.5314348646548469,0.22841058590925561
SG_007260,0,0.14766042030400128,0.45762448099220476,0.1490141716910234
SG_007261,0,0.11774934368074647,0.4232326178099205,0.1250381481047822
SG_007262,0,0.10309586850033547,0.3750329866836886,0.10503549036076104
SG_007266,1,0.32683610419229897,0.7097528164280065,0.35459031046581635
SG_007267,0,0.11523952383080378,0.18085730154401197,0.05985871178979126
SG_007269,0,0.21115613677097075,0.5745947583870699,0.2234873289864317
SG_007270,0,0.14784923817911436,0.5450526414156642,0.18112889155534234
SG_007272,0,0.1548639621244168,0.4742322000966986,0.15785988209861848
SG_007273,0,0.16783593616461753,0.3631464518848586,0.12582552291156807
SG_007274,0,0.13489080303883427,0.40117898208778174,0.12562380249544147
SG_007276,0,0.08986833724197618,0.3781657157104964,0.09993494355918794
SG_007277,0,0.09455582741600843,0.2661239374303986,0.07461706846966275
SG_007278,1,0.15753191366786437,0.5444602707824874,0.1856371385967639
SG_007279,0,0.25228176710287614,0.5603890813297905,0.23398899589951594
SG_007284,1,0.21092071980724178,0.5572893000547392,0.21536603725624626
SG_007285,0,0.1372563653831691,0.5255829714220188,0.16833942002703703
SG_007286,0,0.18424580157674872,0.5129921648005195,0.18503335935468468
SG_007289,0,0.10585132636325793,0.26580961693325894,0.07828927045507546
SG_007290,0,0.11569280695577676,0.3804160289463246,0.11180107521171333
SG_007291,0,0.08435633542199016,0.2593110996219281,0.06950763954929993
SG_007292,1,0.25534339629544883,0.5015496623420542,0.20812324372807886
SG_007293,0,0.15572685214587664,0.5571929423796851,0.18997150824036213
SG_007294,1,0.28247047114274754,0.5821975719662141,0.25703443784061486
SG_007295,0,0.14548152530687755,0.48395783930458414,0.15716541167922893
SG_007296,0,0.14793030059250434,0.3644960126774543,0.11941702830657541
SG_007297,0,0.18161970037903066,0.5970765222012783,0.22041958410981927
SG_007298,0,0.12334564977947866,0.4415119183519967,0.13311325016895753
SG_007299,0,0.10888602901477978,0.4168117977451291,0.11915677697644896
SG_007300,0,0.1370509580694069,0.3927325051138723,0.1239131768148009
SG_007302,1,0.3302173843708016,0.5779169871449544,0.2733189549466802
SG_007303,0,0.26159558780325864,0.6335536329688245,0.2763293651076246
SG_007304,0,0.16093587306804155,0.4791996694574785,0.16223782191176553
SG_007305,1,0.2781733526232835,0.5720246756118904,0.2500849917377509
SG_007306,0,0.11053827704579007,0.39423575910237485,0.11349527500147168
SG_007308,0,0.165868467123649,0.41211643627686845,0.14098449916021896
SG_007309,0,0.10889521531136521,0.23454316930166488,0.07154112951578567
SG_007311,0,0.11746550686113426,0.2929623007246751,0.08894943140044505
SG_007313,0,0.2886914477965851,0.6100358481888601,0.2745484273472796
SG_007315,0,0.14461224639063594,0.4418507493953015,0.1424536978153518
SG_007316,0,0.13831872838546955,0.4327614136027897,0.13686844483971455
SG_007317,0,0.13307347221198199,0.3666121086349897,0.11465761429015016
SG_007318,0,0.12287798533192534,0.3551851255052858,0.1075855160468019
SG_007320,0,0.32188365546548425,0.6717802974409706,0.3259109026486323
SG_007321,0,0.10678241974116286,0.34077390199836827,0.09752823407355929
SG_007322,0,0.1285252309870871,0.4815725326992275,0.14847635580971338
SG_007323,0,0.14964829513382996,0.3627479488955009,0.11949301789310597
SG_007324,1,0.14550514718855512,0.4325073982887115,0.13976464664364385
SG_007325,0,0.15068643432958598,0.4522442716031065,0.14846649592341973
SG_007327,0,0.0851246271330235,0.3851916373091533,0.09945261765585912
SG_007328,0,0.1092053166719819,0.40341679017870324,0.11549027682236712
SG_007329,0,0.2331585297321915,0.6181514837958563,0.25517936329061797
SG_007330,0,0.12128279076698649,0.42579760512547205,0.12737526734293164
SG_007332,0,0.10532759957738284,0.34311650520055254,0.0975653976086512
SG_007335,0,0.32361237726212466,0.5964762060465687,0.28096758125980426
SG_007336,0,0.1613939721461587,0.5051913335306484,0.17205792965521785
SG_007337,0,0.1753795672393902,0.5488257968157045,0.1958550294072484
SG_007339,0,0.12056587881879223,0.36385707581533683,0.10911895840984503
SG_007341,0,0.2610129003619092,0.5461746697619915,0.23062806542510936
SG_007342,1,0.12918970709846886,0.44969987170979675,0.13832736898432962
SG_007343,0,0.11860944606299313,0.37671142693926846,0.11194752321200985
SG_007344,0,0.2143335209539271,0.4379823810792179,0.16757398796965708
SG_007346,0,0.11029574249749263,0.328694537225944,0.09572332047344839
SG_007347,0,0.11179818077577867,0.3808631579201612,0.11031069945942666
SG_007348,0,0.12023368089101759,0.427920354184895,0.12755133180358222
SG_007350,0,0.22373814439369955,0.5758978725221197,0.22959413974958756
SG_007351,0,0.12043200753229322,0.3857233759649049,0.11524210428339932
SG_007352,0,0.10858242768062419,0.378951159596072,0.10843273944108173
SG_007353,1,0.1883893703636932,0.5316842165199809,0.19446622022308063
SG_007354,0,0.09947736785820938,0.29892747543594905,0.08421464610270192
SG_007355,1,0.12840080016073419,0.40345608652942766,0.12368748544646439
SG_007357,0,0.18843527240298585,0.4801402887152096,0.17389410792888715
SG_007359,0,0.18250901011297385,0.5007315122848469,0.17944376589099342
SG_007360,1,0.23878736936355113,0.6381435136628895,0.2687313766694976
SG_007361,0,0.2648701130595117,0.5874109328729956,0.25262410162059606
SG_007362,0,0.28749644250383466,0.6608042253386837,0.30400094660472377
SG_007363,1,0.09863286215282958,0.3661655166803499,0.10078004681702786
SG_007364,0,0.09991836585062042,0.3844695506528092,0.10615703886946777
SG_007365,0,0.27336449001955326,0.6165846812830915,0.2718145939847244
SG_007366,0,0.11608865466734597,0.48928485035090075,0.14490105764740144
SG_007367,1,0.19894606744582663,0.5775033109321673,0.2193835279568528
SG_007369,0,0.18800543399208836,0.5439704295168212,0.19949379392427996
SG_007373,0,0.16903672958509927,0.5262846427489272,0.18369464646790673
SG_007374,0,0.12813426197171335,0.4020208046989242,0.12314931050800948
SG_007376,0,0.2514774237589778,0.5900390895595482,0.24841912365341443
SG_007377,0,0.15932711113339415,0.5072329785184294,0.171905464749563
SG_007381,0,0.14877616601075352,0.369291016767253,0.1211686724183303
SG_007382,0,0.24714733334650726,0.5551274024098004,0.22940029661218764
SG_007385,1,0.2684311316546362,0.6475086685070031,0.28749037230109087
SG_007386,0,0.15281964950976068,0.4682621970529463,0.15488240121529515
SG_007387,1,0.36525137179253103,0.6921800231404075,0.3583055727317089
SG_007388,0,0.1184812914898632,0.3710174135059696,0.11029956287415678
SG_007391,0,0.09969106877258511,0.264813950898853,0.07603320903293471
SG_007392,0,0.13983847284941908,0.3962253628246024,0.1260579421714453
SG_007393,0,0.12270432868110344,0.40107698786266344,0.12062666670811766
SG_007394,1,0.11400615888981967,0.3055393061787488,0.09104189496121934
SG_007395,0,0.09661447624967767,0.32218138583107997,0.0888370401496679
SG_007396,0,0.16191193950763894,0.46234556990539843,0.156622193627836
SG_007397,0,0.10146644308566956,0.32366661227675103,0.09109149567168938
SG_007398,0,0.09836846360215157,0.40939273007152155,0.11217168777793968
SG_007399,0,0.2998912125253625,0.5967527230016801,0.27175742372568296
SG_007400,0,0.0862769780716492,0.3917999401684211,0.10168790221738118
SG_007402,0,0.3295506436494065,0.5902162530180791,0.2797952170583656
SG_007404,0,0.16505088836190598,0.42509162720848803,0.14501939546130663
SG_007405,0,0.25421248455668793,0.6292251373186902,0.2706287862111829
SG_007407,0,0.347220863641658,0.6492180213067582,0.32181925608634704
SG_007408,0,0.14879102695077087,0.4996303297454052,0.1642924653926043
SG_007411,0,0.19020337315945346,0.5456533149167193,0.20118840175608738
SG_007412,1,0.3130933071552147,0.5739469959203337,0.26466107629185964
SG_007414,0,0.16117711833146614,0.49394752190574165,0.16774685221659572
SG_007415,0,0.10002890196724622,0.43385153084651895,0.11981209259103673
SG_007417,0,0.16018331368246727,0.4717707437735996,0.1592484548681121
SG_007418,0,0.12646861592635908,0.37380882983327834,0.11422675448034739
SG_007421,1,0.1747393115991405,0.5258905950651461,0.18609258624912683
SG_007422,0,0.15414576173589123,0.39890732741277385,0.13233247134929094
SG_007425,0,0.14058017870458187,0.3912372546292468,0.12482023616624088
SG_007426,0,0.22486332988828203,0.7403304877494479,0.3285077292971887
SG_007427,1,0.20751374805512368,0.5388449992594333,0.20569240984946957
SG_007429,0,0.2777516087976574,0.6685109211466062,0.30455761806410186
SG_007430,0,0.21611596788058754,0.5520649652004437,0.21520420526794537
SG_007431,0,0.27418405156910547,0.6210754361130776,0.27467361799167367
SG_007432,0,0.1262283623876156,0.41248068314672864,0.12549292660397718
SG_007435,1,0.17775823175509564,0.5739415608386266,0.20789218478304536
SG_007436,0,0.15337371105581257,0.4783982490278363,0.1586938536260526
SG_007438,0,0.18480429169059454,0.5004355549869933,0.18028378232592382
SG_007439,0,0.10661077220083849,0.31077836315111923,0.08976069463643674
SG_007440,0,0.23257541828126824,0.7230298160716903,0.31973031439914784
SG_007442,0,0.18076294046299282,0.42121584105993337,0.14953858088262809
SG_007444,0,0.10982213178244865,0.30322314544566736,0.08898653456369762
SG_007445,0,0.21921295798249954,0.5951751983691798,0.23705042879351784
SG_007446,0,0.19286362514083033,0.458774795580631,0.16754289115232127
SG_007447,0,0.11824465832857552,0.3642566944274618,0.10832447109240714
SG_007448,0,0.18141927024051738,0.5591034029430179,0.20305391116834606
SG_007449,0,0.1960814307287352,0.5024977568353943,0.18573412999318578
SG_007451,1,0.2984845955416807,0.6455937038554103,0.29933080269039514
SG_007453,0,0.23734062142346177,0.48639625479203913,0.19503322383350136
SG_007454,0,0.1892513570532622,0.5096725199703902,0.18580739991056533
SG_007456,0,0.11673674012161972,0.27738007466941494,0.08468551107925211
SG_007457,0,0.1408298250214806,0.3339631249068829,0.10797212484917935
SG_007458,0,0.0839839271433212,0.12045204403909082,0.03841699832044722
SG_007459,0,0.12053001742780578,0.4726080062126421,0.1416638730447967
SG_007460,0,0.28774787546986996,0.7497583242746535,0.3677823112648214
SG_007461,0,0.11763384040512759,0.4431671545913468,0.13100854633302342
SG_007463,0,0.15902712587350154,0.4663044279727162,0.15682200341230962
SG_007465,0,0.17997767183084204,0.5913393286261288,0.2169161707387498
SG_007467,0,0.08834705784833095,0.35591859109601726,0.09367766333201645
SG_007468,0,0.11257590162287458,0.48251870724317236,0.14089771609355337
SG_007471,0,0.12338357928829152,0.4690347489574368,0.14187689741000767
SG_007473,0,0.10568498808556719,0.3818605734627367,0.10798683442293733
SG_007474,1,0.11343152707403209,0.41292091180638985,0.12008638672788388
SG_007475,0,0.1250009498839191,0.4098218922149635,0.12417873277533473
SG_007477,0,0.11770910827021641,0.3355065298678916,0.1002741650630557
SG_007478,0,0.14369981285422986,0.47182882051970837,0.15214481900112753
SG_007479,0,0.14429471361680316,0.4664639621658747,0.1505684547136952
SG_007480,0,0.15766148895661686,0.4686511429360161,0.157076916732496
SG_007481,0,0.11510347660411614,0.2990135476609617,0.0897278474046726
SG_007482,1,0.2325999261508239,0.5832108126346509,0.23697170821373903
SG_007483,0,0.12652305145147288,0.4172936060332598,0.12707133761424627
SG_007484,0,0.19414682195391655,0.5902867371789422,0.22319195522006557
SG_007485,1,0.24619469360232835,0.46855497214331165,0.19081709040289868
SG_007487,0,0.1546974099731031,0.3755302548136694,0.12518816980468414
SG_007488,0,0.12937321667939353,0.39720696088002566,0.12221741971167019
SG_007491,0,0.25327316925456894,0.6316049899701818,0.271555138503967
SG_007492,1,0.27340819967167906,0.6245741262007986,0.27631944772972106
SG_007493,0,0.14255494531295856,0.5769527185515568,0.1914421147473578
SG_007494,1,0.19330289131743836,0.5618440910656859,0.20967749287039816
SG_007496,0,0.12055589360698464,0.3475757417104078,0.10460914963563776
SG_007497,1,0.09314171184746252,0.45769445444606865,0.12308970798989148
SG_007498,0,0.13247556412809458,0.44095843201093476,0.1369877330627021
SG_007500,0,0.10722815310395134,0.33560417425966466,0.09635729695380492
SG_007501,0,0.1026309742847985,0.39372515420989,0.1098655416042656
SG_007502,0,0.2288714809826148,0.5619187154646229,0.22512006677139307
SG_007503,0,0.14897484002279807,0.4936653192845135,0.16221026022755372
SG_007504,0,0.13534277092233393,0.40676396715213914,0.12750886280884574
SG_007505,0,0.15647563964896935,0.44182166758341723,0.14731145192009332
SG_007507,0,0.1730073250606987,0.5305515896911664,0.18720460816937678
SG_007510,0,0.13377935595713472,0.4800617498966378,0.15044677635917159
SG_007511,0,0.10933216984489731,0.25184433028463005,0.07593814493964744
SG_007512,0,0.09002327823817423,0.4763051051127189,0.12678740178455403
SG_007513,0,0.14063111383424332,0.4321454491665632,0.13763680527416874
SG_007514,0,0.07751957036403707,0.32144268708120505,0.08074680388419776
SG_007515,0,0.10564220667841351,0.4122560723235505,0.11637075530453747
SG_007516,0,0.10280167565416044,0.46629804698535776,0.1307688607250517
SG_007519,1,0.13361806336362872,0.4712529673201034,0.14739719398900603
SG_007520,0,0.1129849648995403,0.4479771421025148,0.1302867107919447
SG_007521,0,0.14271352860380837,0.390690781618216,0.12546653315003908
SG_007523,0,0.17112749916993045,0.48862637414585575,0.17002962966011503
SG_007525,0,0.10227621387780435,0.39375655252397096,0.10971445826169009
SG_007526,0,0.12208277854254433,0.40154640332341907,0.12050459224501038
SG_007528,0,0.14227450911673342,0.39190280459397786,0.12567083089729547
SG_007529,0,0.08335456796516912,0.3176173610613509,0.08237361965937047
SG_007530,0,0.14505881591675465,0.541714404267325,0.1784170056349587
SG_007531,1,0.1272975587459929,0.27551247361839204,0.08748228240998306
SG_007532,0,0.16087727327224918,0.33835707838749607,0.11586333379624195
SG_007533,0,0.14350754004205127,0.4339603265874834,0.1394153204770199
SG_007534,0,0.2775726009272779,0.5801780500469943,0.25402898788739253
SG_007536,1,0.1776485700815631,0.5441056443916954,0.1949042170084287
SG_007537,1,0.17129560225335919,0.5920820017065695,0.21297657947544332
SG_007538,1,0.20509310115835608,0.5501105839413056,0.209629418365201
SG_007539,0,0.12267785112174491,0.4544775346705318,0.13687587629680667
SG_007541,0,0.17094496800200276,0.48029982383083597,0.16685004483539215
SG_007542,0,0.36699300847440935,0.6755648169401319,0.3473672263115285
SG_007543,1,0.09216192867542232,0.33069442904685586,0.08913499945954144
SG_007544,0,0.26485680018823127,0.6074589651187775,0.2632218560452543
SG_007545,1,0.2405267811259755,0.5718849174678969,0.23476067712371618
SG_007547,0,0.1141581904671558,0.28211931520012057,0.08506931527897471
SG_007548,0,0.17085440393156437,0.528998704762302,0.18560544626293726
SG_007549,0,0.11675994086737884,0.40903786180104523,0.12042237103151643
SG_007550,1,0.17344199755824388,0.5433605989235394,0.19266994407427768
SG_007551,0,0.19660597332497995,0.5541672857524568,0.20773277880769742
SG_007554,0,0.195291688092895,0.5209742166659684,0.19295111274571364
SG_007555,0,0.1858173671001774,0.424644465845809,0.15256885491566258
SG_007556,0,0.15211313461606546,0.6206611441765489,0.2162856508974696
SG_007559,0,0.19151446019176865,0.5838915506260512,0.2189401948761515
SG_007561,1,0.1525432934866537,0.4573477541481484,0.15098583605762106
SG_007562,0,0.3958255664444923,0.6495358514879959,0.3415768761339078
SG_007563,0,0.17640769544499993,0.5311850522997801,0.18898749808716117
SG_007564,0,0.16186568333058168,0.5062946415253795,0.17268662829135528
SG_007565,0,0.0908324237118107,0.2173359814081662,0.06215568240344295
SG_007566,1,0.31475581064027697,0.6133327032975286,0.2869906813446524
SG_007567,0,0.09742892361003903,0.2252129969703888,0.06593989015446411
SG_007569,0,0.18652080264862458,0.4477594859368338,0.16108816091691552
SG_007570,1,0.1340518160054686,0.5181079852928534,0.16397815029169077
SG_007572,0,0.14925149187219897,0.4995711817968633,0.16448202295455058
SG_007574,1,0.12950741138490204,0.398615271185703,0.12269138362975542
SG_007575,0,0.27051536191032,0.666375723623854,0.2999624095838617
SG_007576,0,0.19142980742737326,0.44990030368220335,0.1637149996446858
SG_007580,0,0.2164997339529188,0.5883276287707516,0.23245556665609704
SG_007581,0,0.14581385784415116,0.5675783406499312,0.189242861636036
SG_007583,1,0.12893003542648612,0.4320292753590116,0.13263318483914685
SG_007584,0,0.231147614743985,0.5976630909716824,0.24359200589884414
SG_007585,0,0.21298728641421227,0.6329684559565554,0.25380252378783036
SG_007588,0,0.1476148997156562,0.43695071452874734,0.14208384480906278
SG_007590,0,0.2861680980022289,0.6127880278016173,0.27504313057758234
SG_007592,0,0.07438292962693488,0.330797031051968,0.08144470590829861
SG_007593,1,0.08160478061181857,0.2544562270549689,0.0674530160092489
SG_007594,0,0.11441656801981663,0.46144439626701544,0.1351332337001389
SG_007596,0,0.1598466874692447,0.45945144342985844,0.1547533592306475
SG_007598,0,0.11646147798066127,0.5416740505291681,0.16326878392833247
SG_007600,0,0.22165434787446522,0.5687513589265053,0.22528934013153143
SG_007601,0,0.1791722932626595,0.5221359920255852,0.18652956674537946
SG_007603,0,0.13286710638280644,0.4762209724511244,0.14872036642705908
SG_007604,1,0.10368305948789398,0.32416362481673644,0.09206505740230651
SG_007606,1,0.23549453746214286,0.620739293800713,0.2576211964414612
SG_007607,0,0.1020027290517068,0.4308036255948692,0.11991217153696676
SG_007608,0,0.09725756836907569,0.29524283985132993,0.08250900817488628
SG_007610,0,0.2893487209938687,0.693381949201353,0.326202299248785
SG_007611,0,0.24643788593714352,0.5583307445675619,0.2306419476609686
SG_007612,1,0.3674116916081205,0.7214900354661984,0.38113617122666843
SG_007613,0,0.13799807892202745,0.5172265913424353,0.16561197720688142
SG_007615,1,0.24251947457578893,0.5945981770103046,0.24695734244638248
SG_007616,0,0.13221101169059382,0.435746399386998,0.13521887195544569
SG_007617,0,0.13278088649689154,0.4262262577913978,0.1324713776393253
SG_007618,0,0.08151882036207231,0.2615253052649031,0.06898204154276698
SG_007619,1,0.17460972847112033,0.5104437390281474,0.17988868726736934
SG_007621,0,0.15446729491835623,0.48662366707207066,0.16212092539805853
SG_007622,0,0.1652136590813232,0.4750596037849249,0.1625426981995519
SG_007623,0,0.2064691227600907,0.5889189172119821,0.22822818557929667
SG_007624,0,0.2715127384636969,0.5332133265003433,0.22851978362760775
SG_007625,0,0.1359322269458707,0.5033797319080567,0.15959076678973513
SG_007626,0,0.2684702416804714,0.6260198154322815,0.27502498750805826
SG_007627,0,0.08943961736904084,0.35683980364294726,0.09439156974471243
SG_007629,0,0.16070816615239955,0.4023312843078281,0.13586494718511907
SG_007631,0,0.12158884592593365,0.45212193290786346,0.13562641877667958
SG_007632,1,0.27155735205751275,0.45471131578647156,0.19376473444015221
SG_007633,1,0.09764132438424411,0.2198008885590829,0.06473264732117978
SG_007634,0,0.1877654620961934,0.6006636949943431,0.2251295990642558
SG_007635,0,0.11266544941023054,0.5217671713469991,0.15406249894109172
SG_007636,0,0.2448816292436903,0.6104950652709341,0.2562859732515651
SG_007637,0,0.20439416804410593,0.6009900286175073,0.23318128663324458
SG_007638,0,0.136490947602774,0.32456534066656895,0.10383834251720311
SG_007639,0,0.1478973552511976,0.39619795188080814,0.12913337818761086
SG_007640,1,0.11360506905724653,0.330612023054918,0.09745622026740962
SG_007641,0,0.09963888504764097,0.3964687420060058,0.1092503586052469
SG_007642,0,0.14018915791310746,0.5196395006854105,0.16757923919251497
SG_007643,0,0.16888908581129136,0.5308305661169741,0.18545234174457698
SG_007644,0,0.15422646424219708,0.3881582427348439,0.12896273087805865
SG_007645,0,0.10629913201342084,0.37920608915261034,0.10753112889390164
SG_007647,1,0.13077775315480433,0.48148797559195927,0.14951937485484934
SG_007649,0,0.18786603949672462,0.4794578532568581,0.17340698473908783
SG_007650,0,0.06928943045304188,0.15025152262003433,0.04154961402084384
SG_007651,0,0.13561986589284689,0.2687977049189643,0.08815022533473303
SG_007652,1,0.22415231763072296,0.5590960095549358,0.22181984854185297
SG_007653,0,0.12629014968546046,0.4015555100384759,0.12225390227680986
SG_007661,0,0.09510099714642463,0.32286748538773014,0.08840846125165118
SG_007662,0,0.08643698714607724,0.3500323415603119,0.09138809207671905
SG_007664,0,0.1788471408240444,0.5557433950911762,0.20040902429993818
SG_007666,1,0.12184415898942895,0.5053256576406547,0.15325843379006768
SG_007668,1,0.23389900926168886,0.5283658785632426,0.21180728646569133
SG_007669,1,0.12447057352951707,0.4407745195223221,0.13339036490667855
SG_007671,0,0.12089774231799337,0.48841316917558064,0.14704218303590114
SG_007672,1,0.12278862940106439,0.3684991838916331,0.11128570425327175
SG_007673,1,0.1269387749161382,0.4215370820805553,0.12853954988401556
SG_007674,0,0.11463930146415524,0.3596828645447657,0.10564964008808946
SG_007675,0,0.19455742493851869,0.523862828112934,0.1938423504683538
SG_007676,0,0.1327696383579728,0.478315116361387,0.14938244674039153
SG_007677,0,0.11044779908353142,0.3476504924919372,0.10076790498918797
SG_007680,0,0.08094162193450684,0.32191701919272225,0.08234245389402832
SG_007682,0,0.18526158804769174,0.6377109625898761,0.24259043657147394
SG_007683,0,0.16279061118369548,0.47508694825921555,0.16153667966899535
SG_007684,0,0.10026461579849866,0.33805019095225797,0.09425027761079162
SG_007689,0,0.16521221771012362,0.46589276048417105,0.15924082451877142
SG_007690,0,0.34650678780727984,0.6811773758920555,0.342688097739938
SG_007692,1,0.1850228522651454,0.5039080426714898,0.18174324575794693
SG_007693,0,0.11902016821596688,0.5940588769595545,0.18517538451944227
SG_007694,1,0.3098478444295498,0.6687317823179485,0.318757819477744
SG_007695,0,0.22411529563357216,0.6129082678915676,0.24831656919519393
SG_007697,0,0.08840881854583064,0.30932564446808364,0.08249893016523654
SG_007699,0,0.13435360193112936,0.4246526278822051,0.13264099172000346
SG_007701,0,0.12095030987216648,0.459052461166622,0.13751701018796988
SG_007702,0,0.11433011265249411,0.29490994732544146,0.0884064930861539
SG_007705,1,0.26395233356263376,0.6469425690303131,0.285170079052746
SG_007707,1,0.13787941061075779,0.46890783938995517,0.14854722206539256
SG_007708,0,0.12174103113337818,0.44548993450848046,0.13362106560002618
SG_007709,0,0.15487805543069677,0.37996256470845036,0.1266316547332854
SG_007710,0,0.10608551692759775,0.48279689179835,0.13760361743956598
SG_007713,0,0.13180796975399658,0.5197724056476198,0.16345636502446065
SG_007715,0,0.0897649429695248,0.1725839403147297,0.05168020955137788
SG_007716,1,0.18923439109778858,0.5362530652899588,0.19675357652407657
SG_007718,0,0.1399614230753562,0.40891141831846195,0.13001976946653163
SG_007722,0,0.1120324973084752,0.42868008546349595,0.12405698359106156
SG_007723,0,0.10117430069509754,0.35187722131377486,0.09815560698364825
SG_007724,0,0.15943988699046732,0.4716148202912769,0.15887929872956644
SG_007725,0,0.1297968433693912,0.5176230473855007,0.1616580309627871
SG_007726,1,0.19457260480324767,0.5198587981302841,0.19218770221582684
SG_007727,0,0.10221496130616277,0.493221932363482,0.13881436866412047
SG_007729,0,0.1621221733299029,0.5219017258049333,0.17881724601925153
SG_007730,0,0.15620450293985447,0.493072996750798,0.1652359280072411
SG_007731,0,0.19279910439678835,0.5648741551085512,0.21080939826943731
SG_007732,0,0.2260587578525098,0.5522604879066186,0.21945170361066482
SG_007733,0,0.2481343348282489,0.5680056743592776,0.23600734663615203
SG_007734,1,0.1723495805610686,0.4455533169064712,0.15487718493324842
SG_007735,0,0.27152972291911115,0.6640708111462131,0.2989754632619306
SG_007736,0,0.17205675789445293,0.5070229649485861,0.1774470249207861
SG_007738,0,0.12727839373086774,0.3981286121839124,0.12164234939318706
SG_007739,0,0.09573957611600294,0.3729253278917161,0.10126329606452834
SG_007740,0,0.22577975429929145,0.5306143970391487,0.20957524583360754
SG_007743,0,0.1538723292572668,0.44750210346577385,0.14817778611974947
SG_007745,0,0.11340576463124269,0.2996696571549246,0.08931841404236639
SG_007747,0,0.21946376576038984,0.6461646524436153,0.264208484879821
SG_007749,1,0.15781451579691022,0.6562775109680361,0.23750505473625733
SG_007753,0,0.16287951993505118,0.46004557419681574,0.15620793064055505
SG_007754,0,0.20345711824597765,0.4990301718822603,0.18729943607299887
SG_007755,0,0.20895158554069623,0.638125648156238,0.2546619134147193
SG_007756,1,0.10627836962129356,0.4369043084345478,0.12375392908550838
SG_007757,0,0.1000538974563094,0.25018116271006324,0.07265055190200942
SG_007759,0,0.09423421833449068,0.32166565360083776,0.08777077615093007
SG_007761,0,0.16474556965595663,0.5178852340569013,0.17844009263786198
SG_007763,0,0.2178675454852834,0.5654125461595154,0.2220962498937039
SG_007764,0,0.17896911663511386,0.4675785252905211,0.16541304735205112
SG_007765,0,0.19011269564924071,0.49034107505737956,0.17850520146810206
SG_007766,0,0.15015155383942422,0.535426700994712,0.17846434103817926
SG_007767,0,0.09728631058467295,0.2695000554129422,0.0763457199667514
SG_007768,1,0.17120909380338714,0.5770766403441548,0.20613203892605306
SG_007769,0,0.2463108726223808,0.6540622906856026,0.28141396373393474
SG_007771,1,0.21330930082130892,0.605621538777475,0.2396264040151618
SG_007773,0,0.2050712092087815,0.5705600510908949,0.21890714225813762
SG_007774,0,0.16384513418844568,0.559350578500531,0.19485346237647563
SG_007775,0,0.35419918199019834,0.6932200840240229,0.35439061919917614
SG_007777,0,0.1226064258103821,0.4262761464882482,0.12810329270938844
SG_007778,0,0.15867625497263724,0.429735150097755,0.1441184374567122
SG_007779,0,0.12369367912540608,0.39131770113792835,0.11818367634882873
SG_007783,1,0.14081720725994018,0.6103639684637419,0.20511431887559706
SG_007784,0,0.19876742858589727,0.5142150515047036,0.19160164073631772
SG_007785,0,0.12242695525788357,0.40399375125417325,0.12136774172621112
SG_007786,0,0.2465356619843632,0.6483945888370369,0.27817554228565805
SG_007788,0,0.1607548840254439,0.42739683230384107,0.14414455212801253
SG_007789,1,0.14977471434864367,0.39480131894503334,0.12940257382880624
SG_007790,0,0.16964737016613596,0.41123958457623555,0.14208446354128737
SG_007791,0,0.2248783668509625,0.5898738355115214,0.23692260201762008
SG_007792,0,0.25950172234345126,0.6446958342139067,0.28186330860785175
SG_007793,0,0.1349392771596593,0.4719628475505291,0.1482417804967691
SG_007794,1,0.16482936519315586,0.47406017902985736,0.16202007746573194
SG_007795,0,0.09077874306844651,0.3081717477506854,0.08316046889083717
SG_007796,0,0.19125286858300863,0.5062799773504086,0.1852754292808632
SG_007797,0,0.17475415002665107,0.44409056318505086,0.15529139028203887
SG_007798,0,0.1622776383988194,0.4631487999391585,0.1570568658789868
SG_007799,1,0.15194019670780365,0.5149826623915903,0.1714518318929373
SG_007802,1,0.2043542742517749,0.6720459382116953,0.27171357190926176
SG_007803,0,0.1510350704775292,0.43850899165079116,0.1439968662681741
SG_007806,0,0.14874932864264337,0.4426969301121183,0.14445326316540524
SG_007809,0,0.3414068978087042,0.6725825172823292,0.3346957144050221
SG_007810,1,0.19838043489219737,0.526707201236252,0.19664424014595663
SG_007811,0,0.1472822008245092,0.3057512394048839,0.10195484838221229
SG_007812,0,0.21618509444391323,0.5747919872651661,0.2257878588146557
SG_007814,0,0.1452733682621955,0.2433184141844803,0.08382215966557789
SG_007816,0,0.3221986012059938,0.6451927663361346,0.30901518074246503
SG_007819,0,0.1667336296597207,0.5117136275625903,0.1769302872414367
SG_007821,1,0.30011081355420294,0.6689995331208739,0.3147227709631563
SG_007825,0,0.20524647575034993,0.5606210631936334,0.21442175598599036
SG_007826,0,0.19179168381244663,0.4846097514200751,0.1769496939265537
SG_007827,0,0.15325319056940415,0.45738294119075484,0.1512956208963047
SG_007828,1,0.22753883487725401,0.48386263041212857,0.19036608149922937
SG_007829,0,0.26386122378550053,0.6363812975876586,0.27894842566092165
SG_007830,0,0.17605355562515793,0.5049114533797843,0.17834742920095636
SG_007831,0,0.09275159487272637,0.2538744679815561,0.07115022198474855
SG_007832,0,0.07832712965161005,0.3530683418353243,0.0883940731103672
SG_007833,0,0.1320536967111227,0.44417839483918853,0.13783138777372975
SG_007835,0,0.133529255288751,0.3060140494502152,0.09769149056598501
SG_007837,0,0.18888215049137014,0.5224810410321887,0.19086173636679218
SG_007838,1,0.12702758879674705,0.3635535936657907,0.11150897594144751
SG_007840,1,0.26556566995328984,0.593482156389375,0.2560750354311004
SG_007841,0,0.1300103951428699,0.4526846676342015,0.13965460959180467
SG_007843,0,0.11908829861320273,0.3738601346286614,0.11133792323888633
SG_007845,0,0.12065508592885239,0.30119783881339907,0.09216806985454823
SG_007847,1,0.19040193611227454,0.6199739170058797,0.23599319467703714
SG_007848,0,0.13007986195816826,0.5383468883702569,0.1694383462409241
SG_007850,0,0.18783066440329219,0.5804920166506512,0.21563488927329272
SG_007851,0,0.2364986319760705,0.6077313244566599,0.25114836439611954
SG_007852,1,0.25962987230528006,0.6269357717571244,0.27171586100673345
SG_007853,0,0.19506831237390543,0.6461278967326599,0.2521401357438449
SG_007854,0,0.21804282317368875,0.5605603833408971,0.2199148046056045
SG_007855,0,0.08994660657665998,0.24766644153445913,0.06879041276567574
SG_007856,0,0.1307556169655654,0.36552759999031736,0.11347780131483158
SG_007857,0,0.18763800913790538,0.5716330525742921,0.21149612322756992
SG_007859,0,0.14468461245953645,0.5416274451538748,0.17819554467314636
SG_007860,0,0.15217024695925477,0.4717452852044069,0.15582259286973435
SG_007861,1,0.09818190012624296,0.28446488744746873,0.0802395100694166
SG_007862,0,0.1290731507678786,0.4869656883983076,0.15056408499497193
SG_007863,0,0.1903481331899369,0.4735000373401944,0.1721178795289403
SG_007865,0,0.12888778461996078,0.4877346068858652,0.15073640936609545
SG_007867,0,0.15509726657000228,0.44095802154536956,0.14646375487646796
SG_007868,0,0.1277802184827832,0.4436320231722121,0.13576763253903426
SG_007869,0,0.13804594666947867,0.27489945550952005,0.09052423219878447
SG_007870,0,0.21230334265056805,0.6976421950480753,0.29179234516174013
SG_007871,0,0.0919907768976883,0.30439657420478006,0.08273235929519561
SG_007872,0,0.14931680334005704,0.5041964871691507,0.1662089027226729
SG_007873,0,0.10301725504646364,0.5597178906426183,0.1619270078337589
SG_007874,0,0.17168220178806193,0.4946298324468403,0.1725301687150104
SG_007877,0,0.1165255339250536,0.3411946588626507,0.1013656171619072
SG_007878,0,0.11849785455353885,0.4500153146108608,0.13352512873553782
SG_007879,1,0.21465588334069632,0.5100630766138438,0.19629008984702714
SG_007881,0,0.13556887784836988,0.4032220641291444,0.1265164256265192
SG_007882,1,0.11532956816668738,0.4760881004486992,0.14022396659105443
SG_007883,0,0.24563239719106958,0.509104957358174,0.20782454963415603
SG_007885,0,0.24873598926520954,0.5864435614452654,0.2454340074683285
SG_007886,0,0.11762388207688852,0.4800608658005479,0.14265497544619932
SG_007887,0,0.12692308701178384,0.46303111020308424,0.1415914216446923
SG_007888,0,0.1232578352420644,0.49294285343972777,0.14974244528131422
SG_007890,1,0.3433905605167245,0.7546889804058204,0.3977416158923784
SG_007891,0,0.18166570463371265,0.4444141997632685,0.15804645167821021
SG_007893,0,0.122406260754276,0.41414605880354416,0.12436686630740941
SG_007894,0,0.4071078371524354,0.6988732731712063,0.3806213931198474
SG_007895,0,0.2048219154119156,0.6055526598584161,0.23565464269143535
SG_007896,0,0.17012097563812736,0.5588713094253206,0.1976628373501748
SG_007900,0,0.16667732457146334,0.4763011967887915,0.16360523084508194
SG_007902,0,0.16256335024666702,0.37099480981404204,0.12651606972972645
SG_007903,0,0.18551367400201668,0.488985820305283,0.17611752144627912
SG_007904,0,0.2254065625013788,0.6013870064831529,0.24294962402419618
SG_007905,0,0.12402558426517574,0.4890130301368033,0.14879636172349764
SG_007906,0,0.16969987577682152,0.4544826011586871,0.15699149727479145
SG_007907,0,0.18077672853058827,0.4527496076297759,0.16070695665265827
SG_007909,0,0.2133184862778769,0.5261763682523375,0.2026007871761503
SG_007911,0,0.1351124248310541,0.45903379905089753,0.14401130249311622
SG_007912,0,0.14170046156311497,0.5538560139629305,0.18151583465103155
SG_007913,0,0.10156775827471203,0.2618507206831732,0.0759368405814003
SG_007914,1,0.11777266507633864,0.34463508572547474,0.10276340198360356
SG_007915,0,0.14665718544647718,0.48402901915467866,0.15771986230332533
SG_007916,0,0.1189137503471669,0.3812856116143773,0.11336166562043083
SG_007917,0,0.12796936612558027,0.4191831722574064,0.1282601134165648
SG_007918,0,0.13306752887364556,0.33156067995245364,0.10464705521677121
SG_007919,0,0.3150011374929726,0.7219658724025971,0.3584707272508547
SG_007920,0,0.23953863895291772,0.6028922615638352,0.2499532708057355
SG_007921,1,0.28102844698483587,0.622048056815191,0.27811302620919554
SG_007924,1,0.18949160688284894,0.5751177221667062,0.2139404234694616
SG_007925,0,0.2771680098464637,0.6755868648413799,0.30883234150082567
SG_007927,0,0.11940037464483055,0.3615752337108371,0.10803172724566645
SG_007928,0,0.19788438097663796,0.5854747714390478,0.22264480003811382
SG_007929,0,0.08938834628630948,0.27485667395548047,0.07483908113840453
SG_007930,0,0.16184259248217917,0.48654899192112067,0.16530485166388142
SG_007932,0,0.12280760626030092,0.41921556272414195,0.12605810153675637
SG_007934,0,0.11841955765995697,0.37806427414091004,0.11225177482129306
SG_007935,0,0.24501620673703225,0.4411852117160147,0.1793475163525614
SG_007936,0,0.19627462182880706,0.48389603814903825,0.17844554921253838
SG_007937,0,0.14378557723359842,0.4637457542526564,0.14941981709430868
SG_007938,0,0.10383622517937542,0.27862896815265986,0.080772013605484
SG_007941,1,0.3330634455094113,0.6279580982838133,0.3029349251219018
SG_007942,0,0.23463330096833243,0.5191817495836887,0.20803638193194518
SG_007943,0,0.2184801626073143,0.5479828034580325,0.21434809857734413
SG_007944,1,0.22158498081395853,0.5036676191668839,0.1963212488028964
SG_007945,0,0.10160019125539116,0.4337542385477354,0.12056020843594864
SG_007949,1,0.11185117917458058,0.29843459584015497,0.08846795736802807
SG_007950,0,0.13605577742973105,0.5376371115317393,0.17227667069650088
SG_007951,0,0.11116239006489509,0.49390325507904304,0.14385968885364642
SG_007952,0,0.11651732326540239,0.4596669668634407,0.13559595139675348
SG_007953,0,0.17349713915759615,0.5414010753030516,0.19188040843448873
SG_007955,0,0.10971447033437098,0.2788149233461364,0.08277774425447708
SG_007956,0,0.11881482787990298,0.49251257918999947,0.14736129148585192
SG_007958,0,0.19268357114063792,0.5717227171170867,0.21385950394644573
SG_007959,0,0.29735499292374373,0.6863405390759633,0.3249900752015983
SG_007961,0,0.19884695431655253,0.5723871634889595,0.21696548719756817
SG_007962,0,0.13717128610764537,0.4228556810661182,0.13324922106843082
SG_007963,0,0.10066399171396366,0.2982804965973983,0.08448693303969902
SG_007966,0,0.22183769138395018,0.49734385767590983,0.193779308712666
SG_007967,0,0.1390419007589314,0.48637182913494537,0.15506775764006683
SG_007968,0,0.07661892586151149,0.22709384634923055,0.0598033694575357
SG_007969,0,0.2604978861421567,0.6539747097803761,0.28782656664843903
SG_007970,0,0.09736930411474783,0.2741542600671098,0.07748355334264602
SG_007971,0,0.16936254890661726,0.530993202095445,0.1857335347337987
SG_007972,1,0.20809827327964844,0.5516278605860929,0.21159740537642535
SG_007973,0,0.1536407896068405,0.4699155906111602,0.1558128680065016
SG_007974,0,0.20188992260157965,0.5402863375501894,0.20393841498913254
SG_007975,0,0.16662328040479293,0.5302272893523509,0.18417472447413097
SG_007976,0,0.10245997667784024,0.30382230656459475,0.08650686629523174
SG_007977,0,0.1943984927940241,0.5255574862091945,0.1944817114546071
SG_007978,0,0.13044462256820186,0.46932013343826157,0.14528847742671003
SG_007979,0,0.11734936594613092,0.4192165497450066,0.12366834500144504
SG_007981,0,0.1225503283644011,0.38473918332609913,0.11581849625256001
SG_007982,0,0.14682520700326415,0.5171364287681416,0.16985088478691154
SG_007983,0,0.2819010249583516,0.5636606221125042,0.24731519828095974
SG_007984,0,0.19548088728614468,0.471083744488098,0.17319120180806322
SG_007986,0,0.128551335737123,0.5531083424169834,0.174252028068862
SG_007987,0,0.26755434810028594,0.49390753115227265,0.2091899677105511
SG_007988,1,0.14006993262261733,0.4977398583795399,0.1595551098352721
SG_007989,1,0.11640115923985239,0.30485376612467496,0.0916893435322956
SG_007990,0,0.13473407941543153,0.35982996501766085,0.11330182780000299
SG_007991,0,0.23564076717371832,0.6273723215772552,0.2612973561246026
SG_007993,0,0.2678188825491004,0.6577086393745148,0.2933800737709022
SG_007994,1,0.24718252365969237,0.6560833733090414,0.28302028936511564
SG_007995,0,0.1169826916290894,0.44901604167489767,0.1325035301453171
SG_007997,0,0.12688690105234726,0.3281665629158826,0.10156359249562351
SG_008000,0,0.25298230545806855,0.655809871991931,0.285520262523526
SG_008001,0,0.18786688351783745,0.45365329477103417,0.16374991499542282
SG_008002,0,0.1234109034978948,0.3304288786471932,0.10095984049675824
SG_008003,0,0.13665079613725525,0.39633586991096414,0.12484876733383347
SG_008004,0,0.12150367497650179,0.37010307654819274,0.11123655498297792
SG_008005,0,0.16815498004151297,0.704890822241474,0.27180546061087707
SG_008006,0,0.1117033292579616,0.43507390953803277,0.12579683731325633
SG_008007,0,0.1036415581675756,0.28973370500283446,0.0834393311231311
SG_008008,0,0.12481109964384189,0.40425611878431633,0.12244254777048907
SG_008009,0,0.14535433329925454,0.43660219463660355,0.14103923954385414
SG_008010,0,0.22304388681437917,0.5906698782327424,0.2365104513661902
SG_008011,0,0.13879456969162052,0.4060620171889888,0.1286727663101225
SG_008012,0,0.40318533466823775,0.6891229704185274,0.37184360815104567
SG_008013,0,0.09761934346505781,0.42559475215033427,0.11628846021936355
SG_008016,0,0.3417862534660577,0.709480204243203,0.36092345271594106
SG_008017,0,0.12262988051726903,0.4741111662079663,0.14316992306774506
SG_008018,0,0.10643815247327282,0.30759854673173903,0.08889341574248115
SG_008019,1,0.1322477775329088,0.47326174701195983,0.14743782803376593
SG_008021,0,0.14483976246784533,0.34977312403984945,0.11394591160450968
SG_008022,1,0.12142537994833714,0.3609361468688839,0.10863582629153515
SG_008023,0,0.1304543599892753,0.7236597135307504,0.25911264274813
SG_008024,1,0.23777982105148654,0.6362963707616638,0.26722871314222213
SG_008025,0,0.2284809535980391,0.6247733980571656,0.25661754490658806
SG_008027,1,0.20258918869153253,0.559766097520345,0.21287009080492175
SG_008028,0,0.14129697092933344,0.42014170082644475,0.13408038295436892
SG_008029,0,0.09928471815449554,0.3726347998491724,0.10274997827488289
SG_008030,1,0.2570678154607111,0.5591583862101401,0.2353100047417106
SG_008031,0,0.16133190289153185,0.4671973295456437,0.15810057414069956
SG_008032,0,0.14215930527964163,0.4632266202402239,0.148531553452509
SG_008034,0,0.16174843548860915,0.45662324097582674,0.15454353129443982
SG_008035,0,0.14771830608489822,0.4680428856660803,0.15260554107390184
SG_008036,0,0.21815338598869138,0.5194275845803896,0.20165259755063358
SG_008037,0,0.3194833686716396,0.6508157473273439,0.3113919598001392
SG_008038,0,0.10358384787208891,0.3954642374487111,0.11076850246392841
SG_008039,0,0.12397802087601577,0.5007455717452812,0.15276652943749913
SG_008040,0,0.10530424632773054,0.3847148493385479,0.10859678357946989
SG_008041,0,0.10290035574597554,0.3766313573540598,0.10537742049626375
SG_008042,0,0.2908503372077744,0.5769541216912206,0.2576171532393702
SG_008044,0,0.15468624611367807,0.48513843906971316,0.1616810288965738
SG_008045,0,0.3482897770604902,0.6720580644332658,0.33722010419895004
SG_008046,0,0.16237209858443988,0.46833763657790567,0.15893961375301938
SG_008047,0,0.25790863975432565,0.649595334803096,0.2840428304551275
SG_008048,0,0.1436647598567757,0.4364271323922349,0.14028269982385394
SG_008049,0,0.15143922221260228,0.4936107755504015,0.16330428684216558
SG_008051,0,0.18717365693470026,0.5570760886273048,0.20479796156655591
SG_008052,0,0.2896028936283719,0.6931595008060011,0.3261644891047642
SG_008053,0,0.10166269696702601,0.3134787422604109,0.08861537858999381
SG_008054,0,0.22402872700592044,0.6036553033401443,0.24349191455531077
SG_008057,0,0.1998999082438897,0.5033975585014001,0.18764309375700466
SG_008059,0,0.09227554815902694,0.16994939583737317,0.05170529263398129
SG_008060,0,0.08940562493158498,0.33190339098334093,0.08828527257186301
SG_008061,0,0.19070270762703645,0.5194450489469067,0.19038770532974655
SG_008062,0,0.0980496378723681,0.5009366027711835,0.13892627922646933
SG_008063,0,0.17710655604360484,0.5524068784920138,0.19817325017409018
SG_008064,0,0.15005518414193955,0.4082472915752475,0.1337580150833518
SG_008065,0,0.18159228979065947,0.4392227548054786,0.15616621606974945
SG_008066,0,0.09095279033149302,0.27814233433526053,0.07616445379096157
SG_008068,1,0.2562679796134275,0.6445024623138482,0.280304433253393
SG_008069,0,0.24750409357616512,0.6545503875846198,0.28225408720580225
SG_008070,0,0.09495033072508684,0.354833271189483,0.09629464214947711
SG_008071,0,0.08763918207421267,0.24877039832924683,0.06827064369471889
SG_008072,0,0.20701531643328464,0.6037311954962528,0.23576546390939082
SG_008073,0,0.26183162098547486,0.5170996393551318,0.21744905473364418
SG_008075,0,0.10459518414011286,0.4060251466653097,0.11414359959309563
SG_008077,0,0.16530098724964037,0.42054987370771135,0.14358703955387972
SG_008078,0,0.11552515064502544,0.3144997918972191,0.0939093106142338
SG_008079,0,0.12510101819058392,0.4310925238376833,0.1306717355808129
SG_008080,1,0.17103941998755465,0.5528990593007621,0.19555755585698453
SG_008082,1,0.27748651110586675,0.6402676701241129,0.2871488122677977
SG_008083,0,0.2562120046416813,0.5450700960057419,0.22823050574635997
SG_008084,0,0.14074609359500256,0.3679773817920934,0.11788373930001524
SG_008085,0,0.17454376595996887,0.44591938600529596,0.15585669150304188
SG_008086,0,0.1865316837112838,0.556783904485948,0.2043788230382215
SG_008087,0,0.12633459254162022,0.5534795536853099,0.17318390046865262
SG_008088,0,0.14955574114622408,0.52396115098859,0.17373938377667245
SG_008089,0,0.12832745332249476,0.4634862365719055,0.1423901855978387
SG_008090,1,0.17924018051017063,0.5275131753193419,0.1887435299900085
SG_008092,1,0.23032824239664054,0.5619939526357257,0.2257643551282277
SG_008093,0,0.09505251637460892,0.2888756038072453,0.08017713458175355
SG_008094,1,0.11648156727163785,0.4638768832354141,0.1369034030744677
SG_008095,1,0.11424069898844896,0.38433921570739304,0.11229833970387354
SG_008096,1,0.23000228703777978,0.6803058178763299,0.2896777107969904
SG_008097,1,0.2635016182997861,0.6231641580018991,0.27127903693390937
SG_008098,0,0.13010368817871842,0.512959273501934,0.16013780596430716
SG_008102,1,0.0823629620313124,0.2955903746575352,0.07692172332114564
SG_008103,0,0.30429847322864756,0.5978822164522696,0.2741329090294586
SG_008105,0,0.15460464297779505,0.3560594847265027,0.11917378849811888
SG_008106,0,0.10955347055049357,0.33004219566710563,0.09579630304238068
SG_008107,0,0.2103732160103499,0.5026333383966776,0.19150935239129552
SG_008108,0,0.13225396972415218,0.2917080476106726,0.09336656319493367
SG_008109,0,0.23397046303957902,0.6566998579091919,0.27721200777682253
SG_008110,0,0.16126788680640805,0.5438798572226828,0.18719158640269076
SG_008111,0,0.12358603294872884,0.4540076713202101,0.13714799450744444
SG_008112,0,0.11659680233995046,0.30930418929229275,0.09292134066977178
SG_008113,0,0.13536767445841347,0.4802788834500503,0.15126041466145612
SG_008114,0,0.10546683716811223,0.3301314519653987,0.09426857489457376
SG_008116,0,0.12400428006131943,0.4748318665144675,0.14406812058436874
SG_008119,1,0.28107631742382805,0.5860325414271094,0.25848364544314606
SG_008120,0,0.07614846081141367,0.3351650989858572,0.0832437507775669
SG_008121,0,0.1352548578747005,0.4645344728325209,0.14589817991027412
SG_008122,1,0.3063252901117552,0.6132101197628981,0.28352183422278776
SG_008123,0,0.08490126000436975,0.16718928310298306,0.04922484450258476
SG_008124,1,0.25506757378416384,0.7649982367892723,0.36432471527010274
SG_008125,0,0.27862118661188634,0.6257525032451583,0.2792054092094308
SG_008126,0,0.07985946382153554,0.30158525835039707,0.07726337688724626
SG_008128,0,0.1345019603920737,0.5010580970829178,0.1580743871859416
SG_008129,0,0.2362686487909904,0.5370170311076802,0.21663399521111218
SG_008130,0,0.1085718660896896,0.5336135816897004,0.15589224972481727
SG_008132,0,0.25387745374269743,0.6468459433241408,0.2806033373105816
SG_008134,0,0.10628936783142319,0.4180615806223038,0.11831605151037543
SG_008135,0,0.24129093066562488,0.5945170961386625,0.24638878614822146
SG_008136,1,0.25394444663924504,0.5689392410909578,0.2388338650019508
SG_008138,0,0.08646267240402733,0.2939498324672489,0.07815308660622125
SG_008139,0,0.2561263164611298,0.6577790684035493,0.2881426786625585
SG_008142,1,0.3118684219842842,0.7309254123659218,0.3639625107670731
SG_008143,0,0.13228429565585142,0.4422474220283158,0.137315398902248
SG_008144,0,0.20333690656974132,0.5452431630713239,0.2067229210920107
SG_008146,0,0.20600094632598318,0.5536524794444571,0.2116030964584936
SG_008147,0,0.15311158681462445,0.49033820660667254,0.16286521971333756
SG_008148,0,0.09277525263285114,0.39273019734049697,0.10505746709312157
SG_008149,1,0.2787185926650204,0.6463018057931716,0.29127527940298553
SG_008150,0,0.1392048866713889,0.4145908933894711,0.13148777980949206
SG_008151,0,0.10118769904177216,0.23820348190280818,0.07014262389232873
SG_008153,1,0.24565780576782947,0.6090171616415949,0.25583785362022277
SG_008154,0,0.17884010487672106,0.5568845641732135,0.2008985709606524
SG_008155,0,0.08878661727914505,0.2477314429433449,0.06841963304499832
SG_008157,1,0.2759884862597532,0.6271011967275537,0.27885708803124265
SG_008158,0,0.2065946730747639,0.5304909436586139,0.2016886324860007
SG_008159,0,0.1999402070600587,0.5088188660401013,0.18986648046512372
SG_008161,0,0.16438616034835704,0.45651798751686085,0.15557862237546408
SG_008162,0,0.2570892851350625,0.6108264557788152,0.26174064716407486
SG_008163,0,0.09032971096937174,0.22445701906286863,0.06362402796101407
SG_008165,0,0.23031222662110742,0.5656712750054024,0.22749933770487935
SG_008166,0,0.1084105966939873,0.39498840801689056,0.1127782729725337
SG_008168,0,0.2709794196322945,0.5729505791987295,0.24769648528799956
SG_008169,0,0.3048866695241981,0.611657811052694,0.28205825810112034
SG_008170,0,0.09607205321298755,0.4490595343336407,0.1221567621289402
SG_008171,0,0.16973039811748106,0.549342851528643,0.19344664409787318
SG_008172,0,0.09209795484356369,0.36570502361983614,0.09779346205859978
SG_008173,0,0.2811186026520584,0.6308016279458498,0.2831696751374363
SG_008174,0,0.16073845584126042,0.4237652049143827,0.14292457321099458
SG_008177,0,0.16113896014557763,0.5418315593012639,0.1862972466062562
SG_008178,0,0.10083701535008993,0.2665552503813565,0.07683152845423223
SG_008179,1,0.25709195878375474,0.671750530722589,0.29721181988322287
SG_008180,1,0.1689337097606134,0.5107586725071167,0.17753239440249768
SG_008181,0,0.14105880802389456,0.21389173757659297,0.07466975064699524
SG_008182,1,0.11725922108275945,0.3108690794462868,0.09356196400088475
SG_008184,0,0.17940923070476547,0.49105273468872473,0.17440763357897238
SG_008185,0,0.20548236949265516,0.534435123014857,0.20292324545552115
SG_008186,1,0.08734453180605951,0.3577271930383351,0.09367260252281837
SG_008187,0,0.21707641673401512,0.5981435164823595,0.2375741584391557
SG_008189,0,0.3258943486403086,0.6681801395829702,0.3252374536948043
SG_008190,0,0.14129550705783991,0.5088411586797456,0.16414050379301862
SG_008194,0,0.16142487733164723,0.4937011231878192,0.16776363946790956
SG_008196,0,0.16479005681716996,0.5161789883425963,0.17779537953087535
SG_008197,0,0.08856041006547988,0.3882294263280557,0.10188393092986607
SG_008198,0,0.21572128372167002,0.5188693950062591,0.20044033273271847
SG_008199,0,0.26856157856225793,0.581591312162623,0.25112899953944495
SG_008200,0,0.15701456028978497,0.5451363644311356,0.1856612145187329
SG_008201,0,0.21347433183222583,0.5345704624688375,0.2063075161798419
SG_008203,0,0.08955756359484608,0.3344205423664502,0.08895717747325106
SG_008204,0,0.140295727441499,0.3997825239248715,0.12732738513472963
SG_008205,1,0.2391632634935362,0.5470083991908744,0.2223750673366652
SG_008206,1,0.14027988349225262,0.5020297800308043,0.16118994378968868
SG_008207,0,0.26511597639807966,0.612833198757707,0.2662541477662298
SG_008208,0,0.21136449148361655,0.5550275419846878,0.21452886315492609
SG_008209,0,0.1275906622901757,0.4560897124288649,0.139654371486133
SG_008210,0,0.13939604128396585,0.44691072423581185,0.14190400140928042
SG_008211,1,0.18443906057377904,0.5614531097284006,0.20547438278475605
SG_008212,0,0.11695249060131684,0.4230251740196319,0.12462064115486982
SG_008214,0,0.2555451429626508,0.6320869542283771,0.2728324449855163
SG_008215,1,0.2601580534608821,0.5630128853745675,0.23842355115402883
SG_008216,0,0.11036785915524544,0.46389851874103427,0.13389652682690395
SG_008218,0,0.17548754598749464,0.5058662671205576,0.17847707216588649
SG_008219,1,0.20743729740949332,0.4655557967934306,0.17559819426106602
SG_008220,0,0.17697364275986183,0.4429636998778357,0.15574434194680728
SG_008221,0,0.1268512390569538,0.4186449678165987,0.1276211377016397
SG_008222,0,0.08452469919007788,0.278929278890187,0.0739834990719432
SG_008223,0,0.1681957789586772,0.4952214324443447,0.17126455107838776
SG_008225,0,0.12574904896463043,0.39374575812164403,0.11972827389078554
SG_008226,0,0.10058367828795152,0.33448127974647884,0.09347363549753973
SG_008227,0,0.1236035958305622,0.4044660213401486,0.12200051559167656
SG_008230,0,0.06429706030830708,0.21742114080420458,0.05355232741445604
SG_008231,0,0.1182946924183033,0.4701018119819263,0.1397675029366298
SG_008232,0,0.18130740277099133,0.5221598687022982,0.18746930575100595
SG_008233,1,0.15748306756890698,0.4608924757503169,0.15427769812287212
SG_008234,1,0.25550815472992877,0.5685077753237461,0.2392555306818788
SG_008235,0,0.1222883023647416,0.3979468522898128,0.1195373564866857
SG_008236,1,0.2822558174395037,0.6448333545853927,0.29192704449185347
SG_008238,0,0.11613516121401013,0.4211031865399893,0.12368581635662708
SG_008239,0,0.10498645270929281,0.1990323596634699,0.061813879351012
SG_008240,0,0.11310275636207938,0.4306340304427923,0.12512963715158987
SG_008241,0,0.08316248602057162,0.3136257698954587,0.08137042257332755
SG_008243,1,0.20335037757668298,0.5576966566848175,0.21226984281118197
SG_008244,0,0.1463473596887353,0.48037691841918606,0.15629446371364858
SG_008245,0,0.18584033550712933,0.5126825312726471,0.1855848150174709
SG_008247,0,0.19126920042573614,0.5996337635965013,0.226318907419765
SG_008250,0,0.13446495553410806,0.5145687710795062,0.16289618834997793
SG_008251,0,0.16627259832064398,0.5411959307894684,0.18845548970827564
SG_008252,0,0.12691179924881935,0.4472258079097653,0.13651562010224882
SG_008254,1,0.15424591250091155,0.4672569404209175,0.1551394863982243
SG_008255,0,0.13435149360031046,0.6038491444480192,0.19847472858842735
SG_008256,0,0.2452501201750522,0.6429078130165321,0.2744019081594739
SG_008258,1,0.2489824617515989,0.5965043603659758,0.2506994771655317
SG_008259,1,0.2897657056969923,0.567483621401441,0.2523097490268234
SG_008260,0,0.22108159351846787,0.6308987173328342,0.2565114421031384
SG_008262,1,0.21983380135549757,0.5766529157443355,0.2282663606653479
SG_008263,1,0.20491479509728402,0.5407475897269453,0.20542590942381558
SG_008266,0,0.0929789544693614,0.41787876485628744,0.11186082119996618
SG_008267,0,0.14932644275035925,0.41621848128698,0.13602650874550923
SG_008268,0,0.13413573752406865,0.35963047431356726,0.11302559465241684
SG_008269,0,0.14459461341819532,0.41483114902397483,0.13371896898161517
SG_008270,1,0.15866604975482757,0.49465655895172994,0.16690699353631774
SG_008271,0,0.14784103706741117,0.41715388943116855,0.1357431344472391
SG_008272,1,0.24587072448071648,0.616415836574753,0.259896249205141
SG_008273,0,0.10543883682988338,0.42908906005338954,0.12107792180406726
SG_008274,0,0.14653842666050976,0.44475799214512746,0.1442200128912293
SG_008275,0,0.09558556041321105,0.310325952711933,0.08553832166362807
SG_008276,1,0.20444306462441633,0.504951885976541,0.19010293793881822
SG_008277,0,0.09935744717425028,0.32807181065495483,0.09137686560849274
SG_008278,0,0.1293939903709226,0.43637921364434856,0.13419550305655273
SG_008279,0,0.13170514172992856,0.46941637775359,0.14590327917159396
SG_008280,0,0.1913625648335453,0.6278547331531835,0.24052196505983345
SG_008282,0,0.25102246862452143,0.6026631589635361,0.25478910274889593
SG_008284,0,0.11836492030622364,0.4283755280131047,0.12685250679521096
SG_008285,0,0.29931587428453216,0.5906038844006245,0.2681900366327081
SG_008286,1,0.18309008515327063,0.5846492403681937,0.2153094853078668
SG_008288,0,0.15269505044197984,0.46547702487113896,0.15385846122208152
SG_008289,0,0.10418245811129849,0.3062666566172785,0.0877423076816592
SG_008290,0,0.14363252406524293,0.5085535543347771,0.16514918003800605
SG_008292,1,0.2590808180563003,0.6341601050428002,0.27557168519836106
SG_008295,1,0.11187034815631548,0.3657865632419143,0.10620604582261402
SG_008297,0,0.16948880026613078,0.5305998491777139,0.18563225955049176
SG_008299,0,0.22602012141452596,0.6202383296922146,0.25305556917513383
SG_008300,0,0.19095369373041185,0.5521431313291124,0.204336890583538
SG_008301,0,0.16436932715492183,0.5809225179537394,0.20445908182203715
SG_008302,1,0.13495133996843423,0.4240208127818428,0.13269309968346793
SG_008303,0,0.14112313113544547,0.43699575326781687,0.13940758089241786
SG_008304,0,0.1306999436413915,0.343172906550433,0.10708612988881407
SG_008305,0,0.1248787298857006,0.42037022850233935,0.12730063620236692
SG_008306,1,0.15505624154485145,0.34573565158138136,0.11619773897502295
SG_008307,1,0.17090667948860827,0.6130682310641326,0.222702073355544
SG_008308,0,0.2080343833378074,0.49928202489363543,0.18921389716152054
SG_008311,0,0.1588827004177756,0.48553803343990914,0.1636562861667357
SG_008313,0,0.2078022317802101,0.6143449664717114,0.2415158893362609
SG_008314,1,0.20198340894804714,0.5964594592474977,0.2298302402038096
SG_008315,0,0.28556363544730173,0.6575162041565304,0.3011040499599074
SG_008319,0,0.2891033348733821,0.6469802214149563,0.29617088614202547
SG_008320,0,0.09802086156204677,0.2982830119056409,0.08352517144386779
SG_008321,1,0.14985949304885762,0.3518414568739071,0.11628374818887137
SG_008322,0,0.30214996795544524,0.5893143183803853,0.26861473256473867
SG_008323,0,0.11563899571513103,0.41114780465588513,0.12054690854673074
SG_008324,1,0.13185595170334066,0.5044245155390973,0.15797397819708112
SG_008325,1,0.18291190858495512,0.5128009433655546,0.1843893604466057
SG_008326,0,0.13339453739473706,0.4829696661282889,0.15125800349052224
SG_008328,0,0.09341809030703217,0.30514215627941876,0.08345788715654083
SG_008329,0,0.1439611768689685,0.44562264725186773,0.1434243016262755
SG_008331,0,0.08843660923188446,0.4208301770776137,0.1103533282705718
SG_008332,0,0.16685151221932407,0.4611493772774884,0.15821734990909592
SG_008334,0,0.12015233312930997,0.4297958517525029,0.1280822945462051
SG_008335,0,0.1629014182811689,0.530325166362971,0.18249948168702584
SG_008337,0,0.07946529347052315,0.22497145614337807,0.060293669746729055
SG_008338,0,0.09163277545684767,0.3189844811352346,0.08608422057566487
SG_008339,1,0.2681195834439221,0.6801688793971731,0.30768668835040075
SG_008340,0,0.09743970724459537,0.430318148833585,0.1175230001671574
SG_008341,1,0.1129166364928334,0.5001004581051153,0.14683338545789018
SG_008342,0,0.0934822538958403,0.195530477424938,0.05791838766987207
SG_008343,0,0.09852480889080888,0.3624083043332045,0.09976090385028598
SG_008344,0,0.20082938723746704,0.5756224625235548,0.21936049009265157
SG_008346,0,0.12742484480591887,0.3645298214416399,0.1119373812792662
SG_008348,0,0.179931587516722,0.49704716543296534,0.17693271799886565
SG_008349,0,0.12010952438640854,0.4095200679343495,0.12201039712246517
SG_008350,1,0.15529851428259667,0.47875975118470504,0.15965831887469556
SG_008351,0,0.16946824036168062,0.3920183089522501,0.13566374121961922
SG_008352,0,0.15550215424573577,0.46076496969374836,0.15340629206092746
SG_008353,0,0.1294066630457956,0.4735427293618214,0.14620662108462334
SG_008354,0,0.23048944130199855,0.5874210591374462,0.23815012520242657
SG_008356,0,0.10991830656620734,0.4351429291035931,0.12497621645332367
SG_008357,0,0.14952898051114158,0.40122274315943196,0.13132910824669475
SG_008363,0,0.3113542604349873,0.6764869990854835,0.32451424469953233
SG_008364,0,0.16285834747863495,0.5934738053378722,0.20933874316367457
SG_008367,1,0.4095476185939604,0.6896698403009016,0.3748529795165192
SG_008368,0,0.13830364621891347,0.37623455551763735,0.11943926961987546
SG_008369,0,0.13465551129565204,0.5008314184088541,0.15806847517542746
SG_008370,0,0.20758497980100984,0.45259131064120806,0.17068552230832393
SG_008371,0,0.22428918555310284,0.6082234014009712,0.24595907287861657
SG_008372,0,0.15421824344900384,0.46385958454001697,0.15394215879588613
SG_008373,0,0.15031532878560686,0.4737464571643474,0.1557197556691718
SG_008374,0,0.12904269520504455,0.3968291566069764,0.12197170048814587
SG_008377,0,0.17977307899762499,0.48427888896165033,0.17197728935065254
SG_008378,0,0.11573843840148734,0.43312006331089026,0.1270852622592932
SG_008379,1,0.17681230701300468,0.4328496517020361,0.15212685102165743
SG_008380,0,0.10504268387329957,0.38639591875430984,0.10893986031184762
SG_008381,0,0.12115389003336346,0.4184264354275489,0.1251037045258369
SG_008384,0,0.25835492418146233,0.6331677328248662,0.27468553378484045
SG_008385,0,0.0884747508638834,0.45527475562115294,0.11984404523766841
SG_008386,0,0.24810463710845113,0.5235722611532684,0.21518362934463886
SG_008387,0,0.10834204116501855,0.1663170855610603,0.054637360233956205
SG_008390,0,0.12201654075349556,0.43013543886242955,0.1290162032212539
SG_008391,0,0.15149206009131222,0.27230857562528477,0.09364592231534825
SG_008393,0,0.21806925550828096,0.6274197636255165,0.2532163363361767
SG_008394,0,0.2015998928605286,0.5458513393862501,0.20624385302002035
SG_008395,0,0.164213782925519,0.4454429260721681,0.15164472601009563
SG_008397,0,0.15847331904490555,0.41645177519193294,0.1396369219142621
SG_008398,0,0.08923274517448994,0.21184255311290984,0.06043379766343948
SG_008399,0,0.15311727203831335,0.4894449899383688,0.16254414946689844
SG_008400,0,0.11485490992936113,0.32865408903376403,0.09739828485166394
SG_008401,0,0.08722182482305775,0.3457758857081904,0.09070303391527931
SG_008403,1,0.17516598699424665,0.5151732478552022,0.18199497913234905
SG_008404,1,0.2536076381849013,0.5921421856449551,0.2503959813444351
SG_008405,0,0.21211309927298036,0.5326732919244316,0.20491814110976228
SG_008406,0,0.11658877059533067,0.3830464175378495,0.11290825156601629
SG_008407,0,0.2834303988563003,0.6548569485898419,0.2985282830419077
SG_008408,0,0.18567265272926017,0.5587142204835195,0.20483444580950066
SG_008409,0,0.3410407077183513,0.6889770805653169,0.3457961484565654
SG_008411,0,0.23181371251532754,0.5766095548470765,0.23339681683054017
SG_008412,1,0.2807787529335552,0.6537908082068927,0.29671474062848874
SG_008414,0,0.3172868273376316,0.6572722672998353,0.31454807266887896
SG_008415,0,0.19392487231887934,0.534136954959944,0.19788897832874205
SG_008416,0,0.2570019213641101,0.5741391546916994,0.2426571268787737
SG_008418,0,0.1302652327478513,0.5237023842655665,0.16410427244325856
SG_008419,0,0.13508553840695928,0.4809381719407371,0.15135464360072418
SG_008421,0,0.230731886109619,0.5385782395506494,0.21512354696808747
SG_008423,0,0.07602853751513572,0.30814745154767165,0.077121485103349
SG_008424,0,0.10968884540884997,0.2677857769446679,0.08001007874229339
SG_008425,0,0.15652877088771525,0.5218600848219606,0.17621960956102034
SG_008426,0,0.12571628423496414,0.3982337245788123,0.12103532622591848
SG_008427,1,0.2514706119668881,0.5489569562104648,0.22819994468259777
SG_008428,0,0.16369873068618265,0.49103410498972916,0.16776084809578837
SG_008429,0,0.09620917654802119,0.3213666538444651,0.08847744755490324
SG_008430,0,0.1809202501239334,0.5257113283090525,0.18874564483588602
SG_008431,1,0.2810212036824848,0.6320883274043047,0.2838746088651195
SG_008432,0,0.1276411540296318,0.47785795340747683,0.1468099439051942
SG_008433,0,0.10894519660994295,0.35963897942094,0.10336543717781402
SG_008434,0,0.3309722700092086,0.7205672414172873,0.3645417168480349
SG_008436,0,0.10071677949325862,0.3803392353610955,0.10541190111381486
SG_008437,0,0.10504581605159946,0.42174184799635955,0.1187831295178203
SG_008438,0,0.15226282189731857,0.5154610494565572,0.17178334704662396
SG_008439,0,0.1826298328504102,0.479164412191546,0.17120085085073908
SG_008445,0,0.11170004405935724,0.3076348844998775,0.090777348194006
SG_008446,0,0.24202423301351758,0.6189146203144877,0.2595506654304648
SG_008447,0,0.14184388308008924,0.4549130414315265,0.14560326050401676
SG_008448,0,0.23739959250910103,0.5978649492170478,0.2464245550163969
SG_008450,0,0.1417312589709354,0.49711498287844474,0.1601122968259631
SG_008451,0,0.10735538000836732,0.34983853602639586,0.10012732798098517
SG_008453,0,0.1383673084238518,0.3156591443075693,0.10194658261155455
SG_008454,0,0.06915571873276206,0.12222915826398856,0.03563836395756056
SG_008455,1,0.13081274603228382,0.4827031946067539,0.14994775842487698
SG_008456,0,0.21200024793690897,0.528889492092536,0.2032317387561118
SG_008458,1,0.11754186684777063,0.33070745272125096,0.09892549466515782
SG_008460,0,0.0943772349456236,0.40026855828947966,0.10780893905369
SG_008461,0,0.21068533451909954,0.5710270548904853,0.22160370062277404
SG_008463,0,0.1320766266092679,0.4129219232825866,0.1280641197987438
SG_008464,0,0.22968983935765472,0.528778584202564,0.21032415711567076
SG_008465,0,0.2061842245352811,0.6543836315240306,0.2623565310583921
SG_008466,0,0.09483743440099236,0.3056057021615701,0.08411033022192443
SG_008469,1,0.2755038463796775,0.6660847570081803,0.30201820075940267
SG_008470,1,0.19892787996465622,0.5237782633869686,0.19564305038289503
SG_008471,1,0.21646147486988568,0.5248604022147092,0.20330923591627997
SG_008472,1,0.2369054743018931,0.6193400591348993,0.25749956207207136
SG_008473,0,0.10070539886003667,0.4138676186528489,0.1145149486764354
SG_008474,0,0.1215015811648366,0.42438265035492745,0.12704449307823412
SG_008475,0,0.20119122725235053,0.516615256594893,0.1935920950397693
SG_008476,0,0.10526484652917852,0.43555324971827125,0.12286883927388714
SG_008477,0,0.21727521217187654,0.6156959370980892,0.24663695558150317
SG_008479,0,0.1903487894440686,0.5388716542497872,0.19834966828322875
SG_008480,0,0.20897339912112098,0.5632688227564435,0.21725778858174913
SG_008481,0,0.31226911944384156,0.6729159747500272,0.32254281065523643
SG_008483,0,0.16759404403103925,0.5092659948186979,0.1763640982831161
SG_008486,0,0.11935410904813937,0.38817022374732557,0.1155003307035742
SG_008487,0,0.09635741250104489,0.3090464152661404,0.08552179353820151
SG_008488,0,0.17896153333915996,0.5266991308423503,0.18828877955849185
SG_008489,0,0.24186890239449088,0.5951590265630792,0.2469658846500405
SG_008490,0,0.18360703060948558,0.508947585017396,0.1831470966918738
SG_008491,0,0.2681916649744666,0.6320183220626284,0.2783235249374212
SG_008492,0,0.18394104756124055,0.5504405720472053,0.20045174614819028
SG_008493,0,0.23000875543159738,0.5941846427226234,0.24132961445790713
SG_008495,0,0.15808378004327217,0.49121474331147086,0.1653830012058099
SG_008496,0,0.10008637938380477,0.41488601410607717,0.11450352415149072
SG_008499,0,0.18929870257300188,0.6085727457249214,0.22973830661962782
SG_008502,1,0.13810197652037648,0.41838913077770506,0.13222919053537627
SG_008503,0,0.15887697124707315,0.556715950414536,0.1913256805771373
SG_008505,0,0.1650778705735152,0.3678355769468799,0.1263789353978854
SG_008507,0,0.21462348357198358,0.5312403758872223,0.2053269581493641
SG_008508,0,0.15310376876233317,0.40956351503238647,0.1353480920876789
SG_008509,0,0.17207254132558125,0.522789428490426,0.18366039505818174
SG_008510,0,0.23429368577011644,0.6323615481220056,0.26343578430287223
SG_008511,0,0.10892582461321616,0.45460471390879686,0.13032801802391247
SG_008513,0,0.14588794815431014,0.427594664902029,0.13832595944925735
SG_008515,0,0.15548691652996496,0.43079844477658047,0.14321847699605486
SG_008516,0,0.09193425412373879,0.18868604229282285,0.055926908055492136
SG_008518,0,0.17282624039138875,0.5342793404479159,0.1886414193886686
SG_008519,1,0.22316856764371681,0.5919796234422301,0.2372165509348988
SG_008520,0,0.30577558595473464,0.7178944135876433,0.3512213855361732
SG_008521,1,0.15111079800727398,0.46615972483571133,0.1534185798265211
SG_008523,0,0.11603815133684892,0.5054726468125331,0.15028870763213797
SG_008524,0,0.10974139272482279,0.4022388921307469,0.11539570670137068
SG_008525,1,0.20802333794399175,0.5807043079249429,0.22498964793312412
SG_008526,0,0.1710370481506748,0.47030706886437235,0.16321864133197006
SG_008528,0,0.12628123396066934,0.46469545478061813,0.14183346839418765
SG_008530,0,0.12890725332876316,0.29287012546043856,0.0926287579679684
SG_008532,0,0.12043727969745983,0.5256808202274869,0.15966861304106783
SG_008533,0,0.16946030352872407,0.5593000628553229,0.1975315046731099
SG_008537,0,0.21983666985297734,0.5766720572094314,0.22827678746538846
SG_008539,0,0.1782134865500394,0.5033679226691095,0.1786656697600123
SG_008540,0,0.22221985196371732,0.5856340074898699,0.2336635785539278
SG_008543,1,0.13240589691802865,0.5640058269307494,0.18063804551933726
SG_008544,1,0.278136468479901,0.5869936123500312,0.25780470399394
SG_008546,0,0.09006166149364898,0.29277022539447917,0.07925189811450876
SG_008548,0,0.1791421070400211,0.4436049362707705,0.1567990738615274
SG_008552,0,0.15789933180999535,0.46604912518643304,0.1562592480137727
SG_008554,0,0.1166574046266121,0.3513786617521277,0.10417232718789132
SG_008556,1,0.2920054595065819,0.5932038509978055,0.2666797136324146
SG_008558,0,0.22446895721290386,0.6004045286396404,0.24203130953350704
SG_008559,0,0.31806226990568476,0.6489209462786643,0.30961404967713047
SG_008560,0,0.16339853245130395,0.46840423233760564,0.15938990334012076
SG_008562,1,0.22924210932052055,0.6194367075853818,0.2540961321592744
SG_008563,1,0.33536984175256307,0.6401724606218745,0.31131334851353243
SG_008566,0,0.15449939424672424,0.5510134350170037,0.1868237961851828
SG_008567,0,0.14125776262630388,0.39141342077193303,0.12513311042768963
SG_008571,0,0.11957816356158153,0.4205001579537851,0.12503353209797893
SG_008573,0,0.1784614096717079,0.5285926970973304,0.18884059524356345
SG_008578,0,0.12137937778144538,0.5294287570829301,0.16152157315779533
SG_008579,0,0.2023895636188251,0.5858274936130848,0.22488207156204407
SG_008581,0,0.12086461596035665,0.40440144481092355,0.12082862917378294
SG_008582,0,0.18175871519563436,0.5920562985112143,0.21811806587431606
SG_008583,1,0.25534496205281526,0.6219487132341617,0.2670669415834022
SG_008584,0,0.23950874647783138,0.5238053269625388,0.2119723991266697
SG_008585,0,0.07272595746499638,0.3438879194273269,0.08361212176587902
SG_008587,0,0.18105058909204927,0.5249202624145075,0.18847997178753015
SG_008588,0,0.18119841257676095,0.5517957825452022,0.19978909032009837
SG_008589,0,0.10263267764657043,0.4677188433324963,0.1311121885432293
SG_008590,0,0.16669311194780545,0.47854930393659356,0.16443291296740092
SG_008591,0,0.2257505537432721,0.6396141588565634,0.2635128753619727
SG_008592,0,0.08950412975418874,0.27922784745203366,0.0758917039324852
SG_008593,0,0.22304604160714192,0.4591060197952291,0.1787897621688612
SG_008595,0,0.33435460393148797,0.6372965040792603,0.3091280709873156
SG_008596,1,0.2548723720028731,0.5819748077763732,0.24572370491321166
SG_008597,0,0.21346622251286487,0.6347122751812848,0.2549788712140958
SG_008599,0,0.197757584084695,0.5981138712335787,0.22866122099074307
SG_008601,1,0.16772573314542197,0.5748387536668504,0.20343416668357012
SG_008602,0,0.15229751546114478,0.5421974476821921,0.1821868824992472
SG_008603,0,0.3484159459504794,0.6363187286103754,0.31420574044149807
SG_008604,0,0.1732228374958981,0.47315269657542003,0.16515111876377517
SG_008605,0,0.20462437685415033,0.5794231069579454,0.22285514870812836
SG_008606,0,0.2543577725615887,0.6183171357515922,0.26463784194054113
SG_008607,0,0.09721140474587205,0.3840692539712203,0.10483374865973341
SG_008608,0,0.12196442626425631,0.31323286471631306,0.09581080898771463
SG_008609,0,0.1743640936148441,0.4555553944535364,0.15921951607143264
SG_008610,0,0.2045640942505548,0.5025078490544417,0.1891529182829848
SG_008611,1,0.32117272283702175,0.6712448632193254,0.3252537491828115
SG_008612,0,0.20966855587404568,0.6018246251994932,0.23603919033836154
SG_008613,0,0.19738450870613164,0.5844733890220385,0.22194021717914808
SG_008616,0,0.10623699275445775,0.32318927582281176,0.09278238661584352
SG_008618,0,0.17073578562333291,0.5219430787433906,0.18272684002700168
SG_008619,0,0.23686953913339978,0.5491168733634091,0.2224274612829847
SG_008620,0,0.2041325323111535,0.6407130886205289,0.25371566837674736
SG_008621,0,0.09795054519167123,0.3765385562455421,0.10318592461754073
SG_008622,0,0.10319198616438136,0.3282009954320178,0.09290149569396937
SG_008623,0,0.12778917107555057,0.4224851670201555,0.1291931601736676
SG_008625,0,0.22880486236276512,0.6007475780413494,0.24413313798237996
SG_008626,0,0.18813672673488493,0.3993512049708302,0.14460759511726787
SG_008627,0,0.17277600787268058,0.5194450476124206,0.18264023008125976
SG_008628,0,0.18593489269519314,0.5242834317912896,0.19033849601187025
SG_008629,0,0.1754162271935805,0.6086432837320481,0.22286896633636802
SG_008631,0,0.1182967338505223,0.2912080655607637,0.0887669462461382
SG_008632,0,0.22969860985173152,0.5694925222282551,0.22906372674004324
SG_008633,0,0.28405167785605245,0.6767114040001317,0.3126553664421663
SG_008634,0,0.11990234804623316,0.34978537403262544,0.10497033335912453
SG_008637,0,0.17306506554729498,0.4371588128095186,0.15221204699649812
SG_008638,0,0.1493322359770991,0.4933135921503773,0.16224520366019454
SG_008640,1,0.23461536891574034,0.5773929168256184,0.2349688490747094
SG_008641,0,0.15015928060380263,0.3439480883549226,0.1140291038369785
SG_008642,0,0.12812994739621095,0.40801627845413874,0.12494410681467627
SG_008643,0,0.16334765713002028,0.5800981932939082,0.2035810917668412
SG_008644,1,0.22850997593755437,0.5665742289889072,0.22717034203204192
SG_008647,0,0.18485672896114602,0.5438711485989268,0.1980517273147195
SG_008648,0,0.272530421979936,0.5299587986127257,0.2273740477662241
SG_008649,0,0.16335529298227577,0.4707777362774968,0.1602222095880599
SG_008651,1,0.22064936130866783,0.4817240523938899,0.18692738197752595
SG_008652,1,0.2020307200186535,0.47681048077322463,0.1779206115269225
SG_008654,0,0.12758834284696283,0.4213018978480775,0.12874523183512393
SG_008655,1,0.32028647236262736,0.6877130307088859,0.3359949363415487
SG_008656,0,0.15933242936536204,0.6111266262792536,0.21568703299424782
SG_008657,0,0.3066091638878292,0.7459212268954627,0.3735481304789222
SG_008658,0,0.23398177347624435,0.5469519104579871,0.22025578350457553
SG_008659,0,0.20177750486667267,0.5646002612282595,0.21470589145197258
SG_008660,0,0.16014926159300777,0.49369024793889615,0.16720157481968542
SG_008661,1,0.23131151650847773,0.5303702811190989,0.21167539927901508
SG_008662,1,0.1662487657605566,0.46502551609359827,0.15935565092730608
SG_008663,1,0.2844206590232696,0.6192183326252585,0.2779312992878665
SG_008664,1,0.3211583072861492,0.7543154625597637,0.3873043307107533
SG_008665,0,0.10514381548172035,0.42867296905686075,0.12081693925839478
SG_008666,0,0.10310838236525215,0.28571264198662705,0.08226347859765953
SG_008667,0,0.11908638993099745,0.3373263980119017,0.10127128186154524
SG_008668,0,0.25076811349233646,0.5598829765818675,0.2331353073216175
SG_008670,1,0.27274422771768103,0.6023668045738475,0.26377110599409087
SG_008672,0,0.11037478746293065,0.39472921911008146,0.11356254874545527
SG_008673,0,0.08967510571595033,0.3934512424496577,0.10376481541459485
SG_008674,0,0.3891099346438396,0.7611947116514839,0.42364023145012586
SG_008675,0,0.10519509961077277,0.39959874690737124,0.11263073497089304
SG_008676,0,0.09205668456020032,0.34061550422737,0.09152070203500785
SG_008677,0,0.1169459442117259,0.3326596530002182,0.09923032954863474
SG_008678,0,0.11023393220285134,0.323908251997165,0.09445532388582888
SG_008679,1,0.22689280099869488,0.6571232816382302,0.2740874196371892
SG_008680,0,0.1977061682338257,0.5524451098664795,0.20745510300999617
SG_008681,0,0.10228643122384388,0.43930335762599504,0.1224995771320976
SG_008682,0,0.12180530059884377,0.44828494179672607,0.1345230211255338
SG_008683,0,0.16506831053371404,0.5095374897789073,0.17535112644634873
SG_008684,0,0.19265336323098237,0.6075500499069919,0.23086220990417225
SG_008685,0,0.10523842104268971,0.39007939072313863,0.11003059312846702
SG_008686,0,0.19352981427763546,0.5688263623984158,0.2129270353566274
SG_008687,0,0.11652649252786212,0.25122906824471725,0.07794373400824767
SG_008688,0,0.14746419156081578,0.3484599487938036,0.11445808248633095
SG_008690,0,0.1719860409018099,0.5108095448653812,0.17889057354173837
SG_008692,0,0.11062968546771207,0.4068032951391851,0.1170833100653488
SG_008694,0,0.12360834432650565,0.4330143566760785,0.13060376012030853
SG_008695,0,0.11445444347368681,0.5010835209015627,0.14797381587508684
SG_008696,1,0.20478838582153658,0.6239676714661514,0.24507421669882926
SG_008697,0,0.19102769599561512,0.6068458831978198,0.22972755256754593
SG_008698,0,0.1845793083549808,0.4802948945038842,0.1724125863747688
SG_008699,0,0.24777217804699747,0.6110415273047664,0.25783657266471
SG_008700,0,0.24218721590503098,0.5792435296840498,0.23907374131589793
SG_008701,0,0.11643721250765972,0.3065425162506603,0.09214307136328609
SG_008702,0,0.29971027055219374,0.747203094884684,0.3713689582293157
SG_008703,0,0.3373188385596013,0.7578756395438149,0.3977512713706758
SG_008704,0,0.11439130676435767,0.30200337956943646,0.09025888147049783
SG_008705,0,0.10603725578647206,0.4009175509963229,0.1133749950974021
SG_008706,1,0.13239177956144044,0.4405623416407056,0.1368250685535306
SG_008707,0,0.3048650599566942,0.5958637081721778,0.2732498070797785
SG_008709,0,0.1330147087655236,0.31394643734498756,0.09971627305755255
SG_008710,0,0.26480759286989497,0.5712074849004818,0.2443474922010363
SG_008711,0,0.10757111922098951,0.38367608893673805,0.10929309624011892
SG_008712,0,0.15514187731239246,0.4618082432593565,0.1536177724913967
SG_008713,0,0.13828744395919892,0.485399630164239,0.15437975311974972
SG_008715,0,0.12054609703047553,0.4428941093109314,0.1322679350155149
SG_008716,0,0.17232923078254983,0.39095750305614596,0.1363204372532663
SG_008717,0,0.14188840472981978,0.4156970210379371,0.13291411073947296
SG_008718,0,0.12105431377839311,0.42778818653178746,0.12787617721676195
SG_008719,0,0.1820210152593111,0.494854549923713,0.17695294402889455
SG_008720,0,0.10354368683029892,0.4633095814478287,0.1302481588013342
SG_008721,0,0.21859693353293738,0.5758062692725778,0.2273229104714155
SG_008722,0,0.10866761054173525,0.40455338342110725,0.1155711967926214
SG_008723,1,0.21660992809457302,0.561153352134556,0.21957765450424763
SG_008724,1,0.22425333397288497,0.5802666108110696,0.23192986404005617
SG_008725,1,0.11563770030781473,0.4211993689680064,0.12349157541484047
SG_008728,0,0.3167440422949508,0.6477190928468227,0.30831617555531715
SG_008730,0,0.3507408864278269,0.6721705089299905,0.33831686245693293
SG_008731,1,0.17626411810283607,0.5553646545442498,0.19904916004948156
SG_008732,0,0.08097357496750397,0.276885621353893,0.07218317424708949
SG_008733,0,0.12502792405363622,0.4148588480226157,0.12570042811838164
SG_008736,0,0.13703103757235988,0.5443723852042575,0.17536811636948219
SG_008738,0,0.15470566668337835,0.4727263826842493,0.1572590791903412
SG_008740,0,0.11920070775737718,0.4078388618215803,0.12112663159121091
SG_008741,1,0.10810677796221164,0.32959086746934957,0.09513382487782272
SG_008742,0,0.18500799039333626,0.4345112666623789,0.1557624031573795
SG_008743,0,0.24193267438765287,0.6071739550541498,0.2532394178141064
SG_008744,0,0.10828647449662158,0.4201087835963537,0.11982818934019188
SG_008746,1,0.1163125936740167,0.4670246247477247,0.13781722398324533
SG_008747,0,0.18912496068769138,0.5520667786342576,0.20348709718098365
SG_008748,0,0.2126320466083281,0.5150978919345468,0.19760159166954774
SG_008750,0,0.11038746610743105,0.4070918226195465,0.11705760176139368
SG_008751,0,0.1940481673016942,0.5220822453421052,0.1928877234147301
SG_008752,0,0.15327655234855908,0.4570754995168876,0.15119971854889502
SG_008753,0,0.16974707821705004,0.4819920830374232,0.16697749336921341
SG_008754,0,0.17911808780364766,0.6036500637093444,0.22232321157029378
SG_008756,1,0.2636895248313212,0.5735436695597252,0.24506988093256876
SG_008757,0,0.14250241186944415,7.60101586229895e-05,0.00035250040835328793
SG_008758,0,0.14675554611638633,0.4418220455318065,0.14333713768496792
SG_008760,0,0.32392687841346085,0.6960957845836786,0.3434400738399081
SG_008761,0,0.18995821458514742,0.483693427084414,0.17586525043503148
SG_008762,0,0.09932000108568763,0.3560415225281021,0.09845687914378944
SG_008763,1,0.09942233544923051,0.17462838820619891,0.05455882632062059
SG_008764,0,0.16791029440768843,0.47653282429533594,0.1642032813137242
SG_008765,0,0.24755674621097404,0.6255399055201379,0.26563088395405443
SG_008767,0,0.1478997518453031,0.47970637249205544,0.15675024958974745
SG_008768,1,0.1192902157942628,0.3544443645768745,0.10601881496303309
SG_008772,0,0.13673782316527758,0.49916370803615756,0.1584792476425918
SG_008775,0,0.1259678327315282,0.4045168251404314,0.12300073807677138
SG_008778,1,0.27733398914423857,0.6248793077111794,0.27816175307834223
SG_008779,0,0.17400884796612714,0.5448851479384518,0.19356689625969983
SG_008781,0,0.09912987411083325,0.4384089170349812,0.12066583594423476
SG_008783,0,0.09560042220997596,0.5221542089211123,0.14434586344596467
SG_008786,0,0.2249776194371366,0.5654907513843226,0.2251645792903081
SG_008788,1,0.2591202030411144,0.5950034802810924,0.2541921463333751
SG_008790,1,0.11692578612785698,0.45513184891984626,0.13437386086617756
SG_008791,0,0.11948375743269317,0.37676743373458066,0.11231467972650878
SG_008792,0,0.17189051932463398,0.35606249757018316,0.12491872458980148
SG_008794,0,0.16922282899270125,0.42158740787087945,0.14541029186942747
SG_008795,0,0.13390319958387936,0.428402851724749,0.13362741920982588
SG_008796,0,0.14685073682294428,0.4737665579959527,0.1542084650048509
SG_008797,0,0.10007793846442381,0.261219818929347,0.07529879238580159
SG_008799,1,0.11954505993812477,0.530167233682215,0.16079704299893283
SG_008800,0,0.10475966662470254,0.35222593656259854,0.09971123567905381
SG_008801,1,0.1279573480684222,0.34034923197853356,0.10531557307012718
SG_008802,0,0.15409918263148506,0.47064454762705926,0.1562652470428494
SG_008803,0,0.12587597067405418,0.42406130806491077,0.1288534563499665
SG_008804,0,0.08990480334203131,0.34048760941961037,0.0905777354206067
SG_008805,1,0.22692757329272775,0.5932353350324364,0.23950062892847854
SG_008806,0,0.22101386312716342,0.6103265409088702,0.2455623070925243
SG_008807,0,0.14958889296687142,0.56042736843919,0.18822770096152125
SG_008808,1,0.2189320371887166,0.5576988666090507,0.21897103828012754
SG_008809,0,0.1573027176784136,0.48210032264179903,0.1617255737596142
SG_008811,0,0.11215751922453726,0.5761859250903426,0.17378568594705016
SG_008812,0,0.26518834115201173,0.5648394233994567,0.24132846464552843
SG_008813,0,0.25880469149760404,0.5785507190903484,0.2456086357858088
SG_008814,1,0.266257520250335,0.598182812085104,0.25884178850369816
SG_008815,0,0.12338731936625728,0.4565384014310625,0.1378600876814625
SG_008817,0,0.1913574507803172,0.6366003989904961,0.24511519597302397
SG_008818,1,0.26839944043817576,0.659312689149779,0.2946239870883269
SG_008819,0,0.14863426183966796,0.5158431510146588,0.17022363761205453
SG_008820,0,0.24788395065827565,0.5930162400271574,0.24843178124828502
SG_008821,1,0.1093906118890466,0.4115176261595988,0.11787144975848653
SG_008822,1,0.13325900721399833,0.3580682032330853,0.1122542550949582
SG_008826,0,0.19184302645554654,0.5525964659130506,0.2049311477578572
SG_008827,0,0.15395002503685173,0.46122989360926453,0.15291591517741412
SG_008829,0,0.17587357083865063,0.4764253051355084,0.1674400955161357
SG_008830,0,0.12083613231534647,0.4100837048655552,0.12248809182651821
SG_008831,0,0.3494514265959565,0.6230750802097694,0.3065395315917815
SG_008832,0,0.11726859364165503,0.47217309591258416,0.13992914977543958
SG_008833,0,0.11187828221255171,0.385348644934722,0.11158850411149228
SG_008834,0,0.2663166489158815,0.6404206603803064,0.28237335758581766
SG_008835,1,0.29672412444077695,0.5674275965475397,0.2549718824265766
SG_008837,0,0.2785378119154684,0.5398914738819883,0.23434742094084618
SG_008838,0,0.211185986135459,0.5691988155248411,0.2209688860717309
SG_008842,0,0.08750334246271907,0.3531929814493523,0.092632762351353
SG_008846,0,0.18403763783351865,0.4536591224216534,0.16229078654936208
SG_008847,0,0.11565392352566069,0.47821812277431747,0.14107222434377803
SG_008848,0,0.10062795200998532,0.4088908746576484,0.11310089422374604
SG_008851,1,0.12205674958096611,0.23670647881615395,0.07581138827826797
SG_008852,0,0.15695651909605468,0.5057288427939975,0.17026928363275842
SG_008854,0,0.20368593831878076,0.6544264778628098,0.2611265435954265
SG_008856,1,0.2683050436617245,0.5941459243586605,0.2575552411096829
SG_008857,0,0.15825767661542692,0.48368663094036335,0.16271278732201236
SG_008858,0,0.14097905122178264,0.4597117643375875,0.1468309571936063
SG_008860,1,0.15249422857922068,0.5075192596578549,0.16890537824805904
SG_008861,0,0.35290557116186555,0.6009121696253727,0.29484480123066775
SG_008863,1,0.11134189200689704,0.2980548131829058,0.08819571950021077
SG_008868,1,0.1243630294291249,0.47708307682768486,0.1449823620855973
SG_008870,0,0.15725433542372205,0.37681499678773434,0.12649292206866009
SG_008871,0,0.3027827488838945,0.7052347962008308,0.34059220772165055
SG_008872,0,0.1564077775720665,0.42277692929878674,0.14092350441792653
SG_008873,0,0.13430876438881126,0.3394422294515593,0.10730280367265682
SG_008874,0,0.12075742889943146,0.41595405494144466,0.12419414130955327
SG_008875,0,0.16387497455400202,0.44438269252925217,0.15114381516384992
SG_008877,0,0.11188043336883013,0.43814305332515796,0.12679511816054254
SG_008878,0,0.1345956600221995,0.4354452571014852,0.13614752130796906
SG_008879,0,0.106083323661889,0.3960022597893604,0.11203273717944139
SG_008880,1,0.11403279748991751,0.3526826450346101,0.10351249776639776
SG_008882,0,0.11829851179320539,0.35524336513352706,0.10585863290608524
SG_008884,0,0.17638082471325067,0.5867695199761627,0.2130439900281121
SG_008885,0,0.336436702551629,0.6245723931728079,0.30225955201309684
SG_008886,1,0.15054035562868154,0.4962966725429743,0.16387513535485052
SG_008887,0,0.09671994974909842,0.25089037483929766,0.07175275658219252
SG_008890,0,0.22404413584867336,0.6914255304925726,0.2937949983535071
SG_008891,1,0.28733005891055724,0.565980904811447,0.2505988089494993
SG_008892,0,0.18150820487730757,0.5714710401471285,0.2085622276691109
SG_008893,1,0.1141060064314488,0.4247844338006303,0.12385832743564197
SG_008894,0,0.24785560894970127,0.5707848201380152,0.23725374245869388
SG_008896,0,0.09024012116697448,0.35346393772780715,0.09390957778285657
SG_008898,0,0.15773340989505366,0.507627777701976,0.17133565197871264
SG_008899,1,0.15728808720500184,0.4486029949018894,0.149949246495293
SG_008900,0,0.19940922648698614,0.49740511964094924,0.18503086527382182
SG_008902,0,0.25272420530108197,0.6274294586139108,0.26896611122710706
SG_008903,1,0.2936457779555602,0.6193776010470048,0.28185253566689217
SG_008904,1,0.14328708364127515,0.4653115529236436,0.1497335834163784
SG_008906,0,0.1216914054114203,0.36399329713012574,0.10959299240354825
SG_008909,0,0.16867524686505075,0.4877526739944612,0.1686672628979403
SG_008911,1,0.20736368683297998,0.6081608458860611,0.23815694787589606
SG_008912,1,0.1744315602898546,0.445496303817056,0.1556636704465036
SG_008915,0,0.14407272456885445,0.4755891813612317,0.1536089086423998
SG_008916,1,0.19137225876647926,0.4497451115459756,0.1636364060970215
SG_008918,0,0.29109059587682856,0.6814157492876469,0.31889744874948983
SG_008921,0,0.08927898216354607,0.34390448020426767,0.09114270931462079
SG_008922,0,0.22270586939389903,0.6198435006882882,0.2513249842336768
SG_008923,0,0.08729225985393606,0.3491371799477559,0.09155002070235269
SG_008924,0,0.11547461494360423,0.37238274430616103,0.10947420880326245
SG_008928,0,0.29384709887554106,0.5507111322656912,0.245419745764621
SG_008929,1,0.18482220479344427,0.48609448008735145,0.17472444256934613
SG_008931,0,0.0967094256922816,0.3809419621096173,0.10378491626440556
SG_008933,0,0.3234268482540695,0.6163729498550177,0.2922219907225336
SG_008935,0,0.09523924159168418,0.45039214778485664,0.12210346292122236
SG_008936,0,0.09181554983155704,0.2764036390239403,0.07606831104057087
SG_008938,0,0.12607333216445735,0.4462141268030465,0.13581777820185895
SG_008939,1,0.2694314698119726,0.5783628629793672,0.24982712103644586
SG_008941,0,0.23463859730360395,0.6163754774520914,0.2548945512017275
SG_008942,0,0.2582941235328105,0.5017617621261163,0.2092972656522645
SG_008944,0,0.26318215979240406,0.49283271047457006,0.2071538479185837
SG_008945,1,0.17178030090252525,0.5150217259036926,0.18045180391320514
SG_008946,0,0.21405614524646052,0.5704845038044521,0.22282387233189252
SG_008948,0,0.2466273125747442,0.6574504305850017,0.2835819136585611
SG_008949,0,0.13016474555369148,0.4274225837134353,0.13173189807952543
SG_008950,0,0.24140047642577703,0.6576656581667278,0.2812795817954201
SG_008951,0,0.1182498340162587,0.43854401905368406,0.12987913167204665
SG_008952,0,0.148799352295833,0.3818514659864101,0.1250189986571067
SG_008953,0,0.17978532560032093,0.4839685841780185,0.1718647452059235
SG_008954,1,0.17724392165537342,0.5242547898904617,0.18654018146062534
SG_008956,0,0.28596528634836715,0.6463915667106557,0.29446502675830444
SG_008957,0,0.14562949545777526,0.5383990514874115,0.17740416322273078
SG_008958,1,0.18319839551893438,0.47392958512916655,0.16945761378074833
SG_008959,0,0.20858636662208577,0.6167372629887201,0.24311903759156675
SG_008961,1,0.21127591671435006,0.5647548326592722,0.2189442035700539
SG_008963,0,0.23618050599530918,0.5945398162488226,0.24419655746890526
SG_008967,0,0.13012919818157673,0.4495025984047353,0.13868470703621522
SG_008968,1,0.26280754046028326,0.5950539290557522,0.2557561555957971
SG_008969,0,0.20938439573363266,0.6167248112181513,0.24348885245004645
SG_008970,1,0.27291025104335315,0.6422705096596011,0.2863456375981669
SG_008973,0,0.10402709060857092,0.34522806656037797,0.09759553105655826
SG_008974,1,0.2554211752096786,0.6333891850491623,0.27351708525336377
SG_008975,1,0.29947715720862716,0.6456502172127558,0.2997859103666161
SG_008977,0,0.18929400640779673,0.5602384204672182,0.20715276124315934
SG_008979,1,0.10588625727286716,0.23579936567898355,0.07096881025920708
SG_008980,0,0.1509434607259136,0.5387700747159597,0.1801652591798779
SG_008981,0,0.1471055157770014,0.47152332320484486,0.15354176767494646
SG_008982,1,0.14171062216013494,0.39755925480685383,0.12719214559407097
SG_008984,1,0.17671380614913187,0.5964647209398368,0.21771444320888378
SG_008985,1,0.18605925220333566,0.5069246512149894,0.18337332972506376
SG_008986,0,0.11536067478378621,0.3929422576605967,0.1151943233216951
SG_008987,0,0.16235653466701058,0.5453705770857902,0.1883189792866324
SG_008988,0,0.13437606697719048,0.4990634565289697,0.15730928239280845
SG_008991,0,0.23573950457703063,0.6416435257499177,0.2693142506178762
SG_008992,0,0.08915132253629966,0.34489055817761266,0.09132819894729013
SG_008993,1,0.1427084134145203,0.4745653425601301,0.1526453039681805
SG_008995,0,0.16044150358553583,0.4516553803739252,0.15228213972096788
SG_008997,1,0.2594613257968697,0.660284885594325,0.2911858092677524
SG_009000,0,0.13841575950692517,0.43699267906627676,0.13826681000488497
SG_009002,0,0.1398536253102568,0.416654532006359,0.13239648336986712
SG_009003,0,0.13942117083566943,0.4683953196275385,0.14906623574545996
SG_009004,1,0.33463807434678144,0.6667354838536104,0.32796690946339363
SG_009007,0,0.12169787629369078,0.43711238199700325,0.13100900935983972
SG_009008,0,0.2937171546454111,0.6389921818748437,0.29332999794585995
SG_009009,0,0.22509906889003953,0.5968307337650527,0.24050210234339714
SG_009010,0,0.1768022570121802,0.5266068456251071,0.18729782013058077
SG_009012,0,0.10421374713987659,0.3637511529503183,0.10251567475018325
SG_009013,0,0.1354064118498682,0.418252277837751,0.131081330845244
SG_009014,0,0.22507762392079775,0.5415854322833419,0.2141865085029551
SG_009015,0,0.1236680923083276,0.4263665265046357,0.1285964668044061
SG_009016,0,0.07214254400184568,0.2903896565914516,0.07159849698363589
SG_009019,0,0.16065472273850237,0.5049296717578888,0.17162925029341086
SG_009020,0,0.12606441232866972,0.40483949514532785,0.12313686375805286
SG_009021,0,0.12858767157845513,0.3086401045625096,0.0967983505131324
SG_009022,0,0.23752986123038586,0.6121177202555566,0.2539167950300565
SG_009023,0,0.1489062580793822,0.47511075842972605,0.1555814242521916
SG_009024,1,0.3968795168817835,0.7600665757115241,0.4260033587909048
SG_009025,0,0.2808238773034826,0.6607843299258401,0.3010581547646934
SG_009026,0,0.1454196356673233,0.4661000445353067,0.1509362403728252
SG_009027,0,0.21960809222963815,0.5473552910176679,0.214534753256749
SG_009028,1,0.2008397882866444,0.5880344000252573,0.2252262331620347
SG_009029,0,0.18995563312263486,0.45843771310905423,0.16631127374111787
SG_009030,0,0.12315147723893728,0.42739121347889775,0.12868184377638903
SG_009031,0,0.27377419209072124,0.6398563400062676,0.28529825121709507
SG_009033,0,0.0918339562204663,0.34387532878669924,0.09222939170102944
SG_009035,0,0.1030269048799114,0.448889761748175,0.1256741745090645
SG_009036,0,0.09537879967662231,0.3186517345635745,0.08748648392781265
SG_009037,0,0.2067322502946014,0.49743623254069985,0.1879499248417113
SG_009038,1,0.12510959626524937,0.6465749186448078,0.21261269592502097
SG_009039,1,0.16460801116899862,0.4620573624666183,0.15762670627861833
SG_009040,0,0.10280487305435258,0.4270425602533409,0.11922689475897767
SG_009041,0,0.11988768202970479,0.4667084101895401,0.13945180566920076
SG_009042,0,0.1577611901333105,0.5302821245016329,0.18008312129399232
SG_009044,0,0.12935271647813568,0.4831506936447786,0.14940414479764502
SG_009045,0,0.1711265595239324,0.575130354749091,0.20522650165659664
SG_009046,1,0.2932762832270745,0.6026102943286181,0.2723102597158042
SG_009049,0,0.10512278384720913,0.46506548807999876,0.13159596313228852
SG_009050,0,0.2931432248484989,0.6941291893885253,0.3284304164991435
SG_009051,0,0.3338917368754908,0.6359924279150098,0.30814074355478277
SG_009052,0,0.14651066407191463,0.42128048602089285,0.13654007701507492
SG_009054,1,0.25149679612278025,0.5989624392328132,0.2530486989548534
SG_009056,0,0.12283638304908086,0.4407386487115105,0.13264293597080012
SG_009057,0,0.10313867833005848,0.5227607822237743,0.14901293195349496
SG_009059,0,0.1110883594215256,0.3687639366366531,0.10669803581153763
SG_009060,0,0.09129499959601504,0.39211688400602124,0.1041947990130134
SG_009061,0,0.15897321177803447,0.4854906548911495,0.16367827073099425
SG_009062,0,0.10341557103054773,0.4320831217143151,0.12096690103822383
SG_009066,1,0.10766880329366761,0.35547359663259753,0.10174140345789122
SG_009067,0,0.20329338116435366,0.6187026043639304,0.24161838456785625
SG_009068,0,0.17775907499394863,0.496659304861833,0.17587304360890335
SG_009071,1,0.20846890453127112,0.5822703386741057,0.22593622928959994
SG_009073,0,0.10125149390124283,0.4003566748394406,0.11104753765412619
SG_009074,0,0.10433577586942054,0.35642760922711253,0.10063861315967845
SG_009076,0,0.10272615465077378,0.4796403413022558,0.1348253239717719
SG_009077,0,0.13606156154147084,0.3623943315796695,0.11453200620933084
SG_009078,0,0.13304235810847026,0.5321414176506493,0.16865163122926205
SG_009082,0,0.1302863139842668,0.3561872231605898,0.11062587759864871
SG_009084,0,0.13394556106386926,0.48174459598777364,0.15109809222791182
SG_009086,0,0.18164141388448707,0.40525398455835443,0.14436857876908146
SG_009087,0,0.14379518919286424,0.5521416997113473,0.1819081011270283
SG_009088,0,0.11045204137132274,0.44978021052061745,0.1296125986517373
SG_009089,0,0.23154276595307413,0.5908528098564857,0.24032177365081692
SG_009090,1,0.19519663994963252,0.5740366635145282,0.21606852853258365
SG_009092,0,0.22001549362867046,0.6164962807676938,0.24832037966025108
SG_009094,0,0.14110896436622614,0.503061985377243,0.16195493554504237
SG_009095,0,0.19664759516875496,0.5851595652484737,0.22192399586328618
SG_009096,0,0.27826327882394986,0.6757298249610257,0.30941860890443085
SG_009097,0,0.1653339956744355,0.3872642107266282,0.13266186900352217
SG_009098,1,0.17596174302904652,0.5413951934581978,0.19300246609631608
SG_009099,0,0.11889848915431518,0.37461566515548744,0.11147429017061827
SG_009101,0,0.13708485924003908,0.5004583860982623,0.15910503923814695
SG_009102,0,0.12602662788311214,0.40401835710802336,0.12287679993802753
SG_009103,0,0.16905320141853405,0.50708061744792,0.17616109923481815
SG_009104,0,0.15866406345330916,0.43683680235585615,0.146500663010982
SG_009105,0,0.19183492790423617,0.5114095634829104,0.18758560170838473
SG_009106,0,0.2315694360378229,0.6537317970703139,0.27433143804928295
SG_009107,1,0.25747697365608163,0.5852688234238688,0.24847617615416825
SG_009108,0,0.11902569073604691,0.45460218005465325,0.1352046600336388
SG_009110,1,0.2282968161680379,0.7100474250039529,0.308378977280971
SG_009111,0,0.3191475758451237,0.6418740457300396,0.30570612267371206
SG_009112,1,0.16341608611854522,0.414007607861153,0.14069833256503333
SG_009113,0,0.31000201803871447,0.5913227962847991,0.27279426519476224
SG_009114,0,0.1179114694728991,0.2879207385774583,0.08778621183307134
SG_009116,0,0.15568416464153684,0.41621379427532706,0.13849127371717865
SG_009117,0,0.14489836226394545,0.4766206231266779,0.15433524029225265
SG_009118,0,0.10964492012524768,0.36491193810623945,0.10506545690566314
SG_009121,0,0.11193896331368824,0.3984819905945985,0.11529777913350313
SG_009122,0,0.1510179672863117,0.4376693496711211,0.14371074210846702
SG_009125,0,0.20762187231691395,0.47045944114475574,0.17757039540208477
SG_009126,0,0.10912358149367189,0.3938227292572444,0.11276531592043902
SG_009129,0,0.07898282067394612,0.26564467675906894,0.06895359071496075
SG_009130,0,0.12380479496102599,0.47909654105749067,0.14537802415834808
SG_009131,0,0.1148274919907818,0.28401874618069306,0.08577358824893254
SG_009132,1,0.31806511514113595,0.6382534723917506,0.30304788330425386
SG_009133,1,0.27442903715019445,0.6013985640541898,0.26394663393168705
SG_009134,0,0.17048933760226884,0.5506348625869396,0.19434459763959053
SG_009137,0,0.14782195384281777,0.41078454361519756,0.13370173251626097
SG_009138,0,0.09129446260745111,0.28167642592361025,0.07711261066336504
SG_009140,0,0.09630362348958656,0.29688808108074183,0.0825564228338303
SG_009141,0,0.22518981810008687,0.530320741517526,0.2092087936764986
SG_009142,1,0.0903421872921416,0.3067953085203441,0.08266320227229128
SG_009143,0,0.26153114995066407,0.6507074255767876,0.28633124645590824
SG_009144,0,0.22155509491133965,0.5521267051707652,0.21751623164546982
SG_009145,0,0.11500125248663985,0.48322109692308707,0.14236285068489649
SG_009148,0,0.08538063434886757,0.21009041685433286,0.05889305825990596
SG_009151,0,0.16118205457649182,0.5149517156430972,0.17569104214939477
SG_009154,0,0.11129827756702848,0.4308125972910212,0.12434517153001087
SG_009155,0,0.20495713349015765,0.6072884128441621,0.23658974047901377
SG_009156,0,0.22139434224511714,0.4653389523586453,0.18064994482738345
SG_009157,1,0.12309843663658464,0.6157414903236068,0.19700191484840315
SG_009158,1,0.2211340842996222,0.5548429016325188,0.21858525209508417
SG_009160,0,0.2176097929638242,0.4829938482120134,0.18629887248789226
SG_009161,0,0.10911343243807192,0.20708016179167815,0.06485863275686095
SG_009162,0,0.15972170316922185,0.44218799316301555,0.1487380128659164
SG_009163,0,0.10860452064382324,0.35784750059518633,0.10274953596061183
SG_009164,0,0.07774298736587042,0.28718458272958586,0.07319974177453555
SG_009165,0,0.1180602124890513,0.2844020922075797,0.08692184355708685
SG_009166,0,0.19017147742184362,0.53501842695135,0.19664014592151263
SG_009167,0,0.08093827866856695,0.3389304299985317,0.08628648380119533
SG_009171,0,0.1992518920956162,0.4181420938022426,0.1550249737990605
SG_009173,0,0.129517165334768,0.409716837485993,0.12603149572064487
SG_009174,0,0.15774295959674645,0.4742930524188928,0.15911418723600357
SG_009175,0,0.1955278867256791,0.4771868629264841,0.17555131801187437
SG_009177,1,0.12404425730985025,0.3639215718311986,0.11047794649755467
SG_009178,1,0.2508656517999594,0.6415997152715734,0.27618995396505197
SG_009180,0,0.17746462593650333,0.5308173384839222,0.18930824074245994
SG_009181,0,0.3485159215393328,0.641611776012134,0.3175411044602622
SG_009182,0,0.14811234934694853,0.413841973212053,0.1347896334921168
SG_009184,0,0.13119590525844457,0.36775872225174416,0.11428739585053681
SG_009185,0,0.09690407009496627,0.4862653115957187,0.13368545439655435
SG_009186,1,0.18244853775166806,0.5023033005566734,0.18003447319807697
SG_009187,0,0.12274451041147326,0.40278308922040085,0.1211447102431542
SG_009188,1,0.23971318791081753,0.583260022770283,0.24002823692852884
SG_009189,1,0.10887605187771386,0.32572717945147767,0.09442273128517326
SG_009190,1,0.2094673440611999,0.56817953935594,0.21974184808101366
SG_009191,1,0.15744142210638598,0.4144141425584283,0.1385758325117704
SG_009192,0,0.08692245388877999,0.3921073328685114,0.10208245036933397
SG_009194,0,0.19741163978749435,0.6317966333179067,0.24559788906322852
SG_009195,0,0.08822051761019455,0.27439086616726865,0.07431017219925973
SG_009197,1,0.2804935836390594,0.6415069702479388,0.28918102895972675
SG_009198,0,0.1075575054705435,0.3856814907647427,0.10983653758333435
SG_009200,0,0.3000876912914004,0.6274770452355023,0.2891949194733774
SG_009201,0,0.13122102179013928,0.5347318106927654,0.1686786553804719
SG_009205,0,0.17421316629743122,0.4515881359742382,0.1577416221124155
SG_009208,0,0.22066844474189207,0.5389838578665739,0.211216098821509
SG_009211,0,0.3189652456013097,0.692837623921858,0.33898150694072887
SG_009212,0,0.0995176217004393,0.39066290694708233,0.10763206920141619
SG_009213,0,0.11241006085741935,0.3453575311384099,0.10091849582549076
SG_009215,0,0.19929515773541306,0.5650534108046216,0.21380860729444806
SG_009216,1,0.16166238176114175,0.5279177482486357,0.18097081035857057
SG_009217,0,0.10879399923683764,0.416681084836036,0.11907713060142087
SG_009218,0,0.14346618123223429,0.40509099368362134,0.130209877751107
SG_009219,0,0.10054816108707831,0.3268718842757262,0.09154160757896482
SG_009221,1,0.22344372711268523,0.831108792505848,0.4120084574814552
SG_009222,0,0.18070894262493908,0.519658419012503,0.18619765728489787
SG_009227,0,0.22689158838997892,0.6151924410270583,0.25077635692607303
SG_009228,1,0.09209711362591395,0.33584367623641187,0.09036634308672131
SG_009231,1,0.10360286580395255,0.2506616550536494,0.07388152849569343
SG_009232,0,0.1551018243996783,0.48661116910299407,0.16239551457988016
SG_009233,0,0.09952411704774095,0.35190724670646056,0.0974804181249581
SG_009234,0,0.1003139473595071,0.38959845351779104,0.10770657809648276
SG_009235,0,0.10425125739100782,0.4169821948664238,0.11705854590293814
SG_009237,1,0.12656855153092658,0.5099101382761978,0.1572687585344544
SG_009238,1,0.26408166299776525,0.6032335105292335,0.2606234544222278
SG_009239,0,0.251859853833247,0.5633601964338343,0.23525919909778797
SG_009240,0,0.16082547727919216,0.5185129069326813,0.17690499812521956
SG_009241,0,0.13706301468916696,0.43082883344663125,0.13572514830663862
SG_009243,0,0.23747774603473037,0.627782812234671,0.2623552019462909
SG_009244,0,0.19854668216281338,0.6070754007291791,0.23345324160324885
SG_009245,0,0.12822226263333414,0.31363903728573767,0.09803969027240524
SG_009247,0,0.1203565260289355,0.4023616939769262,0.12001722245834624
SG_009248,0,0.20587595455724605,0.4568316065813569,0.17167200861097515
SG_009249,0,0.17319627371320326,0.49395386415841624,0.17291519739067904
SG_009251,0,0.13143538871678853,0.462830359626939,0.14360217753703952
SG_009252,0,0.2159793740293725,0.6089576761744782,0.24255419010893203
SG_009254,0,0.24466197013486612,0.6275348388017188,0.2654477082324439
SG_009255,0,0.14493766761908863,0.49394504227204145,0.16046603817592478
SG_009256,0,0.13651266720177338,0.4880160898569642,0.15446079562249948
SG_009257,0,0.1510713744939272,0.4868413095484501,0.1606957742663291
SG_009258,0,0.09646925604336931,0.30139860278903047,0.08370753716038551
SG_009259,0,0.1640542829955928,0.48033836035514443,0.16397588152645717
SG_009260,0,0.14538884735215155,0.47668063476312267,0.15457468048420192
SG_009261,0,0.17082318066656135,0.7171353101721708,0.28133481019303397
SG_009262,0,0.1332910708797935,0.33221736023411924,0.10490855540642334
SG_009263,0,0.16092762439802055,0.4094216583394845,0.13825750927139102
SG_009264,0,0.21420778406337626,0.4799508611911668,0.18379439273743228
SG_009265,0,0.13033316497657585,0.4106215665676494,0.12664310143125326
SG_009267,1,0.20365155007604185,0.5459227111230686,0.20715673794885064
SG_009269,0,0.1288772209556667,0.38494687835252306,0.1183988537719742
SG_009270,1,0.09929040772307755,0.34701179196011983,0.09613255087108653
SG_009271,0,0.2435449221975291,0.5375645815473976,0.21976550762946565
SG_009275,0,0.14059494065850528,0.447715668937526,0.1426825861137336
SG_009276,0,0.12891664566015298,0.33998364882088433,0.1055556679822576
SG_009282,0,0.23502130572694002,0.6265462241132004,0.2605636466916587
SG_009283,0,0.2392945125301704,0.5108029918492264,0.2061677770184057
SG_009284,0,0.15795404143697586,0.4928101739451094,0.16591224327669998
SG_009285,0,0.19017931046672812,0.5724424255632834,0.21303758274150625
SG_009286,0,0.19197241437368548,0.4695699000593811,0.17125978811699102
SG_009287,1,0.10204837552534392,0.33465016741796744,0.09409528210448975
SG_009288,0,0.14965334018559825,0.47091247104066253,0.15444158081794085
SG_009291,0,0.2931160711348604,0.7528408065220447,0.3729104531154687
SG_009292,0,0.21640126578471017,0.6109815105342782,0.24378860115353831
SG_009293,1,0.29458901478773525,0.6258040785340561,0.285938677252682
SG_009294,0,0.09729146203260823,0.3882430557164927,0.10597353485780095
SG_009295,0,0.11778869357955175,0.13730395309079652,0.049215465585237796
SG_009296,0,0.129456972100523,0.45263282867221183,0.13938878212280834
SG_009297,0,0.1030027092497096,0.3287405038793702,0.0929654659174106
SG_009298,0,0.1712470260407644,0.439168276580037,0.1522151571229058
SG_009301,1,0.10081292125199874,0.2920392014332662,0.08301046504287805
SG_009302,1,0.19305653913861284,0.4932014566268017,0.18081206210023426
SG_009303,0,0.1622432090609176,0.5356228508350449,0.18431126894451824
SG_009304,0,0.12952506158067192,0.43597401588062623,0.13412550501180223
SG_009306,0,0.1979532799346265,0.5149244111260242,0.19155822878586265
SG_009308,0,0.154900840724,0.45789076180004984,0.15215942517052639
SG_009309,0,0.30506343897597477,0.6742665980518853,0.3203151142951321
SG_009310,0,0.16916775938170878,0.5358519475867493,0.18761424867042645
SG_009311,0,0.102617815416851,0.3470932629801979,0.0975107372812227
SG_009312,0,0.11129117620826678,0.31383149284801115,0.09223047041713857
SG_009313,0,0.13216129022924203,0.3595383404569845,0.11227508775272571
SG_009314,0,0.08777623846927579,0.37714333317676346,0.09869740309054732
SG_009315,0,0.3149255789436358,0.6541474895543931,0.311575489301354
SG_009316,0,0.10371059135521053,0.22662514220568364,0.06811430727082228
SG_009317,0,0.19941419350022596,0.5765494752977725,0.21915161713340509
SG_009318,1,0.25106117063718775,0.5890930341487721,0.2477597210498925
SG_009320,0,0.17022067669738208,0.4922958886239801,0.17102624177379044
SG_009321,0,0.13192084773413223,0.4558319457090192,0.14153262686190285
SG_009322,0,0.22118744783457148,0.5612470834313826,0.2215697185963568
SG_009323,0,0.11417034239131264,0.471117214711542,0.13805812699603473
SG_009324,0,0.19706888903370423,0.6269526912093736,0.24288137311887978
SG_009325,0,0.10091113795019031,0.45461620121488416,0.1262889885044952
SG_009326,0,0.1679556100785604,0.5922895946379773,0.2113939301841651
SG_009327,1,0.20702983090737445,0.538115475775073,0.20517046345814854
SG_009329,0,0.20164716101115096,0.570698437197333,0.21744488402989515
SG_009330,1,0.19658349556129937,0.5301770016513906,0.19734871991865688
SG_009331,1,0.11517916030538052,0.4128505838095967,0.12084026690450046
SG_009332,0,0.22711193540642338,0.5154317635817405,0.20347490927178763
SG_009334,0,0.1656090652999573,0.509890985290531,0.17572725394577196
SG_009336,0,0.2701232951757736,0.6311002255431938,0.2786319663420404
SG_009337,0,0.14519303672926218,0.4539633731944485,0.14672516196813465
SG_009338,1,0.12635054626546785,0.4470774191047972,0.13621562078271535
SG_009339,0,0.10653838205314729,0.32891423529040653,0.09436473170846338
SG_009340,0,0.11816160194225533,0.4159281624878282,0.12305455936669914
SG_009342,0,0.09032067342820431,0.20381072579921658,0.05893052386524347
SG_009343,1,0.12156680521547181,0.4692327312864509,0.14107184488625413
SG_009344,0,0.16934591892921144,0.46471147784770095,0.16050448082035287
SG_009345,0,0.13943019556483463,0.44712373670554667,0.14198842953656748
SG_009346,0,0.0932144432842865,0.3346978286437797,0.09054814694856088
SG_009348,0,0.11802771525247392,0.36122986025936216,0.10740227559689279
SG_009349,0,0.13412547535688185,0.4851492886264276,0.15234865362970312
SG_009350,0,0.09563464652544851,0.35358226668994935,0.09627079331724495
SG_009351,1,0.2435564626201647,0.6061286737022751,0.253396155456405
SG_009352,0,0.16482812949710735,0.462893446865005,0.15801380207480498
SG_009353,1,0.16388632380560678,0.5176642650094403,0.17796601365184964
SG_009356,0,0.1945016285030419,0.5502217585634842,0.20506830409730764
SG_009358,0,0.1392891080739792,0.49307524926115687,0.1575337885075631
SG_009359,0,0.16915162229389671,0.5203329640893106,0.18138039113119594
SG_009360,0,0.14666209699043378,0.5024093836769421,0.16432388505964476
SG_009361,0,0.11057949687499531,0.3245949396759221,0.09476130971984105
SG_009364,0,0.1568904805853525,0.4558307736105658,0.1522735008726849
SG_009368,0,0.11897958289566983,0.31465579403094884,0.09515995647925178
SG_009369,0,0.23497474363178172,0.5863546850958796,0.23955200664857854
SG_009371,0,0.1318047893670162,0.3185103046991013,0.10057851749350623
SG_009372,0,0.13302634777590147,0.4274387273737859,0.13295425622411555
SG_009373,0,0.09689394631024185,0.3590414494448668,0.09819719014816819
SG_009374,0,0.0998173294239992,0.3100771903137486,0.08708018728062068
SG_009375,0,0.20651154787716242,0.511542529130297,0.19365195070979327
SG_009376,0,0.14504725536466226,0.5490324207963697,0.18130454717772443
SG_009377,0,0.09971810125972393,0.3821835453141571,0.10545972033716687
SG_009378,0,0.16114656768564803,0.4638938974061204,0.15685295701211827
SG_009379,0,0.1862401534340891,0.555233327847837,0.20356892230564672
SG_009380,0,0.07831374954844976,0.26912583912085797,0.06946256153225135
SG_009381,0,0.24536183317715668,0.6161009627907594,0.2595025930915318
SG_009382,0,0.10952775881159611,0.38554695168507136,0.11064507924771748
SG_009383,1,0.11214489203178574,0.38012066181806464,0.11025014417243298
SG_009384,0,0.14407461097127905,0.47941950538718897,0.1549409244980728
SG_009385,0,0.1436251778045933,0.4849647768665031,0.15667906993043565
SG_009387,0,0.22676572492448135,0.5304030776381652,0.20987695523382432
SG_009388,0,0.13536040416434159,0.47294430799095694,0.14876556276956268
SG_009389,0,0.15406895037938664,0.5096171403270908,0.17041484120990738
SG_009390,0,0.15890958169155955,0.5173952294636713,0.17559630521491312
SG_009391,0,0.16571560356109585,0.4900082754773767,0.1682470522616691
SG_009393,0,0.10760439565944174,0.376052795266732,0.1072310368164274
SG_009394,0,0.1523709287971655,0.49209052297708306,0.16317038337798775
SG_009395,0,0.12706609935042604,0.4436036286563106,0.1354399559244626
SG_009396,0,0.09500827196678675,0.3632186110292822,0.0984479951109222
SG_009397,1,0.18332221333555374,0.5419009836088129,0.19653122516314223
SG_009399,0,0.15160470000888124,0.4472552231311381,0.14716055976104386
SG_009401,0,0.20276801533405267,0.534000243093104,0.20159455123980147
SG_009405,0,0.27371239127950764,0.5809397583732401,0.25287361552227605
SG_009414,0,0.30591140586032495,0.5915672204604657,0.2713181387885901
SG_009416,0,0.10973548954575098,0.3842287044224278,0.110369909506102
SG_009418,0,0.21566121233875787,0.6130545231192736,0.2445178904525009
SG_009420,1,0.2302739796907595,0.6406550600506442,0.2662159052894995
SG_009421,0,0.13190072059884458,0.4029062012150847,0.1249469937659695
SG_009422,0,0.28179991179878283,0.5889830704614595,0.26032906257197025
SG_009423,1,0.33176545587042217,0.6747961519620375,0.33212024790219435
SG_009424,0,0.14958049201767273,0.5793327041290608,0.19618159550520042
SG_009428,1,0.1105925536705467,0.42372544211046964,0.12193991789078548
SG_009430,0,0.17722045689430876,0.4855562927297577,0.17141255142609138
SG_009431,1,0.3365436007098997,0.7486782084849248,0.38955014092997164
SG_009432,0,0.1129664327979995,0.2925181180242629,0.08733303053129318
SG_009433,0,0.16541924923730056,0.4077126146669947,0.13936041693100662
SG_009435,0,0.12233580165052749,0.4298155021246305,0.12906034341550232
SG_009436,0,0.22756993305399875,0.5851976919576221,0.2357830148747623
SG_009437,0,0.14613076469292458,0.516074995286268,0.16912228214442535
SG_009439,0,0.11113768284876298,0.4116179567713013,0.11868640920801589
SG_009440,0,0.21137644223842958,0.552292292569958,0.21329708040509024
SG_009443,0,0.09607529821095691,0.4276707336254646,0.11610017151479796
SG_009448,0,0.13316564213843793,0.46815368414257696,0.1461541547471407
SG_009450,0,0.19423402898456585,0.5873999934376595,0.22186188131639054
SG_009451,0,0.08464682891781528,0.26602745239597236,0.07111804754809428
SG_009452,1,0.31438458940182473,0.7203747297740255,0.35698445177328597
SG_009453,0,0.14297852198553693,0.49738429893203706,0.16079133519679709
SG_009454,0,0.09146315419847928,0.3113103964613142,0.08417665686250965
SG_009456,0,0.10195446664145419,0.3786009055133064,0.10549187694058884
SG_009457,0,0.1366504213748087,0.4947106829186676,0.15686542748763194
SG_009459,1,0.2502526112080199,0.575285318265487,0.24046259035690062
SG_009460,0,0.10325549187415291,0.4260042176658339,0.1191474430787464
SG_009463,0,0.29193533039427333,0.6739798496531236,0.3143766859430428
SG_009464,0,0.10115633266726887,0.36946925620687915,0.10272900701427491
SG_009465,0,0.0962542465594215,0.45638878951180184,0.12437721027129772
SG_009467,0,0.21115978855524586,0.5046559791540618,0.19265443954461797
SG_009468,1,0.19349531706978942,0.5861580557534485,0.2209301699537837
SG_009469,0,0.13188280272413444,0.4173347738634638,0.12933824197237354
SG_009470,0,0.1780930033548025,0.5453354510058129,0.19562423521047614
SG_009471,0,0.14723090133624098,0.49370033964239146,0.16142919694848382
SG_009472,0,0.1013257004000359,0.348636112185275,0.0973828666971789
SG_009474,0,0.20152423787064344,0.5967569644244088,0.22976200841953215
SG_009475,0,0.1653071184663348,0.4479493308074339,0.15294900522615207
SG_009476,0,0.15704292256389474,0.553067157939937,0.18891518321152553
SG_009477,0,0.12111641125210987,0.3531956380634099,0.10636819926234814
SG_009480,0,0.18593614501820444,0.46606390659921004,0.16759624496660736
SG_009482,1,0.3124299407309443,0.6408824211428567,0.3023148976919416
SG_009483,0,0.22683362105233482,0.5561874110424557,0.22158927549853025
SG_009484,0,0.1647793888140931,0.5684348132898516,0.19919289074151234
SG_009486,0,0.09279941625620658,0.41042451661683327,0.10976022936093249
SG_009487,1,0.10681844963051419,0.41668804429439327,0.11816999185675166
SG_009488,0,0.16660120995829478,0.5015943654382718,0.17298845041549535
SG_009489,0,0.21793288445549164,0.5243146649981028,0.2036673606723574
SG_009491,0,0.13747235739644706,0.4589361968927323,0.14502832204500016
SG_009492,0,0.1406012150140275,0.34614591671952644,0.11141727795689442
SG_009493,0,0.15201777553259307,0.5618431891577003,0.1900450991798063
SG_009494,0,0.1932416284169328,0.5746411988776328,0.21545171733831292
SG_009495,1,0.15056878366541707,0.5153622672556251,0.1709534291624073
SG_009497,0,0.15488935671393403,0.5499490692637902,0.18658145647578053
SG_009498,0,0.18432467969557512,0.44657074940282876,0.15982846029443307
SG_009499,0,0.3862061178156455,0.5689123685427806,0.2892453636413497
SG_009501,0,0.2859614572585938,0.6322309943024063,0.2860557214569804
SG_009503,0,0.14461642404127947,0.4812020495314697,0.15580744672522823
SG_009506,0,0.12836736255675887,0.44016009812606127,0.1349332420212328
SG_009507,0,0.12060486715983414,0.22688448207611353,0.07289180349968523
SG_009508,0,0.17149222464100186,0.5544116287713511,0.19641132602788064
SG_009509,1,0.1508016752489062,0.5457139050990718,0.18285763577083583
SG_009510,0,0.20329227863288457,0.5253640676014395,0.1981296744742565
SG_009511,0,0.23313419558975323,0.5782330722863084,0.2347512551711173
SG_009512,0,0.12089556364295262,0.4248963317868188,0.12693235045458573
SG_009513,0,0.1670795230169763,0.5187831855249636,0.1798415135357735
SG_009514,0,0.22482897987157127,0.6759199971941637,0.2843940945084597
SG_009515,1,0.2079419021736841,0.6110551249681264,0.2398976365228142
SG_009517,1,0.25895748582113187,0.5643455769023722,0.23859725886186448
SG_009520,0,0.18738120120157065,0.5359957888191037,0.19583533750033272
SG_009521,0,0.1289545934068085,0.5484378395558152,0.17267165682125565
SG_009522,0,0.1163628028665925,0.3781950934494768,0.11145363565710606
SG_009523,0,0.1462196197895226,0.46562285472815945,0.15112146755102573
SG_009524,0,0.23228428735670922,0.5985208645453657,0.24452822535160929
SG_009525,0,0.11585818659534652,0.2589441320354049,0.07970292815808959
SG_009526,0,0.12103380478480025,0.27472209414570076,0.0853489991519225
SG_009527,0,0.13501582599907624,0.4460756726647178,0.13973697880760136
SG_009531,1,0.1159488827021196,0.43109232521703555,0.12657344529708592
SG_009532,0,0.3330383763343303,0.6377118250947907,0.3088479836026697
SG_009534,0,0.18123577172564007,0.5965293980108164,0.2199722021305583
SG_009535,0,0.2360078729915034,0.5552691264735637,0.2249478110396628
SG_009536,0,0.3017952714524857,0.6127220214462665,0.28140784313253364
SG_009538,1,0.13051963523946367,0.4260631908109352,0.13146135089371555
SG_009542,0,0.299115905172766,0.6125421454289647,0.2802161936780332
SG_009543,0,0.13011689773410376,0.4305052414022946,0.1326708362035078
SG_009545,0,0.14213703693799232,0.5160558349059824,0.16719785994260572
SG_009546,0,0.11540404895644996,0.4641991137228238,0.1364798276325662
SG_009547,0,0.08362966409274168,0.2728960775228165,0.07228957345996453
SG_009548,0,0.2548420507839381,0.5826730825164761,0.24606495376638968
SG_009549,0,0.09782929119648343,0.21804432971865947,0.06437489655362663
SG_009550,0,0.17417157305544373,0.583525115397601,0.2104814354183106
SG_009551,1,0.29564323676946186,0.5872765055719565,0.2649497016381356
SG_009552,1,0.21128305178869766,0.5589523553673342,0.21628036158829106
SG_009553,0,0.09291777845731473,0.3531279223909761,0.09499148406047889
SG_009554,0,0.26818469415009266,0.550708655043418,0.23559247536745773
SG_009555,0,0.12194162233234163,0.4662865157747555,0.14030048302020387
SG_009557,0,0.12075322671941979,0.13603579441922353,0.04944081398126794
SG_009559,0,0.1889164764186266,0.47807454111661385,0.1732958743674046
SG_009560,0,0.07817414331908137,0.16552285442894846,0.04711454570059076
SG_009561,0,0.17841063567536164,0.46489430806693777,0.16420464846427743
SG_009562,0,0.1606483090353982,0.4069158826445686,0.13733439278859746
SG_009563,0,0.1054556841592331,0.4683629131985482,0.1327775556249792
SG_009564,0,0.20350624346515597,0.5769598173923592,0.2211923668636602
SG_009565,1,0.19108755785419276,0.5513180150839632,0.2040362175934219
SG_009568,1,0.16710454018731172,0.5035176162357871,0.17394123678598924
SG_009570,1,0.30097497669678447,0.6426052136540884,0.29856779773464637
SG_009571,0,0.13925827599311721,0.5079245824761817,0.16282917896702895
SG_009572,0,0.27839240083069483,0.571810601886045,0.2500626084629076
SG_009574,0,0.17617041110095188,0.48804022368274896,0.17191759201378748
SG_009575,0,0.18049294789817819,0.5386263034942067,0.19389027809155826
SG_009576,1,0.2814936469182609,0.5829059229138916,0.2570140521525978
SG_009578,1,0.23862125111739332,0.659862201798066,0.28128832485037836
SG_009579,1,0.28522887669693997,0.5842425537332523,0.25920513345053325
SG_009580,1,0.1782421969961915,0.5424385609023766,0.19447353737382128
SG_009583,0,0.11189317013593454,0.25507893745975546,0.0775236844909829
SG_009586,0,0.24008016757864517,0.6215160946399004,0.2600970191445746
SG_009587,0,0.12828379157044736,0.4398088052316987,0.1347857958588329
SG_009588,1,0.19193307789155364,0.5858760231330887,0.2200666972562654
SG_009590,0,0.11500292298200017,0.3968616389819587,0.11615734698174103
SG_009591,0,0.22946707965375665,0.682404660514646,0.2907373086360443
SG_009594,0,0.12730949396700733,0.4176372965098612,0.12750945008261613
SG_009595,0,0.3567586123038404,0.7091064327833156,0.36710159927689556
SG_009596,1,0.33758368510900105,0.7203243852162146,0.3672740635815849
SG_009597,0,0.10116855839334558,0.2586698550573196,0.0750410823353755
SG_009598,0,0.11457548591098983,0.33371167423677234,0.09863684841352194
SG_009599,0,0.10868906676354295,0.40135472853164955,0.11468064595082651
SG_009600,0,0.1914170270719827,0.519640817049356,0.19076992881010807
SG_009601,0,0.09395305348318517,0.34917784250897144,0.09444723486330643
SG_009603,0,0.19878832872657928,0.5487627707876777,0.20630530049372142
SG_009604,0,0.28400102930024157,0.5912960273873225,0.2624427696148602
SG_009605,0,0.1019254677052915,0.31850356947999975,0.0899706767233098
SG_009606,0,0.12235253496235271,0.49121160489868926,0.1487063541348552
SG_009607,0,0.1183345772743053,0.4364199909713763,0.12927100696569124
SG_009608,0,0.14576776217560164,0.470894813733666,0.15273676377240894
SG_009609,1,0.2046491409559932,0.5765681903569218,0.2215220238615971
SG_009610,0,0.19829265443090136,0.5926114288343306,0.22624462689319716
SG_009611,0,0.12063378043361876,0.42922589868257516,0.1281246132076694
SG_009612,1,0.09607556208263139,0.3503311876534707,0.09563591247718826
SG_009613,1,0.12403087364112057,0.35338414852024347,0.10751626807939481
SG_009615,0,0.1780537924117007,0.4036060443448428,0.14254462744887306
SG_009617,0,0.11708050744347849,0.4863676729818598,0.14444541684971712
SG_009621,0,0.11447275146556087,0.43061358292500806,0.1257545439040133
SG_009623,0,0.17864044794834885,0.5021333192840308,0.17836520041046394
SG_009624,0,0.1955656325820114,0.5427485741457297,0.2022835129370767
SG_009625,0,0.277023059535013,0.5679982765481952,0.24759048230654768
SG_009626,0,0.11581637193161796,0.4722366991560531,0.13923238168515426
SG_009627,0,0.21560837995670892,0.6251379246118431,0.25083852767650994
SG_009628,0,0.1536874892506803,0.4880529790825349,0.1622933776693093
SG_009629,1,0.19339885600492623,0.6086772750837043,0.2317814138498352
SG_009631,0,0.14336581720362288,0.48794825627511185,0.15761195418087826
SG_009633,1,0.23526546970388462,0.568552198342814,0.23095167589701945
SG_009634,0,0.3647399555177134,0.6110403254095704,0.3053392241726433
SG_009635,0,0.23686404904253408,0.543333586634803,0.21975497513451475
SG_009636,1,0.13045108854031465,0.45920614867067155,0.14196760101049075
SG_009637,0,0.2533409841552107,0.5861369829062175,0.2472030271021063
SG_009638,0,0.10648983490038087,0.287314492620775,0.08382197346919257
SG_009640,0,0.14759927996376487,0.4642319068439791,0.1512426976950191
SG_009641,1,0.15964400890777952,0.52375242018178,0.17840036088283057
SG_009642,1,0.27400679896948693,0.7068351057349181,0.32851025180920085
SG_009643,0,0.254096644971424,0.65589297285632,0.28607900376318496
SG_009644,0,0.1565530285205468,0.5186985609975688,0.17501216411786302
SG_009645,0,0.11409501611480584,0.7640869202651319,0.274091285013078
SG_009646,1,0.10956320071228011,0.36617623056363663,0.10537315848158574
SG_009647,0,0.21058394640657743,0.49336177522405944,0.18780401269143018
SG_009648,0,0.1340906764818009,0.381375902288861,0.11937186484314419
SG_009650,0,0.10237549879652554,0.43941297101386056,0.12257551047704475
SG_009652,0,0.15556286495774474,0.42832268688257025,0.14242644081243078
SG_009653,0,0.08665683750025117,0.31614038842456255,0.08339537528855509
SG_009654,0,0.2153017567013972,0.5326094647732005,0.20620223757918493
SG_009655,0,0.15393657751323062,0.5070900585547092,0.16940645592952597
SG_009656,0,0.2599858190934577,0.5152349870810096,0.21591906835623123
SG_009657,0,0.1893924844437664,0.5428204995794726,0.19961450031938593
SG_009658,0,0.07126014734428361,0.17157273427391873,0.04650442590301298
SG_009659,0,0.20734385251091147,0.5499179707369032,0.21050954181498976
SG_009660,1,0.2582620219430461,0.6488631095248966,0.2837672629511208
SG_009662,1,0.2111566325837921,0.501043751897292,0.1911640429630231
SG_009663,0,0.08814371729408031,0.09903496699717707,0.034099346926442814
SG_009664,1,0.11986873110462688,0.4235956979048024,0.12608765983104472
SG_009665,0,0.18270980630029343,0.5276257202564939,0.19031187326757015
SG_009666,1,0.1495760609614553,0.4722215344169306,0.1548643727965087
SG_009667,0,0.1679207375266025,0.5193272448068059,0.18043259785928276
SG_009668,0,0.11139006490651353,0.3822492616786734,0.11052295606954404
SG_009669,0,0.18463420950929677,0.5252050648900578,0.19015489158450918
SG_009672,0,0.237904212502961,0.4949258297404771,0.1988285752701217
SG_009673,0,0.13488687011549252,0.4180475803522024,0.13080356370466054
SG_009674,0,0.13976100792882784,0.45691134200067335,0.14536265972196033
SG_009675,0,0.10201947455024944,0.43177010278091493,0.12019697776508823
SG_009676,1,0.17107434574234695,0.4763031947352185,0.1654289739128199
SG_009677,1,0.3070036204350939,0.665834130086324,0.3156565954340385
SG_009678,0,0.21234893434749644,0.5962995239007608,0.23451501721004384
SG_009680,0,0.13329354981229657,0.41513992997549115,0.12924707092815416
SG_009682,0,0.1064174147558229,0.33307852350694045,0.09539174780704973
SG_009684,1,0.3853530088610066,0.6698453344274573,0.35097218610782877
SG_009685,0,0.09260831500235746,0.30005005803758633,0.08193323957852018
SG_009686,0,0.20176847025676184,0.5723971838020433,0.21828478613559835
SG_009688,0,0.13419009416458635,0.5035490140186987,0.15880591719202486
SG_009689,0,0.11233432578594162,0.3735029457109287,0.10850415038187122
SG_009692,0,0.11522071185936007,0.26265943317834517,0.08045183996061038
SG_009693,0,0.19058343366915068,0.5246633973904875,0.19248841869346983
SG_009695,0,0.13389973903633165,0.4174665108681287,0.13021576432541315
SG_009697,0,0.10156247373334404,0.4336482654175683,0.12051126425425548
SG_009698,0,0.3296623410431469,0.6450609216931131,0.31201248563855644
SG_009699,0,0.19859120265141605,0.5501755341855004,0.20684099748643742
SG_009700,0,0.17856557131449768,0.5345004266174594,0.19131417268836468
SG_009703,0,0.2897185667929347,0.7061108618655526,0.33528345990054775
SG_009704,0,0.23638425973436364,0.4890341982171752,0.1957842304171121
SG_009705,0,0.13278029426828838,0.4413259727115887,0.13723763022568222
SG_009706,0,0.1889669588055749,0.6019146869533175,0.22631713949350152
SG_009708,0,0.10039229469815965,0.4514114068538718,0.12507786775768356
SG_009709,0,0.2119789527887018,0.5539596565311029,0.21430754589634132
SG_009710,0,0.1478333385700872,0.4465022644349646,0.1453417568781959
SG_009711,0,0.2970620449314572,0.5900408005846015,0.26699320362079176
SG_009712,1,0.19984381732245193,0.5856602955779471,0.2236354581433705
SG_009713,1,0.08831207939919888,0.41473040455680354,0.10866437932719115
SG_009714,0,0.11857889265264589,0.4830823048045127,0.1441196165443406
SG_009715,0,0.1390965862232761,0.47841768454832106,0.15233911300479316
SG_009717,0,0.12404590075905343,0.33071799767209137,0.10126411043578802
SG_009719,0,0.17722178840439826,0.5063400766062905,0.17940476792110108
SG_009720,0,0.27034276540134744,0.6002427238019845,0.2616351609932372
SG_009721,0,0.12026966589131065,0.453388940359143,0.13540907922315074
SG_009722,0,0.2838636151819948,0.5472547784958016,0.23993330187433815
SG_009723,0,0.1025305416930933,0.23254464408964157,0.0691910394407606
SG_009724,0,0.28489297792905793,0.6129290919305184,0.27459451392163203
SG_009725,0,0.1624333985653885,0.6421238169212867,0.2326921319217385
SG_009726,0,0.19319303239270091,0.5271330902421721,0.19462801568894122
SG_009728,0,0.09987579352993263,0.31597627152315916,0.08856266705844064
SG_009729,0,0.19075697562290406,0.5461668537225512,0.20165432723449536
SG_009730,1,0.17779917971414738,0.5369486036630888,0.19198428541901602
SG_009731,0,0.10723943616896263,0.4926141080668552,0.14135297308573289
SG_009732,1,0.24186040622272828,0.5300650464113098,0.21569358595149354
SG_009733,0,0.16842063706125188,0.5027737514449309,0.17423069829081866
SG_009734,0,0.10767175834703324,0.32599942970704876,0.09404231842677435
SG_009735,0,0.12087707440725881,0.44664629834997505,0.13358387908411468
SG_009737,0,0.10331291423882837,0.39387840658118334,0.11021340535096943
SG_009738,1,0.19367077967789995,0.5109718804398548,0.1881701204271432
SG_009739,0,0.2080925166420147,0.5458279465450773,0.209009907312118
SG_009740,0,0.2609913205792909,0.6182458580499104,0.2674656382781989
SG_009742,0,0.24069150481528223,0.5827405740614404,0.24018321679549898
SG_009743,0,0.09913199177176672,0.33350425368028275,0.0926501996926001
SG_009745,1,0.09686549451700786,0.34860480836067853,0.09553132100885334
SG_009748,0,0.1325801668082167,0.43872713185296586,0.13632311749460635
SG_009749,0,0.12028857362164908,0.3876969224243657,0.11574844359951347
SG_009750,0,0.3082674062005634,0.6690570828238064,0.31828957389520096
SG_009752,0,0.15553915512077157,0.5737571637231864,0.19686641419686232
SG_009753,0,0.13890443934578214,0.5027160022821333,0.1607814938217837
SG_009755,0,0.11457235451544674,0.35917830504988213,0.10548575382964429
SG_009756,1,0.14850793775406015,0.4949087476510656,0.16244749574446846
SG_009758,0,0.22924133134744165,0.5150059123573146,0.20412165340429936
SG_009761,0,0.13895844049560993,0.4004963924136399,0.1270236585579023
SG_009764,0,0.24272656034931805,0.5937391952570421,0.24660598081348042
SG_009765,0,0.3231489715939538,0.6290302562459158,0.2995692986676029
SG_009767,0,0.13956481075446414,0.3736750444650484,0.11914564932732602
SG_009768,0,0.1115871157544517,0.46534798555243967,0.13495584901632413
SG_009769,0,0.1147590115540826,0.30762188192675305,0.091844167594892
SG_009770,0,0.27749539433029646,0.6627105424477918,0.3007880925214273
SG_009771,0,0.14223464843691336,0.41913372595390835,0.13413986242856657
SG_009772,0,0.09815243994001817,0.2580642717671403,0.07391533799175543
SG_009773,0,0.18608788814971866,0.5203437944786357,0.1887921112555053
SG_009774,0,0.11361488153785494,0.4386960519031227,0.12777631177165935
SG_009775,0,0.19523699464250924,0.5972910159486222,0.22707195373888803
SG_009777,0,0.14716204570052907,0.519305268237456,0.17082746565190998
SG_009779,0,0.1286399717233536,0.3157842949398096,0.0987663213064896
SG_009781,0,0.3108552041824914,0.6228386337645241,0.2909109122353605
SG_009784,0,0.0849987597371399,0.34570801246217203,0.08970516930932504
SG_009787,0,0.08284582033129895,0.2636570674773735,0.0699363105819583
SG_009788,0,0.1520697171244798,0.44869237818692104,0.1478384133338061
SG_009789,0,0.10097607664262036,0.426338679873567,0.118141902590319
SG_009790,0,0.14649412356138294,0.2965009377450263,0.09907318687065984
SG_009792,0,0.10510389331017915,0.27160553634156326,0.07946980644268582
SG_009793,1,0.19662343655222356,0.5832666838155609,0.22101992124158867
SG_009796,0,0.13857434118755052,0.5252707789775458,0.1688806465523951
SG_009797,0,0.33450311386799086,0.6650346221468886,0.3267916569893977
SG_009798,0,0.36689720969897,0.6568688603613645,0.33476967151596043
SG_009801,0,0.11167521670810493,0.35172907358450733,0.10233558300368421
SG_009802,0,0.12705912540254202,0.4605283031452572,0.14084283037188342
SG_009803,0,0.3358811737333194,0.6504050320153272,0.3179291555861693
SG_009804,0,0.2376566901868092,0.5554011199535686,0.22568391991659753
SG_009805,1,0.11434398480251003,0.48869735888739974,0.14381312070996893
SG_009806,0,0.13432473846550963,0.4554917936457382,0.1424961251448575
SG_009807,0,0.09412418450989812,0.32489296029594567,0.08851484284141138
SG_009808,0,0.13308600170245347,0.47539806755398417,0.14854462085103298
SG_009809,0,0.16296505669484984,0.6156928245405684,0.2198044475330066
SG_009810,0,0.27750626732967504,0.6144046905532394,0.2723423040523409
SG_009811,0,0.09711797701829013,0.4938033713784874,0.1361457206355365
SG_009812,0,0.12009839414297953,0.4611950960401995,0.1377935482752553
SG_009813,0,0.1922099663889484,0.5047906407151291,0.1850725061323489
SG_009815,0,0.13173734145258773,0.4762159020802554,0.1481919646131613
SG_009816,0,0.20745964627740276,0.7239558773519273,0.30704990305813
SG_009817,0,0.12318236340094961,0.5744850311565607,0.17965686468844128
SG_009818,1,0.2842029290468588,0.6020061957151865,0.26829039638218494
SG_009820,0,0.15508098173490772,0.4294495220674199,0.14261003085865873
SG_009821,0,0.15523727865582473,0.5262166859901651,0.17730408669291017
SG_009822,1,0.20316532251610253,0.6349159561989073,0.2500970610394365
SG_009823,0,0.08512472907935614,0.3935737740967098,0.10157080212880597
SG_009826,0,0.15126217971365916,0.4907622049431467,0.16219272690480052
SG_009827,0,0.1485834852937962,0.4584388708513077,0.14968460328983654
SG_009828,0,0.24514864342498466,0.6241412171932879,0.2637903371765932
SG_009830,0,0.25993449341048497,0.5815244996929541,0.2475784754099329
SG_009831,0,0.15713000482981868,0.5188559594137201,0.1753395881516832
SG_009832,0,0.08297190368820749,0.382076745928459,0.0976234135295861
SG_009833,0,0.20593688451640782,0.5078117169895559,0.19187690652361078
SG_009835,0,0.11529819891701547,0.3298218128789435,0.09787022950843796
SG_009836,0,0.3045542176893075,0.6775302302948419,0.3222522625849884
SG_009839,0,0.1293564393058177,0.4161796910536924,0.12792857612809905
SG_009840,0,0.14392941515436067,0.523639734794202,0.1709037712655135
SG_009841,0,0.12489031586604067,0.3696263729500295,0.11241991181143728
SG_009842,0,0.1206229843658637,0.3675407241285037,0.11017146947202347
SG_009844,0,0.33757774516786093,0.662418536380351,0.3263615937993434
SG_009846,0,0.1861006885984948,0.46965169954129304,0.1690011429721697
SG_009847,0,0.11236669522376119,0.4005380307181578,0.11606646231041828
SG_009848,0,0.11890714220741104,0.40555069176943387,0.12033186664264618
SG_009849,0,0.24082020624011982,0.618617126695108,0.25885529910585753
SG_009850,0,0.2960950071275419,0.6247502185843953,0.2859538780890365
SG_009852,0,0.17795473110590457,0.6537930323592895,0.2473829905212168
SG_009853,0,0.24993941597974642,0.5674630703889739,0.2364795055346718
SG_009854,1,0.09753983216829402,0.30279108896546403,0.08444398162092612
SG_009857,0,0.11818893021547379,0.38025254316091234,0.11277518679894365
SG_009858,0,0.13620670872789184,0.5588979557715927,0.18064600885051132
SG_009859,0,0.17562078430075748,0.5187086031813938,0.18359932200783582
SG_009860,0,0.36332194661984135,0.6441585827626457,0.3251120009916929
SG_009861,0,0.07871684484656863,0.3536307286044996,0.0887101239582787
SG_009863,0,0.22810225700708409,0.49111212827221334,0.19356747974878502
SG_009864,0,0.31770253913662344,0.7741684729607494,0.40320521908163487
SG_009866,0,0.11688060780317323,0.3776812451831072,0.11152053408317067
SG_009871,0,0.1304262446392274,0.38842117820936417,0.12003132409888888
SG_009872,0,0.16665596079459113,0.530667364045204,0.18436619613543248
SG_009873,0,0.1963319729470466,0.5513532792868694,0.20637019035035892
SG_009874,1,0.17710168770989587,0.46275869732733865,0.16290525236292513
SG_009879,1,0.21570507048845075,0.622587387820594,0.24952890844787326
SG_009882,0,0.17375493931330888,0.5487415961455234,0.19506887472835358
SG_009883,0,0.15539062682617222,0.47958304644086824,0.15999261407844279
SG_009884,0,0.15270123085766107,0.4615362065578399,0.1524949750930517
SG_009885,0,0.28857901478550946,0.636776966302584,0.2898363688368832
SG_009886,0,0.1512784736338624,0.4254515397340261,0.13978871938273432
SG_009887,0,0.19389719375861644,0.46524492623457453,0.17036567307701977
SG_009888,0,0.0831208536145815,0.3742553451459255,0.09576511999819295
SG_009889,0,0.1088404843483581,0.352458389332732,0.10141065584943607
SG_009890,0,0.20254056676810403,0.5138737268316759,0.1930075111261558
SG_009891,1,0.182563836991288,0.5460563579875886,0.1979537683816167
SG_009892,0,0.14493362140472363,0.47723024843522827,0.15456305588869754
SG_009893,0,0.15255072940556139,0.4336070778242605,0.1429812813054275
SG_009894,0,0.35242030096824567,0.7273695944018499,0.37925605052243755
SG_009896,1,0.1580783123258309,0.6085738682016886,0.21381412368440036
SG_009897,1,0.09591686468894157,0.28564801859830435,0.07971818609368211
SG_009898,0,0.2923013859669464,0.673933392824976,0.31450795024138056
SG_009899,0,0.14517936586884142,0.5033301297977886,0.1639686557700601
SG_009900,0,0.15611422871140634,0.40770751137311734,0.13589283701508784
SG_009901,0,0.2211889453067407,0.5282226174118559,0.20667798636572582
SG_009902,0,0.1905988222995559,0.5722153039813568,0.21312738198362802
SG_009903,0,0.12833889362398856,0.4695061028849878,0.14436979501870895
SG_009904,0,0.09199955145115467,0.40387915905442273,0.107623290101915
SG_009906,0,0.20832412320240276,0.5521980328014685,0.21194997555525102
SG_009907,0,0.25401676548921254,0.622521041572421,0.2668039132305736
SG_009908,0,0.211646922267816,0.6061485681812134,0.23912768057704673
SG_009910,0,0.24745224698635707,0.5917731780083633,0.2476107724674138
SG_009911,0,0.2952871980232444,0.611880709994948,0.2782816589457613
SG_009912,0,0.16220473237269661,0.5277561541260459,0.18115778655739595
SG_009913,0,0.24736503756684355,0.5697987173201482,0.23656876383524209
SG_009915,0,0.13033381843362513,0.22621767297549625,0.07529436608766295
SG_009917,0,0.10781607264490982,0.4303200686621452,0.12256533790581035
SG_009918,1,0.1128123643875839,0.407302580790815,0.11819251829443041
SG_009919,0,0.10005877911013177,0.36018302826827403,0.0998375365641787
SG_009920,0,0.09595719670768067,0.4175417436890175,0.113241127410114
SG_009922,1,0.2640041395494568,0.5606236137582753,0.23878135442335685
SG_009924,0,0.13413670829324917,0.4759156868298809,0.14920628647957337
SG_009925,0,0.10984993731229804,0.37213328380789185,0.10710529835261726
SG_009927,0,0.17554187594451767,0.7014806013021396,0.27401164092629215
SG_009928,0,0.13784334086402714,0.34566485690158066,0.11031759138801343
SG_009930,0,0.19497686959950736,0.5289084752058659,0.1961312743148072
SG_009931,0,0.25348613997801056,0.5818593552924064,0.24509203159635748
SG_009934,0,0.11939022143194233,0.4535310206678479,0.13504083393649596
SG_009938,1,0.15994955722206872,0.5414086120868692,0.18556037021662888
SG_009939,0,0.16372541509113633,0.4890288506855054,0.16702912795836908
SG_009940,0,0.1473159526847461,0.45437054045281355,0.14776600253615418
SG_009943,0,0.1831758844035061,0.537578244200084,0.19464670756292105
SG_009944,0,0.19169953570419618,0.5454124022070244,0.2017441085097114
SG_009945,0,0.18777383152401075,0.6137489116300493,0.231558135906553
SG_009946,0,0.1592081815500637,0.511838740277592,0.17360204257736195
SG_009947,0,0.16434359576971883,0.5963574474533762,0.21142307253423445
SG_009948,0,0.17371240218624187,0.5758865396878748,0.20681794927692515
SG_009949,0,0.12226546048917486,0.2115777273829753,0.0693993929522687
SG_009950,0,0.15687552796988885,0.4566027811120638,0.15253446163912612
SG_009951,0,0.12977116696995297,0.47700196826098407,0.1475330465944877
SG_009952,0,0.24401620430327864,0.6439003456556103,0.27441145826282837
SG_009954,0,0.20406956671047483,0.5797424071242813,0.22275579192052306
SG_009955,0,0.21919357138074994,0.5413428768210825,0.21166162863268081
SG_009957,0,0.22119131398897143,0.7244069452581482,0.31476948533842763
SG_009958,0,0.12940215758618404,0.3908391843283358,0.1203402377981287
SG_009960,0,0.2290628619564632,0.5351888246740691,0.21292827455791735
SG_009961,0,0.11802389247188565,0.4885886993094539,0.14565548546004173
SG_009962,0,0.14782551690783816,0.47324481887880465,0.1544556621026009
SG_009963,0,0.2810542569758636,0.6406826412625592,0.28893330507800513
SG_009965,0,0.11570808424914107,0.5582984183663907,0.16902241560155773
SG_009966,0,0.11748233695028072,0.4044639154435582,0.11940510021091273
SG_009967,1,0.21685823357029976,0.508751909895114,0.19660953552911029
SG_009968,0,0.09599216925836906,0.4430675699346359,0.12039782590558863
SG_009969,0,0.23996048903141642,0.6826996679927493,0.29605267660755064
SG_009970,0,0.21565969607932808,0.5805187470424313,0.2282948976701203
SG_009971,0,0.16333180891902604,0.48258821975956434,0.16449125263716302
SG_009973,0,0.17427453191759124,0.5568501084255817,0.19875788782766488
SG_009974,0,0.12159908785316526,0.359899352967432,0.1084133008971951
SG_009975,1,0.2657913930395516,0.6221947910745909,0.2717219428232588
SG_009976,1,0.26106276016155877,0.561642962217886,0.2381129370388713
SG_009978,0,0.18800405688872912,0.5640647279657103,0.2082657266608549
SG_009980,0,0.11321721968652766,0.44850880763993856,0.13055990232910017
SG_009981,0,0.14030632638268434,0.4733299475449593,0.1511427339101669
SG_009983,0,0.10522238487856565,0.4324726559972499,0.12195302860913063
SG_009984,0,0.10632819370924135,0.39044209315877565,0.11060871349917568
SG_009986,0,0.16083959622329008,0.41758758530871043,0.14091180496693057
SG_009988,0,0.09127363343497517,0.2960943585766564,0.08049074283424033
SG_009990,0,0.15008698232339343,0.4794357266542062,0.15762226734477786
SG_009991,0,0.16744040014040204,0.4907035653175969,0.1692441755864836
SG_009992,0,0.26515666704724694,0.5876960465225723,0.2528894060800993
SG_009994,0,0.16543113972957038,0.5239995266222938,0.1811516723714053
SG_009995,0,0.12334493331508634,0.4522227174786134,0.1364713148373828
SG_009996,0,0.09750908310975898,0.4345342103091272,0.11874706767317757
SG_009998,0,0.25933456904897684,0.6867797777504083,0.30793246192819224
SG_010000,0,0.1847448803106003,0.5518118369237252,0.201406560145446
SG_010001,0,0.11729364191801583,0.4430055968559696,0.13080098750116578
SG_010003,0,0.1291349798220285,0.45632728192790295,0.1404347442971699
SG_010004,0,0.2399718257326542,0.5952000971566407,0.24617108774730093
SG_010005,1,0.30599824187275054,0.6231110601287032,0.28908474278516144
SG_010006,0,0.11968180199160834,0.40906897740618775,0.12169409942582383
SG_010013,0,0.1816361479749786,0.5477422613881884,0.1982531256501203
SG_010016,0,0.27256461947071864,0.6007495062246235,0.26282692817197595
SG_010017,0,0.2422624717654243,0.553911330366492,0.22685398372163035
SG_010018,0,0.22299013976744322,0.533902566642212,0.20990531973766932
SG_010022,0,0.08788248354058757,0.33519093838183156,0.08843400335149522
SG_010023,0,0.14014361636449948,0.4485733829758929,0.14277084760262154
SG_010026,0,0.23723144233568552,0.5029837132778288,0.2020091669193655
SG_010027,0,0.11290468158730883,0.3207938941903403,0.0946207433883284
SG_010028,0,0.15108587814174704,0.45492277297699873,0.14954455758195206
SG_010029,0,0.1601735784462762,0.4744239104770008,0.16019364232613315
SG_010030,0,0.1756333224407288,0.46015592375199366,0.1613783459570913
SG_010031,0,0.21736075936411403,0.5893113861643705,0.23332132819562665
SG_010032,1,0.26529022620297876,0.6217911281992583,0.2712811050127369
SG_010033,1,0.1604868923558892,0.45120442309338554,0.1521443803028928
SG_010035,0,0.14349579595055353,0.5091297561506131,0.16529557021671867
SG_010036,0,0.11979367677383405,0.46199899571951386,0.13790378479990736
SG_010039,0,0.2430812228064594,0.5607518505518027,0.23043634019058437
SG_010040,0,0.24852575334636987,0.5673153367401592,0.2358304064762093
SG_010041,0,0.15071988714504533,0.4991769379022123,0.1650087803302051
SG_010043,1,0.12476153174795483,0.4260529394871556,0.1289782985113054
SG_010044,0,0.10004450669178418,0.3748911796344268,0.1036747383893836
SG_010046,0,0.16703119163440752,0.44341419235061624,0.15205311790372264
SG_010049,1,0.292608344752939,0.6909086949436191,0.3259770813862575
SG_010051,0,0.1215261425935314,0.4105096067819784,0.12290927664870487
SG_010053,0,0.1279720923620947,0.4349489007474965,0.1331261494051726
SG_010054,0,0.20813925370841746,0.5547546051735874,0.21302090886693636
SG_010055,0,0.3592741822255854,0.5978533423346332,0.29552998627811655
SG_010056,0,0.291636890412438,0.6068666831192956,0.27399383868224697
SG_010057,0,0.1332074771121517,0.4339888084076824,0.13509174929872803
SG_010059,0,0.13352107580171999,0.5042260760888292,0.15872003618150599
SG_010060,0,0.3864202778971471,0.697217711556295,0.3708131426876017
SG_010062,0,0.14248974957365812,0.3961297249451619,0.12705196872276253
SG_010063,1,0.11005624284597033,0.41312276911715184,0.11863124672301151
SG_010064,0,0.12599981851558004,0.4344346223488948,0.13209981963214984
SG_010065,0,0.08307114597419844,0.3925979483322395,0.10029983380743257
SG_010066,0,0.1622227386552388,0.4901984406216757,0.16681315899030522
SG_010067,0,0.206077065807328,0.5079427230082244,0.19198720185776455
SG_010070,0,0.33513707266851367,0.7389454192018058,0.3808789462140328
SG_010071,0,0.20116757258485662,0.6056049948508956,0.2339626818839218
SG_010072,0,0.08823910745736539,0.35996751695259344,0.09462780358969823
SG_010073,1,0.2750136407831926,0.660391465432588,0.2982414505093663
SG_010075,0,0.2057582824096296,0.505468938382436,0.19084149117005195
SG_010076,0,0.24564904730772527,0.7382917271362555,0.3378173661629148
SG_010077,1,0.1675846211957112,0.5282206645564785,0.1838101522053971
SG_010079,0,0.13110415221731572,0.4117748891121502,0.12731244908838796
SG_010080,0,0.11224812493931373,0.39557105146978894,0.11460944343468742
SG_010082,0,0.09766060502301349,0.4084913760365415,0.11158863942271756
SG_010083,0,0.13493103815048504,0.4366294063375211,0.1366679387536323
SG_010087,1,0.21696017032372092,0.5575907350855098,0.21808489210631743
SG_010089,0,0.12936397876908412,0.5050517265533019,0.156962545749763
SG_010090,0,0.15582791754309508,0.48122388424631074,0.16077059172758792
SG_010093,0,0.33792492487991305,0.7260415361337589,0.37184643916784776
SG_010094,1,0.11557949845963929,0.3617166814048948,0.10657625467484964
SG_010095,0,0.34100366406605004,0.7441956450363071,0.38781315629909197
SG_010096,0,0.17278185756314302,0.5931654622172592,0.2142195432204535
SG_010097,0,0.11203967959587231,0.4187392085976246,0.12114991818883315
SG_010098,0,0.1101579291413159,0.36460595380500715,0.10519176130877632
SG_010100,0,0.07988491345214754,0.03559701462269214,0.016072334785384654
SG_010102,0,0.0916089827274665,0.3569740108519309,0.09538302118220104
SG_010105,0,0.1333121453657005,0.5015784296972918,0.15768084173965904
SG_010107,0,0.1833769957499479,0.5076766334150307,0.1825450463014029
SG_010108,0,0.19151647206051167,0.5047806534061837,0.18478309768593779
SG_010110,0,0.23832380159132974,0.7095711094178284,0.3131332337751409
SG_010111,0,0.0927765363859845,0.3097589846626357,0.08431806385956023
SG_010112,0,0.08456044353747062,0.27490086877590103,0.07308595387792617
SG_010113,0,0.15797909553533399,0.393116092096162,0.1319003611248529
SG_010114,0,0.18349881191296888,0.43900383312068453,0.15680220234317918
SG_010118,0,0.12923132445628982,0.45466195966012757,0.1399405979146336
SG_010119,1,0.13438037487768387,0.47917867222831256,0.15042635124896706
SG_010120,0,0.13018565615041,0.4217164901692991,0.1299755257105017
SG_010121,0,0.11231694585243712,0.3777926205468676,0.10967830711927845
SG_010122,0,0.11770516035382687,0.40874203773734513,0.12074615501178848
SG_010124,0,0.26135588795778825,0.6125999766683646,0.2645266277361447
SG_010125,0,0.11323876330723502,0.37511513837187416,0.10931947566573937
SG_010126,0,0.16389679188279596,0.4703975794729831,0.16031117526547523
SG_010127,0,0.10184703740259349,0.470141099492467,0.13143609703073766
SG_010128,0,0.2631293221471122,0.6481905112120031,0.285545036492687
SG_010129,0,0.17621937899221338,0.4118493801670331,0.14467940735915888
SG_010131,0,0.0993818366727196,0.3283896531485098,0.09146602025027774
SG_010133,0,0.09141999951223218,0.35139589019816925,0.09391186131512431
SG_010135,0,0.15235681018387195,0.3697262419030871,0.12256996972948064
SG_010136,1,0.12079853474940172,0.3614294478528793,0.10853203779962577
SG_010137,0,0.17445525997071906,0.4852233717289428,0.17014316715449654
SG_010138,1,0.25726476583733077,0.7431613987113184,0.34749788300480927
SG_010139,0,0.26011294587184236,0.691760892015844,0.311603539811571
SG_010140,0,0.19428575455944982,0.5657884441342654,0.21189364679328826
SG_010141,0,0.12656721256645045,0.5042680068235034,0.15529009029286484
SG_010143,0,0.14595630720571937,0.061944118521625506,0.03103266677303961
SG_010145,0,0.1292551257062579,0.4458233274908917,0.13711934218936742
SG_010147,0,0.2568705699395306,0.6515082088138434,0.2847129133709255
SG_010148,0,0.19655979843018856,0.4949781271182434,0.1829217179568977
SG_010149,0,0.121454148806729,0.5095369012682643,0.1545151443147163
SG_010150,0,0.10870203891791047,0.3625632525886332,0.10404975472622559
SG_010152,1,0.22345503040702977,0.59285499900534,0.23777947361859686
SG_010154,0,0.15595835189099194,0.47570259146802446,0.1588525763064466
SG_010156,0,0.1662332496581073,0.40922458657274385,0.14015989981491
SG_010158,0,0.2780669169212621,0.7135549858234237,0.3352284666785867
SG_010159,0,0.1306350931280865,0.487171551709663,0.15138441867487565
SG_010160,0,0.13224770364922064,0.46582054921487764,0.14495951095013115
SG_010161,0,0.13624604606069643,0.4762060594655193,0.15027725611876272
SG_010162,0,0.18613274778208763,0.5519923192076608,0.2021111247793658
SG_010163,0,0.1258186415257311,0.4893314989225916,0.14978584408887818
SG_010164,0,0.12275033131879846,0.1591664795607968,0.05593657248507691
SG_010167,0,0.1912987333602086,0.4910233541672855,0.17924953420199904
SG_010168,0,0.15461229817388714,0.4468643972180216,0.14826453237787177
SG_010171,0,0.2572750679580293,0.5920532513799064,0.2518852563461647
SG_010177,0,0.10812753835258467,0.3299849201625533,0.09524371839176383
SG_010178,0,0.15511437836352604,0.47725087260610277,0.1590403387688845
SG_010179,0,0.10144592289957848,0.22329758058131,0.0666626769060549
SG_010180,0,0.26861936025576544,0.6634512867645569,0.29728164045358096
SG_010181,0,0.16520583524191645,0.46654748478564284,0.1594724183927943
SG_010185,0,0.2852099809417741,0.6247395343855475,0.28140556681470386
SG_010186,0,0.10928676387819607,0.4161428715964216,0.11914800420153217
SG_010188,0,0.1437662488684672,0.46177490319573256,0.1487430795207614
SG_010189,0,0.1966375421334541,0.6405817777317392,0.24991305746689943
SG_010190,1,0.28417194273689433,0.6131782881581844,0.27443492151188664
SG_010191,1,0.2436756831771364,0.5592741738043658,0.22997226673750562
SG_010192,0,0.20732604607692953,0.4856353055628384,0.1834366215708918
SG_010193,0,0.12097930976488187,0.4011703856653156,0.11993179470796239
SG_010194,0,0.10004902338385253,0.3377763498358992,0.0940945019203211
SG_010196,0,0.29472755059017075,0.7196059700115327,0.34743989349878407
SG_010197,1,0.2193394939521438,0.5485613924305218,0.21496849246684616
SG_010201,0,0.08048805627165238,0.27437087546068073,0.07144064264636896
SG_010202,0,0.10662537289179469,0.34420733787167,0.09836182420809084
SG_010203,1,0.3339282881682924,0.6670164427244879,0.3278545572808784
SG_010205,0,0.12079892461919146,0.599444034234771,0.18851907897799455
SG_010207,0,0.11770689214907896,0.40816631559658756,0.12057889097707715
SG_010211,0,0.16950450646623563,0.6407977076969478,0.23588482217045526
SG_010212,0,0.12918727663756135,0.4107692324001973,0.1262134163495598
SG_010214,0,0.14458000606221755,0.3488794318887358,0.11359287791124872
SG_010215,0,0.22917250194287855,0.5697198546785405,0.22895009793179488
SG_010216,1,0.13365211691995005,0.5004458739807114,0.15744639165513827
SG_010218,0,0.10659432884442553,0.4646756975680282,0.13223041983258946
SG_010219,0,0.11357645739823667,0.5518117633842097,0.16535420330370662
SG_010220,0,0.09010854738345463,0.30853345169178836,0.08298360499269722
SG_010221,0,0.1819849249180412,0.5000555865810804,0.17896050438594263
SG_010222,0,0.23741052883616046,0.640563308672547,0.2694711156263796
SG_010223,0,0.13001196051957983,0.45176054633293755,0.13935770283107
SG_010224,1,0.2897420393943972,0.6675385887910158,0.30925126565414374
SG_010225,0,0.2178717141120218,0.5860115193086302,0.2319325885815714
SG_010228,0,0.3355970027482797,0.6601420892896415,0.3240553348540006
SG_010229,0,0.1339902422571619,0.3582319639757622,0.11256829021410347
SG_010230,0,0.15566898654869676,0.4808629020680121,0.16057199550546308
SG_010231,0,0.19391495786494614,0.5603194697812685,0.20927103697569033
SG_010232,0,0.1784044126399571,0.5522436632030725,0.19870142399969212
SG_010233,0,0.10216731809259616,0.11848509350437635,0.04144546049956255
SG_010236,0,0.29627999624622325,0.6435664107442555,0.29716510948256875
SG_010237,0,0.2010533713209193,0.5123043534329231,0.19175159874840014
SG_010239,0,0.20666660366899822,0.5841632466738886,0.22603004541805888
SG_010240,0,0.2783995500152397,0.5542981466804463,0.24129859276977464
SG_010244,0,0.25381777305479547,0.608079474303416,0.2588618131056382
SG_010245,1,0.3205892840437872,0.677071700693995,0.3288841205225469
SG_010247,0,0.10455662266501708,0.2623238175698855,0.07701847897256597
SG_010248,0,0.14003811415143108,0.5585211744457331,0.18252005163341636
SG_010249,0,0.11707534216717512,0.48883159664609194,0.14525459663190224
SG_010250,0,0.3247316351115055,0.7152377709248818,0.357740698606068
SG_010251,0,0.12479851369535756,0.37989042318241856,0.11532141469434946
SG_010254,0,0.16708216920192465,0.5500301640730436,0.1924872963827335
SG_010255,1,0.28145239874515315,0.6404076573962224,0.28894154770087094
SG_010260,0,0.20859801850143733,0.5052660504039435,0.19189062950846664
SG_010262,0,0.09424924324100542,0.30676485083131433,0.08416560509646194
SG_010264,0,0.11060115606385124,0.34225356024449816,0.09939779328326542
SG_010266,0,0.300062251163779,0.5841610719338665,0.265030150389511
SG_010268,0,0.08834047690440389,0.30335808264203434,0.08107045367602915
SG_010269,0,0.2582304223045447,0.4638003912804063,0.19303849322475727
SG_010270,0,0.14520631300776454,0.44500756948076425,0.14374491074455467
SG_010272,0,0.12429470819846337,0.4034494846468064,0.12198860098963063
SG_010275,0,0.333487441067353,0.6245543981846218,0.3010680540182651
SG_010276,0,0.1694487197575055,0.48377702874602124,0.16751418999187198
SG_010278,1,0.24805678541690535,0.5787369969063904,0.24127248227324324
SG_010279,0,0.1031766011944033,0.37596757770256645,0.1053195371625812
SG_010280,0,0.11522923755020281,0.4372007746949121,0.12807839914507438
SG_010281,0,0.14631459214982886,0.5321408249003644,0.17531354606168065
SG_010282,1,0.18837885062842877,0.5007759051039701,0.1818965824733979
SG_010283,1,0.15942914061863722,0.44417199400898744,0.14929844685179583
SG_010285,0,0.1372669746951098,0.49296781043947885,0.156544910877966
SG_010289,0,0.262254882394141,0.6411240155118612,0.2809948056767836
SG_010290,0,0.19814138181451368,0.5841988928840544,0.2221593597493333
SG_010291,0,0.1694125026952978,0.494420738426073,0.17148359625833798
SG_010292,0,0.23745256310467203,0.6215397701109976,0.2589337576833168
SG_010295,0,0.11478540539044217,0.4420473393735467,0.12933752049218697
SG_010296,1,0.21406960727322344,0.5963217748997576,0.23530651340553052
SG_010297,0,0.13215386895244693,0.6565063987311516,0.22208383389836203
SG_010299,0,0.09079801536444705,0.22929105677120235,0.0648698290153624
SG_010300,0,0.09127478066539803,0.3405392807083733,0.0911719983443022
SG_010301,1,0.16986135967915686,0.5214886880989605,0.18215555762163735
SG_010302,0,0.2174828632314216,0.5446804032458322,0.21244603141660987
SG_010303,0,0.08527301128535221,0.2777297977279519,0.07399097734714058
SG_010304,0,0.0798822551180916,0.42987875245284646,0.1081713629581344
SG_010305,0,0.11465180257252648,0.24843134285484408,0.07668224199854246
SG_010307,0,0.09318183726393987,0.36306731365311623,0.09760749706276986
SG_010308,1,0.27121648343706317,0.5655942649375834,0.24409361060651363
SG_010309,1,0.15593074692175427,0.45644474218449865,0.15208840895644857
SG_010310,0,0.21727475689564446,0.6247868546977882,0.2514336260181848
SG_010311,0,0.08162876596430822,0.3358526582688256,0.08587466734527091
SG_010312,0,0.10616284139691547,0.26603457070684533,0.07844509100117456
SG_010314,0,0.18217970359967395,0.540883436163338,0.1955914783536736
SG_010317,0,0.22496631426183722,0.5269428490670015,0.2076330090096464
SG_010318,0,0.11055605301223927,0.37556516990564376,0.10833476554338901
SG_010321,0,0.09832709074149315,0.3976363626400789,0.10896014001513961
SG_010324,0,0.13160669201675104,0.39612683019243533,0.12279084392727789
SG_010325,0,0.1367013130477441,0.478125534879594,0.15114104171615245
SG_010327,0,0.10377911693195108,0.317781435025734,0.09048720697738359
SG_010331,0,0.3097029259859731,0.5827507121858254,0.26804130374235574
SG_010333,0,0.11115070439273211,0.4296326294105764,0.12392864618355783
SG_010334,0,0.17880025206151798,0.46570362474745663,0.16465613396088608
SG_010335,0,0.30447319627001906,0.6419347231236185,0.2996320920766463
SG_010337,0,0.31331240237643904,0.6303888664387542,0.29636403107399306
SG_010338,1,0.199231285146264,0.4833342372919675,0.17938499920848686
SG_010339,0,0.11631736362751342,0.4242477731241083,0.12469897536777483
SG_010340,0,0.1443224161747999,0.477662861486352,0.15444035838963116
SG_010341,0,0.10251250384301457,0.2760967166717875,0.07970542468345018
SG_010342,0,0.18155729443830468,0.5601934810962753,0.2035937808081131
SG_010343,0,0.194946565421901,0.561111380744687,0.2100871661122505
SG_010345,0,0.2710928856814498,0.7002337889663389,0.3225261949274349
SG_010346,1,0.19008290190351593,0.5879611392894186,0.22017768132369514
SG_010348,0,0.2025561546731189,0.4679553375307551,0.1746919162528865
SG_010349,0,0.11784452843757844,0.4987617831709271,0.14896110666345705
SG_010351,0,0.18534290571061385,0.48292393546756335,0.1737210067364521
SG_010353,1,0.11776520470205193,0.33363451485171647,0.09979168326002857
SG_010355,0,0.20318465677185224,0.5532121675825455,0.2101867875133355
SG_010356,0,0.09648402988608977,0.3863598506529196,0.1051068835722293
SG_010357,0,0.1989815845174274,0.5843911299563038,0.22263686867355703
SG_010359,0,0.22772050164557844,0.6055557515853669,0.2461211228657157
SG_010360,0,0.20627080696189118,0.5431818908303224,0.20706819516700645
SG_010361,0,0.1083276097111005,0.3764925884765399,0.10765533168553476
SG_010362,0,0.10813904098797056,0.4102083786579073,0.1169326019637328
SG_010363,1,0.1977896409487813,0.5552860931948876,0.20875096800071197
SG_010364,0,0.15282491363626327,0.49752675647474676,0.16535845913694067
SG_010365,0,0.14391669759781725,0.47948167960267407,0.15489159326716964
SG_010366,1,0.2945459049719883,0.5793981575005637,0.26034548428594917
SG_010367,0,0.19650181719229218,0.5870621254180879,0.22275762202491417
SG_010368,0,0.15338284277446382,0.4122695502738712,0.1363270418837665
SG_010369,0,0.1110032218723938,0.420251271554643,0.1211177660928686
SG_010370,0,0.08082981636731738,0.2935192445608548,0.07584338717026688
SG_010372,1,0.10555998622111995,0.32070530101084166,0.09189490605232128
SG_010374,0,0.15764815827189801,0.4815364029869121,0.16167151884771888
SG_010375,0,0.11211368343806695,0.3688458672903462,0.10713842022699127
SG_010376,0,0.14170396854159636,0.3407342365558879,0.11022510309033481
SG_010377,0,0.14948242503543505,0.4882623063941318,0.1604951488106028
SG_010378,0,0.23077199822734076,0.5166635842615448,0.20543577779306427
SG_010380,1,0.14058856436109488,0.550138065432593,0.17946364329629289
SG_010381,0,0.16726913984282732,0.5286560968031792,0.18384062523275835
SG_010382,0,0.24204269134077203,0.6021390480127945,0.25064922792739175
SG_010383,0,0.2909366769299964,0.5668223408841836,0.25242593194137386
SG_010384,0,0.1623677799416986,0.49038246869248386,0.16694398859723455
SG_010385,0,0.10253917930656227,0.27291639518715416,0.07893935025248114
SG_010387,0,0.1173550798136304,0.4550207411783183,0.13454372662665337
SG_010388,0,0.17006844831073561,0.4945572684488731,0.1718153777290648
SG_010389,1,0.12349250443349818,0.41736255910883724,0.12579660278422863
SG_010390,0,0.28554926675321485,0.5821178293122583,0.2582186712351933
SG_010391,0,0.11145575080315571,0.3887344591019203,0.11235226219884571
SG_010392,0,0.16675172860787582,0.49324493775432754,0.16990073598800612
SG_010395,0,0.1507867891879773,0.4275556202812541,0.14028165389263406
SG_010396,0,0.11865097592020103,0.4437349341487381,0.13165448025687435
SG_010397,0,0.10116157836917093,0.4116512216466637,0.11411517056044392
SG_010398,0,0.177826117371758,0.47719885786826055,0.1685217268289626
SG_010400,0,0.1572171392149078,0.5053626659242115,0.1702494720357611
SG_010402,0,0.12810726109044257,0.4726887467552161,0.14531255227403292
SG_010403,0,0.17572469626724385,0.501550251929918,0.1769019221341365
SG_010405,0,0.13723014604527625,0.3918646895350736,0.12372028421718502
SG_010408,0,0.1720163122071011,0.5969825778258617,0.21561254859138398
SG_010410,1,0.19599741240214477,0.6023005629736852,0.22987734347623898
SG_010411,1,0.14094672669538852,0.4415897478213903,0.14082666842394825
SG_010413,0,0.12297365383179167,0.43193448441870025,0.12999073042631143
SG_010414,0,0.11386929869318548,0.3793863347393829,0.11076238802216531
SG_010415,0,0.15344953371783296,0.3714956972140112,0.12349926398930818
SG_010416,0,0.10121014442156177,0.22558320223533967,0.06713898121524683
SG_010417,0,0.1765649352492221,0.5468944831185754,0.1955841767382197
SG_010419,0,0.11918625453419013,0.41507303706263204,0.12324974746894432
SG_010421,0,0.09325704349002889,0.38213743430618385,0.10252328804726206
SG_010422,0,0.13953305005378389,0.4695711092766008,0.14951483857049674
SG_010423,0,0.11221170942073665,0.4147193272964103,0.12006183777408935
SG_010426,1,0.22349566146289226,0.5868775986713076,0.23483414080639925
SG_010427,1,0.16070231300271687,0.6656290367159624,0.24424554032163837
SG_010429,0,0.23022851931328694,0.6025194038693531,0.24567192547913003
SG_010432,0,0.20876996783035948,0.5407780847674809,0.20706790782360227
SG_010433,0,0.23149526482387037,0.5452513409616228,0.21846559130094267
SG_010434,0,0.10589353403855678,0.4611194496403446,0.1307878865392436
SG_010436,0,0.15458461958563952,0.46637515466552554,0.1549749084427241
SG_010437,1,0.23992802333953608,0.5819069253489623,0.2394452058740783
SG_010438,0,0.11481414058938778,0.3918418841646266,0.11465126327361039
SG_010439,0,0.19494332120311308,0.42419651480856363,0.15567816700200984
SG_010440,1,0.2554280839365207,0.5364323144107414,0.22388147220714577
SG_010441,0,0.1686614957865821,0.7714350546741313,0.3199091628766526
SG_010443,0,0.10610235705047016,0.328380172627366,0.09406167266127137
SG_010444,0,0.14819412133011445,0.49471367538929234,0.16223397853971655
SG_010445,0,0.15467920877519672,0.26868886526418573,0.09349468565419308
SG_010446,1,0.32722800976480215,0.6882670202092261,0.33938058610469535
SG_010447,1,0.13600485310383414,0.47889574251374456,0.1510829852463875
SG_010448,0,0.08985132793565542,0.3166432229567162,0.08480911524169812
SG_010449,1,0.16086598606165906,0.4587287767155427,0.1549196818410407
SG_010450,0,0.0798461401207939,0.31574004449039916,0.08046006186069757
SG_010451,0,0.0854027998084872,0.24492562735386952,0.06665245208869428
SG_010452,0,0.1682869635095996,0.44328776574509837,0.15250095089325164
SG_010453,0,0.0767782320269808,0.20098105681803885,0.05430346216445038
SG_010454,0,0.24074177700978283,0.5684587649826998,0.23318481454023152
SG_010456,0,0.2234814600083098,0.5592528356321189,0.221610704215371
SG_010457,0,0.17967667308328358,0.44698950515981656,0.1582113923307419
SG_010458,0,0.13204503528594166,0.4350172820207718,0.13491701422474636
SG_010463,0,0.17924697620968788,0.521493663408052,0.18630270987497094
SG_010464,0,0.3095019612910092,0.6936458038763849,0.33539072201811393
SG_010466,0,0.1889933012350428,0.44582296440590125,0.16131220966953336
SG_010468,0,0.1505411940876113,0.49844623937170807,0.16465998565710394
SG_010471,0,0.10595953812147213,0.3758409658941802,0.10647699990484041
SG_010473,1,0.1265578365943315,0.4625546934601582,0.1412671395562967
SG_010474,0,0.09341159877225795,0.3260890056080502,0.08852051148873828
SG_010476,0,0.12293840068363408,0.3864660429295078,0.11647238374070308
SG_010478,1,0.18883019225208608,0.5138424857409413,0.1873140119698229
SG_010479,0,0.11490483481666829,0.40387363067075754,0.11812250860414243
SG_010480,1,0.16803327670086202,0.4687673945956114,0.16143189589258572
SG_010484,0,0.1204259616900127,0.4381205197878561,0.1307430378166474
SG_010488,0,0.12232548106656078,0.4008568812693256,0.12040399261402762
SG_010489,0,0.23643484405560988,0.6129530832427394,0.25387424282728654
SG_010491,0,0.09023168320691276,0.29967465765446594,0.08093820575526668
SG_010494,0,0.11869113578065556,0.3771620685816191,0.1121072708704511
SG_010496,0,0.14100803380194027,0.4831557322632794,0.15485237999629473
SG_010497,0,0.08904538035022404,0.3808269389564119,0.10022613775350428
SG_010500,0,0.22872462951627318,0.6231140397570464,0.2558333767601088
SG_010502,0,0.18573552265308055,0.4516024886042898,0.1621892694958084
SG_010504,0,0.25631667166456096,0.6880062043322022,0.3073181937815293
SG_010508,1,0.18749681606408888,0.5044887131598608,0.18300383145598034
SG_010511,0,0.14373655257570658,0.3994276145511942,0.12855156699076958
SG_010512,0,0.17138533033614278,0.4921499963327932,0.1714652600857154
SG_010513,0,0.11826540569491222,0.39866289473260014,0.11806010622613608
SG_010514,0,0.10128301187522416,0.2909997970745383,0.08292269805525639
SG_010516,1,0.1440830208397149,0.40736291172199407,0.13116198996647632
SG_010519,0,0.1513348879605834,0.4485186558076276,0.14747543571323238
SG_010520,0,0.10039104297196128,0.2875101179528368,0.0817556779578513
SG_010521,0,0.14697671401359533,0.47009157810942115,0.15298974211727745
SG_010522,0,0.10709597314381843,0.3405443948288257,0.09759082127762274
SG_010523,0,0.12218440645807382,0.507614424545203,0.15422507727780743
SG_010524,0,0.2078173051085799,0.5052590512663304,0.1915770496777782
SG_010525,0,0.22713355682174674,0.5257987289906324,0.20799428662749742
SG_010526,1,0.29626185001905625,0.6238306942806335,0.2854913257831128
SG_010527,0,0.08915022402163357,0.36759288790944034,0.09693736769348957
SG_010528,0,0.08459887701871228,0.2086104636538089,0.05833039005705374
SG_010529,0,0.11143435336565936,0.44505306299014835,0.12865778658052907
SG_010530,0,0.09235730884607628,0.30329258598279235,0.08260995068320813
SG_010532,0,0.22937498805530288,0.5897832093021327,0.23884355964506107
SG_010533,0,0.30153228325465276,0.6753534708361401,0.31949204055832503
SG_010534,0,0.24642219587815473,0.6037170125719644,0.2533683306872808
SG_010535,1,0.29282164884945144,0.5878471162603291,0.26413498230427834
SG_010536,0,0.19520240447805004,0.5491711298462398,0.20491679671959495
SG_010537,0,0.12265214116966654,0.4681475765917595,0.14124038958410423
SG_010538,0,0.1260028498932777,0.4696559444349357,0.14332174211708434
SG_010539,1,0.24434601261751474,0.6064340026404195,0.2539001625382225
SG_010540,0,0.11385894407542907,0.4218399645198191,0.12287943563434539
SG_010541,0,0.17006341076140816,0.4380365247806992,0.15136605689668456
SG_010542,0,0.1102430069110894,0.4536157328181722,0.1306756488113039
SG_010543,0,0.12374678985324072,0.44054401043231745,0.13299318231244192
SG_010544,0,0.18721157574494993,0.5022958545737765,0.18201574924565403
SG_010545,0,0.30046289706069285,0.6173863845991566,0.2835181334128487
SG_010548,0,0.2734741525684861,0.6270564361521874,0.27775855371550356
SG_010549,0,0.09109728944460815,0.40833955425531465,0.10836478983006749
SG_010551,1,0.15439173111859625,0.2939574465350582,0.10069516148962811
SG_010554,0,0.10021918797872693,0.3612540340244683,0.1001831777250973
SG_010556,1,0.12514979005333574,0.4343858787389912,0.13170946005350673
SG_010557,1,0.15861246400412984,0.49317623841798514,0.1663368950770579
SG_010558,0,0.15010717824745848,0.4141908897475684,0.13567982939974424
SG_010559,0,0.1292787980260496,0.34306535054492515,0.10654831090389381
SG_010560,1,0.22203944302803777,0.5560400375354897,0.2195165429114788
SG_010564,0,0.10769605188852809,0.38039755456652447,0.10845115023448489
SG_010565,0,0.09953154019836963,0.4330124049391898,0.11932626488387361
SG_010566,1,0.2285105703726672,0.6082530198444365,0.24787184354076766
SG_010567,0,0.13093878793441618,0.39265246541898924,0.12148849075030255
SG_010568,0,0.20434588967864808,0.6731718633062123,0.27238216662265813
SG_010570,0,0.2152131221717137,0.6196884330944549,0.24776927634868628
SG_010572,0,0.12019073866694213,0.36285940866562316,0.10869526021138061
SG_010573,0,0.15273555064631206,0.5015097678861953,0.1667843044035835
SG_010574,0,0.1009212023298332,0.2824996931159342,0.08072112381151728
SG_010575,0,0.13931459613596608,0.4260668315934189,0.13514913525264477
SG_010576,0,0.1881319023189114,0.6024995692766976,0.2261966842291763
SG_010580,0,0.09081490303648104,0.2792337037953704,0.07636886288355343
SG_010581,0,0.3412715087387174,0.5931083080883376,0.2859245575132871
SG_010583,0,0.11591133600586186,0.44051426406108746,0.12939822222963718
SG_010584,0,0.0888814114592439,0.2614823557455883,0.07158679533392472
SG_010587,0,0.0902008648391378,0.36848615481070957,0.09764003516415844
SG_010591,0,0.11182033469451559,0.29779808632044685,0.08829448789618578
SG_010593,0,0.30761286451004644,0.5552137066814778,0.2528687001071459
SG_010595,0,0.12766300865772173,0.39571461933467383,0.12108381841176181
SG_010596,0,0.16650633420224437,0.49249917538563315,0.16951592600473003
SG_010597,0,0.11448049445132975,0.3798829568778079,0.11115299744873657
SG_010599,0,0.09982911247142377,0.4067159775876042,0.11212806259482867
SG_010601,1,0.22495458456238807,0.5707987233676752,0.2276729506379501
SG_010602,0,0.19978449639141008,0.6115808349416187,0.2363040465034985
SG_010603,0,0.30180701650637193,0.6686189901375195,0.31521288371537554
SG_010604,0,0.20767988897997489,0.4699489288431935,0.17739337464576216
SG_010605,0,0.2484908359247581,0.6257942751603133,0.26618565195434163
SG_010606,0,0.19486580379014987,0.4499253955449202,0.1650062650122512
SG_010608,0,0.1407849094811375,0.3497489119478735,0.11253064545908842
SG_010609,0,0.33421697938892053,0.6264219214017995,0.30247699864087063
SG_010610,0,0.1289763682415085,0.4392933258298736,0.1349287543844654
SG_010612,0,0.1738683617369343,0.6355396292079352,0.23549904195480859
SG_010613,0,0.17524222391570174,0.47213751475461874,0.1655976783937056
SG_010614,0,0.1159039099599473,0.43486516631067945,0.12768610060482752
SG_010617,0,0.11054935534201,0.48712427843158856,0.14133380368617018
SG_010618,0,0.18895970584846009,0.5168778233576985,0.18860131021874899
SG_010620,0,0.15617103003438826,0.4832441760595281,0.16164687979484568
SG_010621,0,0.12290302162708834,0.5354464613606387,0.1645343403644215
SG_010622,0,0.33190029476399246,0.6303935016511714,0.3039321666034564
SG_010623,1,0.2699339328570499,0.6261655265192493,0.2757360440786674
SG_010624,0,0.13120081357544452,0.41817643281770306,0.129312592099056
SG_010625,1,0.0966681854392291,0.430296811994182,0.11713102393605926
SG_010626,0,0.13873207097688148,0.49614459645294584,0.1583570094610643
SG_010628,0,0.15022979278974125,0.5098283216464716,0.16871969587370017
SG_010629,0,0.16588244892082157,0.47225302445097495,0.1618046662248562
SG_010630,0,0.22748349854798955,0.49233442950974793,0.19384250042840306
SG_010631,1,0.2510643712334302,0.5793402162380429,0.24282149729894098
SG_010632,0,0.11486981839638173,0.3540183355149809,0.10419944740319527
SG_010633,0,0.11144422952111162,0.3818303908655465,0.11042984683713034
SG_010637,0,0.1198308523504862,0.42544557992669596,0.1266263765420831
SG_010638,0,0.13568682249827713,0.48309829189010206,0.15237528994660182
SG_010639,0,0.07975067481355665,0.27054591218471685,0.0703172252066713
SG_010640,1,0.13553152165636115,0.4580056453188777,0.1438590422534061
SG_010641,0,0.1519350251568189,0.4512577227795299,0.1486523249050102
SG_010642,0,0.13159346968516292,0.42025662297906896,0.13011798042688918
SG_010643,1,0.21852936536545378,0.5713892972872107,0.2251925614165663
SG_010644,0,0.1522293566765449,0.42639261050970323,0.14047372969379646
SG_010645,1,0.303017591778499,0.6320598500544876,0.2931060966230906
SG_010646,0,0.09268857314210471,0.28702078985257345,0.07887576951810031
SG_010647,0,0.11428407225134725,0.454308071396988,0.13285197970740822
SG_010648,0,0.1060500120565306,0.28768843167448327,0.08376459936653523
SG_010650,0,0.14185105809909612,0.4525242720031235,0.14481138111179812
SG_010652,0,0.17610408330297933,0.4907468781181932,0.17291708553029533
SG_010654,0,0.0963763868109549,0.25062937077546343,0.07158039763482503
SG_010656,0,0.12991899281486444,0.22104580882640287,0.07382140044353935
SG_010657,0,0.27395208485564393,0.7437216036216024,0.35620418354101735
SG_010658,0,0.0850481846715645,0.25039927193985567,0.06775558008154017
SG_010660,0,0.2022483030563995,0.4518184708836139,0.16844088933676818
SG_010661,0,0.11473797980146631,0.371679128113734,0.10898157611071582
SG_010663,1,0.31698874855798137,0.7535455044222695,0.38472505234852844
SG_010665,0,0.30986725510814045,0.6218225984095272,0.28991621249048394
SG_010667,0,0.0687646398945604,0.17526680290078384,0.04654431138116174
SG_010669,0,0.15052016545766642,0.4395047835349872,0.1441182739484061
SG_010671,0,0.15181744638290762,0.46442710617187094,0.1531200469100555
SG_010672,0,0.1130838276572486,0.37273292463961416,0.10859947236717217
SG_010675,0,0.20010835863341012,0.5117316011075146,0.1911295855978028
SG_010676,0,0.11177005566550756,0.26047634055553576,0.07883696264203681
SG_010677,1,0.15562117900237069,0.40925437335539316,0.13620643758206621
SG_010678,0,0.09370913531210971,0.3958433631278851,0.10631822652820376
SG_010680,0,0.10796435194554282,0.36389996001433483,0.10410641443018788
SG_010681,0,0.1011412788329996,0.20322119384124457,0.06179731999477588
SG_010682,0,0.13042730700776609,0.4727569574412789,0.14642242187097204
SG_010683,0,0.12415351953680054,0.24044909171203308,0.07736117804176668
SG_010686,0,0.2118924471472389,0.4967446521373929,0.18969017216850073
SG_010687,0,0.26298956264370854,0.5953562562411252,0.255990644938061
SG_010688,0,0.0850476702020232,0.34751542897788607,0.09016103427992762
SG_010689,0,0.26267572630690367,0.5994428834552132,0.25801589001587144
SG_010691,0,0.10889731135689196,0.40137077969805685,0.11477750616010261
SG_010692,0,0.290455829719611,0.5799914770629687,0.25904797232690624
SG_010693,0,0.1614284695934152,0.49813596666653165,0.1694177449522998
SG_010694,1,0.2880416044717083,0.6032130079933208,0.2705155552494132
SG_010695,0,0.13377555018526066,0.37739445069002214,0.11807576140666617
SG_010697,0,0.10010598453120112,0.3496422095735103,0.09714062900189394
SG_010698,0,0.1212639853015014,0.45993869506152263,0.13794680647620716
SG_010699,0,0.10927023203647228,0.3685164725452198,0.10588511495832684
SG_010701,0,0.11089202001587545,0.4136760617144295,0.11916729813300539
SG_010702,0,0.20249349795463245,0.5993891786173421,0.23150492867880074
SG_010703,0,0.2216587862748831,0.5280063092456729,0.20677260217863963
SG_010704,1,0.22949113837100343,0.5872876092517928,0.23765110800080616
SG_010705,0,0.18100815158634773,0.5084173951998044,0.18183566570387927
SG_010706,0,0.13958225369010055,0.48230745625519833,0.15390434216603352
SG_010709,0,0.12362400485785113,0.4098035605350095,0.1235920523055865
SG_010710,1,0.09918074283432837,0.38201904351123805,0.10517674522868369
SG_010711,0,0.1497063531644461,0.5731905290798016,0.19362425160112726
SG_010712,0,0.21032230109595204,0.5613361841704462,0.21695659621753535
SG_010714,0,0.25277291039497646,0.6086361461231782,0.2587110355576253
SG_010715,1,0.18117201508821953,0.6035619261146862,0.22330033181394526
SG_010716,1,0.21356120856745484,0.5049677214666488,0.19373100847934938
SG_010719,0,0.2209253422601388,0.5915275661005226,0.2359989279863138
SG_010720,0,0.220601180875566,0.5493721255172697,0.21586238899606544
SG_010723,0,0.12423616097163175,0.4107409145827865,0.12413048175634993
SG_010724,0,0.1277222342468417,0.40677338198816165,0.12440190141495629
SG_010725,0,0.26634801938165586,0.6167679711476166,0.2689421024130941
SG_010727,0,0.1213112693551714,0.44454283860526966,0.13312951722636576
SG_010728,0,0.14410446241679745,0.45938529350210167,0.14808209676280598
SG_010730,0,0.13024543369008004,0.4275127351012181,0.13179440915827237
SG_010731,0,0.21369443887726539,0.55246792896499,0.21436211856756518
SG_010732,0,0.1250209198898529,0.5196698552758727,0.15993891578210612
SG_010735,0,0.24909633402124132,0.6211543614316303,0.2638941892035216
SG_010736,0,0.16905352968355988,0.47236925451863493,0.16315716546138592
SG_010738,0,0.20148568404089007,0.5964085392991872,0.22957384712591616
SG_010740,0,0.13124319575903381,0.3694491549125402,0.11479475991448904
SG_010741,1,0.23932576875288947,0.6379708124158944,0.2688799734788588
SG_010742,0,0.10219843200193383,0.4801154657641503,0.13468956920574124
SG_010743,0,0.10232807521596383,0.37511271201435076,0.10472560465364067
SG_010744,0,0.17238113802185503,0.49643452839928287,0.17351388933733128
SG_010746,0,0.286284473437281,0.5417620391619031,0.23817079443352596
SG_010747,0,0.10791742457614044,0.468650172951669,0.1341308484467643
SG_010748,0,0.12695636296822507,0.49830945039776603,0.15341686445828417
SG_010749,0,0.14710209343473998,0.4922337350042159,0.16084338668763926
SG_010750,0,0.2406488390829645,0.5297020207114067,0.21505641228835934
SG_010751,1,0.25734364791186676,0.5924039193018167,0.2520957857409901
SG_010754,0,0.14666507833992828,0.4965724618401397,0.16220564001172091
SG_010755,1,0.17928296818224546,0.5344040510878285,0.19159434462832856
SG_010756,0,0.14943341704610633,0.4460130821230897,0.1458440166432276
SG_010758,0,0.0739586083347775,0.270068592625249,0.06798819194476713
SG_010759,0,0.14330086003709536,0.4165422750786782,0.1337464199563655
SG_010761,0,0.12434648151163552,0.3934793770984323,0.11907965045558147
SG_010762,0,0.15276949548824695,0.44476876421637906,0.14680125994090415
SG_010764,0,0.12184334529456287,0.45702912989148403,0.13729512612280925
SG_010765,1,0.10516162581181769,0.4106462824139753,0.11569631380086073
SG_010766,0,0.10963534765298732,0.38506811327928725,0.11055883333785076
SG_010767,0,0.17332751948912373,0.44915153107488176,0.15652936745671409
SG_010768,1,0.28110586575031243,0.6264522757292925,0.28065787817710686
SG_010770,0,0.0958995051782745,0.3360983048341802,0.09199570026909151
SG_010771,0,0.12164440527529564,0.41460753362884145,0.12417677116233222
SG_010775,0,0.20668227598296265,0.5922226377258639,0.2299289608534772
SG_010776,0,0.306142465926501,0.5586717190097015,0.25407717555228365
SG_010777,0,0.2560830735915292,0.5642169375000479,0.23738002677481584
SG_010778,1,0.18374310305961813,0.6136935983183924,0.22952925010355876
SG_010779,0,0.2558775825057639,0.6205821663184253,0.266543738080786
SG_010780,1,0.25683045375769575,0.625651164678234,0.269774083092493
SG_010782,0,0.2688794588069853,0.5974646321269308,0.2595481856087177
SG_010783,0,0.14259047049952647,0.4664969372947561,0.14983017144489155
SG_010785,1,0.12374137512435908,0.47771289619870005,0.14489011927350426
SG_010786,0,0.1329304054130266,0.5378948182157383,0.17075933210192554
SG_010787,0,0.30921585378904676,0.7188387521477139,0.3534900559015494
SG_010788,0,0.21836413735274451,0.6221033346993303,0.2505144535934801
SG_010790,0,0.10566171569395506,0.3154911100303161,0.09060800050791425
SG_010792,0,0.11304971267374724,0.43466511412142317,0.12630456534346468
SG_010793,0,0.16132263197822874,0.43366924242676447,0.146477027434657
SG_010794,0,0.24080786941671836,0.5466734527644393,0.22288024929293496
SG_010797,0,0.09647258294884441,0.2982870066012488,0.08295636613085478
SG_010799,0,0.30046498475539085,0.7364096435558265,0.3630196148084834
SG_010800,0,0.15386041473501133,0.4569950345405695,0.15141623704834525
SG_010802,0,0.2701057001759012,0.6500603687333706,0.28975812228679915
SG_010804,0,0.1612011464563268,0.49433101391104506,0.16789974882649428
SG_010805,1,0.13981171833285413,0.44850127727501693,0.14260437172725046
SG_010806,0,0.10609967740881505,0.2903920423638889,0.08445522411456986
SG_010807,0,0.2804168317032361,0.6091291553638915,0.27063437927633666
SG_010811,0,0.2350989314387382,0.5953241716115626,0.24412657335469717
SG_010812,1,0.2556502726082682,0.6728421812674413,0.2972309202637175
SG_010813,0,0.2341811680437954,0.5486972144703148,0.22114206965284247
SG_010815,1,0.2145956461895291,0.5986878844536473,0.23672391132731826
SG_010817,1,0.27020530547986094,0.5951291232122451,0.2588575631166619
SG_010819,1,0.23160196418434478,0.6373798715091724,0.26499284341165497
SG_010820,0,0.07780313000724154,0.32023201257377504,0.08059725579904141
SG_010821,0,0.12697879693303132,0.35000941019393883,0.107663665386673
SG_010822,0,0.25937041249944626,0.6233004808309219,0.2695680788414995
SG_010823,0,0.10324357066721096,0.37676855141651944,0.1055623385118887
SG_010825,0,0.24612149011555826,0.44784866379606303,0.18237861675080982
SG_010826,0,0.23035521962035932,0.5915607730826574,0.2401604411595682
SG_010827,0,0.10187123200283348,0.30655872531440737,0.0869709651146091
SG_010829,0,0.10164474290196779,0.32789776734807313,0.09222620323234354
SG_010832,0,0.1601150377840772,0.5462045439693515,0.18758923687578385
SG_010833,0,0.13049136811165385,0.3958879180087143,0.12227365914763183
SG_010834,0,0.11482794205571445,0.5114248045153574,0.15167430015582958
SG_010835,1,0.27318513876995637,0.5561710253333442,0.2401995506294373
SG_010836,0,0.16085993407734692,0.5440819965430018,0.18707953402490948
SG_010838,0,0.17414165464494533,0.5234051388702052,0.1848266744191493
SG_010839,0,0.18926608272867096,0.4961994424157656,0.18045561361889487
SG_010840,0,0.10194046181868706,0.33750127684897413,0.0947788214655907
SG_010841,0,0.09794573705206731,0.2489365960074634,0.07168485562554024
SG_010842,0,0.09024326548554366,0.2800098449632874,0.07634215557144783
SG_010848,1,0.25563247239664316,0.619910766642969,0.2660671005507171
SG_010849,1,0.15497848229614533,0.4970526280373759,0.16615236100520775
SG_010850,0,0.28507658203937014,0.6112942372567856,0.2737598037433654
SG_010851,0,0.21962440887516033,0.5571520584331441,0.21901194840850893
SG_010852,0,0.126699917574397,0.3969413164186615,0.12105554992468086
SG_010854,0,0.13048232676503616,0.37901046955643314,0.11728747402941184
SG_010855,1,0.2438030863076653,0.6555111566547933,0.2811149760140687
SG_010856,0,0.07965906149954136,0.37951121413990746,0.09535620047682253
SG_010858,0,0.19859752117208232,0.5657412758382527,0.21380980046847325
SG_010859,0,0.10137899070126782,0.2782795067066589,0.0798521521113484
SG_010861,0,0.10836382653257304,0.3748761346342194,0.10723132862136148
SG_010862,1,0.1676980885968065,0.4672885075398979,0.16076114334080668
SG_010864,0,0.11203768047260877,0.459437515269975,0.1333436185390062
SG_010866,0,0.14350719575666007,0.44492220033298563,0.14300145193809238
SG_010867,1,0.11991739655372313,0.44750445231770714,0.13340697042544383
SG_010868,1,0.21512138363384,0.6146489463921413,0.24509430259980086
SG_010869,1,0.20688645195729716,0.6182059233194237,0.2430747819710921
SG_010873,0,0.2593613937807495,0.5632881640486547,0.23824013844724612
SG_010874,0,0.19198752379242542,0.45931311637113703,0.1674109769706448
SG_010875,1,0.23566451801819002,0.5716633216961451,0.23262089241450226
SG_010877,0,0.08656987172035975,0.2744000207253201,0.07371179252645048
SG_010878,0,0.12782659795284246,0.3653086218594969,0.11231178484900473
SG_010879,0,0.28483962460354456,0.570963181487806,0.2521673895400111
SG_010880,0,0.17432078983777813,0.5500943512768021,0.1959020775850933
SG_010883,0,0.10834022885730525,0.3071964498230199,0.08947384787641303
SG_010885,0,0.3674747822407363,0.7212984693126457,0.3810138787167082
SG_010886,1,0.21171634539716147,0.5120744795819593,0.19596377796281883
SG_010890,0,0.21420598154233428,0.5802827689254505,0.22753976760881625
SG_010891,0,0.2039471163807445,0.5384731645510216,0.2040252284825617
SG_010892,0,0.12298943171041062,0.49565626970653054,0.15052860642358676
SG_010893,0,0.14895704915951294,0.4249220425445501,0.13869291701499803
SG_010895,0,0.24162151673677157,0.6059981911224649,0.25248508309970186
SG_010897,1,0.14782393337107816,0.44849762472295157,0.14600529740484303
SG_010899,0,0.1693534764902568,0.5225430795230551,0.18234656709161165
SG_010900,1,0.1180360669333063,0.47521938523993984,0.14128858147785267
SG_010901,0,0.10480790597489358,0.3609302672100145,0.10201753097432167
SG_010903,0,0.14674366153604176,0.4201897862104065,0.1362825855623108
SG_010905,0,0.13357661713551386,0.49096315832135995,0.15409492969909377
SG_010906,0,0.1592241105500171,0.4354398619483521,0.1462505897424249
SG_010908,0,0.10454203594914206,0.2963689170235209,0.0854003879997429
SG_010909,0,0.10559861650798807,0.3743241110755907,0.1059154672761532
SG_010910,0,0.41903688084017016,0.7369606634164522,0.41557909594540443
SG_010912,0,0.11607797751744377,0.41771386190946264,0.12266132916256248
SG_010913,0,0.12720063576929352,0.5179904602708257,0.16046398343996254
SG_010914,0,0.10057956980860971,0.36343574360216757,0.10090342552132246
SG_010915,0,0.16831772714566315,0.43966686701039825,0.15125587801252394
SG_010916,0,0.16978096149402103,0.5320759391472699,0.18636161750512842
SG_010917,0,0.16600293854210746,0.49070975606398975,0.16863148669192105
SG_010918,0,0.13906021112359426,0.5233201836246701,0.16839320133064398
SG_010919,0,0.16732087775321425,0.4383523121445345,0.150414495108855
SG_010920,0,0.19017045246647243,0.48939192074897486,0.17815861081776546
SG_010921,0,0.12993556518841534,0.18352039829347813,0.063908485662471
SG_010923,0,0.13972998427727001,0.42965640636038094,0.13646472423329162
SG_010924,0,0.13267071789612123,0.4220321557538292,0.13111923163938388
SG_010925,0,0.292409128000162,0.5102511426241647,0.22545708998125918
SG_010926,0,0.24472650709476507,0.6120287805798247,0.2570365573003656
SG_010927,0,0.09908065640067497,0.4001976154408472,0.11000183148773068
SG_010928,0,0.2868476747326534,0.5802010875948062,0.2577320067608683
SG_010929,0,0.10756376774146213,0.42787459710877473,0.12173478175025268
SG_010931,0,0.10583121187550386,0.2402584534141271,0.07203718860728438
SG_010932,0,0.155144973304386,0.5369022987458262,0.18145824891589865
SG_010933,0,0.22507091117615188,0.5485168876947684,0.21732697176781363
SG_010934,0,0.3062075249608665,0.6742968389206564,0.32083213654640885
SG_010935,0,0.12354042672190024,0.31782726317998045,0.09758685547989128
SG_010936,0,0.10894449868265971,0.5485741137540985,0.16145451297298888
SG_010937,0,0.18914359141287518,0.5629406910864719,0.20828483118951835
SG_010938,0,0.1390184559975669,0.41986878608034356,0.13306786733724843
SG_010939,0,0.1804881462556561,0.46684971977239365,0.16574689974449575
SG_010940,1,0.26988400684626473,0.6087849403115253,0.2660558435640713
SG_010941,1,0.14387048952091133,0.38167261580009215,0.12314868430606415
SG_010942,0,0.14787708388063472,0.48571996283833707,0.15886723277053982
SG_010943,1,0.09218673685462454,0.4165278837836273,0.11109966819031661
SG_010944,0,0.09674396119366101,0.2963087562859214,0.08257856203862073
SG_010945,0,0.08170627262065666,0.263649727744069,0.0695202331361056
SG_010947,0,0.13351123648189236,0.46691430368795805,0.1458994563514338
SG_010948,0,0.14244401005993443,0.4385767989745249,0.14047448433653417
SG_010949,0,0.13855158093114903,0.43494045428780187,0.137664505188131
SG_010950,0,0.34771812430289417,0.6017272849358692,0.29331070893381817
SG_010952,0,0.12872289684555743,0.38877971299741787,0.11946308133812912
SG_010953,0,0.20375781578198612,0.5145334728017453,0.193777884266998
SG_010954,0,0.12184657160893807,0.44143419057068084,0.13240983059467815
SG_010955,0,0.16968683759911887,0.529092963109244,0.18511510098393893
SG_010957,0,0.13685246486291555,0.4086344730566083,0.12869094564479713
SG_010958,0,0.12014976097901198,0.49011023563117867,0.14723366426021575
SG_010959,1,0.11172594791122299,0.5355150187512202,0.15836919429533308
SG_010963,0,0.256240677618546,0.5439824999625841,0.22772880276884833
SG_010964,0,0.12215526778446452,0.4063639534939115,0.12195162133736505
SG_010965,0,0.10953124005267297,0.22953209411164388,0.07049079647608562
SG_010966,1,0.11163738782324235,0.42410376404928646,0.12253089082075742
SG_010967,0,0.10375168749496706,0.3636516878636171,0.10229643443488622
SG_010968,1,0.20780447589012085,0.5063745902844123,0.19203167567345536
SG_010970,0,0.1548023736648332,0.4312173223420194,0.14308651070110892
SG_010972,0,0.25595398008246534,0.5674799759206695,0.2389295203174417
SG_010975,0,0.11288099631517039,0.3076296253931051,0.09119080849986111
SG_010976,1,0.2778152743159119,0.6302350608360502,0.2814351211352837
SG_010978,1,0.20614533308395325,0.5775236359647812,0.22264196109337572
SG_010979,0,0.1927381208087577,0.5122654784085862,0.18830879334312325
SG_010980,0,0.23099887861499555,0.587338610420056,0.23832960336025577
SG_010981,0,0.09860114296542145,0.36620438674719713,0.10077644315543884
SG_010983,0,0.1772110803574347,0.5391980335588853,0.19265362529621113
SG_010984,0,0.13495733019839976,0.48360955536460287,0.1522101993333212
SG_010988,0,0.10255607622245372,0.23827013796132712,0.0705727259103729
SG_010989,0,0.08751062365007047,0.16375003977166422,0.04910667570381209
SG_010990,0,0.24600024465440737,0.6431557734978836,0.27488634498382863
SG_010991,0,0.12173356281861201,0.42185372657963144,0.12638431439389164
SG_010992,1,0.16760274791315544,0.507673495319538,0.17575367007944254
SG_010994,0,0.0722302652492106,0.2795813276731796,0.06932602844134572
SG_010996,0,0.17320289419026558,0.511994253656685,0.1798854424423149
SG_010997,0,0.16978229040883394,0.4762416670836646,0.1648729460387837
SG_010999,1,0.12931802661560998,0.5317140142529339,0.1665623284034722
SG_011000,0,0.252378738250888,0.5356110462392839,0.22231994086019724
SG_011001,0,0.1266708859182353,0.4084980659386867,0.12448224795784296
SG_011002,0,0.26229504602728154,0.5028098165353079,0.21122064338763352
SG_011004,0,0.29256736939199074,0.6274546543136266,0.2860533375154835
SG_011005,0,0.15509297222325957,0.43598409022528434,0.14479166299912818
SG_011006,0,0.2147157974456412,0.501436019033852,0.19272023366171123
SG_011007,0,0.16093494788991644,0.48500702561130876,0.16434931487090115
SG_011008,0,0.12648397039012838,0.44595498671716705,0.13592094244938208
SG_011009,0,0.17427513224076016,0.5613596758963301,0.2007013806570903
SG_011011,0,0.11727436700951845,0.3673243189839167,0.10879225422788692
SG_011013,1,0.15208277072007956,0.5295243824655282,0.17709280298593344
SG_011014,0,0.31130518421429737,0.5933780943977035,0.2744304956860257
SG_011015,0,0.10512145502438092,0.33150322377790603,0.09448788392338996
SG_011018,0,0.2402488555962378,0.604266490859834,0.2509793689795252
SG_011019,0,0.1127467998672167,0.3368616391706965,0.09878879663321591
SG_011020,0,0.09563327645958412,0.28618854391427784,0.07974556063519014
SG_011021,0,0.2674863011436222,0.606665399522948,0.26389894325473345
SG_011022,0,0.29079668247727747,0.6272316156966654,0.2851836519562879
SG_011023,1,0.19709674488448423,0.5431508672264842,0.20312155321390668
SG_011024,0,0.2326364094760772,0.6458679033674687,0.27028280359564366
SG_011026,0,0.1894898754945132,0.5910570286610066,0.2213594216196529
SG_011027,0,0.18308309762072417,0.5860388693808979,0.2159496619767434
SG_011028,1,0.13197614826231333,0.44486213131483454,0.13801612192987484
SG_011029,0,0.09952660160711203,0.3127831253816265,0.08763941836969547
SG_011030,1,0.2207661513909737,0.499056207717181,0.19407936441127266
SG_011032,0,0.12009945712425972,0.4501416795668331,0.13431298648851903
SG_011033,1,0.2155118215345265,0.5466013125866519,0.21248448882328025
SG_011034,0,0.12078352019204812,0.40720313739609815,0.1216167676299614
SG_011035,0,0.11687751422586755,0.38348255701843975,0.113150039637683
SG_011036,0,0.15608216338825479,0.37743954336809965,0.12627331710449471
SG_011037,1,0.20067059851784022,0.5748693330523481,0.21893826883839015
SG_011038,0,0.35416913705318526,0.6789914377454274,0.34439661157725937
SG_011039,0,0.23884700514617932,0.6229451667130678,0.2603229599411643
SG_011040,0,0.19862301713095007,0.4853677572334746,0.17994431682426376
SG_011041,0,0.11935466932049232,0.40928085083087873,0.12161570957360217
SG_011042,1,0.18449081408183368,0.45655332630364226,0.16352251270314916
SG_011043,0,0.13808348706977683,0.41682607164304153,0.1317323676888468
SG_011044,0,0.115940077885175,0.3228439871141164,0.09625446542161728
SG_011045,0,0.15101131946848825,0.3467968858636341,0.11516486004903582
SG_011046,1,0.17634738031917918,0.5452227653491397,0.19478057984240021
SG_011047,0,0.13392280173786789,0.37791345438860197,0.11828473196910005
SG_011048,0,0.11228118031042893,0.5441575173932641,0.1617956347115491
SG_011049,0,0.0930057222493625,0.4292116955706307,0.11497610460804106
SG_011051,0,0.10284722972952409,0.38199748839176617,0.1067906957875128
SG_011054,0,0.06794004288880123,0.11581192720307501,0.03400060402335941
SG_011056,0,0.11251077579419999,0.4583444568283246,0.133237812042737
SG_011058,0,0.22353282453648146,0.6190353190979582,0.2512763220839576
SG_011059,1,0.3026493923054005,0.6259297700297116,0.28935027189596835
SG_011061,0,0.1384276535333895,0.5026263420230955,0.1605214739196847
SG_011062,0,0.0836644393757938,0.3391388050315263,0.0875483264871944
SG_011063,1,0.32455531677033006,0.6455321219056617,0.3102004778415308
SG_011064,0,0.09803314229348598,0.27086818538115326,0.07692588790362666
SG_011065,0,0.21661404713829735,0.5820258633910838,0.22944201721260568
SG_011066,0,0.1287673620085516,0.4012644096640084,0.12318197789613662
SG_011067,0,0.22867945730389516,0.6594117722891721,0.2762936141028399
SG_011068,0,0.12303822785877915,0.37944900339065823,0.11449658829712607
SG_011069,0,0.2966646618165125,0.615921440019284,0.2811279648612262
SG_011070,0,0.16681668193581092,0.4877664244439553,0.16788357274308482
SG_011071,0,0.23334782204026586,0.530404057764386,0.21249816987299833
SG_011072,0,0.23511378955196297,0.6018539518078454,0.24748109033211046
SG_011074,0,0.16272659791511446,0.5184809630266981,0.1777584559213093
SG_011076,0,0.15160498142523518,0.3472997368554365,0.11551503473371945
SG_011078,1,0.23295176982955954,0.5843979050466285,0.23771037994583313
SG_011079,0,0.10890359398415707,0.3413506731059424,0.09850419558006303
SG_011080,0,0.20706357300328604,0.49580245394505645,0.18741809200323822
SG_011081,0,0.2610503674062429,0.6904794980749122,0.3111898188474078
SG_011082,0,0.13865540999148177,0.4555807667160372,0.14443706223968872
SG_011083,1,0.2464792663980444,0.5724726907523578,0.2375161305704233
SG_011084,0,0.27293469021582667,0.6010967788500636,0.2631665511540876
SG_011085,0,0.11894087908119434,0.44985339276004216,0.1336823045288358
SG_011086,0,0.1180927968682083,0.4101851477560782,0.12133599493040867
SG_011087,0,0.22116797044759362,0.5463208008198981,0.21471498058305055
SG_011090,0,0.26806127484411707,0.6430611751261573,0.2846901113206123
SG_011091,0,0.13642145969886185,0.39668145826082035,0.12486365424447433
SG_011092,0,0.30861870485685117,0.6579038600458273,0.3112793030848454
SG_011093,0,0.12707348062646928,0.3760994415054931,0.11512101648277205
SG_011094,0,0.1661807669585075,0.4940271508871449,0.1699483562063653
SG_011095,1,0.1340213526997478,0.43414185571507335,0.13548838661453383
SG_011096,0,0.10835927846379663,0.46898102890704507,0.13445898898087552
SG_011098,0,0.24279197413053685,0.5960814908311268,0.24783607629800564
SG_011099,0,0.12628037905298084,0.3513637279674542,0.10778661097857804
SG_011100,0,0.11167970088837335,0.584373832541871,0.1767207531070047
SG_011101,0,0.08005689296020772,0.3855403054227332,0.09703023411194417
SG_011102,0,0.26255997575590906,0.6944190650881071,0.3145436165322029
SG_011103,0,0.10639764819118729,0.41831136308857153,0.11843759382731739
SG_011104,1,0.3017748947569933,0.6160839764638854,0.2833104948813964
SG_011105,0,0.2114482684633214,0.589088568454399,0.23056488528575472
SG_011106,0,0.13009932892067289,0.44275865845367207,0.13651911540916267
SG_011108,0,0.13513883599617674,0.40037042899544106,0.12547687147230824
SG_011109,0,0.13467032577502067,0.4633653638528624,0.1452459725993839
SG_011111,0,0.10878750071223763,0.3600373542890646,0.10340818379151706
SG_011112,0,0.20639367602249745,0.5762632586275824,0.22215956894198843
SG_011113,1,0.24799724303523862,0.5794601974720631,0.24160885638514387
SG_011114,0,0.11165558796302866,0.4571201842645901,0.13244117008987336
SG_011115,0,0.24988640220320743,0.6702679818397045,0.2929302984954086
SG_011116,1,0.3592681267793885,0.6645303078938766,0.33672021332070334
SG_011118,0,0.3190765328814969,0.6314585530632983,0.29936291957491135
SG_011119,1,0.2728512707898681,0.6437484852015866,0.2871950657935713
SG_011121,0,0.24335614822257493,0.6448644315464392,0.2746663409487917
SG_011122,0,0.16155131865533998,0.5468317505940875,0.18853396325766658
SG_011123,0,0.0757452286452585,0.24958781156308651,0.06429075575929583
SG_011124,0,0.12016172665844738,0.46869691311597395,0.14022239703119938
SG_011125,1,0.2647207570511508,0.5629673216306266,0.24021784550604305
SG_011126,0,0.15931701515418215,0.5448912654587208,0.18667085190417093
SG_011127,0,0.1396511578409655,0.42696166851174966,0.13557261409056978
SG_011128,1,0.153012933677234,0.5206558129691647,0.1741122901151991
SG_011129,0,0.12007947253844091,0.4772628783951887,0.14295802070047967
SG_011130,0,0.10411665261312596,0.30580343848874125,0.08760248743833346
SG_011131,0,0.20813738299086912,0.5618364003148162,0.2162370601773011
SG_011134,0,0.20492340039368148,0.5131433234950539,0.1936743007549625
SG_011135,0,0.2234354578863724,0.4996158566265877,0.19533819820341508
SG_011136,0,0.32937882802854435,0.6353110681660756,0.30589090721213646
SG_011137,1,0.12765449077163754,0.426676343043806,0.13042313226932317
SG_011138,0,0.20779506846896004,0.5755711913096706,0.22245865187863492
SG_011140,0,0.1170135677043121,0.3831488853100943,0.11311188126138513
SG_011141,1,0.24074919503004635,0.6015023439204922,0.24975698269201624
SG_011142,1,0.15175660283164616,0.509822141637577,0.16942574777890293
SG_011145,0,0.15501899694207374,0.42116861422574386,0.13985498530132937
SG_011146,1,0.17269459346546853,0.4811810832827357,0.1679024183751812
SG_011149,0,0.11311134647593686,0.4446933644899937,0.12934941605780156
SG_011150,0,0.11555142387301659,0.2584109551561143,0.07947459429275044
SG_011153,1,0.29670708341354096,0.6024886105611581,0.2736292376246867
SG_011155,0,0.15352710454311191,0.41580180122657145,0.13752603593890744
SG_011156,1,0.2586200933900611,0.6309517010074398,0.27354205928435604
SG_011157,0,0.10580914345848347,0.3941773376747854,0.11140754346053426
SG_011163,0,0.11762510743376658,0.4370530093496036,0.12913866600676113
SG_011165,0,0.1559594814723229,0.42835706474360324,0.14259387657785824
SG_011166,0,0.1296728709146762,0.38093830252475563,0.11753717613212172
SG_011167,0,0.08825091076787951,0.19557712705047434,0.05648294827277552
SG_011168,0,0.1069277430307523,0.4209137329060809,0.11942851434279114
SG_011171,0,0.2579915509127496,0.4977913326443957,0.2074459621750932
SG_011172,0,0.31405576946004177,0.7222777878372788,0.35828141612781683
SG_011173,0,0.09966064818864283,0.4100442686709615,0.11296310632867979
SG_011174,0,0.14168243323732913,0.5022549281534844,0.16193516915592152
SG_011178,0,0.10640520711909814,0.34231068455566044,0.09778063496880482
SG_011179,0,0.23811068493094276,0.554778331234439,0.2255763399328446
SG_011180,0,0.1008182299295788,0.33266231012548475,0.09310642256811276
SG_011181,0,0.11585008312698009,0.4127717978626206,0.1211129258416592
SG_011183,1,0.11995976122549033,0.3673718635475813,0.10986440186465578
SG_011185,0,0.10422725075578793,0.3855737444645482,0.1083597407483906
SG_011187,0,0.1647250930787795,0.49238482414620005,0.16870642227782537
SG_011188,0,0.25125679597582823,0.6528655095059449,0.2829719981576862
SG_011189,0,0.2070330943181229,0.5485211977257319,0.2097543155572684
SG_011191,0,0.2374446646287204,0.5939645737841242,0.2444505547534676
SG_011193,1,0.15374541158931507,0.48817412291749346,0.16236282284991158
SG_011194,0,0.27368363692120196,0.5400570730926699,0.2325866876181345
SG_011195,0,0.13741483827307951,0.454260927803784,0.14345725318720134
SG_011196,0,0.1295742871490738,0.5194656462821964,0.16221038208225755
SG_011197,0,0.2832979301971723,0.6397533546068954,0.2893460929741968
SG_011198,0,0.22175757713329083,0.5303192538623395,0.207826217221969
SG_011202,0,0.1259831110622204,0.3623074146285234,0.1107598631214084
SG_011204,1,0.22211714286780748,0.583555588105967,0.23260172812062369
SG_011205,0,0.1839358452248392,0.5528486189206276,0.201488380625499
SG_011206,0,0.11629543649282566,0.4141487773738763,0.12171145791235784
SG_011207,0,0.12343062731156007,0.49013437639965224,0.148879841065849
SG_011209,0,0.21068318301534897,0.6313459339524589,0.25182299359729826
SG_011210,0,0.1002779174978139,0.4106466366162036,0.11342071517174171
SG_011211,0,0.16239450049845594,0.5512469454159434,0.19075931756999528
SG_011213,0,0.18548117060519634,0.49396904726421625,0.17803511063431282
SG_011215,0,0.12878530444739403,0.4833702272717553,0.1492069295972334
SG_011216,0,0.12209998326234296,0.41726323480163524,0.12516624047347724
SG_011217,0,0.21915178488796852,0.5477468325880458,0.21452165741638138
SG_011218,0,0.11339106563300382,0.24602146156508667,0.07570464332591346
SG_011219,0,0.11327437530028743,0.4024454108767475,0.11700480820735942
SG_011220,0,0.1251719200060645,0.46500749474299824,0.14141541236343402
SG_011223,0,0.3131200180623956,0.6413536236347707,0.3028889364980264
SG_011225,1,0.3776835428648464,0.7411826154946791,0.4014334123359452
SG_011227,0,0.18165634659827004,0.5711543775871294,0.2084900661738146
SG_011228,0,0.20946077262828056,0.4851741381895778,0.1840742895170285
SG_011229,0,0.14835843080825428,0.5000708778844308,0.16425448382487903
SG_011230,1,0.26895101106415836,0.5731651416555248,0.2469938283109932
SG_011231,0,0.10789741815246366,0.3964470680880239,0.11295865148062546
SG_011232,0,0.1089718685452477,0.3466199452711356,0.09991760421601668
SG_011233,0,0.1869713011887357,0.5604899477585635,0.20620842173435944
SG_011234,0,0.17902596824421654,0.5535733578075767,0.19955740575320177
SG_011236,0,0.13648453119744683,0.4131917264465423,0.1299510566292355
SG_011237,0,0.16872537627432616,0.4323190849626775,0.14888017583302943
SG_011238,0,0.1736980498577996,0.6823928946276616,0.26128459830843026
SG_011240,0,0.08913546877903622,0.39061257603978433,0.10277200462734404
SG_011241,1,0.2584221607538567,0.6650317350484447,0.29363127621063306
SG_011242,0,0.109881124799777,0.4286199164552297,0.12303950655549666
SG_011243,0,0.23945678851290852,0.48272439645441734,0.19427514493343215
SG_011244,0,0.31757567282409715,0.7027834492270602,0.3454271447325161
SG_011245,0,0.23641746860377458,0.5574241144086705,0.22612915856670782
SG_011246,0,0.21614893612748384,0.53958696409825,0.20962188510755353
SG_011247,1,0.25734496065099505,0.6091531642225646,0.26094768941883845
SG_011248,0,0.1008966329615375,0.391777504226676,0.1085561472227061
SG_011249,0,0.09705471986698959,0.3721246798235406,0.10163847929632285
SG_011251,0,0.09764654886385377,0.38019587066931454,0.10401010261819275
SG_011252,0,0.16652515059960152,0.4665305468566577,0.16000820511141067
SG_011253,0,0.13702195620930818,0.19762905493945476,0.06929865806208022
SG_011254,0,0.11284487521914945,0.4527453937491117,0.1316764313280579
SG_011255,0,0.1145223359519979,0.4548516288898861,0.1331347705484993
SG_011256,0,0.12251384647963938,0.39434123650373587,0.11857999173783278
SG_011258,0,0.1669706526787014,0.509437762485528,0.1761553384157255
SG_011260,0,0.2802134419727955,0.6828058204174798,0.31493407982137583
SG_011263,0,0.10902271155824483,0.3351286642705756,0.09692130658975576
SG_011264,0,0.20972779752962611,0.41036285284548435,0.15580750340036675
SG_011265,0,0.1047918533359119,0.3367178138724449,0.09570042398599614
SG_011267,1,0.38831581713186725,0.7119306411483787,0.38263777940687127
SG_011268,0,0.10563973985363369,0.3357608084092003,0.09578380740476027
SG_011269,0,0.15500814480165803,0.42853445169723425,0.1422780269117798
SG_011270,0,0.13638559165857578,0.47899643365047667,0.15129321898175932
SG_011271,1,0.15541423071444976,0.519975022466989,0.17497408393279618
SG_011272,0,0.09607285057447572,0.4091436330286506,0.11100604997287915
SG_011273,0,0.12235765847136405,0.49922985263103864,0.15142776155193702
SG_011276,0,0.10116688700871145,0.35221034430678794,0.0982384927397213
SG_011277,0,0.16436854554533292,0.5275980860540168,0.18209174557137617
SG_011278,0,0.07155053630018324,0.2512362665139601,0.06308624295192274
SG_011281,0,0.14348278506596635,0.46521667543917616,0.1497872034665769
SG_011282,0,0.1162255186227978,0.3784018213936348,0.11145547882810104
SG_011283,0,0.1090108511273083,0.37289875298282876,0.10696491673932493
SG_011284,0,0.2647224488642724,0.6128977977435962,0.2661223823008774
SG_011286,1,0.13257973819672772,0.4056608795268251,0.12605615526558236
SG_011287,0,0.13386532266322992,0.583966851123873,0.1896293872842672
SG_011288,0,0.10925466918558141,0.38921340031898194,0.11154179489422515
SG_011289,1,0.2502543677282449,0.5983625792076487,0.2522070188476965
SG_011290,0,0.2245352670945474,0.5752287985423177,0.22961544167172995
SG_011292,0,0.20070502967556333,0.4847849044215702,0.18053016936638155
SG_011293,0,0.11904415162954372,0.4492500491642376,0.1335430124790025
SG_011295,0,0.1190874088903338,0.32081761921831325,0.09683702982284827
SG_011296,0,0.1394041684769359,0.44717864842005667,0.14199522535459463
SG_011297,0,0.10322215023668081,0.4699385573135097,0.13209804358560698
SG_011299,0,0.131422361966974,0.4934210531656934,0.15391262785343118
SG_011300,0,0.1473241717725313,0.4132370769705133,0.13428803124684238
SG_011301,0,0.12139018466326629,0.49360515081531825,0.14903036439365924
SG_011302,0,0.09636974683494587,0.3077090125594626,0.08520112186637988
SG_011305,0,0.18942335980145542,0.46990396731652556,0.17039559413510108
SG_011311,0,0.15752296704225874,0.528796039463604,0.1793867081346848
SG_011314,0,0.14327259642122195,0.476819269830121,0.15367705373169416
SG_011315,1,0.0967094286511765,0.3362745076809865,0.09236931377085711
SG_011316,1,0.08960537406253011,0.20074972612511074,0.05803273450296755
SG_011317,0,0.12364395728337758,0.39732777920588513,0.11991719771242831
SG_011318,0,0.1703623050706756,0.4863703683528748,0.16886313571801512
SG_011319,0,0.21841309224180913,0.5935503100675544,0.23588409485572018
SG_011320,0,0.17512692897113435,0.5628881094519452,0.20176671365832913
SG_011321,0,0.2351427081541794,0.5719948828336916,0.23256245360509467
SG_011322,0,0.11431891132682637,0.5077840783887891,0.1501614971702221
SG_011323,0,0.14928992268246502,0.4672967382853705,0.15302888279017784
SG_011324,0,0.13039117213684526,0.41910304163589646,0.12925801959081484
SG_011325,0,0.31448228363450054,0.525881997290907,0.2407979877574649
SG_011326,1,0.15867910207020805,0.5374467259706172,0.18336202283370992
SG_011328,0,0.2233054861112973,0.5849439820889006,0.2338006453850248
SG_011329,0,0.13409262979957093,0.5341874632837352,0.16996029498208165
SG_011330,0,0.1360470205093268,0.6103819103168254,0.20237532658719884
SG_011331,0,0.15714824038913924,0.44740079623360207,0.14948109989887273
SG_011332,0,0.16710013843085814,0.5249025844902494,0.182267366414156
SG_011334,0,0.1549984585792539,0.476513443294429,0.1587277500545027
SG_011336,0,0.3029209395890878,0.5983576035063847,0.2738456814678858
SG_011338,0,0.09804272204861753,0.23921631597772208,0.06941940621282072
SG_011339,0,0.10858273733694825,0.36040328361008633,0.10342305111830206
SG_011341,0,0.15989287536247584,0.5373309996527047,0.18389087066591694
SG_011342,0,0.10065100520084164,0.3219173178463295,0.0903393841205022
SG_011344,0,0.09994569643964453,0.24235803378431042,0.07075240900452952
SG_011346,0,0.12656550076809295,0.49459537314073937,0.1519461563926312
SG_011348,0,0.2599480936031447,0.5308351296210735,0.2230238222370556
SG_011349,0,0.10800697473370342,0.33975880759402577,0.09773993970332558
SG_011351,0,0.13371695867938835,0.31407140825728874,0.09998211698260939
SG_011352,0,0.08891123423003224,0.32338238710717787,0.08603503844100387
SG_011353,0,0.12606981041408452,0.4715361122306059,0.1439703380846524
SG_011354,0,0.2775915401573635,0.637360055216051,0.2854828583900843
SG_011355,0,0.16133179819471974,0.4613496599485777,0.1560319341528315
SG_011356,1,0.22316273966501696,0.565667802407072,0.2244778771218937
SG_011358,0,0.17011246088973117,0.3872713982447121,0.13434068098423219
SG_011359,1,0.13162466082728366,0.4270892943551578,0.13225064925264685
SG_011362,1,0.13858518650490811,0.453285641197921,0.14364784842622622
SG_011363,1,0.1236672807651016,0.44663571441686806,0.13485963214509014
SG_011364,1,0.1742542822384198,0.5341150527092382,0.18922010648848178
SG_011365,0,0.17257506103504947,0.48419162457917314,0.16897506032829487
SG_011366,0,0.1976836952346508,0.5035455101011884,0.18680654110059425
SG_011368,0,0.1459748357002755,0.37599468450079504,0.12219664874188864
SG_011369,0,0.19568020752249268,0.6097946256081396,0.23343840803448498
SG_011370,0,0.2554493629914674,0.5532229368579341,0.23180598713262382
SG_011372,1,0.1481154685578255,0.4928976381616611,0.1615430877071015
SG_011373,0,0.09427799614580394,0.27054694861482,0.07556131086097859
SG_011374,0,0.31507544133605164,0.633220657913537,0.298778994029276
SG_011375,0,0.14738327986213076,0.5232117838839678,0.1724124858352204
SG_011378,0,0.19235797608400074,0.4683068226075,0.1709308888671158
SG_011379,1,0.22207384003178698,0.48805376900366265,0.19003851685677278
SG_011382,0,0.1377301443652924,0.41998331092954755,0.1325769562575102
SG_011384,0,0.2866709216560548,0.5891257793474182,0.262361428140487
SG_011385,0,0.2134566377799744,0.5611071386338083,0.21820410260816245
SG_011386,0,0.20105665502767386,0.5220107718939766,0.19578857892698262
SG_011387,0,0.12980769380024101,0.4763347893535059,0.14732684788792225
SG_011388,0,0.17604765282004728,0.4938928194739391,0.17409296866258112
SG_011389,0,0.10103505248296991,0.4860476992349979,0.13590539944794539
SG_011390,1,0.2747975270246248,0.5924992724683978,0.25934918610138485
SG_011391,0,0.1111309141024408,0.35318059440677707,0.10251014171224401
SG_011392,0,0.10274021917833172,0.29056602775631146,0.08332944127721123
SG_011393,1,0.3455945671509224,0.6230426823333136,0.30499151613256303
SG_011394,0,0.2979034726005559,0.6209018863046448,0.28448196562594724
SG_011395,0,0.30005999425457014,0.6378171084989847,0.29529917803045874
SG_011396,0,0.10686903576157991,0.39712546101172363,0.11269254774304065
SG_011397,1,0.2857072905773465,0.5941264891900988,0.26464330724094015
SG_011399,0,0.23286045494444152,0.5803243807828414,0.23566040629567866
SG_011400,0,0.12925793016378317,0.37907638993425297,0.11683261148540541
SG_011402,0,0.22753084579153274,0.5956060713188994,0.24095886230529953
SG_011403,0,0.22505270449383388,0.5367051173477263,0.21198761602168878
SG_011404,0,0.23125021971927726,0.5491015285703065,0.22013372092428704
SG_011405,0,0.16195661775266065,0.5432744095173055,0.1872722694237481
SG_011406,0,0.35074382146956623,0.6782091016014982,0.3424264832704924
SG_011407,0,0.24878806828359198,0.5817366706919233,0.2430788877471498
SG_011408,0,0.12017235375291546,0.24614713392157572,0.07770815032860294
SG_011409,1,0.2196639294373561,0.5770470174708104,0.22838150817318517
SG_011410,0,0.14682665450547075,0.4226600776567646,0.1371102451955241
SG_011411,0,0.12318673479624233,0.44060944104185185,0.13276107888605415
SG_011412,1,0.24635334677167378,0.5853938851747201,0.24390187488572534
SG_011414,0,0.21821365955164018,0.6052367736716127,0.2416731345822079
SG_011415,0,0.11638155891798718,0.39039210547502595,0.11489967631906545
SG_011417,0,0.12556281579707276,0.37560891500853094,0.11439115680525319
SG_011418,0,0.08582442954938119,0.39218261696416085,0.10156291349866034
SG_011419,0,0.13079901805533417,0.4128559393676089,0.1275158825924094
SG_011421,0,0.13084036887257303,0.32759317661874027,0.10277270129840595
SG_011422,0,0.24718298512307935,0.5929146839115416,0.24808226109809398
SG_011423,0,0.14021063898373587,0.45984877654874645,0.1465398475944006
SG_011424,0,0.35133160008346015,0.7202890971616727,0.37325735930287257
SG_011425,1,0.30510490725282763,0.6848423679383681,0.32740092154635436
SG_011426,0,0.09145787515813547,0.3287206191726976,0.08836588882807307
SG_011427,0,0.20195404759045513,0.5479820301020839,0.20733382655388033
SG_011428,0,0.12819671566213114,0.4086674341272952,0.12516776464565912
SG_011430,0,0.22340393113218415,0.6423185885026623,0.2639216059249759
SG_011431,0,0.1361852552184524,0.4459050724707716,0.1401901748458217
SG_011433,0,0.21235537533656668,0.6026822205007852,0.23770428101336238
SG_011434,0,0.13584520110495366,0.45506460124686793,0.1430302705010705
SG_011435,0,0.21697960873613267,0.5319191619705027,0.20658714158734487
SG_011436,0,0.21962078076105127,0.5790881991554102,0.22934422394650036
SG_011438,1,0.20084554805063626,0.4401033251602503,0.16356764739725654
SG_011439,1,0.1091136225122873,0.4342261673827392,0.12432454555582621
SG_011440,1,0.2594539359949743,0.583472666570329,0.24837390800463352
SG_011441,0,0.23416554903466658,0.5051774307988071,0.2017878853772109
SG_011442,0,0.149594136159107,0.39115407166253907,0.12819504207191557
SG_011444,0,0.11804472116378412,0.3629266470890862,0.10787784541817298
SG_011445,0,0.25635587077329486,0.8926531625106656,0.517363569780476
SG_011446,0,0.3283661833091003,0.6373487919722817,0.30672160323162095
SG_011448,0,0.12386656651546583,0.471568402971163,0.1429328172575425
SG_011449,0,0.17941118433763106,0.533789048076548,0.19139714923274428
SG_011451,0,0.07788004053799398,0.3194921995922822,0.08046350477026876
SG_011452,1,0.17760484187116946,0.497416280869669,0.17610005212808794
SG_011453,1,0.22340385578085312,0.601276931218388,0.24199880231820878
SG_011454,1,0.2388522990551237,0.6274561357410919,0.2627963434504377
SG_011455,0,0.11756316616767752,0.37263417562193674,0.1103845726114885
SG_011456,0,0.11503609417722523,0.3742552458125655,0.10981573461215302
SG_011459,0,0.16049336953826687,0.35814118696754516,0.12180288843551947
SG_011461,0,0.1041054350315357,0.5010286980895858,0.14236695291083853
SG_011462,0,0.23360389741412177,0.7281943725989541,0.3240246728951021
SG_011463,0,0.176915162240318,0.4872088590292973,0.17191153879003618
SG_011465,0,0.2750190236007553,0.5532377653722221,0.23947214817519297
SG_011466,0,0.12877700094494013,0.5033911387329415,0.15608786021341012
SG_011467,0,0.18188795618568585,0.3646455082511621,0.13092198240884792
SG_011470,0,0.17549721996740023,0.531983443196954,0.188906648006735
SG_011471,0,0.3478234956508766,0.638392576333065,0.31525339066901753
SG_011472,0,0.24715696915478183,0.6551806651131061,0.28246964973240424
SG_011474,0,0.13944693313736126,0.49861070819509107,0.15957136309479153
SG_011476,0,0.1385940594214108,0.4684559084859239,0.1487159785404764
SG_011477,0,0.12455849858385033,0.3877253444932137,0.11749012111008786
SG_011478,0,0.11799515117174574,0.44993886506382386,0.1332654393565113
SG_011480,0,0.35030307339407557,0.5891505534973585,0.28715532442793024
SG_011481,0,0.1784023589075745,0.4761455983412856,0.16836212232559267
SG_011484,0,0.11609751697101302,0.3103360551488222,0.09301839700808825
SG_011485,0,0.0794568214017109,0.22920584476065137,0.06120567404651381
SG_011486,0,0.23031152130396074,0.5052753725358694,0.20035969928028144
SG_011487,0,0.1788143502417389,0.5470925631118203,0.19669552815893906
SG_011488,0,0.1278046666396969,0.4648803220856932,0.14260315487948158
SG_011489,0,0.31667842567010507,0.6552295542420583,0.3129961919073369
SG_011490,1,0.22267424845170944,0.5593431441631781,0.2213127226037426
SG_011491,0,0.22361568523196343,0.5973317544522252,0.24009597176880532
SG_011494,0,0.1429818266223183,0.4946418666825275,0.15981153490951197
SG_011495,0,0.20097761371253386,0.5148259661912282,0.19276229958908606
SG_011496,1,0.27010096356417607,0.6367452056791061,0.2818830958916687
SG_011498,0,0.16316996205898693,0.45339271044886303,0.1539910265597454
SG_011499,0,0.2905793622786783,0.671666894165308,0.3122760415609134
SG_011500,0,0.14556127956475162,0.486036765491359,0.15793560689552855
SG_011501,0,0.256973378610095,0.5876677316690242,0.24949670688609568
SG_011502,0,0.13090095182828776,0.42276882074112404,0.1306026780909527
SG_011506,0,0.14646713762272923,0.5123648370329953,0.16789903734663386
SG_011507,0,0.13779102300042878,0.3427121369775328,0.10944908457628975
SG_011508,0,0.12877477641819876,0.4503713350167718,0.13835589928817188
SG_011509,0,0.09428042659277515,0.4306293226252625,0.11601832888319814
SG_011510,1,0.21929138081252364,0.6110019352472177,0.2451254359388388
SG_011511,0,0.14402739235322312,0.4070335301379121,0.1310369360332596
SG_011513,0,0.09987809645851924,0.35815196818482853,0.0992357285112982
SG_011514,1,0.33920804978925273,0.666124736801497,0.3294749877311258
SG_011515,0,0.18178244283418601,0.5457550845187773,0.19747345404146452
SG_011516,1,0.15674677216472066,0.5347885487661098,0.1813845881812619
SG_011517,0,0.12055140868641046,0.3782946068623997,0.11317480073913187
SG_011518,0,0.07648778014031445,0.19848127277853592,0.05368382850272241
SG_011520,0,0.14469447973939753,0.42774832837916316,0.1378913068042361
SG_011521,0,0.1495834852780515,0.45240077607546847,0.14805738870191718
SG_011522,0,0.0957130979493976,0.42735611310476074,0.11583127606219219
SG_011523,0,0.13805150720781778,0.49810205782096945,0.15872885381618482
SG_011524,1,0.14202170048280835,0.4798269792880657,0.15415630858531532
SG_011525,0,0.21682926192007504,0.5061156780573063,0.19549338197636543
SG_011529,0,0.21203538968328658,0.5642371807891464,0.21903444115744353
SG_011530,0,0.13939888172027362,0.5015081915682804,0.1605841506218749
SG_011531,0,0.15776595563866114,0.47467494410216027,0.15926022471535284
SG_011533,0,0.13498279475638106,0.3501137808442299,0.1105880271695681
SG_011534,0,0.11144716725816628,0.5509804442437729,0.1638058583763609
SG_011535,0,0.15397288825502264,0.4718287577689677,0.15662791121086322
SG_011536,0,0.12438414513713025,0.40985456148244614,0.12392851078126317
SG_011537,0,0.1165977073172258,0.38915491790405127,0.11463881178214808
SG_011538,0,0.29503066169118913,0.6714769617945959,0.31411052854118976
SG_011539,0,0.14730091120417096,0.47612847878887093,0.15523033578911863
SG_011540,0,0.12285915241328164,0.29647233594858413,0.09164548060673133
SG_011542,0,0.17029448012445,0.6054637038430235,0.2187356836934644
SG_011543,1,0.286499816947428,0.6581203781938754,0.3018884114706693
SG_011545,0,0.12650199147618899,0.39615167735865436,0.12074194034238081
SG_011546,0,0.19697293793580917,0.6000825028003112,0.22925263959320322
SG_011549,0,0.1731665493789568,0.5767394649438192,0.2069343469394506
SG_011550,0,0.11042162669889492,0.39349370743826534,0.11323714064926305
SG_011551,0,0.13695741970686937,0.43868518384508054,0.13819172793380288
SG_011553,0,0.34098349264045896,0.643581397501163,0.31571976744416913
SG_011554,0,0.12257645400826674,0.4063124136674039,0.12211430003651176
SG_011555,0,0.11046341360924015,0.3564882870913652,0.10313132183781246
SG_011556,0,0.10130299313605325,0.38316242537474376,0.10642350275688588
SG_011557,0,0.2834490946005769,0.6884792889177195,0.3201917634507147
SG_011558,0,0.18233462599367378,0.551363090125712,0.20012049688184863
SG_011559,0,0.12775603617214618,0.5501640748452266,0.1726857272734007
SG_011560,0,0.1524164599850993,0.4308266993231094,0.1420075355163316
SG_011561,0,0.1991751397814978,0.4902840932024314,0.18210043179763366
SG_011562,0,0.1666401749119231,0.4600079648087532,0.1577255800351123
SG_011563,0,0.14243043654828788,0.48387831409610504,0.15575408276675512
SG_011564,0,0.341631136027295,0.6763718401365296,0.3373488977187106
SG_011565,0,0.18829959198906357,0.49533042616451384,0.17971999430385807
SG_011568,1,0.16876246289542118,0.5063435745196452,0.1757498361513788
SG_011570,0,0.09653122689663067,0.28622273344806226,0.08007555983872568
SG_011571,1,0.1979416662062302,0.4943943907588488,0.18324218954438826
SG_011572,0,0.1955951382641318,0.5819430031821032,0.21992364425247257
SG_011573,0,0.21755786035284017,0.6128158533155885,0.24526928047256585
SG_011574,0,0.11324431638236139,0.3283017446880767,0.0967138718261737
SG_011578,0,0.21738726664220087,0.5610886526957701,0.2198797848523426
SG_011579,0,0.1226876899131731,0.3831761702887744,0.11542473227484097
SG_011580,0,0.12217243511841823,0.46357290979400834,0.13953785104848537
SG_011582,0,0.1494461427877145,0.4675658828239787,0.15318954220894448
SG_011583,0,0.3801946155457856,0.6874259559984746,0.36113750383745674
SG_011585,0,0.1803319979611385,0.5092880965259714,0.18189243059878174
SG_011587,0,0.31707168289781335,0.5863896154512425,0.2728666306438319
SG_011588,0,0.13028050784446443,0.47165404649348325,0.14598688051028214
SG_011589,0,0.16504460142208782,0.6306364828040886,0.22827255696433393
SG_011590,1,0.09752778127585461,0.35094600800095965,0.09640203129794798
SG_011591,0,0.10895653676895665,0.31116807975941585,0.09070767890600948
SG_011592,1,0.1826633355244528,0.5643746789832959,0.20594410488079362
SG_011594,0,0.2497304562741811,0.5920567125334703,0.24871969092901375
SG_011595,0,0.10925742441934218,0.39832874686657077,0.11408278104903023
SG_011596,0,0.21628236016133764,0.5548738685827467,0.21655312515171915
SG_011599,1,0.20601769762156832,0.5812052498429123,0.22432690601424857
SG_011600,0,0.3183589168212158,0.6605189833110938,0.31707473075208203
SG_011601,0,0.28034291458318633,0.5634000141997597,0.24657727417791178
SG_011603,0,0.2818562624606316,0.6368842433069207,0.2870343267627438
SG_011604,0,0.14081829363473783,0.5140999940448995,0.16583768962215087
SG_011606,0,0.21238514659213084,0.5663887690388137,0.22018345063664385
SG_011608,1,0.27532834196789935,0.6911453344980153,0.3182800650630827
SG_011609,0,0.15813931211920706,0.5581070911817961,0.19154332877315328
SG_011610,0,0.214760883159667,0.5344422893502492,0.2067818722285049
SG_011611,0,0.2757479938288852,0.6568664600139514,0.29639020193842863
SG_011613,0,0.2703938964574338,0.5966689836378355,0.2597515206355832
SG_011614,0,0.1859258108199576,0.49712680295392503,0.17945013358612785
SG_011615,0,0.12261118999893868,0.4471695652369356,0.1345442950392984
SG_011618,0,0.10148934747005534,0.2833013184099766,0.0811130648396308
SG_011619,0,0.1181179654032045,0.4270123365531066,0.12633241769218317
SG_011621,0,0.10901028753206188,0.32639114648716855,0.09464471918010939
SG_011623,1,0.29618662016769914,0.6614816190293863,0.30820897575157385
SG_011624,1,0.18082743905291562,0.5775250695095068,0.21096841489495488
SG_011628,0,0.10106367986567143,0.409343809066396,0.11343027365095469
SG_011629,0,0.3325318087113962,0.6133086477580341,0.2940640486671929
SG_011630,1,0.18728451148986816,0.4913855868948694,0.17776681449504467
SG_011631,1,0.09133386623528839,0.3016474067778345,0.08182695117951204
SG_011634,0,0.20787051640683296,0.48341888398421334,0.18276410158224835
SG_011636,0,0.14473566360287374,0.4616760244252134,0.1491309804376489
SG_011637,1,0.10490439565795184,0.3635751844169874,0.10275675772608424
SG_011639,0,0.17855500845235758,0.43582216010869934,0.1538229174818591
SG_011641,1,0.21496290833300258,0.5169976150249191,0.1993396466075813
SG_011642,0,0.09518255739976615,0.30047816003097894,0.08300499487499807
SG_011643,0,0.1802724158154705,0.5051189788734363,0.18022351342389142
SG_011644,0,0.08565381925076794,0.2950328197270725,0.0780890134907584
SG_011646,0,0.18860221870742278,0.5424243242410883,0.19909678956694188
SG_011647,0,0.1937335924042226,0.5313203789075225,0.19661627629537237
SG_011648,0,0.19308670946167272,0.5596270634103646,0.20859103160571463
SG_011650,0,0.167793212740411,0.5591659035757782,0.1966775658776767
SG_011651,0,0.09979029317600545,0.37844667102184615,0.10450161853397939
SG_011652,0,0.28563933236587546,0.6469891319305984,0.2946857179585203
SG_011653,0,0.17290897951142328,0.5114376608930703,0.1795390383535983
SG_011654,0,0.12982547246826628,0.4510813450169127,0.1390556032495942
SG_011655,0,0.12077147023943073,0.35313761332549515,0.10622168197890738
SG_011657,0,0.13852171014405623,0.4597798536757039,0.1457729012493405
SG_011658,0,0.3168645199308444,0.6628016881284385,0.31791058266335737
SG_011659,0,0.08128979032446203,0.3974124807594317,0.10060616867661937
SG_011660,0,0.14263798625025936,0.6398192718630076,0.22016006270552413
SG_011661,0,0.08234075706357387,0.29435925173943106,0.07663404468618303
SG_011664,0,0.136227349528844,0.9055618050817325,0.45837465885811335
SG_011665,0,0.3052737220727319,0.6381073129938951,0.2976546524534939
SG_011667,0,0.21332497932361671,0.5266344345163106,0.2028007729513398
SG_011668,0,0.14710677393384683,0.4257970982735029,0.13823580584810782
SG_011669,0,0.09594981358955317,0.3657132979411685,0.09949785806015828
SG_011670,0,0.09039417097230486,0.3811522434043097,0.1009415864304153
SG_011671,1,0.09717038642687563,0.2679595396669784,0.07593991755300479
SG_011674,0,0.18634477395450855,0.37787535913306725,0.1367438178375687
SG_011675,0,0.27336475011104167,0.5928820032069704,0.2589661416468002
SG_011677,0,0.23908922631447027,0.6072323369864844,0.2520258615402349
SG_011679,0,0.26284798253178954,0.653459553434072,0.28857272786993216
SG_011680,0,0.21362819163875976,0.5411587415015305,0.20927089107779712
SG_011681,0,0.27760192006130613,0.6240533470491879,0.27780552332442804
SG_011685,0,0.09699608800953541,0.419200363035354,0.11420622480624543
SG_011686,0,0.10313444845406348,0.4289155724018213,0.11992118560885143
SG_011687,0,0.26065116598644206,0.5892469519439645,0.25183525699901205
SG_011688,0,0.14768234648511455,0.5805353068061924,0.19569795569948678
SG_011689,0,0.1973009435340025,0.5164545153257395,0.19191928876566614
SG_011690,0,0.2030052501219862,0.69511957369651,0.28525318268940186
SG_011692,0,0.09383734701690698,0.31016210969169017,0.08482601114090871
SG_011693,0,0.21514033350714398,0.6413509433034891,0.25943268740789327
SG_011696,1,0.2167298938582615,0.6011275167805245,0.23891651369401198
SG_011698,0,0.10002011588027498,0.33964476382824715,0.09455646330115357
SG_011700,0,0.22118746472899095,0.534526972873064,0.20944965648426578
SG_011702,0,0.1546253892482443,0.4173535988823424,0.1384550903149955
SG_011703,1,0.22508555541410669,0.6326521592687983,0.25934211611383146
SG_011706,0,0.10315251847949058,0.399696695396463,0.11173485259658066
SG_011707,0,0.10794837677046269,0.376124639246074,0.10739560295829396
SG_011709,0,0.08826714348350251,0.2638641337692316,0.07191657078454848
SG_011710,0,0.11310764763036639,0.12779560134543702,0.04584918612282465
SG_011711,0,0.11265813379401773,0.396677435107597,0.11509872629157299
SG_011712,0,0.1606362824791416,0.45575837063764346,0.15378734508767353
SG_011713,0,0.2916725672357452,0.7552966558389069,0.37427877501108886
SG_011716,0,0.10242280871617787,0.37528831437871035,0.10481322900210013
SG_011717,0,0.12125759117421007,0.4159485184765509,0.12440918539039428
SG_011718,0,0.09444085581289156,0.46509694500653315,0.125953112246533
SG_011719,0,0.14995862329623363,0.45321448200218967,0.14849051340745506
SG_011722,1,0.1538937591229344,0.5646397963240851,0.1921605331640374
SG_011723,0,0.10861697230566747,0.34135239134768025,0.09839353863291088
SG_011724,0,0.1327091195225821,0.3774998300513618,0.11770022913222639
SG_011725,0,0.12187555345229073,0.2668819509273559,0.08356695847653488
SG_011726,0,0.17077300428063732,0.5701668344858893,0.2028658739226052
SG_011730,0,0.1038424456943111,0.307457630640593,0.08791668325494034
SG_011732,0,0.13986585336169588,0.5478875218371584,0.1782039074758339
SG_011733,0,0.28765491610841054,0.5850574741311401,0.2606006810964037
SG_011734,0,0.1428553993056677,0.29304976929554766,0.09699687658091599
SG_011735,0,0.09574968148783085,0.24315809620182516,0.06962767989924049
SG_011738,0,0.1314172245219784,0.3790988427453102,0.11767392666901245
SG_011739,0,0.11217326987531835,0.3720035628466553,0.10802664972821248
SG_011740,0,0.08805772130745099,0.3850401285903352,0.10082913102925826
SG_011741,0,0.1345189251798793,0.3059030079293997,0.09797944583526758
SG_011742,1,0.13994184992092318,0.42250962333829367,0.13427869319683516
SG_011743,0,0.15928440205550531,0.5000036118433804,0.16916785377453916
SG_011744,1,0.14013613498379537,0.5006643242454865,0.160631702739647
SG_011745,0,0.22358544206980022,0.5702021384963837,0.22680377172622093
SG_011746,0,0.1670295311216852,0.512984852151162,0.1775547635699523
SG_011748,0,0.3425816218654565,0.6749185582643554,0.33676364238593326
SG_011751,1,0.1083470954409687,0.4416754490586751,0.12616107184352104
SG_011753,0,0.20037479858337395,0.4694069452174451,0.17442299528787245
SG_011754,0,0.10172758005537552,0.42825277281289176,0.11905039116244372
SG_011755,0,0.14387387767848117,0.4464582870646428,0.14366372979715253
SG_011756,1,0.23556769569449756,0.52034584610784,0.20891078657018647
SG_011758,0,0.13891289889367753,0.5211990561691747,0.1675308275770712
SG_011759,0,0.32114020113332037,0.6508507414423401,0.31210518580651875
SG_011760,0,0.2631007732339014,0.6058389474145414,0.26160803206347627
SG_011761,0,0.11745924337651155,0.4933240973123794,0.1469407526033434
SG_011762,0,0.08967034032553317,0.31471374271968056,0.08427714103103146
SG_011763,0,0.27578149782433353,0.6313459742775201,0.28120642969368387
SG_011765,0,0.18589702425921975,0.5675608650877279,0.20885812712462773
SG_011766,0,0.24616060263764314,0.6840844745011491,0.2999270030742599
SG_011768,0,0.14240171703859475,0.452284276172768,0.14496850494952326
SG_011771,0,0.08789896386124625,0.3556546941120651,0.09341260731339743
SG_011774,0,0.09903243006758945,0.3742501488121616,0.10306313853377536
SG_011775,0,0.12186723920981286,0.38339541084857864,0.11515750268416618
SG_011776,1,0.11999365929619,0.38381037979420907,0.11451760798104288
SG_011778,0,0.1617604558736475,0.6416429260048006,0.23206997706766863
SG_011781,0,0.2595868266644581,0.5855100603401004,0.24947095874541494
SG_011782,0,0.17259111009687345,0.5006025731868693,0.1751985383004353
SG_011783,0,0.17107747618171265,0.535697332174858,0.1884254456394071
SG_011784,0,0.11347100692215469,0.3890990319887055,0.1133099156135583
SG_011785,1,0.20718937068656296,0.5135385613485082,0.1947564992686835
SG_011788,0,0.14928942665536024,0.38251599016025367,0.12540303721139168
SG_011790,0,0.16861072323144144,0.5060148295862396,0.17555694791888177
SG_011791,0,0.18830798561700177,0.5106249518952239,0.18579604662669144
SG_011792,0,0.11495077775516284,0.3452981880904146,0.10187531494055552
SG_011793,1,0.10895879918013134,0.3503623422378721,0.10090190340433444
SG_011794,0,0.15477831429256084,0.45557190872907594,0.15130903880477486
SG_011795,0,0.2615886938248641,0.6362671108874879,0.2778847081152799
SG_011797,0,0.293139601308453,0.5804242576430507,0.26033198749281977
SG_011798,1,0.2816163286580832,0.6848823499838945,0.3169489815607909
SG_011800,0,0.10631912831068642,0.4694378639360047,0.1335543660885085
SG_011803,0,0.07472551549183365,0.2292290118401367,0.059612316782838674
SG_011804,0,0.09763435853214321,0.3574269489444336,0.09810009159008755
SG_011805,0,0.15482345920098342,0.5322029256299474,0.17944823505599242
SG_011807,0,0.3337835265066212,0.5190396658273837,0.24430366052224445
SG_011808,0,0.1930821059837431,0.545659813261063,0.2024585112227099
SG_011809,1,0.20114342134555777,0.5788547142280857,0.2210140070760347
SG_011810,0,0.14457510066191812,0.5198161932719118,0.16977758827771638
SG_011811,0,0.1530016143217331,0.36470110090828634,0.12125735442360537
SG_011813,0,0.08803797314788242,0.3801191794192206,0.09957151428536822
SG_011817,1,0.10041954757558987,0.43432351267160973,0.12014052918860647
SG_011818,0,0.14764212097091778,0.49058899060208583,0.16049896925227866
SG_011819,0,0.3117324064181654,0.5815407392581895,0.26817984327065536
SG_011820,0,0.14934215269360515,0.4270950615947127,0.13955410047911124
SG_011821,1,0.12944352834897302,0.5105734430704522,0.1589550743288228
SG_011822,0,0.11049976502160903,0.3055100488208501,0.08980910180220143
SG_011823,0,0.13380681069953665,0.46995435041894873,0.14704890109849889
SG_011824,1,0.10930166949584695,0.46364183866584113,0.13328279149268998
SG_011825,0,0.19679303324562988,0.4917217226147447,0.1817241656250291
SG_011826,0,0.25002198517063123,0.5650103211614218,0.2353168876588372
SG_011827,0,0.19024657773696718,0.549354399737614,0.20280788233410502
SG_011828,0,0.11548751886681696,0.31431941474653347,0.09384874031212927
SG_011829,0,0.16175891464869088,0.5470843442126376,0.1887368985011641
SG_011831,0,0.2512638258046435,0.586539955601403,0.24654162197781576
SG_011832,0,0.13050632585487712,0.3900296454278063,0.12053873908190385
SG_011834,1,0.19193396723275033,0.484047148059482,0.17678830898437387
SG_011835,0,0.11337480652215733,0.4985259528026852,0.1465514435533793
SG_011836,0,0.22334602827645336,0.5411712162258691,0.21329192528226046
SG_011837,0,0.15408967201926635,0.45962045963404696,0.15241768584142779
SG_011838,1,0.2661003047356831,0.6689921866269122,0.29960883878381744
SG_011839,0,0.10129591836532938,0.20116107499857258,0.06134849383534067
SG_011840,0,0.15791526456351143,0.37077626000575853,0.12484072973072392
SG_011841,0,0.13067357481482927,0.384225879969443,0.11889132315478361
SG_011842,0,0.2188820265489997,0.5724941590069735,0.22586901255196754
SG_011844,0,0.19297455667194,0.5078794674291401,0.1866300560904613
SG_011845,0,0.09765097969674315,0.2953712440236408,0.08268356137914148
SG_011846,1,0.11522330185505913,0.4548464424414948,0.13347035856574035
SG_011847,0,0.1771613881710977,0.5183943722480071,0.18414750705781946
SG_011848,1,0.09713937253177601,0.31976829294600995,0.08844781551045457
SG_011849,1,0.3746395249653653,0.6190099245273218,0.31396559340125013
SG_011850,0,0.09879730265336627,0.3213264851875576,0.08947688587739078
SG_011851,0,0.227389978203931,0.5664195600692293,0.2266243174420006
SG_011852,0,0.22503147147090188,0.5487080929358629,0.2173979752790262
SG_011854,0,0.33241945422163194,0.7332258083694396,0.37506226852333313
SG_011856,0,0.1237973693963183,0.4131541742661548,0.12466533783299696
SG_011857,0,0.15821677387842617,0.5155193318092068,0.1745578474124861
SG_011859,0,0.09226636352315028,0.24300506580175876,0.0684790133647982
SG_011860,0,0.09937156326748237,0.3366888385428204,0.09354796278499389
SG_011862,0,0.2030323942904779,0.5605014725224382,0.2133973653740157
SG_011865,0,0.08959744589607804,0.3239979984681042,0.08646397410444707
SG_011866,0,0.13389077059719662,0.28032293163420824,0.09077138554014408
SG_011867,0,0.0907357320982304,0.3521619242816823,0.09380411668537593
SG_011870,1,0.2000830355677643,0.56893640928158,0.2159338626469578
SG_011872,1,0.10894302870992538,0.14881035685143085,0.0504048321768268
SG_011873,0,0.1496378765190213,0.5322142356186783,0.17696133657129579
SG_011874,0,0.11823183220988498,0.2825889756803436,0.08650729125743817
SG_011875,1,0.16168898959499667,0.527322893965898,0.18074814268007142
SG_011876,0,0.15144559243002312,0.5511501547863686,0.1853681281565503
SG_011877,0,0.15076734498161729,0.43030812806567126,0.1411769067475833
SG_011878,0,0.09646717520341923,0.37172021036360753,0.1012741288390602
SG_011879,0,0.13307121306631717,0.48964855326114876,0.15339916554496433
SG_011880,0,0.1539375013106268,0.5296454272720732,0.17802472914396966
SG_011881,1,0.2021831226985554,0.5810045213198548,0.22249794415954505
SG_011882,1,0.17320008616304827,0.5845799781553965,0.21048475027603877
SG_011883,0,0.27278019371401196,0.602245466957298,0.2637206416753273
SG_011884,1,0.3098363491779616,0.6638278624961709,0.3155786148488625
SG_011885,1,0.18321931127117883,0.738646679542477,0.3037273648167117
SG_011887,0,0.0935513682712567,0.3952199192725894,0.10607903210280402
SG_011888,0,0.10068911015576086,0.43276242197785564,0.11982771396303032
SG_011891,0,0.207695497599669,0.6033388222243412,0.23588480635720074
SG_011892,0,0.1735719090179398,0.47573389289314527,0.1662446740717138
SG_011893,1,0.2184196069510417,0.6925938259469754,0.29168762139084753
SG_011895,0,0.11106295016605165,0.33822295840167943,0.09851073526958848
SG_011897,0,0.15996070781861998,0.4073883394188488,0.1372323235376748
SG_011899,0,0.23467595685887224,0.5859410050372644,0.23921747638957513
SG_011901,1,0.16361661131682473,0.5717685313577919,0.20006408792101626
SG_011902,0,0.18467048844399092,0.3153608419802139,0.11597511894960859
SG_011903,0,0.17960146037529942,0.5502426694229818,0.19839474706748256
SG_011904,1,0.15022260886598718,0.5179978768332697,0.17178654917067707
SG_011905,0,0.13106282911075662,0.45212533141042344,0.1399462561817789
SG_011906,0,0.13854258043602277,0.41015236591975746,0.12983877885631523
SG_011907,0,0.14491893818100396,0.4473240394240698,0.14439217707361512
SG_011908,0,0.2761462010177491,0.5691450911206577,0.24782372510909834
SG_011909,0,0.17671344330355318,0.5788147738452848,0.20958192001430495
SG_011910,0,0.12673428855488433,0.44319431658007824,0.13516267699714066
SG_011911,0,0.12243498518775404,0.3803575357336043,0.1145159657572895
SG_011912,0,0.1849570598588479,0.506035172722019,0.1825581570420232
SG_011913,1,0.2433429166015546,0.6649960222921447,0.28661240016139644
SG_011914,0,0.26499573972781654,0.6140299913093855,0.2668587788549981
SG_011915,0,0.11271954190002419,0.3140986377402135,0.0928101397898268
SG_011916,0,0.08131864526535253,0.3408961364387665,0.08691789622989704
SG_011917,0,0.21982135135468425,0.5758391445749016,0.22787104508179845
SG_011919,0,0.09008681589769836,0.19086152014810734,0.05592417795413022
SG_011920,0,0.26324548792868935,0.6579841570319389,0.29149414832795767
SG_011921,0,0.25852703789825704,0.6028244119205282,0.2580651507748123
SG_011923,0,0.11036829765173395,0.34107017845557935,0.09899574025089528
SG_011924,0,0.17261777848637605,0.4614213950170365,0.16063634610502803
SG_011928,1,0.12914712258954986,0.3949221023215897,0.12144726706959755
SG_011929,0,0.14710642417600484,0.4603975588049036,0.1497199698170487
SG_011930,0,0.13108817954258284,0.41158929717245096,0.1272492888860372
SG_011932,1,0.15532659022544984,0.48374563842544144,0.1614593703800231
SG_011934,0,0.10854967895922206,0.3831938212007183,0.1095798763887507
SG_011935,0,0.24507677392468552,0.5741547360838638,0.23776369857172722
SG_011937,0,0.1463480170913646,0.4033782239527177,0.13079085039375796
SG_011938,0,0.08758931289464973,0.22893219158603184,0.06378206358495615
SG_011941,0,0.11901087266681869,0.4141288989023037,0.12289436467571409
SG_011942,0,0.10850454331647076,0.3102680057070195,0.09031522944430771
SG_011943,0,0.11090331199727387,0.4502406006139669,0.1299714445621212
SG_011944,0,0.2250842633098377,0.5267932009224837,0.20761448162113186
SG_011945,0,0.2672055133023497,0.5538996775148592,0.23675815477040493
SG_011946,0,0.08497897792306718,0.39837532978725476,0.10272163078783376
SG_011947,0,0.11169089810129453,0.38689618502046874,0.1119399129798858
SG_011948,0,0.24977177054644348,0.6081924891132451,0.2571815014135314
SG_011949,0,0.1272144357978942,0.3720420313081032,0.11400737940136918
SG_011950,0,0.11771089829652996,0.47173490345196756,0.14000588192478833
SG_011951,1,0.2007022315563325,0.5921786560045259,0.22715562806811349
SG_011952,0,0.08892914808763781,0.26278499945471073,0.07190147735348802
SG_011954,0,0.07527833202847575,0.2940902889736004,0.07370964956828588
SG_011957,0,0.2290902530067489,0.5211485628288675,0.20673131223164654
SG_011958,0,0.11461512022550906,0.3678306677513559,0.10787111569299554
SG_011960,0,0.1255722230509214,0.44959268741299113,0.1366592753332213
SG_011963,0,0.18577715559402228,0.5792230157642788,0.21408550739317783
SG_011964,0,0.12324001568995561,0.41443211617674725,0.12480963436621918
SG_011965,0,0.1259078239165188,0.38339935257577007,0.11677442033765392
SG_011967,0,0.16578298813895553,0.5171003166663984,0.17860061665415375
SG_011968,0,0.12058854588273704,0.40124874867038934,0.1197903246675953
SG_011970,0,0.17830284084883496,0.495314729168688,0.17558315675514935
SG_011972,0,0.22984258447714767,0.6322372324767839,0.2613205773582756
SG_011973,0,0.09501398123489647,0.2380205608009973,0.06819706959115863
SG_011974,0,0.2071056103580308,0.5915090201505927,0.22977476998203472
SG_011975,0,0.21272249717597638,0.6020889893726099,0.23757432278584853
SG_011976,0,0.10446049024504245,0.4181257870107905,0.117480131723701
SG_011979,1,0.1726005956270326,0.5310842747664097,0.18723759925704833
SG_011980,0,0.20023618649831457,0.527677868399922,0.19783348508609347
SG_011981,0,0.10565704066375302,0.39958235367460704,0.11283360045703207
SG_011982,1,0.3723635671194749,0.7414552761433834,0.3993532798409918
SG_011984,0,0.13851426961350055,0.3818905160287154,0.12120868047510043
SG_011985,0,0.09742845771725304,0.35526598767652345,0.0974603693151009
SG_011987,1,0.2204952001184078,0.5696862892365293,0.22523420977250283
SG_011989,0,0.10672047990689122,0.3464528681939203,0.09898646002521158
SG_011990,0,0.11558240468030989,0.3010961688923333,0.09043085502560526
SG_011991,0,0.17202948252526648,0.5206694782254958,0.18279628836144793
SG_011992,0,0.08637982642530222,0.351303005490745,0.09167097396206367
SG_011994,1,0.09958865488080328,0.2883835227938184,0.08168485376271135
SG_011998,0,0.1125092749462238,0.3686828836683805,0.10725465544873887
SG_011999,0,0.1956037889142013,0.5883307460566153,0.22294245981952898
SG_012001,0,0.10444914221579667,0.41923350558749084,0.11778874269806752
SG_012002,0,0.11221028422935846,0.3964578760485567,0.11484336371644849
SG_012003,0,0.1200949846914534,0.425503541081014,0.12676100200531493
SG_012004,0,0.10284072527659656,0.4118263830673555,0.11495098683514232
SG_012005,0,0.1489140167772591,0.4770117348125674,0.15625140325969794
SG_012006,0,0.1990899302297481,0.5928812220078857,0.22674615766811707
SG_012007,0,0.15633073929228558,0.5039352341630993,0.16931445152034566
SG_012008,0,0.1576271603013964,0.5443384352892547,0.18563370852354583
SG_012009,0,0.10023883932387852,0.33212431468626136,0.09274197136789371
SG_012010,0,0.21995061391850587,0.6181636650948045,0.24916699998085293
SG_012011,0,0.08968960385833051,0.3219307244613161,0.08600655486508473
SG_012012,1,0.23519949818471264,0.5488063216993762,0.22160626622078508
SG_012014,0,0.1309654324223438,0.4488199116723631,0.13883830780098014
SG_012015,0,0.2760131583787766,0.7047411474000492,0.3279719557807895
SG_012016,1,0.199604413737248,0.5942038340411171,0.2276254188857013
SG_012017,0,0.24586888961819683,0.5532620858152634,0.22800124709588726
SG_012021,0,0.26777433578422105,0.5851354385639606,0.25263505461818914
SG_012023,0,0.11179563219715838,0.35814811711539757,0.10410779423966252
SG_012024,1,0.1440929379631096,0.5058030417146818,0.16436060313280865
SG_012025,0,0.13033748390800678,0.5039910626707866,0.15707211788257672
SG_012026,0,0.18175448635831704,0.5863236378239282,0.21544363626577187
SG_012027,0,0.21105444002451068,0.6192820262860491,0.2456054699902499
SG_012028,1,0.18636748249705268,0.6006800097486746,0.22445928409136065
SG_012029,1,0.27932596773500706,0.6290668917322589,0.28140544018718805
SG_012030,0,0.15039394035840295,0.42523017766017646,0.13936533030190942
SG_012032,0,0.11359357644778117,0.38085269030213625,0.11105600632678106
SG_012033,0,0.10422298399777045,0.31118862666388714,0.0889918067732055
SG_012034,0,0.1272945572182412,0.3989724743910495,0.12189912923790726
SG_012035,0,0.11820069108644511,0.3588232449737308,0.10680568673283057
SG_012036,0,0.23852180875851922,0.6032315785348255,0.249686285617406
SG_012037,0,0.13945817705998187,0.45349130411899574,0.14409609769119827
SG_012038,1,0.10293420025278192,0.5407052065705,0.15506677373484418
SG_012039,1,0.10922794455424134,0.3166167023894811,0.09220292693896098
SG_012042,1,0.3227794265199489,0.7180364355357001,0.35897869382438313
SG_012043,0,0.16823456495775735,0.5376219379043505,0.18790607480225163
SG_012044,0,0.14654344081470158,0.4740935030372469,0.15418657917204254
SG_012045,0,0.1738124970656529,0.5465362591330534,0.1941681855578145
SG_012046,0,0.08331168576906221,0.28273661288069546,0.07438514069473845
SG_012047,1,0.2790171806858879,0.5272575870675345,0.22852612365798636
SG_012049,0,0.2105562919529654,0.5606656680474099,0.21675057235234804
SG_012053,0,0.09460150137022592,0.292261083278454,0.08082034690991197
SG_012054,0,0.24007663965969547,0.5707726459917475,0.23403173567983854
SG_012055,0,0.10212727026225661,0.40112391434042327,0.11165926192051238
SG_012056,0,0.20173817044867304,0.5489657840594558,0.20767465509093896
SG_012057,0,0.09645985979761355,0.5161508898720505,0.14289570972592494
SG_012058,0,0.2365347653845641,0.6733721912347458,0.2885260118014677
SG_012059,1,0.26419919961907123,0.595050111242309,0.2563324291454236
SG_012060,1,0.12580879254008706,0.4269315000014576,0.1297026907198021
SG_012061,0,0.1664046869479803,0.5332768152726992,0.18530014053159108
SG_012062,0,0.0911780588321719,0.3632074788098889,0.0967534179503195
SG_012063,0,0.2998670788516504,0.5174657026740109,0.23151041346027587
SG_012065,0,0.1463531138039674,0.4640804679466059,0.15065154129992925
SG_012067,1,0.13497266795196197,0.43257767459903285,0.1353978198754797
SG_012069,1,0.14067404829327637,0.3916708842941293,0.12498840290866477
SG_012070,0,0.12895790671580742,0.3781765397015172,0.11645431610084202
SG_012071,1,0.15903837658797623,0.5082712106811248,0.17216858913864044
SG_012072,0,0.11605839120543306,0.3275593144490036,0.09754683913917184
SG_012073,0,0.1352937672042757,0.5382263900883885,0.17210911916429056
SG_012074,0,0.10320424931198328,0.35413079880005865,0.09957430503601312
SG_012075,0,0.090564710114872,0.37885353479945544,0.10043390549945347
SG_012083,0,0.09779341954182856,0.37272557051733163,0.10212022615322044
SG_012084,0,0.15170944211467338,0.45134997036255986,0.14858981027463755
SG_012085,0,0.28495088240645566,0.6146076608266833,0.27555685853457873
SG_012087,1,0.2334309153812426,0.5498890483600193,0.2213878239789263
SG_012088,1,0.1772105610147813,0.5548060650159928,0.1992486260241321
SG_012090,0,0.13215826064515449,0.3924832706555966,0.12192113537305986
SG_012091,1,0.26664367447698223,0.678531711799052,0.3059460482092405
SG_012092,0,0.20191622468968876,0.44682825255439884,0.1664508826460848
SG_012093,0,0.13989304859222745,0.5317727202455401,0.17199090064934902
SG_012094,0,0.1057113116262094,0.37408770519361606,0.1058997500554144
SG_012095,0,0.18369428311605693,0.5264035439045349,0.19023897860504638
SG_012096,0,0.17512453218686666,0.5663326496664592,0.20326949390827997
SG_012098,0,0.1223334941836326,0.4437062774423899,0.1333366087591217
SG_012099,0,0.14046072234298018,0.3891967359245173,0.12415347401088704
SG_012100,1,0.20342920902112335,0.5550702184092366,0.21112409394827283
SG_012101,1,0.21303365493383083,0.5486659148732559,0.2123685410116008
SG_012102,0,0.16597071069969546,0.48766394615538106,0.1674851692735297
SG_012103,1,0.33821705902172433,0.6841010008323414,0.34119862484466884
SG_012105,1,0.1945147858616093,0.524138142335985,0.19393899503342144
SG_012106,0,0.1083617781505512,0.40386879054876323,0.11524170573827493
SG_012107,1,0.2722474271218806,0.6597201546116749,0.296594786520486
SG_012109,0,0.152302375594049,0.47886762566674956,0.158393299460128
SG_012110,0,0.08430502594925215,0.3517882733372553,0.09085503971283837
SG_012111,0,0.09644328911457772,0.21704040176398348,0.06373878666878516
SG_012112,0,0.10093679606195692,0.30585453539017965,0.08645270940573055
SG_012114,0,0.14692294136138653,0.521930684491235,0.17170515745332238
SG_012115,0,0.1477702122875371,0.4962750679088204,0.1626050309856883
SG_012116,0,0.09254271359151645,0.4642948086554869,0.12467889822176656
SG_012117,0,0.24507193196388619,0.6526677107747447,0.2800162575325462
SG_012118,0,0.1880959746251396,0.7584147760950156,0.3216640156750775
SG_012120,0,0.1476922672704677,0.43717252408105406,0.14218863078713095
SG_012121,1,0.22519670175529197,0.5986572848093027,0.24146883660978136
SG_012122,0,0.23223113292110287,0.5413354649073852,0.21697720349894148
SG_012123,0,0.20174492933919644,0.4881445617244701,0.18226399869295418
SG_012126,1,0.21217119682476512,0.5824872105455973,0.2276951623887175
SG_012127,0,0.1597977250085634,0.5038974395586098,0.1708571372027483
SG_012128,0,0.16628807674616797,0.43749540822877836,0.14971815147362366
SG_012129,0,0.10687397107886708,0.39056294006816017,0.1108808658030354
SG_012130,0,0.10799769194947206,0.32720377626949704,0.09447545150785794
SG_012131,0,0.1156678515290872,0.4089070403121266,0.1199084235553242
SG_012132,0,0.13699330437824483,0.3629063317926154,0.11502154113159697
SG_012133,0,0.2556682983177622,0.6224221849509398,0.2674699980857734
SG_012134,0,0.12064506027998097,0.3463176450508748,0.10429726355783091
SG_012135,0,0.21423979682137415,0.5372272195528448,0.20778946457694655
SG_012136,0,0.11532156732667959,0.37254635058801794,0.10945768089183062
SG_012137,0,0.12795992952704796,0.40349770938693397,0.12351901231375177
SG_012138,0,0.2419454687719008,0.6459177857134952,0.274628279069037
SG_012139,0,0.23265222864554289,0.5377155371495543,0.21550543823097743
SG_012140,0,0.17334962567519252,0.39240717174976625,0.13715437960415294
SG_012142,0,0.10958230477000168,0.40653057584005087,0.1165389513050061
SG_012144,0,0.19781567078389486,0.5786919037315477,0.2194227982210796
SG_012146,0,0.09951798047396203,0.38116827681019855,0.10510144517110136
SG_012147,0,0.16249149670218974,0.4981295275034059,0.1698824090710546
SG_012149,0,0.25059876962816524,0.6622412356593387,0.2883159047495175
SG_012151,0,0.14444433870591408,0.43951541962012236,0.14161634169970289
SG_012152,1,0.12183639913135952,0.48290954954418563,0.14567840294072962
SG_012153,0,0.10248152568568503,0.28616847558487307,0.08215831442269508
SG_012154,0,0.1835761561724838,0.5169350194823709,0.1863339682489659
SG_012155,0,0.09913647162626915,0.47618172753605015,0.13182571544710678
SG_012156,0,0.18565557175490213,0.5950775677778566,0.22143162937380853
SG_012157,1,0.11955718923862109,0.4769346788629311,0.14259441632808617
SG_012158,0,0.11846996363900714,0.34648487883567036,0.10352840203124118
SG_012159,0,0.11880320804976156,0.3396351544663771,0.10179201203493227
SG_012160,0,0.0893592912757145,0.31826274028378393,0.08499664401786797
SG_012161,1,0.25738424235634666,0.5637239719747937,0.23766155415380824
SG_012163,0,0.11823792230913988,0.409114661073447,0.12108545746379541
SG_012164,1,0.13961511161379062,0.41351435334225506,0.13131642901692764
SG_012171,0,0.19020519363026658,0.4883220558490862,0.17775633539262234
SG_012172,0,0.0970560775455012,0.36946370054609967,0.10094907459627439
SG_012173,0,0.13146709538880133,0.46038275420991104,0.14281354697103507
SG_012174,0,0.2849620494292044,0.6338335264001337,0.2865686426410662
SG_012178,0,0.1241370599738743,0.35361717347191846,0.10762102218836665
SG_012179,1,0.1798690320559566,0.5965447117508603,0.21930914983729444
SG_012180,0,0.2312956609894485,0.5831237789087781,0.23636878423234087
SG_012182,0,0.1254142707107028,0.41993831744205284,0.12739983625454615
SG_012183,0,0.13102511617301138,0.3981680170620624,0.12316913095293608
SG_012184,0,0.08849964332932526,0.27830998426028164,0.07531313815917001
SG_012185,0,0.13437672703943168,0.4781199994309824,0.15006470532115232
SG_012187,1,0.24067003289830013,0.5614084723813629,0.22976407012398634
SG_012188,1,0.1528544249981245,0.439543787396111,0.14508120561946555
SG_012189,0,0.1900036257557626,0.49650575951979387,0.18087691591088523
SG_012191,0,0.1644242686581914,0.4972470419391163,0.1703960747813422
SG_012193,0,0.1801832620223668,0.4025873695579324,0.14295062299471517
SG_012196,0,0.13029798951306704,0.3268153094739284,0.10237035862202877
SG_012197,0,0.11868327828502433,0.4903094887300408,0.1465601895065835
SG_012200,1,0.1944161958821807,0.5162540355219376,0.1906372590500281
SG_012201,0,0.14742873882730978,0.5250653643648345,0.1731402439492228
SG_012202,0,0.09510613744301281,0.20903202705795926,0.061491927215925835
SG_012203,1,0.3026063082399329,0.6299779160126042,0.2917059639213486
SG_012204,0,0.14696264110934273,0.3296704444953398,0.10876556915309657
SG_012207,0,0.20728456530490869,0.5380038520998963,0.20522887448908658
SG_012208,0,0.11815054886272676,0.27309480826698224,0.084028835397157
SG_012209,0,0.1906519016251085,0.5474967261606002,0.2021825981941305
SG_012210,0,0.09665441340391599,0.3451527713275935,0.09457236552028117
SG_012214,0,0.1344514931967918,0.45886416703696675,0.14365991998778718
SG_012215,0,0.10444980284977436,0.4307995681639699,0.12109711704823399
SG_012219,0,0.08114678011765795,0.3117966131248186,0.08011066517820166
SG_012221,0,0.09346221149124478,0.21281189927691246,0.061893837677477984
SG_012222,0,0.21572902994821333,0.6097231649437749,0.24283188273301287
SG_012223,0,0.26786470183909117,0.5886864767009216,0.25451430560224536
SG_012224,0,0.2685409868321067,0.6067739015557753,0.26440006780522063
SG_012226,0,0.13591070824878593,0.442994200193024,0.13913000496388012
SG_012227,1,0.1789440570645723,0.5449884952361931,0.19586462135578062
SG_012228,0,0.12494847786544266,0.536549145570912,0.16604130595175215
SG_012229,1,0.12437324020116051,0.47015499220550255,0.1427128299870225
SG_012231,0,0.1761661024157077,0.4881400200452803,0.17195359332163082
SG_012233,0,0.13682452415869403,0.507218742460299,0.1613980325917984
SG_012235,0,0.13138173259608618,0.3121497567362007,0.09868165675332802
SG_012236,0,0.15511462968987838,0.48357489863792597,0.1613052642700149
SG_012237,0,0.1796697241331102,0.5288870568109392,0.18949476126836642
SG_012239,1,0.24458386182533634,0.6040892562431006,0.25276961525642766
SG_012240,0,0.09371863575958818,0.3189997201465253,0.08691775183132354
SG_012242,1,0.18424469212972924,0.6147319990864999,0.23029528609211752
SG_012244,1,0.2794191626223576,0.5726485364810876,0.2508954617017434
SG_012245,0,0.12850192817849468,0.49432558637584634,0.1528051130165802
SG_012246,0,0.14935118477508016,0.43916979198525535,0.14352885487254188
SG_012248,0,0.1932725328335325,0.5782635759542051,0.2171372660657496
SG_012249,0,0.22042369843459494,0.542713330176618,0.2127827000217442
SG_012250,0,0.1195059554373364,0.2840129607884402,0.08728572294476358
SG_012251,0,0.16763223981143027,0.49721946466287126,0.17177668772422333
SG_012252,0,0.11054284119797024,0.28952157021414887,0.08575293923457519
SG_012254,0,0.08822861207200783,0.14502568527241064,0.0450008971014248
SG_012255,0,0.11072513220253721,0.5203764242347159,0.1525072994317332
SG_012256,0,0.17916800755738502,0.527030468953399,0.18851476839983403
SG_012257,0,0.14341958775002717,0.3907444897537653,0.1257507818491272
SG_012259,0,0.16853272502699237,0.4764343166007303,0.1644258394488299
SG_012261,0,0.2771129258638429,0.5205562247555843,0.22469317194642527
SG_012262,0,0.10539513615467584,0.3987987282978314,0.11249909275182018
SG_012265,0,0.08626737368472372,0.274500330378394,0.07362394658298418
SG_012267,0,0.21103616631649777,0.5635946556146951,0.21830444894893136
SG_012268,0,0.09410330568783302,0.3955850392458569,0.10643641185179628
SG_012269,0,0.299791840877279,0.6420597683403432,0.2977388892968282
SG_012271,0,0.10459902271585746,0.3589507708782927,0.1014096267234389
SG_012273,0,0.187025728630722,0.4109676515095231,0.148225210075692
SG_012274,0,0.09233816254755005,0.25477349770749874,0.0712207237009864
SG_012275,0,0.20772295653803483,0.6062951868012075,0.23738240602839072
SG_012282,0,0.1582192586359996,0.46804917493107817,0.1570992780238858
SG_012286,1,0.25592715686437045,0.5925421489656755,0.2515752147126112
SG_012287,0,0.1603108309403433,0.43532306818346633,0.14663950958791055
SG_012288,1,0.18143429386870924,0.5842096954496623,0.21431334702752064
SG_012289,0,0.20045674354783097,0.17955351413253315,0.0770818402273191
SG_012291,0,0.16113232552829407,0.47708521719056407,0.1615572324680351
SG_012292,0,0.09767938165105243,0.4590053158048087,0.12589847948157223
SG_012294,0,0.24982626503451277,0.5118405479239342,0.21060436358025078
SG_012295,0,0.15912195596694878,0.43795830447742146,0.14706161681073493
SG_012296,0,0.3068966696160718,0.6747727491866572,0.32144540687306167
SG_012297,1,0.10096167342660745,0.4392954241805152,0.12183847602966665
SG_012298,0,0.13827158492130784,0.505412736809979,0.1614471154138083
SG_012299,0,0.2375024885746473,0.514728725007034,0.20719484136220054
SG_012300,1,0.24651280043019352,0.6042649859578969,0.2536955564045893
SG_012302,1,0.16068084705957875,0.5570543387652769,0.19234888250414456
SG_012303,0,0.20096797376897116,0.5324353244348669,0.20016455658684898
SG_012304,1,0.1717113632992946,0.48337439160963236,0.1683104387880205
SG_012306,0,0.13546299463539108,0.34861680633623543,0.11032881640923309
SG_012309,0,0.21456489467899945,0.6691828344369013,0.27518947328131127
SG_012311,0,0.17736207968343912,0.5265594142155307,0.18752624177249225
SG_012314,1,0.10857538806979988,0.31830911998986355,0.0923992991225218
SG_012315,0,0.24366704549667104,0.6020272536282195,0.25129396935259485
SG_012317,0,0.1410201299847201,0.4471802196582148,0.1426885335248932
SG_012318,1,0.15215861581715706,0.44354357188157467,0.14613875150831518
SG_012319,0,0.1290901966086814,0.414599720365618,0.1273356315639636
SG_012320,1,0.22363066549907162,0.5977496113289333,0.2403133799251615
SG_012323,0,0.19765417101661642,0.49799100129389406,0.18456203607796934
SG_012324,0,0.17015272719013977,0.44994947342784036,0.15556718138906925
SG_012325,0,0.1257909097963064,0.3884087286598207,0.11818420054703495
SG_012327,0,0.14310847644781882,0.4216738183456513,0.13529998490500256
SG_012328,0,0.08530368081689249,0.2976228897959351,0.0785480025232876
SG_012329,0,0.13000172515064734,0.45234574571258895,0.13954151520136945
SG_012330,1,0.27487709592830367,0.6169198410909096,0.2726388806809621
SG_012331,0,0.3203912778593609,0.6602256234789292,0.3177439738522965
SG_012332,1,0.1530228991169759,0.5266023849597258,0.17640697039536263
SG_012333,1,0.16763401267214306,0.49346766604369474,0.17036308203201087
SG_012335,0,0.11564364542713713,0.31120330045013067,0.09308718951394754
SG_012338,0,0.10828057534810288,0.3955075663224654,0.11286571660707241
SG_012341,0,0.1192426675348751,0.3718527845166802,0.11083606292026435
SG_012342,1,0.16721921575899254,0.4787719092059464,0.16473460915134577
SG_012343,0,0.14353259099185153,0.5929349111065151,0.19884337819598244
SG_012344,0,0.27338408650406487,0.7367789550623667,0.3504450330472766
SG_012346,0,0.07272355088701717,0.22856584629312185,0.058782031873854175
SG_012347,1,0.25895432152572817,0.5964214427914536,0.2548651254382154
SG_012348,1,0.20732985915360844,0.535552205658556,0.20418111598009883
SG_012349,0,0.11937416872511321,0.4123245005346104,0.1225196887039151
SG_012350,0,0.3922592721656979,0.6879156221148893,0.36647522611515293
SG_012351,0,0.18943784232353403,0.39931016829532423,0.145038967894609
SG_012352,0,0.09617902768017488,0.32342864785236064,0.08897274428092862
SG_012353,0,0.12675048453286544,0.4720909948378547,0.14447503269635012
SG_012354,0,0.13470255121530664,0.4487704312652362,0.14047268399615082
SG_012356,1,0.09884607959140053,0.43679504193541047,0.12006181138110184
SG_012357,0,0.09720145952626162,0.2740952133216506,0.0774116525321473
SG_012358,1,0.2618450456040701,0.6729061056740389,0.300135659158027
SG_012359,0,0.15271409492127852,0.5454686869804691,0.18370070419072718
SG_012360,0,0.278061001997558,0.6498645258332684,0.2931357179065413
SG_012361,0,0.12343297515652468,0.4363994365149037,0.13156836681059345
SG_012364,0,0.18659571701380204,0.46516495380549716,0.16751830949537186
SG_012365,0,0.09656582239550233,0.38063012605382096,0.10363848408607874
SG_012366,0,0.23744763257770288,0.5829686740856811,0.2389215858415892
SG_012367,0,0.10710513020352957,0.3170284305438162,0.09153115252530239
SG_012369,1,0.15306731558262474,0.4701767687521914,0.1556586243779047
SG_012370,0,0.28191212208266186,0.5244264331876406,0.22826654393968976
SG_012371,0,0.12886475539527223,0.490816746314738,0.15177755612705066
SG_012372,0,0.1840610077838469,0.5700454183115902,0.20911871384888092
SG_012373,0,0.17325061347387072,0.5276187240416088,0.18612618069000905
SG_012374,0,0.24106080633298466,0.6140144441083447,0.25648764528075507
SG_012376,0,0.2792550874307324,0.6377557930607135,0.2864310102273273
SG_012377,1,0.25648235089328547,0.6616148707494158,0.2906403478125626
SG_012379,1,0.18349724278992652,0.5888817760682802,0.2174717646282953
SG_012380,0,0.20607891859379365,0.5194376788363816,0.19677660404346106
SG_012382,1,0.2063397694446455,0.5134582767532033,0.19437936447892581
SG_012383,0,0.28936372785982484,0.6432964586389874,0.2940579755355016
SG_012385,0,0.1581457846485936,0.48464834894109915,0.16301318854091074
SG_012386,0,0.1339940147522329,0.4427616976179273,0.1382249578470263
SG_012387,0,0.08439888461991892,0.33080416540313634,0.08589893993908446
SG_012388,1,0.2624026888740123,0.5965670245619892,0.25638296828760687
SG_012389,0,0.09443580019923514,0.30646926245892836,0.08416563578619168
SG_012391,0,0.20585227191043964,0.6253497885076077,0.24631181629771143
SG_012392,0,0.17126077084069755,0.4712747615650743,0.16366284694847366
SG_012394,0,0.11383406617260193,0.3432244632575393,0.1008939867962784
SG_012395,0,0.08926807920236318,0.3104385201339881,0.08310286144982414
SG_012396,0,0.19513372335798077,0.6095318613662468,0.23304401488154522
SG_012398,1,0.22707140309867926,0.611115350176326,0.2487172953643558
SG_012399,1,0.1631129258440328,0.5067643070477594,0.17342058076530192
SG_012401,0,0.30643994336242536,0.6507352578828355,0.3058614568692375
SG_012403,0,0.11815319546971242,0.4521609440260998,0.13403038025322533
SG_012404,0,0.2311129025016644,0.5733238083277581,0.23150505913307834
SG_012405,0,0.26187053415534484,0.5114568535406836,0.21491971024158515
SG_012406,0,0.21409576348847836,0.5491982466226322,0.2130561414722679
SG_012407,0,0.29839932422409315,0.6838531199492626,0.32377411467140943
SG_012408,0,0.11747949009057201,0.4202347999880193,0.1240275072494874
SG_012409,0,0.13351962641809892,0.4939631997951173,0.15511022923999063
SG_012411,0,0.18470394003255644,0.44697213969735444,0.16011688102667634
SG_012412,0,0.09800941849492767,0.4337766896354844,0.11878393745027101
SG_012413,0,0.2171402887033597,0.5563930806428053,0.21761174304716832
SG_012415,1,0.252494059914401,0.5615170370826776,0.234620490024897
SG_012416,0,0.09485370071915909,0.42471299266294865,0.11466847226737331
SG_012417,0,0.17534923370193276,0.5980885967332472,0.21780022602886526
SG_012418,1,0.15322121915176903,0.5537548489078412,0.18731222230659242
SG_012421,0,0.27281635400165855,0.5397862807284676,0.23212768540257006
SG_012425,0,0.20001584834606112,0.5862531328264322,0.22399666146623304
SG_012426,0,0.15404164781525972,0.46328588349619193,0.1536679852288087
SG_012428,0,0.11056800461276596,0.42746189511552496,0.12302025574075287
SG_012429,1,0.1589310013786771,0.5038374500018555,0.1704469258261246
SG_012430,0,0.12858253285242197,0.41022744779839077,0.12579843354471548
SG_012431,1,0.1446940739516793,0.3653149689318912,0.11851347085323463
SG_012433,0,0.19965278264367073,0.5713867837738336,0.21686744427070725
SG_012434,1,0.36120321334319994,0.6989845243385842,0.36151851795668233
SG_012435,0,0.10004601737890621,0.36050668421636173,0.09991603418429543
SG_012439,0,0.11453154454439195,0.3736697493763716,0.10944830144612493
SG_012440,0,0.2667072214382038,0.5910923057373264,0.2552943012402373
SG_012441,0,0.11536502396344185,0.4757051776452525,0.14011872881448742
SG_012442,0,0.09857267797816764,0.2826136449404223,0.0799307557377705
SG_012443,0,0.1688008155905458,0.5465427887316797,0.1918429491275227
SG_012445,0,0.143063926931955,0.5298374678007334,0.17283107751554974
SG_012447,0,0.09497525395223418,0.3011009011335794,0.08307716002248143
SG_012448,0,0.10696129873717315,0.4015300296642687,0.11395985899758965
SG_012449,0,0.08980242275646838,0.30078363169080957,0.08103417120578624
SG_012450,1,0.1023090786169778,0.3897590619578221,0.10864487076190968
SG_012451,0,0.14385321948132548,0.5227045953842709,0.17051403181570537
SG_012454,0,0.21149367144313394,0.5655683976761356,0.2194153550592751
SG_012455,0,0.16843052804255595,0.430126037766222,0.14801645056600032
SG_012457,1,0.2100126865680079,0.6213449102096029,0.24619277808756074
SG_012458,0,0.23966697376383692,0.6413100387653081,0.27093339905238206
SG_012460,0,0.1959717585685231,0.4214841996363078,0.1550722365280812
SG_012461,1,0.1983634029450858,0.5585610794669806,0.21046554745168897
SG_012462,0,0.10008522912088325,0.38485959707933803,0.1063355597765876
SG_012463,0,0.26115443664083804,0.6252016793297681,0.2714050415947644
SG_012464,0,0.23907216681486662,0.5013176654421163,0.20198759892946355
SG_012465,0,0.10709834098831979,0.38703959009243766,0.11001048653780408
SG_012466,1,0.25201517924157096,0.5983362093842932,0.2529415252135666
SG_012467,0,0.11797231914566238,0.4341079189176934,0.12840422211801483
SG_012469,1,0.14529519501970267,0.4127921748499385,0.13334953356455778
SG_012471,0,0.1503662154328518,0.44931688548238385,0.1473425699240282
SG_012472,0,0.25855783231885926,0.6175054584826206,0.26601015159645397
SG_012473,0,0.09481122744358235,0.4630861529982973,0.12556361848747263
SG_012474,0,0.15531574601744624,0.4905470611017457,0.16391908777965183
SG_012475,0,0.24499411249582445,0.5916194296790863,0.24648909804792507
SG_012476,0,0.13411053827318486,0.4467302892184356,0.13955308290241444
SG_012477,0,0.09279360013866171,0.2302681991469301,0.06571219435721792
SG_012478,0,0.13170125458093282,0.248446499975955,0.0815609001590524
SG_012479,0,0.13500949928990277,0.4143842421294327,0.1297188211510757
SG_012481,1,0.1997014217735765,0.6227704548145075,0.24199084984474534
SG_012482,1,0.11966825624576648,0.45731570164774193,0.13636143037977166
SG_012483,0,0.2909534372963958,0.6884768879830573,0.32357762822009395
SG_012485,1,0.1367690523753671,0.4675153484268403,0.1475778924065054
SG_012486,1,0.3146409242963577,0.6477205098397656,0.307438823861116
SG_012487,0,0.13343017376328095,0.3623877954215752,0.11356464928332674
SG_012488,0,0.10444595279707798,0.32307915434706325,0.09207939924925111
SG_012490,0,0.14491849343051963,0.6160326707159991,0.21005926412217335
SG_012491,0,0.08245082629381695,0.31847545516257725,0.08219215897547559
SG_012492,0,0.26462764899505725,0.5968942980717176,0.25748213696209954
SG_012494,0,0.2042558001013082,0.593159170872003,0.2292719523171157
SG_012496,0,0.08161537048151483,0.29573081568667686,0.07665539775518378
SG_012497,0,0.26293816393243885,0.5935853406848317,0.2550406374028968
SG_012498,1,0.2313456002269878,0.5983961239661659,0.2440525621016735
SG_012500,0,0.09900669810608069,0.5278033210182306,0.14827683468070438
SG_012503,0,0.2245525597134035,0.5629139387309728,0.2237723834184966
SG_012505,1,0.2024840854193266,0.5580680724815612,0.2120581056609419
SG_012507,1,0.16210867510498336,0.49003472217287264,0.16670327991603515
SG_012508,1,0.09774575836450412,0.17836265564932016,0.05502947620810202
SG_012511,0,0.12975957797908136,0.4297118913440024,0.1322698758606129
SG_012512,0,0.1410238718086045,0.44547134810606576,0.14212888372246058
SG_012514,0,0.21938005779945433,0.5662119950567269,0.22311915999130857
SG_012515,0,0.15954940253248784,0.5221818248320304,0.1777442970810577
SG_012516,0,0.27039961795883155,0.64989997806226,0.2897915491916434
SG_012517,0,0.10586017003091498,0.2896956363949004,0.08419904727680431
SG_012518,0,0.10516916520055963,0.36069640738395475,0.10210493485331866
SG_012522,0,0.15274216897570717,0.44910298210195315,0.1482554963922893
SG_012523,0,0.17579644294247732,0.5524049329620294,0.1975666344439719
SG_012524,0,0.1457248142312576,0.40780869743505493,0.13194302757212198
SG_012526,0,0.0936744613705015,0.2867961973857846,0.07918218296608372
SG_012528,0,0.09167726800542686,0.28086329780394026,0.07706115726158155
SG_012529,0,0.12383674600355139,0.41658142347080157,0.12570968912612848
SG_012530,0,0.1117091964475261,0.36760157327428095,0.10663462322537823
SG_012532,0,0.2619516316991215,0.6164833625027626,0.26690702617160095
SG_012534,0,0.21389377953848712,0.6296818089131617,0.2524605676069682
SG_012535,0,0.10547854562461151,0.3895742243849321,0.10999799983927223
SG_012536,0,0.1671206757735626,0.4473591853338578,0.15346195745759839
SG_012537,1,0.22403720196008983,0.5815954686143515,0.2324827860708126
SG_012540,0,0.12866949517063467,0.47906137096327633,0.14770166385446784
SG_012541,0,0.1592204708633115,0.44259947634016517,0.14867793804047383
SG_012542,1,0.23443221265812583,0.640289965969968,0.2679416302620831
SG_012543,0,0.13186621288600794,0.4430850782739492,0.13739980215743466
SG_012544,0,0.10888298800866003,0.36632263276183824,0.10513389444944651
SG_012545,0,0.16361037574970927,0.4808811659097002,0.16398592431771822
SG_012546,0,0.11879566309540339,0.3862772807815171,0.11473070566991514
SG_012547,0,0.1546171560060874,0.5045328858866747,0.16876155041605329
SG_012549,0,0.12629591415294902,0.45111738013557007,0.13747264052190966
SG_012551,0,0.23941185880979565,0.5401859945973738,0.21932992574962654
SG_012553,1,0.2677231098654233,0.5536559337442724,0.23684180983268951
SG_012554,0,0.07900913064120209,0.3542521593738345,0.0889942355476306
SG_012555,0,0.0789871647669909,0.15827559087244153,0.04575326065338844
SG_012557,0,0.09244707018566829,0.3184880686316894,0.08628945770831585
SG_012558,0,0.15352663667440924,0.4493425196035876,0.14866057217285336
SG_012559,0,0.11521073326121867,0.3611519389457152,0.10627616997666389
SG_012560,0,0.16502825059668524,0.3833724234346204,0.13130333345766027
SG_012565,0,0.09239365662529499,0.12830522366861677,0.04197334812781461
SG_012566,0,0.18440298313920991,0.536506707454741,0.19474061011776242
SG_012569,0,0.29136908337759443,0.7472334289714428,0.36744264005666954
SG_012570,1,0.2345018114521937,0.597701969247451,0.24507970448510275
SG_012572,0,0.15780205770373093,0.45426023732593646,0.15210598999469035
SG_012573,0,0.1298722336353052,0.29453199235345934,0.0933837878555314
SG_012574,0,0.12377864381551147,0.38471583338007237,0.11630576303597269
SG_012576,0,0.12146970412853408,0.49283799644997023,0.14881184538450404
SG_012577,0,0.15143993457166297,0.4885765439770139,0.16148375438008594
SG_012578,1,0.2851953007830892,0.6199564850067946,0.27867268432540976
SG_012580,0,0.2572137750208953,0.5905294697338244,0.2510709305593465
SG_012581,0,0.13307393790223399,0.40203983724547065,0.1251578747956445
SG_012582,0,0.19767722797281698,0.5426563818281338,0.2031582947516349
SG_012583,0,0.2107455419854157,0.5310252870547988,0.20363870361120878
SG_012584,1,0.17384202137414206,0.515908158486688,0.18170701254182967
SG_012585,1,0.2401614570010376,0.5909739909032222,0.2440990888429756
SG_012586,0,0.10735191615130053,0.4443757823165336,0.12648044950174486
SG_012587,0,0.2517682127903924,0.6015067914884353,0.2544986990253327
SG_012589,0,0.21040874561083855,0.5793554611576748,0.22541262481809884
SG_012590,0,0.15344621690541624,0.4245735155375416,0.14035704880217711
SG_012592,1,0.20762019186621905,0.5872159255976108,0.22792822866115048
SG_012593,1,0.16510148616339335,0.5811747541639952,0.20493790800618059
SG_012595,0,0.09531967951978108,0.1682609612522741,0.05205832946400908
SG_012597,0,0.1467498787265884,0.2772269897745128,0.09369512771204551
SG_012598,0,0.17539194327014315,0.48356235981800755,0.16990720624923017
SG_012599,0,0.13043674007767847,0.5065898621020399,0.15803834935002467
SG_012602,0,0.30816701543406433,0.6102327355218006,0.28257467948367754
SG_012604,0,0.09193017482456324,0.442482959144688,0.11811057928915217
SG_012605,0,0.15933664145666618,0.4855596434269705,0.1638608565228508
SG_012607,0,0.20867143535227406,0.5423835776506888,0.207732836163272
SG_012608,0,0.18863590466880267,0.5138535909143986,0.18723674559754475
SG_012611,0,0.14346346826245462,0.4922016074243515,0.15916456752368474
SG_012612,0,0.15142761762528126,0.44997997072183177,0.14800812116277048
SG_012613,0,0.16351036865994092,0.48803135648912266,0.1665679697553063
SG_012614,0,0.3427751463894479,0.6159617800134279,0.29966542945284874
SG_012617,1,0.3526271782937347,0.6913708492349123,0.35240686176185426
SG_012618,0,0.31687732283693887,0.5769285719813019,0.2676954340900185
SG_012620,0,0.3604059269096213,0.6282849517360246,0.31403815108295213
SG_012621,0,0.13461555107794254,0.3715872942857881,0.11668600531384361
SG_012622,1,0.16606683183574575,0.6139563888210673,0.22060822891280712
SG_012624,1,0.23997873936906977,0.596863133356277,0.24702684833121563
SG_012625,1,0.1681810740976304,0.42385226304674734,0.14578636517732502
SG_012626,0,0.15835798157243183,0.4521521044719413,0.15160560641306575
SG_012627,0,0.2459758991125698,0.6153490183171272,0.25936634236533224
SG_012629,0,0.09272160024215183,0.45875579402947236,0.12316865815560663
SG_012631,0,0.11279916674519723,0.23939216853969916,0.07387321549709307
SG_012633,0,0.1839708248991361,0.49331708969248955,0.17716183540335861
SG_012634,0,0.3066543366571153,0.6266735540579419,0.29143474770196226
SG_012635,0,0.18821764451000902,0.5592937117231161,0.20624704962163076
SG_012637,0,0.194517416498173,0.48951469509630446,0.1799479680628881
SG_012638,0,0.19208663197417455,0.4776012221582049,0.17436470080923513
SG_012639,1,0.2746178185791642,0.5888612870344131,0.2573600343237948
SG_012641,0,0.09840933738840019,0.3788850945198463,0.10400574165137884
SG_012642,0,0.23871306070610135,0.5711044395211031,0.23362501687992268
SG_012644,0,0.21027493254836285,0.4897001564859591,0.18620407105095926
SG_012645,0,0.16078608496374136,0.5026662718342044,0.170833876241421
SG_012646,0,0.10136843793224587,0.4399063484402438,0.1222179370223047
SG_012647,0,0.09095701351449775,0.20287313440964827,0.05889848159176384
SG_012649,0,0.1510951376081251,0.5001389266710515,0.1655326007226342
SG_012650,1,0.2094911560895806,0.5785205657738361,0.22460733091000798
SG_012652,0,0.07634380335320837,0.3267502761120637,0.0814242855449357
SG_012653,1,0.2405664030227738,0.6299441973098231,0.2649456173143918
SG_012655,0,0.09796817012760517,0.3795046960201783,0.10397219108034382
SG_012656,0,0.173765005169482,0.4512192104335323,0.15743493329180422
SG_012657,0,0.06847140434294861,0.22861814651903736,0.057292587750374
SG_012658,1,0.24531352852485275,0.6516831265341291,0.27954639103513584
SG_012659,0,0.1626347586289345,0.4440888357688677,0.15055016197110238
SG_012662,0,0.29597175161698025,0.6318681183377833,0.29005601328097436
SG_012664,0,0.14939411964645943,0.4707014085126588,0.15425545938588647
SG_012665,0,0.22479264356460793,0.5599815173846732,0.2225015533900723
SG_012666,0,0.13542649778588542,0.5370897944254935,0.17174487524145457
SG_012667,1,0.2445884864350494,0.5459365282438827,0.22404851120595384
SG_012668,0,0.10935926626493324,0.37462408548598586,0.10757925807321428
SG_012670,0,0.22809977040015836,0.5366092730826684,0.21317694995175648
SG_012671,0,0.11405929083264203,0.4549812853487231,0.13295148773752677
SG_012672,0,0.21391432501820787,0.5888885280051837,0.23157509983964117
SG_012673,0,0.12962787313346769,0.3855739715520444,0.11887809370306883
SG_012675,0,0.19568335685551305,0.713041824275236,0.293012905363796
SG_012676,1,0.11376510647530136,0.41928456127292046,0.12208808755265363
SG_012677,0,0.10178260405476781,0.2822404801924811,0.0809554631764552
SG_012678,0,0.17206228298488893,0.5007047098359829,0.1750110308812662
SG_012679,0,0.09871105652963448,0.3234672747382436,0.08997528263012802
SG_012681,0,0.12786594667617665,0.31661751480365313,0.09873339924115435
SG_012682,0,0.09378768335140801,0.32334271187294933,0.08800175058834682
SG_012683,0,0.22754773128299688,0.5591851500325863,0.22328393531959226
SG_012685,0,0.3392200748802092,0.7043944167395341,0.35605911670996687
SG_012686,0,0.1300300473192188,0.5188241566930628,0.16221044346415517
SG_012687,0,0.11352988791145509,0.4740794099272831,0.13867933322743978
SG_012689,0,0.13396894555758795,0.46419304919346455,0.14520354011213088
SG_012691,0,0.08485279468636399,0.35398271684025207,0.09163292305038832
SG_012692,0,0.22147575784730478,0.6517239111404549,0.2683451216662978
SG_012693,0,0.13487144277363272,0.4158079770715516,0.1301027192917954
SG_012694,0,0.0967196054461209,0.3330108129832645,0.09155998196250427
SG_012695,1,0.11379974476940007,0.3906718311414716,0.11389150407953527
SG_012696,0,0.1780967927557396,0.4598356392407679,0.16223370941001172
SG_012698,0,0.12663957939112416,0.48428173471919367,0.14848115211903848
SG_012700,0,0.24584488674956484,0.5256781253042462,0.21526259537575837
SG_012702,0,0.16535068183918333,0.3839282982915068,0.1315947051843596
SG_012703,0,0.29178625619884296,0.6718615784633034,0.31293407658774963
SG_012704,1,0.2530554767673467,0.5170187330135311,0.21412353406929963
SG_012706,1,0.20087404135169892,0.6829199661468471,0.2764798901847703
SG_012707,1,0.18353871651556405,0.49029353970600603,0.17581611133244632
SG_012708,1,0.10186988455221224,0.36016225997317697,0.10059382982188124
SG_012711,0,0.33392117565294027,0.6909681001260327,0.3441476778962262
SG_012712,0,0.1257655678950713,0.43106027982622863,0.13095339902760417
SG_012713,0,0.20116524419437665,0.5323276596147308,0.2002017796343917
SG_012714,0,0.12274447682546687,0.43288550160698935,0.1301802533563995
SG_012717,0,0.1679784788999136,0.5103272463589165,0.17694409751610363
SG_012719,1,0.17375902747591868,0.4815523766123927,0.16848088729308897
SG_012720,0,0.12125377795259036,0.44220061955078355,0.1323770914365384
SG_012721,0,0.09538229945123884,0.2746293965372547,0.07690841772112171
SG_012722,0,0.14953884407984253,0.4055814679765719,0.1327120618373169
SG_012725,0,0.24348250535847407,0.5447000101419087,0.22303274604492276
SG_012726,0,0.2126950203019169,0.5627946076247994,0.21865354771638337
SG_012727,0,0.2739644031506189,0.6147741264135849,0.27106165013489714
SG_012728,0,0.11745329108786297,0.4079189433637913,0.12039711337659077
SG_012729,0,0.21332763749701375,0.4762194930089297,0.18197797887480863
SG_012731,0,0.21990555893801786,0.4904393789781649,0.1901943862321148
SG_012732,0,0.2751282030297499,0.621376983487761,0.2752433784894954
SG_012733,0,0.11215867431358567,0.365767852814014,0.10631749958043754
SG_012735,0,0.3017673437820773,0.7073366305229173,0.3416474599535392
SG_012737,0,0.2841501373623127,0.6555279995382329,0.2992560913012235
SG_012739,0,0.2293924316630214,0.8246563625253761,0.40820623665458544
SG_012740,0,0.3032529073096528,0.6333587616247695,0.2939741825567837
SG_012741,0,0.13860113396748994,0.4871964361653007,0.15515067270267932
SG_012742,0,0.19689141170449775,0.6119670207270747,0.2351109925695865
SG_012743,0,0.19403229552187615,0.5223885436351926,0.19300807269518808
SG_012744,0,0.13064480685776206,0.5129896008016386,0.16042060764517854
SG_012745,0,0.0904938883365553,0.38850463966960047,0.10287755625809122
SG_012746,1,0.32843807089943317,0.5885000056175121,0.2784176979309399
SG_012748,0,0.19082957003014808,0.5350061257029466,0.1969205067704705
SG_012751,0,0.10349671607256804,0.41640529609386584,0.11654182792154172
SG_012752,0,0.18627005839650781,0.5114221921679311,0.1852599361231702
SG_012755,1,0.18782423148884556,0.4340989251247279,0.15665154807967835
SG_012756,0,0.12075039955716405,0.4837566522943556,0.14542228556482334
SG_012758,1,0.1710252488443003,0.5728721014602715,0.20417809684674282
SG_012759,0,0.11560091901032415,0.38590330618342156,0.11330420353748646
SG_012760,0,0.33838610383695245,0.6180153915563172,0.2991413668684296
SG_012761,0,0.2787862888743095,0.6326541322296099,0.2832495425930354
SG_012762,0,0.242235851374859,0.5564752608048027,0.2280555898148191
SG_012765,0,0.07891399730301005,0.18450945070721556,0.05141094691631628
SG_012766,0,0.10164147038256999,0.356140699590887,0.09945204626564862
SG_012769,0,0.27094812190850287,0.6263323577834644,0.2762655401600156
SG_012770,0,0.24255308764792574,0.6520946319612231,0.2785140925526577
SG_012771,0,0.2650976567790233,0.5725991150485832,0.24516229904340037
SG_012772,1,0.23453990813986114,0.5901958816142494,0.24128955624432272
SG_012774,0,0.12176467635619509,0.37597308351454695,0.11299989028604059
SG_012776,0,0.2862434682046299,0.6701422086801011,0.30937702926171196
SG_012778,0,0.2641110304716377,0.670864180249217,0.29988241481477995
SG_012779,1,0.3139639361204534,0.5920043894478739,0.27472055939090173
SG_012780,1,0.1424427018521063,0.48060439444533903,0.15461724348840708
SG_012781,0,0.14721730305523037,0.4615351620829069,0.15015543413401414
SG_012782,0,0.18590988717592058,0.5373515062502878,0.19575979541589472
SG_012783,0,0.1258666809972991,0.43980936913812174,0.1337137788992982
SG_012784,0,0.21376053424526797,0.5055308950403181,0.19404351606837258
SG_012785,1,0.09581869810449277,0.41296169587053433,0.11192123331938336
SG_012788,1,0.10598912687657867,0.28923540744102355,0.08412885885920766
SG_012789,0,0.25975840940355216,0.6583440044190555,0.2901367815557898
SG_012790,1,0.23493937482418029,0.5758741811340513,0.23436346328948224
SG_012791,1,0.25748956895782654,0.6363660845673564,0.2761331343593955
SG_012793,0,0.19477893462464077,0.4965278899260396,0.18282152679647865
SG_012794,0,0.21127209808803504,0.5936284497755445,0.23270732939002914
SG_012795,0,0.10339178066500565,0.3351875317985876,0.09476002673807084
SG_012796,0,0.10782646066178174,0.45280664592095426,0.12923956574199055
SG_012798,0,0.0997274556018798,0.3621386600220648,0.10020416321715021
SG_012799,0,0.11923034748567474,0.361658650376437,0.10798886570936553
SG_012800,1,0.16382022644998165,0.526227424268081,0.18129682838669653
SG_012801,0,0.11318896757645582,0.36480231127809937,0.1064691578079072
SG_012802,0,0.08173735727515528,0.21771884749475284,0.05945015414096454
SG_012803,0,0.11482212689264577,0.5532206129383356,0.1666000646540526
SG_012804,0,0.14748812413393086,0.5078095419299906,0.16669172655961007
SG_012806,0,0.202333781277885,0.5323460734967289,0.20070197498069
SG_012807,1,0.25953224813820336,0.6055548986700494,0.25994693645174666
SG_012809,0,0.13590979550002466,0.45225744239276566,0.14213856795824026
SG_012811,0,0.08674704020272944,0.3096428149680069,0.08190909486554765
SG_012812,0,0.1553635528922142,0.5475871339371097,0.18585297503681242
SG_012813,0,0.23950643981948516,0.5450429867330499,0.22160285373060223
SG_012814,0,0.16450477974915947,0.45944794280014156,0.1566601766493984
SG_012815,0,0.0827781803918209,0.04753482056161873,0.019887241102243196
SG_012816,0,0.21532971750903185,0.5478967364025404,0.2129900171737041
SG_012817,0,0.14165847698402667,0.36742326077473353,0.11805036442497728
SG_012818,0,0.17974853261285925,0.4990144239129567,0.1776188093237386
SG_012820,0,0.3215325095137284,0.589251909435816,0.27616058957279893
SG_012823,0,0.26704407107710965,0.6813724780970527,0.3079758858680074
SG_012824,1,0.24840423831033323,0.48566653006866195,0.1987543757855693
SG_012825,0,0.18987444331163972,0.5278760557346722,0.1935187520259834
SG_012826,0,0.22361506604509826,0.6539683452427754,0.2706713353398971
SG_012827,0,0.22416852814885793,0.4706935946507263,0.1837904608372087
SG_012828,0,0.23504083962568942,0.5170185642130899,0.20724704167668487
SG_012829,0,0.15032832633531676,0.4388169850255485,0.14381124774419826
SG_012830,0,0.27237405586365787,0.6007876358022817,0.2627685503015918
SG_012832,0,0.10616886056383464,0.3943055041607647,0.11160210045062577
SG_012833,0,0.18147544529901605,0.5622431874633361,0.20445421527693178
SG_012834,0,0.1269459070809659,0.4043163215174149,0.12334582421372205
SG_012835,0,0.12895475205965093,0.4583812701915122,0.14101772756610637
SG_012836,0,0.07431062991823911,0.21612299419297637,0.056716212835901295
SG_012837,0,0.10141881001731053,0.4165372930534595,0.1155974000996614
SG_012838,0,0.18070928456398586,0.46541003825743404,0.16530323359478544
SG_012839,0,0.25475156884254313,0.6083900796819164,0.25942837676081104
SG_012840,0,0.10145706010902633,0.3646831946743562,0.10160152004182095
SG_012841,0,0.2168951734206431,0.5887067317009166,0.23281735241948548
SG_012842,0,0.13889397360437036,0.5206481863784653,0.16731701285967812
SG_012843,0,0.06769872618441257,0.22003178655564157,0.05527690068637572
SG_012846,0,0.09512556793150684,0.28622872987666703,0.07957251251324411
SG_012847,0,0.07854940178737517,0.20395002094404027,0.05548041309186601
SG_012850,0,0.119847904429495,0.44270826874054114,0.13189014103598706
SG_012852,0,0.15382058479915658,0.5080953654847796,0.16972973960161322
SG_012853,0,0.10135392743833861,0.4115803798960955,0.11418599626442616
SG_012854,1,0.1269984765441451,0.48966626020569054,0.15047654694249962
SG_012855,0,0.10549385474086052,0.3029647812927937,0.08738730736008928
SG_012856,0,0.3868201725663747,0.6548882388735932,0.341503780995006
SG_012857,0,0.10552758826011084,0.34329806782063266,0.0976916391192342
SG_012858,0,0.12442222371212308,0.4368878503636537,0.13216100314497
SG_012860,0,0.19760632702559555,0.5335926602384142,0.199233006161385
SG_012862,0,0.12151251568978937,0.3841629036053298,0.11523411723969106
SG_012863,0,0.1469389315051235,0.44024767552623734,0.14289266756534358
SG_012864,0,0.15250463033530356,0.5389111513922362,0.18098092760427997
SG_012865,0,0.20988431806253013,0.5765102548338896,0.22382960573231944
SG_012866,0,0.08798092499613996,0.2054648005238903,0.058629271056218846
SG_012867,0,0.11814379309014174,0.3642054972075822,0.10827071750346601
SG_012868,0,0.29847248088499373,0.4754695073557483,0.21176397325815208
SG_012871,0,0.17325332402497554,0.4392180742872094,0.15300290879496434
SG_012872,0,0.08830333581308158,0.3504520722885686,0.0923169292589281
SG_012875,1,0.29490469619249077,0.6508219636343006,0.30100584151491994
SG_012876,0,0.15371938685647568,0.3993716003238101,0.13232104979525972
SG_012877,0,0.0781836025987107,0.25789342548610134,0.06696917445867255
SG_012878,0,0.08374072601922383,0.3984696900186533,0.10212177906581141
SG_012879,1,0.12688435235447637,0.38793774671069264,0.11848425926428345
SG_012880,0,0.13467711894993972,0.20332952522031483,0.07028410905675762
SG_012881,1,0.259766637499835,0.6341435405141326,0.275863997913823
SG_012882,1,0.16638459177974307,0.5453610021453182,0.19022019168362916
SG_012884,0,0.07838652318683298,0.3073495291853774,0.07794563999299084
SG_012885,0,0.09771961172286325,0.47050718133804526,0.1293409284539496
SG_012889,0,0.09619476130567713,0.3472885855049697,0.09491863284666487
SG_012890,0,0.21119316510679112,0.567037471306974,0.21996594018499244
SG_012892,0,0.1399123561689196,0.4061863708608568,0.1291543171630165
SG_012893,0,0.11568947155874111,0.4965278287841257,0.14709649148361625
SG_012894,0,0.14271162985335856,0.48330075353011465,0.15568004731097712
SG_012895,0,0.09223143210723143,0.26807116357017147,0.0742717433514821
SG_012896,0,0.18593165914469414,0.5197685276110555,0.18849082327049033
SG_012897,0,0.10107563886009198,0.35510616470623624,0.09894894302281099
SG_012899,0,0.171157367763606,0.4461403589913784,0.1546196341499893
SG_012900,1,0.2665272742711897,0.5501936718079691,0.234699468549934
SG_012901,0,0.21895387231750973,0.503287650402076,0.19514129218384937
SG_012902,0,0.11547872319483236,0.38387052461990306,0.11268157412706065
SG_012903,0,0.09525516381456119,0.3383283204637364,0.09228639761577294
SG_012904,0,0.26231355056731637,0.5486795430236439,0.2323303760145169
SG_012906,0,0.17567014229440484,0.5541687122815407,0.19826086574040003
SG_012907,0,0.08638323160843055,0.38554178412425794,0.10015147483944176
SG_012908,1,0.17960856834950298,0.4523294322537057,0.16010430576211568
SG_012909,0,0.13964666496651743,0.43319560243040656,0.13756376176377846
SG_012911,0,0.2422463052979733,0.6018522901385882,0.2505880695982456
SG_012912,0,0.1940497802729533,0.5421593599489823,0.20137030233971953
SG_012914,0,0.10179884878472291,0.34500759691144356,0.0966426959748109
SG_012915,0,0.11364181928308803,0.3762540879268455,0.10979981594715874
SG_012916,1,0.3150358764313925,0.662573883995288,0.31698771315584523
SG_012917,0,0.07606808231103064,0.23718224266857915,0.06176187972460716
SG_012921,0,0.10839649718935689,0.438885667165336,0.12535773470066258
SG_012922,0,0.15092839812408057,0.435239450891898,0.14286848719001047
SG_012925,1,0.14717502127560753,0.47660972335741664,0.15534283752253197
SG_012927,0,0.270386045743835,0.5614058258310175,0.24168519564269378
SG_012928,0,0.1549935139188919,0.5563468392762807,0.1892578465574315
SG_012929,0,0.16423219957769367,0.11292956708089383,0.04993252000196089
SG_012930,0,0.13812943902919358,0.3784755188259047,0.12004209114544578
SG_012931,0,0.10365004350987383,0.4074474224308763,0.11410594558199214
SG_012932,0,0.2220138993561266,0.5612686229064372,0.22192979665262455
SG_012933,0,0.20260558118745994,0.6357103969404188,0.25024965194180565
SG_012934,0,0.2789712616551004,0.6267678109674727,0.27993448204881066
SG_012935,0,0.15472821687501326,0.491596996693484,0.1640415130078024
SG_012937,0,0.15718066414989587,0.44756070514747714,0.14954893270186287
SG_012939,0,0.08075931085974143,0.27354148900191133,0.0713596332067289
SG_012941,0,0.257653942024415,0.5930176073468636,0.2525441198572217
SG_012942,0,0.10553724123083719,0.2965783099435899,0.08580342204625928
SG_012943,0,0.19495856679086984,0.5543828838668841,0.207099932326615
SG_012944,0,0.25284427947350396,0.5934310699169493,0.2507413924604226
SG_012946,0,0.16035860774797714,0.5077283410443894,0.1725568288563607
SG_012947,0,0.24541365339308627,0.622915882201188,0.2632347206129513
SG_012948,1,0.10146659670917248,0.4473674586818083,0.12443918892288072
SG_012950,1,0.2519582292624097,0.5724296263403806,0.23974724222175878
SG_012951,0,0.08620487403051831,0.22074790828670068,0.061515761916125525
SG_012952,0,0.13384308354632027,0.3986323080306083,0.12443512643969644
SG_012953,0,0.26804080147460974,0.6511214608760348,0.2894818536698704
SG_012954,0,0.15618422208490215,0.49807522653293296,0.16706930828301844
SG_012955,0,0.1216387182395291,0.3935304767106136,0.11798411123122877
SG_012956,0,0.13016370615110248,0.4003058950253812,0.12346228601350846
SG_012957,0,0.2619411484816161,0.6779599560152239,0.30340812254587685
SG_012959,0,0.13021970247187653,0.4105603458160503,0.12657763191631877
SG_012960,0,0.2765923335323908,0.6480900328284915,0.2914232054102361
SG_012961,0,0.2715026420541669,0.6644800768161329,0.29921898118374884
SG_012963,1,0.2882390811375047,0.6449318418790523,0.2945612227199691
SG_012964,0,0.24466563724449597,0.6168466923019779,0.259599215034582
SG_012965,0,0.10877363383702472,0.33969667024604844,0.09802023314209403
SG_012966,0,0.15459225580549574,0.5135979877430595,0.17215869364367176
SG_012969,0,0.18871101800806164,0.5033838932786604,0.1830679479692507
SG_012971,0,0.09228465085690106,0.30563918127722023,0.08314177152332043
SG_012973,1,0.25311199261250567,0.5685557532353521,0.23830684598093224
SG_012974,0,0.17267240405170092,0.5631711920260408,0.20072689146035752
SG_012975,0,0.12262718604721046,0.3599637243041057,0.10882437903572496
SG_012976,0,0.1987163163308997,0.5907033758616993,0.22552400629524388
SG_012977,0,0.1617779399596615,0.5238213238780539,0.17941121223113046
SG_012982,1,0.19559097546081997,0.5411455171871271,0.2016028739678252
SG_012985,0,0.1257582148535832,0.5200065532946716,0.1604424103940031
SG_012986,0,0.0998753346473439,0.4140357743064427,0.11416721211403785
SG_012987,0,0.1500008508461869,0.4682198042786704,0.1536558423197629
SG_012988,0,0.1398756165217848,0.42314246335512024,0.13445202936071873
SG_012990,0,0.16230479967535463,0.5076744820190627,0.17340749524160962
SG_012991,0,0.17720137716239048,0.4921811777870273,0.1739216041063662
SG_012992,0,0.11438012982532264,0.3589351036448063,0.10534382253969278
SG_012993,0,0.14257728437749093,0.4832143505375067,0.15558871648622238
SG_012995,0,0.14408315381531508,0.4958832037504901,0.16076620186432702
SG_012996,0,0.18997247292087707,0.4740396193713776,0.17217568157724933
SG_012998,0,0.13633252317463915,0.44011629258601204,0.13838459401753883
SG_012999,0,0.09354881302886414,0.43681176304183256,0.11736744795892066
SG_013000,0,0.09818716244944832,0.38861193664346433,0.10647975861318656
SG_013001,0,0.2026104823367495,0.5988414749281422,0.2312899284116712
SG_013003,0,0.11461710892012655,0.34724058708515715,0.10227054618359836
SG_013004,0,0.13129362501691008,0.4965475155090551,0.15493558045378703
SG_013005,0,0.10253793599502332,0.4354260075736679,0.12150200392253997
SG_013006,0,0.19913074484625715,0.5228376123011766,0.19533366524727536
SG_013007,0,0.11917908085438637,0.33858536268158607,0.10164627229863456
SG_013008,0,0.22091025062132108,0.5147604212934296,0.20075109415056216
SG_013010,0,0.16326124786149565,0.5279435329254623,0.18171954127801096
SG_013011,0,0.14912829569048627,0.4627913955255196,0.1514062298267613
SG_013012,0,0.11994310749746806,0.3461585698196731,0.10399169150855235
SG_013013,0,0.16553103712990921,0.5449939021493265,0.18966712385939663
SG_013014,0,0.13594304871731713,0.4824641935127625,0.15227672000292794
SG_013015,0,0.1779795540434651,0.4851395298108447,0.17156762393959915
SG_013016,0,0.13028191641002565,0.38406537195618357,0.11869113927504268
SG_013018,0,0.10824180414068847,0.4542815561042261,0.12989137000433537
SG_013019,0,0.10344408480943168,0.37921611792855753,0.10630432852053037
SG_013020,0,0.12693543064969012,0.3571837926155703,0.10966803755125733
SG_013021,0,0.10487209181320799,0.48038193080652947,0.13620073858082984
SG_013022,0,0.129997527263363,0.40167894509587176,0.12380652630990316
SG_013024,0,0.08072330327962568,0.15845023099616554,0.046230369164743615
SG_013025,0,0.23974383882484793,0.5590118950289628,0.22824338028535787
SG_013026,0,0.1134892164368028,0.39704605562422085,0.11556109224140275
SG_013027,1,0.15619548344945508,0.4490127390753682,0.14964373409167503
SG_013029,0,0.274312419479024,0.5457776769493088,0.23557320160381998
SG_013031,0,0.12086002419333962,0.4673841971517203,0.14013626653216676
SG_013032,0,0.09027193997766712,0.330809128738629,0.08838216224437373
SG_013034,1,0.18991352442880904,0.5009682433333043,0.18260412390112188
SG_013035,0,0.13492330052501866,0.41545072990182025,0.1300134090120884
SG_013036,1,0.09774886910780432,0.1453495419264107,0.047179392336811954
SG_013037,0,0.14258340891268706,0.3840148428498933,0.1233807723065666
SG_013038,0,0.2358119256939295,0.5544602555293631,0.22448846684952314
SG_013039,0,0.11020843468068091,0.18327732002821362,0.0592706010400439
SG_013040,0,0.14455646418668902,0.5007446576685042,0.16273841604498168
SG_013041,0,0.12576138396910966,0.31568123263764986,0.09776555305769966
SG_013044,0,0.26170992882509325,0.5568243076524698,0.23601988433768223
SG_013046,0,0.1113734321058983,0.5196859558557035,0.15262907364059242
SG_013047,0,0.15363751320732544,0.6180231192638798,0.2158701517274744
SG_013048,0,0.14397441165014785,0.43736266271019336,0.14071643418148905
SG_013049,0,0.10142343152394696,0.04868074663585742,0.022177168924971537
SG_013050,0,0.19172856361367652,0.6219177215695662,0.23764184871858823
SG_013051,0,0.09261189050121077,0.3154562618540443,0.08562357056271962
SG_013052,1,0.11241477415824082,0.47293855774203863,0.137755946498234
SG_013053,0,0.12830215961890348,0.5006684788015099,0.15490179133753865
SG_013054,0,0.07410521282567296,0.20263548601789436,0.05382275121582008
SG_013055,0,0.16323772772982045,0.6005116363981847,0.21277165287084676
SG_013056,0,0.4140835295631789,0.6700887796574074,0.36277762324196927
SG_013057,1,0.12896104509276993,0.4549588471944472,0.13991387804878858
SG_013058,0,0.10145292865434945,0.2394526828882499,0.07052184798840401
SG_013059,0,0.0769134490862746,0.2149630868326862,0.05731880783043282
SG_013060,0,0.09894383832166391,0.28279637283217773,0.0801047996057704
SG_013061,0,0.16753589219080264,0.5113494977407665,0.17714467114908436
SG_013062,0,0.2192708424015066,0.5410025488282694,0.21154155758851195
SG_013066,0,0.15129139720824913,0.42521267453802586,0.13971576500305924
SG_013067,0,0.17344183317472325,0.4604419151581349,0.1606118588586563
SG_013069,0,0.1527950136430645,0.45804974411085714,0.1513326957401052
SG_013073,1,0.22863897326428917,0.6489743109507821,0.2701854730919769
SG_013074,0,0.27423262667154874,0.5660041425057648,0.2454887096093577
SG_013075,0,0.28834754152452213,0.6356575190681322,0.2890770790583569
SG_013076,0,0.1790744740421708,0.4697515012204256,0.1662572351295746
SG_013078,0,0.09012217373477686,0.40339387262581383,0.10657686324228013
SG_013079,0,0.17850489171458483,0.5765456846338595,0.20941819021967734
SG_013081,1,0.12152201112816663,0.4730275682817309,0.14228104243121875
SG_013084,0,0.1666265203481284,0.3333648088438701,0.11616093852440114
SG_013087,0,0.1804711207131294,0.5160454617427326,0.18464244341560163
SG_013088,1,0.27407915376165964,0.7338271952616252,0.3484902482190812
SG_013089,0,0.11957556936070272,0.29925814735984074,0.09129658725996694
SG_013090,1,0.2587458960079601,0.6356366420273818,0.27626977871742825
SG_013091,0,0.2195996618651925,0.5447472388906335,0.2133553648734827
SG_013092,0,0.12194751315682513,0.4046356137424888,0.12135480806966112
SG_013095,0,0.12816105010658657,0.46758470316344386,0.14365465912044084
SG_013097,0,0.07537575647636176,0.2020346057765228,0.05409350290727541
SG_013098,0,0.09913786605209902,0.21295763762785583,0.0635512922042383
SG_013099,0,0.12440806146898953,0.4289102540208256,0.12969748886343968
SG_013100,0,0.24774106954308883,0.5354557051064827,0.22044371416958192
SG_013101,0,0.2165081457423289,0.685115567206767,0.28594820210302396
SG_013102,0,0.3110103169226576,0.6474603194009576,0.30575766841293006
SG_013103,1,0.3041231519185236,0.5192998443011048,0.23390840063806365
SG_013105,1,0.2945775271710896,0.593116637829742,0.2676612622302768
SG_013106,0,0.15120683540821614,0.4869506117084515,0.16079530047093768
SG_013107,0,0.09121449858146553,0.368868279106123,0.0981959683867347
SG_013109,0,0.1268519916405281,0.43326089371268506,0.13211024532250681
SG_013110,0,0.1514930296059713,0.4835754202248356,0.1597137942480934
SG_013113,0,0.15622402454975245,0.462280782227005,0.1542362115611837
SG_013114,0,0.12235367924758705,0.3769798369194698,0.11351983245825092
SG_013116,0,0.25484435296167546,0.5568727136024367,0.23331827927362725
SG_013118,1,0.22994979681664532,0.6152613818673359,0.25219561593976025
SG_013119,0,0.13623807334528024,0.4237421921677706,0.13314135377617653
SG_013120,0,0.10674840446077649,0.2819365636342046,0.0825708006667054
SG_013121,0,0.2062301901914774,0.6014629654845554,0.23426928011307213
SG_013122,0,0.13699688762887818,0.4955652759027062,0.157330726903765
SG_013123,0,0.27393513854681184,0.5824510896051064,0.25374403734872863
SG_013124,0,0.09912877878820114,0.3485436565991544,0.09645647906026833
SG_013126,0,0.20670843418790855,0.6016131304823382,0.23456577407353954
SG_013128,0,0.11140603964731349,0.3064023197724857,0.09035680875489814
SG_013129,0,0.10943398557505318,0.399747503944236,0.11455858276070258
SG_013130,0,0.23562053118530868,0.7510113915519465,0.3425816938860809
SG_013131,0,0.14603767403396148,0.50079291607586,0.16344514259419174
SG_013132,0,0.1799413097662487,0.5706395498397617,0.20745253611053943
SG_013133,1,0.1967093794434982,0.541307924388384,0.20215674357851773
SG_013134,0,0.11056619582307453,0.3723276104065713,0.107454369384496
SG_013136,1,0.3183341672687987,0.6580418235253231,0.31547950840068434
SG_013137,1,0.1980113725293693,0.5417437396379801,0.20290715351093042
SG_013140,0,0.10394157751982068,0.3344161410589073,0.09477745069477897
SG_013142,1,0.2648753128613717,0.6506550264311325,0.28779399044541093
SG_013143,0,0.15604252935942162,0.49573365727669133,0.1661418012363389
SG_013144,0,0.11713716466824287,0.44641185345244094,0.13177344789537676
SG_013145,0,0.07313372356722041,0.2613892498450843,0.06582278400787306
SG_013146,0,0.13556629505496415,0.361642097986751,0.114131939272608
SG_013147,0,0.09227443430012609,0.3246798714027799,0.0877184053176011
SG_013148,0,0.1647139140110521,0.4711595649083838,0.16092485092277425
SG_013151,0,0.22094651762600204,0.6429341721685387,0.26309897521629544
SG_013152,0,0.09546527636454806,0.18677004276530632,0.05641755947359078
SG_013153,0,0.37156977827643023,0.6523480797876382,0.33370280567980426
SG_013154,1,0.18706847951608938,0.4910402777358979,0.17754484931471884
SG_013155,0,0.2817060058608852,0.6520040599321946,0.29602706840577275
SG_013156,0,0.11803160390914585,0.43384947004992896,0.12835296624335188
SG_013158,0,0.19751896720238019,0.5651199582693512,0.21304509587143083
SG_013160,0,0.13749944623240282,0.4192952276615899,0.13226670063878704
SG_013161,0,0.29516748920727504,0.6479093826286257,0.29933242438805385
SG_013162,0,0.2803248389131496,0.5951012058971508,0.2629842297788208
SG_013163,0,0.2668316236896767,0.5531189077178862,0.23623302438861996
SG_013164,0,0.2010100386055643,0.5916052209097098,0.22702121903075356
SG_013165,1,0.18439957937224927,0.5337735264321827,0.19359666393980976
SG_013167,0,0.1962088083810689,0.5871024896364644,0.2226407010522798
SG_013168,0,0.1399000481606868,0.48339433706371643,0.15442746921142458
SG_013169,0,0.15041093524748742,0.1899264108354209,0.07016266857153432
SG_013170,0,0.12491028139906733,0.40436255662687465,0.1225154130930167
SG_013171,0,0.2583758923223265,0.6683236513197909,0.29565605062253547
SG_013173,0,0.10270247706559153,0.4434079761550019,0.12390147799249315
SG_013174,0,0.11703720770073185,0.3022387045520774,0.0912233065566393
SG_013175,1,0.1440749617617767,0.5009088336489472,0.16257303134415307
SG_013176,0,0.18915180882733273,0.6192663346065648,0.23501429448109531
SG_013179,0,0.32202809954927786,0.6307411591176147,0.3001373235697201
SG_013180,0,0.12830847553626804,0.4334593923102143,0.13280858398464634
SG_013181,0,0.13340755273246105,0.4590177945609847,0.14324227025941522
SG_013182,0,0.13196169962697604,0.5413608355554725,0.17156835363675763
SG_013183,0,0.18080769322860543,0.5685718081511909,0.2069393321948129
SG_013184,1,0.32324979359492484,0.6194786533390018,0.2939622566258474
SG_013185,1,0.19324937295387803,0.4926918411170255,0.18068898999393937
SG_013186,0,0.10444084647976497,0.3067358748168563,0.08795367651485192
SG_013188,0,0.17163724548349457,0.4493503080041604,0.15593885063984644
SG_013189,1,0.2309174184420916,0.6187436663805743,0.2544850041373836
SG_013190,0,0.14412204172390544,0.39298995580160695,0.1267078829427653
SG_013191,0,0.16605938402908565,0.5558443476225938,0.19443957702102102
SG_013192,0,0.21941767150865918,0.6173810502546248,0.24850928472557424
SG_013193,0,0.09760264594025041,0.3962730986791024,0.108257735621799
SG_013194,0,0.17072533563245948,0.5665963452788225,0.2012833554448821
SG_013195,0,0.11760320184897866,0.42068194316632046,0.12421497538561672
SG_013197,0,0.27240225318331,0.6291922407284286,0.2785194502746831
SG_013198,1,0.23762456177176636,0.6128332296321222,0.2543384809349525
SG_013199,0,0.11005553422507182,0.33602809347525103,0.09755012607946631
SG_013200,0,0.18546374442641256,0.45540257123389377,0.16347453475918305
SG_013203,0,0.14340522544019665,0.4947455106001769,0.16004483777288572
SG_013204,0,0.14236923645992156,0.4211061208033211,0.13482045455218375
SG_013205,0,0.12930608062562113,0.44676726587857435,0.13744268536592041
SG_013206,0,0.24370214491954031,0.6908231849630064,0.30313151273056427
SG_013207,0,0.10365036780717019,0.4335396824644421,0.12150107993538067
SG_013208,0,0.16291692106867747,0.538841277838432,0.18592504442496477
SG_013209,1,0.1288038955088119,0.3982537384118611,0.12229900068833995
SG_013210,0,0.07885098712437716,0.29565415865030353,0.07552326234710845
SG_013211,0,0.16557976901258312,0.4518033195711277,0.1544036985149154
SG_013213,0,0.09930787581052646,0.2253117802283345,0.06651781278862946
SG_013214,0,0.09443597431607566,0.3350900488157554,0.09114717286308127
SG_013215,0,0.1033322022680117,0.3206195451260994,0.09103525729582973
SG_013216,0,0.14943199967076368,0.37909827179266015,0.1244021110380049
SG_013217,0,0.23633494569562355,0.6029655421544958,0.2485915629895125
SG_013218,0,0.1883646592652586,0.5942240707466617,0.2223277570746905
SG_013220,0,0.1412183366452692,0.5315303598566565,0.17256096400608728
SG_013221,0,0.1186540138667231,0.36820863165289974,0.10958409533833431
SG_013225,0,0.3118108253513972,0.5999725198937137,0.278271820345407
SG_013226,1,0.10540526166368719,0.3751596552131625,0.10605782598105053
SG_013227,0,0.20849991792522202,0.5778085024339485,0.22382829458242445
SG_013228,0,0.12237218022413908,0.32459536670917144,0.09900882170974881
SG_013229,0,0.18318713148081836,0.5217837550774694,0.18813097545380517
SG_013230,0,0.12165699333027824,0.37383145405114315,0.11235006632299044
SG_013231,1,0.11845312504800364,0.4483083443207643,0.13297465426709465
SG_013232,0,0.29679888099428137,0.6464018936695352,0.2991074569610626
SG_013234,0,0.12650650896503793,0.4915581414760686,0.1508795614281115
SG_013235,0,0.11646128054313647,0.5171727235383957,0.15453372999587076
SG_013236,0,0.12733943154078656,0.4079500638470353,0.12459620282433415
SG_013238,0,0.11275084970725412,0.2986093084752956,0.08882140622761336
SG_013239,1,0.16400636218291545,0.41860408552452805,0.14244787265006334
SG_013240,0,0.19010347808569952,0.5164033912645014,0.18889066370101398
SG_013241,0,0.14523238674325997,0.43592502233753994,0.14076741753073935
SG_013242,0,0.2512192671924924,0.5705031561520237,0.2384937946182759
SG_013243,1,0.17849883126168295,0.5845714681552971,0.21306473976581275
SG_013244,0,0.13538931477239433,0.3734521715296017,0.11752420430348924
SG_013246,1,0.2704628355453832,0.6160002369077645,0.2702641456434609
SG_013247,0,0.12722240866606518,0.503922171316127,0.15549801130759394
SG_013248,1,0.1142815446388591,0.47525015192036824,0.1394303153226847
SG_013251,1,0.14806521409520115,0.43186946502254225,0.14059950127607648
SG_013252,0,0.1277576603602383,0.347267284216874,0.10717869825236266
SG_013253,0,0.15826483853376827,0.47925175967900085,0.1611139463563821
SG_013254,0,0.14707189421052377,0.5038216991834916,0.16503080229511574
SG_013255,0,0.126468884827971,0.39234315903728423,0.119607965794031
SG_013256,0,0.14644633920556735,0.4258282638154302,0.137980134313688
SG_013257,0,0.13887237284641404,0.5135830618977884,0.16470316420731493
SG_013258,0,0.14166918223664582,0.47601295961387596,0.15267770217642926
SG_013259,0,0.18187740761088042,0.5016705292602468,0.17954709195458832
SG_013261,0,0.1936075381763885,0.605001657192224,0.23006368364913685
SG_013262,1,0.13478958798601545,0.47788582076797753,0.1501765925115295
SG_013263,0,0.11556561675659754,0.2864104199008432,0.08662919968591071
SG_013265,0,0.09983336311947912,0.4598768517823534,0.12728918610062248
SG_013268,0,0.1903649282627152,0.15268348694055806,0.06667046082794735
SG_013270,0,0.2130277835087612,0.5208660851172656,0.20020731567404573
SG_013271,0,0.2699517416285968,0.5845353001567032,0.2532107419314049
SG_013272,0,0.13037389787472844,0.4905068483874725,0.15240158881841098
SG_013274,1,0.11731842100075103,0.36714347598862945,0.10875957837063145
SG_013275,0,0.29603138504127974,0.7103469586164856,0.3412214205725575
SG_013277,0,0.19685144421006584,0.4553270516643792,0.16775611470712584
SG_013278,0,0.12263072212517205,0.4316802690203935,0.1297606119018183
SG_013279,0,0.09573657156821296,0.3578605710594726,0.09739938430520109
SG_013283,1,0.18487088703030044,0.6145251372766555,0.2305047154396224
SG_013284,1,0.11283748681156969,0.4451902951387241,0.1293697150676926
SG_013285,1,0.2991957772738662,0.7312023209553843,0.35834419969564124
SG_013286,0,0.17307626904719856,0.5154638306372618,0.18119557197234734
SG_013287,1,0.2991152313423821,0.6110096265017537,0.2793518458763631
SG_013289,0,0.18732410422206944,0.45181349284578803,0.16286961817170287
SG_013290,0,0.13640177048478394,0.38627356204417007,0.12171767902649755
SG_013291,0,0.08793994466724105,0.2979348757110539,0.079647797462309
SG_013293,0,0.22151758509801697,0.4603455089174979,0.17872712295955856
SG_013295,1,0.33296400195096193,0.6499727529892332,0.3164539210607212
SG_013296,0,0.2777692803851885,0.6569120122319007,0.2973105739082117
SG_013298,0,0.17713965466540518,0.4937111244816559,0.17448098945454638
SG_013299,0,0.14155809507042902,0.4812166154195363,0.15442859376949172
SG_013300,0,0.1410769983565668,0.3625479227951331,0.11639393578504288
SG_013301,0,0.1618391546314768,0.41126073050896667,0.13920172057001481
SG_013302,0,0.11335304033726164,0.3727231797784083,0.10870672823807755
SG_013303,0,0.0781339137185392,0.24213999140768144,0.06354549504359863
SG_013305,0,0.20799984210440867,0.5892578850552513,0.22908801938256293
SG_013306,0,0.12227820756733469,0.2899615823401821,0.0897351820763152
SG_013307,0,0.10407966451932919,0.31394850296771326,0.08963318942351606
SG_013308,0,0.21131845624062476,0.5890142746411031,0.23047023057908989
SG_013309,0,0.276083438673868,0.6538647798395436,0.29469939348761837
SG_013310,0,0.12701939132780837,0.44087136268314625,0.13455952610225022
SG_013312,1,0.17587475478118209,0.6422538110021168,0.2400712631471625
SG_013316,0,0.1129272738575849,0.3747402159377965,0.10908815129137679
SG_013318,0,0.1960185730144525,0.5276008750257971,0.19602360107863354
SG_013319,0,0.15124560288673933,0.4595087513226439,0.1511807639174089
SG_013320,0,0.1472926272503798,0.1903620825144066,0.06960756675391214
SG_013322,1,0.10189249293269487,0.4631986849157499,0.12935797702936075
SG_013324,1,0.10076127747114703,0.42845288709901386,0.11863647161288247
SG_013325,1,0.19122218677343658,0.5489534138571238,0.2030666061265825
SG_013326,0,0.27408324582469423,0.6001400635829611,0.26312710662639743
SG_013329,0,0.31988416452531393,0.6185238853237873,0.29205198133502897
SG_013330,0,0.15680657990714914,0.5473435811168111,0.1864566359990478
SG_013331,0,0.3116668092695633,0.6252772415110948,0.2926695730907205
SG_013333,0,0.24857500271137847,0.5052529463391976,0.2072414218293397
SG_013334,0,0.14658131393814836,0.44793532601017033,0.14529581838352798
SG_013335,0,0.10748778679738961,0.3485466703087186,0.09983998716687725
SG_013336,0,0.09419025500964258,0.1337775041447071,0.04365053832352343
SG_013341,0,0.10072964885552232,0.33177402411191415,0.09284712403389692
SG_013343,0,0.07869179601591723,0.2124163861131916,0.05734155127732715
SG_013346,0,0.14694933481528272,0.5274095903947814,0.1738043591112814
SG_013349,0,0.09603243715326004,0.3500258342122837,0.09554064012465804
SG_013350,1,0.2620117034887066,0.6366808789455047,0.2783093257066185
SG_013351,0,0.12502095478723232,0.438657177598388,0.13297736990577522
SG_013352,0,0.10869917465789851,0.3877773380357827,0.11090527447107167
SG_013353,1,0.26833619380818424,0.6439141918026199,0.28531448520852065
SG_013354,0,0.1335915823468172,0.4262686570787181,0.13282666914919844
SG_013355,0,0.09317877117297257,0.3647872766261472,0.09804192514245619
SG_013357,1,0.2435699038994508,0.6181785879044415,0.25983638920357677
SG_013363,1,0.14169316148888014,0.4518884834835483,0.14453233711180813
SG_013364,1,0.36548453214310156,0.6713786009371346,0.343883752046772
SG_013365,0,0.14901593144760358,0.5671409136748825,0.19072047125511943
SG_013367,0,0.17743031995183092,0.535423332248625,0.19118743190824491
SG_013368,0,0.17929335218776957,0.5476236839187377,0.19713898311142786
SG_013369,0,0.13771624746341202,0.429519594104943,0.1355825647731566
SG_013370,0,0.1575969432563718,0.46642281512451483,0.15626378257363646
SG_013373,0,0.13118139189383546,0.47901753807971525,0.14887503944054803
SG_013375,0,0.10207924394354702,0.36770887879139025,0.10266018479329972
SG_013376,0,0.16830334080733614,0.4661387759026681,0.1605943611133286
SG_013377,0,0.24987453730212475,0.5838842146514032,0.24461429636531218
SG_013378,1,0.3415059738876187,0.6981580171587329,0.35251918060586646
SG_013379,0,0.16383609568416382,0.6002378923474672,0.2129548903523713
SG_013381,0,0.13242655779138368,0.3726394834785146,0.11616984824502911
SG_013382,0,0.11493625230288784,0.5429234322624362,0.16286398829814186
SG_013385,0,0.11993214874627332,0.4607876405606595,0.1375850389870905
SG_013386,1,0.3023102554425778,0.5936588362599113,0.2710322707738079
SG_013387,0,0.10351153900356867,0.35771418682784195,0.10063655722774213
SG_013388,0,0.16320641549116108,0.46568084741285076,0.15833876467885408
SG_013389,0,0.13674094250294444,0.4006368367190915,0.12619316394879032
SG_013390,0,0.11392190716578787,0.25473785457105774,0.07805322946997137
SG_013394,0,0.166636100548224,0.36348619688084627,0.12553199902129442
SG_013395,0,0.10750904220879816,0.31665221815799693,0.09158355349300927
SG_013397,1,0.18514772739101282,0.510509912692122,0.18442094570534942
SG_013398,0,0.11135406652536543,0.46550549899240573,0.13488868855209943
SG_013399,0,0.07495749556131558,0.18229651141834402,0.04980581060443077
SG_013401,0,0.15020502663411317,0.45235832268395376,0.14830365927349468
SG_013402,0,0.2409038691784572,0.554896528441835,0.2267682428467914
SG_013403,0,0.23090526254852306,0.5861063791281435,0.23767666170329205
SG_013405,0,0.17921412693940308,0.5490826934614188,0.19772320146888409
SG_013406,0,0.1357450215015678,0.5198973484660395,0.16547871110913215
SG_013407,0,0.13303714546742718,0.3146514463084515,0.0999190122770373
SG_013408,0,0.19779040145998383,0.5598702051291163,0.21079846237241595
SG_013409,0,0.17054322371425878,0.34608461137197866,0.12134226931039557
SG_013410,0,0.10127270465722055,0.40852017690566766,0.11330047072102074
SG_013411,0,0.17517782061453527,0.47895908276346066,0.16809820670941106
SG_013415,0,0.23952300708299193,0.5900502996886948,0.24335790276336933
SG_013416,0,0.17152849948596258,0.49133598682931223,0.17121852545761176
SG_013417,0,0.24931803604753924,0.6053990215863865,0.25550273302539034
SG_013419,0,0.3200879720602629,0.6245811294405786,0.29568539856336606
SG_013422,0,0.1301133007219808,0.37958517914884415,0.11731269881351566
SG_013423,0,0.09339487023815397,0.33517541079938096,0.09074001390381264
SG_013425,0,0.15451937138305083,0.48988449273923385,0.16332554537836544
SG_013426,0,0.29636152870237525,0.6549896753763018,0.3042101277796772
SG_013428,0,0.138769101080693,0.5231086759132625,0.16817013566122802
SG_013429,0,0.1697396588793233,0.592587026948237,0.21242944336732272
SG_013431,0,0.1444687136772148,0.47917958549733153,0.1550342465087399
SG_013432,0,0.11641704794080025,0.46379806862953626,0.13684715846173326
SG_013433,1,0.10710756358390283,0.4212928229688693,0.11962110548216634
SG_013434,0,0.10925958067582882,0.3444192737767131,0.09944964042005684
SG_013436,1,0.12414133088568573,0.3278016557881644,0.1005018233181142
SG_013437,0,0.1354780870189257,0.5476591108721276,0.17583502481528504
SG_013439,0,0.22186671114277634,0.5634099678165568,0.22286733250411425
SG_013441,0,0.1722269520467301,0.45082711958985233,0.15669304647876486
SG_013442,0,0.18241418420658065,0.5186205259780653,0.1865153486516961
SG_013445,0,0.23585298679777345,0.6033454309564477,0.248577257153863
SG_013448,0,0.22163023291275122,0.4577157658517092,0.17773683515056998
SG_013449,0,0.1633177236527448,0.5372959875145906,0.1854882129303792
SG_013450,0,0.15599384025011673,0.4488089855107886,0.14949168532082335
SG_013451,0,0.20353294071775527,0.6059729963232497,0.23526065377532032
SG_013453,0,0.16997198397273103,0.4181849005327242,0.1445387450802508
SG_013455,0,0.17475769119032614,0.5075096297650642,0.17880431526973276
SG_013457,0,0.15224960858967704,0.38251623447055877,0.1264805649090384
SG_013458,0,0.1788948154976072,0.48835949262178246,0.17316659679360885
SG_013459,0,0.13029317900818674,0.5815483152922661,0.18660495867097138
SG_013460,0,0.15130132054318302,0.5123828524224734,0.17017445547975457
SG_013461,0,0.1491468066165859,0.47452541086135064,0.15548200674861667
SG_013465,1,0.24172330229644912,0.5540873795325078,0.22671880952741197
SG_013466,0,0.09321842530825648,0.41529654266108723,0.11127997038155754
SG_013467,0,0.10814105924571256,0.3739981167995471,0.10689977686396444
SG_013469,0,0.13409142308150576,0.33712039260296744,0.10656888289695476
SG_013470,0,0.14555921951900938,0.4864073897106675,0.15806584217756794
SG_013471,0,0.13467190407057508,0.4539568442370358,0.14214805985210188
SG_013473,0,0.20936081673775253,0.5834396251599331,0.2268961839039883
SG_013475,0,0.10596183748256045,0.39918842665866006,0.11286087813895121
SG_013476,0,0.23226724038050506,0.46731254423165036,0.18536250708520816
SG_013478,0,0.30874881368973406,0.6253229585324103,0.2915026561402349
SG_013479,0,0.15453991653154375,0.5395141538262088,0.18220601928006033
SG_013481,0,0.33733096332439033,0.6823605920853257,0.33962215612839836
SG_013482,0,0.16529536907684528,0.5221805397253932,0.18037242480986848
SG_013483,0,0.18055892129174356,0.5194125064992952,0.18603348557645474
SG_013484,0,0.31599515200666634,0.5297095541740788,0.24321444968832245
SG_013488,0,0.10366311526450835,0.3174543171335163,0.09036126299062994
SG_013489,1,0.18229680758173736,0.583039362564265,0.2141876821101831
SG_013490,0,0.11233746629932688,0.39332757726603146,0.11401590078310961
SG_013492,0,0.18640013195999652,0.6191454810819479,0.23358288931260465
SG_013493,0,0.14046308274401506,0.4475389386955979,0.1425679847505669
SG_013494,0,0.23875607338003058,0.5945681328152518,0.24532409438689143
SG_013496,0,0.23408756870841127,0.6304435824830342,0.2622803305706106
SG_013497,1,0.28838419134299326,0.608246069915062,0.2734286473926417
SG_013498,0,0.25951198208017723,0.6184938637438361,0.26696541035305343
SG_013500,1,0.21900089527907016,0.5712733147346436,0.22534148096552306
SG_013501,0,0.17259838055848278,0.5862184567417388,0.2109346332105385
SG_013502,0,0.11494251526703651,0.35476810798618863,0.10443119723251927
SG_013503,1,0.26002470337684735,0.5619998001735292,0.23787396448744552
SG_013505,1,0.21728353371148992,0.5969009394225956,0.23704602687844714
SG_013506,1,0.11714850372339887,0.4179158174825011,0.12319515357931603
SG_013507,0,0.08497440691308378,0.2491200437257272,0.06744430907347308
SG_013510,0,0.11021617761658607,0.4031474173304423,0.11586237634607144
SG_013511,0,0.2960191370682615,0.6405752394430299,0.2952514899181971
SG_013512,0,0.1997546553123292,0.5357074026740216,0.20105177966853258
SG_013513,0,0.19138931965460296,0.5381689783105899,0.1985044751352015
SG_013514,0,0.08693198897871056,0.16258231807081452,0.04869922427469515
SG_013516,0,0.26429742647764215,0.6426020853612205,0.2827621989018133
SG_013517,0,0.1904192279246056,0.4771989966668733,0.17355494444723957
SG_013518,1,0.09473103716012155,0.3414041387339476,0.09283485323372977
SG_013519,0,0.2842928117143634,0.5841959521202941,0.2588072437263395
SG_013520,0,0.25576259049413,0.5186625966804299,0.21588171840142484
SG_013521,0,0.09469615661693355,0.3829177863421365,0.10338690692494455
SG_013522,1,0.29296749249853943,0.6312032789410852,0.2884071772004545
SG_013524,0,0.20177775714963708,0.43267792692901785,0.16117274240843535
SG_013525,0,0.13949741707754984,0.3801224519613117,0.12104852002375283
SG_013526,0,0.20478255940029766,0.5720526558153091,0.21947193398285758
SG_013527,0,0.15344517498960838,0.5196624406174916,0.17393482967229318
SG_013529,0,0.12326741495510744,0.4203599768495993,0.1266018505187716
SG_013530,0,0.08980377231114027,0.36853593619949876,0.09747184557466154
SG_013531,0,0.10284431050515862,0.30237149704912325,0.08628600508796008
SG_013532,0,0.18532484618899128,0.5943200179025149,0.2209122131484867
SG_013533,0,0.11802072366196048,0.407069060642925,0.12039429099988117
SG_013534,0,0.1537845537919248,0.4580202775440272,0.15173753839438842
SG_013535,0,0.09982301470751874,0.33809978852442235,0.09408572095931352
SG_013536,0,0.1534978704848079,0.4612662304173125,0.152737992432171
SG_013537,0,0.14264526143697967,0.5517439316704518,0.1811598230223328
SG_013539,1,0.15596551553592974,0.505957313660331,0.16990631127992972
SG_013540,0,0.2953671867573296,0.6121356736772271,0.27845768639874835
SG_013541,0,0.14535355104370712,0.623295897177531,0.21372729581917754
SG_013547,0,0.16472454279069082,0.3826929198574723,0.13097920639852273
SG_013550,0,0.2523095308568551,0.7052552503328394,0.3170458947149757
SG_013551,0,0.11682985758310209,0.3233557977599821,0.09670934012455853
SG_013555,1,0.32324505998654357,0.7703070385788152,0.40228751993658174
SG_013556,0,0.34428959097301437,0.6630329009070994,0.329551344796417
SG_013559,0,0.23544293733398938,0.5049752499465554,0.20218639836562535
SG_013560,0,0.15065497074724835,0.3887951903159173,0.12785237397867671
SG_013562,1,0.2746521733945003,0.6169744566785077,0.27257458099457793
SG_013564,0,0.08778630007795052,0.25900194823389966,0.07064091795756594
SG_013566,0,0.1963494451495598,0.5791968952568028,0.2189870457767508
SG_013569,0,0.08589496680694104,0.24715010634504578,0.06731678218906416
SG_013570,0,0.19859504791200136,0.5306557506131522,0.19840398888099875
SG_013572,0,0.14472543397550797,0.49528154041913974,0.16084734381879665
SG_013573,0,0.22167833367584125,0.4763711788432549,0.18515182655610657
SG_013576,1,0.211871133018012,0.5881180424192195,0.23028281596570732
SG_013577,0,0.17607366671232727,0.5874069830543068,0.21318683597996024
SG_013581,0,0.13725870789307196,0.44798040460117716,0.14133068255018033
SG_013582,0,0.13054073801509233,0.4541198901341799,0.14035658452157826
SG_013583,0,0.24890379947093275,0.612525554781524,0.25912437337070765
SG_013584,0,0.14900236094586425,0.4658296390759535,0.15239787237080055
SG_013585,1,0.24275693825666797,0.5593580840240906,0.22963829355922458
SG_013587,0,0.1735499518355533,0.4642560837793723,0.16203465114092558
SG_013589,0,0.07585768497391691,0.2816135018938212,0.0712267720585063
SG_013590,0,0.22776193716019477,0.5991023091615907,0.24283238411268632
SG_013592,1,0.14714136748587728,0.466684839818978,0.1518868130645591
SG_013593,0,0.22740397918419294,0.5713712928724589,0.22899056952910485
SG_013594,0,0.1469399899447871,0.49921618827855535,0.16328986415063135
SG_013595,0,0.08591271064455087,0.1911468807934643,0.05483636109341978
SG_013596,1,0.07875183932087389,0.1859334369319811,0.05167127045071049
SG_013597,0,0.13892663964202867,0.4671382652483804,0.14842010080238163
SG_013599,0,0.1983866806022734,0.5587758013101756,0.21057203548571019
SG_013600,0,0.09187008449466061,0.32569473723520787,0.0878005205736013
SG_013603,0,0.15059537492501862,0.44626027338831015,0.1464083244613759
SG_013605,0,0.09523195440067116,0.3217694786414745,0.08819136128984442
SG_013606,0,0.17872779306095884,0.5302347381983294,0.18963055749484928
SG_013607,0,0.13813139930965793,0.3120750224248306,0.1008623740077344
SG_013609,0,0.12238004701412358,0.20200657394422572,0.06696434645603468
SG_013611,0,0.1259931293027538,0.40641834407364386,0.1235778612216994
SG_013614,0,0.08389683068183358,0.276799238279415,0.07326726550444594
SG_013615,1,0.11038212682539432,0.3654779884121925,0.1055186059178407
SG_013617,0,0.18228609020318023,0.47964652055459106,0.17124458111945418
SG_013618,0,0.15202282579065057,0.3539097250041175,0.11764350251183381
SG_013620,0,0.14085082924289102,0.6017118412842676,0.20123450262028614
SG_013621,0,0.09671376976572188,0.3291760259856456,0.0906050232636823
SG_013622,0,0.1192757785344744,0.3982862806192507,0.11837727933174184
SG_013623,1,0.1720146352471161,0.44965561628991774,0.15619472143124008
SG_013625,0,0.09103011196856313,0.322825432611246,0.08676629546560923
SG_013627,0,0.12072198589972118,0.44459494625905416,0.13287524573193507
SG_013630,0,0.17676467049286426,0.43233540925479297,0.15192949989748086
SG_013631,0,0.16457587197889958,0.5045417026044116,0.1732216748672255
SG_013632,0,0.11551805343965321,0.458699161430761,0.13481083068843908
SG_013634,0,0.1294613251143013,0.4753230988737768,0.14682566711172854
SG_013636,0,0.16574955771555466,0.4803545510148401,0.16469752294410492
SG_013640,0,0.18207137174987506,0.510666335542758,0.18317990917538926
SG_013642,0,0.09319580968957837,0.22881961835743372,0.06550225854086802
SG_013643,0,0.10747079186071151,0.3165374009281035,0.09154017977464185
SG_013644,0,0.13461757767999413,0.4665213062822092,0.14627184152242081
SG_013645,0,0.27800621726693703,0.6140018419025289,0.27232749136619977
SG_013647,0,0.2650259745951038,0.6109108399137674,0.26516642307398686
SG_013648,0,0.10349764036637023,0.42703562640333015,0.11955822853079834
SG_013649,0,0.18324649916499716,0.5331316548467989,0.19282231691437007
SG_013650,0,0.12731088217551587,0.45116288192789283,0.13794795998188947
SG_013651,0,0.3397765665673258,0.6229446254397578,0.30262004414554194
SG_013652,0,0.1680018398999251,0.37383877328600723,0.1292794865143316
SG_013654,0,0.18970912243829163,0.5553687103901926,0.2051926969655483
SG_013655,0,0.10261784998794508,0.1995261350515754,0.06130993552782379
SG_013656,0,0.20139718087217293,0.5538731158004502,0.20970376371384902
SG_013657,0,0.08691030886678604,0.22409604754402573,0.06248360499239632
SG_013658,0,0.1933373745944654,0.5191997953728212,0.19139725499574886
SG_013659,0,0.18023366808937083,0.5467710106860241,0.1972043305001491
SG_013660,1,0.1477057102808794,0.5209627812383728,0.17171376039343225
SG_013661,0,0.28935975565158234,0.6249225192504868,0.28324919069602894
SG_013662,0,0.09449944722340424,0.31093513965220204,0.08526841496538982
SG_013663,0,0.1840060486139206,0.4146279653778716,0.14842412376617284
SG_013664,0,0.34623191532874614,0.6620368793897092,0.32970094832281566
SG_013665,0,0.2063174128042069,0.5653753708828485,0.2170639437193673
SG_013666,0,0.12289899044795631,0.4215570158052592,0.12680306546878775
SG_013669,0,0.19951086196665924,0.5324143749616881,0.19953963974376662
SG_013671,0,0.09698987935684962,0.3272313957161232,0.09023287845353194
SG_013672,1,0.2649902644498035,0.5939065531990774,0.2560596776548023
SG_013673,0,0.13048699358910856,0.48288269804422185,0.14985391204741633
SG_013674,1,0.19296981286291745,0.5423922662836753,0.20099970263060812
SG_013676,0,0.3701255149231406,0.6793498158171491,0.3512789591551514
SG_013679,0,0.12729377170532621,0.3763752032553827,0.11528624835593759
SG_013680,0,0.11541819370493844,0.41329175129253015,0.12107432764033337
SG_013687,0,0.1771958085741303,0.4570572372177186,0.16087267536010294
SG_013688,0,0.3418937475808876,0.786598231124858,0.42615159600839225
SG_013689,0,0.10721643751280437,0.3959299690847396,0.11251454033393582
SG_013691,0,0.280630262804484,0.5949720959597743,0.2630394030212844
SG_013692,0,0.10487176025038648,0.42599058991487143,0.11991594020188583
SG_013693,0,0.1048650552203506,0.3434283894836074,0.09746307903476768
SG_013694,0,0.18752385611106684,0.5455720167915639,0.19996611556989147
SG_013696,0,0.15243107519599514,0.4239707996162025,0.13975999941673098
SG_013697,0,0.20696630713115038,0.5602666886627315,0.21501084644313812
SG_013698,1,0.09560245126076096,0.25596609454903707,0.07258205857683597
SG_013699,0,0.11562204311694085,0.44958511722983513,0.13203567531878757
SG_013700,0,0.1604322036660545,0.43536818396830584,0.14670253514706244
SG_013701,0,0.13240241474487216,0.4297866193014663,0.13342486228599063
SG_013702,1,0.26120059438452975,0.5972749661919544,0.25625374688284325
SG_013703,0,0.15989940696886842,0.5096641061606992,0.17308601417817168
SG_013704,0,0.15338494804634595,0.4681888646557149,0.15509849758076089
SG_013707,1,0.3213567148382309,0.7139945915143071,0.35531246022330853
SG_013709,1,0.22310641313522062,0.5893057656812326,0.23586194276678657
SG_013710,0,0.1837595981312056,0.5089085564608891,0.18319601889093606
SG_013712,0,0.23311142542915242,0.522847762976212,0.20905420271686762
SG_013714,0,0.14033393942956937,0.3728468216197372,0.11918264327169735
SG_013717,0,0.14033488243945855,0.32990580200768976,0.10664125341786321
SG_013718,0,0.245792507621273,0.6450341831625884,0.2758783449177413
SG_013719,0,0.1907434256338075,0.5061813943181874,0.18502530626876457
SG_013720,0,0.12226172433333675,0.4653062443062614,0.14013726856141714
SG_013721,0,0.2998538435595558,0.6276791917734734,0.2892161591057522
SG_013722,0,0.34799353415337414,0.6296779952424366,0.30995819443862976
SG_013723,0,0.21996490755915188,0.548995539208272,0.21542615184472694
SG_013724,0,0.17599264763444786,0.4992180526277506,0.17611456485888344
SG_013725,1,0.22041207488795178,0.6112558425404743,0.24576923715138843
SG_013729,0,0.1133355477529876,0.4028287886498066,0.11714094692515357
SG_013730,0,0.09643572380064082,0.40299758124170315,0.10951786783055163
SG_013732,0,0.18071766791341495,0.510134946124041,0.1823923106471968
SG_013734,1,0.2057328495326879,0.5131629162334379,0.19401063209309258
SG_013735,0,0.13506312466364093,0.42208765246826757,0.13213498521948888
SG_013736,0,0.1278498725199004,0.43076674421058103,0.13177196196571245
SG_013738,0,0.15352831152808857,0.44593575784576395,0.14750613813348107
SG_013739,1,0.14046179132568315,0.4204814067422165,0.13384895477149591
SG_013742,1,0.23400014577419137,0.5983759695565749,0.24520540883812314
SG_013743,0,0.10546946242987087,0.4547054057465309,0.1286350161916537
SG_013748,0,0.1365844094475049,0.3866980369962587,0.12191512587025494
SG_013750,0,0.13826411911687841,0.4845663287270467,0.15407973636487934
SG_013751,1,0.20931312839941554,0.5431076923538533,0.20832303407334504
SG_013752,0,0.13566652068319798,0.4528924048629745,0.14223926371053286
SG_013753,0,0.17208591461604658,0.4789538695197277,0.1668243834497801
SG_013754,0,0.15303631620588418,0.5359094616892415,0.1800511752199213
SG_013756,1,0.32196613383672656,0.6119647691792711,0.2890898000843678
SG_013757,0,0.16191609714052085,0.46926811591009426,0.15908164453453677
SG_013758,0,0.21599432018527018,0.43735038776038754,0.16791701484610413
SG_013760,0,0.11297548077183439,0.34116560072677105,0.10001803448158171
SG_013761,0,0.23034105119610523,0.5049998165008613,0.20025364932003106
SG_013762,1,0.20088711098223733,0.5853035257854351,0.22394462036311166
SG_013763,0,0.09475623661854914,0.3365818525380393,0.09164773935496477
SG_013764,0,0.26747220890413975,0.6250332789795217,0.27403857518684943
SG_013767,0,0.20600264924979797,0.5626751860356689,0.21568855800700276
SG_013768,0,0.11937975369958685,0.38936278760513343,0.11585206893147809
SG_013770,0,0.09862280609063807,0.3146310912978722,0.0877528287285887
SG_013771,0,0.14456730455143021,0.5109726899196063,0.16648283229831398
SG_013772,0,0.21399731340198955,0.4795659197057808,0.18356131194346081
SG_013774,0,0.06433999913625027,0.1541689263844828,0.04101748579402449
SG_013775,0,0.22253281884026035,0.5762675251292715,0.2292515669735014
SG_013776,0,0.2550391658964373,0.6198835295457976,0.26579422816584614
SG_013777,0,0.09614909141001093,0.36799871761233927,0.10017281484890121
SG_013778,0,0.15798306866060383,0.5200691853522432,0.17620170875586397
SG_013779,0,0.25706539140544143,0.5412646646574473,0.2267721803704243
SG_013780,0,0.11508409837532192,0.380312152948244,0.11152159833022816
SG_013781,0,0.18720260530963903,0.5991851780885625,0.22414411956691047
SG_013782,0,0.1314452586855266,0.4616221777722968,0.1432098892872315
SG_013783,0,0.17698017565080418,0.5815103825202749,0.21093195073982862
SG_013784,0,0.10591462044002849,0.3864708446451774,0.10934066479771988
SG_013786,0,0.2122630646112275,0.5194110888211385,0.19927898844528982
SG_013787,0,0.10344288002124195,0.38179822068723684,0.10699738011939643
SG_013788,0,0.09857842160156445,0.40700804868510543,0.11161926663940538
SG_013789,0,0.14430847666646573,0.40946034551594307,0.13190936607211265
SG_013790,0,0.1587701054110099,0.44729855928995105,0.15010353563975526
SG_013791,0,0.1601102188419076,0.4758661281677321,0.16068445906266313
SG_013792,1,0.24206241378006102,0.6360962094833391,0.26906704751780736
SG_013794,0,0.12889066904468835,0.4648516533406868,0.1430969736544393
SG_013795,0,0.1695540834961987,0.49393643721662284,0.17136119738610686
SG_013796,0,0.1715612590391803,0.5317876638583283,0.18705334639066534
SG_013797,0,0.27261447074784523,0.544340187201168,0.23423058872391275
SG_013798,0,0.2688778361337637,0.6483233001548461,0.2881741363469058
SG_013799,0,0.1210418161316905,0.31069055141025587,0.094816543278974
SG_013801,0,0.16312022388955158,0.49710850357209047,0.1697750681612713
SG_013802,0,0.2224652601407732,0.5846670414595966,0.2332973510566962
SG_013803,0,0.26526651899195536,0.4483720374888351,0.1890330932577325
SG_013804,0,0.3277499403363789,0.6256789743142337,0.29943210749900717
SG_013805,0,0.2295916129860582,0.5625232424954398,0.22570633592506784
SG_013806,1,0.08745132580563335,0.2538993030304343,0.06936766406161746
SG_013807,0,0.10049408665548097,0.4118032893017842,0.1138425379727233
SG_013809,0,0.17505085327693318,0.5073358340866692,0.17886274988522574
SG_013810,0,0.18613486405654275,0.50150253753998,0.18125600792694901
SG_013811,1,0.11251890087447909,0.4667390086362083,0.1358548874360975
SG_013812,0,0.16922022511836746,0.46902680578058514,0.16201166471139178
SG_013813,0,0.18477200668571966,0.5660724229836431,0.20767371131942325
SG_013814,0,0.1209123628828217,0.4197481279038703,0.1253936821820661
SG_013816,0,0.2070115317311825,0.4273006684890341,0.1610437903992022
SG_013817,0,0.15834684492806686,0.4680520481182505,0.15715398628793995
SG_013818,0,0.11301405125304977,0.41185349918271935,0.11959194981015514
SG_013819,0,0.20557891292020947,0.545369542456177,0.20773724405363064
SG_013820,1,0.15990581423187278,0.46306911861895206,0.15604763728975649
SG_013821,0,0.07501268986761178,0.11209621742266086,0.034686800704028665
SG_013822,0,0.23477810273210334,0.5785360495312374,0.2355982284107949
SG_013823,1,0.08559648938709552,0.533576354690151,0.14177239118134125
SG_013824,0,0.22945605270016842,0.5981017406929142,0.2430714221579012
SG_013825,0,0.19451136062634944,0.4374983043948966,0.16031881148389077
SG_013826,0,0.13047585138782425,0.3952951354967538,0.12209073814215092
SG_013828,0,0.15992390925839928,0.6514144311938447,0.23613210682589938
SG_013829,1,0.10382495910827465,0.3381609193268918,0.09569248373587669
SG_013830,1,0.12160179324468068,0.4154405574838389,0.12440658006759855
SG_013831,0,0.3063880961181029,0.61661740676965,0.285493876280186
SG_013832,0,0.13645140693842048,0.3935985382136945,0.1239416386776329
SG_013833,1,0.2134390723652914,0.5792428929326102,0.22670284063596005
SG_013834,0,0.33719664104044317,0.7824926725864838,0.420047372598476
SG_013835,1,0.24855397288396222,0.6112014737504735,0.2582618383662152
SG_013836,0,0.12556939046976406,0.4362219115518276,0.1324642297963778
SG_013837,0,0.09056599270614639,0.3483563355509573,0.09279030814295205
SG_013838,0,0.17326586084823647,0.5737195848388736,0.2056376003314888
SG_013839,0,0.14109977677495364,0.4857669408326783,0.1558060206959971
SG_013843,0,0.21289579187794172,0.6276921350461836,0.2509196968886779
SG_013846,0,0.15242458677286533,0.42429786283250126,0.13986446596307156
SG_013847,0,0.1261000087989402,0.43236181293916087,0.13150198045816916
SG_013848,0,0.09693389036776147,0.23513203738671973,0.06811702074732238
SG_013852,0,0.18235545705818404,0.5421526084821205,0.1962052468860771
SG_013856,0,0.11681100420015189,0.5152423941298405,0.15405097080442054
SG_013858,0,0.30736218016298306,0.7251562175244746,0.35743926156721456
SG_013859,0,0.15336397004760602,0.5188047872899639,0.17356904275960836
SG_013861,0,0.15044206025857312,0.49050338164666607,0.1617314190442465
SG_013863,0,0.12321405032801276,0.395548399286016,0.11921985686653976
SG_013864,1,0.20057180853969828,0.6187096066208403,0.2403143328442914
SG_013865,0,0.15304862287084167,0.48511130449770945,0.1609508076878796
SG_013866,0,0.19604932109468243,0.49487780767865475,0.18267725296274928
SG_013869,0,0.1364491794076614,0.4761023499149443,0.1503352350625204
SG_013871,0,0.11826242021528773,0.1949821604507637,0.06415796695581008
SG_013872,0,0.17881636731488895,0.562265167215404,0.2032268600742005
SG_013873,1,0.18662052683612065,0.5027040729625796,0.1819322017756296
SG_013874,0,0.08852404131106018,0.20763023462365376,0.05927492991746383
SG_013875,0,0.14559014266121098,0.2540344598527222,0.08688206016810242
SG_013876,0,0.17357548673223108,0.49812456893720336,0.1746680525237613
SG_013877,0,0.08578265275717521,0.30895987913225625,0.08136150242094937
SG_013878,0,0.11145036647285782,0.5435322047798702,0.16108959187351962
SG_013879,0,0.13623634376343113,0.46243360420717544,0.14564007137545665
SG_013880,0,0.12774552244405643,0.40682589759076226,0.12442729550360072
SG_013881,0,0.23000984650764342,0.573720282566144,0.23122850748975057
SG_013882,0,0.09987461593307871,0.3873154003285129,0.10689701851076774
SG_013886,0,0.137037400487512,0.36667861561428705,0.11614360670204521
SG_013887,0,0.15954354316995134,0.4712026713491745,0.1587761806714159
SG_013888,1,0.10890398021071647,0.3554095800830217,0.10222034599523756
SG_013889,0,0.14221713148767864,0.5060471916314058,0.16356211689522893
SG_013890,0,0.1580161600647131,0.48942276006255175,0.1646966894652258
SG_013891,1,0.22539026004316995,0.583721595587244,0.23411022422945058
SG_013893,0,0.11110557789231706,0.4789557732289824,0.13900179825164788
SG_013894,1,0.12851058424008846,0.377945962204788,0.11621375398600398
SG_013895,0,0.1798526406136567,0.5055943510725024,0.1802323953125918
SG_013897,0,0.23934672843385876,0.5728679436505728,0.23474803930585303
SG_013899,0,0.2744427258651234,0.6501830337051762,0.291742942131233
SG_013900,1,0.15729351866198743,0.46115680663628045,0.15429098886095305
SG_013902,1,0.24199675265421336,0.6649980244161594,0.28597999881357344
SG_013903,0,0.09788068653238076,0.22081429340375072,0.06504024904595543
SG_013904,0,0.3033224213131163,0.6035550562749091,0.27688024478785955
SG_013908,0,0.1316850855199617,0.44270982644530293,0.13720070041522625
SG_013909,0,0.15758608381229774,0.49707212840544396,0.16732276600924345
SG_013911,0,0.11715213895490778,0.2936793076570097,0.08903192644066577
SG_013913,1,0.14301204385331767,0.5586894323667851,0.18413947740048406
SG_013915,0,0.0913746510540807,0.35887183072712686,0.09575421660983788
SG_013916,1,0.1194556360002502,0.42574727220886754,0.126550310598959
SG_013917,1,0.2103279553002492,0.577129553175452,0.22431950737463902
SG_013918,0,0.1519212289209673,0.36841238038899216,0.12201404789454993
SG_013920,0,0.09908373887148053,0.3911736379411918,0.10757174499040383
SG_013921,1,0.28709414612337203,0.5974840186580359,0.2670122085815128
SG_013923,1,0.24047657851272944,0.48558352623983825,0.1958413281370831
SG_013924,0,0.1452097737605387,0.4730584953590971,0.1532381965666868
SG_013925,0,0.17382571225168053,0.515754684580882,0.18163915221861984
SG_013926,1,0.10803556538073968,0.4339587338300355,0.12373362130914728
SG_013927,0,0.10910748601033177,0.325926830625678,0.09456073770654211
SG_013928,0,0.2478659676453944,0.5885616975216735,0.2461449374666902
SG_013929,0,0.1383537618257571,0.38572530572891617,0.1223000086693345
SG_013930,1,0.19133851497886734,0.5303496803036156,0.19518089009540412
SG_013931,0,0.08967274110116374,0.3410986922279243,0.09062763176238545
SG_013932,0,0.09998367039617319,0.29374614455679643,0.08313159518883352
SG_013933,0,0.08562535169564221,0.2884373957124289,0.07656457218861884
SG_013934,0,0.14313048342549564,0.5387510274995148,0.1762944590498095
SG_013935,1,0.1747270680599506,0.5607023381287921,0.20062990754969434
SG_013936,0,0.1328455997296568,0.43616243478164146,0.13562411781536576
SG_013937,0,0.12832118267277154,0.37170294786674274,0.11433502058958667
SG_013938,0,0.21692456915398486,0.6009888296317931,0.2389348733842236
SG_013939,0,0.1540044231819059,0.445135010556294,0.1474300616409245
SG_013940,0,0.1805982227795778,0.483063655041393,0.17185357270080553
SG_013941,0,0.2324984324279464,0.5853607766590797,0.23799330035582894
SG_013942,0,0.14574750204168577,0.5779923152540681,0.19358533220779997
SG_013945,1,0.2880295042266046,0.6074126306224088,0.27282204481675976
SG_013947,0,0.10771294912943234,0.3654667327924034,0.10442280969915477
SG_013950,0,0.2844431022440314,0.6338964858181313,0.28638497731582074
SG_013951,0,0.2863557517599703,0.6137963906657605,0.2756845189889019
SG_013952,0,0.2046301658030575,0.564360589026649,0.21585651261407962
SG_013954,0,0.21510835063651543,0.4814398324165817,0.18473014669261537
SG_013955,1,0.11521933425662163,0.280936581899539,0.08511124232648197
SG_013956,0,0.10030525138741901,0.409948412596448,0.11324089094600362
SG_013957,0,0.15647820900962345,0.42021992265408775,0.14010914507659886
SG_013958,0,0.2173756221413445,0.5863519534426158,0.2318790018883767
SG_013959,0,0.10043629982753377,0.3885079846063804,0.10746892550162211
SG_013960,0,0.2352261979750734,0.5803010049457477,0.2366567024488401
SG_013961,0,0.40240591761646266,0.6621256345221211,0.35260947220404615
SG_013963,0,0.161474405614028,0.44936094789965075,0.15190536516683226
SG_013964,0,0.09183879890686765,0.25393665245502084,0.07086034437921714
SG_013966,0,0.37338637660875923,0.6457043599411196,0.330134314899505
SG_013967,0,0.12934255460355557,0.4928487721952201,0.1527070889584932
SG_013968,1,0.2257385242700557,0.45896196241330767,0.1796965686702199
SG_013970,0,0.19115496759363745,0.4494178237130004,0.1634348228204038
SG_013971,0,0.10331784846703529,0.38927533630255173,0.10896271639137632
SG_013972,1,0.28922229394819027,0.5661427714254361,0.2514151771020994
SG_013973,1,0.10045370937621582,0.3214182390528119,0.09013877785283013
SG_013975,1,0.13445701433732063,0.49418147666191753,0.15563520110432366
SG_013976,1,0.17986066090001243,0.6024733032828197,0.2221275005364477
SG_013977,0,0.21149213592787294,0.6389611663021159,0.25635181541073093
SG_013981,0,0.12352839740531546,0.46018022450150614,0.13908891129650078
SG_013982,1,0.0949964236064741,0.3730509455152474,0.10096428890864066
SG_013983,1,0.28918815564615125,0.582820464869466,0.26003144905438047
SG_013984,0,0.15184476786647935,0.5480008721711015,0.1842921941201465
SG_013985,0,0.2433049868312632,0.5781853164090357,0.23901731929162284
SG_013987,0,0.22136848135433462,0.5349824175755408,0.20972486628310355
SG_013988,0,0.12270542780301191,0.44439944111820323,0.13372195249411054
SG_013989,0,0.21870452052305103,0.7266359588323174,0.31505046435196077
SG_013990,1,0.22578633318446925,0.5744218409029409,0.22976434630527123
SG_013991,0,0.09927279487731018,0.3853986536528682,0.1061153177031431
SG_013992,0,0.10007428462235173,0.3503520011628324,0.09730953956109428
SG_013993,0,0.0855122853676719,0.3305873965893632,0.08632489525841727
SG_013994,1,0.3510801312937068,0.6538196704994217,0.32634463037292527
SG_013995,0,0.18773215775981836,0.5802730590168603,0.21548762323672688
SG_013996,0,0.15753902839735748,0.4256576632708018,0.14231622291666662
SG_013998,0,0.0846702222254328,0.3574037389778348,0.09237843235417162
SG_013999,1,0.10975619435508949,0.4018830480621764,0.11530187525329237
SG_014001,0,0.07674011164691708,0.1487633801377258,0.04312512216175347
SG_014002,0,0.1481429175948854,0.5425784736643728,0.18029359344753035
SG_014003,0,0.10545990296833273,0.4263682037135756,0.12030401063767296
SG_014005,0,0.22054895171760913,0.5063204155820356,0.19703307634702852
SG_014006,0,0.12137186845906277,0.41712795259712176,0.12481049097464722
SG_014007,1,0.07575537068230247,0.24090893406048688,0.06244499014405605
SG_014008,0,0.10554511592236271,0.30379409455147777,0.08761388124009704
SG_014011,0,0.13016565432256352,0.521962447839463,0.16341859012353904
SG_014013,0,0.2844742394494964,0.6743907482799161,0.3113337438888622
SG_014019,0,0.12800784360234266,0.4825915131097595,0.1485716153459691
SG_014024,0,0.1297594624016006,0.4559747155319995,0.14060401492315747
SG_014025,0,0.2893349735903335,0.673521787693153,0.3129290593091333
SG_014027,0,0.13665214361522957,0.4299360986418749,0.13526918889907397
SG_014028,0,0.12479248524989613,0.41124431031601993,0.12451613885421389
SG_014029,1,0.30933381950303834,0.6565819435336208,0.3107475106497671
SG_014032,0,0.13254380017147147,0.30310488747424313,0.09657378586471242
SG_014033,0,0.1069865230064857,0.36604264336940295,0.10427706161734521
SG_014034,1,0.15645214235320898,0.5355338896030097,0.1815400659410488
SG_014035,0,0.11323314018064595,0.400586437119705,0.11645681954216797
SG_014038,0,0.1599271325688164,0.4679998255363458,0.15779883614771031
SG_014040,1,0.11580329311334836,0.40898255271325396,0.11998948306676174
SG_014041,1,0.22222348997559993,0.4657916860808219,0.1811304284419675
SG_014042,0,0.08920869499397414,0.3535129447508251,0.09346771424864242
SG_014043,0,0.16947998241218873,0.45460549128161687,0.15694761237463292
SG_014044,1,0.12312918616495716,0.4014633715720614,0.12091731230313116
SG_014048,0,0.1221181173716712,0.37579500538021765,0.11308942822930243
SG_014049,0,0.13672667625173587,0.37161950102242286,0.11748338147141536
SG_014051,0,0.0984685763829295,0.34620882164080047,0.09558989933550247
SG_014052,0,0.2507167005944612,0.5965298821580587,0.25144931297908774
SG_014054,0,0.09286915776265775,0.32481327926801623,0.08799099332845826
SG_014055,0,0.1334777526015336,0.38247869346315266,0.11946287840360417
SG_014056,0,0.10396963520283725,0.3785183552793864,0.1063445365149767
SG_014057,0,0.1227470036425891,0.3962832062452009,0.11924175805211008
SG_014060,0,0.23081621219398918,0.5792715266901298,0.23427063242560847
SG_014061,0,0.0883851550371409,0.250014000742981,0.06880366663865416
SG_014063,0,0.2165911477307544,0.5378421730574536,0.2090323549866908
SG_014064,1,0.15753423231156002,0.5207941972085327,0.17627435708954345
SG_014065,0,0.1294470995059037,0.5543184919724496,0.17520800166927578
SG_014066,0,0.22792184872920274,0.6303380236794006,0.2593891827804111
SG_014068,1,0.10049501813295102,0.22468001228123455,0.06671562698732099
SG_014069,0,0.13337843420280962,0.4989033608067876,0.15677077355202765
SG_014070,0,0.10975355985919755,0.3926176562573477,0.11270330224843796
SG_014071,0,0.12449666816230835,0.39399690946479876,0.11929217662634664
SG_014074,0,0.13075017698298894,0.5140910825689616,0.16086864368016002
SG_014076,0,0.21432988793517802,0.4892158467659624,0.18756829055210536
SG_014077,0,0.15104763621412512,0.5113468652524557,0.16966775580558477
SG_014078,0,0.1206851941755666,0.5900411078877691,0.18451651778889214
SG_014079,1,0.2229613471857125,0.6093549478836013,0.2459441570064242
SG_014080,0,0.2706478409410321,0.5820361663539632,0.2522025331487041
SG_014082,0,0.10690686927448063,0.4716918402438526,0.13455556902664986
SG_014083,0,0.0988669034710476,0.37570237316368515,0.10337154690868341
SG_014084,0,0.1557054690340216,0.42890298660119686,0.14267506625398563
SG_014086,0,0.17053033908286874,0.5024498307826774,0.17502117459426889
SG_014087,0,0.17939898434617071,0.48641310811154714,0.1726337848356384
SG_014089,0,0.08145849194564196,0.29560878975813665,0.07656511451482066
SG_014090,0,0.12449930193035784,0.4754115287890179,0.14449662285498477
SG_014091,1,0.33271493503427846,0.7428630000233025,0.3829921839889665
SG_014092,0,0.16287547109625922,0.5309828555252089,0.1827494137551251
SG_014093,0,0.15207366435428202,0.408223017900218,0.1345241861939717
SG_014094,0,0.12514609318317504,0.34375324324080764,0.10524816970830131
SG_014095,0,0.18672843074115175,0.5191358019543957,0.1885734934738415
SG_014097,0,0.29801335979988264,0.5750699470258729,0.259432587641821
SG_014098,0,0.07505217212118533,0.30497730570569903,0.07600236260565166
SG_014100,0,0.19993748136472134,0.502976647967982,0.1874877407150651
SG_014101,0,0.0770567477869371,0.29715213384587574,0.0751196604313309
SG_014103,0,0.11675248730924603,0.4635944949437144,0.13694579506218987
SG_014104,0,0.14644579165243263,0.44320157448589537,0.14366506795441072
SG_014106,0,0.090220796028598,0.27164317594326987,0.07439423179094434
SG_014107,0,0.1741727690298718,0.5096367244269386,0.17938308377611278
SG_014108,0,0.18881209543028596,0.45238443944781287,0.16364240654646953
SG_014109,1,0.3206289143682157,0.622534879481196,0.2946989335504997
SG_014110,0,0.10344913079267466,0.37926694281796164,0.10632014830695272
SG_014112,0,0.19655451795258386,0.5066810880078854,0.18761536104875787
SG_014114,0,0.24173121017879293,0.5766844845903283,0.23761698160849426
SG_014115,0,0.17683027827001763,0.5831104906646437,0.21158782561404813
SG_014117,0,0.1799948089428177,0.5018508810091393,0.1788266227523056
SG_014118,0,0.17281234723733122,0.5175247086001615,0.1818943929008517
SG_014119,0,0.12090055356304412,0.2477396848797573,0.07832670302687
SG_014120,0,0.21071889771597663,0.5812784092519048,0.22646843463755567
SG_014121,0,0.10459429353796496,0.391068850935359,0.1100167619360126
SG_014125,0,0.09426194709810233,0.3375466000254134,0.09168304013846866
SG_014126,0,0.2287413832907094,0.558163816457881,0.22330419364426016
SG_014127,0,0.15992151380175598,0.4580453046353259,0.1542924893707008
SG_014128,1,0.24712662354297552,0.5831691628554624,0.2431050891137341
SG_014129,0,0.12976618495842687,0.4891766286456484,0.15165243779630977
SG_014131,0,0.20380260387704674,0.52966138186729,0.20016963892939327
SG_014133,0,0.1276288708133961,0.4051418551071138,0.12387447067285853
SG_014134,0,0.23051486090333206,0.5641778783917839,0.22687533116751474
SG_014137,0,0.2426932879409325,0.4968733736028934,0.20143521603315961
SG_014138,0,0.13086112484238366,0.44439614446988773,0.1373761974514038
SG_014142,0,0.11708107260773232,0.4729173678442415,0.14007567914573896
SG_014143,0,0.18863469260230445,0.6181843982179901,0.234210405043827
SG_014144,0,0.1703409469056892,0.5150875280316827,0.17984297532068627
SG_014145,0,0.0904781621230329,0.3653473982685251,0.09697674015380807
SG_014147,0,0.21380092408532414,0.520030619294209,0.2001633174950965
SG_014148,1,0.18031909771134788,0.48527383462157797,0.17257806133244222
SG_014149,0,0.1437651610909373,0.45135012461817514,0.1452415690531318
SG_014150,0,0.14166281948585338,0.4531106437129742,0.14492506747020586
SG_014151,0,0.23909217828910043,0.5953556966443112,0.2458714797976954
SG_014152,0,0.1250495659451887,0.43845138723988863,0.1329261054905839
SG_014153,1,0.08831283409396473,0.35262949144591765,0.09285441964486942
SG_014154,0,0.1701687684117924,0.5439331441660378,0.1913968244851102
SG_014156,0,0.21767399932074197,0.6164952042590705,0.2472390488725928
SG_014158,0,0.09784341569015931,0.2521119729929742,0.07240342490860922
SG_014159,0,0.21784930799658175,0.5161095437405306,0.20011369879086935
SG_014160,0,0.16895711428227997,0.5613779936413797,0.19818061062227735
SG_014163,0,0.16319334326199567,0.43456973811017274,0.14751301656925594
SG_014164,0,0.12013748492030453,0.3818293504889304,0.11401199404283098
SG_014166,0,0.08578647278623097,0.12030531259048266,0.03874724741086538
SG_014169,0,0.16738765615601223,0.4157342380379676,0.14275489610581918
SG_014170,0,0.11365553598210314,0.3119536203010202,0.09258463353790551
SG_014171,0,0.27051414638078247,0.5638580092294816,0.24295153379291262
SG_014173,0,0.09195925227527176,0.17625838119384507,0.05308009647917875
SG_014174,0,0.18655144544805877,0.49804556090448804,0.18006792766897872
SG_014175,0,0.22621383079197957,0.5555071667499109,0.22101565686497446
SG_014178,1,0.21770882943194048,0.564718841751158,0.22170427275549867
SG_014179,0,0.0878470955043071,0.3633745974244611,0.09529305126998659
SG_014180,0,0.23462016148891443,0.5891696277329869,0.2408085058501933
SG_014181,1,0.10127206183103758,0.30603232074513054,0.08662014457666678
SG_014182,0,0.3222128312047076,0.5723581129586758,0.26729611335827164
SG_014183,0,0.11331680321126614,0.47050270240856096,0.13743769317869325
SG_014185,0,0.11657824160665912,0.48635718542473244,0.14418748477733018
SG_014187,0,0.14412692545927117,0.3986860835954589,0.12847163979706047
SG_014189,0,0.08521849962569901,0.18991135300080061,0.054367649954463707
SG_014193,0,0.18169229484243607,0.49131279728757543,0.17545031125557722
SG_014195,0,0.3641420395191455,0.628845193914157,0.31585932338858763
SG_014198,0,0.2734152755314337,0.6226550628348085,0.27523726841027396
SG_014199,0,0.30357069959208927,0.6737311470229382,0.3193134859250872
SG_014200,0,0.1530775569057625,0.47585451365425135,0.15766289928838711
SG_014201,0,0.28418451707006515,0.7438610182769991,0.3612695808983908
SG_014202,1,0.11925443456465595,0.3944839336083238,0.11727060437401787
SG_014203,1,0.3426744189641695,0.7108833424056609,0.36235493509158057
SG_014204,0,0.3002677162867798,0.6361078829718749,0.29436495479115105
SG_014206,0,0.12977400322008595,0.3969507871662343,0.12230255072153803
SG_014207,0,0.2114187412964882,0.4833293073554354,0.18408629017243053
SG_014208,0,0.09114598416323937,0.40606348882718313,0.10778475893825036
SG_014209,0,0.18426039575421646,0.49822399947819107,0.17919145876337103
SG_014211,1,0.07599379222296156,0.22138854958707535,0.05838274967560934
SG_014212,0,0.22978008146542916,0.6314993274992846,0.260885010943691
SG_014213,0,0.08829682527823289,0.3168368647773174,0.08422755027118578
SG_014214,1,0.2196103463575765,0.5593340367283438,0.22001340008012296
SG_014215,0,0.13274157018208185,0.4309690427097803,0.1339406732797567
SG_014216,0,0.1263535300776985,0.39866637025156093,0.12142403755970096
SG_014218,0,0.23566581337967216,0.5636111070840392,0.22875190699074618
SG_014220,0,0.17716971880861418,0.5588375092195781,0.20096742854060298
SG_014221,0,0.09818669999124058,0.3542088945942928,0.09751040783292902
SG_014222,0,0.08976672480924909,0.23784018092101553,0.06649132516297132
SG_014224,0,0.15864491734464164,0.40658029721022404,0.13647817264241835
SG_014225,0,0.35338687501874766,0.6887722661133067,0.35088699341200125
SG_014226,0,0.15671700491433813,0.4497608620496842,0.1501128982062678
SG_014227,0,0.08934712806484342,0.34016484505201117,0.09026118352868735
SG_014228,0,0.09803774265344095,0.3685277401887665,0.10113523909652167
SG_014229,0,0.19251020933348031,0.38053439987972326,0.1396625723368745
SG_014230,0,0.13101527922425119,0.5553616620663174,0.17646412645496962
SG_014231,0,0.1491777011570479,0.5092802937067731,0.168025688176057
SG_014232,0,0.11010291894099981,0.41096636151317967,0.11803514652659407
SG_014233,0,0.15242339816345044,0.42481147403981084,0.14003215724635792
SG_014234,0,0.08311570645933575,0.28878397597481775,0.07567620683257982
SG_014236,0,0.11996625148350092,0.42759866645669325,0.12733507785498216
SG_014238,0,0.22027342936178992,0.5926854551640235,0.23628408585318203
SG_014239,0,0.1036744126922035,0.517103581243621,0.14742019382610488
SG_014240,0,0.13896920704560753,0.4871465094991424,0.15530421477753562
SG_014241,0,0.10913577306210305,0.3228697161358588,0.09378049721510806
SG_014242,1,0.26693358291822605,0.6285651776498998,0.2758066042932138
SG_014244,0,0.19483714999809007,0.5344969846393308,0.19843364204710198
SG_014245,0,0.19251212348737326,0.6105011916149552,0.23225938428211737
SG_014246,0,0.1135363554620747,0.2640209140670732,0.0802762735839346
SG_014247,1,0.10053102001314801,0.4040578487106668,0.11172728897746889
SG_014250,1,0.16544550209450806,0.40494050527003206,0.13845656460158443
SG_014251,0,0.09511910652298976,0.1562998520687071,0.049200139310854284
SG_014252,0,0.14213808524909233,0.5345673311188356,0.17418189101583945
SG_014253,0,0.11779780245253717,0.4651923366451176,0.13795875002103417
SG_014254,0,0.30348038222793505,0.6537816567407414,0.30650185798016166
SG_014255,1,0.10288003909190119,0.2884052083651017,0.0828464443094339
SG_014256,0,0.21139921890217875,0.6645094849833655,0.27082802808091894
SG_014257,0,0.11500198286610269,0.1586366090971207,0.05416997206373641
SG_014258,1,0.21695789574929972,0.6290322557999463,0.25356136959175357
SG_014260,0,0.208381155816427,0.5591437688219112,0.21511416292936453
SG_014261,1,0.13043409497291472,0.5167911627995978,0.16168101135106258
SG_014262,0,0.1475804389473705,0.4985214422130296,0.1633325418873333
SG_014263,0,0.1613320722710832,0.40693883691684013,0.13759598917961624
SG_014264,0,0.22126814179342744,0.5653961361307035,0.22354345819314014
SG_014265,0,0.08069265720397344,0.22350539501958117,0.06037603646015859
SG_014266,0,0.08473401547269481,0.35453581177380455,0.09171276107170252
SG_014267,0,0.07844158571771429,0.16840841706438422,0.04780876992111666
SG_014268,1,0.25619159628761273,0.5550458750951895,0.23297509105632355
SG_014271,1,0.22881034950149373,0.518122280839648,0.2053035951961554
SG_014273,0,0.09633038578427837,0.37760057647765344,0.10274111330116056
SG_014274,0,0.14893058471775036,0.5143965629052726,0.16982028195625953
SG_014275,0,0.17152748366596468,0.4864708677522099,0.1693898061967729
SG_014276,1,0.18479157810274097,0.5688553896098025,0.20892538012519438
SG_014278,0,0.21152534813317395,0.5212707529703668,0.19977114053655476
SG_014279,0,0.2802095287065571,0.6984462590588265,0.325522853537026
SG_014280,0,0.07668108282378262,0.37601548575559046,0.09302026787792848
SG_014281,1,0.26869987800686534,0.7061442429145605,0.3255222260781905
SG_014282,0,0.08595925401992799,0.22180501407081896,0.061675016890417364
SG_014283,1,0.22607814639489632,0.5681572639508983,0.22689378313225728
SG_014284,0,0.19722995849225186,0.574055230056718,0.21700303681390884
SG_014285,0,0.32175693989997084,0.6665869123456168,0.32244142716116514
SG_014286,0,0.13517624647780674,0.45785887020822724,0.1436524851705272
SG_014287,0,0.15313569096853985,0.5248750921161458,0.1757924558054869
SG_014289,1,0.2118808590423086,0.5130653469298538,0.19644523352460586
SG_014291,0,0.11933758619596019,0.47801401683932976,0.14283802023316064
SG_014294,0,0.2063757702865825,0.5529724919171835,0.21145985027674327
SG_014296,1,0.22723461684879898,0.6189650894638551,0.252931510845646
SG_014297,0,0.1266709925384997,0.4750113047115298,0.14540210622777863
SG_014298,0,0.14473160626634796,0.3031952304086395,0.10043762555605246
SG_014300,0,0.2788865291707179,0.6870590693324362,0.317162464241085
SG_014301,0,0.1932914049986674,0.5256312514223977,0.19404303251994107
SG_014302,0,0.20300225312128783,0.5708381814182903,0.21811499543149304
SG_014303,0,0.14465921129516116,0.49617708191313437,0.16113832057525634
SG_014304,0,0.18668860863883538,0.5355108960636775,0.19532811992239535
SG_014305,0,0.1957888072361255,0.4760175230055158,0.17520230444626553
SG_014306,0,0.20518684656799482,0.5359880564315221,0.2034708040096436
SG_014307,0,0.188585435031326,0.5161115402184256,0.18813136552446103
SG_014310,0,0.09949150180745407,0.38957692961476603,0.10732925286838865
SG_014312,0,0.12461474874119777,0.48468334314608397,0.147631583750776
SG_014313,0,0.12989648918333238,0.3275528747054952,0.10243697114605686
SG_014315,0,0.21963641546866186,0.5339678033800722,0.20857098172120062
SG_014316,0,0.13837345744260401,0.4664883168072027,0.14795352407521933
SG_014317,0,0.10930600763548583,0.3213024675398216,0.09343862139361055
SG_014318,1,0.22605479964238592,0.5435995126223739,0.21549570238001595
SG_014322,0,0.14359544809819613,0.3667945673512539,0.11856227951437938
SG_014323,0,0.24836162945838633,0.5508800570297367,0.2278729119131045
SG_014324,0,0.11001279221893362,0.3700115757540025,0.10659595993216166
SG_014325,0,0.22487022420996228,0.6962857530440745,0.2973793014857648
SG_014326,0,0.11442739070049159,0.5012418990717514,0.14801265204437147
SG_014327,0,0.2163627755861707,0.651262994689551,0.2656037188526292
SG_014329,0,0.2748330743136249,0.5852118029672283,0.2555395786636315
SG_014330,0,0.14084735889084968,0.5609666006239473,0.18393168108059663
SG_014331,0,0.15782071011893165,0.33637448386509794,0.11427951186800149
SG_014332,0,0.13718156990337863,0.5159337709044619,0.16473587898752273
SG_014333,0,0.14595576655755724,0.42713455991942084,0.13820453991939852
SG_014336,0,0.1712560238706247,0.5772901344766086,0.20625011056810924
SG_014337,0,0.1634848902118873,0.42265220862559777,0.14360331704465318
SG_014338,0,0.15506082681670738,0.5053940973210993,0.1692847175327848
SG_014340,0,0.12490354503191127,0.41406520563892857,0.12540895208768713
SG_014341,0,0.1423107328066255,0.5086978245557762,0.16457322127063673
SG_014344,0,0.18427910979885676,0.568302654509462,0.20844001872999024
SG_014346,0,0.12414511538888968,0.42767071405316237,0.12920310143546432
SG_014347,1,0.22051511021162992,0.5009806446513805,0.1947838093553953
SG_014348,0,0.21848961267293265,0.47758112309363837,0.18445256894684917
SG_014349,0,0.19653319573822278,0.5155219103210305,0.1912166581673896
SG_014350,0,0.08975030350142339,0.35170189891805753,0.09325964830280274
SG_014351,0,0.11154913192584981,0.5477453723751817,0.16267915890347973
SG_014352,0,0.15341982337756796,0.5214251651850965,0.17459834770910787
SG_014353,0,0.2299148658318193,0.5279975470707082,0.2100677229315019
SG_014354,1,0.18263330466295294,0.5751358602904303,0.2107418740277933
SG_014355,1,0.12836009399853862,0.4589673938687312,0.14093575564810623
SG_014356,0,0.20216417143985624,0.5477210502452046,0.20730943341792823
SG_014357,0,0.19011304424120082,0.4872421128550149,0.1772999337959114
SG_014358,0,0.3184580403076835,0.5839311605816744,0.272069129653825
SG_014359,0,0.2475057968273021,0.466350288988412,0.19036971606953254
SG_014360,0,0.12187532573640869,0.5107607837022354,0.1551594148509873
SG_014361,0,0.09945245849673412,0.2300647908534538,0.06768506555549239
SG_014362,0,0.26287816220143334,0.6776254567093165,0.3036262033197155
SG_014364,0,0.17592183954492588,0.5686330265575252,0.20465945728194038
SG_014365,0,0.11073146491342623,0.40047495661853716,0.11533391086132017
SG_014366,0,0.12373250764733042,0.4793541678942823,0.14542820505068563
SG_014367,0,0.09395266773654033,0.4288293355342698,0.11535247638270013
SG_014369,0,0.34033193408390744,0.6423148726732585,0.31466331555508004
SG_014371,0,0.13936840608770493,0.4426799973308196,0.14051152916505158
SG_014372,0,0.1955062038952308,0.47667469003923696,0.17534549527596718
SG_014374,1,0.1842031794601147,0.5165498454201185,0.1864467583435203
SG_014376,0,0.23325545289270178,0.5593138986612595,0.22571697032690524
SG_014377,1,0.3345020385193615,0.6202356774355902,0.29890907970552744
SG_014378,0,0.13272972586883303,0.38093256763731453,0.11871822837609763
SG_014379,0,0.12932655074297242,0.3154529486464808,0.09890595938099589
SG_014381,0,0.12927710325969402,0.3114604208674127,0.0977961361280739
SG_014382,0,0.1512863800200303,0.4986353508674912,0.1650681745065885
SG_014384,0,0.09848379649317762,0.3905847571892476,0.1071408295235981
SG_014388,0,0.09883370563920957,0.3783365812852082,0.1040496960482873
SG_014390,0,0.16145357945617878,0.47207398501003617,0.15989128552919307
SG_014392,0,0.23290811740614048,0.5360437302917062,0.2148532685611011
SG_014393,0,0.1454223922569516,0.47690520785817037,0.15466781926271012
SG_014395,0,0.21595354571332262,0.43318351436669483,0.16633474433566864
SG_014396,0,0.13677540052277581,0.38915938301783215,0.12272828154721918
SG_014397,0,0.1653363927360002,0.5589894053723882,0.19542165807305
SG_014399,0,0.2328056046025928,0.5761281537454352,0.2335837211133023
SG_014400,0,0.1117909390644497,0.5829255942795301,0.17621412457750243
SG_014401,1,0.11106359833575997,0.37566741579416396,0.1085736380318528
SG_014403,1,0.3053107632810268,0.5414941824028366,0.24512711618140434
SG_014404,0,0.10960257457004292,0.27873080392343225,0.08271981385760634
SG_014405,0,0.1803474277760093,0.4589277448136838,0.16278461803962208
SG_014406,0,0.13991340975577504,0.43750912240398115,0.1390655291512786
SG_014407,0,0.1597644031085392,0.47043248043554736,0.1585949567296128
SG_014408,0,0.2524310146666434,0.6530913333727548,0.2836421643014235
SG_014410,0,0.21466485945068417,0.464045572505062,0.1776842135567662
SG_014412,0,0.12749844624831866,0.402451710112982,0.12301724599531731
SG_014413,0,0.3579419918694254,0.6297193509845047,0.313941856931168
SG_014414,0,0.15829807813439153,0.4572394206009804,0.153343040481936
SG_014417,0,0.11330584418773536,0.4526461883679843,0.13186861336646682
SG_014419,0,0.11543664391397933,0.4845560383844771,0.14301858422986014
SG_014420,0,0.14100822364997723,0.3714131948795294,0.11900260110328166
SG_014421,0,0.13479305750351153,0.40502064304064006,0.1267546700967106
SG_014422,1,0.19204565768066986,0.5451309631988418,0.20177481989310742
SG_014423,0,0.10144071807130695,0.3601578990675121,0.1004128339640543
SG_014424,0,0.12086240596391555,0.4864566333135876,0.1463730723272591
SG_014427,0,0.12227858652926242,0.4844483179058645,0.14640694560555662
SG_014428,0,0.12139220403231014,0.4835960126242919,0.1456866752104729
SG_014429,0,0.2398490588528319,0.5759377111921075,0.2364611393758808
SG_014430,1,0.16607705354869595,0.5460650866490084,0.19036626460714753
SG_014433,0,0.23765351760529127,0.6445422265999671,0.271855912687015
SG_014434,1,0.2463334093343653,0.6223996906818928,0.2633588545201184
SG_014435,0,0.12512260855055857,0.385250374756723,0.1169984295394244
SG_014436,0,0.12631509113767717,0.4419525680574433,0.13458500512710705
SG_014437,0,0.22168410247688927,0.5110981494537625,0.19949601559387128
SG_014438,0,0.11097353007584816,0.3734210573208351,0.10792120219348479
SG_014439,0,0.12396929872748143,0.45708963754860793,0.13830635010755812
SG_014440,0,0.10284569880587417,0.3218187185996365,0.0911534447173966
SG_014441,1,0.19597197237149536,0.5733412006956934,0.21610181892917005
SG_014442,0,0.17836971811039137,0.4693095350436502,0.16581249039402982
SG_014443,0,0.1592363826261676,0.4949354661383905,0.1672615335234929
SG_014444,0,0.11089328749766979,0.37418417084650335,0.10809675069918272
SG_014445,0,0.12623916403063182,0.5002184124350152,0.15371953473682667
SG_014448,0,0.16613893994578685,0.46109275638206987,0.15790791221430178
SG_014449,0,0.09684276110774466,0.21803078936090997,0.06408601663614154
SG_014450,0,0.1733163373193278,0.5703532320698843,0.20417310453347948
SG_014451,0,0.09377530611793329,0.34251765881742763,0.09271272884892251
SG_014452,0,0.15254290273619855,0.44443874522008825,0.14659724725613157
SG_014453,0,0.13558990745889374,0.3545584966330014,0.11208610112830382
SG_014454,0,0.16951270077939348,0.4565652611782298,0.15765671477388726
SG_014455,0,0.16784714665214273,0.4271341771028672,0.1467742993895584
SG_014456,0,0.1727556821891765,0.5562537585775358,0.19778988528647837
SG_014458,0,0.10872219578939563,0.46849867846442894,0.13449397977313157
SG_014459,0,0.26500955265656895,0.5679193389341356,0.24278619712896568
SG_014460,1,0.12753818784367255,0.38705055100146724,0.11848519011575773
SG_014461,0,0.1477926937490397,0.37827533964617654,0.12355395164311085
SG_014462,0,0.10502286316181997,0.3725586040649786,0.10519778981899743
SG_014463,0,0.0934340152988047,0.3329024624036265,0.0901973961670607
SG_014464,0,0.13096052992141125,0.4860628293612254,0.15116133893361286
SG_014467,0,0.1791394523769021,0.5181093658677856,0.18489399426532208
SG_014468,0,0.2681203130143794,0.5723211783412979,0.24623534393082408
SG_014470,0,0.12753072801484724,0.4179257486549036,0.1276909506055821
SG_014471,0,0.11645876062038113,0.453081231944786,0.1335136427318044
SG_014472,0,0.10715276514265319,0.34167184380355337,0.09790700148364409
SG_014473,0,0.08236870705192399,0.29911320522684864,0.07772343659888467
SG_014475,0,0.15641487002792012,0.4489428180617298,0.1497094664456979
SG_014476,0,0.15296317406975557,0.5130577391306826,0.1712006517838017
SG_014477,0,0.1178077381219892,0.3319609077508608,0.09935811568911389
SG_014478,0,0.09426466063035616,0.3142135873648476,0.08597119932059995
SG_014479,0,0.10303368057536659,0.44610608768891524,0.12485772206349736
SG_014480,1,0.10654449706033266,0.1640398348696409,0.053668782212163244
SG_014481,0,0.22904045444676868,0.5818080145945266,0.23475108823758592
SG_014482,0,0.1345791155482964,0.4860147763665462,0.15285995433890756
SG_014483,0,0.12427574809190454,0.3465588795056394,0.10570801980693223
SG_014485,0,0.1162126737774994,0.45122759720664346,0.13282261241897558
SG_014487,0,0.2898620327856129,0.6605568822591453,0.30487843263297726
SG_014489,1,0.28517088348625647,0.5948253979740855,0.26480160776681416
SG_014490,0,0.09571747491015593,0.4379018449953046,0.11878994139670869
SG_014492,1,0.24171692867021063,0.6554668263531376,0.28011877619927045
SG_014493,0,0.17773808398175248,0.5221828072273912,0.18592084529342745
SG_014494,0,0.27923227370596576,0.6162898223825805,0.2741156418539894
SG_014496,0,0.11202958588920842,0.32278441918293915,0.09482224028333378
SG_014497,0,0.18991756967146092,0.4544097317899307,0.1648062757774007
SG_014498,0,0.10903868453845376,0.4925987379229896,0.14230930597770516
SG_014499,0,0.16875615769550603,0.45286702874729196,0.1560444498349705
SG_014500,0,0.09216156103102653,0.3527405947997838,0.09456769635761321
SG_014501,0,0.15581747823479838,0.34303097704339647,0.11563349602309489
SG_014502,0,0.1321380685717877,0.3818931571429452,0.11877323178130891
SG_014503,0,0.16810534836183857,0.403204246058782,0.1388520732746922
SG_014504,0,0.30191475746917057,0.6189030946956167,0.2849810478531352
SG_014505,1,0.0922314924452171,0.34377775444185593,0.09237405012989133
SG_014506,0,0.141851173336895,0.4554945428552198,0.1458003795964865
SG_014507,0,0.1252592632809759,0.41387872980387214,0.12550388639689988
SG_014508,0,0.21102577504004102,0.538308567555068,0.20692881524043336
SG_014509,0,0.16018181129037998,0.505783386574831,0.17174062117107478
SG_014510,0,0.11910147854686866,0.42198083933834746,0.12526520596863974
SG_014511,0,0.10899613015176751,0.4634435866812941,0.13306806280784048
SG_014513,0,0.23357165214466616,0.5523786446667192,0.22260040226479894
SG_014515,1,0.23427934424602948,0.6335725998171025,0.26410195361878364
SG_014517,0,0.16102050190539355,0.45766530886722473,0.1546106433136992
SG_014518,1,0.17511502845142854,0.4828564589590466,0.16952819940764646
SG_014520,0,0.1140772051419206,0.3790826667494186,0.11076380333160583
SG_014521,0,0.16076752465737632,0.49434558531442524,0.16771536065998716
SG_014523,0,0.134948544137467,0.4501155228446915,0.14101753521125576
SG_014524,0,0.11142676329571505,0.28243538385941125,0.08425415406063289
SG_014525,0,0.15867284345721946,0.48032239364068297,0.16167507824698593
SG_014526,0,0.21133859844521086,0.5385803628872867,0.20717866616429137
SG_014527,0,0.25126884454993953,0.5681375496304222,0.2373515038290403
SG_014528,0,0.11462867607332623,0.4161665538082166,0.12156333597234821
SG_014530,0,0.33762852338188426,0.6436221162515616,0.3143780150189039
SG_014531,1,0.13447941311973693,0.4390790153465878,0.13725582356716498
SG_014532,0,0.33926007403765657,0.573797693565878,0.27450899345019886
SG_014533,0,0.08071421263613542,0.2725256445406998,0.07111757782345851
SG_014534,0,0.11717772923827115,0.4002143917003777,0.11804601777741082
SG_014535,0,0.12268990681033397,0.4852239697646339,0.1468679265773366
SG_014536,0,0.15648617973874898,0.4650191767526282,0.15530358544123327
SG_014537,1,0.2794099241740278,0.6455402322657592,0.29111878883826425
SG_014539,0,0.09616009774516175,0.3040617838704949,0.08423681450933618
SG_014540,0,0.16557834584877384,0.5450800570368638,0.1897248995375195
SG_014541,0,0.12006029371392934,0.266739879652467,0.08297840486205302
SG_014542,0,0.10061724304281557,0.2721772033944877,0.0781149056851537
SG_014543,0,0.14042510578446332,0.39908260081535424,0.12716246328262784
SG_014545,0,0.11124722392450272,0.346432991881972,0.10075551401844521
SG_014546,0,0.12516606152067175,0.4617360956444076,0.14035444095999747
SG_014547,0,0.10491982891878726,0.3735867974717253,0.10542931132798648
SG_014548,1,0.18705698303997817,0.6456260020379078,0.24775245826264608
SG_014549,0,0.13599692774501562,0.3925762944597858,0.12345572504145642
SG_014550,0,0.19801489498017802,0.528102700486235,0.1970785526133972
SG_014553,1,0.20713886084632183,0.5696115140705502,0.21938246370698913
SG_014554,0,0.09924812594473469,0.28782513231514906,0.08142872137418175
SG_014555,0,0.17974975191309092,0.4576818195906647,0.16209767308542697
SG_014557,0,0.11729728048785269,0.565002607490408,0.17251050325566733
SG_014558,0,0.08977249710997064,0.32288827791855884,0.08626967208222774
SG_014559,0,0.14746562914364134,0.49138269839782206,0.16070340951699486
SG_014560,0,0.1326405359611573,0.40831899518567705,0.12688947967693937
SG_014561,0,0.24978043517925785,0.5726356146402812,0.23895590956325866
SG_014563,0,0.10858358276117795,0.4174019597177224,0.1191874197125113
SG_014564,0,0.24032483178376784,0.6329390798108769,0.26650501296046375
SG_014567,0,0.12967596069112083,0.5017804893224797,0.15596940699369538
SG_014571,0,0.15657547628712307,0.5293562012700084,0.1791607293741043
SG_014572,1,0.24717220433521048,0.6697351983065082,0.29132687164837995
SG_014573,0,0.16192023821944287,0.5139906773039467,0.1756548892668408
SG_014574,0,0.10852057334457456,0.4083648783125647,0.11658248176152931
SG_014575,0,0.11647054145783704,0.3679130083002613,0.10863584441284858
SG_014576,0,0.13779367101270315,0.5008635452604282,0.15958838092988187
SG_014577,0,0.1187252873827898,0.4130067097839844,0.12243921371599562
SG_014580,0,0.17357812254127328,0.48592527235596933,0.17004208085889455
SG_014584,0,0.09756764538339772,0.292990033071107,0.08207716696932098
SG_014585,0,0.11161034451431805,0.4424363937635738,0.12795395828030634
SG_014586,0,0.20833096682764649,0.5462383904488839,0.20929320185230074
SG_014588,0,0.10671844487039157,0.32410784386407054,0.0931982840642199
SG_014589,0,0.10560733901722576,0.4080617696302314,0.11517531576091329
SG_014590,0,0.17596962409513753,0.49067848632523636,0.17283496518373612
SG_014591,0,0.14910821422499157,0.506486974406168,0.16695773515861523
SG_014592,0,0.2853006861809259,0.5572107052991728,0.2453998940762684
SG_014593,0,0.24341922671219807,0.5432925590004224,0.2223548844081042
SG_014595,0,0.18701958145505346,0.4902601371200543,0.17722227237643232
SG_014598,0,0.14192663980005543,0.46047895507927816,0.14750314681411505
SG_014599,1,0.19648415467159006,0.5748295998511953,0.2170214074281569
SG_014600,0,0.13648156765807753,0.5630818707074243,0.18247045341870552
SG_014601,0,0.09976108033251894,0.3715820990397194,0.10268141432017229
SG_014602,0,0.1171127637535891,0.3830816064204976,0.1131336635385903
SG_014603,1,0.22634052786503675,0.6208544389869012,0.2535310268986777
SG_014604,0,0.10663051111180356,0.3907170847504445,0.11081674768404397
SG_014605,1,0.15129386674227183,0.4061388634985953,0.13356036141017608
SG_014606,0,0.12005224994130426,0.4481196388535019,0.13366082294344397
SG_014608,0,0.3803756128684932,0.7271488562344897,0.3911576511922291
SG_014609,1,0.2567126363796062,0.6276380726166382,0.2708357079730726
SG_014610,1,0.1145964003533117,0.410500960828323,0.11990076413426526
SG_014612,0,0.07382336538778773,0.3528793674458925,0.08618857234778163
SG_014613,0,0.16711752815275427,0.5262542467868054,0.18281281662501916
SG_014614,0,0.14549584446459277,0.5801387928163798,0.19436643375928012
SG_014615,1,0.11091606343387768,0.08746675688170437,0.0346626682600755
SG_014620,0,0.2879098190938194,0.5630264805369449,0.24932607262463002
SG_014622,0,0.17646042805855086,0.4875527251399408,0.17185336174149035
SG_014623,0,0.16602660151660395,0.5306021380418551,0.18405130762700356
SG_014624,1,0.07528347622407848,0.3849637617297209,0.09444747362183242
SG_014625,0,0.105018435114205,0.27474592095920575,0.08021375355718399
SG_014627,0,0.23687494174489698,0.6125101845321799,0.2538346517379272
SG_014628,0,0.11101037028001531,0.4560703129965896,0.13180215703912554
SG_014629,0,0.18570845576852443,0.5030798596490053,0.18170168473341872
SG_014630,0,0.11677397817759498,0.4859517368475753,0.1441536053459417
SG_014631,0,0.13562014592914415,0.39658865232197477,0.12452046626486778
SG_014632,0,0.09910719870802905,0.2962327030262984,0.08342216169477316
SG_014633,0,0.18948558826470033,0.548161697809552,0.2019530868909867
SG_014638,0,0.10228700372000148,0.30739611634025144,0.0873318443420441
SG_014639,1,0.25022811931793837,0.5627972140380211,0.23432587972744545
SG_014642,0,0.10383183655670176,0.4057239680363044,0.11371035724377898
SG_014643,0,0.09839214252837618,0.3704680432064383,0.10179428828046577
SG_014644,0,0.36880493813213383,0.6958566457936864,0.36245038320658995
SG_014646,0,0.31005277857800584,0.7065877581911956,0.34483006973104297
SG_014648,0,0.08107203190637428,0.34921293997328257,0.08876537587641051
SG_014649,0,0.12786679906092852,0.44898069438227006,0.13750323035847273
SG_014650,0,0.11537523830644934,0.31882196529324447,0.09499148748797977
SG_014651,1,0.17101933375464948,0.514144914658201,0.17977235110645773
SG_014652,0,0.10705857621530679,0.40257311993263173,0.11429495246041535
SG_014654,0,0.29612552493542516,0.6298652347909122,0.2889446042665506
SG_014658,0,0.17142678060561678,0.4832101274120167,0.16813066891793643
SG_014659,0,0.11431339433748007,0.3870673635948797,0.1130939020869836
SG_014661,1,0.13041037250306908,0.39005697106246784,0.12050887268737139
SG_014662,0,0.12832926810061276,0.4458339216810146,0.13670991244825634
SG_014663,0,0.25718777576189816,0.5175472441022404,0.2159147609418375
SG_014664,0,0.2676717404893984,0.636029784057718,0.2804105734110473
SG_014665,0,0.3007933811679066,0.6033580467777302,0.275755284700412
SG_014666,1,0.09015071655505551,0.34460564446468744,0.09168949964185628
SG_014668,0,0.127504596623675,0.39319583710035694,0.12027624212179851
SG_014669,0,0.1178039759193481,0.3310294570292755,0.09910706852947179
SG_014670,0,0.11012864715074111,0.5456010788930588,0.16107117691285805
SG_014671,0,0.16423251954140938,0.5335100122444095,0.1843898047401152
SG_014673,0,0.1129970002254548,0.30655395531968077,0.09095329730186351
SG_014674,0,0.06788307270681741,0.27205535728356756,0.06596518303603087
SG_014675,0,0.0920045450968112,0.25918452832635197,0.0721299372218067
SG_014676,0,0.13233058322975522,0.49193065515548484,0.15383396278190872
SG_014678,0,0.19094251995747538,0.5410048503861664,0.19951872138121818
SG_014679,0,0.10156204962081683,0.5236368966925462,0.14838870743642105
SG_014682,1,0.15531015075834273,0.509685626812176,0.17100952267465622
SG_014683,1,0.1440559750015075,0.49484136334850304,0.1603802987446423
SG_014684,1,0.13288714302751162,0.35715901286437757,0.11185678102013606
SG_014685,0,0.20908380189741013,0.5149325708773111,0.1961047627575105
SG_014686,1,0.1368046616057956,0.35519820380714556,0.11270744669093721
SG_014688,1,0.1673256436168651,0.47606243824926847,0.16378824754025614
SG_014689,0,0.2425969862600276,0.5882552755738326,0.2437604662360382
SG_014692,0,0.09719367709773778,0.36141911352975603,0.0989350277582461
SG_014693,1,0.23504913846444309,0.6296818492707671,0.2622987993903546
SG_014694,1,0.12571303035841422,0.4712442588493994,0.14370545228737092
SG_014695,0,0.23519937233504337,0.5500433755262543,0.2221795783249893
SG_014696,0,0.3269090427356904,0.6644694346142577,0.3232353599833309
SG_014697,0,0.10491645922405729,0.3667711960085513,0.10360960456396456
SG_014698,0,0.16359527655217018,0.46352417225315723,0.15773233233100334
SG_014699,0,0.20165703045283764,0.5857399978829879,0.22450520617034966
SG_014704,0,0.11404426916890413,0.4599233700269748,0.13447704462839674
SG_014705,1,0.1051900341515248,0.3180832248102471,0.0910905095455248
SG_014706,0,0.12143856763179021,0.43430964326393084,0.13003263276762142
SG_014707,0,0.15017674011387547,0.4949806868250648,0.1632316873167409
SG_014708,0,0.13271406159702662,0.23318848091452743,0.07776811467786893
SG_014709,0,0.12338950411533067,0.33908328887896244,0.10332063170985972
SG_014710,0,0.1631782128157391,0.4769979565716814,0.16239103266092186
SG_014711,0,0.07944909271975016,0.37809532925619316,0.09490748848046761
SG_014714,0,0.13756996355984233,0.40704804337503553,0.128489292546179
SG_014715,1,0.21737222133873635,0.5191664290907276,0.20122845709388967
SG_014716,1,0.2358402918138559,0.5928512692103729,0.24319195261313242
SG_014717,0,0.09960174479030552,0.23601270193775012,0.06913948417422786
SG_014719,0,0.2074756282037238,0.5426084645086512,0.20732659813957485
SG_014721,0,0.17755758170082805,0.4872929697781055,0.17220909701581444
SG_014722,0,0.19121169598623933,0.4271360965580572,0.15539585296926559
SG_014724,0,0.1328018549166499,0.542321345917315,0.1723754615678245
SG_014725,0,0.246342383318456,0.5715575631677505,0.23701009835635073
SG_014726,0,0.18826749829635878,0.42253676994096817,0.1527091689289385
SG_014727,1,0.2030515856842733,0.5274517435488447,0.19891499281416922
SG_014728,0,0.2716258971996186,0.7183940832157427,0.3357038361898863
SG_014730,0,0.29586754194426984,0.7310946142432421,0.3567120264490078
SG_014732,0,0.14658882149013924,0.44101877195424755,0.14300237117490858
SG_014734,0,0.12917785143544971,0.5191188490802963,0.16188269339293498
SG_014736,0,0.22854856954823663,0.4837859685271772,0.19070913649509208
SG_014737,0,0.12731785255808956,0.42805370434264045,0.13070227504123244
SG_014738,0,0.08126444018585194,0.37027423116183,0.09389901355410986
SG_014739,0,0.09552451487312656,0.3694400344829907,0.10026872658186678
SG_014740,0,0.1487396009886438,0.43492458392350397,0.14187631783691707
SG_014741,0,0.24136387285635127,0.582934397306735,0.24056406845258524
SG_014743,0,0.11484550939734206,0.39485370891208355,0.11551878405933491
SG_014744,0,0.10824378950497839,0.3939682074882589,0.11242160998697928
SG_014745,0,0.10175343134165898,0.3326643986461718,0.09347486187123498
SG_014747,0,0.11304711421338658,0.5100538109644683,0.15024980062901067
SG_014750,0,0.20889671278329058,0.5369859267625571,0.2054606685410393
SG_014751,1,0.18130231732231175,0.5690768283414337,0.20739604889954014
SG_014752,0,0.16335203636366155,0.4989585385218526,0.1705710063100988
SG_014755,0,0.12955853529813463,0.3853303467096362,0.11877927828158855
SG_014756,0,0.11437283725382535,0.5513179170208651,0.16563203497155637
SG_014758,0,0.10557529581897175,0.4157371162370086,0.11732382124447167
SG_014759,1,0.2106801456526555,0.4777353870465627,0.18158070359258754
SG_014760,0,0.1048148158432781,0.36625244646700067,0.10342926920450159
SG_014761,0,0.1115999638661616,0.403615596143918,0.11660546144523007
SG_014762,1,0.11752889589372591,0.3418577968299042,0.10191991512462628
SG_014763,0,0.08795766168450236,0.3617844162150094,0.09494973447134034
SG_014764,0,0.12524327403836097,0.41410170803939184,0.1255641553609139
SG_014765,0,0.13553078328770685,0.4324557724486219,0.13559579685780984
SG_014766,0,0.13094172477097596,0.4019457960235645,0.12426952321559566
SG_014767,0,0.1182904151591347,0.25248754874487095,0.0787847728318888
SG_014768,0,0.1826747198546956,0.49401967956927756,0.1769000220501593
SG_014769,0,0.2478108217054451,0.600563376615205,0.2523126060909976
SG_014770,1,0.11383820248103922,0.18739447152200114,0.06117037461156997
SG_014772,0,0.19214467642475705,0.5541579822491194,0.20575060489988178
SG_014773,0,0.14058698835078084,0.4497727530943208,0.14335650090418564
SG_014775,0,0.1739657417899713,0.47383098109068134,0.16570342372114033
SG_014776,0,0.19940307522277392,0.5114224026337658,0.19071402717608116
SG_014779,0,0.17663376203751047,0.5641151138614701,0.20301232408957906
SG_014781,0,0.3515187971208668,0.6957748483358456,0.35508480598357656
SG_014782,1,0.3182211986563436,0.7097435745564445,0.35077278431072056
SG_014783,0,0.19565339481681435,0.5162354431793642,0.19114489690173472
SG_014784,0,0.07433473339882508,0.18033724525392905,0.04921342540340878
SG_014785,0,0.10503257173837384,0.36473612157093255,0.10311777224447827
SG_014786,0,0.09767813255064939,0.342889648179458,0.09442483367563204
SG_014788,0,0.25815384483730386,0.6210464631259877,0.26778839538531224
SG_014789,0,0.10960284940921898,0.2739503330000707,0.08152242671039171
SG_014790,0,0.17829751663061055,0.5782625543744154,0.21009397958209478
SG_014791,0,0.13006475178710766,0.4368862479881709,0.13464753570059218
SG_014792,0,0.3144170691607339,0.6610473575112786,0.31574470850972786
SG_014793,0,0.13288354339472946,0.35085107737731563,0.1100472903642873
SG_014794,0,0.2550703062919872,0.5902522556246417,0.2500335772141905
SG_014795,0,0.15984581094121605,0.516114186807286,0.17553106043502892
SG_014796,0,0.19875983174803744,0.49159321262111116,0.18245486970629463
SG_014797,0,0.14371947244879377,0.466122125383221,0.1501994061308062
SG_014798,0,0.13245085607728144,0.40472407076423433,0.12571967744159251
SG_014799,0,0.10996246145341448,0.4947211931695171,0.14349167119825512
SG_014804,0,0.09782471673167531,0.3513332366215356,0.09662488950665955
SG_014805,1,0.28458798831759,0.6052959240064452,0.27024593642886485
SG_014806,0,0.14434984107227344,0.5241788599756567,0.1713121273827222
SG_014807,0,0.1429398968287157,0.5263617727946315,0.17144918583118485
SG_014809,1,0.11229872803991177,0.4759649265478575,0.13865796719727383
SG_014810,1,0.22584268698987894,0.4849278100548798,0.19017166501575805
SG_014811,0,0.12087700048767941,0.3533941769673824,0.10633251271480763
SG_014814,0,0.16241915218718062,0.5185635627371553,0.17765088398156448
SG_014816,0,0.1509927863818156,0.41529068176500034,0.13637825471944462
SG_014817,0,0.10283277927836859,0.295743866116436,0.08463963690262129
SG_014818,0,0.2298261807324744,0.6022439495132553,0.24535221592607215
SG_014819,0,0.152196408670742,0.4074077804696763,0.13431004548095749
SG_014820,0,0.13196485241530506,0.5101419328878104,0.1600607236250554
SG_014821,0,0.16889272358648885,0.48391497428766694,0.16733191848112308
SG_014822,0,0.1320772442964473,0.5114568896856693,0.16058740143126396
SG_014823,1,0.24857377822181093,0.5658293195725257,0.23512602376503114
SG_014826,0,0.2076958314897214,0.5518177310450526,0.2115099330326222
SG_014828,1,0.20069607903195474,0.6285384480713864,0.24549244495899078
SG_014829,1,0.14332686581091622,0.5351213183425904,0.17498784922078067
SG_014831,0,0.265619014127663,0.5748517175856739,0.24650704996189862
SG_014832,0,0.13175607216159982,0.46972837071437545,0.14603055072396082
SG_014833,1,0.23211849567009737,0.5935630694821797,0.241936954420381
SG_014835,1,0.24711828708101655,0.6270123554259646,0.2662523932580696
SG_014836,1,0.2738637552139227,0.5904548921730222,0.25789038375481915
SG_014837,1,0.2266531564027777,0.6261036822372414,0.2564976952208189
SG_014838,1,0.27638626099374236,0.6210728273074205,0.27560414834728336
SG_014840,1,0.25364467818151876,0.6293148674916518,0.2704288321652698
SG_014841,1,0.08901139980452555,0.32860814600606125,0.08732774619578
SG_014842,0,0.2628086522549384,0.6054120389545137,0.2612554719411767
SG_014843,0,0.34240360221031385,0.6741767304278362,0.33618756683687606
SG_014845,0,0.16239477392673038,0.4874520723035882,0.16587454801987514
SG_014846,0,0.12365159598293864,0.40228155581651237,0.12137584914086318
SG_014847,0,0.16374206577403605,0.49049880563700055,0.16758089655353103
SG_014848,0,0.11056375893499149,0.5420090988002103,0.16002724681211425
SG_014849,0,0.10374259195494563,0.29748333935291027,0.08539413765313669
SG_014850,0,0.1706549770958071,0.6005787017157086,0.21661009755039848
SG_014851,0,0.29197014262795545,0.6090940637548333,0.2753671909942221
SG_014852,0,0.10980628197052288,0.3807681427287145,0.1094473809882519
SG_014853,0,0.15338526961433274,0.4589479817413769,0.1518898512091617
SG_014854,0,0.18133304723149044,0.5318660757762603,0.191454362651087
SG_014855,1,0.25553990861451176,0.6262714691051581,0.2695561594657319
SG_014856,0,0.14988341364626057,0.5191692049210964,0.1720701546854255
SG_014857,0,0.13043191880703664,0.4573451010840419,0.1413531507868708
SG_014858,0,0.12589177231883383,0.4225237496006657,0.12839114129377677
SG_014859,0,0.14398511886679785,0.5979447853837712,0.2013044381247109
SG_014860,1,0.15833210090031127,0.6004645384611215,0.21018318589291551
SG_014861,0,0.10930098169951519,0.3511283234550565,0.10124037640694972
SG_014862,0,0.27155299533887195,0.5767914542674757,0.24987798474280326
SG_014863,0,0.1541270645515288,0.5965183929215557,0.20615823198977223
SG_014864,0,0.10142846562050677,0.3553825341754594,0.09916699492489561
SG_014868,0,0.18177772300288153,0.46967359229664735,0.16730384280347785
SG_014869,0,0.13175327659039945,0.4598501231189866,0.14276888816883554
SG_014870,0,0.1016909743866354,0.3729122113427736,0.10386705174625535
SG_014872,0,0.14802741417523513,0.4313571159571052,0.14041656753007958
SG_014873,0,0.3251343699601846,0.6420458187141389,0.3082811288843749
SG_014876,0,0.10158528651288194,0.4165314591253307,0.11567479733878268
SG_014877,0,0.13784880292358906,0.4396876327819515,0.13889453267453308
SG_014878,0,0.18462039254693832,0.7042536900139732,0.2810004266312732
SG_014881,1,0.22863115586459481,0.6107691200122156,0.2492380926745475
SG_014883,0,0.09881874763918379,0.37757518419989483,0.10384261445520732
SG_014884,0,0.17615460703647376,0.2005268736337638,0.07875135189825871
SG_014886,0,0.16972541044100742,0.5109669912254616,0.17796162877278335
SG_014888,0,0.16632591425315774,0.5191377599624316,0.1796420652286759
SG_014889,1,0.10588387691513317,0.2976947421948627,0.08620469992207859
SG_014890,0,0.08083574092042119,0.4178195560568927,0.10556036917651197
SG_014891,0,0.16541817291058425,0.4501427522303601,0.1537582053531349
SG_014892,0,0.14987983575252498,0.46412971837725514,0.15218891889252673
SG_014893,1,0.3031432798839804,0.5966335333403335,0.2729877761697137
SG_014896,0,0.1677700604239504,0.42941106601067774,0.1475204927475731
SG_014897,0,0.14084739136204213,0.5034579735882808,0.1619737041189597
SG_014899,0,0.19656378072201372,0.5764390379895774,0.217802699280045
SG_014901,0,0.12896059144576114,0.33763268843183974,0.10491456450335322
SG_014902,1,0.13804191388804798,0.4481689815392836,0.14173163657355198
SG_014903,0,0.09691421044298097,0.2708405565634792,0.07653782985591902
SG_014904,1,0.1699055142018988,0.5966396796640895,0.21438860790747824
SG_014905,0,0.23618882280842,0.5520890316198331,0.22353401360560574
SG_014907,0,0.09486547410334949,0.32767761470049356,0.08949481440892025
SG_014908,0,0.1371632635788211,0.43979152166109275,0.1386355701717869
SG_014910,0,0.10568627393285368,0.4228479464958205,0.11940098179520983
SG_014911,0,0.11895661537393126,0.4387290259306087,0.1302595037242833
SG_014912,0,0.1420264084959871,0.3987309950866046,0.1276755903135437
SG_014913,1,0.2264466628373918,0.6445884295545916,0.26664328300717227
SG_014915,0,0.27148210028088915,0.6690472739075802,0.3020819597265083
SG_014916,0,0.11903358464185443,0.5166975806621104,0.15574201583524871
SG_014917,0,0.19257810558304148,0.5772353232288253,0.21634121880470553
SG_014918,0,0.2049172918646235,0.6109810257216224,0.23843758238603865
SG_014920,0,0.15320049325228388,0.377377808498451,0.12522816096698097
SG_014922,0,0.148947968227555,0.48799930330511226,0.16016103996020034
SG_014923,0,0.16347356825696566,0.48096874208552204,0.16395984413136463
SG_014924,0,0.1671148155309954,0.5334620196385318,0.18570175509787665
SG_014925,0,0.32237424953752214,0.6636850367325988,0.32081347075250155
SG_014926,1,0.17217552533303201,0.512504417661059,0.17963664295661988
SG_014927,0,0.19941895162057657,0.48240320654573454,0.17909371674944463
SG_014928,0,0.16433370952169438,0.652925088175577,0.239425063929738
SG_014929,0,0.19281749849552351,0.5417159298691937,0.20064263129843904
SG_014930,0,0.1883293289749349,0.5447305905306803,0.1999628085706987
SG_014931,0,0.13101405213660003,0.48586850843457763,0.15112055300272062
SG_014932,0,0.1659570528423617,0.5100916554116419,0.1759589661954349
SG_014933,0,0.11017030470041063,0.4143311156067873,0.11902950279575117
SG_014934,0,0.08271760799623208,0.0946937003782642,0.03210300143937973
SG_014935,0,0.08668138465455037,0.11834389753462406,0.03846531406828806
SG_014936,0,0.0966063234652319,0.3464878878358062,0.09488870104888711
SG_014937,1,0.30482863683982525,0.6725599582553696,0.31909150442683765
SG_014938,0,0.08492411571807475,0.3291126981510655,0.085725174872458
SG_014941,0,0.2793119505537201,0.5402907215165169,0.23483180299712716
SG_014942,0,0.09563643757926545,0.39364604472761044,0.10664247388308891
SG_014943,0,0.09958098891809249,0.4163908416783702,0.11467971865425848
SG_014944,1,0.24661514206620203,0.5867757063592757,0.2447109108924467
SG_014947,1,0.22122648864611572,0.5353260079017721,0.20981919640093433
SG_014948,1,0.09277392614603769,0.2952594039979903,0.08085691390765036
SG_014949,0,0.2590016788280083,0.5734633088788189,0.24313264183057567
SG_014950,0,0.22769744404590397,0.5887731442315376,0.2376092533349791
SG_014952,0,0.25795201011551977,0.5382460085874257,0.22570221070164442
SG_014954,0,0.1968479272979187,0.5506372208229113,0.20628168118690396
SG_014956,0,0.2995655230359961,0.6594571478602497,0.308388121234097
SG_014957,0,0.16677566817166686,0.32138968214877106,0.11254673289464608
SG_014958,0,0.245766091196959,0.6053458712368875,0.2539420826923974
SG_014960,1,0.12921315946208844,0.37114069051144855,0.11451392660063593
SG_014962,0,0.12630367384578556,0.3718284373784393,0.1135948050760795
SG_014963,0,0.12113505805803111,0.4670248354059669,0.1401525782225556
SG_014967,0,0.23485675711000772,0.5702702057751191,0.23160848749179522
SG_014968,0,0.28040094040479563,0.6712718106475436,0.3075036361933052
SG_014970,0,0.12095714652153698,0.4454939337536706,0.13326240407842171
SG_014971,0,0.2217337815739783,0.5660875619610626,0.22406695085961087
SG_014973,0,0.12862738140130378,0.36874151727345517,0.11359957968152137
SG_014974,0,0.24698175391369934,0.5915855311911046,0.2473153338576442
SG_014975,0,0.14171118141223282,0.46298465197855937,0.14825297382289976
SG_014977,0,0.14488608152977472,0.37181538125265357,0.1205360222060321
SG_014978,0,0.1613780083897649,0.4947815491431849,0.16814455987054894
SG_014981,0,0.26428395330277893,0.6166821025386788,0.26801425644155913
SG_014982,0,0.12270077833744124,0.3087721261920513,0.09486801079900853
SG_014983,0,0.11540742751916551,0.36715377504867386,0.10800208392282773
SG_014985,1,0.21387214589270495,0.5150711409754737,0.19808689899050633
SG_014986,0,0.09321471008727028,0.3156811697529411,0.08591527059361254
SG_014987,0,0.0994577657938061,0.3735248529585232,0.1030590030061582
SG_014988,0,0.15012149798997562,0.4525452505370358,0.148331997110953
SG_014989,0,0.11814283490126144,0.3382247234733737,0.10116648274469046
SG_014991,0,0.20999967816811915,0.6059794784155735,0.23828045953584376
SG_014992,0,0.20740333814865664,0.5565095180305218,0.2134958441584345
SG_014993,0,0.10878123267243082,0.31680646157536396,0.09208878385177356
SG_014994,0,0.28564404017917727,0.6684495186456775,0.3080272238331445
SG_014995,1,0.33031249769788334,0.6785671306366037,0.33404772287200096
SG_014996,1,0.29224550117144615,0.6709730958910316,0.31256095402202283
SG_014997,0,0.1466172794644067,0.46743315117460266,0.1519160844011293
SG_015000,1,0.2312946260900913,0.6571890315847994,0.27623061583533204
SG_015003,0,0.1189232421958117,0.3933179758966916,0.11679710916198414
SG_015004,0,0.11291076840531789,0.5921927539150343,0.1806362913260271
SG_015005,1,0.24710288824151902,0.5827851854450916,0.24290207514328022
SG_015006,0,0.16046250161531134,0.6574942588359508,0.23967872664499817
SG_015007,0,0.15444135330951478,0.4943352552983418,0.16491431660017264
SG_015008,0,0.24191626103158628,0.5402849304218239,0.2203704235027319
SG_015009,0,0.17619882917919258,0.4803432823631459,0.16903305555541254
SG_015010,1,0.21072261925225735,0.5925244722703714,0.23191596944997378
SG_015011,0,0.11589880980511025,0.48564842847937933,0.14361026450355893
SG_015012,0,0.07882077019543343,0.27696221871045357,0.07137406929287228
SG_015013,0,0.11142262212067562,0.41800202191114644,0.12065617955582661
SG_015016,0,0.21677878770122885,0.5726687113067395,0.2250391929563127
SG_015017,0,0.12520501491333266,0.5783492235554054,0.18238322023670156
SG_015018,0,0.13346312088618298,0.536949902809821,0.17067826558510327
SG_015019,0,0.24543850132056147,0.6204748318821052,0.2619101686365291
SG_015020,0,0.12597164055966703,0.433834640729656,0.13190144263853282
SG_015022,0,0.19103079765066358,0.5425808906237726,0.2002321225300027
SG_015023,0,0.2508241778504236,0.5811289761192934,0.24362027584309942
SG_015024,0,0.1309639571470124,0.7074136785260473,0.24941393962114886
SG_015025,1,0.2902563246472107,0.6753375564881678,0.3145202979799327
SG_015027,0,0.25578985364514456,0.6261612563048211,0.2696040325518018
SG_015028,0,0.10358803080905897,0.36205193791855395,0.10180671612634598
SG_015029,0,0.16230051224867936,0.46133989341168996,0.15642707679110718
SG_015030,1,0.16978609467198,0.5454135339941196,0.1918334255042108
SG_015032,0,0.1063488700172039,0.3187743798467182,0.09169698251552973
SG_015033,0,0.25074721191243404,0.5930855656832138,0.24967880607995926
SG_015034,0,0.20686243362145396,0.5723460440697703,0.22053299069990576
SG_015035,0,0.22139414617036737,0.5157346930207635,0.20135853888640892
SG_015037,1,0.27405451418664734,0.6343560005052629,0.2822063218357204
SG_015038,1,0.14540827145321467,0.5468365663391038,0.1806138652086615
SG_015040,0,0.298578247715984,0.6772327682403749,0.3194377421772471
SG_015041,0,0.12167205725160042,0.44381580782153773,0.13306883107000805
SG_015043,0,0.20454269272631198,0.538072613306177,0.20410323973034472
SG_015045,0,0.27334485309193035,0.5442237062864983,0.23445414204635726
SG_015048,0,0.18666215978345638,0.5041801702593312,0.18253427597340657
SG_015049,1,0.10375184744325977,0.40990066817923076,0.11483681337771227
SG_015051,0,0.10434778454720317,0.4626853968911302,0.13047335892151365
SG_015052,1,0.15514980672137277,0.53126214742072,0.17923394376141857
SG_015053,1,0.26643643294038727,0.6871503033489149,0.311494493298265
SG_015055,0,0.20380144184605772,0.5136690995403682,0.19343664345858935
SG_015056,1,0.15878861066372033,0.5378179970177194,0.18356271829439885
SG_015057,0,0.22418046720706516,0.6216573724332528,0.25296894425703786
SG_015058,0,0.17041906961660583,0.49346754274895227,0.17155280678406956
SG_015059,0,0.13823775532220264,0.4106008350205131,0.12985566435682494
SG_015060,1,0.10053711193258547,0.3084746170381706,0.08695268184896181
SG_015061,0,0.16285683952065247,0.4875337719470027,0.16610349087757914
SG_015062,0,0.1865212210812366,0.5882620814120945,0.21862948088008857
SG_015063,0,0.10066105631791877,0.24244433266220813,0.0709939623181794
SG_015064,0,0.254075832195604,0.5937279529331677,0.2514133003276598
SG_015065,0,0.28089873096000134,0.53278126132193,0.2318375656599542
SG_015067,1,0.26439234246436377,0.6411897285044967,0.2819766548939336
SG_015069,0,0.17778214918520993,0.38569890576037064,0.13647049585167617
SG_015070,0,0.21012980391643912,0.5596056319390981,0.21608137366168953
SG_015072,1,0.29615846749387775,0.6516650418882645,0.30206232937641514
SG_015073,0,0.11445979519360809,0.3960916697352148,0.11570615227998682
SG_015074,0,0.15028520466350467,0.4770552326859577,0.15686923552019175
SG_015077,0,0.21041006744406743,0.5978708756317835,0.23441031740677287
SG_015078,0,0.2653126946859529,0.6274698770047811,0.2744844387822627
SG_015079,0,0.20731643681352444,0.5923918926415331,0.2303012343947972
SG_015080,0,0.21986090583726955,0.6321455206655827,0.25661706685945807
SG_015083,0,0.0771718928234596,0.33681750462966403,0.08409039428939648
SG_015084,1,0.21256365420660472,0.5448989549719552,0.21048625583417233
SG_015086,0,0.1375392592215224,0.5156672137383299,0.1648141416984064
SG_015087,0,0.2001019018663477,0.5723028422761124,0.21749229631410824
SG_015088,0,0.1097995693106264,0.4896661995314746,0.14176187515902539
SG_015089,1,0.15710417962084938,0.4815845526519731,0.16145363582094724
SG_015090,1,0.14232730042401942,0.4752923544540946,0.15272515078297788
SG_015091,0,0.07559645542967607,0.31318807634288864,0.07805411605519746
SG_015092,0,0.11069631222359717,0.2563615535449432,0.07747761430616446
SG_015094,0,0.14438846993915902,0.4303319338973035,0.1386015024256609
SG_015096,0,0.28627199656517793,0.7136732725983905,0.3391473676476753
SG_015097,0,0.13513768048376637,0.5292870624527769,0.16865493891317912
SG_015098,1,0.23036000722017358,0.5377685169880863,0.21460858795457455
SG_015100,0,0.16961063459334066,0.5162722158505525,0.1799847424968281
SG_015101,0,0.15952378506960455,0.43346705119941303,0.1457034292684281
SG_015104,0,0.1286778982934693,0.46346136041754915,0.1425439109872004
SG_015105,0,0.2083658134899574,0.5327385718427714,0.2033940558642728
SG_015106,0,0.12221076819943812,0.44667213019630286,0.13420518509584764
SG_015107,1,0.1438910016458502,0.4193077972439582,0.13486101145475424
SG_015108,0,0.1928252721882885,0.54556406112188,0.2023043682959982
SG_015109,0,0.1620760572090531,0.5207088594378547,0.17833018812354912
SG_015110,0,0.11700310773413547,0.3103094951971726,0.09332602141157713
SG_015113,0,0.09490700230634913,0.36662453789378063,0.09927363179497128
SG_015114,0,0.155992452861135,0.5376254790585702,0.18215206543579257
SG_015115,1,0.2519298896704277,0.6931145547388009,0.30861589971513803
SG_015116,0,0.155373709338031,0.46614139705325147,0.1552273826682534
SG_015117,0,0.11359191716207179,0.36060297414821024,0.10548603383902629
SG_015119,0,0.18493151913657582,0.6666876821790899,0.25835694132438963
SG_015120,0,0.10806019689621338,0.21297449291878348,0.06602083334328392
SG_015121,0,0.10598369077633274,0.29605192284460957,0.08582858800752424
SG_015122,0,0.1260725384141507,0.42911937482212426,0.1304896006960994
SG_015123,0,0.3366439956062668,0.734104968994167,0.37764967683964357
SG_015124,0,0.11114644278756265,0.45960002523737964,0.13295453853874203
SG_015128,0,0.24535449799560496,0.6089108857596031,0.2556494559045275
SG_015130,0,0.08511225405401883,0.34201390862359404,0.08887058844082546
SG_015131,1,0.1782828156502805,0.5415452866057646,0.1941175524392555
SG_015132,0,0.134679358633363,0.4045272396492268,0.12655845886505845
SG_015133,1,0.2573046289855557,0.5407666789933023,0.22663148176698447
SG_015136,0,0.1588037815728832,0.37181631022368333,0.12547394088811278
SG_015139,0,0.23652342980037636,0.5717306474188063,0.23301364091124638
SG_015140,0,0.19263157629434913,0.5097610570981792,0.18724871165224885
SG_015141,0,0.12111724041872456,0.11709159604924078,0.04440859750869699
SG_015142,0,0.21132670913109966,0.5227115288840314,0.20030449049659071
SG_015143,0,0.215584266688974,0.594789428701359,0.23522983201363476
SG_015145,1,0.29162418387593086,0.6107811818651399,0.276166840296026
SG_015147,0,0.15261131021552435,0.4213623134867864,0.13897872074295858
SG_015148,0,0.12553491826690516,0.5790117556346757,0.18284289649204694
SG_015149,0,0.13909074616371572,0.37103834607625613,0.11818648279392814
SG_015150,0,0.11063156134284541,0.2870012925723914,0.08514482603199956
SG_015151,0,0.13678138406923349,0.46896706778659725,0.14807156193647045
SG_015153,0,0.14067843781387335,0.49089290511025274,0.15741212061887924
SG_015154,0,0.1872985003185603,0.44133665157265495,0.1590553338721311
SG_015156,0,0.12376340488215572,0.4098601158587038,0.1236678770214232
SG_015157,0,0.11190930014025124,0.3200785050658825,0.0940733059961589
SG_015160,0,0.2774966768238416,0.5917036616344367,0.2600273279987971
SG_015162,0,0.14304589590327196,0.4062598536216289,0.1304107048711924
SG_015163,0,0.22748663845998096,0.4698415890055723,0.18465640876593234
SG_015164,1,0.20672726053497095,0.5166988602541881,0.1958907420928671
SG_015166,0,0.08530686979640663,0.3943690425972197,0.10186343640650564
SG_015168,0,0.1646905291911822,0.5544430960500544,0.19319436859177772
SG_015170,0,0.09978488368191414,0.3823679900443855,0.10553841518706257
SG_015171,0,0.19960152096700942,0.5529666826365166,0.20851636790700795
SG_015172,0,0.1447241292375189,0.44629481879399563,0.1439685533820051
SG_015173,1,0.23037088847679724,0.6039773852586633,0.24648606123673494
SG_015174,0,0.10156100980949277,0.27728231058411124,0.07967172825073837
SG_015175,0,0.13569969023899311,0.527115058688177,0.16812840775068666
SG_015177,0,0.2483671216122261,0.5384715973690343,0.2220774952343133
SG_015178,0,0.28451846205694636,0.5899254038677023,0.2619223124370722
SG_015179,0,0.0937404335590785,0.35371088735574246,0.09549223455817324
SG_015181,0,0.1442323140990631,0.30346843610046237,0.10036077404068797
SG_015182,1,0.10173350755664241,0.32213533851434795,0.09080908621689097
SG_015184,1,0.28175590598865646,0.6325362923090581,0.28444796123278865
SG_015185,0,0.15465503255092314,0.5352832012993194,0.1805819394682513
SG_015186,0,0.2292883300874022,0.5365143073388785,0.2136131763848494
SG_015187,0,0.11094442947658474,0.4402664317115187,0.12698639970266887
SG_015188,0,0.11847992303113293,0.36320417334576155,0.10812489395457243
SG_015191,0,0.12064324766233044,0.4791162266299518,0.14384125360136
SG_015193,0,0.13403916175626984,0.43450368409984363,0.13561067965961812
SG_015194,0,0.2293834565986168,0.5663301474879451,0.22742224562385663
SG_015196,1,0.3350095971460596,0.6677450039248211,0.32878906003822195
SG_015198,0,0.10397922673915011,0.3311882904819377,0.0939664176443919
SG_015199,0,0.09913027871258984,0.25726846593450214,0.07404488920063855
SG_015200,0,0.20368276754530035,0.5993944387608644,0.23206144574273896
SG_015203,1,0.10630337414893815,0.32710739030357966,0.09381122990013645
SG_015204,0,0.10385730192954203,0.40276263443365756,0.11290101140067445
SG_015205,0,0.11907852165427306,0.4029453195212384,0.11964580861235916
SG_015206,0,0.2177787996257268,0.5329941554850226,0.2073846172156691
SG_015207,0,0.13466654759640048,0.4468021691795473,0.13981947644446646
SG_015208,0,0.14204828783061674,0.46215395203924436,0.14812062995714276
SG_015209,0,0.29253042640726745,0.6639280741957889,0.30817091894853743
SG_015210,0,0.15414921322672262,0.4108477923541952,0.1361613382488839
SG_015211,0,0.08377628941392683,0.22901343462749896,0.06258040332965291
SG_015212,1,0.193925107655025,0.5510155595113799,0.2051616227935599
SG_015213,0,0.12186639277324869,0.3414207698576313,0.1034065204820339
SG_015216,0,0.11038268386823724,0.3429754563330588,0.09950427731106821
SG_015218,1,0.2555175878987798,0.5739590514664202,0.24196192887083642
SG_015219,0,0.2471810911667185,0.6027950398209587,0.253211031023749
SG_015220,0,0.12262926184709809,0.3690269235933526,0.11137275993434376
SG_015221,0,0.16870351677697673,0.5122136211763785,0.17799648628344367
SG_015223,0,0.19658846691492263,0.5484044044889843,0.2051885996370433
SG_015225,0,0.21123178800578576,0.5920885710338446,0.23193294283261962
SG_015226,0,0.08001524206112091,0.30486468579306963,0.07806651209570778
SG_015227,0,0.2882068669470403,0.7064157706560424,0.33480712048509936
SG_015228,1,0.22931032285814865,0.5744821781771774,0.23129906294278804
SG_015229,0,0.12519601425035634,0.48806163931743407,0.14905138591408865
SG_015230,0,0.24813870185029638,0.6004908600039993,0.252415143729156
SG_015231,1,0.17921089955694727,0.5195117610222758,0.18548834812784065
SG_015232,0,0.11343513566170978,0.40801502996176897,0.11867160013792083
SG_015233,0,0.08164426512538624,0.3325921111938114,0.08512013715979747
SG_015234,0,0.20915393795454343,0.4771100198990239,0.18075567040494883
SG_015236,0,0.1734134201920637,0.4602549710205602,0.1605331424158956
SG_015237,0,0.15736927219627952,0.507883668073671,0.17126736131559667
SG_015238,0,0.14264226949679185,0.488027644543639,0.15730837786579072
SG_015240,0,0.25851222637790533,0.5689562460857603,0.24069185380569405
SG_015241,0,0.22641956265606458,0.5465561033893617,0.21698813211482357
SG_015242,0,0.15904656053717345,0.4478341627775242,0.15039913703885133
SG_015243,0,0.207227129950229,0.5218249719057098,0.19825412804011336
SG_015244,0,0.12559159401635275,0.2139424360065083,0.070856975310802
SG_015245,0,0.21501534462181018,0.6186174821612832,0.24711488969824344
SG_015247,0,0.13215548618536765,0.5124732863895671,0.16099116449976159
SG_015248,0,0.11452924228314758,0.4544841226837569,0.1330244560942243
SG_015249,1,0.22918632583360798,0.5647258131413091,0.2265779675095812
SG_015250,0,0.1552619883776943,0.4498419053271769,0.1495446452880593
SG_015253,0,0.08936469414818761,0.2997055321749408,0.08061203127262433
SG_015254,0,0.11969168467273485,0.46941249613623054,0.14022530433350333
SG_015255,1,0.3746040424943649,0.643857922815299,0.3294368300371835
SG_015258,0,0.21764144419641782,0.4101170650683002,0.15835840033162166
SG_015259,0,0.19611686250520685,0.47355813466698304,0.17438405255391812
SG_015260,0,0.19865403072474996,0.5857705204010595,0.2231401340092997
SG_015264,1,0.10830382627955641,0.3559265917576745,0.10211712847116261
SG_015265,1,0.2642571183584774,0.6052449297051734,0.26177587984983264
SG_015266,0,0.12859379045594982,0.4235131760360002,0.1298523936000398
SG_015267,0,0.22730944847549872,0.571139012982678,0.2288391088711298
SG_015268,0,0.0720871057375541,0.36919674621078125,0.08907815981809893
SG_015271,1,0.12112191425127879,0.4460791012525651,0.13352014988270824
SG_015273,0,0.0904149323354012,0.34267764108478915,0.09133045962565416
SG_015274,1,0.11020486162696592,0.4059356247361016,0.11664764087926166
SG_015275,0,0.2121075752489583,0.5142195636724988,0.19702125316104246
SG_015281,0,0.1069313252272401,0.43812058268612525,0.1244263914693994
SG_015282,0,0.12965869823086165,0.40127986126262366,0.12354929051448539
SG_015285,0,0.12432698211407145,0.4655906423150955,0.1412068943204265
SG_015286,0,0.14538872089022084,0.48496069692889376,0.157477258143829
SG_015287,0,0.13973654780056186,0.4561567422994643,0.14510105841969445
SG_015288,0,0.08900219669637455,0.222128492824376,0.06268873956161825
SG_015291,0,0.07655050800879629,0.22966886695235372,0.06032849513969791
SG_015292,0,0.30235281023932914,0.7035551953685879,0.3391959484738622
SG_015293,0,0.16805389930975714,0.5278022628960932,0.18385619071291076
SG_015295,0,0.2684759974414777,0.6791731490928676,0.3072031948956446
SG_015298,0,0.1091015490867448,0.21231887215458398,0.06614132680872262
SG_015299,0,0.11173496466146822,0.33938730303941544,0.09907414374172542
SG_015300,0,0.13941443184341293,0.46157741597902274,0.1467677294034766
SG_015301,0,0.08390272242986967,0.31257822826572806,0.08143447964315548
SG_015303,0,0.13420093835890237,0.4258488668326688,0.13295153731707723
SG_015305,0,0.1857975297228742,0.5544141258498768,0.20301149626031023
SG_015306,0,0.110126536102032,0.41467844002216686,0.11910943393924614
SG_015307,0,0.16702341877172597,0.48626728248157425,0.1674149352060854
SG_015310,1,0.28048808816323284,0.5535302495373298,0.24172466067401724
SG_015311,0,0.21426518828812235,0.5408437812012051,0.20939678505541032
SG_015313,0,0.13813111648933726,0.35391033602000826,0.11280710342824374
SG_015314,0,0.08557542549540283,0.14398803271627242,0.04416037109632995
SG_015315,0,0.30024560044265236,0.6379636273786777,0.29546476873238386
SG_015316,0,0.12148317983258526,0.3896176674954916,0.11678941265238307
SG_015318,0,0.17517061208557294,0.47918039383216765,0.16817768077052106
SG_015319,0,0.2058959168064561,0.4749088077414532,0.17865481318898022
SG_015320,1,0.23512169317778542,0.5772381380438952,0.2351075215396146
SG_015321,1,0.31798799520368315,0.5955202507137607,0.27823494421120226
SG_015324,0,0.2503306285682005,0.5740675328744094,0.2398904776947756
SG_015325,0,0.18869802680323355,0.4825663669365883,0.1749287003934858
SG_015327,0,0.22159819803909483,0.5593810998099611,0.22087632965852863
SG_015328,0,0.29117305076927963,0.6437436665614862,0.2950998189602624
SG_015330,0,0.17317893675378626,0.4330726964462174,0.1508349757402199
SG_015331,0,0.30791415850090553,0.6385548097643611,0.2990249892307613
SG_015332,0,0.21595164394906285,0.36158625509084663,0.14052403402907157
SG_015333,0,0.14006772714304816,0.41506015877360847,0.13198250401998562
SG_015334,0,0.06789852739987244,0.22111694725178707,0.05556655462897121
SG_015335,0,0.2833368273244266,0.630830567428421,0.2841284020991119
SG_015336,0,0.2235166802253329,0.511971551327528,0.2005851706938888
SG_015338,0,0.1343574704063836,0.4135785573798802,0.12920315415585337
SG_015342,1,0.15517698591046455,0.4859192739664302,0.16217828769412887
SG_015343,0,0.11133717758744562,0.39913664691211104,0.11522085968855965
SG_015344,0,0.09643604356186697,0.3289421661007161,0.0904361279295407
SG_015345,0,0.17356345837967482,0.5395919457313907,0.19116116025989782
SG_015347,0,0.14682222451746854,0.46130732175597156,0.14990765741042386
SG_015350,0,0.09874618291069977,0.35204385193375026,0.0971913805200521
SG_015352,0,0.1835414853077831,0.5739898743642328,0.2106512432615226
SG_015353,0,0.09023415029788727,0.28495346647439934,0.07748965659010734
SG_015354,0,0.16164228135266898,0.44226705244206044,0.14953007135566884
SG_015357,0,0.1299433318166731,0.4238239738736995,0.13052296657456358
SG_015358,0,0.12627078506491232,0.3827402222659695,0.11672708727131716
SG_015359,1,0.3624865674762172,0.6973103511298855,0.3608432567806236
SG_015364,0,0.17470586945731872,0.5564561532201324,0.19879083499931988
SG_015365,1,0.12047624067335193,0.4733501002520001,0.14187845735789478
SG_015366,1,0.2594297015027148,0.6016062761810808,0.2577994729588677
SG_015367,0,0.10097406624923828,0.318235972649318,0.08954273513884085
SG_015368,0,0.11893866825388806,0.45379684005722737,0.13491140754868672
SG_015370,0,0.08055701065143028,0.2787101033767979,0.07242922376148425
SG_015371,0,0.2332380256162874,0.5653003668056233,0.2285472983076405
SG_015373,0,0.1977862828977969,0.5969975626904346,0.2281310690184929
SG_015374,0,0.23340434080632466,0.5284945241083054,0.21166934461815304
SG_015376,0,0.19709537365469001,0.5023487692381493,0.186085519708537
SG_015377,1,0.3210678516788632,0.6548902576486487,0.3146236773176756
SG_015378,0,0.18263739669180099,0.5328883724373402,0.1924529884775133
SG_015379,0,0.23232231199016154,0.60025150912573,0.24543084794083012
SG_015380,1,0.2622207044557818,0.6607528580369554,0.292725005266359
SG_015385,1,0.14045917103375868,0.487153201290134,0.15599626399437816
SG_015386,1,0.26262435466795414,0.5825060904021949,0.24918050268664338
SG_015387,0,0.07636256270709312,0.20372306333960968,0.05475721654963304
SG_015389,1,0.26218217893401446,0.6106554540002912,0.2638210091675854
SG_015390,1,0.14438309703872068,0.4009163739474534,0.12926366354504992
SG_015391,0,0.09315366249964228,0.258044313324211,0.07225310244007019
SG_015392,0,0.15798960936418321,0.5097849875584952,0.1722679059482211
SG_015393,0,0.2988212523689086,0.6180834925530552,0.2832440046335291
SG_015394,1,0.14734660757381485,0.470580031303065,0.15332056742856331
SG_015396,0,0.3355838596346073,0.6287568471587708,0.30442942256901634
SG_015398,1,0.2275814458615304,0.6696012037828505,0.28187380408686613
SG_015404,1,0.32989130776253855,0.7091532958380126,0.35549067081005886
SG_015405,0,0.23583046887948814,0.5961073341013509,0.2448435068004352
SG_015407,0,0.14509030517878216,0.47190067656146295,0.15278528376013722
SG_015408,0,0.1718522952741465,0.4702353077065925,0.16352456309589553
SG_015409,1,0.19279957559554015,0.5760599371325865,0.21590126611476793
SG_015410,0,0.1626226691697536,0.4745549800521649,0.16127415048702665
SG_015411,0,0.25655584328095266,0.6796657450860538,0.3019996576568764
SG_015413,0,0.12622044052821826,0.32840392319600953,0.10139607757173677
SG_015414,0,0.15415432872757726,0.47543676689134956,0.1579809569324722
SG_015415,1,0.19279298826106706,0.4486423319355662,0.16376149633516301
SG_015416,0,0.12201109226771119,0.4480512789624168,0.13454467665824704
SG_015417,1,0.29496670392092117,0.6573393454900469,0.30507559952826235
SG_015418,0,0.10621867350880454,0.49542775516610943,0.14171112005254646
SG_015419,0,0.12803134752016473,0.3231770431837796,0.10058754745747044
SG_015420,0,0.12408888367581894,0.5365036617905894,0.16556278142646702
SG_015422,0,0.12763384503595498,0.3380801436978596,0.10456826101086458
SG_015423,0,0.1525756072602392,0.6125640038445422,0.21270590644006238
SG_015426,0,0.13100763275094807,0.3808789220570874,0.11803781106390958
SG_015427,0,0.15156027696955374,0.47171759839417765,0.15554935278606805
SG_015429,0,0.29319701777095136,0.6992666635313373,0.3320283575178544
SG_015432,0,0.33018047783228366,0.6571774720744868,0.31988813672846483
SG_015433,1,0.2992946154581279,0.5554034135484561,0.24982959528344612
SG_015434,0,0.10870110528596459,0.4288625550448151,0.12255763083229868
SG_015435,0,0.25603001150110366,0.6246553794267067,0.26886863078644335
SG_015436,0,0.12481048470818117,0.45406915900190986,0.13773250582756782
SG_015437,0,0.18282545681334805,0.4972081039613589,0.17820016705046984
SG_015438,0,0.21113383147567052,0.6322971213863174,0.2525516452733593
SG_015441,0,0.10551831828941079,0.3561940716805846,0.10106062241968597
SG_015442,0,0.11707858924805298,0.48262758910777204,0.14321896527708752
SG_015443,0,0.12731549544223456,0.4930004328479404,0.15176900184795739
SG_015444,0,0.10293119488424424,0.26208391225040945,0.07643582507425331
SG_015445,0,0.08701468563730415,0.3301034864043645,0.08684813130172743
SG_015449,0,0.3162968390330746,0.7000722637657484,0.34292076221087175
SG_015450,0,0.11012192278903249,0.48834497071703087,0.1415042069447103
SG_015451,0,0.13362457781849715,0.45306888537488865,0.14139390561677492
SG_015453,0,0.13727682124140042,0.39785774405238444,0.12555702800606347
SG_015455,0,0.1582886192400332,0.4513882668636731,0.15131388061819548
SG_015456,0,0.10815527816901072,0.3575613908677268,0.10249208115148421
SG_015457,0,0.11068188677127988,0.3462307892316866,0.10048225254592295
SG_015459,0,0.12492364082845414,0.45261387769581646,0.13732161916751326
SG_015460,0,0.1020911119483367,0.44204656746294746,0.12319945798951705
SG_015461,0,0.11463291503642441,0.5003939570337435,0.14783668655540044
SG_015465,0,0.08423349663515844,0.2789712174543383,0.07388373469840141
SG_015468,0,0.22283649378331152,0.5375329887453921,0.21145593639662152
SG_015469,0,0.12843140693359406,0.4743394298638427,0.14601286757121215
SG_015471,0,0.26673256099135106,0.5869218727664983,0.2531341237183675
SG_015472,0,0.12203238969736553,0.39765359534643724,0.11934553549694432
SG_015474,0,0.11184653643122033,0.32577172342631594,0.09553535094575381
SG_015475,1,0.10310843697251004,0.5161604180549223,0.1467810120428077
SG_015476,0,0.15772782518448747,0.48651249376253997,0.16350893483043938
SG_015477,0,0.2318521190331245,0.6153827811436626,0.25311627478932064
SG_015478,1,0.10100816358984195,0.471071612600865,0.13127469876933312
SG_015480,1,0.36376000423819166,0.6676744306669252,0.3406696956996264
SG_015482,0,0.19434668583830217,0.5012107424781463,0.1845128522945976
SG_015484,0,0.1357178653485043,0.3285461159966167,0.104701891818191
SG_015485,0,0.10551792623547934,0.38215035519519747,0.10799328089485666
SG_015486,1,0.3248019623568694,0.6883404400059809,0.3383843149206835
SG_015487,0,0.20440479554546642,0.6647601294240542,0.26743792180789366
SG_015488,0,0.11598399038208247,0.3880428891973489,0.11406774922708468
SG_015489,0,0.1600882803493278,0.5771830777311251,0.20065824858584305
SG_015490,0,0.14141190125077552,0.5223745156628169,0.16919832365124163
SG_015491,0,0.10026776456887172,0.43653509282586384,0.12069838365362762
SG_015493,0,0.09846922602924206,0.29218445927232917,0.08220765263428442
SG_015494,0,0.10755281287185096,0.4455650311183017,0.1269326692589966
SG_015496,0,0.18522823043670888,0.48513301555035243,0.17452006828377709
SG_015497,0,0.2405407889996484,0.6442560772582719,0.27302317869783804
SG_015499,0,0.14557881312317314,0.4007508295509933,0.1296722807053324
SG_015500,1,0.12333987908782802,0.37875093879467014,0.11441666303454358
SG_015501,0,0.1296834143451384,0.4587613118134652,0.1414734255352171
SG_015502,0,0.14403884444943074,0.39953398681984814,0.12870103514836792
SG_015504,0,0.23461559980164867,0.6440012282553489,0.27013737803363924
SG_015505,0,0.17356942119214067,0.5190523630125092,0.1828344487747226
SG_015506,0,0.10776299725770705,0.3447076120412682,0.09894021479481264
SG_015508,0,0.32380103880434535,0.6736317564696781,0.3279576556479741
SG_015509,0,0.11096526428406078,0.4260814138276015,0.12280005313533626
SG_015510,0,0.10785913730560352,0.4873430735840938,0.13998892966023102
SG_015511,0,0.16227926123860745,0.48803688234194464,0.16604007645528146
SG_015513,0,0.22304086227385525,0.6219182403387733,0.25258329383956285
SG_015515,0,0.23752711641833732,0.5669043059763963,0.23110122403203487
SG_015516,0,0.10524150805809578,0.45045016204297617,0.1272472866215328
SG_015518,0,0.1235049928171353,0.4443057587752742,0.13405633285013355
SG_015519,0,0.1626605865113506,0.4641781994877075,0.1575794989538319
SG_015521,0,0.1778779759738831,0.45981114556986896,0.16213877002044366
SG_015522,0,0.18294723868533502,0.5212959792017088,0.18782902940359636
SG_015523,0,0.29398523930315856,0.6816188729391498,0.3203203112057877
SG_015525,0,0.15766491993929338,0.25956282103882594,0.0916788509110556
SG_015528,0,0.19252831990084307,0.5491425673849354,0.20372666476587356
SG_015529,0,0.07452640882630528,0.3167396453396398,0.07837235972600837
SG_015530,0,0.2533527035331616,0.5917357881085041,0.25007919516563815
SG_015531,1,0.33772317517474343,0.6717751526078958,0.3326082954533139
SG_015532,0,0.16076799272144454,0.4333421588907447,0.14614939828172474
SG_015533,1,0.15415532809739005,0.5333972830813516,0.1795989448217126
SG_015534,0,0.1544744925966289,0.40255770423694404,0.1336200880820436
SG_015536,1,0.1644355944873034,0.524518582470219,0.18090304048885392
SG_015539,1,0.14408853395465862,0.498520632842021,0.16171690441621012
SG_015541,1,0.28099943323384585,0.6640409678873214,0.30317628175579714
SG_015545,1,0.19889636995827506,0.6086072547098037,0.23438516176682406
SG_015548,0,0.16648497717817232,0.46289503317970115,0.15869073830765132
SG_015549,0,0.25017506344884927,0.6055213571701412,0.25593605020580346
SG_015551,0,0.1191060662271739,0.2645498164861768,0.08212276081481269
SG_015552,0,0.21771865864257778,0.6055751053086421,0.24162032135995148
SG_015553,0,0.16167856437085917,0.44781981630293727,0.15145469220648416
SG_015554,0,0.18712357795991388,0.6410930913499858,0.24534802613191328
SG_015555,0,0.0747336789790371,0.39966048139313637,0.09771417562067297
SG_015557,0,0.12371039281189784,0.415684881517114,0.12538632261053084
SG_015561,0,0.11834390216530084,0.40012985626499253,0.11851720111428195
SG_015563,1,0.30370582795066253,0.5963633787619509,0.2730633707021061
SG_015564,0,0.10953207578685979,0.3553126360739501,0.10244557907056888
SG_015566,0,0.09062039575614424,0.24716489122997057,0.06889830045708406
SG_015567,0,0.1466892523219198,0.4214365042533538,0.13666150567440116
SG_015569,0,0.1923044224264874,0.4798859266220385,0.17532819167018973
SG_015570,0,0.16759654318035125,0.5267811586635699,0.18324044893814287
SG_015571,1,0.15180661101442902,0.5150592345655065,0.1714184056275916
SG_015573,1,0.22053378013530933,0.5523543746256891,0.21719314941843895
SG_015574,0,0.12767948563907086,0.4630308144532772,0.1419420232307159
SG_015575,1,0.13090477825036406,0.4549007871309182,0.14077329200220162
SG_015577,0,0.20547725235617462,0.5561265856784325,0.2124886765842634
SG_015579,1,0.11797933739762441,0.42098062676693515,0.12447049253194821
SG_015581,0,0.21741897898924864,0.4523632729830427,0.17414848539706984
SG_015583,0,0.20617363390700047,0.502034731854511,0.18960083214408016
SG_015588,0,0.20193120641788745,0.49348644933525865,0.18446434987360819
SG_015592,1,0.2878995387618301,0.6518725091584247,0.29863606412146526
SG_015594,0,0.10909219089164096,0.21166972070870327,0.06597948603180057
SG_015595,0,0.11033483748901873,0.44524531059727407,0.1281872134573648
SG_015596,0,0.24540003700098065,0.5537575533300033,0.2280472164472924
SG_015599,1,0.2682486232455137,0.6528092859315043,0.2905920678615363
SG_015601,0,0.2668173001127531,0.5581053293208851,0.23865751348311873
SG_015602,0,0.15640842289882717,0.541912360026154,0.1840673214461469
SG_015603,0,0.18986146670387613,0.5218948120419604,0.1910377515364269
SG_015604,0,0.21417560367224367,0.5231198437380146,0.20163550167679184
SG_015605,1,0.3456753451930293,0.6250148135060277,0.3062090272875113
SG_015607,0,0.21521316711874652,0.4677241835190364,0.17932659238013673
SG_015608,0,0.10475679062808356,0.3265835736139823,0.09308955692138034
SG_015609,1,0.18325754133381,0.5133480414406901,0.18475563664826408
SG_015610,0,0.2602676063987422,0.5108634752964634,0.21406115014985974
SG_015611,0,0.23920548043672374,0.6377904491541868,0.2687229944232244
SG_015612,0,0.1351258551954512,0.4039394679643202,0.12655821035311032
SG_015614,0,0.19499427962320892,0.5404241798169652,0.2010340423405714
SG_015616,0,0.15369192560671813,0.37552986240847114,0.12483103677398028
SG_015618,0,0.2636360416552594,0.6686204906674145,0.29825227655481557
SG_015620,0,0.2526629075727214,0.6229834251028019,0.26646717879651305
SG_015621,0,0.26931232486099943,0.6116115524233159,0.2673600097214452
SG_015622,1,0.16233430573327756,0.4763136052119179,0.16178733338703055
SG_015624,0,0.1678263385041353,0.464500049885758,0.15981115408434401
SG_015625,0,0.1586016089182606,0.48821267330960283,0.16450991965381687
SG_015626,0,0.1557105295549893,0.49503053775230743,0.1657352548449811
SG_015628,0,0.2002539438947042,0.5871906149857418,0.22455321142916845
SG_015629,0,0.1130562924649295,0.3905820213095051,0.11355078318784155
SG_015630,0,0.18928085967034933,0.5241028536451371,0.19170038521954275
SG_015631,0,0.2670246032903459,0.5732301447933824,0.24625420151377567
SG_015632,0,0.11082044267740644,0.32934967687708017,0.09609018914407584
SG_015633,0,0.2691541885807366,0.5880408419688296,0.25470556933302074
SG_015634,0,0.21222701261179544,0.5813395506065258,0.22716917673762807
SG_015635,0,0.12736170142258438,0.5063029008175052,0.15640099273181815
SG_015636,0,0.20006887806851079,0.6856864615166987,0.2777586965221842
SG_015638,0,0.16270404267366034,0.44361673349647485,0.15041521075006814
SG_015639,0,0.20527931138721467,0.5891687925364252,0.22780660823398718
SG_015640,0,0.13513803523811646,0.4327885976870314,0.13553488451268325
SG_015642,0,0.3083329724500687,0.6824288003489216,0.3271830768173285
SG_015643,0,0.19392825212590714,0.5700142753815053,0.21364851202227111
SG_015645,0,0.12373815417986474,0.3430474171294811,0.1045392091620823
SG_015646,1,0.09407511286235826,0.36714293670342707,0.09903844827965637
SG_015647,1,0.09448614736125764,0.2782268276631717,0.07744522118639334
SG_015648,0,0.13962354354794712,0.4814340106984962,0.15362076539274694
SG_015650,1,0.2254591576698682,0.5454236880393566,0.21607870427703466
SG_015651,0,0.0869173326331465,0.2403020734744887,0.06612076724404203
SG_015652,0,0.24777548101093871,0.5951613592777779,0.24949106471360988
SG_015653,0,0.27433230019401916,0.5961412391096392,0.26109129229257433
SG_015657,0,0.21367270016128784,0.5792764782524121,0.22682215725762825
SG_015658,0,0.10274300970394896,0.5035616767435694,0.1424296213183883
SG_015660,0,0.12113644840620101,0.4928921240534044,0.1486624765895532
SG_015661,0,0.09892767899345833,0.31409519200263775,0.08773662638400519
SG_015663,0,0.08848915025318309,0.28093376151796123,0.07591432836735183
SG_015665,0,0.16887225579715337,0.5054633259767309,0.17545900052872895
SG_015666,0,0.13094696908347794,0.41477848563808545,0.1281645422334876
SG_015667,0,0.11413034863877984,0.2317366956765722,0.07233834946448865
SG_015668,0,0.10121741247278815,0.3570283582479379,0.09950592185749434
SG_015669,0,0.2383320185089288,0.6035517376583808,0.2497699592131092
SG_015670,0,0.1985066871020171,0.47686478396406157,0.17658324800641206
SG_015672,0,0.25955241449832095,0.5855904825529336,0.24949800174377962
SG_015673,0,0.22754897096473634,0.6088172649146462,0.24773418263041466
SG_015674,0,0.13202290262336303,0.3907774303042577,0.12135936214666561
SG_015676,0,0.22979201867860333,0.7632420467271833,0.3494581972862204
SG_015677,0,0.1151624508829176,0.44622506151485086,0.13078742235829321
SG_015679,0,0.23666533955541327,0.6070285350118245,0.2508536277695234
SG_015683,0,0.13485151965058825,0.5614812844805885,0.18095277953368205
SG_015685,0,0.17646110372780757,0.5813175264446677,0.21059310943667345
SG_015686,0,0.09821176182459224,0.32625366557853813,0.0904728369221521
SG_015687,0,0.15450394293390304,0.5650131814162526,0.19262514057727054
SG_015688,0,0.1637686382049672,0.5141035417195696,0.17653124909177445
SG_015689,0,0.08870036924330559,0.28852609735155466,0.07775011148321066
SG_015690,1,0.245744662926903,0.6862077111069236,0.3011023647993336
SG_015691,0,0.21539459957434684,0.565046144413894,0.2208616708715186
SG_015692,0,0.1917857156093474,0.585603846209602,0.21986975672837836
SG_015694,0,0.16402363930997535,0.5372672198860591,0.18580665663366014
SG_015695,0,0.16154598554422792,0.5362239825877009,0.18422571593646977
SG_015696,0,0.2423094794101112,0.5520561252945142,0.22599935744816188
SG_015697,0,0.09801321488853583,0.3446483924964207,0.09500687167563339
SG_015698,0,0.27195184904974895,0.6421630220630595,0.2858640453609233
SG_015699,0,0.13636595715117097,0.44277262346507174,0.13925485509749894
SG_015700,1,0.26577087838247443,0.6962436545755181,0.31729190343680336
SG_015701,0,0.1079388863983259,0.48910503112111176,0.1405964511720265
SG_015702,0,0.13272824816481424,0.3827097747232665,0.11924217402523214
SG_015703,0,0.09341676138565475,0.3781898440609771,0.1015763110847372
SG_015704,0,0.11899380341266458,0.2892294202655169,0.0884793035829622
SG_015705,0,0.10324730811628531,0.44741273050934277,0.1253492618840273
SG_015706,0,0.07434033890311896,0.3138961572094594,0.077660527230535
SG_015707,0,0.08796341267338315,0.35963691253183133,0.09442182367298842
SG_015709,0,0.14517238764538007,0.44076982221837185,0.1423316351723457
SG_015710,0,0.21897875131325897,0.5708763828790836,0.22514398772580121
SG_015711,0,0.1225247810113725,0.5376630700148027,0.1651451064673644
SG_015712,1,0.1594542197088943,0.4867447226802805,0.1643442730974917
SG_015713,0,0.22585120214669707,0.59632975206524,0.24058247583751605
SG_015714,1,0.20603862497621303,0.6495264977422714,0.2595404614476632
SG_015717,0,0.09592804939859167,0.2538012231571198,0.07218031283222508
SG_015719,0,0.28517376495492514,0.5814192821000607,0.25770424585351465
SG_015720,0,0.1139810458535407,0.31974790291343397,0.09473540738261337
SG_015722,0,0.0982365636382521,0.31295786578093426,0.08719354810315988
SG_015723,0,0.11286792757240018,0.38294841725635553,0.11133674875575042
SG_015725,1,0.12663162802664274,0.3845566064806943,0.11739765370667185
SG_015727,0,0.14832397773318387,0.37277964187922735,0.12206826864833771
SG_015728,0,0.24391390147297107,0.5547749113652453,0.2279296581739719
SG_015731,1,0.11096558835900566,0.37723487239156017,0.10896305583338463
SG_015732,0,0.17505324822626514,0.515544503884728,0.1820928685012412
SG_015733,1,0.26260282196999646,0.7198657050138927,0.3324397371609257
SG_015734,0,0.1312162647693771,0.45646408506152314,0.1414212201768751
SG_015736,0,0.1292765386979585,0.4208157131211906,0.1293138138184883
SG_015737,1,0.17328227260511356,0.481974929441392,0.1684412950324206
SG_015739,0,0.0998522465338776,0.203745670227343,0.061572375783074826
SG_015740,0,0.14708432991859663,0.47828190004148907,0.1558878993840468
SG_015741,0,0.23915377762450585,0.5123194220544379,0.20677494207004213
SG_015742,1,0.1568304557194313,0.46519160750912136,0.1555088410280653
SG_015745,0,0.1860078746494482,0.4411656533682746,0.15851303567505842
SG_015747,0,0.1011597603621071,0.4007082288866811,0.11110145659905209
SG_015748,0,0.14592910743029455,0.4267398309110537,0.1380661128994257
SG_015749,0,0.34976520393772703,0.6961257833506884,0.3545907046739067
SG_015750,0,0.207843855194931,0.5046726431630666,0.19134628395854714
SG_015751,0,0.09964988513258259,0.4038174833871949,0.11125132038814048
SG_015752,0,0.13693076341373242,0.4538225779082425,0.14310046114618202
SG_015753,0,0.1387312408079688,0.4376766029805519,0.13862057384801035
SG_015754,0,0.07233703782711542,0.3032326525468043,0.07444975716253942
SG_015755,0,0.11070312876780707,0.42382211966406136,0.1220190452249231
SG_015757,0,0.12417184708211959,0.4573435652881766,0.13848151545019355
SG_015758,0,0.288492247683791,0.6056017630198456,0.27201184172129944
SG_015759,0,0.08195734824107266,0.2836440191485738,0.0740695228769916
SG_015760,0,0.1523277477584958,0.4910296848955375,0.16276629404637685
SG_015761,1,0.17699995804994215,0.5221488491614498,0.18558324589560465
SG_015764,0,0.13017327658112823,0.44293361432454936,0.1366072890976177
SG_015765,0,0.15456263539163784,0.4629124722541555,0.15375802412579267
SG_015767,1,0.07907414980791742,0.11390333544255368,0.035918414582012656
SG_015768,1,0.15721879567230984,0.522078789799222,0.176625151546912
SG_015771,0,0.21959315937498247,0.6040323662235314,0.24168547672862833
SG_015774,0,0.13313995200265502,0.43377365023166464,0.13499482820873657
SG_015775,0,0.08512240140888454,0.26911830185426,0.07198651120227402
SG_015776,0,0.24522739057927181,0.5938000431043527,0.24770518901402142
SG_015777,0,0.24162585763562708,0.5303619317362993,0.21573594593787712
SG_015778,1,0.12153662175500214,0.4779689025405769,0.14390262024988343
SG_015779,0,0.09264329814478232,0.295345532090148,0.080828498094828
SG_015781,0,0.08442379230441342,0.1707468053787601,0.049895070848639866
SG_015782,0,0.13752462487404535,0.543824557495407,0.1754110283039226
SG_015783,0,0.2100537241901831,0.5366856775726029,0.20581276169902155
SG_015784,0,0.09020874850698272,0.26581140176079876,0.07304330295571845
SG_015785,0,0.23837601613873463,0.5698446067929874,0.2328734494353856
SG_015786,1,0.13869141830894693,0.43854330600638525,0.13888331085188296
SG_015787,1,0.21426806312345437,0.5969211947077236,0.23569439406520645
SG_015788,0,0.15555378545447343,0.46388268072547784,0.15451364849600663
SG_015789,0,0.1247731722195764,0.44340812479090885,0.1343492851629456
SG_015791,0,0.27412571026096344,0.6236744299788264,0.2761153554887846
SG_015792,0,0.10893181190564503,0.35500236666175317,0.10212309502631066
SG_015793,1,0.19034624529226732,0.5644594380831202,0.2095103069031166
SG_015794,0,0.17615833989337962,0.5125411009262387,0.18138524236278272
SG_015795,1,0.21407101601076514,0.5221485780915347,0.20117705731737628
SG_015796,0,0.11392651742038866,0.40597192809340604,0.11829965593381751
SG_015798,0,0.2907967788014549,0.6646268515938915,0.30785754971374435
SG_015799,0,0.21797090253152085,0.5777037681194304,0.22795807067318333
SG_015800,0,0.1559425821277043,0.4212501593214073,0.14024038123694624
SG_015801,0,0.10433210130293465,0.33494085418952035,0.09506423545122071
SG_015802,1,0.12237676238784856,0.43028177022175923,0.12922067963967152
SG_015803,0,0.0882627282553579,0.3096921428970509,0.0825270681222179
SG_015804,0,0.08226693002284834,0.17205796585520425,0.04962002420632312
SG_015805,0,0.14917354527670468,0.4958653182868628,0.16309716626818607
SG_015807,1,0.09101413019714609,0.29464201308614396,0.08005046230560044
SG_015808,0,0.23335188418368072,0.5537829447860708,0.22316429528723236
SG_015809,0,0.12216892348717072,0.41421488486274965,0.12428547487922877
SG_015811,0,0.19124583944963167,0.4603171391797696,0.16750288208243938
SG_015812,0,0.0987351235619537,0.22428082918952771,0.06610611742799004
SG_015813,0,0.14505081212521895,0.502148174673049,0.16347839197211134
SG_015814,1,0.12225947396258458,0.4993029131604642,0.151402963972494
SG_015816,1,0.37167690265439485,0.7529080144552873,0.4087564732812474
SG_015821,0,0.13222956523679236,0.6580161584480624,0.22290263877193126
SG_015822,1,0.32806518199423423,0.5681570903818809,0.26727638168897827
SG_015823,0,0.10950629374071778,0.36212693368304627,0.10425950061512007
SG_015824,1,0.16859786022485326,0.5617317536420063,0.19816007317825307
SG_015825,0,0.25943025095179717,0.5612123596726064,0.23725190790376383
SG_015826,0,0.1466461694264782,0.5044517542205925,0.16506338835104542
SG_015830,0,0.2515726789476907,0.6204990399618348,0.26462061403313375
SG_015831,0,0.12440287838303703,0.46649014039601666,0.14153429537083695
SG_015835,0,0.21825968783710256,0.5238492775418402,0.20359784272967596
SG_015836,1,0.08820152920353218,0.4366697793024939,0.11451892904741584
SG_015837,0,0.11587607743650287,0.34427732668798006,0.1019516369038962
SG_015839,1,0.17035158974670941,0.4394684764453134,0.1519744239783411
SG_015841,0,0.08374937861566083,0.313653217959984,0.081619908145296
SG_015843,1,0.14170303112797425,0.4866274842648452,0.15638468713784742
SG_015844,0,0.31113893101108026,0.6325943488944191,0.29678406536322743
SG_015846,0,0.12366293690497747,0.47760040556062694,0.14481505870596756
SG_015847,0,0.14054382373504232,0.12046822326025225,0.04856733927934224
SG_015848,0,0.08036661259398643,0.23911882746198823,0.06366261628925154
SG_015850,0,0.12172171463924548,0.45850469193021465,0.13770654510756572
SG_015851,0,0.11698172718550744,0.4514681096245578,0.1332616430654918
SG_015852,0,0.2098734676552634,0.45870634748494793,0.17385822085630379
SG_015853,0,0.2834610834391294,0.5971074053039184,0.265335540633749
SG_015854,0,0.09230964322185269,0.3988033348100797,0.10643147620897324
SG_015855,1,0.1803757859518763,0.506214447118073,0.1806980278676327
SG_015856,0,0.14615548641208093,0.5023208907459448,0.16405609198823917
SG_015858,0,0.1249614282240229,0.3488431832014974,0.10659557676948346
SG_015861,0,0.14098341319437524,0.41813526302559284,0.13331919819143676
SG_015862,0,0.23018204932165273,0.5664227498982428,0.22780213198954552
SG_015863,0,0.2555172174101525,0.5982303587199429,0.2543682872246797
SG_015864,0,0.1696595050611316,0.5150952855705285,0.17954464108244883
SG_015865,0,0.1745289556396903,0.6208355733508322,0.22839199375300495
SG_015866,1,0.22243723130241858,0.5517124530746028,0.21769484028757843
SG_015868,0,0.087353077411648,0.39703819376593413,0.10355926081054788
SG_015869,0,0.1525114172286832,0.562752821835592,0.19067317410062
SG_015870,0,0.14583609283848428,0.5128193590755881,0.1677688967223316
SG_015871,0,0.1265727254976253,0.43257338355445746,0.1317747209838626
SG_015872,0,0.1584271550264937,0.583942961254219,0.20278325026201274
SG_015874,0,0.08504673574175532,0.3002067842708897,0.07904143601145912
SG_015875,0,0.07175111863533483,0.16512921197404817,0.045301983065791855
SG_015876,0,0.17288776509628181,0.4371582385188869,0.15214415123598152
SG_015877,0,0.13217699389469645,0.3159086784934705,0.09998238010421674
SG_015882,0,0.1725313342486615,0.42182568528345354,0.1467244253257149
SG_015883,0,0.1741708292292868,0.5697419742492943,0.20431328565444787
SG_015886,1,0.13931580046393463,0.4401222894365046,0.13965873745313592
SG_015887,0,0.2509096551170559,0.6242786977372193,0.266413908476464
SG_015888,0,0.26216288126580706,0.5497318803441965,0.2327756686653454
SG_015889,1,0.1897214033714394,0.5490114944568281,0.20242575668269414
SG_015890,0,0.21811852187358982,0.652107024580554,0.2669404814179627
SG_015892,0,0.1379401588112293,0.41928196841361753,0.13244296768521488
SG_015894,1,0.08778157921991248,0.35880217183629626,0.09413402477668403
SG_015895,0,0.11925539997239108,0.37961668740892335,0.11302773263514194
SG_015896,0,0.3303319270866097,0.5583540587599266,0.26296328749721504
SG_015897,0,0.1356398467520131,0.4580457281173678,0.14392046129351713
SG_015899,0,0.10837943504698712,0.37621986877125446,0.10760297945976925
SG_015902,0,0.14127185875208917,0.442820324353355,0.1413660970849291
SG_015903,1,0.28483675730049635,0.6290325133857888,0.28372104442618545
SG_015904,0,0.09634075965061391,0.29842995376954734,0.08294215311816536
SG_015905,0,0.19489670527526323,0.5588567581863716,0.20905758179111344
SG_015906,1,0.26361173116166786,0.653815681934784,0.28912993086418554
SG_015909,0,0.17852767618208257,0.4028503908238508,0.1424569529628956
SG_015911,0,0.1399893285206263,0.41593629776519686,0.13222577924127993
SG_015912,0,0.11914846540908164,0.37735089478672584,0.11234458762518802
SG_015913,0,0.17685623912952134,0.646779433923908,0.24300006349927608
SG_015915,0,0.24640870346228802,0.5650370331492989,0.23385793827967502
SG_015916,1,0.32847934806790985,0.6933245802518557,0.34345930787957674
SG_015918,0,0.12676746354077115,0.4907919818945292,0.15074657500333072
SG_015919,1,0.2821321255534259,0.6060336337696277,0.26964145843248294
SG_015920,0,0.3058691351784272,0.6086452994927365,0.28075281123267276
SG_015923,0,0.11132812278647179,0.3650401834007397,0.10578395193868988
SG_015924,0,0.25874618258372417,0.6237369918221274,0.26954031552942925
SG_015925,0,0.14258318438851805,0.3964965905276508,0.12720095980708182
SG_015926,0,0.11172312023933179,0.4312369552578218,0.1246684002940417
SG_015927,0,0.2521137532355584,0.5907892409966153,0.24907156758480112
SG_015929,0,0.26788056411204425,0.6210736321300774,0.27198980230513436
SG_015930,0,0.18182300727740272,0.4532081275504534,0.16127614275854024
SG_015931,1,0.18711130251812438,0.47775972926925275,0.1724601808177083
SG_015932,0,0.1693375844939319,0.48855378305698355,0.1692467753102764
SG_015933,1,0.22530663434155743,0.5698609394265793,0.2273761297544431
SG_015934,0,0.1240181514080398,0.4454919002748877,0.13466055423546536
SG_015935,0,0.09217064311565674,0.3234036929207185,0.087367196207312
SG_015936,0,0.12861133136127692,0.4535310043359969,0.13929563035126583
SG_015937,0,0.1764882542182098,0.48314594767040986,0.1702026084500768
SG_015938,1,0.2331489668079774,0.5518813030955829,0.22219628128416583
SG_015941,1,0.19757016155207727,0.5844776804604047,0.22202789699006134
SG_015944,0,0.09991440918246537,0.32078801513232613,0.08977416271988835
SG_015945,1,0.2175563694138293,0.6023439346916224,0.23990554284976098
SG_015946,1,0.22555345098564206,0.6355356687444721,0.2611506146705689
SG_015948,0,0.10658269725356921,0.336651315093972,0.09637963645879603
SG_015949,0,0.1497090683951282,0.42547411569302906,0.13917231416769468
SG_015952,0,0.3165914032081169,0.5325033409086426,0.2448050639975121
SG_015953,0,0.09214135661230065,0.28459034730871824,0.07810366886461448
SG_015954,1,0.08733989877088615,0.3119661445232301,0.08269203556539138
SG_015956,0,0.13438557771293932,0.44449418350039943,0.13895216375498007
SG_015957,1,0.23681504463539302,0.6017490649831359,0.24817155842120148
SG_015958,1,0.2178098753334047,0.5800018412127494,0.22899184963017735
SG_015959,0,0.09508598282708737,0.48225793453756166,0.13143942916059473
SG_015960,0,0.07317356021681844,0.30495076543868954,0.07518660474787485
SG_015961,1,0.15419492888951447,0.4895640711836886,0.16306547855360992
SG_015962,1,0.21577268404616656,0.5606500733127701,0.21898707443732893
SG_015963,0,0.09805810194129116,0.43706257965066075,0.11974146806569919
SG_015966,0,0.12780025490042443,0.3076861701484105,0.09627885365387978
SG_015967,0,0.10238472940548915,0.30411477310165386,0.08655208943917539
SG_015968,0,0.21407740184051893,0.6326706530388184,0.25416183231861683
SG_015969,0,0.3448019681288062,0.7163901055369735,0.3674302789150226
SG_015970,0,0.1957635158354779,0.4853206777436146,0.17880025754862836
SG_015971,0,0.21518203657245313,0.5844647461326862,0.22998821519129742
SG_015974,1,0.09087302112017433,0.3055395011879303,0.08257215388069111
SG_015976,1,0.2560081511123055,0.6533406637762149,0.28541713540363106
SG_015982,0,0.20627251247858783,0.5233654979620004,0.1985148199779202
SG_015983,0,0.1223527464076151,0.41426092445671137,0.12437815596103607
SG_015984,0,0.14095187518391436,0.3847574318158327,0.122992848844164
SG_015986,0,0.24902865839177643,0.5422158689075273,0.22407358360562682
SG_015987,0,0.13394334918412426,0.4650999705508074,0.14549291809515746
SG_015991,0,0.17115567476441754,0.5360142438969616,0.18859068492873055
SG_015992,0,0.09983638431562243,0.37522324313967637,0.1036712064774207
SG_015993,0,0.10068779481117118,0.42632715913588426,0.11799847399319573
SG_015994,0,0.19167869976759624,0.5156871516127167,0.18926045148132936
SG_015995,0,0.14287155694601386,0.5792052882893098,0.1925642409344612
SG_015996,1,0.13764568562643045,0.3977964160268366,0.12568300694610235
SG_015997,0,0.10213291860980674,0.37950269907985745,0.10581036565800245
SG_016000,0,0.17812311669905734,0.5010307474156427,0.17771759642533774
SG_016001,0,0.1257361639425247,0.3787497173941503,0.11536251830875954
SG_016005,0,0.09754322254629182,0.24341120154057533,0.07025284747063733
SG_016006,0,0.08141369263156284,0.2057376680842978,0.05673948260720432
SG_016007,0,0.16195585718734976,0.4962888984355311,0.16895909386410948
SG_016009,0,0.12030482402830782,0.37651740211655943,0.11257280707477783
SG_016011,0,0.16914854913043106,0.5213341293685704,0.1817751971931888
SG_016012,0,0.09010903964915955,0.266093043356888,0.07307338168128248
SG_016014,1,0.15170668773819193,0.28694764849665694,0.09788943835518338
SG_016016,0,0.22614082383261958,0.5740538650528557,0.22973918446024283
SG_016017,0,0.2565717421653118,0.6301933510174718,0.27221309981648906
SG_016018,0,0.15320076456735107,0.3854152343668109,0.12772948486168736
SG_016019,1,0.33529164967458,0.636656873594807,0.30911588180491834
SG_016023,0,0.14361318365186992,0.44771750183039183,0.14397015071861816
SG_016024,0,0.09047157173381425,0.16328399618170905,0.049726676252174085
SG_016025,0,0.10271166562494838,0.46286415796838604,0.12968292097842601
SG_016026,0,0.18588027515136954,0.5810159934935757,0.21495840138237132
SG_016031,0,0.12922086963256185,0.44476886045632064,0.1367688069928914
SG_016032,0,0.2530153899052603,0.6332894457708476,0.2723943554164714
SG_016033,0,0.36936368392392777,0.6269871761280348,0.31677485283785106
SG_016034,0,0.30700955454532763,0.6925876821292726,0.33355331841936575
SG_016035,0,0.11026565847700139,0.361014958339969,0.10426748052853453
SG_016036,0,0.1701025415167019,0.5001147681085415,0.173942498781123
SG_016037,0,0.15790126256818857,0.4772401130762365,0.16023547162801027
SG_016038,0,0.3175606725827676,0.5510536449581327,0.2544619320998049
SG_016039,0,0.1544154330206572,0.4222848923422178,0.13998592701395832
SG_016040,0,0.16635924576034503,0.5431526250650623,0.1892985917930118
SG_016041,0,0.14577496217240413,0.5013905720202595,0.16354036219561827
SG_016042,1,0.27091854611594685,0.6254452043744394,0.27574973232799793
SG_016043,0,0.17335266794343793,0.4727656546258771,0.1650617665162953
SG_016044,0,0.1653951522707203,0.5149568170781315,0.1775917633622128
SG_016046,0,0.11609776776720761,0.4023754286231659,0.11820645128923032
SG_016047,0,0.17990853140313376,0.5052054922738801,0.18010338619819896
SG_016050,0,0.27633759055635426,0.5127190762702711,0.2207984288477729
SG_016051,0,0.1297342424481223,0.4630309563349245,0.1428894725108799
SG_016052,0,0.18821818024618198,0.4757898278610128,0.17215013986323102
SG_016053,0,0.12098949153746279,0.3816538117816353,0.11430603388721149
SG_016055,0,0.19485794191291075,0.5307863941413533,0.19687160907514165
SG_016057,0,0.09613568464978023,0.2257008691612596,0.06566900261862875
SG_016058,1,0.11201250866978651,0.29458786415768595,0.08753949284369776
SG_016059,1,0.36061439501783005,0.66055010248225,0.3346336769976575
SG_016061,0,0.13499534813815797,0.4874004194026173,0.15353414491953538
SG_016062,1,0.201119574277563,0.4830575190926038,0.1800124543742961
SG_016063,0,0.15583432751141102,0.4758575057385632,0.15885441575877401
SG_016064,1,0.14970657292722497,0.49296906209672153,0.1622900925952084
SG_016066,1,0.286091587706802,0.6076250314138544,0.27214471881814334
SG_016067,1,0.18378498524294376,0.5403283433244074,0.19607344410864438
SG_016068,0,0.2564661541319928,0.612119759455384,0.26217283511781325
SG_016069,0,0.36050738401481247,0.6495270286841166,0.32741085183870633
SG_016070,0,0.13015872329703973,0.40420566727681057,0.1246314369985891
SG_016071,0,0.16416325692618491,0.43930472230255546,0.1495097165064661
SG_016072,0,0.1735985479647031,0.5738876601586043,0.20587279801326497
SG_016073,0,0.19314603146475692,0.6087664857343396,0.23170351206319184
SG_016074,0,0.13550623735192102,0.4723371664121866,0.14862739354184312
SG_016075,0,0.21383322679072225,0.5232885083175162,0.20156912381491657
SG_016076,0,0.17106039767436684,0.5365935861036862,0.18878415287983624
SG_016077,1,0.24176871759436783,0.548063773905629,0.22391273536253897
SG_016078,0,0.12882080826126793,0.42421241773953433,0.13016455496652235
SG_016079,0,0.08883355328767185,0.1874200352173005,0.054803642455241997
SG_016080,0,0.22851925478550372,0.5675685001340666,0.22764712675128274
SG_016082,1,0.14226944758905202,0.521085317772437,0.16913494652025546
SG_016083,1,0.2683356026033385,0.5811612293960263,0.2508166596070087
SG_016084,0,0.16093415196607397,0.49508168861108653,0.16806176183479427
SG_016086,0,0.1188278372211327,0.37798478140083114,0.11239420686606925
SG_016087,0,0.1317722079421337,0.36840014062583104,0.11468978634638077
SG_016088,0,0.16184946014057192,0.4161181994135925,0.14080802931862438
SG_016090,0,0.10716995071943804,0.2632550207796453,0.07808314006865094
SG_016093,0,0.10815509170642533,0.434486700558848,0.12394553161162584
SG_016094,1,0.21898338673773365,0.6230910683069211,0.2513279377266431
SG_016095,0,0.17250346853964926,0.48731538500160687,0.17011527770175042
SG_016096,0,0.13095278764507853,0.4789660576794766,0.14875003611816195
SG_016097,0,0.13072670151738255,0.41029695879560085,0.1267068790499771
SG_016098,0,0.12940180500760193,0.33820505869710715,0.10523056762463945
SG_016099,0,0.1844604545409646,0.475984797333988,0.17073345293959788
SG_016100,0,0.17332982190323773,0.5344823102130771,0.18895257661904974
SG_016104,0,0.21374332364740423,0.54679271249106,0.2118278756846892
SG_016105,0,0.1258097057439043,0.5026627838504786,0.15435115163950702
SG_016106,1,0.29546652963283,0.6011411114530766,0.2723874241707039
SG_016107,0,0.26456637039476,0.647683880774994,0.28588304664425657
SG_016110,0,0.17518250125604215,0.5137710048962157,0.18144743591560478
SG_016112,0,0.2618920990632993,0.610922627204143,0.26384272603856845
SG_016117,0,0.13301835660739492,0.4704665324384688,0.14685825842528263
SG_016118,0,0.23017199994972073,0.6179377248507253,0.2537176849281513
SG_016120,0,0.19745164245750257,0.5708975453029526,0.2156499306863787
SG_016121,0,0.23314288057486787,0.5681473756792934,0.2298688010927108
SG_016122,0,0.1185980143997752,0.4290017864994921,0.12714566210525055
SG_016123,0,0.16648848959163712,0.5006519217133706,0.17258123672316347
SG_016125,1,0.2561408857586596,0.5568407829266236,0.23381944900210277
SG_016126,1,0.1345502143564901,0.49535102003730486,0.15608887748096492
SG_016128,0,0.14823551189049608,0.4679195589003585,0.15278764233780298
SG_016129,0,0.08339757296461214,0.2332055000393468,0.0633820992498023
SG_016130,0,0.2516349374139242,0.6922513378824372,0.307899928987803
SG_016131,0,0.0791550528072185,0.35030357144848656,0.08813440929313622
SG_016135,0,0.1188937995886029,0.41953089445198394,0.12444363974140205
SG_016136,0,0.12808159139371034,0.3827777384383611,0.11745196413043447
SG_016137,0,0.1474646386815179,0.4588041808630735,0.14933135311174192
SG_016139,0,0.11280812580386501,0.4160002234654972,0.12070078154057337
SG_016141,0,0.1177378480354871,0.2548657959019104,0.07922868139665283
SG_016142,1,0.2066110962188329,0.5537407712077598,0.21190603694264148
SG_016143,0,0.08281721060493336,0.2646410545448214,0.0701450546430378
SG_016144,0,0.09371194187150693,0.4196037228889715,0.11269570296462855
SG_016145,0,0.14814402531754242,0.42583335863529886,0.13866382274986885
SG_016148,0,0.19042095236617937,0.5226477716456656,0.19158600116843222
SG_016149,0,0.08474016838808228,0.20660119328964488,0.057928241485301124
SG_016150,0,0.10703834954962745,0.3451667374960221,0.09877542877378638
SG_016151,0,0.08798268940805558,0.30071369735393066,0.08031230517974065
SG_016152,0,0.11004630675266007,0.35494899797805873,0.10255341509520116
SG_016153,0,0.11160095718375855,0.478796135985819,0.13920469059274135
SG_016154,0,0.2567422396634356,0.5124528431825552,0.21346298332165625
SG_016155,0,0.13964661641340706,0.4405079056031064,0.13992409399610128
SG_016157,0,0.23136892662558153,0.5929110529174525,0.24128133913573524
SG_016162,0,0.16296826072360793,0.5818228211033182,0.20415428205712663
SG_016167,1,0.3192774589553988,0.7266662035449399,0.36400925932096134
SG_016168,0,0.20533280181221947,0.6165557370751293,0.2414845841470335
SG_016169,0,0.1412369623022983,0.43159328161118554,0.13771075603508995
SG_016170,0,0.16966747639336166,0.46022549178384053,0.15902443507585903
SG_016173,1,0.1435013238537778,0.46667161331656465,0.15029086704621014
SG_016175,0,0.11573682388926614,0.435735894251158,0.12787147545515895
SG_016177,0,0.1871615278349904,0.6789904683323038,0.2667555583465352
SG_016178,0,0.13167901452055866,0.45339348024602394,0.14063220340523852
SG_016180,1,0.14170508547713148,0.52301789215491,0.1695831555034931
SG_016182,1,0.23928859754028145,0.6092021464690867,0.25315053941457416
SG_016184,0,0.16805840965880714,0.5535974381077146,0.19444531584957436
SG_016189,0,0.27963015319864293,0.61698398707059,0.2746707393779932
SG_016191,0,0.18133729222202125,0.4493895549698897,0.15970896867401468
SG_016192,1,0.17274986753062668,0.48365429022303824,0.16884706365799132
SG_016193,0,0.11468905905921224,0.3740143840005891,0.10960781982427746
SG_016198,0,0.2377966450285555,0.6474976217051471,0.27362582629773957
SG_016199,0,0.12430673018057704,0.398151969606935,0.12043212203804152
SG_016200,0,0.1230183168117639,0.44647148354803745,0.1345120413647857
SG_016201,0,0.12434609159698125,0.3706839973079565,0.11251001694661322
SG_016202,0,0.14790644871633174,0.44473101118821273,0.1447812982556441
SG_016203,0,0.14146876066430134,0.4545845010027451,0.14533144597935774
SG_016204,0,0.13951309814716087,0.42323219631752235,0.1343318920345024
SG_016205,0,0.18175334019646558,0.5158687551552453,0.18512316063854312
SG_016206,0,0.17083378590424467,0.5633007898219926,0.19990644963533688
SG_016207,1,0.25648795515700695,0.6221760694700353,0.2676906028174381
SG_016208,0,0.1564591303999761,0.3968612120358774,0.1325381233919628
SG_016209,0,0.12437520073500162,0.4594760390125121,0.13925871906614953
SG_016210,0,0.1605598906502859,0.4368750908801284,0.1472634028713918
SG_016212,1,0.23903408705915416,0.589178775274152,0.24270836105378094
SG_016213,0,0.0937677389731874,0.36311608929811173,0.09787800406978224
SG_016216,1,0.22937193430377836,0.5604369719340836,0.2246321530461202
SG_016217,0,0.1956532911256316,0.5483346033455996,0.20474886432931164
SG_016218,0,0.13242834798779504,0.45736401631473056,0.1422603483735954
SG_016220,0,0.1932370403332253,0.5446134769467134,0.202073938727142
SG_016223,0,0.11373586787166966,0.3532308516261481,0.10354494195015064
SG_016226,1,0.13845695197782223,0.4283108818560238,0.13550703084225899
SG_016227,1,0.12561654398724745,0.5546604698171003,0.17324339685777906
SG_016228,0,0.10875190480376655,0.33900852053746466,0.0978316578592275
SG_016229,0,0.19876604641637305,0.4954442611571206,0.1839895862992791
SG_016230,0,0.15946547594349605,0.48732419975584196,0.16456096243764687
SG_016231,0,0.2707621812249317,0.6433916951872533,0.28607004028505484
SG_016232,0,0.1452687654227906,0.46906332345666035,0.15188654584223518
SG_016236,1,0.16344568234475895,0.5644093687761356,0.19680955761518326
SG_016237,1,0.18963377553998959,0.5756573343054132,0.21425331094301386
SG_016239,0,0.272749753722661,0.6313044494083376,0.2798809818379158
SG_016240,0,0.13602644857601603,0.4821189210770827,0.15219690061854277
SG_016241,0,0.24251519896933824,0.5606316730061995,0.23014782957736904
SG_016243,0,0.11636219459249847,0.3478069326048237,0.10308983785470203
SG_016247,0,0.11936571796088184,0.3646880436557227,0.10888314933938562
SG_016248,1,0.24243193903808216,0.5593725272563494,0.22951273880986214
SG_016250,0,0.1900014115211965,0.5295381370115237,0.19426619686636712
SG_016253,0,0.10803849834238975,0.3335346974283996,0.09613065352129577
SG_016254,0,0.1822578573025683,0.5288469358543919,0.19061626084221084
SG_016255,0,0.28544180474169395,0.5930628853215352,0.2639664602507538
SG_016256,1,0.11745617669954644,0.4810794391968949,0.14290309328927941
SG_016257,0,0.223977908296244,0.5911502663791841,0.23716095136129853
SG_016258,0,0.20756835344443844,0.5650961099261452,0.2174842914015706
SG_016260,0,0.3429257752370194,0.7663443957714866,0.4077626821151167
SG_016261,0,0.10903592838748362,0.410999524299862,0.11756345530659698
SG_016264,0,0.2573325744985259,0.5598804870710946,0.2357662394899683
SG_016265,0,0.20899596024182043,0.5004932871074933,0.19008780903381478
SG_016266,0,0.09894851322045863,0.40097892929604123,0.11015223103516388
SG_016267,0,0.14218705557476416,0.41451763937877756,0.1326618480196035
SG_016269,0,0.12825260094288818,0.3965439081624509,0.12156789147632137
SG_016271,0,0.14653057237926645,0.4356924196148886,0.14122549768366552
SG_016274,0,0.1035866700868197,0.381829979541725,0.10706862182880725
SG_016276,0,0.19821727010641743,0.431988228581362,0.15965238727508857
SG_016277,0,0.13576440082706512,0.4684460498797468,0.14743586706229306
SG_016279,0,0.11034326423391239,0.2999091318082612,0.08832366139938473
SG_016280,0,0.3309652712811994,0.5991406196528282,0.2853321545260487
SG_016281,1,0.29796582842901354,0.717392290263833,0.34728140719545036
SG_016283,0,0.19608779808615293,0.530739569018276,0.1973758141625471
SG_016284,0,0.1215950933071342,0.4658473672212577,0.13999384650048166
SG_016286,0,0.0852939985017241,0.4128053581779909,0.1066094857155988
SG_016287,0,0.18591725595398667,0.5083413186056753,0.1838784660544537
SG_016288,0,0.09344255410210034,0.3754958722273176,0.10089437989622718
SG_016290,1,0.08358927127935394,0.12822726919256974,0.040125651390777374
SG_016291,0,0.14439861952305402,0.594718906525812,0.20010333508048286
SG_016293,0,0.11191801106702215,0.270254702977068,0.08133927663871082
SG_016294,1,0.17269272558853443,0.5276063953040958,0.18587123489866483
SG_016295,0,0.24083598307449125,0.6066535003392138,0.2524865178492288
SG_016296,0,0.1276743570957013,0.38035323772190627,0.11658672985551115
SG_016298,1,0.17301576190332246,0.49262417375677336,0.17233401984279073
SG_016300,0,0.1363470779703814,0.38878296428205533,0.12244966130574518
SG_016301,0,0.2342164533438197,0.5236626454860372,0.20984623816910275
SG_016302,0,0.11403103425697773,0.3006513080482112,0.08978575566165335
SG_016303,0,0.09373227312086678,0.30018479123509006,0.0823900881436272
SG_016304,0,0.12859331382985908,0.8997524917737479,0.44053861626008334
SG_016305,0,0.19869303510936812,0.36041399461125545,0.13484281539786677
SG_016306,1,0.19626883739943302,0.49564574619350943,0.18307039323210542
SG_016307,0,0.1083960119045697,0.4620385738837194,0.13233399900857737
SG_016308,0,0.18499041038476083,0.5050469546136135,0.18218037170532156
SG_016309,0,0.09591193409230557,0.40729737952226824,0.11042869181520254
SG_016311,1,0.11685692481409836,0.4123381695571659,0.12142800387477459
SG_016312,0,0.11349433197218928,0.40868219412281254,0.11888976531443514
SG_016313,0,0.11444288589136013,0.3874239955455175,0.11324846132036713
SG_016314,0,0.09566162996227612,0.29721790049781,0.08239882087781392
SG_016317,0,0.27023615620376334,0.6129962079104857,0.2685097439873032
SG_016319,0,0.1731298045150821,0.49204799059511806,0.17216368753471104
SG_016320,0,0.16545497141142676,0.47948999592769853,0.16425715206075595
SG_016321,1,0.10593207620318533,0.3899921539144642,0.11031154658540199
SG_016322,0,0.14996357509663208,0.4530454081551825,0.14843526998536946
SG_016323,0,0.13882712248831605,0.4158686708964043,0.13173475954243327
SG_016325,1,0.19138033377924313,0.6043644217885025,0.2286783227467521
SG_016328,0,0.11945101444956063,0.3950046003832696,0.11750268544198125
SG_016329,0,0.12199751176479438,0.47485420518884847,0.1431069506216922
SG_016335,0,0.12125739612288455,0.40161370130521545,0.12017816025101086
SG_016336,0,0.110599284515929,0.4305379574598521,0.12393804321302525
SG_016338,1,0.1857071773356018,0.6642747634155025,0.2573946800705517
SG_016339,0,0.12370253030816913,0.4464400569629828,0.13481431856440398
SG_016340,0,0.17074481268868036,0.4742610697394877,0.1645436520867162
SG_016342,0,0.14346850285420862,0.322193708645829,0.10546291890574376
SG_016344,0,0.10363993343740907,0.3717842719573677,0.10440338394598465
SG_016347,0,0.09968365420586668,0.2982595923072908,0.08412636122926725
SG_016348,0,0.18078488533489914,0.4308783923523659,0.15291729015233665
SG_016350,0,0.12776273008179653,0.4341406839059727,0.13278254322506175
SG_016353,0,0.12210953383165445,0.43349276172315365,0.1300830920843413
SG_016355,0,0.14902100839982382,0.46205094804758984,0.1511061437865573
SG_016356,0,0.15908153570366904,0.657438765578083,0.2388562334103325
SG_016357,0,0.1373956772232591,0.4240197517657571,0.1337084872670648
SG_016358,1,0.1220843024426465,0.29951526262837225,0.0921976033458786
SG_016359,0,0.1188447393737087,0.3400537279505161,0.1019208000072481
SG_016360,0,0.10482694791216936,0.45702325141718425,0.12900748437443071
SG_016361,0,0.10836534718656465,0.3799228262544139,0.10860610949974878
SG_016362,0,0.1813776767715675,0.3489387064582659,0.12567270918979598
SG_016364,0,0.14502938196313367,0.4888892462288732,0.15870503420225926
SG_016365,0,0.14415911552923763,0.3861942734811763,0.124635219204511
SG_016366,1,0.11830828642114659,0.4059620648399481,0.12019524184068917
SG_016367,0,0.2527860950509173,0.6486510825290805,0.28117193802983553
SG_016368,0,0.14136113628724203,0.34360892155793243,0.11094238012795665
SG_016369,1,0.1494246216699646,0.4153770649415684,0.1357945840135508
SG_016370,0,0.24400005837024064,0.49416346819193496,0.20076051270931866
SG_016371,0,0.14630786549064168,0.5485719088149665,0.18175803583780126
SG_016373,0,0.22513941643932123,0.5867566575290541,0.2354938511015582
SG_016374,0,0.2561735034886465,0.5485118840742329,0.22984521911287192
SG_016376,0,0.27519575535548774,0.6144486040130672,0.27139843315323847
SG_016377,0,0.11265456427622896,0.2321248928190231,0.0720191503266809
SG_016378,0,0.17959747046269303,0.4968515486571761,0.17671739171555215
SG_016379,0,0.15688893088780018,0.41764182335687167,0.13942114727446608
SG_016380,1,0.21340861447755813,0.5416751408921529,0.20940804461927837
SG_016381,0,0.14221135167213936,0.43444777398595913,0.139036289071357
SG_016383,0,0.11216654751584232,0.44883970185295013,0.13015638980979916
SG_016385,0,0.16225176653100185,0.4861205360531147,0.16532360435002297
SG_016387,0,0.12059552415939483,0.4152298966522919,0.12390864255658048
SG_016388,0,0.13186125126104195,0.4141888329120464,0.12836318038093616
SG_016390,0,0.2310727827172925,0.543818901472786,0.21763962622126173
SG_016391,0,0.20397563951098396,0.46559809890877435,0.17431979344536977
SG_016395,1,0.15376869412470415,0.4540652177252777,0.15037219915158664
SG_016396,0,0.09461299476458822,0.27093438589463387,0.07576849341372408
SG_016397,1,0.09408256769331876,0.3125144481316794,0.08548903394307193
SG_016398,0,0.1543640732285825,0.47178231877916965,0.15677937277614945
SG_016399,0,0.22564155245163633,0.5506321042105231,0.21853066173989952
SG_016400,0,0.2109436363632103,0.5680144202198235,0.22031115267855225
SG_016403,0,0.17824633067299636,0.46881604634412927,0.1655811604571981
SG_016404,0,0.25038485861201737,0.5661433066152818,0.2360163839338049
SG_016406,0,0.22759584596196522,0.6248622192478348,0.25625968291659224
SG_016407,0,0.1893902042767153,0.5632812039911379,0.20854883351704417
SG_016408,1,0.26415318181326725,0.5680129013061566,0.24249036508675492
SG_016409,0,0.20016019415150224,0.5753180603709719,0.21891637311932785
SG_016410,0,0.13505463833876555,0.48804195526658006,0.15378400579401755
SG_016411,0,0.09561685704858165,0.2761831932070447,0.07735858256825685
SG_016412,1,0.1543465351108649,0.3762781223987274,0.12529570090287487
SG_016413,0,0.1282297608214251,0.3906000950732408,0.11980243430848232
SG_016415,0,0.1720907597662772,0.478167865880092,0.16653563765490403
SG_016416,0,0.16533798886312914,0.45837423327250437,0.1566189142528691
SG_016417,0,0.12320329060628872,0.3914042415254417,0.11800900490056562
SG_016418,0,0.0859055554097678,0.2512873823276365,0.06824891227210624
SG_016419,1,0.10705414239046179,0.361827749214701,0.10317996049640536
SG_016420,0,0.14379734938584732,0.41572834199059133,0.1336865771936335
SG_016422,0,0.10020384601831687,0.39512261831721524,0.10914516456676039
SG_016423,0,0.24113318901815117,0.6214860738614869,0.26055049331290336
SG_016426,0,0.12289047069426207,0.4399597281656365,0.13242587702366693
SG_016427,0,0.08933811356567294,0.322182955866963,0.08592341821811553
SG_016428,1,0.1639210865211247,0.44197105735218806,0.1503306444173887
SG_016430,0,0.28555798687296,0.6889542710551158,0.32146826849888444
SG_016433,0,0.10669068638069257,0.4035110578815215,0.11439207160463871
SG_016434,0,0.23812175567687158,0.6512974512604764,0.2759874050227215
SG_016437,0,0.2666393145976185,0.6071152546394368,0.2637865265542444
SG_016438,0,0.17270825501954848,0.4853560141209596,0.1694661050058935
SG_016439,1,0.2221832495466788,0.5916463664773011,0.23661512847360144
SG_016440,0,0.10534994706988195,0.4492901074901709,0.12695575006875587
SG_016441,0,0.1493444259513127,0.4887518962635079,0.16060868902190964
SG_016442,0,0.18483013150900462,0.47620430277768105,0.17096355908528457
SG_016444,0,0.17752339361133848,0.5739686082192451,0.2077922380048875
SG_016446,0,0.10484256060696966,0.38369290752537727,0.10811862033372514
SG_016447,0,0.33500566150163474,0.6703592569908011,0.33052129559956683
SG_016448,0,0.13284685690160025,0.44745944558727974,0.1392333620931171
SG_016449,0,0.1318215430060143,0.40397562764182565,0.125238127110925
SG_016451,0,0.23210789977630644,0.5794097367224758,0.23489025747778655
SG_016453,0,0.09471380768760118,0.3276530504488852,0.08942782300776192
SG_016454,1,0.1498220169344295,0.5256140567006946,0.17450013870195727
SG_016455,1,0.13038018920125563,0.41450369578964785,0.12784477919354234
SG_016457,0,0.09388533365340784,0.4543018373032942,0.12251070992627873
SG_016458,0,0.13811250346715595,0.5532418781405547,0.17940465366829736
SG_016459,0,0.1997017292580929,0.5915858083884123,0.22640577908046722
SG_016460,0,0.126073983277612,0.5014638384908523,0.15406801966537945
SG_016461,0,0.1638626798022719,0.5115445592156569,0.17558599314425508
SG_016464,0,0.1885204415579437,0.5764172461892144,0.2140839719446348
SG_016465,0,0.10491178930795221,0.44212375340215404,0.1246191392718568
SG_016466,0,0.10689886456851934,0.354472415777905,0.10116625034795382
SG_016467,0,0.15582965750599623,0.4850928122393582,0.162165416734219
SG_016468,0,0.1227359059172421,0.32436886112853286,0.0990753190170749
SG_016469,0,0.19493993142592636,0.6157505028711318,0.2360768331671167
SG_016470,0,0.08224767225367476,0.30623486584134785,0.07929662486046685
SG_016471,0,0.18893334608065845,0.5932111351605687,0.22211728356544008
SG_016472,0,0.30951224160168134,0.6433019047861108,0.30257478052173514
SG_016473,0,0.09652104447113809,0.38546471999930565,0.10488788568479557
SG_016475,0,0.24744662354435265,0.5737670656967817,0.23855323701118894
SG_016476,0,0.16109436445450145,0.4663010144498966,0.15768348880574753
SG_016477,1,0.214774089396655,0.6291376450076027,0.2525856654433847
SG_016478,1,0.22178603442962283,0.4949725013280493,0.19277662414607222
SG_016479,0,0.19236486739319025,0.5288989935005197,0.19501327202242336
SG_016480,0,0.314892805146489,0.6928947270914483,0.33723914488212053
SG_016481,0,0.12047658015934885,0.40988674530050406,0.12227588464221657
SG_016483,1,0.2086273796688619,0.550202211199341,0.2111854038182575
SG_016484,0,0.15596287735178274,0.5574800978861246,0.1902075258359885
SG_016485,0,0.2603345480704993,0.6175297003953615,0.2667885615862015
SG_016486,0,0.07112788551104156,0.1795137571110917,0.04810972714082008
SG_016487,0,0.2130337598065498,0.5060647681491682,0.19397883887635314
SG_016489,0,0.092015770030996,0.4012862179632019,0.10694497480302446
SG_016490,0,0.18576785327124043,0.4880696119539443,0.17586736390356064
SG_016491,0,0.2073777282906669,0.48388165060368843,0.1827586306274275
SG_016492,0,0.12653951455150678,0.4168791978629931,0.1269527311835543
SG_016493,0,0.26509233134170074,0.6322535800720392,0.2771124135884886
SG_016494,0,0.12599943461791066,0.4644485544970823,0.14162157975150097
SG_016495,0,0.12366533486764723,0.4799639494515251,0.1455974658955271
SG_016496,0,0.16223304567315042,0.44349654879850686,0.15018674015121647
SG_016497,0,0.1585412458429263,0.5349716260096459,0.18230849644436098
SG_016498,0,0.29977098303219846,0.617480694282284,0.2832888048886773
SG_016499,0,0.12985536411882623,0.5046934766474145,0.15708056764434017
SG_016500,0,0.13221564202464028,0.4108642674579447,0.12749216971826252
SG_016501,0,0.1176774563890256,0.3640347996210409,0.10804036633041629
SG_016504,0,0.12630352853340354,0.4153435504119063,0.12638799487669702
SG_016505,0,0.12309525237694663,0.34380993635945933,0.10451407934475782
SG_016506,1,0.09465575346658732,0.30343123638136893,0.08351752290255526
SG_016509,0,0.249580684365538,0.6255242116744953,0.26651800161819167
SG_016510,1,0.1255110745764936,0.41281468957722883,0.12529068715112154
SG_016513,0,0.1177008299923777,0.3165036428191892,0.09520274539239225
SG_016514,1,0.1530193308834578,0.5981554805889789,0.20630809851861412
SG_016515,1,0.15435428581296523,0.4866432520760289,0.16207823371533744
SG_016516,1,0.14207097614480446,0.4779102855611104,0.15351418381937906
SG_016519,0,0.10310703570635697,0.25145350474906825,0.07391804924525358
SG_016521,0,0.08765403626056788,0.25489280769766437,0.06966229859153475
SG_016523,0,0.14611970667722152,0.3900907041558696,0.12656736656532427
SG_016525,0,0.20099005972382522,0.554780854119911,0.2099307999873033
SG_016527,0,0.1707186248851118,0.567747693852348,0.2017816749380679
SG_016530,0,0.3132417876298382,0.9068060265978763,0.5725899519138721
SG_016531,0,0.10804864599355651,0.23881705002385448,0.07234336017648466
SG_016533,0,0.12857805463696392,0.41260413225863307,0.12651562086605683
SG_016534,0,0.11310604367322323,0.33270997705570665,0.09782519936701105
SG_016536,1,0.1434298914812123,0.455950772389462,0.14663523197848896
SG_016538,1,0.25491105142740106,0.6863406616635925,0.3055591845763659
SG_016540,0,0.11967674151940107,0.436823201606288,0.13000542292159303
SG_016541,0,0.27790826449002104,0.5836484728477611,0.25596444226390064
SG_016543,0,0.16197656577373357,0.4975935672344586,0.1694557273076899
SG_016544,0,0.12269058877813531,0.42052226689575783,0.1264005740065856
SG_016546,0,0.16222169273225134,0.5546000504430723,0.19207123861991265
SG_016549,0,0.21299724711764323,0.5640710276303282,0.21937403129128827
SG_016550,0,0.176750143408234,0.48577638724410593,0.17130160162410638
SG_016551,1,0.29631232962266324,0.7397910993056462,0.36376624887424974
SG_016552,0,0.12215763452293228,0.42669750595378064,0.1280335959314728
SG_016553,1,0.07998416173795903,0.3064947343934627,0.07842172687110255
SG_016555,0,0.08785602764623603,0.3013330375908619,0.0804074504868433
SG_016556,0,0.24057967912049838,0.6243955389706934,0.2618917700509078
SG_016557,0,0.2381107560490042,0.6162797704965445,0.25639303576042033
SG_016558,0,0.09514369480223249,0.3121226414601681,0.08580478069302955
SG_016559,0,0.1324423188101109,0.391793364381863,0.12182739646109339
SG_016560,0,0.1269016238493912,0.3857261310652664,0.11784545609180104
SG_016561,0,0.0864288358752034,0.1825249900683054,0.05305314192658996
SG_016564,0,0.15541431954160115,0.44628094502893295,0.14839380608134864
SG_016565,1,0.2225480163762936,0.5918163209522409,0.2368609715695249
SG_016568,1,0.0950082331379245,0.4507386014864694,0.12208136801436235
SG_016569,0,0.20344854240126117,0.5518060451432926,0.20967431415567614
SG_016570,0,0.19445428399742995,0.4825559875721332,0.17720741001424403
SG_016571,0,0.11729882993636842,0.3437799938983307,0.10235368890515427
SG_016572,0,0.11232953150269176,0.4013680986797373,0.11628608079041902
SG_016573,0,0.20302367154373424,0.6190550682931675,0.24167111489114682
SG_016574,0,0.08147727313971385,0.3048863905473846,0.07867372906002992
SG_016575,0,0.13952108676698827,0.36795125875092277,0.11742918346933835
SG_016576,1,0.10536689815053601,0.3883283775635516,0.10960850206788295
SG_016577,1,0.31990801248500916,0.6254953982196271,0.2961525951815792
SG_016578,0,0.20583172935977867,0.5174444803282066,0.19583857556690087
SG_016579,0,0.17936903610861019,0.5111629024743477,0.1822233130580088
SG_016582,0,0.1665356000329279,0.5802855880164601,0.20525783918037718
SG_016583,0,0.10513028698066644,0.29504096843317124,0.08527676715767996
SG_016584,0,0.11027747301865092,0.21145302187200973,0.06624343494254516
SG_016586,0,0.178282175445292,0.4868157370549057,0.17232713809125957
SG_016587,0,0.3581301104289227,0.6211121913856167,0.3087808844916763
SG_016588,0,0.17356864134306413,0.3688697119327946,0.1295608263572751
SG_016589,0,0.0921455256376315,0.35899230494640616,0.09612403918185175
SG_016590,0,0.153355950386481,0.4552743378977216,0.15061465191598208
SG_016591,0,0.10465364174217702,0.3870502137589377,0.10894748359941607
SG_016592,1,0.2746171950361897,0.6617786425124204,0.29892678478932694
SG_016593,0,0.14416451749341874,0.4920747537818997,0.15944220266525935
SG_016594,0,0.15852744209219585,0.46645060801173827,0.1566642616036789
SG_016595,0,0.22575666536250036,0.5742396330798262,0.22966399140579366
SG_016596,0,0.07457873372569802,0.27433152845074205,0.0691453372699159
SG_016597,0,0.2855867644867391,0.6566424737505019,0.3005721304723657
SG_016598,0,0.16784907822911596,0.47375823798625555,0.16316573726354325
SG_016599,0,0.21761989535841017,0.6567115230340145,0.26935261599093296
SG_016601,0,0.14029414909884425,0.4163894525099107,0.13249109784575294
SG_016602,0,0.1255921767966878,0.48201582089223133,0.1472145199054094
SG_016605,0,0.145161460967137,0.4790689655071907,0.15530607107058025
SG_016607,0,0.33550097331191314,0.55366417906858,0.2624264633542501
SG_016608,0,0.23216276190709728,0.5515678830939581,0.2216470464143873
SG_016610,0,0.17328630206659393,0.427169995616195,0.14883681144465358
SG_016611,0,0.13301103965363908,0.49802507784829325,0.15628466701810834
SG_016615,0,0.15487408537934863,0.43823523703241196,0.14545822188301286
SG_016616,0,0.2830631993588477,0.6735311766555222,0.31014744484449325
SG_016617,0,0.24036302350241398,0.6362548319168699,0.26838411099764375
SG_016618,0,0.1516038790026502,0.4671547959030492,0.1539755685637912
SG_016619,0,0.1096762175636082,0.3879328011568831,0.1113683556796087
SG_016620,0,0.2047662188840266,0.5824969059861598,0.22437594274887207
SG_016621,0,0.20466298681666675,0.5181187725476654,0.19564359396112427
SG_016622,0,0.16627606843365791,0.4556340734022816,0.15602977053946712
SG_016624,0,0.15794871323626788,0.4185132386954486,0.14011403623283228
SG_016626,0,0.3015068961100033,0.6443509635567649,0.29985249402683123
SG_016627,0,0.10030344837229072,0.4256517153454325,0.1176206134292986
SG_016628,0,0.1456335323761321,0.48823216983222717,0.15874663809028083
SG_016629,0,0.21374821975563807,0.5618781162189205,0.21868483210501127
SG_016630,0,0.09759050884470573,0.2975311449446054,0.08318488404959216
SG_016631,0,0.19291442416711665,0.5578811312478359,0.20773812841087375
SG_016633,1,0.28071584314191633,0.6255702437012292,0.27998787740116293
SG_016635,0,0.224399202060839,0.5312272776610563,0.2092912348778913
SG_016636,0,0.20837266376123412,0.633532806048791,0.2518881906210349
SG_016638,0,0.19297243051434165,0.5429001621268524,0.20121934991617088
SG_016639,0,0.14875281554771283,0.4696884338582856,0.15362474583869998
SG_016640,1,0.12986393721983594,0.47784404887567317,0.14785916789546086
SG_016642,1,0.1750567606713186,0.46383982653399947,0.1624859552954386
SG_016643,0,0.19075968617934946,0.534013279807125,0.1964712184975154
SG_016644,0,0.12836413194276064,0.4776538180658219,0.14708552611981426
SG_016645,0,0.3020624743521924,0.6003146774466054,0.2745807941403326
SG_016648,0,0.11938183841353589,0.4047965161270642,0.12031443174558157
SG_016649,0,0.08333128319599098,0.33327544357833067,0.0860185393274489
SG_016650,0,0.13719759790193628,0.37291880993266135,0.11804250465699426
SG_016651,0,0.10921051753171156,0.44331389744288396,0.1270661020551894
SG_016652,1,0.22662074302050184,0.5729897141641149,0.22943298156614234
SG_016653,0,0.17670276800915363,0.5276998017400155,0.18769763940038722
SG_016654,0,0.12692653544987492,0.5072888441663241,0.1565278722415855
SG_016655,0,0.12906393120674334,0.509166998864173,0.1582653914162535
SG_016656,0,0.09421494704381851,0.2543303054519497,0.07174123792018554
SG_016657,0,0.1803718601964851,0.6331729112745167,0.2376865204131838
SG_016658,0,0.16130285182332524,0.4577965102749424,0.15477219541528403
SG_016659,0,0.12257414708489915,0.4368635299339938,0.13132670919848063
SG_016661,0,0.17704407830246904,0.5443340058907983,0.19472504010862152
SG_016663,0,0.10047784277709526,0.37393593382082463,0.10361188022621506
SG_016664,0,0.17858393955174792,0.5189138774562626,0.1849754309458796
SG_016665,0,0.21501488642345779,0.5703761279762762,0.22319030311043994
SG_016666,1,0.2005241400812119,0.49327222763131834,0.18382201675666313
SG_016667,0,0.1079561455493121,0.4011586001770361,0.11429996364894485
SG_016668,0,0.15953661895123422,0.4245705138536265,0.14272967230074196
SG_016669,1,0.08405099146994306,0.28553457167039303,0.07530073586344235
SG_016672,0,0.20509973300291826,0.5113967150808003,0.1930211729878177
SG_016674,0,0.1223170647995039,0.43932929277625055,0.13197189050501992
SG_016676,0,0.23681715919625432,0.6204871597042881,0.2580790198856725
SG_016677,1,0.24671678017278245,0.6041765458243792,0.2537370245385814
SG_016678,0,0.22904971375840769,0.6139732512419308,0.2511091841354133
SG_016679,0,0.2575311559496,0.6907353971714061,0.3096995886813666
SG_016680,0,0.10755947823946804,0.4008340517390147,0.11403251581774695
SG_016681,1,0.24907817982227728,0.6305202282277385,0.2690819476338705
SG_016682,0,0.14633786189409867,0.4105107823566816,0.1330359659671704
SG_016683,0,0.09075587495258534,0.3344450747742817,0.08946564086211298
SG_016684,0,0.15563879142267298,0.2417029909397024,0.0860368760543305
SG_016686,0,0.1201026048344359,0.2783188717601113,0.08599367459682743
SG_016687,0,0.1379583748500829,0.3560040392671419,0.11335494172823174
SG_016688,1,0.17160997159435668,0.49004304966828705,0.1707655569982753
SG_016693,0,0.1312016637851007,0.4480444305940656,0.13869423288816773
SG_016694,1,0.17807319588800488,0.5230435592062278,0.1864151882125702
SG_016695,0,0.17249911154315742,0.5653239823615952,0.20157934790373133
SG_016697,0,0.17967998245527875,0.517745675000873,0.1849823739190429
SG_016700,1,0.23411567824144797,0.5554405089208714,0.22425225816835484
SG_016701,0,0.19005456987681427,0.40640214459652335,0.14769902871729437
SG_016702,0,0.0853552323927197,0.3051232729980544,0.0802993713720298
SG_016706,0,0.10043013217696373,0.3698763130214457,0.10252353112747525
SG_016707,1,0.34549531431960584,0.7009118009991107,0.35622472164581415
SG_016709,1,0.186234740682793,0.5980253226762322,0.22311868271651517
SG_016712,0,0.13804373959167363,0.14249843894727543,0.05440394675193178
SG_016713,0,0.1301476727464154,0.4094078358603009,0.12619829751978798
SG_016715,0,0.14347841706619222,0.496644894595056,0.16075881764280506
SG_016717,0,0.11198851288164101,0.3201834401020927,0.09412937434316858
SG_016718,0,0.15082399074198446,0.48463644104790565,0.15979646146042722
SG_016722,0,0.17785928258836992,0.5106584057625378,0.1813757049624377
SG_016724,0,0.22451427261585258,0.5484173584321438,0.2170516478697947
SG_016725,1,0.13648455468187867,0.45739347942629405,0.14408019597647356
SG_016726,0,0.11280184807324761,0.45568213226060617,0.13255825148921935
SG_016727,0,0.07468772815048651,0.19423623435622567,0.052240172121681666
SG_016728,0,0.19663861980743072,0.5362214462250422,0.19994128628817529
SG_016729,0,0.1926607326215214,0.6436053308522911,0.24953896991502045
SG_016730,0,0.12593454340634216,0.5276776704186715,0.1633073341044575
SG_016731,0,0.20292428055057035,0.5803670699619029,0.22253301670247727
SG_016734,0,0.14196780271676368,0.4681306246501031,0.15011079150835155
SG_016735,0,0.11599302026297376,0.4083367678674734,0.1198847714067444
SG_016739,1,0.19820872962572852,0.5687636803137529,0.21501370118606936
SG_016740,1,0.15133836101502282,0.495933228858804,0.16410407861103696
SG_016742,0,0.15673481911460505,0.439281111920056,0.1465569390837887
SG_016743,0,0.12702975235264138,0.33084921435366016,0.10235240059566349
SG_016744,0,0.22776982754272093,0.5262662769998743,0.20845247922620203
SG_016747,0,0.10070612766277193,0.4761129615083124,0.1326525660470322
SG_016748,0,0.13534644008628316,0.3881696457084435,0.12187868460590559
SG_016749,0,0.10383889299467412,0.41578844695506767,0.11652862129357841
SG_016750,0,0.11824736316278632,0.4273552246097624,0.1264933041594404
SG_016751,0,0.22130065705114768,0.6108045043204536,0.24594057521451013
SG_016753,0,0.152948391532341,0.4529901608152046,0.14966357406495548
SG_016755,0,0.11143654319048298,0.3557994446769278,0.10333315407213735
SG_016756,0,0.11766389075716666,0.43025441239722867,0.12710138498153517
SG_016757,0,0.27310166142879466,0.537019580608899,0.2309196827335523
SG_016759,0,0.09314307754546747,0.39378021134153623,0.10550691143585322
SG_016760,0,0.1110149245689223,0.40526605787281644,0.11681677444513279
SG_016761,0,0.25708484940116066,0.6213326949723471,0.26748302864284934
SG_016762,0,0.19288778492131553,0.4554485449910984,0.16631332231306437
SG_016764,0,0.12374545964855314,0.4395336175569369,0.13267868349506268
SG_016766,0,0.0967037366028447,0.4322816011855966,0.11770617039107921
SG_016767,0,0.3395381878952645,0.6867980014775455,0.34363251739399076
SG_016768,0,0.19193352723378565,0.5876866575601101,0.22091985855208973
SG_016770,0,0.2189649335415598,0.5945390330669604,0.23662243615777503
SG_016771,0,0.09180821968414711,0.3478652987479381,0.09320428945455402
SG_016772,0,0.1562323466892532,0.4719615084616298,0.15764154956397516
SG_016773,0,0.23282524382355022,0.5810353720238854,0.23599507237742523
SG_016774,0,0.22009733584988042,0.5621626870341846,0.22153311557147617
SG_016775,0,0.2037463345589825,0.6055990953638183,0.2351736905089139
SG_016777,0,0.12074952975132358,0.43604664816463107,0.13025400812272894
SG_016781,0,0.09987613214613107,0.3614356082344966,0.10008494872766825
SG_016782,0,0.28319642904250425,0.6206318035567673,0.2782197529005722
SG_016784,0,0.14324450908213662,0.521027463355868,0.16958779606237812
SG_016787,0,0.1969718221982706,0.5613934418545081,0.21111840129025858
SG_016788,0,0.09883284511078999,0.3613500763368491,0.09961916727457698
SG_016789,0,0.09599359576139528,0.4477051373017623,0.12172615103466153
SG_016790,0,0.19435606046885087,0.577824507561643,0.21743309902062272
SG_016791,0,0.10688042570468859,0.3260197901801898,0.0937499356954226
SG_016795,0,0.14689852344909018,0.40777815205712753,0.13238967560277098
SG_016796,0,0.27651746749030354,0.538449176207597,0.23289299164306707
SG_016797,0,0.1122898149533542,0.5045444178003913,0.14798432312699253
SG_016798,0,0.1637284121744884,0.530466699316791,0.1829384944064603
SG_016799,1,0.09037089343081171,0.21449183934633215,0.06137129236855556
SG_016800,0,0.12015166066794018,0.4394399550532919,0.13102325241115254
SG_016801,0,0.2099133131560477,0.4995454546968306,0.1900609987386038
SG_016802,1,0.2838854847740746,0.6561307488750434,0.29951275684214906
SG_016803,0,0.34349205413626444,0.7118433253342101,0.36342838973824165
SG_016804,0,0.2726959653959086,0.6044768858542292,0.26489057335424326
SG_016806,1,0.3288204177779157,0.5964278166111193,0.2829714739010517
SG_016808,0,0.16953115939113095,0.43179421378545807,0.1490077043084247
SG_016809,1,0.21496685414896444,0.5578037670996521,0.2173338389069291
SG_016811,1,0.18482528240436083,0.5496463245534582,0.2005088945807859
SG_016812,0,0.21850974758174743,0.5405755323908769,0.2110370815099998
SG_016814,0,0.10805164733774449,0.2738632651968027,0.08099518898195622
SG_016815,0,0.2817465892657473,0.6801466181834415,0.31387169420081334
SG_016816,1,0.21130347129251123,0.5567031239633591,0.21526369024276293
SG_016817,0,0.0826624773999343,0.3095023956757271,0.08021491600564588
SG_016820,0,0.10574753545202427,0.33051634937576435,0.09447492454966888
SG_016821,0,0.14775117353880385,0.46804342008740435,0.15262001712592124
SG_016822,1,0.26511664585351286,0.6314124903935737,0.2766418997628383
SG_016824,0,0.2652218191731425,0.6632176129810222,0.2956034993438004
SG_016825,0,0.2801389686578974,0.6723468878444037,0.3080768870961969
SG_016826,0,0.09276730018520517,0.34636174116855006,0.09324130270199074
SG_016829,0,0.11615779208853516,0.3778640199526086,0.11127743258866041
SG_016830,0,0.11405294113290365,0.5040360709117685,0.14875330434713793
SG_016831,0,0.17497914124517963,0.5946944082758077,0.2160242841974294
SG_016833,0,0.1953770701982348,0.4840375300722622,0.17814720426706593
SG_016835,1,0.3158488748753517,0.6256689346071509,0.29460558399272607
SG_016836,0,0.11016474682078638,0.3415899694620539,0.09905445586061377
SG_016838,0,0.09735341070380053,0.27504121343898863,0.07768984757231583
SG_016839,0,0.2607478688276609,0.5581489352844249,0.2362828698179093
SG_016841,1,0.2116884505323461,0.5427280188757864,0.20915450663967416
SG_016842,0,0.15155042900910862,0.5010727398744265,0.16608353512297067
SG_016844,0,0.10052695112496081,0.3361047726600851,0.09386206133039043
SG_016845,0,0.2208649977310768,0.5592573658419033,0.22050909478008507
SG_016846,0,0.14118892217712178,0.43564574685607094,0.13899801066680156
SG_016848,0,0.14169621863993917,0.5000607318780453,0.16115164279300523
SG_016850,0,0.3341143434178518,0.7006187856605889,0.3511028096668673
SG_016852,0,0.22424312861373466,0.6289241820173151,0.2569129435703864
SG_016853,0,0.22387207166480771,0.5913826915709856,0.23722994310702383
SG_016854,0,0.16511407520659183,0.5557317759391207,0.19393892491603873
SG_016855,0,0.27433409736602404,0.6669900871983684,0.30206512801055785
SG_016856,1,0.32718349378794453,0.6305922648977506,0.3021430534338101
SG_016860,1,0.32250795106728597,0.5970345590337816,0.2808471908777014
SG_016862,0,0.20030749038725126,0.5122449361893474,0.19142223181626675
SG_016864,0,0.11808784680252442,0.37264041112777035,0.11059634211446377
SG_016865,0,0.10575196048477244,0.42001506964684515,0.11862227923679446
SG_016866,0,0.1612700889773544,0.4922684062519276,0.16716503569614471
SG_016867,0,0.119164265203458,0.4166620956058803,0.12371065661771087
SG_016868,0,0.16433051744658855,0.5246232357894229,0.18089637528790162
SG_016869,0,0.07223692867687331,0.09170430671619847,0.029545006201559625
SG_016870,0,0.17393860479452042,0.5538712981955983,0.19732758963888947
SG_016871,0,0.14657650415250303,0.4499991422556048,0.14598360969947022
SG_016872,0,0.13237726689014562,0.3101174132577943,0.09844884225803642
SG_016873,1,0.08806905567454608,0.4592920733768041,0.12075664863947419
SG_016875,0,0.12515110638755025,0.42897893217474514,0.13004404297168523
SG_016876,0,0.18447011867364316,0.49103993625773656,0.17648525911142254
SG_016878,0,0.20317033421087685,0.5599989789565483,0.21323045647447905
SG_016879,0,0.10421911428231283,0.3080792043574334,0.0882097833905723
SG_016880,0,0.2431696135692808,0.5719600037014624,0.23589540032906156
SG_016882,0,0.17749960174836943,0.47221149840564375,0.16653609186626706
SG_016883,0,0.29840264888785223,0.609851353769393,0.2784113101639131
SG_016884,1,0.21185816790231857,0.3994048388181648,0.15257293407414205
SG_016886,0,0.12506906461617925,0.45270909178248153,0.13741858564897497
SG_016889,0,0.1655417645124075,0.3905374435374235,0.13379239426024866
SG_016890,0,0.16850886124371814,0.4875000339481766,0.1685026373260352
SG_016892,0,0.15080854066089414,0.48480853262532625,0.15985108880730897
SG_016894,0,0.097560523050705,0.27666764432247526,0.07815022832740327
SG_016896,0,0.1369838320819277,0.4701521260805701,0.14856260394762238
SG_016897,0,0.16313046350559168,0.42876245113327616,0.1455214807823441
SG_016898,0,0.2552082766871862,0.6079350422390957,0.25938012168182184
SG_016899,0,0.10889864481792039,0.2713200332306407,0.0806374372007311
SG_016901,0,0.11886233633502429,0.4700789126349298,0.1400368193912751
SG_016903,1,0.18555807930800372,0.5551473845945667,0.20322230669527303
SG_016905,0,0.24269347236431696,0.5657224005749341,0.23266677442988468
SG_016906,0,0.09591815513238248,0.2531643202601076,0.07202743123318942
SG_016907,1,0.3132330026693484,0.6426583134092171,0.3037331019683318
SG_016908,0,0.12278852235711134,0.415829850303654,0.12503416871308762
SG_016910,1,0.21497711194450952,0.4621022858779015,0.177040723734892
SG_016912,1,0.11134662173918303,0.39628137205636643,0.11441984731716966
SG_016913,0,0.12023516325700756,0.4638406467057801,0.13870134453117008
SG_016914,0,0.17515058431383723,0.4636242140704701,0.16244497208478104
SG_016915,0,0.1319495680330817,0.39680053773707635,0.12312944447778942
SG_016916,1,0.17399073979450738,0.4776480352593639,0.16712450594138042
SG_016917,0,0.17357667939323798,0.4883996501792326,0.17097237564963177
SG_016918,0,0.22418695750969397,0.4442455252830506,0.17340789881566318
SG_016919,0,0.1940962406625707,0.5409912030751112,0.20088809603460245
SG_016920,0,0.1308109589257269,0.38865798015699105,0.1202529549841642
SG_016921,1,0.09340689935134096,0.3421791488598374,0.0924743060762215
SG_016922,1,0.2654469549750221,0.5826618270825458,0.25041264150574666
SG_016923,0,0.14445143483139367,0.39918851596940436,0.12875239336052471
SG_016926,0,0.16593680180146986,0.5883686569112327,0.20858704882627888
SG_016927,0,0.25648171001529946,0.5973783900129599,0.254328263972631
SG_016929,0,0.1201456229215272,0.4213698799599272,0.12554295779638122
SG_016930,0,0.14107518241282052,0.4244592069941463,0.1353611047151179
SG_016931,0,0.13362494523949023,0.3297965836551526,0.10434248120913078
SG_016932,0,0.14540351866750414,0.4548189831805819,0.14710253431256662
SG_016933,0,0.09012969019133005,0.2752932559848671,0.07520661739514987
SG_016934,0,0.09270003359172795,0.12542599197139034,0.04134536044494297
SG_016935,0,0.1335675154382472,0.476933593430668,0.14928671166229934
SG_016936,1,0.2525212225322238,0.6644097968866094,0.2905320326836404
SG_016938,0,0.10262118742366812,0.12370036743599398,0.04284451725193046
SG_016940,0,0.1745573524441886,0.5402766460584763,0.19189800540727903
SG_016942,1,0.20556118637284881,0.511200972330801,0.19312659395674336
SG_016943,0,0.19849810865187134,0.5096545266685789,0.189619759670563
SG_016945,0,0.16184464656088313,0.5328745416892988,0.1830244278864895
SG_016947,0,0.1311420025300554,0.47862092526610345,0.14872273141703224
SG_016948,0,0.2178769241887355,0.5339246723707601,0.2078334722917459
SG_016949,0,0.20083419465583985,0.5244238171060005,0.19671003427062025
SG_016950,0,0.24446683229280605,0.6087215669932611,0.25516254193478616
SG_016952,0,0.10801110218666661,0.38659528603128496,0.11028305483392749
SG_016953,0,0.22377278575568416,0.6473842083561205,0.2669631187708123
SG_016954,0,0.21648331767577125,0.5043179983659083,0.1946075365255982
SG_016955,0,0.15092308488098802,0.5360801623856959,0.17909569204827175
SG_016956,0,0.26284038912468805,0.6979792709143815,0.31709316600624116
SG_016957,1,0.10977683711135544,0.2519024501723845,0.07608807628508649
SG_016958,0,0.16286063601622608,0.48795349860553683,0.16625981931835568
SG_016959,0,0.1334259526330577,0.4879376364638943,0.15297757140173363
SG_016960,0,0.16284473435578103,0.4506692971995914,0.15291076314568383
SG_016962,0,0.20717851820414113,0.5625332170313417,0.21613780570095606
SG_016964,0,0.11164288030638003,0.2818017569784747,0.08416501683155125
SG_016965,0,0.18037351208333952,0.5028748027837916,0.1793863890333711
SG_016966,1,0.08504618988379693,0.2644662415902171,0.0709104891772278
SG_016969,0,0.24897053454769888,0.6661050186023952,0.28992594506156294
SG_016970,0,0.12184072062500705,0.3836271531933988,0.1152131972554535
SG_016972,0,0.1001072989650723,0.16687951069134668,0.05287419248712576
SG_016977,0,0.15543310058983914,0.5129474242862407,0.17229942166435344
SG_016978,0,0.09601024846135305,0.3774167092479257,0.10254960052147506
SG_016979,0,0.35775631706769473,0.6563409693422018,0.33070544851047906
SG_016980,0,0.15571340449259202,0.5378577640650609,0.18211081426664713
SG_016981,1,0.08234831066091795,0.2968539756065435,0.07720237217058498
SG_016982,0,0.1668773835447216,0.49384761877624694,0.17018088362305273
SG_016983,0,0.15216853681306883,0.4204897617177767,0.13852102405228905
SG_016984,0,0.14391027612980378,0.41045837480075603,0.13206691496696368
SG_016985,0,0.13257383927583424,0.36948665651414675,0.1153065302321014
SG_016987,0,0.20216633670367481,0.49679589689440445,0.18588501336111488
SG_016988,0,0.17437721370809303,0.4627791515962299,0.16182974387727006
SG_016991,1,0.14762834673592642,0.5267790905667776,0.173891658680026
SG_016992,0,0.10113602398637804,0.5179797088878496,0.1462476635539598
SG_016993,1,0.1857983578873614,0.5802826382123735,0.21458220496037667
SG_016994,0,0.15964865664759817,0.5460920465890176,0.18731940181182247
SG_016995,0,0.10044262943201328,0.2935325047535769,0.08324373180728464
SG_016996,0,0.109331532976354,0.5241734835969022,0.15303649120508922
SG_016997,0,0.12035289664783198,0.27112484684410915,0.08420352848042024
SG_016998,1,0.1711232598733756,0.49485728041023536,0.17237868708883433
SG_016999,1,0.138798844811255,0.45127085503273034,0.14307705071450447
SG_017000,0,0.2474049202202884,0.6426939850516573,0.2752578654009125
SG_017001,0,0.07811480568324398,0.32547904993077953,0.08192507843720878
SG_017002,0,0.10619808064289493,0.45202636511874883,0.128195768652485
SG_017004,0,0.19686391066896505,0.5467263615048666,0.20457551123692777
SG_017007,0,0.10038411178613159,0.3971274824322878,0.1097705303333176
SG_017008,0,0.09692030399562279,0.34173434762476645,0.0938226130673926
SG_017009,1,0.09950187599956495,0.3712379005552181,0.10247860828257059
SG_017010,0,0.1345899292034138,0.3093890164056064,0.0989679272569378
SG_017011,1,0.18431940268637267,0.5243064214933407,0.18965021510724075
SG_017012,0,0.1019768015950328,0.3167787758405129,0.08955797578761726
SG_017013,0,0.2591447689124019,0.5588268693945138,0.23597609861724897
SG_017014,0,0.2959771312269741,0.6028547159157107,0.27353664101654357
SG_017015,0,0.16997481419206154,0.4908364006697549,0.1703724977069993
SG_017017,0,0.2059211934696329,0.4962574581548873,0.18715294329151239
SG_017019,0,0.19263108492385853,0.47687804696468766,0.1743009748323226
SG_017020,0,0.10583805729721335,0.42402502611293935,0.11980991509924757
SG_017022,0,0.13540816245880513,0.39338265960801033,0.12346884927740474
SG_017023,0,0.22321441878938678,0.6311477445112723,0.25764518142137544
SG_017024,0,0.13826465343250427,0.4302929182755364,0.13605777407545797
SG_017025,0,0.18675898579227787,0.53956280983959,0.1970673133509533
SG_017027,0,0.3003104147516189,0.6445209269878971,0.29945062124400773
SG_017029,0,0.2390053989964536,0.5610735411893288,0.22892112423379593
SG_017030,0,0.11974546209888758,0.40718285586250036,0.12116779673986253
SG_017031,0,0.1906542641747111,0.5833266044620218,0.21827384714223938
SG_017032,0,0.17514414168297832,0.4203625069431955,0.14718991232737827
SG_017033,0,0.1441065136638712,0.5380374180020131,0.176505321383485
SG_017034,0,0.2791322149236184,0.6546280659008115,0.29650644325499353
SG_017035,0,0.1101277042780976,0.3833641095034952,0.11029800266840424
SG_017036,0,0.09307865836727926,0.29241611955307717,0.08029566881583505
SG_017037,0,0.10128364651744044,0.46168802315261354,0.1285870386747223
SG_017038,1,0.10255203403913539,0.4020637249810147,0.11211201445158964
SG_017039,0,0.09482025265960609,0.5017971518464455,0.1373305822599055
SG_017041,0,0.11029548484355349,0.31675344525938837,0.09262608153414019
SG_017042,1,0.11447705479472818,0.28757550582160835,0.08657038441868878
SG_017045,0,0.11612549284290125,0.3747477229588374,0.11039469835571675
SG_017047,0,0.10326054014559556,0.4081548508141869,0.11412301953539113
SG_017051,0,0.10750774104002221,0.4046602777551007,0.11508161635656419
SG_017052,0,0.27802274379869707,0.6414711841638684,0.28809270243258445
SG_017053,1,0.2536900744848401,0.5734386092977181,0.240956238383641
SG_017054,0,0.14828702309886244,0.3815475873393931,0.12473807798223903
SG_017057,0,0.14449657415633557,0.44107916896609295,0.1421515500950817
SG_017058,0,0.12824970211128497,0.34549744063844734,0.10686057428414039
SG_017059,1,0.09269890909862653,0.25790530361386593,0.07206787030536949
SG_017060,1,0.25042542596089984,0.6793564499749389,0.29891855162084535
SG_017061,0,0.12329531063931576,0.32267398026967886,0.09881219397166699
SG_017063,0,0.09759211460581456,0.23720399889156887,0.068806212322082
SG_017064,0,0.09990780528420723,0.3587082548367691,0.09939204371928528
SG_017065,0,0.12241505302709137,0.3607738945969719,0.1089699811285027
SG_017066,0,0.24438494549605605,0.5436855306230168,0.22292074203678755
SG_017068,0,0.09765710808558792,0.35329664319621973,0.09705462936120045
SG_017069,0,0.13406865141502688,0.41210411554629145,0.1286310553233063
SG_017072,0,0.29294345360543483,0.5962516060302496,0.26870321240421735
SG_017073,0,0.35509807367894725,0.6052379878856986,0.29819657576823877
SG_017074,0,0.08924452567885459,0.397294499365721,0.1045529403648307
SG_017075,1,0.2392909972810224,0.694689897482682,0.3035283625782795
SG_017078,0,0.10670394497004236,0.37050951545436717,0.1053566752045757
SG_017081,0,0.15675751055673873,0.525047993182956,0.17756291080562317
SG_017082,1,0.2287967893402486,0.5567526439075028,0.22266857855713842
SG_017083,0,0.1995257926985975,0.5425200806178553,0.20389620484485185
SG_017084,0,0.10957321364009542,0.4832182917191597,0.13956986859753107
SG_017086,0,0.14216178086342834,0.5152482431958758,0.16691080297744132
SG_017087,0,0.2401142158646885,0.5839457335124348,0.24054050645428285
SG_017088,0,0.12238007586245118,0.38568747736871123,0.11602247410647117
SG_017089,0,0.16764261548628165,0.4847716608381936,0.16712274859583262
SG_017090,1,0.22226419154439928,0.5839710010629849,0.2328689338162959
SG_017091,0,0.1863368999839289,0.46978176464267246,0.16914259923570776
SG_017092,0,0.14032421348839488,0.41850306292577444,0.1331685590307895
SG_017093,0,0.14456483848868143,0.4658128882014669,0.15046447303935434
SG_017094,0,0.12617964635509507,0.4195154166977584,0.1275992388992196
SG_017095,0,0.27939224467426854,0.7093346218212071,0.33281015279941795
SG_017096,0,0.11341587288255874,0.29060995837876347,0.08699537189596201
SG_017097,0,0.15988387032835963,0.4631654665233676,0.15607244511477483
SG_017099,0,0.13014732510498273,0.26718232587501584,0.08611554291070424
SG_017100,0,0.18949741442378987,0.5031471654776001,0.1832986383485501
SG_017101,0,0.10406854594702493,0.36144347650160785,0.10184649261248073
SG_017102,0,0.12212811512996609,0.5019873164907686,0.15225512558502624
SG_017104,0,0.18020650794521856,0.5478023541069211,0.1976303019889547
SG_017105,1,0.10900275011951337,0.3997338412727438,0.11436454582447833
SG_017106,1,0.1330796626259457,0.3718043585494717,0.11617256844911356
SG_017107,0,0.08969944298476383,0.3317892068543955,0.08838057027021519
SG_017108,0,0.09257953595594219,0.26044156813932323,0.07261664117869807
SG_017109,1,0.12421852098451974,0.4423916963270092,0.13378137470561238
SG_017112,0,0.24942284406176474,0.6111581427033315,0.25861560834635894
SG_017113,0,0.15702267713722448,0.4665162544127554,0.15605499399407197
SG_017115,0,0.11054335343572685,0.37840612483647607,0.1091084081391452
SG_017117,0,0.2057208805405333,0.5367168220705145,0.20401143406344976
SG_017118,0,0.13152414486601097,0.41273943289829534,0.12778028148345957
SG_017119,0,0.07665689440605294,0.27806791782332724,0.07077240137346225
SG_017120,0,0.14861060364639153,0.5186069042135929,0.1712538659700912
SG_017121,0,0.13699371360699733,0.48198241354008026,0.15259870696641523
SG_017122,0,0.16442184500050203,0.5387058550353522,0.18657559109323033
SG_017125,0,0.19037972671730263,0.5338103449145047,0.1962211544247767
SG_017128,1,0.2770243068589584,0.6508021897951713,0.2932499942129518
SG_017129,0,0.08295043795407307,0.3536389172656542,0.09068202558502865
SG_017131,0,0.16915678396564637,0.551434382095015,0.19405450890033754
SG_017132,0,0.16690273791985666,0.48333822644862484,0.166280526589969
SG_017133,0,0.20415965790924642,0.5332847609727427,0.20187228944459498
SG_017134,0,0.20633880433959928,0.5840980235080784,0.22585072279208884
SG_017135,0,0.1060762535010954,0.33639489039473996,0.0961169831595707
SG_017136,0,0.19040121961033604,0.5000330111404836,0.1824332287418447
SG_017137,0,0.08786783538216258,0.34790859532653795,0.09150457144812832
SG_017138,0,0.10946876944531529,0.48134509727651215,0.13891797276818216
SG_017140,0,0.09745913749655861,0.08870836286875462,0.03300104405711452
SG_017141,1,0.1182156366224665,0.45622965746047495,0.13533107816425125
SG_017142,0,0.2787312334601557,0.5636404828411062,0.24606893853867906
SG_017143,0,0.18649608066824527,0.5187887039807819,0.18833306764883065
SG_017147,1,0.13704443308262795,0.49166870526585743,0.15598453379796015
SG_017148,0,0.17349442370296086,0.49196163778715607,0.17228454851568856
SG_017149,0,0.11620979374687557,0.470066885502639,0.13873419845923507
SG_017150,0,0.1472547229856681,0.47684904973220876,0.15546179607728405
SG_017151,1,0.10476895293219386,0.34733291994840937,0.09843880752864707
SG_017152,0,0.18285260232142855,0.518191556213419,0.186530747968916
SG_017153,0,0.2793273484229106,0.5526973123921004,0.24086835773208212
SG_017155,0,0.16729550265030368,0.4691411211081912,0.16126399442340342
SG_017156,0,0.1449135315928807,0.4941631335601141,0.16053305297896286
SG_017157,0,0.16047769376304652,0.4672426555455119,0.15776046378470995
SG_017159,1,0.12810304172234213,0.44667506745485097,0.13687584891074583
SG_017160,0,0.2156705366732308,0.8768080313459632,0.46763851525509315
SG_017161,0,0.12279003778851459,0.44334485261243745,0.13343186740872776
SG_017162,0,0.28083285639706884,0.6854164088822202,0.31694992936457167
SG_017163,1,0.21370235166722237,0.5258613817297836,0.20262149480020206
SG_017164,0,0.14187436250240304,0.38890975653059473,0.12460368940539313
SG_017165,0,0.1720920332295475,0.4507013828622028,0.15659551469719124
SG_017166,0,0.08530357199809198,0.26752371387118645,0.07169220817384998
SG_017167,0,0.18684308081697076,0.511520371989712,0.18554080067893453
SG_017168,0,0.1681817061142935,0.4926532080025299,0.1702915936452554
SG_017169,0,0.11592617225697803,0.34380228453351636,0.10184256033146803
SG_017173,0,0.15255430296510278,0.4172818740447435,0.13762924630403237
SG_017174,0,0.13997335469905506,0.5106510735722456,0.1641654214412163
SG_017175,0,0.29387946304817864,0.6377800348757755,0.29267574856016676
SG_017176,0,0.11045120501476803,0.41210280838518937,0.1185170924364978
SG_017177,0,0.17885555115918864,0.39964331450712676,0.14149149475508938
SG_017178,0,0.09932828909008562,0.4583245878689839,0.1265645824856351
SG_017179,0,0.12249276944188225,0.45491590608314664,0.13692862993233906
SG_017180,0,0.1261794904532405,0.48167105891434825,0.14738306427738315
SG_017181,0,0.12116518360299496,0.3904527716111366,0.11689981859183617
SG_017183,0,0.24348007811262176,0.5779797270707103,0.2389886461152916
SG_017184,1,0.22075609591361758,0.45886212048038855,0.1778713923107671
SG_017185,0,0.09838862432262525,0.27210774149208483,0.0773433302900854
SG_017186,0,0.20511174361041615,0.5152000326608512,0.19460687314414968
SG_017188,0,0.21349377373448522,0.6476070723472566,0.26213266959822695
SG_017189,0,0.13481129175519782,0.4307702658770904,0.1347574205464437
SG_017191,0,0.13297592874325892,0.6881319443435839,0.23956199288134816
SG_017194,0,0.1888879808713659,0.5154811093606448,0.18800294680760268
SG_017196,0,0.114637955858635,0.2855317080736081,0.08609929978052447
SG_017197,0,0.3192200265041814,0.7439082403174687,0.37772139943025934
SG_017198,0,0.16067121186632083,0.47884012392814773,0.16199498572073884
SG_017199,0,0.10081385400784187,0.34235567770870096,0.09556611542442174
SG_017200,0,0.11226800733208848,0.39299219250003137,0.11389179522702254
SG_017201,1,0.11402851005601855,0.44134153128039777,0.12876825695668775
SG_017203,1,0.10901140322353058,0.47306831506108576,0.13606745081674546
SG_017204,0,0.0978199430797495,0.27069650005974927,0.07681238268389977
SG_017205,0,0.20738916103676341,0.6419947123016583,0.25602103034247037
SG_017207,0,0.20506271956374308,0.4908182677524676,0.18462760675857262
SG_017209,0,0.2830049637659113,0.5957122577646098,0.26440033293581117
SG_017210,0,0.1734122954657139,0.5187296990039506,0.18263689123942414
SG_017211,1,0.219555057278101,0.5640555206061464,0.2221847297869306
SG_017212,1,0.272325935117673,0.6142785958266779,0.27009772121128406
SG_017214,0,0.21773081915482462,0.5701852597847726,0.22427815587008268
SG_017215,0,0.12911424365826504,0.3956698097598816,0.12165601213197987
SG_017216,0,0.09851430003920732,0.38304402018145955,0.10515006051607195
SG_017217,1,0.29614987917004487,0.6656172812827402,0.31082404628534543
SG_017219,0,0.18177276332961903,0.49324855124395167,0.1762294031799897
SG_017221,0,0.21770354626257923,0.5317457775142821,0.20680669167774152
SG_017222,0,0.12211112480159465,0.3063876601167504,0.09403288317873396
SG_017226,0,0.303136007100991,0.6769563172624617,0.32125205730519424
SG_017229,0,0.2745989521185594,0.7326975535292423,0.3478700255603573
SG_017231,0,0.09723577780830038,0.3770178513606337,0.10299365314441404
SG_017233,0,0.30326377209253114,0.6788865831247873,0.3225903924055047
SG_017234,0,0.18497362414690463,0.47895953114216705,0.1720636532317019
SG_017236,0,0.2629973988822659,0.6170267931037088,0.2676541421183469
SG_017237,1,0.24555982053052108,0.6601281219802855,0.28469668111859847
SG_017238,1,0.16888917308187282,0.5143881773766739,0.1789267128399743
SG_017240,0,0.2536773241949195,0.6003139434182355,0.2546835599190883
SG_017242,0,0.09403677570210688,0.3312128282844707,0.09002859723238088
SG_017243,0,0.30585012648118287,0.6706800788836761,0.3183042529201671
SG_017244,1,0.28859221784017025,0.5679145296226338,0.2520740085313194
SG_017246,0,0.22192334960522686,0.6174013309119005,0.24967369607476336
SG_017247,0,0.3352970796812815,0.6913708052203043,0.34502169660524756
SG_017248,0,0.10523753493055242,0.16106548027914316,0.052643841354446594
SG_017249,0,0.27268560517206436,0.6865659015250413,0.3139944209878369
SG_017251,1,0.172887609131962,0.5372080739451457,0.18986999304702268
SG_017252,0,0.1550119274863213,0.5856243620263435,0.20176046365827513
SG_017253,0,0.20258594395546117,0.6017530930209791,0.2327153425584653
SG_017256,0,0.14961142342144504,0.4137624054002723,0.13534933325847404
SG_017257,0,0.16949344850783485,0.42388827402554136,0.1462923415417559
SG_017258,1,0.1942318363871952,0.5391613182137786,0.20016205618058153
SG_017259,0,0.13161980446439922,0.48644930921601187,0.15160779757985093
SG_017260,0,0.10987303685762854,0.3577472300610461,0.10323261141823106
SG_017261,0,0.12343740464141155,0.5131579538905271,0.15680786094071228
SG_017262,0,0.20271070333397878,0.5463801916992749,0.20695418715235986
SG_017263,0,0.22784352439197408,0.5606734301909438,0.22410462441530074
SG_017264,0,0.10978382955157891,0.5002400482101613,0.145208202528908
SG_017265,1,0.22792547172009314,0.5525537183959451,0.22035952727346564
SG_017267,0,0.06590085720348271,0.19048903057655212,0.04874089293206536
SG_017268,0,0.24872520137824874,0.5209383670429772,0.21423801167505865
SG_017270,0,0.10436868250070012,0.2662885194789514,0.07792612276750607
SG_017271,0,0.1097506712528044,0.4100944266416182,0.1176278196217165
SG_017273,0,0.10680597341262153,0.47068718363480766,0.13419183617249397
SG_017274,1,0.2406194108621279,0.6561521767000975,0.28001369990573466
SG_017275,0,0.12414459444774527,0.40264080092178706,0.12168711243675644
SG_017277,1,0.18589976058039737,0.5029677417324648,0.1817369715664932
SG_017278,0,0.12230036271666735,0.38812814840001225,0.11669320228657921
SG_017280,1,0.13187445786170504,0.4781564567082204,0.1489099463848424
SG_017282,1,0.25284830698299643,0.5852786006074295,0.2465607818175756
SG_017283,0,0.075743212518652,0.24624953614280604,0.0635779547127002
SG_017284,0,0.21300767952476587,0.6164126728382637,0.24502659678164124
SG_017285,0,0.10104275545117147,0.35949022884712767,0.10007210074322076
SG_017286,0,0.2521807051960886,0.5586287379824372,0.23309873550275004
SG_017289,0,0.20696191537934902,0.4822061904536982,0.1819340337039059
SG_017290,0,0.14187489133158757,0.3905774543811161,0.12511305229937322
SG_017291,0,0.2573405003320497,0.6215596848018007,0.26771972865807564
SG_017293,0,0.12645657555821213,0.6608187884583321,0.22058800336095055
SG_017295,0,0.2935397340936479,0.6290886836367988,0.28741064082458756
SG_017297,0,0.21996419630198658,0.5773489653612603,0.22865714690555478
SG_017298,0,0.3504101840228338,0.6990913287129292,0.35700710674571184
SG_017299,0,0.20434462222591196,0.5035001050972208,0.18947007128004348
SG_017300,0,0.08763512338056112,0.18886298631267523,0.05480216069908918
SG_017301,0,0.23085724865524396,0.5642982515858858,0.22707572247996488
SG_017302,1,0.15652176201506815,0.49283640531603035,0.16528960959200148
SG_017305,1,0.21449583619038223,0.5991467169587902,0.23690801121493338
SG_017306,0,0.1710501313702776,0.5008480874737927,0.17463108424909127
SG_017307,0,0.13059686064009965,0.4630129941974819,0.14327905808277874
SG_017308,1,0.08459017935305356,0.24619298353413113,0.06666008793458437
SG_017310,0,0.11666196121477411,0.45815552296242523,0.1351920172276385
SG_017312,1,0.08518418090551438,0.2760450855508467,0.07357587449746333
SG_017313,0,0.269496106635786,0.635409885198009,0.28084514666650023
SG_017314,1,0.3415036843082449,0.7141969568525305,0.3643325132894461
SG_017315,1,0.17237812775052333,0.4891315857866502,0.17074567170488827
SG_017319,1,0.22262233594678835,0.646275677295171,0.26578397575977647
SG_017320,1,0.17291859440502033,0.4703890605535126,0.1640140536437082
SG_017321,0,0.0827531117810621,0.2117570146892585,0.05846262809571636
SG_017322,0,0.15235166251364854,0.485055486377335,0.16062304992069984
SG_017324,0,0.14653908362547768,0.41913289690383065,0.13586220067344237
SG_017325,0,0.0885552484886738,0.3607681824856221,0.09496841110999689
SG_017326,1,0.14549792222289204,0.4672969640580599,0.15138051287078827
SG_017327,0,0.23620056610777143,0.5610043881152784,0.22773328586028138
SG_017329,0,0.10331475294839199,0.3085191274851423,0.08798918441089221
SG_017330,0,0.15957026347342704,0.4506523433035305,0.15158168556949794
SG_017331,1,0.25692542973430815,0.6362844396260485,0.27583649965227575
SG_017332,1,0.10917897450055086,0.4770411200880664,0.13740328299094046
SG_017333,0,0.12446109930233844,0.47894098294369425,0.14564426614960316
SG_017334,0,0.10185152720123582,0.4399740710095919,0.12247812252980018
SG_017335,1,0.09453165962793807,0.43973538214611246,0.11869741296653886
SG_017336,0,0.10524279818051811,0.38546891043841974,0.10877503633275581
SG_017337,0,0.09710993500231509,0.3304583164467418,0.09108170256633895
SG_017340,0,0.11188667509187979,0.4590729014052629,0.13315667025278125
SG_017341,0,0.17273574468120081,0.46242241876118484,0.16104477644920898
SG_017342,0,0.15479442502024707,0.527049092669698,0.1774190183593981
SG_017343,1,0.26763106651609864,0.6439622289866682,0.2850326638291497
SG_017344,0,0.15003339924414363,0.33992288237345325,0.11279177749522361
SG_017345,0,0.11599417625150232,0.4047342303775351,0.11884219413809613
SG_017346,0,0.16540513642028662,0.4381897185149241,0.14961285888282116
SG_017351,0,0.10418087249297558,0.33558501135894625,0.09517055563690195
SG_017352,0,0.1421749294916633,0.46692446439380775,0.14979207150957366
SG_017353,0,0.1827375726886683,0.5265743388136618,0.1898924244361161
SG_017355,0,0.2572414819531727,0.6935004737798055,0.3114085731210555
SG_017356,0,0.1457640115707752,0.5519205561570595,0.18282324159904942
SG_017357,1,0.2577567477088214,0.5695378424619163,0.24067469795291194
SG_017359,0,0.13992740863842235,0.4066090490730568,0.1292912973143147
SG_017362,0,0.08891663240721963,0.2656840070747089,0.07256117426917004
SG_017363,0,0.1135722642433701,0.3658720300944003,0.10691521899727377
SG_017365,1,0.09747767810913728,0.3535719625907482,0.0970491902736698
SG_017366,1,0.14616238793307193,0.6043364509148054,0.20537808594893806
SG_017367,0,0.16667535671071118,0.42449231623725253,0.14543410914846971
SG_017369,0,0.17742186324089407,0.42363446364484,0.1491532352894305
SG_017370,1,0.14113382662977156,0.39532496429826375,0.12628278277982327
SG_017371,0,0.11118282520906847,0.4968183103900684,0.14482764118261365
SG_017372,0,0.16445302074271753,0.5550558568139755,0.19333738888321633
SG_017374,0,0.20641766711398135,0.5135671972089182,0.1944562795656035
SG_017375,0,0.17832598912732256,0.5150949543528665,0.18333655293391832
SG_017377,1,0.25330948374030043,0.5858225712061649,0.24702967495109557
SG_017378,1,0.13084105309425598,0.3136829121754566,0.09892471263129572
SG_017379,0,0.11003210296267014,0.40377667943641465,0.11595893802942175
SG_017380,1,0.3004452722925968,0.6271492391568196,0.28915148634134213
SG_017381,0,0.12645481788720758,0.3072405415990133,0.09571271004158238
SG_017382,0,0.09336846640314383,0.3075315537204098,0.08401217859310751
SG_017384,0,0.20089100162671045,0.44412206098178064,0.16507097815515118
SG_017386,0,0.08883730420905939,0.33655144260134257,0.0891680219075738
SG_017387,0,0.18068125556587136,0.5552578871993675,0.201044247621822
SG_017388,0,0.1826380581622505,0.6093583172682024,0.22684275500386936
SG_017389,0,0.15214271369350454,0.48178892525329353,0.1593626645114973
SG_017390,0,0.10081547564450155,0.29989019285491786,0.08493748067384964
SG_017392,0,0.23078715187883966,0.5745725947570011,0.23197104231016957
SG_017393,1,0.11104194903878771,0.44109011346331295,0.12727927194877903
SG_017394,0,0.20992803856651912,0.6338261800719245,0.25279771273326396
SG_017395,0,0.23806820095894965,0.5388087292809389,0.21816543673516622
SG_017396,0,0.16857502891896112,0.4928840625171774,0.17054648719068818
SG_017397,0,0.09086079257402525,0.38336724229227637,0.10172753984155919
SG_017398,1,0.11332848618429382,0.32590435419949626,0.09611418151385932
SG_017400,0,0.20183752835317503,0.5990954914413492,0.2310543341190973
SG_017401,1,0.2749977655175117,0.6752481214020969,0.3076331809077773
SG_017403,0,0.22402263135929326,0.5313497515458604,0.20919366610191187
SG_017404,0,0.21633127067240143,0.6045798136547703,0.2404815792377577
SG_017407,0,0.08398630128192862,0.3422314333734989,0.0884249307445708
SG_017408,0,0.12895391797837996,0.3784644152365919,0.11653648894191705
SG_017409,0,0.2189822150426648,0.5717559541996003,0.2255621222424425
SG_017410,0,0.12835977312841437,0.34850475127240677,0.10774534356731182
SG_017411,0,0.11177335671710374,0.39118406486956697,0.11317255693094662
SG_017412,1,0.23317680378894776,0.6722026689312257,0.2861829952676285
SG_017413,0,0.10606229780222785,0.4334940079231928,0.12265378902933517
SG_017414,0,0.231866018673577,0.5968815215266317,0.2435091295243877
SG_017415,0,0.13080668346799168,0.4538788482220363,0.1403982029739184
SG_017417,0,0.2158413979286097,0.48065610065788206,0.1846924180089107
SG_017418,0,0.12898583913605996,0.46343158347799707,0.14267620715058202
SG_017420,0,0.2811535522469071,0.6613147991925049,0.30153479816764855
SG_017422,0,0.09300818709015941,0.3647356129056573,0.09795321749291562
SG_017424,0,0.2029577595452434,0.5033520532782575,0.1888544254830349
SG_017426,0,0.15213221284125342,0.5140465068333432,0.17118775696687635
SG_017427,1,0.09010408935867441,0.29744455847555823,0.08036466384368249
SG_017429,1,0.15907803376862958,0.5532654906999932,0.18999125296558825
SG_017430,0,0.24957715637097092,0.699234785778868,0.31159565722114974
SG_017433,1,0.27535714018796814,0.5818556286298072,0.2540082972025291
SG_017434,0,0.16907665060817456,0.4748017974518178,0.1640540139790058
SG_017435,0,0.2169448637503304,0.5901358588707049,0.2335412202056654
SG_017436,1,0.10937742991897924,0.5237134761555711,0.15290353653596675
SG_017437,0,0.13422562711918576,0.3860313990166359,0.12080630673507724
SG_017440,0,0.12715628674097426,0.4036245790699965,0.12322625823014322
SG_017441,0,0.12176599787269933,0.2733793834035925,0.08522581257524696
SG_017442,0,0.10227804558591636,0.22022282469815924,0.06616730427596171
SG_017443,0,0.32744633824202724,0.684784835293545,0.3370677168177299
SG_017444,1,0.24951843799874607,0.5974074589823641,0.2513964845270781
SG_017446,0,0.25278468912556024,0.6427528277389607,0.27772125711493495
SG_017447,0,0.08652574909841416,0.24475307887781683,0.06699106035440043
SG_017449,1,0.21239005223886798,0.4827129830715298,0.1842097943633503
SG_017450,0,0.2091812597307019,0.5020648157766795,0.19080502174486436
SG_017451,0,0.12146244065241092,0.4559911144878593,0.13678785048239825
SG_017453,0,0.1340921883168227,0.483599137098593,0.15180113296436476
SG_017455,0,0.11347062634248566,0.23632048646808743,0.07329870496097309
SG_017456,0,0.12834876942794357,0.3823775494897826,0.11744015170127033
SG_017459,0,0.350678314075497,0.7076515622851093,0.3634058836720369
SG_017460,1,0.17255763825059556,0.4857730092412502,0.16955943677868268
SG_017461,0,0.12313985667329479,0.37351388402650687,0.1128439194635913
SG_017462,1,0.08099551042510737,0.06447142043682498,0.024288271560358007
SG_017463,0,0.23498268863730853,0.6642369899019536,0.2821930632980673
SG_017468,1,0.12500359471427636,0.45691189485322153,0.13872896404758073
SG_017469,0,0.1174475817914788,0.4225357394993795,0.12469625682912529
SG_017470,0,0.1625326462667169,0.5744982801571741,0.20071345355088457
SG_017471,0,0.15080854895744186,0.33203827885167037,0.11071526662654742
SG_017472,0,0.16894906746486424,0.5284827387279889,0.18453531589776923
SG_017473,0,0.17569338045532715,0.4787963248385456,0.16824864444835674
SG_017474,1,0.0826367818217657,0.26641747021263995,0.07047493952433241
SG_017476,0,0.16513950544886916,0.5216585724682018,0.1800963377002363
SG_017477,0,0.21582191049716917,0.584289696154696,0.23018721536644368
SG_017478,0,0.1114125769725382,0.4964375901963861,0.14482408357429657
SG_017483,0,0.09651542570315595,0.30494860344682506,0.08458542918092411
SG_017485,1,0.12975654445083742,0.36632853482676125,0.11333307602484198
SG_017487,0,0.27023973971554976,0.5820486067281994,0.2520438309829149
SG_017488,0,0.09174415164922912,0.24341378585173437,0.0684043756805781
SG_017489,0,0.16965330314943441,0.503152348817537,0.17491106646402518
SG_017490,1,0.214116128314877,0.5785179600829576,0.22665535827120006
SG_017491,0,0.2447718791408754,0.498421512062805,0.20286895237244873
SG_017492,0,0.13173326713022618,0.5108610261757763,0.1602027237554288
SG_017493,1,0.3067541949580525,0.7581437249322746,0.3838657495838033
SG_017494,0,0.2375325289432031,0.6203903464695867,0.2583473126594019
SG_017495,0,0.11382168382060799,0.4505623774148373,0.13147732151480618
SG_017496,0,0.1376884710491787,0.5187510785124256,0.16602068846457663
SG_017497,1,0.21572841706452994,0.6259176281857077,0.2513109651545294
SG_017498,0,0.155246157536872,0.5257528391678554,0.17712799250476768
SG_017499,1,0.19474235157493566,0.5037676802916942,0.18569938698868704
SG_017500,0,0.13547317307659437,0.46008082479094653,0.14451832408045087
SG_017502,0,0.12320642613342148,0.60818433800028,0.19374374818239132
SG_017503,1,0.1573085024313802,0.36189829431913473,0.12188293968250928
SG_017505,0,0.09281817984208773,0.41729050883607965,0.11162111078833667
SG_017506,0,0.12295867986387382,0.46316444736644724,0.1397785731964752
SG_017508,0,0.10704320587899618,0.5093844593632803,0.146742469634371
SG_017510,0,0.11239297092875067,0.3802712508146706,0.11039525718911879
SG_017511,0,0.1220354821258926,0.38983254356610114,0.11707719292566429
SG_017512,0,0.2386404987391442,0.5786351374524338,0.23728086514119312
SG_017515,0,0.26728414635017533,0.5673403297373633,0.24340489375021565
SG_017517,0,0.10288443500100004,0.28888905877809185,0.08296704565617061
SG_017519,1,0.2938943493229604,0.6327154592486095,0.2896839888179782
SG_017520,0,0.14682420735192725,0.45422902449903035,0.14750941998635728
SG_017522,0,0.19751619754492156,0.6129657560476732,0.23591527890931144
SG_017523,0,0.13067913705506629,0.20507945243727552,0.06979217120577343
SG_017524,0,0.0918225658691279,0.2212522721024274,0.06334681475781317
SG_017525,0,0.2528057644193577,0.6384420686799612,0.27524162693523213
SG_017527,0,0.11231201687749477,0.29671900922519656,0.08818659692290078
SG_017528,0,0.12234237801991155,0.34227245611428314,0.10381475507749827
SG_017530,0,0.2413170772848343,0.5447649499171178,0.22219896047012266
SG_017531,1,0.22695730189939278,0.70052389467196,0.3012432398963719
SG_017533,0,0.3163059929489346,0.6202378146134272,0.2916071996533055
SG_017534,0,0.29705186440850995,0.6748564132248428,0.31720253376481844
SG_017536,0,0.11373191485103211,0.3450544749798831,0.10134475944445076
SG_017539,1,0.12418145748603399,0.35774203494407236,0.10879195122286121
SG_017540,0,0.2807170742772822,0.6368639573318261,0.2865344637895348
SG_017541,0,0.1162696342243557,0.4490155475782607,0.13216693495428336
SG_017543,0,0.10461921269167436,0.41148325475566355,0.11568115018569534
SG_017544,0,0.1240062339711518,0.4625421342941893,0.14007149451639062
SG_017546,0,0.09437237372895756,0.41872966860683797,0.11278531907929522
SG_017547,1,0.23074124806624097,0.6174409416107999,0.25371027175331407
SG_017548,0,0.15089783587564076,0.4986364847586506,0.16489191873960876
SG_017550,0,0.16988319640928906,0.49561861394066575,0.17213801485416236
SG_017551,0,0.15824545738493745,0.5074857759073631,0.17151348015402107
SG_017552,0,0.26297359506178936,0.6144712478588382,0.2662393462402664
SG_017553,1,0.16147410329165315,0.4825540086599589,0.16368573599485783
SG_017554,0,0.12013895045486321,0.35354932652169374,0.10609547562762028
SG_017555,0,0.11659356958514061,0.3198993490726626,0.09570953141246573
SG_017556,0,0.23869849792920386,0.46497500217204557,0.18670742508933758
SG_017558,0,0.14575331592287502,0.4882600572384673,0.15881096345824777
SG_017561,0,0.13888130419260228,0.42611672884851165,0.13498602401798046
SG_017564,0,0.1041321523686341,0.46421352117236436,0.13082617222138468
SG_017566,0,0.3455589239715924,0.6321266142889459,0.3104798699471497
SG_017567,0,0.16109270384506671,0.537548823145242,0.184544937647901
SG_017568,1,0.20484920874540657,0.5441378197449993,0.20688358606865237
SG_017569,0,0.17941412117375255,0.6084201760714244,0.22477566055247422
SG_017570,0,0.12841128510094213,0.4172244832980352,0.12784968458286872
SG_017571,0,0.11520195852654995,0.37042460401147875,0.10882223305501558
SG_017573,1,0.20910713532951683,0.5028786582488868,0.19110994691178756
SG_017574,0,0.17573954935419756,0.5121750705629214,0.18105934043212762
SG_017576,0,0.2982198760262495,0.6309021582125511,0.29042667390737814
SG_017582,0,0.15687267575655853,0.4192531538654146,0.13994369236717674
SG_017583,0,0.12249128182814746,0.3746842296172628,0.11292132640205486
SG_017584,0,0.3070992006972648,0.5990270619510834,0.2758779373894203
SG_017585,0,0.25519579061369035,0.6316375889004842,0.2724236294628399
SG_017586,1,0.15437787045313026,0.3803845757335388,0.12658413258434725
SG_017587,0,0.20017339833777245,0.5919328192520416,0.22679183850601992
SG_017588,0,0.16435680202327738,0.4748255780068329,0.16209951686491
SG_017591,1,0.16303859294099618,0.5609747420429858,0.1951491368512143
SG_017592,0,0.11340671643141392,0.38197064666947217,0.11128947449131246
SG_017593,0,0.134457397729729,0.46602832708742825,0.1460348807682873
SG_017595,1,0.10581088945463583,0.2696664010468973,0.07922466648397607
SG_017596,0,0.230434916428118,0.5416013609305156,0.2163721721710688
SG_017598,0,0.1021911333206184,0.43205281379028776,0.12036187355166324
SG_017599,1,0.20086695466740792,0.5305410453349384,0.19931389045183492
SG_017600,1,0.14035109610447105,0.49068313065543245,0.15718607458169723
SG_017601,0,0.12036029295312811,0.4268230168426787,0.12727634542282584
SG_017602,0,0.3036434137770882,0.6461484177157256,0.3018517058708672
SG_017603,0,0.25495858908424923,0.672262387885957,0.2965441954498858
SG_017608,1,0.19735554241510211,0.5288163346769803,0.1971012190613861
SG_017609,0,0.29573735571396165,0.6237952181941917,0.28525353376920404
SG_017610,0,0.16276267572610917,0.5796482537844996,0.20308830493065208
SG_017612,0,0.09626098139925136,0.3207296608721097,0.08834125455540871
SG_017613,0,0.19521901302054154,0.5644224249970843,0.21169758095765978
SG_017614,0,0.09280821099546771,0.2757130463682168,0.07625962959161589
SG_017618,0,0.10008221232373253,0.3500566442961915,0.09723707056972317
SG_017619,0,0.14065085533291066,0.4694783206316318,0.14998348095294325
SG_017620,0,0.1801161695122205,0.5354198396825106,0.1923864946351976
SG_017623,0,0.2621880149823812,0.5980962280689547,0.25709959534684257
SG_017624,1,0.0975743275661783,0.3732220257188021,0.10215309676384304
SG_017625,1,0.22527225138874776,0.48865336915832713,0.19148848844921487
SG_017626,0,0.2157731959720501,0.5300570191051667,0.20528200319559614
SG_017627,0,0.21398897777286138,0.5225657719645638,0.20132249646767134
SG_017628,0,0.11723565743752608,0.3904613049256648,0.11527630620085856
SG_017631,0,0.14009186115741745,0.42922158789225145,0.1364757744861656
SG_017632,0,0.13859125957804638,0.42462224192767306,0.13439269440864943
SG_017633,0,0.17403727056000884,0.5196984884425069,0.1832979811155266
SG_017635,0,0.25903172265059554,0.6661515852317278,0.2946047921561137
SG_017636,0,0.1143054849823852,0.42446772374189773,0.12385543186463392
SG_017637,0,0.12050386719469484,0.4846856425287647,0.14560730770406077
SG_017638,0,0.16439907817205293,0.4987689775974241,0.17095774544663728
SG_017640,0,0.08741394610497129,0.3145982195960704,0.08334089454205817
SG_017641,0,0.2375055391053129,0.5836931680832843,0.23930661855361746
SG_017643,0,0.23794006984801164,0.5571583398437442,0.22662773555050078
SG_017644,0,0.17397344135483953,0.5043674147345588,0.17724439751255208
SG_017645,0,0.08878479472255447,0.3059945856088325,0.08186371918232145
SG_017647,0,0.16329971485516268,0.5011446029979153,0.17137169453817702
SG_017648,0,0.19506214359517257,0.5237109150145045,0.19399201377066458
SG_017649,0,0.15749889351345664,0.503603552581135,0.16971658732879832
SG_017650,1,0.1206940401413427,0.2701126555438961,0.08404593739667734
SG_017651,1,0.14596228640122685,0.5225058817545717,0.17146044736371954
SG_017652,1,0.17241697161244066,0.6008293031232991,0.2176203219374206
SG_017653,0,0.13879678698161957,0.42335908248788934,0.13407788333410448
SG_017654,0,0.10211397715833831,0.41990097820965155,0.11687187219245451
SG_017655,0,0.09352212379464188,0.39317016519905584,0.10552555753249598
SG_017656,0,0.25184996481383554,0.8755941047357308,0.487148399952025
SG_017659,0,0.1362798846541101,0.4440983858296448,0.13964611548922404
SG_017660,0,0.16107169728039822,0.5008567000643278,0.17028004856671783
SG_017661,0,0.09875996176735717,0.3168763773976431,0.0883598388768711
SG_017662,1,0.10257993382149934,0.383574081161846,0.10709697325015619
SG_017663,0,0.19017904737506208,0.569635278221594,0.2117634403713073
SG_017664,1,0.13798085910810198,0.47911245771394945,0.15206715757243883
SG_017665,0,0.1509300933371189,0.47025188583913885,0.15476447302520685
SG_017666,0,0.2691972232177806,0.6130208046358718,0.2680849031261133
SG_017668,0,0.14312527811497724,0.48238452678198335,0.15554749241585647
SG_017669,0,0.11502831822925581,0.2800203253753811,0.0848149552929577
SG_017670,0,0.13491953212548977,0.44075297887696185,0.1379813805832036
SG_017671,0,0.12485826685315628,0.49429419748431586,0.15099803519363303
SG_017672,0,0.17108872704775324,0.6139186769266852,0.2232091942608005
SG_017675,0,0.181816708083722,0.51232637893665,0.18373278884998412
SG_017676,0,0.19769325875081611,0.5453354989595698,0.20432962758367076
SG_017678,0,0.13229603953031,0.47949651118622627,0.14956069327600927
SG_017680,0,0.10061355920076794,0.2439729768854831,0.07134412556782757
SG_017681,0,0.14017718920178798,0.47784563657270024,0.15263432851873887
SG_017682,0,0.13935328000668576,0.5172464222907938,0.1662841009418414
SG_017684,0,0.09936539712417393,0.31690515791461216,0.0885985819536922
SG_017685,0,0.09567673004717603,0.30120475127230467,0.0833649075918981
SG_017686,0,0.11748084361869719,0.34635840707065874,0.10312117416830874
SG_017688,0,0.08423738384217024,0.3094396140137781,0.08084593327894977
SG_017690,0,0.14716203076405565,0.47730639248634943,0.15558074599689362
SG_017692,0,0.14283936461820543,0.4405867310378506,0.14129640133958848
SG_017694,0,0.11390120511220654,0.46414944513516015,0.1357272520428871
SG_017695,0,0.11320551060986139,0.3635837058741084,0.1061435184772771
SG_017698,1,0.1947575320122513,0.5104403649369388,0.18840339809219758
SG_017699,0,0.16835535602601692,0.4623397926883947,0.15925179373060852
SG_017700,0,0.15685161043331564,0.5220207364320458,0.17643197193709767
SG_017701,0,0.26420350774608076,0.590977484818479,0.2542023432035531
SG_017704,0,0.19138161722468042,0.5639486575929038,0.209751828915713
SG_017705,0,0.19408132112909868,0.6188283828307694,0.23722180210649835
SG_017706,1,0.2534076787726995,0.5810824155918656,0.2446672532201164
SG_017707,0,0.3243039894529463,0.6020210894866178,0.28434989570316194
SG_017708,1,0.32678091517368874,0.6541899691656421,0.3165646270827684
SG_017710,1,0.1869400959832689,0.5969656302236194,0.22295219261722063
SG_017711,0,0.1420982171062769,0.42029028092950743,0.13445169246740254
SG_017712,0,0.11098708498729165,0.4142798946329255,0.11938392272888737
SG_017713,0,0.16203894355605686,0.4335558614742155,0.14671855194403852
SG_017716,0,0.3087100028810967,0.5721985879273004,0.2620593768080066
SG_017717,0,0.17040376009045355,0.572693713164873,0.2037976570369308
SG_017720,0,0.3391564621854688,0.6461826695478428,0.31660666287232675
SG_017721,0,0.11830624430515597,0.4515005454584997,0.1338969098491069
SG_017722,0,0.1058196279391914,0.3515821822692658,0.09997075742616333
SG_017723,0,0.20086512268844803,0.4931811348274794,0.18392071074938746
SG_017724,0,0.2573662761570919,0.601871793532352,0.2570687986465599
SG_017725,0,0.24569278728128588,0.571029755228912,0.23648341412529109
SG_017726,1,0.19637484329313673,0.5590729116400641,0.2098124759564948
SG_017727,0,0.1773778496406537,0.5470137621855127,0.1960065916843133
SG_017730,0,0.30538409013924733,0.6705374183143868,0.3180094636397318
SG_017731,0,0.17445812752617265,0.45018197001471444,0.15733630847011165
SG_017732,0,0.10902623190920169,0.32540867684571523,0.09439630660000535
SG_017733,0,0.25280193790742916,0.5343072350319019,0.22188215984284787
SG_017734,0,0.18345364653092486,0.5599834980059407,0.2043755505852871
SG_017735,0,0.10293080784154873,0.439418533830165,0.12285187510769473
SG_017736,0,0.12209413242256428,0.4443220223683345,0.13341902153836593
SG_017737,1,0.11324277443390891,0.43483006484944825,0.12644374005643086
SG_017738,0,0.21459131760763728,0.5939011178261099,0.23434258026331845
SG_017740,0,0.36310266792187856,0.6960975152714076,0.36022398011334483
SG_017741,0,0.099140079861904,0.3854078236016288,0.10605813498146197
SG_017742,0,0.22479546572865858,0.5538134706861676,0.21964228568445518
SG_017744,0,0.28173662992648324,0.6500311925064048,0.2948391986993258
SG_017747,1,0.17687170603906852,0.5303072446919301,0.18883555950774963
SG_017748,0,0.07671032977059176,0.13081843534644824,0.03920202428096072
SG_017751,0,0.128322473423823,0.40076534996307683,0.12285163240004077
SG_017752,0,0.11196639201246934,0.34357260971223463,0.10027260349596764
SG_017753,0,0.19869747379736005,0.5541263599463473,0.208635013247082
SG_017755,1,0.17224869112600125,0.5407087606190443,0.1910214125903413
SG_017756,0,0.10191176324523643,0.3671333430844154,0.10243749138166525
SG_017758,0,0.16973915434245468,0.492732529671037,0.1709859930562291
SG_017759,0,0.11831589810073691,0.4141283603404276,0.1225912822286633
SG_017761,1,0.1769866538955114,0.4652544470215889,0.1637709325885725
SG_017762,0,0.12714043564726432,0.36518735579496364,0.11201710178291614
SG_017763,0,0.15330304683853438,0.5507483511923091,0.1861257345065259
SG_017764,0,0.10127098803458079,0.3916761763629363,0.10869766366463976
SG_017765,0,0.2529647161955184,0.6332338889698911,0.2723403523043615
SG_017766,0,0.1850977211708746,0.5512159600264805,0.2013084746059801
SG_017767,0,0.1993862369021342,0.5108159224734696,0.19045831744370179
SG_017768,0,0.15030746049057955,0.499257038865546,0.16485002984444327
SG_017769,1,0.11704598290118733,0.3353346952613573,0.09998384649286916
SG_017770,0,0.15481403354554565,0.40259453307285653,0.13375922108209884
SG_017771,0,0.19991843165588563,0.511807432074488,0.19108308338138708
SG_017772,0,0.11907740459541379,0.43161415587665847,0.12815007120746594
SG_017773,0,0.31386370063961616,0.6603588074470239,0.3150691856688224
SG_017779,0,0.17801372662977047,0.5004322683773769,0.17743904385849607
SG_017780,0,0.18548512427628328,0.47787359244200606,0.171856156297074
SG_017783,0,0.18298814221898985,0.6206087122329597,0.23260579722428368
SG_017784,1,0.2632774527593872,0.7151421349958453,0.32933712593897074
SG_017785,0,0.1079627046429733,0.6026565975040082,0.18176215377573873
SG_017786,0,0.12398896887520755,0.4444568985774988,0.13432312949871983
SG_017787,0,0.11001982056125247,0.4116949356389371,0.11820602833917461
SG_017788,1,0.21140320950411354,0.6896926338136776,0.28621468696241453
SG_017790,0,0.1829670814464932,0.4602650793759557,0.16429464180066325
SG_017791,0,0.12412287083972484,0.5346114674495902,0.1648837641005303
SG_017792,0,0.12167768160533261,0.40187639280468707,0.120431488207501
SG_017793,0,0.16901071856124247,0.5506176169569622,0.19364286790431648
SG_017794,0,0.13429123554687764,0.55950101063159,0.17986173099847197
SG_017796,0,0.09821822081702279,0.4341020043715702,0.11898077163615517
SG_017797,0,0.12378891621509147,0.2925584504184921,0.09090911178674968
SG_017799,0,0.17839873831682987,0.5974619879837146,0.21901833677123908
SG_017800,1,0.16302735565651197,0.4907859703099941,0.16737873033310147
SG_017801,0,0.1264367536948763,0.4303260736613221,0.1310203923097602
SG_017802,0,0.19617306697116763,0.5260051474667674,0.1954192621619156
SG_017803,0,0.21384291630373978,0.520698490543721,0.20046512281261533
SG_017804,0,0.1753530235652834,0.5076195299209688,0.17910367825478563
SG_017805,1,0.2271873135713153,0.533367746808869,0.21136167799771774
SG_017806,0,0.24612793633422272,0.6878463532836225,0.30235373686123473
SG_017807,0,0.1038298094450283,0.3681361844138587,0.10351504720653176
SG_017808,1,0.21937264527907666,0.6001305366646339,0.23960811944594895
SG_017809,0,0.13593092151787178,0.5457241115813943,0.17532051680457333
SG_017810,0,0.18531316130726483,0.5306747272675967,0.19270757133277278
SG_017812,0,0.12059172804489811,0.3438044604485103,0.10358911363731775
SG_017813,0,0.2064122037671744,0.5829760616473109,0.22534786070453838
SG_017814,1,0.15272614263114437,0.474522122924293,0.15703982862312718
SG_017815,0,0.12620018588978046,0.4629611452451613,0.14123257996935548
SG_017816,0,0.09003907707453372,0.21674691961102535,0.061784423641309566
SG_017818,0,0.14261887278752558,0.5456172548179438,0.178720130544559
SG_017820,0,0.1622908947326498,0.5356373687258446,0.18433942900327796
SG_017821,1,0.1267069754821641,0.426394766353276,0.12992734296398745
SG_017823,0,0.12225681090777955,0.4770535073193903,0.143953159613256
SG_017824,0,0.13419945668466848,0.4633960549792875,0.1450435899735435
SG_017825,0,0.10924844531165857,0.3200027279960763,0.0930821427076111
SG_017826,0,0.1388787391509162,0.5586167313933347,0.18194894146287405
SG_017828,0,0.18139453730567165,0.4845879082236149,0.17275636913901826
SG_017829,0,0.11979194656591273,0.46572817648160286,0.1390919535723701
SG_017831,1,0.19059199116099926,0.5728837956176098,0.21342881456902826
SG_017833,0,0.18468309331781482,0.4736507396266629,0.16994288999058124
SG_017835,1,0.23327576631274227,0.6118960110821365,0.2519089036577993
SG_017836,0,0.15508979752731664,0.43092222769851646,0.14310241092623083
SG_017837,1,0.1891783742069848,0.6261283131974775,0.238535122318842
SG_017839,0,0.2730475774880341,0.6358613077335823,0.28264640370083427
SG_017841,1,0.2717782617715925,0.5826092530271157,0.2529552163062319
SG_017842,0,0.13331156259278687,0.44830644269104164,0.139711220373622
SG_017843,0,0.1694568092499382,0.38493129000442416,0.13335176520474978
SG_017844,0,0.10259956700588213,0.47944204908871707,0.13469593022033066
SG_017845,0,0.23157367020798078,0.4853350648013319,0.192467333046169
SG_017846,0,0.16411599275533645,0.619774691257839,0.22239616914793148
SG_017848,0,0.09477299846475873,0.29778503902579656,0.08220521050463157
SG_017849,0,0.16521469148460302,0.5070882817534186,0.1744761360644328
SG_017850,1,0.16622511775049073,0.5829108324003182,0.20627464452936942
SG_017852,0,0.2243026269949109,0.5338758352309968,0.21042468453609486
SG_017853,0,0.14346198069005323,0.4760429977796523,0.15349307139294804
SG_017854,0,0.13713267682405475,0.44366718781535314,0.13987433907405236
SG_017856,0,0.23543824319490061,0.5221152729539077,0.20964016293816998
SG_017857,0,0.08820728208668432,0.176407712881093,0.05214813024655461
SG_017858,0,0.11225056597847921,0.43364495783690815,0.12562809501084646
SG_017859,1,0.10516836381530592,0.23715460123663273,0.07108548963317673
SG_017860,0,0.21122648076599151,0.5005497202180694,0.1909884938209505
SG_017861,0,0.09927689894940783,0.30026581226768195,0.0844687489209915
SG_017863,0,0.15315903350432952,0.48275365211316223,0.1601538556087255
SG_017864,0,0.21299734702645767,0.5739920504439312,0.22401297695751746
SG_017868,0,0.08497560341055738,0.3199315780151415,0.08359003117798226
SG_017869,0,0.1711781246011599,0.5156148212111851,0.1804198202207722
SG_017870,0,0.09903367463212498,0.4519463381935806,0.12453479509346507
SG_017871,0,0.13945540701849227,0.44348599622968116,0.1408110176492162
SG_017872,0,0.1264027631668577,0.3667598897686889,0.11218458936181283
SG_017873,0,0.12245069044279504,0.4316456008724505,0.12966999144498173
SG_017874,0,0.2516555628275305,0.6108616170627662,0.25942263977763397
SG_017875,0,0.12625000703588618,0.5311883061534183,0.1647576474522716
SG_017876,0,0.14816384848635647,0.5029618007007118,0.165222153782129
SG_017877,0,0.1174815910548398,0.3699665432778811,0.10960850656774447
SG_017883,0,0.2919999192787107,0.6258092856396206,0.2848631812181493
SG_017884,0,0.12529512243240212,0.4346786739393122,0.13186433385737548
SG_017885,0,0.17986767902412826,0.5432912847049934,0.1955669527951109
SG_017887,0,0.13114311348232158,0.48765666915581685,0.15179352410041036
SG_017890,0,0.13182007343972738,0.36229396615566645,0.11294246804728768
SG_017891,0,0.1267413866078517,0.2388092574716753,0.0776475532718248
SG_017892,0,0.11850139396449605,0.38920897913990943,0.11544518417528381
SG_017893,0,0.0918734548209607,0.3838418533345627,0.10232285490665527
SG_017894,0,0.11731252462085127,0.4247519782360894,0.12529562383767184
SG_017896,1,0.19820930388259636,0.7132853050056631,0.2945798706726679
SG_017897,0,0.14588580702649237,0.533974141451189,0.17581141382150298
SG_017898,0,0.29817349073460037,0.5609076426608594,0.25219218716990255
SG_017899,0,0.16686317201675238,0.5363360854106932,0.18674916310861864
SG_017901,1,0.13207391069790841,0.40054818925208485,0.12430551182310896
SG_017903,0,0.10381447576711272,0.3387271792242923,0.09583389144113602
SG_017904,0,0.14610471129464583,0.20756098923768082,0.07412413570626346
SG_017905,0,0.0768396578686258,0.254699644819389,0.06578601001500739
SG_017906,0,0.13053458676143456,0.4058162194921003,0.1252705470177059
SG_017908,0,0.2912679230088511,0.6517724409181346,0.3000283995247102
SG_017911,0,0.17713962576787412,0.40874462955911073,0.1439570587107697
SG_017912,0,0.19478799460037843,0.5244883792965653,0.1942003571763295
SG_017915,0,0.17634824070482433,0.49521793992176977,0.17472647032301877
SG_017916,0,0.24379107182762652,0.6471873888660465,0.276213053772584
SG_017921,0,0.17700681572192378,0.48959188928386077,0.1728537795456859
SG_017922,0,0.15856877013124968,0.4543697102790249,0.15245853863027473
SG_017923,0,0.15910084119020532,0.4326649295798432,0.1452673127511811
SG_017924,0,0.20051721822718302,0.519664517744689,0.1945835743219956
SG_017925,0,0.23896251873138696,0.534988671355645,0.2167826121143507
SG_017926,0,0.13202373726612596,0.46195017036844327,0.14358061079468357
SG_017927,0,0.11534721037251904,0.38819792410098586,0.113845443396629
SG_017928,1,0.09051968687711075,0.27699875450486905,0.07574248225028764
SG_017929,0,0.28861981522582364,0.7167991745739264,0.3425291042454041
SG_017930,0,0.13289675662328096,0.7141451589713802,0.2548645636432893
SG_017931,0,0.12607194190272,0.44717138833568487,0.13611953375461677
SG_017932,0,0.08342895149093787,0.29238947397327647,0.07661607481960177
SG_017933,0,0.21064982787711162,0.5529661197128545,0.21329097136721126
SG_017934,0,0.10291779381750094,0.17851780170558712,0.05634221611215377
SG_017935,0,0.14151079630775537,0.45432033970284835,0.14526170629853646
SG_017937,0,0.12302746379086298,0.4659204458108175,0.14069890848348116
SG_017939,0,0.08140336446185903,0.19191264176258005,0.05372644302087803
SG_017940,0,0.32018400757267407,0.6135653099675696,0.2892997935286758
SG_017941,0,0.18449016120764208,0.4937859909925237,0.17755717035673832
SG_017942,0,0.1070299363286868,0.3688913518990148,0.10505835394534523
SG_017943,1,0.09942140333060362,0.3145465555780164,0.08803574140138999
SG_017944,0,0.15324655458187797,0.5615082790865656,0.19052552715089385
SG_017946,0,0.11730618921979419,0.3937415179205621,0.11624195217961797
SG_017948,0,0.17659738607472933,0.478995464231836,0.16869237922349173
SG_017950,1,0.11391770784644607,0.3612030096544392,0.10577861286021298
SG_017951,0,0.10231627478068568,0.3249590310545338,0.0917436052226284
SG_017952,1,0.3179482845222763,0.6788411792218081,0.3289374354909052
SG_017953,0,0.10915843134457166,0.4077407607532166,0.11669241367391942
SG_017954,0,0.2817869090948433,0.637469507185548,0.2873490399993007
SG_017955,0,0.12326071979102952,0.44195969178506855,0.1332141442644899
SG_017957,0,0.09843866122315993,0.3379998040367696,0.09350267647909011
SG_017959,1,0.16321000032954425,0.547744716168954,0.18970121059350872
SG_017961,0,0.263365217111751,0.597400471414889,0.25722368293837894
SG_017962,0,0.1869604998667733,0.5555349152389369,0.2040266460543551
SG_017963,0,0.17579091286305215,0.4775127746808501,0.16781059943164708
SG_017964,0,0.1286439325013626,0.4056054773062469,0.12443173126178435
SG_017966,0,0.31333973515247926,0.6649872973926267,0.3178227304222797
SG_017967,0,0.39151159660738566,0.7338440145631147,0.4013234469198351
SG_017968,0,0.12659904032249505,0.3930771823674342,0.11987610658830904
SG_017969,0,0.182271856396561,0.5162789364604805,0.1855105431630134
SG_017970,0,0.10864928022185595,0.3855755344491398,0.11027695395090936
SG_017972,0,0.08484515157767626,0.25712773202793016,0.06919119193718203
SG_017974,0,0.3410742732159402,0.6509829478489672,0.3204299883942287
SG_017975,0,0.101765464052885,0.3867007024928479,0.10757754768893678
SG_017976,1,0.10965507187051311,0.15208699740735382,0.05137728291171479
SG_017977,1,0.14482543484391272,0.37132794268475955,0.12036709405107525
SG_017979,1,0.21542343163073605,0.6558040301723956,0.267750736464576
SG_017980,0,0.10496790347299834,0.3894616699368914,0.10974268136217576
SG_017982,0,0.11842424759872067,0.3848391955748359,0.11416940416400334
SG_017983,0,0.09663852082428463,0.41477269953095447,0.11281412216218688
SG_017984,0,0.15561846914119212,0.40890028669851775,0.13609092278774515
SG_017986,0,0.21655665864766369,0.6282050692593593,0.2529268627738531
SG_017988,1,0.19654761712583757,0.47300886139125053,0.1743396354143701
SG_017989,0,0.3077352452020843,0.6941938784209539,0.33499174161494494
SG_017990,0,0.2237785971858104,0.6146837333465779,0.2490933578635046
SG_017993,0,0.11106936035790817,0.4130360922405027,0.11906311401200395
SG_017994,0,0.22038907708107827,0.5785380161828111,0.2294141573902151
SG_017995,0,0.1810190719442458,0.5953783650325022,0.21932169016755507
SG_017996,1,0.0915083580563153,0.2983566612868116,0.08111420747134603
SG_017997,0,0.1211497059053515,0.4653450963334633,0.13961987979334461
SG_017998,0,0.13867259154946746,0.454080171330281,0.1439482874225884
SG_017999,0,0.13698958225231309,0.4310883886259793,0.13577682586578835
SG_018000,0,0.11290419926363983,0.41409781166446596,0.12019215252846263
SG_018001,0,0.14577436288692378,0.41977375258971406,0.13576299242098258
SG_018004,0,0.17881353082498527,0.5950814805791368,0.21810039806169385
SG_018006,0,0.08517059449136129,0.16990987229814966,0.04990161731754881
SG_018007,0,0.3171882510356929,0.662772649781302,0.31802912717621745
SG_018008,0,0.09527209354505516,0.34028112350764866,0.09277948354095186
SG_018009,0,0.23683367451209417,0.6603597996815592,0.28074234160065803
SG_018010,0,0.2577912265106556,0.6257133889125143,0.2702283939118788
SG_018011,0,0.10819456825530394,0.3689034707623128,0.10554532611046304
SG_018012,1,0.11912126614719198,0.40029011558469063,0.11889264720444101
SG_018013,1,0.09248296506607116,0.3400534423922099,0.0915615265777266
SG_018018,1,0.12869653924239302,0.4901304442144779,0.15146115675036081
SG_018019,0,0.11843293425741452,0.3890441249511228,0.11536980132395391
SG_018020,0,0.26976799822599057,0.6905493815060787,0.3153089690531367
SG_018021,1,0.0984341224594452,0.29350544072665047,0.08251538505322815
SG_018022,0,0.1228494691157268,0.4395650346449615,0.13228512036898002
SG_018023,0,0.1241422353078729,0.3615667723489267,0.10985172483199582
SG_018025,0,0.10500295448626727,0.2701377681123566,0.07907615292314071
SG_018026,0,0.15658494227931388,0.4000817541777265,0.13361479420424804
SG_018027,1,0.23823571530820878,0.5186408710764567,0.2091933505379683
SG_018029,0,0.1901362665874179,0.49872216266893876,0.18180575382841474
SG_018030,0,0.17242184824609685,0.4331881205365069,0.15058795677866016
SG_018031,0,0.16493234836051918,0.49595775837989337,0.1701327775779025
SG_018034,0,0.22345845864095173,0.4925836467949506,0.1924251838289834
SG_018035,0,0.22008107764670262,0.5432933624671776,0.21290144929438456
SG_018036,0,0.10918884872725047,0.3404322044053363,0.0983734145196748
SG_018038,0,0.2782135432907973,0.5993121262425428,0.26438071757004444
SG_018039,0,0.1858133721537878,0.6051542350941707,0.2263573552940793
SG_018041,0,0.14589862564688713,0.4889291611394429,0.15911490715975365
SG_018043,0,0.20195393160612465,0.4738825739522038,0.17675296178044786
SG_018044,0,0.16604935661290454,0.48503734367179385,0.16654653514083778
SG_018045,0,0.09049816780910307,0.350956676852976,0.09340247871836813
SG_018047,0,0.13705627075028404,0.5497042430852588,0.1774588998232788
SG_018048,0,0.12582913510571767,0.4195340424562141,0.12745497394867183
SG_018049,0,0.24797933860796728,0.567559841892808,0.23572634301794052
SG_018051,0,0.13991172793736384,0.387945205845154,0.12356433600461131
SG_018052,0,0.18021421843615215,0.5296704341839589,0.19005624800651255
SG_018053,0,0.08604500467595937,0.21568473803652527,0.060338083600877945
SG_018054,0,0.10145561657864861,0.23343171244542407,0.06908357811155695
SG_018057,0,0.1578226039638437,0.5616919190466101,0.19288798205260288
SG_018058,0,0.16983147904957638,0.4965034295202979,0.1724513163200196
SG_018059,0,0.11330850009107706,0.45078972458165706,0.1313006702089098
SG_018060,0,0.1677471402473496,0.44408508800033375,0.15256711444941792
SG_018062,0,0.1760819764603301,0.6155233395020038,0.2265627683610652
SG_018065,0,0.0907809031405208,0.29906185768340837,0.08100392009270493
SG_018066,0,0.12657665261222234,0.5087772851764194,0.15687401820834745
SG_018068,0,0.13862938333579403,0.3752453261529574,0.11926618540804909
SG_018069,0,0.10870948282347288,0.40528022427191535,0.11579498866819736
SG_018070,0,0.12210694951584783,0.45712344414251393,0.1374485353892415
SG_018071,0,0.18743037137853827,0.5736743398501472,0.21232552634810337
SG_018075,0,0.11708465434503014,0.4651904448044851,0.13761210356922893
SG_018077,0,0.11288803509197337,0.40952940355380185,0.11886588161755246
SG_018078,0,0.19414146495799786,0.5159596901760704,0.1904018755683674
SG_018079,0,0.2711121172165885,0.7771582537053525,0.38324218919644676
SG_018081,1,0.268246955993719,0.5467030064881521,0.2336860694272609
SG_018082,0,0.10692796700245676,0.4318854952232574,0.12259964293178156
SG_018083,1,0.20832805362386497,0.4924150136551927,0.1865435514328262
SG_018085,0,0.11917941660292308,0.43427794295655175,0.12900410165253925
SG_018086,0,0.18742397199428715,0.49391326562660015,0.17880820308494255
SG_018087,0,0.21900378569771384,0.5777340811190421,0.22842363424488632
SG_018089,0,0.1385071803194479,0.46473263142718163,0.1474230074483295
SG_018091,0,0.21959559407061047,0.6679575553934233,0.2769595627157717
SG_018093,0,0.13764381390809846,0.41782195387831755,0.13186460787620768
SG_018095,0,0.25248010040668567,0.6682988997806721,0.29291495136861484
SG_018097,0,0.18979749290485945,0.5600656200424445,0.2073041407703196
SG_018098,1,0.2116943309280218,0.5857299413485,0.22904538312063963
SG_018099,1,0.3024440066138436,0.6193650711627715,0.2854631016058071
SG_018101,0,0.3295855303163482,0.7373390368635534,0.37708627458245564
SG_018102,0,0.08437046982980952,0.3724834535666307,0.0959264443254845
SG_018103,0,0.152872036948457,0.503490366348894,0.16757951142803487
SG_018104,0,0.10697797056499798,0.35567043997620534,0.1015148144652041
SG_018105,0,0.15279004058129855,0.5999056803728521,0.2069791098803269
SG_018106,0,0.08826992800059798,0.16779233891556883,0.050212660552473254
SG_018107,0,0.2124927183378494,0.5169572328650265,0.19833120684571456
SG_018108,0,0.17140883509103833,0.5177364298617181,0.18135832892320491
SG_018110,0,0.1521906908905034,0.4761722314880156,0.15738999022647873
SG_018112,0,0.22863307389146723,0.5827490227066646,0.23503751494437045
SG_018113,1,0.11683053962878491,0.4465769044290668,0.13168048206713565
SG_018114,0,0.30484031633426206,0.6061980535339377,0.27896445674805703
SG_018115,0,0.13455556037108676,0.46761291249467035,0.14660795079984032
SG_018116,0,0.14982290747610294,0.526147228988703,0.1747053703458691
SG_018117,0,0.11352887217111847,0.4387912300335134,0.12776462971895677
SG_018118,0,0.1197088646506444,0.4037848240234642,0.12015827409016533
SG_018119,0,0.2640968806190948,0.5720673545606653,0.24449280525640377
SG_018121,0,0.2375101783081995,0.5317837705990737,0.21476126508762963
SG_018122,1,0.16482958366400935,0.5064048404414677,0.17404441256968198
SG_018123,0,0.1339989784352951,0.4924737695023167,0.15482101444182947
SG_018126,0,0.14986749499791335,0.4153208210316396,0.1359495022403558
SG_018127,1,0.12947008599910195,0.4446053246359544,0.1368274671624663
SG_018128,0,0.12111651465263625,0.4554960705171201,0.1364693057579734
SG_018129,0,0.23726028638095908,0.6736501936927491,0.28904754001479754
SG_018131,0,0.274832371980836,0.5848037819845269,0.25532687469220877
SG_018133,0,0.17049464152890467,0.4957843931598225,0.1724622655911088
SG_018135,0,0.10867338234527106,0.30896598104614165,0.09004369009861742
SG_018136,1,0.2745959427197107,0.6693304962738428,0.3036637565083595
SG_018137,0,0.3660659924821874,0.6304087690899712,0.31758402064277963
SG_018138,0,0.15668567920872226,0.5219179364564467,0.17631500461161187
SG_018139,0,0.1314781893269388,0.32843188189723,0.10322524438341728
SG_018141,0,0.24452395279612513,0.614929168770415,0.25850297910273007
SG_018142,0,0.1352022173846741,0.44119734513715814,0.13824592719839934
SG_018143,0,0.08674979212137679,0.32623332206445016,0.08581646542746162
SG_018145,0,0.33237596121622603,0.6531839416289429,0.3182474030432523
SG_018147,1,0.10347733582921632,0.39641450393940025,0.11098090249192907
SG_018148,0,0.24724896510923278,0.6560420322755615,0.2830262528202525
SG_018149,0,0.21941792813127084,0.6653748685694576,0.27532795398397564
SG_018151,0,0.16714695154662992,0.5046942822663989,0.17440972705607233
SG_018152,0,0.1392435569108739,0.4173738697304218,0.13237528116415448
SG_018153,0,0.14492790814851375,0.5217104584633542,0.17066044900607757
SG_018156,1,0.17058533592811073,0.5623263955218282,0.19936723673893564
SG_018157,0,0.15101861245423556,0.5391240765998903,0.1803418296490786
SG_018158,0,0.18024763053860818,0.43059047104845416,0.15261729015597592
SG_018159,0,0.13066574701747588,0.45659919115969166,0.14121660398739286
SG_018161,0,0.10599528211003727,0.3891723878670596,0.11011459023570244
SG_018162,0,0.21344965148912087,0.5850202016690829,0.2294864776831339
SG_018163,0,0.12548692070148784,0.3972038703203745,0.1206378696713053
SG_018164,0,0.10337194047087872,0.4191233710597422,0.11724963852155278
SG_018167,1,0.1176009660712618,0.48159380244898,0.1431433518460236
SG_018168,0,0.13967104437830302,0.40030834526701436,0.12724509574314405
SG_018169,1,0.2419229062634188,0.6387201710931323,0.270489960141105
SG_018171,0,0.14388092286406118,0.5079161219994266,0.1650333174507893
SG_018172,1,0.22574678677614393,0.4312925593244888,0.1689828349622001
SG_018173,0,0.07649580852365565,0.22966630840873384,0.06030937675480751
SG_018176,0,0.14777540485118576,0.4761306019030134,0.15544063639209588
SG_018177,0,0.154072544376384,0.5129237850572821,0.17166339644179426
SG_018179,0,0.22862884457160149,0.5250716166954085,0.20826786009979373
SG_018180,0,0.21741731456568333,0.5641816867091018,0.22132885742395036
SG_018182,1,0.15801875120219336,0.5552301723007076,0.19028743058697578
SG_018183,0,0.09796039748754977,0.35918075299884694,0.09868856762201887
SG_018184,0,0.09416474472746604,0.3855419646388563,0.10382712376801215
SG_018185,0,0.19963079541643144,0.5675717244627347,0.21510646554817908
SG_018187,0,0.1414746604817703,0.4356964152285798,0.13913374970589595
SG_018189,0,0.1623358344011184,0.4420849627166018,0.14974286847444432
SG_018190,0,0.2176551926583922,0.5215883137844307,0.20238057806474405
SG_018191,0,0.14940973661873116,0.5011074372429662,0.16511669819819383
SG_018192,1,0.3110077485392763,0.588523615481771,0.2716648050775709
SG_018193,0,0.13083835716030454,0.41204730469440165,0.12728564295513367
SG_018194,0,0.13603978194011948,0.37566647731478797,0.11842211901190783
SG_018196,1,0.2393268861698208,0.5471865001293603,0.22252351688046387
SG_018197,0,0.12183749721928046,0.40424694109618975,0.12119415900286976
SG_018199,1,0.1579757981955991,0.5056641365536088,0.17070492920271998
SG_018200,0,0.10986067062758635,0.30290687181991144,0.08891941368330264
SG_018202,0,0.1353631370201626,0.4027642970766021,0.12629466963631972
SG_018203,0,0.32027098943378934,0.6438453652165141,0.3073839252226113
SG_018204,0,0.1270757713710198,0.2857164007589333,0.09013212949037622
SG_018205,1,0.1694961369656317,0.5936467394853713,0.21279543506871595
SG_018207,0,0.10485605227743204,0.4075752132827276,0.11469549777403067
SG_018209,0,0.19333952197043588,0.5870088061949504,0.2212588593405403
SG_018210,0,0.12424517169625952,0.46406252395359154,0.1406740957524694
SG_018211,1,0.36293041735826154,0.7128880374239508,0.3725955247308407
SG_018212,1,0.2799290446617782,0.5903222174916024,0.26028221136083385
SG_018213,0,0.14842813003308772,0.4663022922710374,0.1523128960008028
SG_018217,0,0.11541361700960806,0.38607190141097736,0.11327372673350496
SG_018218,0,0.1772032058410641,0.5345139594968895,0.19071032463782142
SG_018219,0,0.310305560746726,0.6736831713536091,0.32220211919954506
SG_018220,0,0.18796744288213882,0.590551937706349,0.220396060853863
SG_018222,1,0.09029448637672166,0.3083127951468427,0.08300428430829458
SG_018223,0,0.1604680445616393,0.6030279657688764,0.21249280904536605
SG_018225,0,0.29551008699008513,0.630154019263377,0.2888567929039917
SG_018226,0,0.1125314958966393,0.49986543331288236,0.14655112393897604
SG_018227,0,0.1277137695253816,0.43151840168302485,0.1319459291660012
SG_018230,0,0.27453481799793905,0.593794310562443,0.2599274099536892
SG_018231,0,0.27640126568222706,0.6266248747488129,0.2787607408920382
SG_018232,0,0.21034095977917977,0.5656423204981705,0.21894776385171327
SG_018233,0,0.10424321410440847,0.27687925245615785,0.08047936842150737
SG_018234,0,0.24514319133613605,0.6436679703810033,0.2747917065248171
SG_018235,1,0.16887061526584768,0.45789035993801686,0.15787125308456212
SG_018236,0,0.07784062487849468,0.339298475074438,0.08496695369365274
SG_018237,0,0.299697543934135,0.5739466438611377,0.2594996175293211
SG_018239,1,0.3459796316742065,0.762508748784523,0.4057285604234454
SG_018240,0,0.25107427536066057,0.5961944556115555,0.2514266131964495
SG_018242,1,0.23533717522577022,0.5557959770928493,0.2249202116940766
SG_018243,0,0.18539606302032877,0.48074174783923146,0.17291014076692696
SG_018244,0,0.0966906664027954,0.35350400619136774,0.0966993633028288
SG_018245,0,0.10510785709243348,0.3646698621410823,0.10313154446547436
SG_018248,0,0.1138166138609825,0.4499183220283844,0.1312775637423414
SG_018249,0,0.17920447694020683,0.5154806092968257,0.18387008406976382
SG_018250,0,0.10653166348346355,0.4520701168905499,0.12837504360085178
SG_018251,0,0.15969977990904158,0.5324223956740161,0.18184061505489102
SG_018254,0,0.19368267888581822,0.5949873348036885,0.22522398709590707
SG_018255,0,0.10804130386509732,0.3664296118550612,0.10481644721762083
SG_018256,1,0.19463716538505513,0.5237715617426392,0.19383801119446112
SG_018257,0,0.15446276180783958,0.5114063445757079,0.1712698850639834
SG_018258,0,0.10280734702859255,0.3908984496065494,0.10917608666373364
SG_018260,0,0.1261452364915825,0.40078007919111985,0.12196432083938764
SG_018262,0,0.2313409253222997,0.6012888815987232,0.24553111852335763
SG_018264,0,0.11410991179446882,0.3800430431335563,0.11104454421054272
SG_018265,0,0.1786746616417477,0.5160539148606071,0.1838699101375438
SG_018267,0,0.1423207845293075,0.4573932424273182,0.14663889346114536
SG_018268,0,0.10798895155488697,0.22929544396128473,0.06999278123377131
SG_018271,0,0.15690088174017483,0.4756926861203168,0.15925349634852054
SG_018272,0,0.3004654815064599,0.6353475872739421,0.29399464994803337
SG_018273,0,0.13835857311054098,0.46657118247628865,0.14797475621144443
SG_018274,0,0.13280450317072226,0.3761628579593007,0.11734420514633234
SG_018275,0,0.09409737232454386,0.3468749985927382,0.09393298967047668
SG_018277,0,0.1473332456612569,0.48470583349523955,0.1582630900778006
SG_018279,1,0.31684227128635983,0.6973411042176092,0.3412205520147533
SG_018280,0,0.10808968528550013,0.37644860739868163,0.10754314948152928
SG_018283,0,0.2681882695162443,0.6270278432374022,0.27547480654455675
SG_018285,0,0.09328875346406233,0.32702759800910924,0.08869994185456662
SG_018288,0,0.22552194391962863,0.5614362596589503,0.22348825245172002
SG_018289,0,0.10354144747151968,0.3839417433083119,0.10761798193066596
SG_018290,1,0.2200079879139386,0.5668966397487797,0.2237096639100147
SG_018291,0,0.11820862321972347,0.40951434891543237,0.12118975101531469
SG_018292,0,0.23685243999213168,0.5944150348430995,0.2444238879809879
SG_018293,0,0.09514464622590424,0.3885671816034102,0.10507260748232168
SG_018295,1,0.13289881882910684,0.4651070937461676,0.14502042587097738
SG_018296,0,0.11812945047323188,0.4768797040706224,0.14187235223410236
SG_018298,1,0.09700834870082375,0.3154279987384002,0.08733020139451153
SG_018299,0,0.22181230506597802,0.5390664837664779,0.21172162103741932
SG_018300,1,0.14715488707451738,0.4476625984787149,0.1454455245096527
SG_018301,0,0.24637804074020075,0.6051212934828244,0.2540883302331892
SG_018302,0,0.22151167380789016,0.6110959479157035,0.24618788198190303
SG_018304,0,0.1989389655209531,0.4405977432320835,0.16306022534085524
SG_018306,0,0.14093052338821901,0.3787487480118924,0.1211715263664202
SG_018308,0,0.15317266048885284,0.5761569276159179,0.19668471843537197
SG_018309,0,0.19419363302091108,0.4297737507203842,0.15741096890859413
SG_018310,0,0.22538566417765493,0.6054766463066252,0.24503523965359603
SG_018311,0,0.11037048933975914,0.26330867994862134,0.07910871986503235
SG_018313,0,0.09127577206610565,0.18479963621448156,0.054861749850602895
SG_018314,0,0.23158480589062655,0.5472716585789639,0.21942835656586074
SG_018315,0,0.12877391390178886,0.4934509487655468,0.152637143537237
SG_018317,0,0.22226533319663636,0.6155883357555106,0.24887686277853435
SG_018318,0,0.1082922613472962,0.3465076819046005,0.09962114848628095
SG_018319,1,0.17555786658196126,0.6038173469582441,0.22062195115346558
SG_018320,0,0.24556061087561462,0.5904958033163477,0.24615608629700764
SG_018323,1,0.14912928035286735,0.16145331948065855,0.061841179901135336
SG_018324,0,0.16268049229942602,0.5410452044347895,0.18670758927512277
SG_018326,0,0.126752528579294,0.5111264968016455,0.1577915081843544
SG_018328,1,0.2581004231347852,0.5584513571884708,0.23537841458737863
SG_018329,0,0.21659115215092428,0.5689091283079108,0.2231844769439272
SG_018331,0,0.17595556240311994,0.47974560131828947,0.1687100723680585
SG_018332,0,0.10944414646377487,0.4161440430654598,0.11922014963276313
SG_018333,0,0.14257319872175303,0.44782681075163483,0.14356430956549046
SG_018335,0,0.11183885479271112,0.40565755386873786,0.11729242780347558
SG_018337,1,0.227029171037186,0.70566282366809,0.3047348326292057
SG_018339,0,0.14299763523525522,0.445495425581471,0.14297505729530574
SG_018340,1,0.15998550678252957,0.4483422325177309,0.1509532802969289
SG_018343,0,0.09746387299017589,0.3352920960243542,0.09242938285395576
SG_018344,0,0.11493425637771341,0.47807511572361927,0.1406646370863799
SG_018345,0,0.14084807591231274,0.4831741142972425,0.15478559113430476
SG_018346,0,0.07664782668965137,0.1472786220327796,0.04278080589999469
SG_018349,0,0.18932872654625488,0.5164224105859455,0.18857172839608988
SG_018350,0,0.2242829458659369,0.5854935300914111,0.23449762156506862
SG_018352,0,0.09868438116314655,0.3295355072258809,0.0914776862441153
SG_018353,0,0.12225910457470963,0.35323985806996205,0.10681147291953258
SG_018354,0,0.18757904783225335,0.5455428358090627,0.1999781336695163
SG_018355,0,0.2698585757439646,0.5926371234397254,0.2574000509387647
SG_018356,0,0.13016783258876802,0.477426779978327,0.1478624415301948
SG_018357,0,0.10679160426648605,0.40633338066100777,0.11522867495024912
SG_018358,0,0.1380981434685975,0.3697277309523416,0.11743249475407723
SG_018359,0,0.12625801987182336,0.2909561688352645,0.0912736179863252
SG_018362,0,0.20875309629458774,0.5608680980637455,0.21606195253293803
SG_018363,0,0.20016568903547569,0.5105651983799866,0.19067385583562657
SG_018365,0,0.10429760828642126,0.21560789445904613,0.06562781409995423
SG_018367,0,0.1103066245936508,0.32039485842518944,0.09357133173984081
SG_018369,0,0.13067145693980106,0.508370708200251,0.158786312778055
SG_018370,0,0.1540564444710151,0.4539131862547777,0.15043965288556918
SG_018371,1,0.26757085669363107,0.655915135022433,0.2921743116032086
SG_018373,0,0.2901486510120915,0.6761078940681511,0.31497646774024196
SG_018374,0,0.2316670569778153,0.5040372617765488,0.20034994939494769
SG_018375,0,0.14233248892082315,0.36375394433456126,0.1172022264406212
SG_018376,0,0.13256214559452648,0.44331522607295093,0.13777804584222747
SG_018377,0,0.09207878307523998,0.3467184193281692,0.09303620437468978
SG_018378,0,0.09926081652666714,0.3133647161911541,0.08768262101566072
SG_018380,0,0.3266030164528615,0.6755290404865962,0.330419653650781
SG_018382,0,0.10900787313426415,0.5388032175230076,0.15797896104105796
SG_018383,0,0.09632541155373357,0.2986634892084645,0.08299285987362806
SG_018384,1,0.13157038169090207,0.3474896139921409,0.10861825515792148
SG_018385,0,0.14828044813246113,0.47059904127894164,0.15373502894887167
SG_018389,0,0.12193155311002342,0.38568239541594496,0.11583952940741209
SG_018390,0,0.10514632081896157,0.38543889574531065,0.10872481855673029
SG_018391,0,0.26860907527491684,0.5907039009886719,0.25587265317269997
SG_018392,1,0.1583121094080652,0.4261838581410574,0.1427918533477303
SG_018393,0,0.08691860107872547,0.2146818589152657,0.06037976410345157
SG_018395,0,0.19703164587603442,0.6628401842368985,0.262534620763094
SG_018396,1,0.20625609296026762,0.6224158610645637,0.24496576117225696
SG_018397,0,0.185565265335891,0.5790759906820122,0.21391828447856198
SG_018398,1,0.10160886987794088,0.3935533530657439,0.10935827789054485
SG_018399,0,0.13329260477468063,0.46684917935117687,0.14577806187985334
SG_018400,0,0.08723686479556177,0.20125360873729264,0.05746922415808234
SG_018401,0,0.1272476505888178,0.49449351044674833,0.15224735713531096
SG_018402,0,0.1922588844992712,0.5233387294160374,0.19265218876953394
SG_018403,0,0.2168752079904548,0.5749730354602461,0.2261752043702831
SG_018404,0,0.18669743000765993,0.5254713391449606,0.19115583984214263
SG_018405,1,0.2850884947110316,0.5586337449075492,0.2460288563863281
SG_018406,1,0.18657292809626494,0.584609953187826,0.21694923953108886
SG_018408,0,0.23407266855581654,0.6266275058022096,0.26017732449035647
SG_018409,0,0.19817738786091474,0.5446002688663109,0.20421920161018572
SG_018412,0,0.10313326175668529,0.3576384488636691,0.10046041770292932
SG_018413,0,0.12250663637655239,0.37808835486576003,0.11389648843528931
SG_018414,0,0.12542498213037417,0.4015469862398345,0.12189457952411523
SG_018415,1,0.35614308600611017,0.6851527667065043,0.34950160458589946
SG_018416,0,0.0928881869092959,0.23651719585242093,0.06718148346116896
SG_018419,0,0.08515026926224174,0.15512709844342773,0.04658179779168591
SG_018421,0,0.15556077071241745,0.4446025827127107,0.14788359419560315
SG_018423,0,0.25755247510004575,0.594783182440139,0.25342105281884475
SG_018425,0,0.09051575989648901,0.31557564969544327,0.08482048386874806
SG_018428,0,0.09797857836207442,0.3687977845983465,0.10117958411280398
SG_018429,0,0.11378533334936707,0.419682183671603,0.12221355083459069
SG_018431,0,0.12159640684309364,0.4270314601618089,0.12788709350687674
SG_018432,0,0.10802669438845515,0.39340080365493957,0.1121691381081253
SG_018435,1,0.19248789277911038,0.44460610301432535,0.16216779894487263
SG_018437,0,0.146504089793124,0.4453417237510847,0.14439961189532693
SG_018438,0,0.2206713340597993,0.6765892100445582,0.28274135502965514
SG_018439,0,0.2578147438059169,0.6588988274120936,0.2895913180710196
SG_018440,1,0.196106043694513,0.5373268791855831,0.20018546789546884
SG_018443,0,0.18641598282864294,0.5889945515976369,0.21892286185882942
SG_018444,0,0.20688892091426156,0.5446878807343126,0.2079942731683137
SG_018446,0,0.14104109829983108,0.3556082968226912,0.11433603659554001
SG_018447,0,0.22214123052492837,0.4542791284665857,0.17657739913999318
SG_018449,0,0.15585213808816004,0.4507379254277332,0.15009331445247676
SG_018450,0,0.10631147902355788,0.27058944421633374,0.07961556134205897
SG_018451,1,0.10578413831650164,0.3513228360629616,0.09988846311396479
SG_018453,0,0.12613015944767228,0.37382186736513195,0.1140991819147687
SG_018454,0,0.3271773867093098,0.6696995275920765,0.3267820022806681
SG_018456,0,0.11372007407260752,0.5337978215427123,0.15888358556383306
SG_018457,1,0.18347978453735722,0.49603308718781747,0.17801395848703505
SG_018459,0,0.15205797060063425,0.5082400535083728,0.16897358303707177
SG_018460,0,0.17027359937435904,0.5577497485068031,0.19725636649079706
SG_018461,0,0.21774005529228035,0.6129750744124347,0.24543572753606638
SG_018463,1,0.19430387635617,0.5758288524577512,0.21648609049926665
SG_018464,0,0.12864688656144954,0.4214486500400994,0.12924091718693664
SG_018465,0,0.08465944758273926,0.2637404568252972,0.07060867406536198
SG_018466,1,0.11416030496513108,0.39076978727241773,0.11407176490180487
SG_018467,0,0.13181956828828495,0.4367827879837597,0.13537731046146392
SG_018473,0,0.10183897949143376,0.43646422492622117,0.12145724779473326
SG_018475,0,0.14190180064987093,0.5322524908863009,0.17317701078503164
SG_018477,0,0.172811630998002,0.49306800277105794,0.1724161617240023
SG_018478,0,0.21302616646717643,0.571735330082744,0.2229619646622689
SG_018479,0,0.16206108179221346,0.3669092183410485,0.12506172547790995
SG_018480,0,0.09203796253248551,0.3648994148227096,0.09756316730857979
SG_018482,0,0.1281120747716946,0.3946017097024446,0.12093598088079659
SG_018483,1,0.2101971829678524,0.5186630378631384,0.19812613130518905
SG_018484,1,0.18352161150613186,0.5181500156410822,0.1868013352417141
SG_018486,0,0.1332075168917205,0.4344085323546387,0.13522448258646289
SG_018488,1,0.1395652845133005,0.38490423679692676,0.12251301537509411
SG_018489,0,0.12595232674791,0.40718105889044315,0.1237885166055492
SG_018492,0,0.13681631600860378,0.4573910875880567,0.1442262806778796
SG_018495,0,0.13216115195748676,0.41694135132815524,0.12933294815807966
SG_018496,0,0.07999830726404371,0.2958165843414228,0.07602479280939169
SG_018498,0,0.13374647749603705,0.4108815889468384,0.12812405998650472
SG_018499,0,0.15160643255258988,0.46256103691580125,0.15238479393499266
SG_018500,0,0.14700628746351785,0.48719728638263204,0.15900053679973994
SG_018502,0,0.09861349779739954,0.4223663264779457,0.11587507926205819
SG_018504,0,0.26477931406060634,0.6258209604197196,0.27332240255780293
SG_018507,0,0.15974079229895083,0.5292087261096429,0.18058744957641365
SG_018508,0,0.13872026620065803,0.4452545667669521,0.14107267965605075
SG_018509,0,0.09643716830400334,0.34538965744027655,0.09454171317673071
SG_018512,0,0.3001445594879309,0.7276100067935153,0.35600648685792985
SG_018513,0,0.3206352028192008,0.6043025369497698,0.2841922769695505
SG_018515,0,0.29548176998310627,0.669980392447082,0.3133385668014928
SG_018516,0,0.17950478115621823,0.5380346381338605,0.19320094411492783
SG_018517,1,0.12884893045441803,0.495925620991761,0.15352678857487564
SG_018518,0,0.21582053880834462,0.5584890297995782,0.21801246361771529
SG_018521,0,0.1816382734449491,0.5885227395434275,0.21640852069945185
SG_018522,0,0.10805528503091572,0.41040261583255666,0.11694971534202518
SG_018523,0,0.13891221477582597,0.4556818436679855,0.14458299391696597
SG_018527,0,0.18448920440301086,0.4673214524351415,0.1674984165647346
SG_018528,0,0.19351529274723664,0.49486068369764474,0.18165145483224585
SG_018530,0,0.19680419679841746,0.5230851993014228,0.19446376253322098
SG_018532,0,0.11085185960976096,0.4111188212175572,0.1184151212002921
SG_018533,1,0.10209319589013804,0.3223869363598831,0.0910098513064807
SG_018535,0,0.17366281610139056,0.5268950068187102,0.1860182923567398
SG_018538,0,0.19608465391561788,0.5594114856635056,0.2098346798767401
SG_018539,0,0.08999599007232482,0.26871719198877536,0.07363879636875938
SG_018540,1,0.276970803894016,0.6486745636427831,0.2919406054061707
SG_018541,1,0.12810397064637816,0.4429562202071227,0.1356982538263591
SG_018542,0,0.11648490536451778,0.44361674855745925,0.1306111201016271
SG_018545,1,0.169743947371828,0.4898563265322813,0.16990665153064372
SG_018546,0,0.13050395275181884,0.3440007164964225,0.10724960161528897
SG_018550,0,0.1455176581561121,0.4362161224237252,0.14098027391342105
SG_018551,1,0.18838071445636617,0.5342281150587335,0.19552858953383817
SG_018552,0,0.36711201117459785,0.7024253829273673,0.3665439313452009
SG_018554,0,0.16482925004027613,0.44790484424390403,0.15274345663475225
SG_018556,0,0.22564226054823333,0.6086196589018399,0.24677429259600067
SG_018557,0,0.12322700459141887,0.4532220143811275,0.13673296147976738
SG_018559,1,0.3154093095826818,0.5742262006933196,0.26569552304760763
SG_018560,0,0.1706744755436652,0.5817331256275621,0.207954615947221
SG_018561,0,0.08954997161741192,0.30052913316099883,0.08087691823447991
SG_018562,0,0.12657404909311235,0.391120018439663,0.11929152773522309
SG_018563,0,0.11949393860538389,0.3511892609731023,0.10520143884936567
SG_018564,1,0.2883158847910247,0.633756696485879,0.28794528560258786
SG_018565,0,0.15100484775162112,0.5026694792970455,0.16642253109795796
SG_018567,0,0.10492753214377264,0.33982833871946627,0.09655597136678466
SG_018570,1,0.10619832501677073,0.42721248123454836,0.12089760627691823
SG_018571,0,0.10449346960491017,0.4072109387923396,0.11442764162041386
SG_018572,1,0.2079547364172422,0.5226806108741864,0.19891484547761093
SG_018574,0,0.15117345351692332,0.4902181071415165,0.16195648932309528
SG_018575,0,0.13066961010267186,0.37088761831185946,0.1149947471598829
SG_018577,0,0.14211720181062928,0.38921965915128715,0.12479036175796576
SG_018578,0,0.16166157412318521,0.6455265002126476,0.2340258110577823
SG_018580,0,0.17940765292147698,0.5641500917450983,0.20432927673578444
SG_018581,0,0.10535187451142704,0.28422847898041365,0.08266695747543348
SG_018582,0,0.10716052368488121,0.3136422996558437,0.09068834855223651
SG_018583,1,0.1746670246826436,0.5709813859531615,0.20509799095681083
SG_018584,0,0.13064857945066277,0.46222311367918795,0.14304369999938263
SG_018585,0,0.2816931242999896,0.6526129376925418,0.2963933788735715
SG_018586,0,0.11712571248596178,0.4476067330268761,0.13213602964518043
SG_018588,0,0.12141428983277502,0.1552420215232609,0.054632862586699214
SG_018589,0,0.09019235837408805,0.4332852038733556,0.11464299119555933
SG_018590,1,0.27666742613702455,0.6057411663744277,0.2672250767268952
SG_018592,0,0.12424864594382672,0.33868681350315655,0.10352245617217522
SG_018593,0,0.14634562043104773,0.5017763648874042,0.16394601830723018
SG_018595,0,0.11987174032788972,0.40397257401966646,0.12028225361759246
SG_018596,0,0.11942388885857287,0.37830937239677803,0.11272604609458754
SG_018597,1,0.16583424782508496,0.5428719926012318,0.1889372633871253
SG_018598,0,0.25960442988904303,0.5949482104982181,0.25436560298495003
SG_018599,0,0.1308202535444785,0.3666178488517385,0.11381654587265858
SG_018600,0,0.21186222804654478,0.5012904404887523,0.1915426689957542
SG_018602,0,0.23355398937446833,0.5785471542511958,0.2350836455360486
SG_018604,0,0.09186409912472186,0.27070126079310836,0.07475584657551267
SG_018605,0,0.16806488578152576,0.5348444713390411,0.18669810309095122
SG_018606,0,0.27170724688075093,0.5496589487796588,0.23644866897721428
SG_018607,0,0.16043173281981007,0.47536888812005756,0.16064217317659144
SG_018609,0,0.23468595561540292,0.5777306045552034,0.2351641558254845
SG_018610,0,0.11377465893853302,0.42080073071075347,0.12253641293775754
SG_018613,0,0.13376011290335024,0.41211041834877205,0.12850681265332226
SG_018614,0,0.1439938849503394,0.4488214143481627,0.14449784261177415
SG_018616,1,0.15053452264477515,0.4676368590449077,0.15368359472816867
SG_018618,1,0.11617317758264661,0.45383900232844676,0.1336126679587791
SG_018619,1,0.20979180804756606,0.5842681457064207,0.22748745135334744
SG_018620,0,0.10911404254986372,0.43694633641717373,0.12512745576065526
SG_018622,0,0.09371425626886071,0.38925252209141875,0.10458790192478687
SG_018625,0,0.1971742257458724,0.5391395240671317,0.20142268317623546
SG_018626,1,0.14468868330336626,0.573055902105592,0.1909391257460271
SG_018627,0,0.31842323724019245,0.6143777154583637,0.2890630576759254
SG_018628,0,0.1442653427676798,0.4923267736590753,0.15957840730390876
SG_018629,0,0.1683840791559923,0.5866967778754223,0.2090591198812293
SG_018630,0,0.09727207467917802,0.35212152969866173,0.09659345717592004
SG_018632,0,0.1345529241004735,0.3880003413480253,0.12152045059714936
SG_018633,0,0.2092253281720495,0.432909102464484,0.16388660194378302
SG_018634,0,0.3086230638526863,0.6534906063992976,0.3085028602548189
SG_018635,0,0.11626418544383073,0.4229513514346977,0.12429049724336094
SG_018638,0,0.14604977028911215,0.5405180262114788,0.17844211789384304
SG_018640,0,0.1586951338887827,0.4688347168929866,0.15757754446058841
SG_018641,0,0.15775359577945855,0.4985149804873215,0.1679324339680948
SG_018642,0,0.08159124548028877,0.3503440713699675,0.08927197613192323
SG_018643,1,0.2174116739148717,0.5638306923743641,0.22116300412329853
SG_018646,0,0.14018458146520849,0.4716508245617833,0.15051456723818873
SG_018648,0,0.12716078700602243,0.3947195976607504,0.12058676122065101
SG_018649,0,0.2573698082814941,0.625718459738499,0.2700472909535173
SG_018652,0,0.2942173222110985,0.8294518617171391,0.4485481506741983
SG_018653,0,0.07275089369690502,0.2554706609131849,0.06442730532174817
SG_018654,1,0.12472083801702044,0.18598842910838967,0.06337330432699498
SG_018655,0,0.09283583766384045,0.36603297738721713,0.09820555501301476
SG_018656,0,0.17143494430773298,0.579024562385168,0.20711247528976284
SG_018657,0,0.18915886881286573,0.5828403627574309,0.21734629887729257
SG_018658,0,0.12723306256922037,0.42589239818859387,0.13000016369865458
SG_018659,0,0.13269306016115348,0.47245584271341184,0.14737394805209594
SG_018660,0,0.09818705357268444,0.17450356764255587,0.0542271342327819
SG_018661,0,0.14480727051428363,0.43684479975481233,0.14089249161201184
SG_018666,1,0.333445458785339,0.6169418544756435,0.2965487873289864
SG_018667,0,0.24331937920342997,0.6202248603313852,0.2608360568941663
SG_018668,0,0.13484218160038833,0.37529771945108875,0.11786214186902508
SG_018669,0,0.17301336026906225,0.483878389586518,0.16904031812039993
SG_018671,0,0.12662410434238383,0.47945082362100516,0.14685528136308512
SG_018672,0,0.1162909762275796,0.43257362875990785,0.12717421948572166
SG_018673,0,0.10858138895777521,0.41112819028763775,0.11739433291984944
SG_018674,0,0.11166098175467754,0.43870416386215577,0.12685920819285676
SG_018675,1,0.3097006472194241,0.6480117914789112,0.30554877366935457
SG_018679,0,0.13647830531734417,0.3828117779338176,0.12071152145986984
SG_018681,0,0.1299856728648844,0.45566377416965365,0.14060575301311104
SG_018682,0,0.1054286744584217,0.3929484036355648,0.11090100352363945
SG_018683,0,0.07836762802772808,0.2258096696639725,0.060112478299963704
SG_018684,0,0.12177270150429682,0.38160087912653007,0.11460604512287037
SG_018690,0,0.12156018419433796,0.49192194856886146,0.1485489740493254
SG_018691,0,0.17340602117045248,0.5203253757791636,0.18326914264747668
SG_018692,0,0.3204140178215083,0.6557176491809564,0.31487467730778157
SG_018695,0,0.2996587415815248,0.6911317959090961,0.32928461821129557
SG_018696,1,0.2065930371690953,0.5346817487403817,0.2034953032410042
SG_018698,0,0.10384780104475484,0.28494268615229246,0.08232880669469984
SG_018699,1,0.303380558185558,0.603606694173816,0.276932281270904
SG_018700,0,0.13762005592190155,0.3751730256370542,0.11886819911516483
SG_018701,0,0.12792589114005715,0.3881701179711508,0.11896728461204395
SG_018702,0,0.08392949515935803,0.29393301287947327,0.07716358395563402
SG_018704,0,0.33345136436498324,0.6743668896606752,0.3325453346186662
SG_018706,0,0.16600378625802883,0.4441663665850622,0.1519102056453548
SG_018707,1,0.1323374417279154,0.46294124439964596,0.14404940314122042
SG_018708,0,0.10603361892052136,0.3378111387359951,0.09646692392091176
SG_018712,0,0.14357218025444538,0.4566457103511219,0.14692974455601024
SG_018713,0,0.10192280711110006,0.3158680803958227,0.08930974711635675
SG_018714,0,0.07551041187498209,0.3175029481951503,0.07897730632523527
SG_018715,0,0.1040465336315371,0.3155422014027021,0.09002236903944366
SG_018716,0,0.22646507117114112,0.5490269960603182,0.2181352638232851
SG_018718,0,0.1515745475243031,0.4898007144408982,0.1619852468950756
SG_018719,0,0.1390798424556192,0.43568124191590857,0.13812498016404812
SG_018720,0,0.3031875481869202,0.565624412129394,0.25652348469077035
SG_018723,0,0.22840144359545686,0.6704927656293537,0.2828164721947747
SG_018724,0,0.15810712908012245,0.5198603004012486,0.1761782737198463
SG_018725,1,0.2528610146983425,0.7060232860811034,0.3178462805623699
SG_018726,0,0.11581104904842841,0.35685142688489746,0.10533649463591233
SG_018727,0,0.09477822462755854,0.3115363271673207,0.08552155737705458
SG_018728,0,0.29695492181765276,0.7341715247264683,0.359619186868168
SG_018729,0,0.19313348581817738,0.5435623839173475,0.20157500378402815
SG_018730,0,0.17721413178724757,0.4887129881035062,0.1726058263497374
SG_018732,1,0.11026955613845073,0.49143448486377367,0.1425831504815907
SG_018734,0,0.11502992824681794,0.49365261356503926,0.14579901475605433
SG_018735,0,0.14380157630565107,0.4809743766169353,0.15536059260940238
SG_018736,0,0.16616604481428845,0.5916207872697132,0.21018208682812325
SG_018737,1,0.3021997464190748,0.6738919608019723,0.3188219189991134
SG_018739,1,0.2354160713899629,0.5690410213962931,0.23124998319750067
SG_018740,0,0.1949304753530053,0.5495317342965013,0.204955057761648
SG_018741,0,0.13504195799736565,0.4198487115030652,0.1314278023096594
SG_018742,0,0.22165048062679507,0.6425941016476656,0.26324347596348485
SG_018743,1,0.11452467237225766,0.37016802444361696,0.10847829070686735
SG_018746,0,0.14737367458250808,0.39465446050308634,0.12845426095159068
SG_018747,0,0.1519433310215235,0.48542996996594334,0.160576712077202
SG_018749,0,0.21346996988005731,0.554109147970493,0.21501072682246036
SG_018750,0,0.26586655916056784,0.5942317553198906,0.2565932080223679
SG_018751,0,0.17278926053099183,0.4835747199679676,0.16883372404201474
SG_018752,0,0.18996021981966194,0.54415637660078,0.20043728678165448
SG_018753,1,0.15143725199815097,0.47407559088398205,0.1563234662428696
SG_018754,0,0.09919494710390046,0.40496177446533493,0.11135084845327634
SG_018755,0,0.10787812082762453,0.4129072942977265,0.11758051247365439
SG_018757,0,0.143831541880418,0.4721136304661858,0.15230129551872024
SG_018759,0,0.12527176690206476,0.4505672743500848,0.13683128844890582
SG_018760,0,0.1829455415452672,0.5104698186518675,0.18347302970865867
SG_018762,0,0.1304010419528851,0.38216879220359623,0.1181807801359026
SG_018763,0,0.1324250631372956,0.40084053903769445,0.12453477065428206
SG_018764,0,0.23341047220085623,0.611871054553382,0.25195581977835463
SG_018769,0,0.12480130460645582,0.4862698096668403,0.14825484266276223
SG_018771,0,0.10284408105034308,0.4131463199784591,0.1153213188242303
SG_018772,0,0.11861861577392148,0.3592673366498972,0.10709005012060079
SG_018773,0,0.12642237263890552,0.4145088176062986,0.12618614980619075
SG_018774,0,0.09831470655031778,0.20264055224597968,0.06089246764329015
SG_018775,0,0.14654246972196971,0.43972375521061285,0.14255575748742852
SG_018776,1,0.16828316988682623,0.5395807175150749,0.1887292180112184
SG_018777,0,0.21189385444352493,0.5127702358901194,0.19632654550673503
SG_018778,0,0.11170821021036538,0.3439512691628872,0.1002739655841676
SG_018780,0,0.10391648402699143,0.3672075129526198,0.10330547409407292
SG_018781,0,0.09543758073395864,0.3001572881234826,0.08302305850371787
SG_018782,0,0.11068463538001293,0.4988565339092032,0.14523432075063142
SG_018783,0,0.20709591038188732,0.5066938577771902,0.19188034454392225
SG_018784,0,0.08093792477191052,0.3122076716318815,0.08011695634384838
SG_018785,0,0.16536115346770644,0.4202792721947821,0.1435189963050072
SG_018786,0,0.27505269650676584,0.5880361702783361,0.25710392202648424
SG_018790,0,0.09118808959568207,0.3033768084345911,0.08218097194545905
SG_018794,1,0.20061019610413192,0.5910476178444861,0.22656736360263277
SG_018795,0,0.09938935337603971,0.31689882456877916,0.08860616231772671
SG_018796,0,0.11349780896354429,0.3850918976119901,0.1121983188875238
SG_018797,0,0.2502174362248724,0.52629501188318,0.21722338984327116
SG_018801,0,0.19783564878666363,0.5516551073864867,0.20716299853118378
SG_018802,1,0.3314491059602442,0.7348488146865803,0.37592341725180367
SG_018804,0,0.1665138489614045,0.46565960825887265,0.1596912180182834
SG_018805,0,0.12002584865421469,0.4334678355678744,0.12914026593277872
SG_018807,0,0.09912389876364264,0.4318351926051951,0.11878962338438268
SG_018808,0,0.16126300990133433,0.45388420433165033,0.1533897715547932
SG_018810,0,0.28974263656775556,0.6174093303237382,0.27911985317639065
SG_018812,0,0.1403067159617831,0.45371887561382723,0.14454015952308075
SG_018813,0,0.11702415186092642,0.44357744047583153,0.13085066575811413
SG_018814,1,0.10927096043519252,0.391516474747009,0.11218779523990088
SG_018815,0,0.11011638676146736,0.39954605778318,0.11480207359954989
SG_018816,0,0.16929143723679585,0.5122751876212557,0.1782799333406146
SG_018819,0,0.11323784164447835,0.49660437100051247,0.14584178901105982
SG_018820,0,0.15555139096350715,0.4107202093639223,0.13665439893534423
SG_018824,0,0.1191405749655679,0.3689441065630175,0.10998150773092193
SG_018825,0,0.14908683433329675,0.44089309286078654,0.1439924589593779
SG_018827,0,0.19233453209608461,0.5488020538610691,0.2034928637915091
SG_018828,0,0.2108644344724037,0.52009100988766,0.1990015652715641
SG_018829,0,0.2954217467443938,0.5359726755808345,0.23876506971748104
SG_018830,0,0.2776198640680365,0.6456799708461031,0.2904247591695976
SG_018832,0,0.09358001388544634,0.33725889343295085,0.09132991739068963
SG_018833,0,0.15131815735310852,0.5118364984175701,0.16997717216079733
SG_018835,0,0.29503889582034665,0.6026649245790355,0.27305309726416543
SG_018836,0,0.2643825996958027,0.5716762262281354,0.24441163420779088
SG_018839,0,0.08481114593138987,0.365782439852429,0.09448668249138621
SG_018840,1,0.14647195682046513,0.39038789244479505,0.12679128638844864
SG_018841,0,0.15441523707696816,0.3929545623672205,0.13054399294193308
SG_018844,1,0.30217083949203905,0.6866457504993889,0.3273319296137596
SG_018845,0,0.2213973007001514,0.5666968663183203,0.22421004175191978
SG_018846,1,0.2975380100834697,0.6356139915316609,0.292927119468787
SG_018848,0,0.15249358718877373,0.43555761406577576,0.14360590415741437
SG_018849,1,0.16568572785648342,0.5955145002377101,0.2117228917280309
SG_018851,0,0.12904244109180552,0.42876318035101385,0.13166637207602952
SG_018854,0,0.15809412245802168,0.518085861003895,0.1754877424457519
SG_018855,1,0.1956474177693924,0.49659000709601675,0.18319612948415642
SG_018856,0,0.08742392753944568,0.43994820174325083,0.11500044566375084
SG_018857,0,0.21220415512383725,0.7071767048722044,0.298043591351458
SG_018858,0,0.21771121250771566,0.6534010120558035,0.267485236103719
SG_018860,0,0.25938218628919846,0.5795321769507455,0.246341135836628
SG_018862,0,0.16595478962822544,0.5353627056430181,0.18593449701742
SG_018863,0,0.09855129333825857,0.3920483441168481,0.10756297301223727
SG_018864,0,0.12395495003304113,0.3925373183337069,0.11864513580192071
SG_018865,0,0.0970267982691162,0.3539370609312559,0.09695171343769143
SG_018866,0,0.20205068158116615,0.5238157171487315,0.19696001246045527
SG_018867,0,0.2648612503173073,0.4879561911675718,0.2056289931088451
SG_018868,0,0.10059348105317643,0.49414296751872727,0.13820762155626257
SG_018869,0,0.13767635535397868,0.300819221038163,0.09757211236203325
SG_018870,0,0.14578292419613773,0.45885738206405163,0.148628004973981
SG_018871,1,0.17565578815172092,0.5891284580176628,0.2137749629767924
SG_018872,0,0.07755936427316754,0.2962578973448249,0.0751290485943044
SG_018873,1,0.11146460184458984,0.37252394467222755,0.10787825890597096
SG_018874,0,0.1314015802229546,0.42365272150385114,0.13108786321143187
SG_018876,0,0.09178954454721994,0.3344559771535594,0.0898990323960879
SG_018877,1,0.13864537412024813,0.5570096646196827,0.18118268156488776
SG_018878,0,0.1965710285592245,0.5428285878915532,0.20275422760593073
SG_018879,0,0.09492079734238328,0.356484614180489,0.09669946400139785
SG_018880,1,0.17961863608735038,0.471604704494269,0.1671613736671358
SG_018881,1,0.15953442304810472,0.6163592397544029,0.2182877093185018
SG_018882,0,0.10622078151491911,0.3664266650748614,0.10406202825468153
SG_018884,0,0.14427375471336334,0.3356692440115081,0.10962231867891985
SG_018886,0,0.13580672480241465,0.3999178332937669,0.1256043385660202
SG_018887,0,0.15331069980125114,0.47011448395821703,0.15574119626442035
SG_018888,0,0.2203671045509962,0.5906426463381242,0.23531313272019064
SG_018891,0,0.11996054880924141,0.4087795712505278,0.12172865114647635
SG_018892,0,0.12524043006865976,0.4834856622501378,0.14753547452014867
SG_018893,0,0.2681479956428922,0.6120622204519915,0.2671157740306077
SG_018896,0,0.11266700940951425,0.08783038613027835,0.035015306180954775
SG_018897,0,0.20770270195310703,0.5431552825587024,0.2076634953530885
SG_018898,0,0.1149959803402028,0.41763394163567313,0.12215633205891292
SG_018900,0,0.20221908757379126,0.39482766602872776,0.14777913255355202
SG_018903,0,0.18884789940039734,0.5927109178268399,0.22183864149361832
SG_018909,0,0.2245256168954024,0.5929585234658877,0.23830411575154536
SG_018910,0,0.12441039087577264,0.4241492109177514,0.12824538609832803
SG_018911,0,0.14173834289001247,0.4201810698865589,0.13427153476983336
SG_018912,1,0.2077536682195914,0.5201177663683616,0.1977474757986087
SG_018913,0,0.15153498144038824,0.5955366010710661,0.20433366592847246
SG_018914,0,0.12012927981243958,0.5198513344835144,0.15743254887066896
SG_018916,0,0.10670808898841898,0.23582337880251392,0.07121651920269594
SG_018917,0,0.22181314248556394,0.5926237037227851,0.23693718240227044
SG_018919,0,0.32225751640520367,0.651355730897971,0.3128882909928472
SG_018921,1,0.2710222424843392,0.6250908966747166,0.27559344838021504
SG_018922,1,0.24318555371333317,0.6023997671466189,0.25128016291632654
SG_018923,0,0.11978106509388244,0.4344072326044633,0.12931575260312206
SG_018925,0,0.2583698345002153,0.6101286331540013,0.2619114256071027
SG_018926,0,0.1684854070765032,0.5022608548522042,0.17406276245629781
SG_018927,0,0.11078770007739831,0.4408039591487794,0.12707248262832502
SG_018929,0,0.12625207984517225,0.3537697841343212,0.10845161968338773
SG_018930,1,0.33522209155894345,0.5880673425853634,0.2807877735960346
SG_018931,0,0.08630115900209827,0.2402602426795987,0.06590806666310291
SG_018932,0,0.1454532409676876,0.46518464970972556,0.15063783032490563
SG_018933,1,0.14419237334949217,0.573576011695408,0.1908947479272196
SG_018934,0,0.09751586927255974,0.5157288584230951,0.14338405261505324
SG_018935,0,0.1188107752080045,0.45013723702648223,0.13370967344880402
SG_018936,1,0.20532310649248373,0.5063673317371167,0.1910361772510554
SG_018937,0,0.13705365799175562,0.49995323691131305,0.15891053965542962
SG_018938,0,0.32268665124843104,0.6944484636881209,0.341735827442903
SG_018939,0,0.12842190632829334,0.5556615543964704,0.17517179826835852
SG_018943,0,0.14873624451320624,0.49501547635972765,0.1625900802754753
SG_018944,0,0.19153113365299504,0.5769718444316561,0.21573592075168696
SG_018945,0,0.14653321782471154,0.4504173676954944,0.1461053776964914
SG_018946,0,0.13143259920529743,0.3716704349586625,0.11551123555183038
SG_018947,0,0.12698475603281764,0.4728206673621552,0.14482652678341687
SG_018948,0,0.16755621312291877,0.5586998389613957,0.1963656653625333
SG_018949,0,0.2434344061780839,0.5000264879525538,0.2030627152362108
SG_018950,0,0.09665335675545879,0.35420206044032926,0.09686090962758928
SG_018951,0,0.15407618933542297,0.35126047338047933,0.11753906019095837
SG_018952,1,0.13683918923875502,0.4578135076070632,0.14437606166969405
SG_018953,0,0.15126885211988347,0.5699578366971911,0.19306298027319654
SG_018954,0,0.2799295191162708,0.6694315787048403,0.3061161741765231
SG_018955,0,0.15003285111072973,0.518357559378987,0.17183318650101725
SG_018956,0,0.0873248412425912,0.3085429698744472,0.08188321483429657
SG_018957,0,0.09866286825640568,0.4393693953350087,0.12070545732551496
SG_018958,0,0.11214362900241916,0.3440468037476285,0.1004668237115121
SG_018959,0,0.123928808804808,0.4871188161689325,0.14811177514565604
SG_018960,0,0.18429815069596375,0.5718076285545857,0.21002129626672653
SG_018961,0,0.171690740124408,0.4928209072067388,0.17184827203654277
SG_018962,0,0.15089586064572175,0.4741087684925318,0.156099683001111
SG_018963,0,0.2638767698775159,0.5707301079962969,0.24373473148634928
SG_018964,0,0.09889615729982411,0.28600222823622523,0.08086276386775998
SG_018967,0,0.2723003152005694,0.6283270628348246,0.2779810405875921
SG_018969,0,0.20947473233278202,0.60704913842339,0.23857784812660016
SG_018971,0,0.16004573446407425,0.42006104081972045,0.14142805160228758
SG_018973,0,0.15938054024688666,0.5081133144450791,0.17226300259646046
SG_018974,0,0.2990126900456505,0.5635120566819765,0.2538418400219811
SG_018975,1,0.10946594762182366,0.3528015481412682,0.1017503389322475
SG_018976,0,0.12170271894521167,0.3618567395414012,0.10899952199141144
SG_018977,1,0.11703575739561684,0.442227875456597,0.13044322411822543
SG_018979,0,0.11349342592044172,0.39708937525512567,0.11557519370713845
SG_018980,0,0.09676793447935787,0.40395164776242953,0.10993262888801573
SG_018982,0,0.10271826422327747,0.41895061195163186,0.11689140762676446
SG_018983,0,0.18186908126487825,0.4695823095634797,0.16730613256745666
SG_018985,0,0.1148512749209275,0.44038528971121516,0.1288646595085382
SG_018986,0,0.10401333199980654,0.3955642504944041,0.11098859823394677
SG_018987,0,0.14782031272890175,0.4783832016022521,0.1562498864455498
SG_018988,0,0.2319257887663325,0.5898554130553301,0.23998782989389303
SG_018989,0,0.12444071240035977,0.3972341342894518,0.12021771831324456
SG_018991,0,0.21306172967319034,0.5283809313106095,0.20344698622074492
SG_018992,0,0.12556068490543829,0.35765773907722903,0.10928735840853958
SG_018993,0,0.17263338428503625,0.5076772237503582,0.1779512817423771
SG_018994,1,0.24101586664208366,0.4761811959929686,0.19212304135807584
SG_018995,0,0.08921686535492145,0.3557109453459947,0.09401354092516312
SG_018996,0,0.12411101044439175,0.4413501517769717,0.13340807394120502
SG_018997,1,0.24413300380373337,0.6475513604364105,0.27658193603692693
SG_018998,0,0.12030485275273706,0.40193191670199874,0.11987001077334047
SG_018999,1,0.2532626289459113,0.518521555737514,0.21487562932317295
SG_019000,1,0.161004986595912,0.4502526179363785,0.1520245673012173
SG_019001,0,0.27573512231447217,0.5599464846057283,0.24305712874014077
SG_019002,0,0.2759346310031656,0.6103409982563244,0.2694386829167727
SG_019003,0,0.1592934072440367,0.4927590110573102,0.16648213933103584
SG_019004,0,0.15872147080822196,0.4822755471214203,0.1624019752539144
SG_019005,0,0.22472263344675172,0.6481954663233169,0.26787888695439277
SG_019007,0,0.12833146400919052,0.43541379944082476,0.13342863825999793
SG_019008,0,0.1148947302543999,0.31522339654929504,0.09387621215095839
SG_019009,0,0.18666514348392263,0.6060506517167897,0.22721193502096193
SG_019010,1,0.12060000469085125,0.4344428670001298,0.12969623240338804
SG_019011,0,0.12147384358148583,0.33428119110263205,0.10131487599211347
SG_019013,0,0.11276320319259754,0.4350775478149743,0.1262939999914654
SG_019017,0,0.20572478623879306,0.587162362626634,0.2270423638325312
SG_019020,0,0.21674731995764515,0.56560802495527,0.22170610623817463
SG_019021,0,0.26659615039933726,0.6491441761692304,0.2876548072481151
SG_019022,0,0.23859723141060032,0.6017892826963461,0.24897011991597856
SG_019024,0,0.10424186280411656,0.3998200121042829,0.11226230159197904
SG_019025,0,0.11482265075401717,0.366015018338273,0.10745519244246665
SG_019026,0,0.10723147803056406,0.37913577915055574,0.10790986581219039
SG_019027,1,0.2507761858348729,0.6704276889078775,0.2934457856823268
SG_019029,1,0.34243285804034507,0.6290042719186948,0.3073263417259076
SG_019031,0,0.14635238126194983,0.4762977392959987,0.15486945184918657
SG_019032,0,0.10696006436051468,0.44593528263764676,0.1267527194448272
SG_019033,0,0.2008128376085606,0.5321322939329257,0.19996962509599653
SG_019034,0,0.15895023488798213,0.4751315857220688,0.1599279798958699
SG_019035,0,0.15030997200200938,0.3987955103407776,0.13085905159267658
SG_019037,0,0.0919056286599267,0.39538565583856866,0.1053396835278506
SG_019040,1,0.24817139209879444,0.67574462980286,0.29555853540606325
SG_019043,0,0.1442577442868073,0.4580627037003606,0.1477022737453426
SG_019045,0,0.09546329400642133,0.1980891280463297,0.05905051076397211
SG_019046,0,0.11670285271288822,0.38839459597710957,0.11446695294956775
SG_019047,0,0.09897115270555218,0.4299427931631431,0.11817829689595445
SG_019048,0,0.10666444740654364,0.39585849303450876,0.11225064779582275
SG_019049,0,0.13060451965233102,0.3840315500392557,0.11880719826671958
SG_019050,0,0.1441570894845233,0.5462866569247179,0.17976410828352118
SG_019052,0,0.29576747166480916,0.6709644537893431,0.3141008993400805
SG_019055,0,0.16222694758191028,0.47156580599868697,0.16003351734105947
SG_019056,0,0.16680584472871288,0.5122906623465914,0.1771859753295738
SG_019057,0,0.23597205918487182,0.5783061867803332,0.23599143144552318
SG_019059,1,0.22033343289756668,0.5513241145910559,0.21663905333924988
SG_019060,0,0.1285661746627919,0.14596547588949152,0.053582971943799435
SG_019061,0,0.17967474668663652,0.5029778391216337,0.17913184749578323
SG_019062,0,0.1089047157699262,0.31468967317364205,0.09159067509710217
SG_019063,1,0.26480087126234214,0.5927420153367692,0.2553708703285929
SG_019064,0,0.1747900509262832,0.49062689198558906,0.17232230809381763
SG_019065,0,0.0799084150263123,0.20323849097495855,0.05574145308063187
SG_019066,0,0.10055144316469272,0.22929279882407239,0.06782843550146488
SG_019067,0,0.11560762493532423,0.28908522189657854,0.08733179745811788
SG_019068,0,0.0661156552469503,0.1254977991888473,0.03562480145731425
SG_019070,0,0.1359869948595279,0.40289540716663774,0.12658343659834148
SG_019072,1,0.24453068302795367,0.5414181530103828,0.22192848965016845
SG_019073,0,0.12243548509923374,0.3774365624958066,0.11368239872449036
SG_019074,0,0.15718217201521467,0.4809845498323313,0.16127123177457614
SG_019075,0,0.2985637682518188,0.6697646230923215,0.3145448107706515
SG_019076,0,0.1378046769407957,0.4574738394570475,0.14469022281383215
SG_019077,0,0.07207214664039556,0.31251815171863645,0.07635195285822169
SG_019078,0,0.1599442855560791,0.6462505082602346,0.23343767445042327
SG_019079,0,0.20480437471577484,0.5208488579806013,0.1968480274796608
SG_019080,0,0.13166564831236646,0.3603688893297466,0.1123312508188055
SG_019081,0,0.256917800665772,0.6548879116173136,0.28675782335118
SG_019085,0,0.12452267984716847,0.40282641788561385,0.1218992101527493
SG_019086,0,0.10296960590871201,0.2905160796664608,0.08339755388517378
SG_019088,0,0.10552115735234062,0.4605003867262986,0.13041053681701592
SG_019089,0,0.10715545497185487,0.3401867968130043,0.09752081246736206
SG_019090,0,0.14008318067302447,0.367251329544996,0.11742689278943745
SG_019091,0,0.09709653893898647,0.24156707438168817,0.0696786395166264
SG_019093,1,0.2568080927302166,0.6620644740884949,0.29106479700239096
SG_019094,0,0.09263953370436284,0.39760420132315405,0.1062735843894933
SG_019095,0,0.1741859765356987,0.5236686934675914,0.18495215215091954
SG_019096,0,0.11123861170243064,0.23225035168580668,0.07164830390494795
SG_019097,0,0.1158814156767237,0.36993019155934165,0.10895861491174444
SG_019099,0,0.12171002221831566,0.49826410962635753,0.15077023366744877
SG_019100,0,0.14801014153944267,0.4300514747064542,0.13998301254340823
SG_019101,0,0.15596327001342417,0.5046397512157157,0.16941183908288926
SG_019103,0,0.285091865355406,0.6037001626736251,0.26957820233657526
SG_019104,0,0.11829195307854752,0.3913734904429653,0.11597678182283223
SG_019107,0,0.1751254840882789,0.5254268178312583,0.18607692995107997
SG_019108,0,0.21023773125573986,0.5724949136748815,0.22209459970105147
SG_019110,0,0.15079452733024468,0.4952658917672779,0.1636150473398065
SG_019111,0,0.11376837561708987,0.257356408503073,0.07866646026499778
SG_019112,0,0.10572374144602477,0.47846842498540415,0.136051610306596
SG_019113,1,0.16612413771337495,0.5503562348015691,0.19216955373865804
SG_019114,0,0.18933637518828886,0.5247569464988877,0.19199435018683766
SG_019116,0,0.09502639789274699,0.2974340742019493,0.08221525925056733
SG_019118,0,0.18710510019531343,0.45869964236530597,0.1653171549397389
SG_019121,0,0.1657811538290941,0.4946408220968118,0.17000611644667246
SG_019122,0,0.21632957937891636,0.6231843564950823,0.25013802076227243
SG_019123,0,0.09312355766587425,0.32892592853552405,0.08909651680388828
SG_019124,1,0.19466133119191267,0.5090445214576464,0.1877968563755156
SG_019125,0,0.10921140539186917,0.3088627428374344,0.09020974856788647
SG_019126,0,0.15535881629643816,0.5798869526948285,0.19942554765506681
SG_019127,0,0.15110937165949542,0.5454420022758599,0.18290059934934622
SG_019128,0,0.24690403653980644,0.5457921211094814,0.22490181075327859
SG_019129,0,0.12474309988109061,0.4841623739143164,0.1475198368503765
SG_019130,0,0.12142429717273058,0.407962063972655,0.1221130354929584
SG_019132,1,0.13493201180556302,0.44011430847427774,0.13778204496528754
SG_019133,0,0.10607940191831605,0.30200469988753303,0.08735513415070974
SG_019134,0,0.1509711455610083,0.3869609635092493,0.12739713875950584
SG_019135,0,0.11379576155021282,0.461784138144596,0.13493566838396803
SG_019136,0,0.10009313182308266,0.4769701032709541,0.1325847263461494
SG_019137,0,0.0733455625733183,0.29757800238293264,0.0736571646632534
SG_019138,0,0.34540021049900266,0.623657575484621,0.305283393066069
SG_019139,0,0.16828770025654172,0.4978879301299936,0.17231265228298018
SG_019140,1,0.21798140215009446,0.4847453584115424,0.18714688010654823
SG_019141,0,0.11200264174750663,0.42841400071355784,0.12396474076528377
SG_019143,0,0.1265201780544508,0.3793323207134081,0.11583856812847755
SG_019144,0,0.12948371954823876,0.33286098592039925,0.10376870504473507
SG_019145,0,0.1982452675812191,0.5270421988777011,0.1967284793150778
SG_019148,0,0.28596476211087113,0.7282697009441949,0.3498938065640804
SG_019151,0,0.2733504644902825,0.6287500390596775,0.2786729787473711
SG_019152,0,0.112643439751474,0.43293780013984245,0.12560092798218137
SG_019153,0,0.17005072239887967,0.5445005899009205,0.19157739050971556
SG_019154,0,0.19091205378839868,0.4960699904030107,0.1810749241691273
SG_019155,1,0.1267461080216384,0.4367936188155037,0.13316258372967113
SG_019156,0,0.12957274812417297,0.3944533805617517,0.12147886048915348
SG_019157,1,0.11412014573865581,0.45227450606970837,0.13214630820458348
SG_019158,0,0.12895632674598034,0.3917271022208025,0.1204249073999325
SG_019159,0,0.2781661850022802,0.6455462442863276,0.2905822591969285
SG_019160,0,0.17120853662359029,0.5131564170152447,0.17946807617569097
SG_019161,0,0.19082233901158063,0.5105635196320105,0.18682165809754192
SG_019163,0,0.10781898058368605,0.5154198320518935,0.14919818311917535
SG_019164,0,0.20822704922576543,0.5210615866717135,0.19833983983054132
SG_019165,1,0.2817842985123686,0.584579399077938,0.2580054299539274
SG_019166,0,0.1947643506130415,0.5453151381557471,0.20304562129192696
SG_019168,1,0.19027738375652714,0.5490357146963142,0.2026832952628691
SG_019170,0,0.2101273562552759,0.6355503496446517,0.25382863772842745
SG_019172,0,0.22772659333288292,0.5774311968049486,0.23205046648408506
SG_019173,0,0.13141607582974377,0.43517610692595815,0.13469557846635102
SG_019174,0,0.20210079078642554,0.6071789030793425,0.23519017182008156
SG_019175,0,0.2111526580586586,0.5206684319714032,0.19936371408557382
SG_019177,1,0.23517907125657878,0.5983072582987342,0.245685007824055
SG_019178,0,0.21434267255991454,0.5692687159200072,0.22237817091087314
SG_019179,0,0.2132891004556594,0.5042857100274926,0.19334091667476686
SG_019180,0,0.2699071893612588,0.6172211043033652,0.27070596765971205
SG_019181,0,0.22322656392822618,0.489309849035816,0.19098853888468326
SG_019182,1,0.11939834850956814,0.48649735576882647,0.14565538134486963
SG_019183,0,0.19348503779229131,0.5870425061831331,0.22134282878538825
SG_019185,0,0.16301501751446032,0.5513165267844854,0.19108605933040354
SG_019186,0,0.23600747439546413,0.5712242504020029,0.2325520233986057
SG_019188,1,0.13032930415449204,0.39287479138338066,0.12131223352368638
SG_019189,0,0.17748936972294924,0.5800046814729933,0.2104943072789075
SG_019191,0,0.15926745840374948,0.5093166662881717,0.17266866612778012
SG_019192,0,0.3275984105566813,0.5961911524154716,0.2823632404721765
SG_019193,0,0.13643579779443613,0.4684614513495714,0.14774517140283921
SG_019194,1,0.23305861518470616,0.7012743896002857,0.3048261486981181
SG_019195,1,0.10242706868446512,0.28784439552626007,0.08255068096108793
SG_019196,0,0.18759616917397245,0.6403701138952551,0.24520490297698588
SG_019199,0,0.18587997109569052,0.5167711172755868,0.18725144157538337
SG_019200,0,0.1335499546763409,0.41869659165793865,0.13045172361471555
SG_019202,0,0.0911976873256259,0.45089384357781404,0.12009217017200254
SG_019205,1,0.19455299259414485,0.492375670085333,0.18108759499200544
SG_019206,0,0.20643153044921722,0.5905746202373275,0.22901306898585713
SG_019207,0,0.20106988884671262,0.4792128686365858,0.1784874890308766
SG_019210,0,0.30655897932156356,0.6827864772901457,0.3266483610146014
SG_019213,1,0.2498614667766168,0.4833542384957081,0.19830015753130495
SG_019214,1,0.25087443316849134,0.6382379151619011,0.27425982844690283
SG_019215,0,0.09838659296740922,0.37236205676311784,0.10228585504206802
SG_019216,1,0.2493820790820018,0.5830754593282278,0.2440005195269593
SG_019218,0,0.1367992143147079,0.49406689450631047,0.1567097063511057
SG_019219,1,0.17950188091591587,0.48484704041491633,0.172081643440972
SG_019220,0,0.1774528568107563,0.530174448367767,0.18903989432621743
SG_019224,0,0.18051111521267205,0.4238352573301676,0.1503561325652622
SG_019226,1,0.25277911584149093,0.5737210033711898,0.24072366041029578
SG_019227,0,0.13392128194309735,0.43690484193423706,0.13632261509217283
SG_019228,0,0.07704106667308096,0.26144389135655344,0.06731473379818317
SG_019229,0,0.2051108778598623,0.43916790125232696,0.16475297531887723
SG_019230,0,0.14082593598844473,0.3072658931052569,0.1003695607316576
SG_019231,1,0.22344043929719648,0.5771121889426679,0.23005068957327401
SG_019232,1,0.1206505243655917,0.39874042672430965,0.11908585711896001
SG_019233,0,0.15196690087979114,0.4699700782543576,0.1551132398251123
SG_019234,0,0.28971738896121213,0.5808451791540706,0.2592037778655833
SG_019235,0,0.13469335044752648,0.4173733806774276,0.1305145324118831
SG_019236,0,0.11981561107780715,0.40060060791672497,0.11927593815509345
SG_019238,0,0.14139677443975965,0.338223906191148,0.10939323047149858
SG_019239,0,0.2463462899432184,0.5692797767179006,0.23589641376898512
SG_019240,0,0.09671868140081887,0.37814027741613887,0.10305595294570101
SG_019241,0,0.13816470881141227,0.3910876436982298,0.12384658140179657
SG_019242,0,0.07710082957698446,0.21947281525651463,0.05833996190681165
SG_019243,0,0.1224879748346297,0.4381291543846327,0.13167829621574903
SG_019250,0,0.09714090445788415,0.3566351902986376,0.09768780426154847
SG_019252,1,0.28561552416282054,0.666249718603394,0.3066127849549976
SG_019256,0,0.1064404535566697,0.3518060417810784,0.10027916643972157
SG_019257,0,0.25565460524763944,0.6509006156535769,0.28380171095609885
SG_019258,0,0.11329428246750568,0.30115090765712144,0.08966179908416373
SG_019260,0,0.13552441088264192,0.42401052838221953,0.13292880092540474
SG_019261,0,0.2969440343728631,0.6409214947312921,0.2958504577683548
SG_019262,0,0.08814823416053075,0.42461880653567846,0.1112203339030941
SG_019263,0,0.1490171762239481,0.4573165366982055,0.1494867701920366
SG_019264,0,0.10973653400693713,0.44876157126012856,0.1289565742807429
SG_019268,0,0.213396374128046,0.5502039494209072,0.21321349808259382
SG_019269,0,0.12159118649729965,0.4001149592117576,0.11988004895405702
SG_019277,0,0.19101721171059494,0.45410409096464754,0.1651093055423349
SG_019278,1,0.11980632433521565,0.44593864213850704,0.13286962965583668
SG_019279,1,0.10229337451437275,0.26646750873387326,0.07729087636149518
SG_019280,0,0.18733234729164872,0.5134273419582059,0.18651508690082313
SG_019281,0,0.17332191279034362,0.5116327214190141,0.17979549535168707
SG_019283,0,0.17813951140340215,0.5193479629482832,0.18495609423468237
SG_019284,1,0.12184558638182034,0.4210032276875798,0.1261774747811649
SG_019285,0,0.08235986963531065,0.16908706937512574,0.04899029900539568
SG_019287,0,0.13337855865490295,0.37956821339055513,0.11856491576600463
SG_019288,0,0.288788399550612,0.5383638192745308,0.23746076492872945
SG_019290,0,0.12108556693027735,0.40137269093356986,0.12003552816378485
SG_019291,0,0.1202396974051421,0.40385742357366194,0.12040470410553918
SG_019292,0,0.18429018466963998,0.5051239549672153,0.18191764509040703
SG_019293,0,0.19182015019686297,0.48476942977814363,0.1770229041736904
SG_019294,0,0.0902861230665526,0.20860147418757896,0.06000849229290438
SG_019297,0,0.1333835041777285,0.47534413695649724,0.14866442424529763
SG_019299,0,0.12815626553062906,0.42252726548687264,0.12936282649849482
SG_019301,0,0.12687438342505789,0.4294319679173208,0.13093508206819482
SG_019303,0,0.2786308447875256,0.65908991535245,0.29903660793769804
SG_019304,0,0.12262772832228118,0.44187544410002627,0.13290128087214578
SG_019305,0,0.14236280379480512,0.48828952926388663,0.15727236761109334
SG_019306,0,0.2818957964716157,0.7080908802766623,0.33308692146280894
SG_019307,0,0.2679846848389252,0.6144191136644941,0.268341392479069
SG_019308,0,0.160385434426197,0.4452359950863018,0.1500464226056382
SG_019309,0,0.2775412305175953,0.580688520849336,0.2542804905470997
SG_019310,0,0.1125389528161314,0.45015148315060294,0.13073531442183514
SG_019312,0,0.11878539329270328,0.3687390242237215,0.10978392633732287
SG_019313,0,0.13923320786586935,0.41315116045664757,0.13104940527055195
SG_019317,0,0.18303904582747943,0.5878377147262751,0.21676452590365697
SG_019318,0,0.2937234263228434,0.6505930281632284,0.3003587893346835
SG_019319,0,0.07494964442755503,0.2898380698128875,0.07264667300601324
SG_019320,1,0.19590866715568864,0.5507190568365186,0.20590538173563577
SG_019322,0,0.13448759298782187,0.4301511902412634,0.13442497280542098
SG_019323,0,0.152209742232328,0.4332909791853616,0.14273967574498247
SG_019324,0,0.13513975333812392,0.33949626953859136,0.10760760019451092
SG_019327,0,0.181946063536771,0.4930520129930941,0.1762251286859317
SG_019329,0,0.10818715703753945,0.360696070804788,0.10334064509079988
SG_019331,0,0.13746815520322475,0.49410940129899783,0.15704120640193803
SG_019332,1,0.09755268929560479,0.3253878846246967,0.08999840791073756
SG_019334,0,0.18877336336408537,0.48626776950313344,0.1763849798328903
SG_019335,0,0.10481897686532209,0.4472863533587528,0.12609655441851852
SG_019337,0,0.10350643273436488,0.33802251739752015,0.0955314550675352
SG_019338,0,0.11161117616606042,0.36824722871483034,0.10677061206435533
SG_019340,0,0.08759265641820273,0.2513286445935812,0.06883380393407554
SG_019341,0,0.12270842149841199,0.44855806932510145,0.13502406478831736
SG_019342,1,0.242017794979655,0.6367653502957269,0.2694249126751472
SG_019343,0,0.14198948197943626,0.44924960827589894,0.14378548589488102
SG_019344,0,0.11143787878218868,0.4837842827822252,0.14071915809591642
SG_019345,0,0.21375300377601714,0.5859762209542225,0.23008511130334366
SG_019347,0,0.24960105369763666,0.6223573358750046,0.26477723116322927
SG_019348,0,0.10495419088915126,0.3780212643736842,0.10663482762487951
SG_019349,1,0.22391479468745787,0.5524462156750275,0.21864663039960977
SG_019350,0,0.19544543724238353,0.48475875129050816,0.17845533411342954
SG_019351,1,0.12022698286826318,0.43248968951603145,0.1289332384843329
SG_019353,0,0.11381153685054451,0.5178428429045213,0.1533319586395997
SG_019354,0,0.15776111721379638,0.4077337965702995,0.1365213426984794
SG_019355,0,0.09717923349412834,0.20369858959249038,0.06082917004620141
SG_019356,0,0.11604782133774959,0.4304138820763227,0.12641541053327618
SG_019357,0,0.26390180605223196,0.6292352901898645,0.27487382218966405
SG_019359,0,0.157206435652288,0.5032752149385818,0.16946216375575338
SG_019360,0,0.18444805560877622,0.548783464186067,0.19996810365825923
SG_019361,0,0.134622414885707,0.47301294597348764,0.14845018740248866
SG_019363,0,0.13866134183806897,0.5073630344019149,0.16233833417885082
SG_019364,0,0.10741447507800084,0.3302048828132878,0.09503036470907611
SG_019365,0,0.1162180250339932,0.37051743938483017,0.10925634456879055
SG_019366,0,0.28525021658601624,0.603155420184559,0.26934514419456734
SG_019367,0,0.3332986374638505,0.6490649620389991,0.3160187758987516
SG_019369,0,0.11911823852622942,0.3973402371723569,0.11803750875649753
SG_019370,1,0.20553117784707794,0.6161116476011762,0.24135024467982205
SG_019372,0,0.10752486563617404,0.4775978963944859,0.136721389209432
SG_019377,0,0.22265231100174954,0.5971398434408424,0.23957036596174025
SG_019378,0,0.18141672323890867,0.49261614611067894,0.1758384136633617
SG_019379,0,0.19948042735571772,0.5427365597002003,0.20397078734590757
SG_019380,0,0.09738082102565367,0.28682035912137593,0.08052241488902942
SG_019381,0,0.08075763095916101,0.19697365577236775,0.05463884183149716
SG_019382,0,0.34913033329258375,0.604878228221669,0.2956756939978644
SG_019383,0,0.16232521982420337,0.5040408956979348,0.1720362342767193
SG_019384,0,0.2595040130304595,0.6894836005975716,0.30979948800217294
SG_019385,0,0.10971486965099712,0.27430278192512725,0.08164702130060748
SG_019387,0,0.28899241380415713,0.6162773278020865,0.27816962234181436
SG_019389,0,0.1827787297392277,0.5749463605120765,0.21072473433249578
SG_019390,0,0.10262960988848202,0.5024480293276923,0.14200491198479062
SG_019391,0,0.08698223405961629,0.2567373259299342,0.06984853988296756
SG_019392,1,0.3244541458398511,0.6485621794078638,0.31204836628308885
SG_019393,0,0.09073823706732743,0.29563088560303413,0.08017908068795129
SG_019395,0,0.08288529377316002,0.28571643884658937,0.07489381160820031
SG_019396,1,0.17977509817536783,0.4916977189209692,0.17480630816679033
SG_019397,0,0.21717711759035488,0.5423004390268762,0.21125458584662465
SG_019399,0,0.14818687699448954,0.4232639423629032,0.1378482359181189
SG_019400,1,0.19881469062701398,0.5784920426016984,0.2197853419497725
SG_019401,0,0.09820765666063358,0.31802245857801476,0.08843087780304369
SG_019402,0,0.12124423914867581,0.3568523664941501,0.10742992298081847
SG_019403,0,0.1714704833006917,0.5333982450877089,0.18766680729388172
SG_019404,0,0.23271757744092972,0.5222061178923049,0.20861762593041497
SG_019405,0,0.13413161952471236,0.44508406698465525,0.1390314387267828
SG_019406,0,0.15387110173854293,0.5702366702109326,0.1945123472551384
SG_019407,0,0.09496117728871954,0.35799864971079187,0.0971003331060619
SG_019409,0,0.09747523092613652,0.36321760547049325,0.09951865864885209
SG_019410,0,0.12914540759042759,0.5082010387990998,0.15796431955982068
SG_019412,0,0.1383149008964285,0.4133629048717189,0.13074537236225292
SG_019413,0,0.1539496804071335,0.4294321928784506,0.14215662618218672
SG_019414,0,0.24639701676028727,0.7184996210213154,0.32347748560474276
SG_019415,0,0.10030448579259514,0.5346754651188391,0.15139296263696
SG_019416,0,0.15295695445930366,0.46660995213863665,0.15436451437812299
SG_019417,0,0.2249567999286908,0.4767921375274852,0.18653227594977342
SG_019418,1,0.15990850561249437,0.5177388341172,0.17618633762525673
SG_019420,0,0.09483661655522353,0.30177384131155655,0.08318695677318774
SG_019422,1,0.21493798641217024,0.5241894987912133,0.20240365257643717
SG_019423,0,0.07018804799665522,0.2710936940530296,0.06670553224890656
SG_019424,0,0.11762519944161569,0.3853363335791271,0.11398198402331487
SG_019426,0,0.16904725423196096,0.43544894616215535,0.15008018337557014
SG_019429,0,0.22725904600932656,0.5724680049534433,0.2294548133435537
SG_019430,0,0.1760300465946982,0.5100195197838328,0.18033623173151087
SG_019434,0,0.20799196320631344,0.5475878707963818,0.2097483980108442
SG_019435,0,0.35636323022437616,0.7306223445324761,0.3835588950189989
SG_019438,0,0.13512974002620848,0.4923299315681335,0.15530947971333103
SG_019439,1,0.23347656766876435,0.5394863243906822,0.21663824944831853
SG_019441,0,0.24787457117115597,0.6134705277962972,0.2591845152991106
SG_019443,0,0.20065906833648192,0.5234336242476669,0.1962206015779227
SG_019444,0,0.20886072850216145,0.554234193167204,0.2130964933032101
SG_019445,1,0.20423109159556604,0.5568232513930786,0.21226069337045017
SG_019448,0,0.23888566751634058,0.6287517568913373,0.2635261585842746
SG_019450,1,0.21208453932582771,0.605170804701646,0.23883466963590308
SG_019451,0,0.09753188888755632,0.3794472030805053,0.10376216096246056
SG_019453,0,0.2991173329165114,0.6366859605438143,0.2942278278722609
SG_019454,0,0.18810333180082273,0.5770804681398976,0.21419340265210365
SG_019457,0,0.12304751053997122,0.4299548418787883,0.1294178751614879
SG_019459,0,0.1298388351709807,0.4664567026215215,0.14406233982659608
SG_019460,0,0.1357353783946035,0.3633050141444989,0.11467831156090645
SG_019461,0,0.15669520707349946,0.49609877732144037,0.16656688650111412
SG_019462,1,0.2671593723946642,0.6081077697193049,0.2645430043565382
SG_019463,0,0.321450082311586,0.6938099198046321,0.3407475508848349
SG_019464,0,0.1659204436945263,0.48028610868709776,0.16474440633400467
SG_019465,0,0.09822192192223946,0.2682345331263515,0.07636071686636142
SG_019467,1,0.16261022200546713,0.5050561834502749,0.1725475962895575
SG_019469,0,0.1480369454708749,0.49373195784076446,0.16180802095025998
SG_019472,0,0.2025506927874422,0.6811778860584279,0.2762937942241509
SG_019474,1,0.12648898959942134,0.326606015471865,0.10099632479053981
SG_019475,0,0.11936451527461839,0.39987811982027577,0.11887586569515546
SG_019476,0,0.2210647628696175,0.568511311493424,0.22492329234144512
SG_019477,0,0.2726275629619825,0.66501171207402,0.3000563011240428
SG_019479,0,0.19217917929104558,0.5307003391490968,0.19568907526953172
SG_019480,0,0.20511296502250198,0.5663991152517882,0.21700426366561656
SG_019481,0,0.19465716748442405,0.565009391229192,0.21170947349738833
SG_019482,0,0.2340319600673548,0.6306981827222807,0.26239547359684506
SG_019483,1,0.20320234084662556,0.546856401988532,0.20737525638529236
SG_019484,1,0.2793879322958818,0.6932056517683083,0.321543766807106
SG_019486,0,0.20543158817593155,0.5567853754777077,0.21276582038131941
SG_019487,1,0.12317301481178093,0.3383612319329429,0.10304392669807969
SG_019490,0,0.1180235468896848,0.45015211687284906,0.13334493740244546
SG_019492,0,0.17607121650714064,0.5010258985849877,0.17684632823360563
SG_019493,0,0.10450231058405068,0.3888412474966219,0.10936840725598067
SG_019494,0,0.10940602481985483,0.3685938498119285,0.10596194645587603
SG_019495,0,0.19070310312543484,0.48198431564926764,0.17550287449963362
SG_019497,0,0.10560996706631377,0.31420279493314035,0.09026245878736362
SG_019499,1,0.16699212739504057,0.4468382456471437,0.15322935814633976
SG_019500,0,0.20591807845449894,0.5421241558346399,0.2064539787989908
SG_019501,1,0.16914200321568704,0.5005550355343588,0.17369596672417656
SG_019502,1,0.15666064294316204,0.5096983993903653,0.17163087471836078
SG_019503,0,0.18678735899115373,0.5513154500075185,0.20211245090113808
SG_019504,1,0.15405312784500555,0.4672279264204944,0.155047312906385
SG_019505,0,0.12717787586299736,0.4261066077582387,0.13004221313711678
SG_019506,0,0.11993589039339837,0.39416774104206304,0.11746329863348759
SG_019507,0,0.3191017956704459,0.6678535920387105,0.32214200408819466
SG_019508,0,0.13332078694801583,0.42917703099729776,0.1336240150962627
SG_019509,0,0.12712456197679803,0.5033116402127119,0.15523605324878417
SG_019511,1,0.2623593873920915,0.7054174043783854,0.32199944727457214
SG_019512,0,0.16678119954801798,0.47023643086755496,0.16144768740204388
SG_019513,1,0.11744983096378465,0.5767016329398986,0.17717913492927695
SG_019514,0,0.18741554920610945,0.6743327695747356,0.2641347817221619
SG_019515,0,0.2618251078635571,0.6372757559263716,0.2785707126383117
SG_019517,0,0.26185049325878945,0.6146314561943563,0.26584743915534265
SG_019518,0,0.11086620705063761,0.4353359297158427,0.12548101254548244
SG_019520,0,0.414501349208718,0.7262208138473257,0.40487371096388014
SG_019521,0,0.21381633881860848,0.5821247510418077,0.22825212727258998
SG_019522,1,0.11178267716319075,0.3658340940114992,0.106183499552281
SG_019524,0,0.2409781861254813,0.6228251361567908,0.2612112584848396
SG_019525,1,0.2821096625753113,0.5731112234509109,0.2521939906580439
SG_019526,0,0.1330856406480302,0.4399120200876059,0.13691933172413315
SG_019528,0,0.1380121438527122,0.4183668093565345,0.1321855303211462
SG_019529,1,0.3539797673749039,0.7663146690105267,0.412723292057669
SG_019531,0,0.21255917668572458,0.5497653582781475,0.21266175144046576
SG_019533,1,0.16722773695902668,0.5126530115585215,0.17751389763356104
SG_019535,0,0.14594496116312683,0.5030182618773332,0.16421238672628305
SG_019536,0,0.28451689453106416,0.8323793606323251,0.4470337322101465
SG_019537,0,0.2041690694339667,0.5573090347737776,0.2124525072231245
SG_019538,0,0.11199746771405446,0.368986271825779,0.1071294571975471
SG_019539,0,0.2258861643330744,0.4922769888834768,0.19321658583904372
SG_019542,1,0.2752069722213962,0.6392347756154446,0.28555401760661064
SG_019544,0,0.21201049774968725,0.526023162916666,0.20200120050492437
SG_019545,0,0.2007546337186842,0.5840082833250033,0.22326857365441466
SG_019546,0,0.12500570415433973,0.39823203180964006,0.12074325065311194
SG_019547,0,0.19624181655314024,0.5534516645510282,0.20725568925596027
SG_019548,0,0.3119777373455233,0.6631050596226187,0.3160280657195383
SG_019549,0,0.1477945810656728,0.587795938190042,0.19890354342605363
SG_019550,0,0.2984389919999828,0.6222273955559885,0.2854657894554254
SG_019551,0,0.09590595743080559,0.26065072042576776,0.07378489347319454
SG_019552,0,0.15710051786455792,0.4039174824661054,0.13503974404304162
SG_019554,0,0.1233982514949468,0.39138327196687217,0.11808240668747515
SG_019555,0,0.318705186096297,0.7039317098235595,0.3467537090225414
SG_019556,1,0.11309241264998741,0.4149299522324803,0.1205175541785612
SG_019557,0,0.12404164762546233,0.39313884794012954,0.11885588733106539
SG_019559,1,0.1522086591437655,0.5005738693139972,0.16619951919256895
SG_019560,0,0.1490194112566894,0.4430917475938254,0.14469636756768953
SG_019561,0,0.14092807743794153,0.434718781270634,0.13858950105347734
SG_019565,0,0.1148146550221827,0.3741092935614354,0.10968521641789816
SG_019566,0,0.25195342392170145,0.6424919592144132,0.2771960063761845
SG_019568,0,0.15708515376113574,0.5294753735182957,0.17944762456342164
SG_019569,0,0.12249062720648363,0.3537188292778748,0.10703161858900376
SG_019571,0,0.13878626282622145,0.4360328466332708,0.1381144291397832
SG_019572,0,0.15433089872725722,0.46616276146041047,0.15479301373145773
SG_019573,0,0.12203287671703743,0.5309933862826246,0.1624395413852753
SG_019574,0,0.11385040543312526,0.35764290103815216,0.1047840566394334
SG_019575,1,0.17070246719940996,0.3603530513662437,0.12589043894606827
SG_019576,0,0.23133913462791447,0.6042690429646205,0.24706580997093688
SG_019578,0,0.1800190103591197,0.5133030689585604,0.18335248239155458
SG_019579,0,0.24698142969512257,0.672645103620052,0.2930492749087578
SG_019580,0,0.2775748953630464,0.6007784638865487,0.2649087069631407
SG_019581,0,0.2376091394537457,0.4703234527451269,0.1884959961127258
SG_019582,0,0.19875463549250352,0.550784599094652,0.2071808545641344
SG_019584,0,0.13809675868090013,0.3852827213928588,0.12206887431600658
SG_019586,0,0.3135869305231655,0.6129050141954271,0.28627607580255715
SG_019589,0,0.1556319681624987,0.5120422983446357,0.1720476365738848
SG_019590,0,0.2719256865704924,0.5976874921545022,0.26092518470895015
SG_019592,0,0.20793233830829883,0.6525164466326058,0.26216846262389476
SG_019594,1,0.24425604780693755,0.5653395311408321,0.23312339005011615
SG_019595,0,0.21524613776806256,0.6270707756482827,0.25170011705174816
SG_019596,0,0.20801912951292287,0.4622688962850852,0.17454587055542992
SG_019597,0,0.11569903627849032,0.38477571925321813,0.11302744933390892
SG_019600,0,0.26606678867888056,0.6658161634514769,0.2976021534488511
SG_019601,0,0.09607343286593399,0.3413711183465005,0.0933826654595342
SG_019603,0,0.09534047663104095,0.34663328716054065,0.09439601491218612
SG_019604,0,0.10367245543369581,0.340989073035998,0.09635969601474587
SG_019605,0,0.22665042564156912,0.6634791803941618,0.2777326909087571
SG_019606,0,0.12288983244001528,0.40083339573942356,0.12063251034852414
SG_019607,0,0.09479590985730545,0.19059303840272507,0.057130040270117456
SG_019608,0,0.08810194438364179,0.4100665733919061,0.10732572488167658
SG_019610,0,0.09953945925358255,0.38476535550764457,0.106066351689177
SG_019611,0,0.11572300529038078,0.4973525771310221,0.14738920351494716
SG_019612,0,0.08401491089256412,0.3012774054534099,0.07887696591681892
SG_019613,0,0.2237793296171087,0.5849777794668585,0.2340243271687621
SG_019614,0,0.3333976301627241,0.6091499533853694,0.29199654616305437
SG_019615,0,0.10384352139141023,0.29517277974540657,0.08485641730691752
SG_019616,0,0.2180227855477089,0.5820537563655398,0.23007601033625788
SG_019617,0,0.1010309857554169,0.3729944667065644,0.10360358817170144
SG_019618,0,0.11990942006842824,0.4014654858801989,0.11956715235074493
SG_019619,0,0.13837774782444826,0.375113608188198,0.11913324422625222
SG_019622,0,0.12825577133101165,0.43505318681705,0.13328284562813603
SG_019623,0,0.17775439754787595,0.7096398775197496,0.2805326365221339
SG_019626,0,0.11235661913154034,0.533510470972028,0.15801358628252044
SG_019628,1,0.2556194449579954,0.5273601288381516,0.219775030217579
SG_019629,0,0.13003055452628842,0.45444248289521744,0.1402309832390338
SG_019630,1,0.13865375646223774,0.4390218055393131,0.13902183978358637
SG_019631,0,0.23676994426135836,0.6169302502640123,0.2561440367009443
SG_019632,0,0.1790207580002375,0.654831201040465,0.24852570841299715
SG_019633,0,0.24416133681638444,0.5734388211046726,0.23703178940067815
SG_019634,0,0.3064985526629873,0.6337797346310386,0.2955725145612274
SG_019636,0,0.13876646857389224,0.4901913200337443,0.15627486059326123
SG_019637,0,0.25598311842343097,0.64207664769907,0.2787620862227102
SG_019640,0,0.1564028349116642,0.4761586763052201,0.1592060526358469
SG_019641,0,0.11440890536270347,0.41636338519524974,0.12152284958646208
SG_019643,1,0.19181226980848165,0.5020262902856903,0.18380387888393168
SG_019644,0,0.2529703861765247,0.5825723188495969,0.2452388332843853
SG_019646,0,0.27192122224524734,0.6122724025159143,0.26882085208332196
SG_019649,0,0.1897697351737239,0.622527505599115,0.23698153629562183
SG_019651,0,0.23898672729239354,0.5849318598773816,0.2405547661089519
SG_019653,0,0.10971047276749472,0.41450869501464577,0.11887197517977718
SG_019655,0,0.2486730436599045,0.5881234494209762,0.2462615304330954
SG_019656,0,0.16373979425544916,0.46441977155658226,0.1581100162337458
SG_019658,0,0.16567683807856526,0.49238451485335744,0.16911644679950258
SG_019659,0,0.15995695606496932,0.491720840525391,0.16638970452515348
SG_019663,0,0.12338592303086222,0.4070704542945554,0.12267984691095048
SG_019664,0,0.15771578954887017,0.4408174689645425,0.1474695680411535
SG_019668,1,0.2673637404296556,0.6259027038034226,0.2744828462675658
SG_019669,0,0.10551233675366632,0.3049517328284566,0.08789298355205906
SG_019670,0,0.10075552649635865,0.20609591117755244,0.062375993306434244
SG_019671,0,0.15261291684727618,0.45927147664042345,0.15167646528549336
SG_019672,1,0.08548315124576367,0.30018861230103794,0.07920985165342184
SG_019673,0,0.10475370397175787,0.3481388478395591,0.09864245107331263
SG_019674,0,0.1103186836598314,0.38235070386178543,0.1100993492355981
SG_019675,0,0.1269080402343558,0.3998698571257539,0.12200740752600031
SG_019677,0,0.16098975184915373,0.5678764287993069,0.19708315910788418
SG_019678,0,0.180316348852249,0.4802681574429941,0.17068289294340624
SG_019681,0,0.07919385969114079,0.21703441000473234,0.05849413084272258
SG_019682,1,0.19876653384651213,0.5465331800854958,0.20531820049221747
SG_019684,0,0.18070384810565918,0.4779332883601012,0.16996099530161202
SG_019685,0,0.22636432069478987,0.5579007465000693,0.22219026042135134
SG_019686,1,0.15438267944551373,0.42832576407408207,0.14196209260734854
SG_019687,0,0.13693231071860354,0.4835858564619583,0.1531228325098358
SG_019688,0,0.10123949510237618,0.29394067957931774,0.08362825483735677
SG_019692,0,0.1996428772703491,0.5876603753989923,0.22449592144813044
SG_019693,1,0.15510321105323333,0.5453975445922032,0.18483955853277365
SG_019694,1,0.17182438045998408,0.5376785651367983,0.18957826406500106
SG_019696,0,0.10869083267955822,0.24687198404719451,0.07451554613295971
SG_019697,1,0.10635681210957919,0.4010385555309678,0.11355203710101866
SG_019699,0,0.1468113289205837,0.5263715858614025,0.17334052648829817
SG_019700,0,0.1210264550907408,0.46603123626164855,0.1397812003043614
SG_019701,0,0.22687479476231018,0.5443060818381527,0.21615144012863222
SG_019702,0,0.11730399143192143,0.41089072611772687,0.12119979536960447
SG_019703,1,0.22562762587233198,0.5524248549237496,0.21934857436133015
SG_019704,0,0.19683144880710235,0.4935544870246215,0.18246525176738673
SG_019705,0,0.09960258384003835,0.2597612471724715,0.0747940790132726
SG_019706,0,0.1957250524475851,0.5356807910464586,0.19931859406109198
SG_019707,0,0.19628780176159824,0.5370177313390133,0.2001312863448747
SG_019708,1,0.11331456701482716,0.5111237685856667,0.15075782884410016
SG_019709,0,0.12437935266797674,0.41562877879314003,0.12565556462085517
SG_019712,0,0.11539550819341604,0.4076306874533085,0.11941969401166046
SG_019713,0,0.25710690855170143,0.6451431467279755,0.2810555958599612
SG_019714,0,0.19720110828931003,0.5777149296304592,0.21868657473190106
SG_019715,0,0.2759736975392116,0.5962755650404172,0.26183567774924343
SG_019717,0,0.16676028365253268,0.4455800436317141,0.15269946580032026
SG_019718,0,0.136999039173865,0.5323820485624794,0.17076319339235846
SG_019719,1,0.17797532945534034,0.5526067261779601,0.1986592926704719
SG_019720,0,0.10805784981026045,0.2748214719962408,0.08123563431941583
SG_019721,0,0.24683214620778338,0.5774601962169507,0.24012782431994228
SG_019722,0,0.20959037171608597,0.601295519652664,0.23573875981569245
SG_019723,0,0.09149515559969179,0.2917126201434303,0.07954095761015786
SG_019725,0,0.11127600422817517,0.29980129757140767,0.08861932759681383
SG_019726,0,0.09833613576180529,0.38765866901106427,0.10629382705241432
SG_019730,1,0.14933884092849553,0.40871871413877303,0.13363224375391283
SG_019731,0,0.10574797973101951,0.43471369061505605,0.12285777180750666
SG_019732,0,0.09551175372035274,0.3138773061832163,0.086373591020441
SG_019734,1,0.2820543622773268,0.5975080692315551,0.2649790659359336
SG_019735,0,0.18290840879088166,0.4885430555009317,0.17488510851296213
SG_019736,0,0.2735219537337533,0.6998756306251447,0.32341309309197147
SG_019737,0,0.20141900959363282,0.5107012924569942,0.1912405857649659
SG_019739,0,0.21464573838311218,0.530172094975884,0.2048713441253943
SG_019741,0,0.22393712191004214,0.5368281638344271,0.21158966383252853
SG_019742,0,0.22089558819723432,0.5558289421667976,0.21893854473481444
SG_019743,0,0.22105382607608703,0.6054830860251421,0.243087197171971
SG_019744,0,0.16416910993891015,0.5705378830810973,0.19980302101994216
SG_019745,0,0.15874076729786044,0.45200412202575424,0.15171080483411517
SG_019748,0,0.20942916851419216,0.5354629342815344,0.20501909457058842
SG_019749,0,0.19072085483382703,0.48818764439271833,0.17791107575570636
SG_019751,0,0.07891109745382806,0.3192823296118993,0.08086395122439956
SG_019752,1,0.1597021637069948,0.4852978555200656,0.1639235743061902
SG_019753,0,0.16610551999400036,0.41214000422513714,0.14108015035160254
SG_019754,0,0.10699935939573711,0.3266533698655204,0.09395765563853545
SG_019757,0,0.18908359788655824,0.5571128391335708,0.20567762967985773
SG_019758,0,0.13175455018439064,0.43596916182981826,0.13509208146061205
SG_019759,0,0.10667518124236564,0.18213469297267004,0.058134682719990366
SG_019760,0,0.08857121221113384,0.2891450186089629,0.0778452099975265
SG_019762,0,0.0823577431113782,0.35992161625537367,0.0919169029308782
SG_019763,0,0.18022060501552994,0.5154927250063498,0.18431323386402962
SG_019765,0,0.11081510666354279,0.382324447276294,0.11030165448987893
SG_019768,0,0.16753941916014772,0.5410813071898292,0.18899906226187527
SG_019770,0,0.25080481555388484,0.6239047502421492,0.26616080301634804
SG_019771,0,0.23983998824194971,0.6132113600131023,0.25551990858303186
SG_019772,0,0.14364512427687862,0.4338843795532425,0.13944750403607203
SG_019773,0,0.2663746728380569,0.6355315030411668,0.27955670989662523
SG_019774,0,0.07956675905339565,0.10821795434195042,0.03471177299573556
SG_019775,0,0.09200090181846692,0.30276291725533766,0.0823473776325784
SG_019776,1,0.30107255271622974,0.7127925234414889,0.34530395707345113
SG_019777,0,0.15909296071552326,0.43977387010749613,0.1476656931412148
SG_019778,0,0.09810282788029234,0.4341511780775206,0.11893687672550864
SG_019780,1,0.0815849779836476,0.07338862309807823,0.02666502087641958
SG_019781,0,0.18810312315089317,0.5483072173066948,0.2014006771508797
SG_019785,1,0.23323332710882727,0.5375740055388081,0.21567428412456724
SG_019786,0,0.1238073491794931,0.45270195315940537,0.1368362327882944
SG_019787,1,0.18749228084745737,0.49207813651342297,0.17812068012861498
SG_019788,0,0.1686511187986308,0.5020054424772068,0.17403711530774402
SG_019789,0,0.16957068064196543,0.5467950176274793,0.19230773367814125
SG_019790,0,0.22195127704036396,0.6463217842614354,0.265489551184681
SG_019794,0,0.1924951110775095,0.5940839013035704,0.2242278790332734
SG_019795,1,0.10024347304285325,0.3908937848583565,0.10802287872324874
SG_019796,1,0.15461125277171106,0.48787515475541354,0.16263714062512624
SG_019798,0,0.19432996298888128,0.5396338326288995,0.20040700277564175
SG_019799,0,0.1425991492677218,0.49391011248352196,0.1593730885838752
SG_019803,1,0.10925019204574073,0.14878852798714723,0.05046342027477755
SG_019805,0,0.17401812706975064,0.6196256856406668,0.22752674388564276
SG_019806,0,0.25894875110615984,0.702883438281092,0.3186084267547604
SG_019808,0,0.2520318362821999,0.6202133201937995,0.2646645071572009
SG_019810,0,0.23050069752472432,0.6184496008118351,0.2541394272107487
SG_019813,1,0.25229461828538335,0.5220089549469282,0.21607855981898666
SG_019814,0,0.20363066895421636,0.5391998082400374,0.2042067977247179
SG_019815,0,0.09368641348713698,0.2808423630244018,0.07777871661662934
SG_019816,0,0.2592174415438819,0.5692252305104559,0.24110972241128864
SG_019817,0,0.16971228755199563,0.46257272364053176,0.159883766269216
SG_019818,0,0.1565055414880835,0.4381753762575887,0.146092390499693
SG_019820,0,0.27551907233023215,0.615864778565275,0.2723211617405966
SG_019821,0,0.23416854480490978,0.6204961316512044,0.2568931133873783
SG_019822,0,0.10549607234628043,0.4885181494190984,0.139103680809193
SG_019823,0,0.39211054395627,0.660691822048454,0.347499897885407
SG_019824,0,0.10278749245811447,0.30317370798568294,0.08646471890431974
SG_019825,1,0.30869884814086973,0.5949569765511918,0.2742698261347355
SG_019826,0,0.1282355480857609,0.460245309488667,0.14129304028088285
SG_019827,0,0.11551855934799933,0.41727471360051094,0.12228376872323454
SG_019829,1,0.21743966356958686,0.5373613825289494,0.20916940773143788
SG_019831,0,0.126045761475539,0.4749704409868267,0.14509090685303616
SG_019833,0,0.27485493738823324,0.5785153446190082,0.25208417829488766
SG_019834,0,0.12081926166571388,0.35140980814236644,0.1057628940739541
SG_019836,1,0.21806258061807507,0.6161579970806398,0.24724234806446804
SG_019837,0,0.12604192262984915,0.49940653954779407,0.15334061672626706
SG_019840,0,0.0810430358800797,0.2297596981412268,0.06185122465984486
SG_019841,0,0.18990070104565115,0.552043323693594,0.20382363368320452
SG_019843,0,0.13208793545468356,0.5163029709270247,0.16233822372594492
SG_019844,0,0.11219143622389581,0.3344699615770858,0.097947736265302
SG_019845,0,0.11977107300762119,0.49404258379013055,0.1483593250814269
SG_019847,0,0.12767075466726116,0.3391127413785896,0.10486869220150118
SG_019848,1,0.17629853487309863,0.5864027642231622,0.21283534618755828
SG_019850,0,0.22034432254792954,0.6112797975091225,0.2457507105716796
SG_019855,0,0.07770869210971638,0.2655381847452461,0.06845240736699147
SG_019856,1,0.22275970618845997,0.5628534173383348,0.22298568918961822
SG_019860,0,0.0850088710023577,0.2647454016058211,0.07095993695293883
SG_019861,1,0.1727909443426622,0.5004806262783922,0.17523726658278413
SG_019862,0,0.09874988160890012,0.45102387514673353,0.12411851511603642
SG_019863,0,0.10561801233065672,0.3356962710878363,0.09575872134004881
SG_019866,1,0.11501751248274757,0.4531489952900632,0.13284636238774328
SG_019867,0,0.2622614046205746,0.5967429649482487,0.2564166692176797
SG_019870,1,0.24585240104208586,0.5528493733127935,0.22779937854613766
SG_019871,0,0.14619068924988912,0.4345029077341793,0.1406965879759018
SG_019872,0,0.12855956740552066,0.465262058086036,0.14307815300813076
SG_019874,0,0.1832837293669031,0.6072173965039801,0.22611702594591795
SG_019875,1,0.11196382544445804,0.30174312573883233,0.0893548241430076
SG_019876,0,0.19370724006224038,0.5680939248600676,0.21267524086935916
SG_019877,0,0.21154702716024462,0.5470874147768573,0.2110337274448857
SG_019879,1,0.2193264208400886,0.6234807157653227,0.2516953066056167
SG_019880,0,0.2309639290733534,0.5185433694755441,0.2063285750244107
SG_019881,0,0.26751233894566534,0.6006743065860098,0.26068981503209093
SG_019882,0,0.114895342574933,0.43190013497367175,0.12633263448072402
SG_019884,0,0.3011224267793448,0.7106314016023383,0.34374587653575656
SG_019885,0,0.10516141553471987,0.31258651140405636,0.08968881580721376
SG_019886,0,0.22412828240731777,0.5212910838970107,0.20483433498815906
SG_019889,0,0.25570659606263857,0.6146311486820741,0.2632090116668946
SG_019890,1,0.14880646268605627,0.4200036739280798,0.1370408364738998
SG_019891,0,0.14347107888899377,0.4235294200077868,0.13603923817678645
SG_019892,0,0.09104149276785715,0.4224708219112747,0.11213013874903999
SG_019893,0,0.09998865470570097,0.2617485902620926,0.07539631902784626
SG_019894,1,0.21569965252603931,0.6037616831227978,0.23977864247015798
SG_019896,0,0.299382346932837,0.7515700224972313,0.37482853987699605
SG_019897,0,0.1753778709198758,0.5104814096467237,0.1802360341457801
SG_019898,1,0.19920037239968735,0.5985584194695617,0.22955645304641942
SG_019899,0,0.10876770994696554,0.42166110569270804,0.12049828586122138
SG_019901,0,0.11344059376631332,0.4539622994408515,0.13233832368136164
SG_019902,0,0.16340932061009883,0.48405237612410357,0.16506053676409105
SG_019904,0,0.13145119231403055,0.437065494630843,0.1353070180395108
SG_019905,0,0.10298273143905866,0.35793469399104777,0.1004755459532544
SG_019907,0,0.23213550287099508,0.4863035229120466,0.19307607806126015
SG_019908,0,0.19509325527599,0.5357339870145293,0.19906989712844592
SG_019911,1,0.09781503886916859,0.4272173236400265,0.11683921446762366
SG_019912,1,0.14390225666631584,0.5343894140859001,0.17499154031930245
SG_019915,0,0.11364656251179728,0.3836784505907735,0.11186565648795142
SG_019916,0,0.11041207235502425,0.32695047043155095,0.09531223711274175
SG_019917,0,0.1394839187730496,0.3013927571824804,0.09829843284975466
SG_019918,0,0.0646090491602071,0.20484833414817077,0.051171601180297434
SG_019919,0,0.1275255527687943,0.5497829744893485,0.1724145118729516
SG_019920,0,0.17202975482881003,0.6085193189202793,0.2210843037585708
SG_019922,0,0.1278094925831994,0.4903545244606722,0.15110640240324927
SG_019924,0,0.12214667093802928,0.44331656854736623,0.13313030468629877
SG_019925,0,0.11686313070831693,0.41183515047685276,0.12128359209523491
SG_019926,1,0.14017629213910612,0.4920195472683657,0.15757594143953296
SG_019927,0,0.2016496244367072,0.5050079640871092,0.18900312472784736
SG_019929,0,0.10872676058235514,0.3070130572965859,0.08956501484789607
SG_019931,0,0.10646122140985854,0.45020920844813805,0.1277822942301337
SG_019932,0,0.2157478071373552,0.5459286378647045,0.21228160105194038
SG_019934,0,0.15210186219593916,0.4489169799608374,0.14792774441351986
SG_019935,0,0.18342452648326413,0.5814875356604289,0.2140118829101677
SG_019936,0,0.14160498699845203,0.40158291090308895,0.12839344712581666
SG_019937,0,0.09608122830877357,0.370237556604126,0.10072023929974273
SG_019938,0,0.12208725936945186,0.39132538927352484,0.11752993637657551
SG_019940,0,0.13002320554560395,0.44315395887290665,0.13661106958047686
SG_019942,0,0.1985717080401753,0.523886594098934,0.19553948739545735
SG_019943,0,0.32284194720937426,0.6140529387920014,0.29064328348537133
SG_019946,0,0.20178321205103092,0.6275199714787466,0.24548612582358192
SG_019948,0,0.19885034694661333,0.5223209225429013,0.19500050060977198
SG_019951,1,0.24014609309552518,0.5501963526091532,0.22425496396884664
SG_019952,0,0.07232544265931035,0.23487434775562885,0.05995723901770323
SG_019953,0,0.14008827432122697,0.4804341604430227,0.15348738237271903
SG_019956,0,0.12250793186223863,0.4124700611144716,0.12391099539165652
SG_019957,1,0.10542164620511846,0.28646749760596446,0.0832458798946291
SG_019958,0,0.12112596959530501,0.5936250857472972,0.18627069032349916
SG_019959,0,0.11165949037092728,0.3936679588692169,0.11382026465400873
SG_019962,0,0.11744709511237932,0.4876108151415237,0.1450403730823965
SG_019963,0,0.116203339733238,0.36594415483620213,0.1079855742651106
SG_019964,0,0.15949250697071962,0.5101409849555651,0.17308379233102386
SG_019965,0,0.18696979204493802,0.6585601573150134,0.2548354433691443
SG_019967,0,0.15725471828989152,0.48855427552371966,0.164045993735573
SG_019969,0,0.1289153303628745,0.4285103646274263,0.1315332323989288
SG_019971,0,0.11088238131178847,0.22998648643357084,0.07098640363229133
SG_019972,0,0.1998496237119702,0.5687194586267573,0.21572983094817869
SG_019975,0,0.11941914809287794,0.5450608820052649,0.1661729274563199
SG_019977,0,0.1713094542762569,0.5329920652257425,0.1874284140930065
SG_019979,0,0.2242272730620667,0.6370011595094686,0.26134117329437406
SG_019982,0,0.1800449314284318,0.40456135871673227,0.14357087057852494
SG_019986,0,0.14684626633730968,0.3763928734574999,0.12263491863436712
SG_019987,0,0.31150767020501263,0.674440434603588,0.32322195577699575
SG_019988,0,0.15731165534311717,0.16357294926152086,0.06402615945744725
SG_019990,0,0.10880298982733715,0.6016269320739784,0.18188486846780608
SG_019991,1,0.11647017978755032,0.3803920917099481,0.1121132542512977
SG_019992,0,0.16139658328565207,0.4919715844677668,0.1671102682430518
SG_019993,0,0.19070457434267138,0.4981426495423437,0.18180875348961806
SG_019995,0,0.12298706319103803,0.35316033691073123,0.10706294478483755
SG_019996,0,0.16474720297164946,0.47110862164913225,0.1609203344216721
SG_019997,1,0.1251816889841595,0.3903496374057705,0.11850501307315481
